mol_id,ligand_pdb,pose_index,label,ligunity_rank,ligunity_score,formal_charge,aimnet_complex_eV,aimnet_pocket_eV,aimnet_ligand_eV,aimnet_interaction_kcal_mol,error
1001,3r88,1,1,1,0.81591796875,-1,-445886.4265453541,-426717.0892104822,-19166.20486577329,-72.23645347587188,
1002,3r88,2,1,1,0.81591796875,-1,-445887.8488450242,-426717.0892104822,-19166.12066715863,-106.97712922861437,
1003,3r88,3,1,1,0.81591796875,-1,-445873.42081958754,-426717.0892104822,-19166.169807186634,226.87423742073642,
1004,3r88,4,1,1,0.81591796875,-1,-445887.1203198388,-426717.0892104822,-19166.13106713689,-89.93711014938175,
1005,3r88,5,1,1,0.81591796875,-1,-445879.2223093929,-426717.0892104822,-19166.155436888523,92.7573173289768,
1006,3r88,6,1,1,0.81591796875,-1,-445888.054146725,-426717.0892104822,-19166.20502816591,-109.76608787618937,
1007,3r88,7,1,1,0.81591796875,-1,-445886.27070790227,-426717.0892104822,-19166.17397012516,-69.3552270360962,
1008,3r88,8,1,1,0.81591796875,-1,-445887.6856109986,-426717.0892104822,-19166.18398874143,-101.75263278501392,
1009,3r88,9,1,1,0.81591796875,-1,-445882.1883187069,-426717.0892104822,-19166.21219024646,25.668281202753565,
1010,3r88,10,1,1,0.81591796875,-1,-445875.6407192924,-426717.0892104822,-19156.082098323073,-56.94595865173767,
1011,3r88,11,1,1,0.81591796875,-1,-445885.35261496884,-426717.0892104822,-19164.38838935154,-89.35997186737887,
1012,3r88,12,1,1,0.81591796875,-1,-445888.16001043917,-426717.0892104822,-19165.00477609092,-139.88583350479163,
1013,3r88,13,1,1,0.81591796875,-1,-445886.7634255611,-426717.0892104822,-19165.862898878233,-87.89103954258242,
1014,3r88,14,1,1,0.81591796875,-1,-445884.92355780775,-426717.0892104822,-19165.40274370172,-56.07411167245197,
1015,3r88,15,1,1,0.81591796875,-1,-445848.55907345004,-426717.0892104822,-19166.35378489527,804.4423501269221,
1016,3r88,16,1,1,0.81591796875,-1,-445884.4585899461,-426717.0892104822,-19166.24189677274,-26.00036852763575,
1017,3r88,17,1,1,0.81591796875,-1,-445877.9370197357,-426717.0892104822,-19166.27678152951,125.19507484214782,
1018,3r88,18,1,1,0.81591796875,-1,-445867.9095170706,-426717.0892104822,-19147.955002871215,-66.07547342009346,
1019,3r88,19,1,1,0.81591796875,-1,-445887.29529207107,-426717.0892104822,-19166.244643850103,-91.35292445283501,
1020,3r88,20,1,1,0.81591796875,-1,-445883.92038326396,-426717.0892104822,-19165.563987822236,-29.22197936943863,
1021,3r88,21,1,1,0.81591796875,-1,-445887.5441267318,-426717.0892104822,-19166.248692723362,-96.99781881334533,
1022,3r88,22,1,1,0.81591796875,-1,-445877.80918039696,-426717.0892104822,-19156.064086823902,-107.36721471050043,
1023,3r88,23,1,1,0.81591796875,-1,-445886.24573916936,-426717.0892104822,-19166.010084714995,-72.55872171653418,
1024,3r88,24,1,1,0.81591796875,-1,-445886.75796142145,-426717.0892104822,-19166.34989745396,-76.53457954032022,
1025,3r88,25,1,1,0.81591796875,-1,-445886.6810929169,-426717.0892104822,-19165.86488632095,-85.9465721450739,
1026,3r88,26,1,1,0.81591796875,-1,-445884.3591411544,-426717.0892104822,-19166.38544225999,-20.396787335186666,
1027,3r88,27,1,1,0.81591796875,-1,-445887.63910101785,-426717.0892104822,-19165.855302100357,-108.2597811571578,
1028,3r88,28,1,1,0.81591796875,-1,-445885.0652108871,-426717.0892104822,-19165.879695875174,-48.34193087568323,
1029,3r88,29,1,1,0.81591796875,-1,-445868.3820837044,-426717.0892104822,-19148.773800579256,-58.09119517155345,
1030,3r88,30,1,1,0.81591796875,-1,-445884.61806820607,-426717.0892104822,-19166.343649786886,-27.331544320000297,
1031,3r88,31,1,1,0.81591796875,-1,-445887.52235663496,-426717.0892104822,-19166.265447194983,-96.10942115948512,
1032,3r88,32,1,1,0.81591796875,-1,-445887.3880197613,-426717.0892104822,-19166.30199542577,-92.16871703495366,
1033,3r88,33,1,1,0.81591796875,-1,-445879.58717079123,-426717.0892104822,-19165.91600266116,78.82192914833834,
1034,3r88,34,1,1,0.81591796875,-1,-445884.40337189566,-426717.0892104822,-19165.47344399561,-42.44795205715354,
1035,3r88,35,1,1,0.81591796875,-1,-445884.5121886867,-426717.0892104822,-19166.24343482814,-27.200916448881923,
1036,3r88,36,1,1,0.81591796875,-1,-445887.14634592837,-426717.0892104822,-19165.439635629475,-106.48207538081773,
1037,3r88,37,1,1,0.81591796875,-1,-445886.82411162945,-426717.0892104822,-19165.99737075331,-86.1894984179454,
1038,3r88,38,1,1,0.81591796875,-1,-445886.1535693962,-426717.0892104822,-19165.87453226926,-73.55914991196225,
1039,3r88,39,1,1,0.81591796875,-1,-445884.8314565866,-426717.0892104822,-19166.35038754979,-32.097020772099036,
1040,3r88,40,1,1,0.81591796875,-1,-445886.6668933993,-426717.0892104822,-19165.89422993663,-84.94244363844844,
1041,3r88,41,1,1,0.81591796875,-1,-445884.2744266561,-426717.0892104822,-19166.05368399856,-26.093751850788067,
1042,3r88,42,1,1,0.81591796875,-1,-445887.93599097594,-426717.0892104822,-19166.26563340686,-105.64376151608226,
1043,3r88,43,1,1,0.81591796875,-1,-445879.0528548028,-426717.0892104822,-19165.928455334382,91.43071402244028,
1044,3r88,44,1,1,0.81591796875,-1,-445885.82384021056,-426717.0892104822,-19166.293408075802,-56.295908684081034,
1045,3r88,45,1,1,0.81591796875,-1,-445870.03427330183,-426717.0892104822,-19166.15461046657,304.6194053329405,
1046,3r88,46,1,1,0.81591796875,-1,-445886.90022526984,-426717.0892104822,-19166.305321220625,-80.84321418171585,
1047,3r88,47,1,1,0.81591796875,-1,-445887.2617501773,-426717.0892104822,-19165.70128382377,-103.10960988388736,
1048,3r88,48,1,1,0.81591796875,-1,-445886.6936493663,-426717.0892104822,-19166.265204914813,-77.00456466696492,
1049,3r88,49,1,1,0.81591796875,-1,-445885.76659065875,-426717.0892104822,-19165.772308391974,-66.99254683965344,
1050,3r88,50,1,1,0.81591796875,-1,-445887.7057477072,-426717.0892104822,-19165.882547100264,-109.16840570174003,
1051,3r88,51,1,1,0.81591796875,-1,-445873.2876543287,-426717.0892104822,-19165.693842983004,218.96910595849735,
1052,3r88,52,1,1,0.81591796875,-1,-445884.8114637739,-426717.0892104822,-19165.861859167548,-42.901707683657236,
1053,3r88,53,1,1,0.81591796875,-1,-445885.75426808145,-426717.0892104822,-19166.28467950013,-54.89282300976143,
1054,3r88,54,1,1,0.81591796875,-1,-445876.2425439555,-426717.0892104822,-19165.152441287453,138.34271268908293,
1055,3r88,55,1,1,0.81591796875,-1,-445886.05854064267,-426717.0892104822,-19165.558181472607,-78.66295747385543,
1056,3r88,56,1,1,0.81591796875,-1,-445885.1435674857,-426717.0892104822,-19166.244841241834,-41.72842477166044,
1057,3r88,57,1,1,0.81591796875,-1,-445886.347965479,-426717.0892104822,-19165.83764846287,-78.89259085966138,
1058,3r88,58,1,1,0.81591796875,-1,-445886.6305173082,-426717.0892104822,-19166.29995390552,-74.7473740585312,
1059,3r88,59,1,1,0.81591796875,-1,-445879.08824905235,-426717.0892104822,-19166.3426489936,100.16603592745358,
1060,3r88,60,1,1,0.81591796875,-1,-445887.2215431959,-426717.0892104822,-19165.881592510603,-98.0243977688843,
1061,3r88,61,1,1,0.81591796875,-1,-445886.7472376458,-426717.0892104822,-19166.281836752732,-77.85680045486389,
1062,3r88,62,1,1,0.81591796875,-1,-445885.65434313705,-426717.0892104822,-19165.868222442143,-62.19222695511548,
1063,3r88,63,1,1,0.81591796875,-1,-445886.80498556857,-426717.0892104822,-19166.18805772616,-81.35109491798259,
1064,3r88,64,1,1,0.81591796875,-1,-445867.74998351076,-426717.0892104822,-19166.145615916153,357.0889600589379,
1065,3r88,65,1,1,0.81591796875,-1,-445851.89564672176,-426717.0892104822,-19165.926135960264,717.6373238836362,
1066,3r88,66,1,1,0.81591796875,-1,-445887.19696972886,-426717.0892104822,-19166.15122405699,-91.23986898493142,
1067,3r88,67,1,1,0.81591796875,-1,-445886.53458783525,-426717.0892104822,-19165.85894881778,-82.70500677883722,
1068,3r88,68,1,1,0.81591796875,-1,-445880.81820802443,-426717.0892104822,-19165.925038871872,50.64191612018256,
1069,3r88,69,1,1,0.81591796875,-1,-445889.88777800626,-426717.0892104822,-19165.861223972246,-159.97894279411963,
1070,3r88,70,1,1,0.81591796875,-1,-445882.51741147507,-426717.0892104822,-19165.1476660646,-6.4692891315679635,
1071,3r88,71,1,1,0.81591796875,-1,-445871.5348464581,-426717.0892104822,-19166.14443118999,269.780626594674,
1072,3r88,72,1,1,0.81591796875,-1,-445864.91104484757,-426717.0892104822,-19166.244492941445,424.83659926070504,
1073,3r88,73,1,1,0.81591796875,-1,-445847.8690259761,-426717.0892104822,-19165.866351468394,809.1147410503627,
1074,3r88,74,1,1,0.81591796875,-1,-445864.2630417825,-426717.0892104822,-19165.69455534939,427.098042792049,
1075,3r88,75,1,1,0.81591796875,-1,-445885.48091882345,-426717.0892104822,-19165.571430421507,-65.03715386392795,
1076,3r88,76,1,1,0.81591796875,-1,-445877.79985667753,-426717.0892104822,-19165.688807726725,114.79913210311453,
1077,3r88,77,1,1,0.81591796875,-1,-445887.48950089666,-426717.0892104822,-19166.29559204223,-94.65659314307167,
1078,3r88,78,1,1,0.81591796875,-1,-445873.3476544515,-426717.0892104822,-19165.863693969768,221.50232706080365,
1079,3r88,79,1,1,0.81591796875,-1,-445886.08839902875,-426717.0892104822,-19165.879256856002,-71.94733397830642,
1080,3r88,80,1,1,0.81591796875,-1,-445886.0982120984,-426717.0892104822,-19165.865671502823,-72.4869144272812,
1081,3r88,81,1,1,0.81591796875,-1,-445871.62859481084,-426717.0892104822,-19166.287959340367,270.9285759994535,
1082,3r88,82,1,1,0.81591796875,-1,-445881.94676332705,-426717.0892104822,-19165.81135006908,21.99508650995518,
1083,3r88,83,1,1,0.81591796875,-1,-445885.5320177989,-426717.0892104822,-19166.140112017343,-53.10141509066367,
1084,3r88,84,1,1,0.81591796875,-1,-445849.7073457916,-426717.0892104822,-19166.340079024798,777.6464959897081,
1085,3r88,85,1,1,0.81591796875,-1,-445885.79866241076,-426717.0892104822,-19165.864371040752,-65.60912389527297,
1086,3r88,86,1,1,0.81591796875,-1,-445871.6538050534,-426717.0892104822,-19165.89647336425,261.3193329181847,
1087,3r88,87,1,1,0.81591796875,-1,-445881.919664358,-426717.0892104822,-19165.055130994777,5.181177448060597,
1088,3r88,88,1,1,0.81591796875,-1,-445887.26414828707,-426717.0892104822,-19165.85793812062,-99.5523777034521,
1089,3r88,89,1,1,0.81591796875,-1,-445885.7561279667,-426717.0892104822,-19165.365792487002,-76.12575089933858,
1090,3r88,90,1,1,0.81591796875,-1,-445854.8932193644,-426717.0892104822,-19165.08961769365,629.2210870839903,
1091,3r88,91,1,1,0.81591796875,-1,-445886.5413504746,-426717.0892104822,-19165.804271807545,-84.12183875626025,
1092,3r88,92,1,1,0.81591796875,-1,-445886.9717515681,-426717.0892104822,-19165.360762927827,-104.27468149333819,
1093,3r88,93,1,1,0.81591796875,-1,-445867.4505032499,-426717.0892104822,-19166.056734153048,361.9454767897719,
1094,3r88,94,1,1,0.81591796875,-1,-445885.670270008,-426717.0892104822,-19165.335342657138,-74.84800909395346,
1095,3r88,95,1,1,0.81591796875,-1,-445887.09353104973,-426717.0892104822,-19165.349654683563,-107.33914525281405,
1096,3r88,96,1,1,0.81591796875,-1,-445888.15426219575,-426717.0892104822,-19166.18039397602,-112.64288339250865,
1097,3r88,97,1,1,0.81591796875,-1,-445866.0279284005,-426717.0892104822,-19165.833614137613,389.6055623589075,
1098,3r88,98,1,1,0.81591796875,-1,-445866.82608740765,-426717.0892104822,-19165.78667082156,370.11703981271216,
1099,3r88,99,1,1,0.81591796875,-1,-445886.92416360957,-426717.0892104822,-19166.19437672971,-83.95368614930231,
1100,3r88,100,1,1,0.81591796875,-1,-445886.4036524022,-426717.0892104822,-19165.76642003918,-81.81932828729316,
2001,3qqs,1,1,2,0.81396484375,-2,-451047.0415385671,-426717.0892104822,-24332.23518349059,52.64389627306119,
2002,3qqs,2,1,2,0.81396484375,-2,-451028.68243473826,-426717.0892104822,-24331.951325116166,469.4689586248906,
2003,3qqs,3,1,2,0.81396484375,-2,-451045.3542156601,-426717.0892104822,-24331.78324119793,81.13245001982563,
2004,3qqs,4,1,2,0.81396484375,-2,-451043.0809956288,-426717.0892104822,-24332.49298934491,149.92133037208453,
2005,3qqs,5,1,2,0.81396484375,-2,-451034.75965013856,-426717.0892104822,-24332.112928518476,333.051705198052,
2006,3qqs,6,1,2,0.81396484375,-2,-451058.4089967931,-426717.0892104822,-24332.108065475437,-212.42732892837793,
2007,3qqs,7,1,2,0.81396484375,-2,-451050.7434996153,-426717.0892104822,-24329.937541660314,-85.7102328702775,
2008,3qqs,8,1,2,0.81396484375,-2,-451041.5110676638,-426717.0892104822,-24332.239115137618,180.27025099932865,
2009,3qqs,9,1,2,0.81396484375,-2,-451056.62695660396,-426717.0892104822,-24332.08282194553,-171.91463553956254,
2010,3qqs,10,1,2,0.81396484375,-2,-451053.40398863686,-426717.0892104822,-24330.45739174244,-135.0745395213954,
2011,3qqs,11,1,2,0.81396484375,-2,-451053.6506327353,-426717.0892104822,-24331.65882165114,-113.05665567557115,
2012,3qqs,12,1,2,0.81396484375,-2,-451056.896516767,-426717.0892104822,-24331.820267783878,-184.1854833751228,
2013,3qqs,13,1,2,0.81396484375,-2,-451049.8497170737,-426717.0892104822,-24331.051995275702,-39.399206917726545,
2014,3qqs,14,1,2,0.81396484375,-2,-451044.1781740794,-426717.0892104822,-24330.172515379076,71.10839335418251,
2015,3qqs,15,1,2,0.81396484375,-2,-451038.35003640986,-426717.0892104822,-24331.500573297923,236.13418400538646,
2016,3qqs,16,1,2,0.81396484375,-2,-451050.51301402017,-426717.0892104822,-24332.409682119065,-23.386195486656423,
2017,3qqs,17,1,2,0.81396484375,-2,-451044.5105291692,-426717.0892104822,-24332.352209886936,113.70905236429002,
2018,3qqs,18,1,2,0.81396484375,-2,-451055.70997396205,-426717.0892104822,-24332.47847620749,-141.64450943365276,
2019,3qqs,19,1,2,0.81396484375,-2,-451055.2236691834,-426717.0892104822,-24331.155687872422,-160.9342784955995,
2020,3qqs,20,1,2,0.81396484375,-2,-451044.8309613935,-426717.0892104822,-24320.784657928052,-160.43437550191885,
2021,3qqs,21,1,2,0.81396484375,-2,-451057.25690952456,-426717.0892104822,-24332.293697443434,-181.57879049036256,
2022,3qqs,22,1,2,0.81396484375,-2,-451054.37794787297,-426717.0892104822,-24331.693064355335,-129.0392856782082,
2023,3qqs,23,1,2,0.81396484375,-2,-451054.9347101309,-426717.0892104822,-24330.108010128202,-178.4307471766406,
2024,3qqs,24,1,2,0.81396484375,-2,-451049.6379423729,-426717.0892104822,-24328.974551537947,-82.42255697949037,
2025,3qqs,25,1,2,0.81396484375,-2,-451056.87181920663,-426717.0892104822,-24332.005706458738,-179.33962667208425,
2026,3qqs,26,1,2,0.81396484375,-2,-451055.7889834389,-426717.0892104822,-24331.980453098,-154.95119699130717,
2027,3qqs,27,1,2,0.81396484375,-2,-451047.24132751045,-426717.0892104822,-24321.828359854953,-191.95040042527472,
2028,3qqs,28,1,2,0.81396484375,-2,-451049.5645679153,-426717.0892104822,-24322.95213190367,-219.61079782282462,
2029,3qqs,29,1,2,0.81396484375,-2,-451041.9591628311,-426717.0892104822,-24332.08503807021,166.38382937885314,
2030,3qqs,30,1,2,0.81396484375,-2,-451054.65662991203,-426717.0892104822,-24331.470713184703,-140.5933859750751,
2031,3qqs,31,1,2,0.81396484375,-2,-451048.3676863709,-426717.0892104822,-24322.947355733508,-192.12019482176214,
2032,3qqs,32,1,2,0.81396484375,-2,-451054.0977422128,-426717.0892104822,-24331.57116212577,-125.38872184547351,
2033,3qqs,33,1,2,0.81396484375,-2,-451032.1463603269,-426717.0892104822,-24332.223428697176,395.86379455104367,
2034,3qqs,34,1,2,0.81396484375,-2,-451053.4069985824,-426717.0892104822,-24331.585147929924,-109.13727501221472,
2035,3qqs,35,1,2,0.81396484375,-2,-451054.3937559157,-426717.0892104822,-24331.095135754163,-143.1923889100943,
2036,3qqs,36,1,2,0.81396484375,-2,-451036.89878214616,-426717.0892104822,-24332.34250501872,289.0163090853132,
2037,3qqs,37,1,2,0.81396484375,-2,-451049.41611472744,-426717.0892104822,-24324.18715568166,-187.70706107979143,
2038,3qqs,38,1,2,0.81396484375,-2,-451053.4396822893,-426717.0892104822,-24330.52322264186,-134.3795580964263,
2039,3qqs,39,1,2,0.81396484375,-2,-451057.36944238143,-426717.0892104822,-24330.237445525498,-231.59215552420468,
2040,3qqs,40,1,2,0.81396484375,-2,-451027.4320811146,-426717.0892104822,-24332.351137857502,507.5226990130668,
2041,3qqs,41,1,2,0.81396484375,-2,-451056.0819688558,-426717.0892104822,-24330.814998781003,-188.58361623269843,
2042,3qqs,42,1,2,0.81396484375,-2,-451048.1179323014,-426717.0892104822,-24322.966544696086,-185.91822116704842,
2043,3qqs,43,1,2,0.81396484375,-2,-451055.89399356744,-426717.0892104822,-24330.937603528062,-181.42147047047922,
2044,3qqs,44,1,2,0.81396484375,-2,-451058.3296775217,-426717.0892104822,-24332.261838119823,-207.05210165603665,
2045,3qqs,45,1,2,0.81396484375,-2,-451053.21200354706,-426717.0892104822,-24332.482949237612,-83.93679267423846,
2046,3qqs,46,1,2,0.81396484375,-2,-451025.2308915962,-426717.0892104822,-24332.588417480365,563.7551332795814,
2047,3qqs,47,1,2,0.81396484375,-2,-451045.53029134666,-426717.0892104822,-24320.80286169366,-176.14151852898112,
2048,3qqs,48,1,2,0.81396484375,-2,-451052.5082505109,-426717.0892104822,-24328.96496074419,-148.834604043156,
2049,3qqs,49,1,2,0.81396484375,-2,-451045.1589253321,-426717.0892104822,-24332.344455771912,98.57786749484704,
2050,3qqs,50,1,2,0.81396484375,-2,-451056.69049399067,-426717.0892104822,-24331.74729220563,-181.11734210040422,
2051,3qqs,51,1,2,0.81396484375,-2,-451046.80854247574,-426717.0892104822,-24328.824486980455,-20.63561622539851,
2052,3qqs,52,1,2,0.81396484375,-2,-451053.99242270476,-426717.0892104822,-24330.926828829353,-137.81867509319892,
2053,3qqs,53,1,2,0.81396484375,-2,-451027.5965661868,-426717.0892104822,-24330.94102717163,471.21165822030304,
2054,3qqs,54,1,2,0.81396484375,-2,-451049.84154909966,-426717.0892104822,-24325.716290756394,-162.25511823858415,
2055,3qqs,55,1,2,0.81396484375,-2,-451054.92224436306,-426717.0892104822,-24330.489353295958,-169.34929738090798,
2056,3qqs,56,1,2,0.81396484375,-2,-451051.50014608743,-426717.0892104822,-24332.336141628086,-47.845885748747015,
2057,3qqs,57,1,2,0.81396484375,-2,-451053.43734598975,-426717.0892104822,-24331.98866685799,-100.53173530925913,
2058,3qqs,58,1,2,0.81396484375,-2,-451055.82506113406,-426717.0892104822,-24331.950919565264,-156.4642278500025,
2059,3qqs,59,1,2,0.81396484375,-2,-451055.577322749,-426717.0892104822,-24332.23332656112,-144.23878493647743,
2060,3qqs,60,1,2,0.81396484375,-2,-451050.29101670504,-426717.0892104822,-24324.505976980436,-200.53058617148363,
2061,3qqs,61,1,2,0.81396484375,-2,-451049.44738133,-426717.0892104822,-24325.02166913091,-169.18374875211381,
2062,3qqs,62,1,2,0.81396484375,-2,-451045.887974494,-426717.0892104822,-24331.518970366593,62.729448753331916,
2063,3qqs,63,1,2,0.81396484375,-2,-451054.64823430055,-426717.0892104822,-24331.844486623373,-131.7803583146256,
2064,3qqs,64,1,2,0.81396484375,-2,-451047.3688260288,-426717.0892104822,-24320.806264416893,-218.4606668423167,
2065,3qqs,65,1,2,0.81396484375,-2,-451057.22672258556,-426717.0892104822,-24331.586787897686,-197.1843845314553,
2066,3qqs,66,1,2,0.81396484375,-2,-451038.85786946287,-426717.0892104822,-24322.602594272666,19.231004688749046,
2067,3qqs,67,1,2,0.81396484375,-2,-451050.2291842666,-426717.0892104822,-24332.057871587476,-24.953869469534368,
2068,3qqs,68,1,2,0.81396484375,-2,-451041.50729986595,-426717.0892104822,-24331.09722616526,154.02455321732901,
2069,3qqs,69,1,2,0.81396484375,-2,-451048.4719863148,-426717.0892104822,-24330.489085568748,-20.60898707549635,
2070,3qqs,70,1,2,0.81396484375,-2,-451053.22584705154,-426717.0892104822,-24332.394372163806,-86.29866731862147,
2071,3qqs,71,1,2,0.81396484375,-2,-451047.65721633687,-426717.0892104822,-24329.617043350478,-21.929716313084956,
2072,3qqs,72,1,2,0.81396484375,-2,-451051.7488844926,-426717.0892104822,-24331.918850697937,-63.20488709265158,
2073,3qqs,73,1,2,0.81396484375,-2,-451048.10170660855,-426717.0892104822,-24331.988484368936,22.506823550276852,
2074,3qqs,74,1,2,0.81396484375,-2,-451055.9165307716,-426717.0892104822,-24330.248865770845,-197.82386073770095,
2075,3qqs,75,1,2,0.81396484375,-2,-451049.77124217874,-426717.0892104822,-24332.4549335796,-5.237006988073366,
2076,3qqs,76,1,2,0.81396484375,-2,-451033.32370042783,-426717.0892104822,-24331.98010906585,363.10260284441654,
2077,3qqs,77,1,2,0.81396484375,-2,-451052.32698210113,-426717.0892104822,-24332.38194319021,-65.85696807672984,
2078,3qqs,78,1,2,0.81396484375,-2,-451044.3749945265,-426717.0892104822,-24332.486147070806,119.9232203092458,
2079,3qqs,79,1,2,0.81396484375,-2,-451042.6714206903,-426717.0892104822,-24332.353766740536,156.1558033036472,
2080,3qqs,80,1,2,0.81396484375,-2,-451054.56403861084,-426717.0892104822,-24330.810949431685,-153.67269342868283,
2081,3qqs,81,1,2,0.81396484375,-2,-451053.2103384487,-426717.0892104822,-24330.32286199754,-133.71118971182324,
2082,3qqs,82,1,2,0.81396484375,-2,-451049.480125845,-426717.0892104822,-24331.09146505115,-29.966036065394732,
2083,3qqs,83,1,2,0.81396484375,-2,-451054.67723911523,-426717.0892104822,-24332.453173873866,-118.41256377711412,
2084,3qqs,84,1,2,0.81396484375,-2,-451055.1744471905,-426717.0892104822,-24332.058220767525,-138.9862893777797,
2085,3qqs,85,1,2,0.81396484375,-2,-451054.92967214226,-426717.0892104822,-24330.428132986377,-170.93235991573732,
2086,3qqs,86,1,2,0.81396484375,-2,-451038.36733126093,-426717.0892104822,-24328.327887240306,162.57147668178146,
2087,3qqs,87,1,2,0.81396484375,-2,-451039.6539907261,-426717.0892104822,-24324.220693000447,38.186255325557674,
2088,3qqs,88,1,2,0.81396484375,-2,-451044.0268487394,-426717.0892104822,-24330.214567197057,75.56777655459912,
2089,3qqs,89,1,2,0.81396484375,-2,-451055.6644936709,-426717.0892104822,-24330.53860852749,-185.33012042443642,
2090,3qqs,90,1,2,0.81396484375,-2,-451055.0090980245,-426717.0892104822,-24330.375419948206,-173.97955581054615,
2091,3qqs,91,1,2,0.81396484375,-2,-451054.3764354247,-426717.0892104822,-24330.260103695684,-162.04926562438914,
2092,3qqs,92,1,2,0.81396484375,-2,-451055.80182750593,-426717.0892104822,-24330.34478525161,-192.96678481955936,
2093,3qqs,93,1,2,0.81396484375,-2,-451025.9873917062,-426717.0892104822,-24329.242153211042,469.1431390717476,
2094,3qqs,94,1,2,0.81396484375,-2,-451045.9713630713,-426717.0892104822,-24329.842563551614,22.14760293819547,
2095,3qqs,95,1,2,0.81396484375,-2,-451044.0140005747,-426717.0892104822,-24332.22324202595,122.18520423929719,
2096,3qqs,96,1,2,0.81396484375,-2,-451057.1199594767,-426717.0892104822,-24332.136487427182,-182.0459964604842,
2097,3qqs,97,1,2,0.81396484375,-2,-451036.6815521226,-426717.0892104822,-24332.0787934202,287.944418503248,
2098,3qqs,98,1,2,0.81396484375,-2,-451054.8815138828,-426717.0892104822,-24332.210191420705,-128.72656030777307,
2099,3qqs,99,1,2,0.81396484375,-2,-451027.63602324115,-426717.0892104822,-24332.099262030304,497.0112872889206,
2100,3qqs,100,1,2,0.81396484375,-2,-451044.5738473454,-426717.0892104822,-24332.358425313927,112.3922316836643,
3001,3twp,1,1,3,0.81396484375,-1,-440197.7856842738,-426717.0892104822,-13476.863959223056,-88.37988551976666,
3002,3twp,2,1,3,0.81396484375,-1,-440197.4563272313,-426717.0892104822,-13477.260123257176,-71.64897203021229,
3003,3twp,3,1,3,0.81396484375,-1,-440197.40669283894,-426717.0892104822,-13477.008677882988,-76.30284382909115,
3004,3twp,4,1,3,0.81396484375,-1,-440196.95073277724,-426717.0892104822,-13476.911721817105,-68.02401501235524,
3005,3twp,5,1,3,0.81396484375,-1,-440196.516462667,-426717.0892104822,-13476.372933154656,-70.43427008400062,
3006,3twp,6,1,3,0.81396484375,-1,-440197.2280916609,-426717.0892104822,-13477.309067774362,-65.25704736221117,
3007,3twp,7,1,3,0.81396484375,-1,-440196.0921177293,-426717.0892104822,-13476.742226039021,-52.13254712886444,
3008,3twp,8,1,3,0.81396484375,-1,-440197.43046819547,-426717.0892104822,-13476.719361739435,-83.52290534213452,
3009,3twp,9,1,3,0.81396484375,-1,-440196.7827736158,-426717.0892104822,-13476.411723905441,-75.68101049323162,
3010,3twp,10,1,3,0.81396484375,-1,-440196.361550098,-426717.0892104822,-13476.384941991511,-66.58497102083665,
3011,3twp,11,1,3,0.81396484375,-1,-440196.8999328917,-426717.0892104822,-13476.62358648348,-73.49710046501195,
3012,3twp,12,1,3,0.81396484375,-1,-440196.3276422937,-426717.0892104822,-13476.120923527687,-71.89144889138012,
3013,3twp,13,1,3,0.81396484375,-1,-440197.0361328972,-426717.0892104822,-13476.622602277448,-76.66064353617494,
3014,3twp,14,1,3,0.81396484375,-1,-440196.5487389719,-426717.0892104822,-13476.122028612923,-76.96457554261279,
3015,3twp,15,1,3,0.81396484375,-1,-440196.6554498758,-426717.0892104822,-13476.622286943559,-67.88915628541207,
3016,3twp,16,1,3,0.81396484375,-1,-440198.29672722647,-426717.0892104822,-13476.62410164563,-105.69606310971109,
3017,3twp,17,1,3,0.81396484375,-1,-440197.9003011991,-426717.0892104822,-13476.120810625514,-108.16042838680148,
3018,3twp,18,1,3,0.81396484375,-1,-440196.90669585747,-426717.0892104822,-13476.620916661348,-73.71462572129603,
3019,3twp,19,1,3,0.81396484375,-1,-440197.44377024646,-426717.0892104822,-13477.121095447028,-74.56545854626742,
3020,3twp,20,1,3,0.81396484375,-1,-440197.01089905377,-426717.0892104822,-13476.62338052411,-76.06079048862091,
3021,3twp,21,1,3,0.81396484375,-1,-440196.5621742589,-426717.0892104822,-13476.622072603965,-65.74311224945619,
3022,3twp,22,1,3,0.81396484375,-1,-440198.9840095779,-426717.0892104822,-13476.622701158096,-121.57746665771018,
3023,3twp,23,1,3,0.81396484375,-1,-440196.8593654889,-426717.0892104822,-13476.62310993229,-72.57258346419628,
3024,3twp,24,1,3,0.81396484375,-1,-440198.21283130243,-426717.0892104822,-13476.624834755066,-103.74447123546906,
3025,3twp,25,1,3,0.81396484375,-1,-440197.51361528056,-426717.0892104822,-13476.623271846405,-87.65620824924638,
3026,3twp,26,1,3,0.81396484375,-1,-440189.5021515797,-426717.0892104822,-13476.622564424275,97.07622007564458,
3027,3twp,27,1,3,0.81396484375,-1,-440197.69973828446,-426717.0892104822,-13476.120193039053,-103.54957958240765,
3028,3twp,28,1,3,0.81396484375,-1,-440195.1769833722,-426717.0892104822,-13476.623408180647,-33.76905242137015,
3029,3twp,29,1,3,0.81396484375,-1,-440196.3098130745,-426717.0892104822,-13476.120203677663,-71.4968974644935,
3030,3twp,30,1,3,0.81396484375,-1,-440197.8782989361,-426717.0892104822,-13476.12113885122,-107.64547508404503,
3031,3twp,31,1,3,0.81396484375,-1,-440196.35808128264,-426717.0892104822,-13476.119077981055,-72.63594796802768,
3032,3twp,32,1,3,0.81396484375,-1,-440198.6942280541,-426717.0892104822,-13476.622392943926,-114.902053555069,
3033,3twp,33,1,3,0.81396484375,-1,-440198.8197103962,-426717.0892104822,-13476.623856463706,-117.76199553882628,
3034,3twp,34,1,3,0.81396484375,-1,-440198.08378070605,-426717.0892104822,-13476.120892420122,-112.38968010383837,
3035,3twp,35,1,3,0.81396484375,-1,-440198.21231986507,-426717.0892104822,-13476.623337894613,-103.76719563177498,
3036,3twp,36,1,3,0.81396484375,-1,-440195.8936139442,-426717.0892104822,-13476.622965818333,-50.30514712087315,
3037,3twp,37,1,3,0.81396484375,-1,-440197.9259396364,-426717.0892104822,-13476.62336453799,-97.16249626047568,
3038,3twp,38,1,3,0.81396484375,-1,-440196.4942307148,-426717.0892104822,-13476.12029115473,-75.74765201093001,
3039,3twp,39,1,3,0.81396484375,-1,-440195.6258589373,-426717.0892104822,-13476.623050528286,-44.128616519321454,
3040,3twp,40,1,3,0.81396484375,-1,-440196.2228013209,-426717.0892104822,-13476.12283453529,-69.42968974105723,
3041,3twp,41,1,3,0.81396484375,-1,-440197.2026710931,-426717.0892104822,-13476.622636663338,-80.50031261128933,
3042,3twp,42,1,3,0.81396484375,-1,-440198.3083870168,-426717.0892104822,-13476.621488924888,-106.02519503451154,
3043,3twp,43,1,3,0.81396484375,-1,-440198.08794239326,-426717.0892104822,-13476.118208401484,-112.54754583118584,
3044,3twp,44,1,3,0.81396484375,-1,-440192.40733591386,-426717.0892104822,-13476.622516124386,30.07996395944255,
3045,3twp,45,1,3,0.81396484375,-1,-440196.4493766549,-426717.0892104822,-13476.121229878314,-74.6916453377059,
3046,3twp,46,1,3,0.81396484375,-1,-440195.6194278541,-426717.0892104822,-13476.121091342933,-55.5557660205415,
3047,3twp,47,1,3,0.81396484375,-1,-440176.28511421103,-426717.0892104822,-13476.622113304506,401.8579394261993,
3048,3twp,48,1,3,0.81396484375,-1,-440195.68254532205,-426717.0892104822,-13476.121876909541,-56.993173813338224,
3049,3twp,49,1,3,0.81396484375,-1,-440197.7201557632,-426717.0892104822,-13476.623876861851,-92.4051929405514,
3050,3twp,50,1,3,0.81396484375,-1,-440190.37135481695,-426717.0892104822,-13476.623497961722,77.05344513381634,
3051,3twp,51,1,3,0.81396484375,-1,-440195.5936036336,-426717.0892104822,-13476.119664149284,-54.99315721587377,
3052,3twp,52,1,3,0.81396484375,-1,-440170.22287591547,-426717.0892104822,-13476.6231610048,541.6806361443788,
3053,3twp,53,1,3,0.81396484375,-1,-440195.8134132539,-426717.0892104822,-13476.118946488612,-60.07863712784814,
3054,3twp,54,1,3,0.81396484375,-1,-440180.99111934635,-426717.0892104822,-13476.62325548404,293.36122219785733,
3055,3twp,55,1,3,0.81396484375,-1,-440196.91883572243,-426717.0892104822,-13476.621570987061,-73.97948854855936,
3056,3twp,56,1,3,0.81396484375,-1,-440183.4602678455,-426717.0892104822,-13476.121224016437,224.84418446150906,
3057,3twp,57,1,3,0.81396484375,-1,-440195.954417765,-426717.0892104822,-13476.121738250065,-63.26589885180508,
3058,3twp,58,1,3,0.81396484375,-1,-440197.9846691115,-426717.0892104822,-13476.120173087313,-110.12070064578486,
3059,3twp,59,1,3,0.81396484375,-1,-440061.04060464626,-426717.0892104822,-13476.622884414333,3059.477246675894,
3060,3twp,60,1,3,0.81396484375,-1,-440195.92685154395,-426717.0892104822,-13476.623124736918,-51.06795963046325,
3061,3twp,61,1,3,0.81396484375,-1,-440193.95073017414,-426717.0892104822,-13476.120754184685,-17.08245841136318,
3062,3twp,62,1,3,0.81396484375,-1,-440190.1220872009,-426717.0892104822,-13476.62293304065,82.78866552621498,
3063,3twp,63,1,3,0.81396484375,-1,-440196.17044834537,-426717.0892104822,-13476.119317072622,-68.3035160608739,
3064,3twp,64,1,3,0.81396484375,-1,-440195.8783305902,-426717.0892104822,-13476.621553603003,-49.9852710646571,
3065,3twp,65,1,3,0.81396484375,-1,-440194.6298271775,-426717.0892104822,-13476.622106339577,-21.18135199115073,
3066,3twp,66,1,3,0.81396484375,-1,-440196.4547830171,-426717.0892104822,-13476.62377423117,-63.227370925292824,
3067,3twp,67,1,3,0.81396484375,-1,-440187.55253994645,-426717.0892104822,-13476.119892489873,130.4434422091584,
3068,3twp,68,1,3,0.81396484375,-1,-440196.44175685867,-426717.0892104822,-13476.119947353662,-74.54550438261884,
3069,3twp,69,1,3,0.81396484375,-1,-440195.7970458203,-426717.0892104822,-13476.120802180463,-59.65840187058318,
3070,3twp,70,1,3,0.81396484375,-1,-440181.91864569066,-426717.0892104822,-13476.623146733717,271.9694487286299,
3071,3twp,71,1,3,0.81396484375,-1,-440167.7199919265,-426717.0892104822,-13476.622652207685,599.3867789459956,
3072,3twp,72,1,3,0.81396484375,-1,-440195.8853532299,-426717.0892104822,-13476.62287510237,-50.1167424834979,
3073,3twp,73,1,3,0.81396484375,-1,-440195.5344936076,-426717.0892104822,-13476.62393326444,-42.00132558467157,
3074,3twp,74,1,3,0.81396484375,-1,-440195.68903879443,-426717.0892104822,-13476.622659712217,-45.594591069842075,
3075,3twp,75,1,3,0.81396484375,-1,-440195.8474448762,-426717.0892104822,-13476.622768589523,-49.245011325160355,
3076,3twp,76,1,3,0.81396484375,-1,-440191.02127752727,-426717.0892104822,-13476.62242312921,62.04108515975268,
3077,3twp,77,1,3,0.81396484375,-1,-440199.8479347125,-426717.0892104822,-13476.622325125354,-141.50872506698965,
3078,3twp,78,1,3,0.81396484375,-1,-440190.74610610027,-426717.0892104822,-13476.12080351011,56.81906579460639,
3079,3twp,79,1,3,0.81396484375,-1,-440196.92432893044,-426717.0892104822,-13476.621733997272,-74.1024058298426,
3080,3twp,80,1,3,0.81396484375,-1,-440190.62097599846,-426717.0892104822,-13476.120694891471,59.70212968703564,
3081,3twp,81,1,3,0.81396484375,-1,-440196.1534461419,-426717.0892104822,-13476.118928286114,-67.92040156499593,
3082,3twp,82,1,3,0.81396484375,-1,-440192.6279423553,-426717.0892104822,-13476.623386969546,25.01274073146707,
3083,3twp,83,1,3,0.81396484375,-1,-440188.69304530387,-426717.0892104822,-13476.12109723676,104.1705459867044,
3084,3twp,84,1,3,0.81396484375,-1,-440196.4893543633,-426717.0892104822,-13476.624479593364,-64.00833906898642,
3085,3twp,85,1,3,0.81396484375,-1,-440196.5866838776,-426717.0892104822,-13475.459194114912,-93.12493250177378,
3086,3twp,86,1,3,0.81396484375,-1,-440192.093519135,-426717.0892104822,-13475.66290458676,15.187583035401396,
3087,3twp,87,1,3,0.81396484375,-1,-440184.7367275628,-426717.0892104822,-13475.659163709635,184.752960291039,
3088,3twp,88,1,3,0.81396484375,-1,-440195.57985662145,-426717.0892104822,-13475.53901993466,-68.06611726911804,
3089,3twp,89,1,3,0.81396484375,-1,-440183.44712674996,-426717.0892104822,-13475.704002468812,215.52586786837455,
3090,3twp,90,1,3,0.81396484375,-1,-440173.6323249429,-426717.0892104822,-13475.577033200792,438.9325935096993,
3091,3twp,91,1,3,0.81396484375,-1,-440195.3537493783,-426717.0892104822,-13475.618436829103,-61.02056328057276,
3092,3twp,92,1,3,0.81396484375,-1,-440182.4319439699,-426717.0892104822,-13475.804724186664,241.25923691650414,
3093,3twp,93,1,3,0.81396484375,-1,-440192.5569213664,-426717.0892104822,-13475.626360349694,3.6585435866322986,
3094,3twp,94,1,3,0.81396484375,-1,-440197.9369632411,-426717.0892104822,-13477.278292696878,-82.3137044893812,
3095,3twp,95,1,3,0.81396484375,-1,-440195.7290275331,-426717.0892104822,-13475.626077730989,-69.49847973561761,
3096,3twp,96,1,3,0.81396484375,-1,-440197.59132228344,-426717.0892104822,-13477.191628495822,-76.34155860698579,
3097,3twp,97,1,3,0.81396484375,-1,-440175.8259294486,-426717.0892104822,-13475.667142719914,390.42484676073315,
3098,3twp,98,1,3,0.81396484375,-1,-440196.4942845983,-426717.0892104822,-13476.581811136259,-65.10599098447936,
3099,3twp,99,1,3,0.81396484375,-1,-440197.50631399406,-426717.0892104822,-13477.28909745603,-72.13353326500011,
3100,3twp,100,1,3,0.81396484375,-1,-440197.1470059662,-426717.0892104822,-13476.002780887857,-93.51085804882985,
4001,4gkm,1,1,4,0.8046875,-2,-452107.1504863475,-426717.0892104822,-25401.47446128357,263.1943082377522,
4002,4gkm,2,1,4,0.8046875,-2,-452125.336341742,-426717.0892104822,-25400.68667717643,-174.34821301125902,
4003,4gkm,3,1,4,0.8046875,-2,-452104.6794332559,-426717.0892104822,-25401.510001707054,320.9977278837046,
4004,4gkm,4,1,4,0.8046875,-2,-452115.988944659,-426717.0892104822,-25401.46295161043,59.109198228200285,
4005,4gkm,5,1,4,0.8046875,-2,-452117.2390869425,-426717.0892104822,-25401.2691646925,25.81139981454592,
4006,4gkm,6,1,4,0.8046875,-2,-452123.44561618293,-426717.0892104822,-25400.067872588606,-145.01701861659342,
4007,4gkm,7,1,4,0.8046875,-2,-452131.08941415395,-426717.0892104822,-25400.122099839577,-320.0366772201039,
4008,4gkm,8,1,4,0.8046875,-2,-452124.48310537345,-426717.0892104822,-25401.24732802555,-141.74319920066014,
4009,4gkm,9,1,4,0.8046875,-2,-452123.4502269359,-426717.0892104822,-25401.36391360546,-115.23592924660323,
4010,4gkm,10,1,4,0.8046875,-2,-452109.5050577344,-426717.0892104822,-25401.286475074983,204.56153719534308,
4011,4gkm,11,1,4,0.8046875,-2,-452114.36849303066,-426717.0892104822,-25399.39623616078,48.81811003201797,
4012,4gkm,12,1,4,0.8046875,-2,-452106.0466550168,-426717.0892104822,-25399.644230011072,246.44312763623688,
4013,4gkm,13,1,4,0.8046875,-2,-452113.6599928589,-426717.0892104822,-25399.89774543978,76.72159084715858,
4014,4gkm,14,1,4,0.8046875,-2,-452126.1899762128,-426717.0892104822,-25400.950560265665,-187.94820295359963,
4015,4gkm,15,1,4,0.8046875,-2,-452105.29219714046,-426717.0892104822,-25392.93209700015,109.05587523543373,
4016,4gkm,16,1,4,0.8046875,-2,-452122.8630403298,-426717.0892104822,-25397.12358438475,-199.47939924205676,
4017,4gkm,17,1,4,0.8046875,-2,-452126.35040169227,-426717.0892104822,-25401.48267951677,-179.3767409543962,
4018,4gkm,18,1,4,0.8046875,-2,-452120.18533779687,-426717.0892104822,-25397.27988348035,-134.12576913580986,
4019,4gkm,19,1,4,0.8046875,-2,-452120.08180656226,-426717.0892104822,-25401.26813841728,-39.76693841445687,
4020,4gkm,20,1,4,0.8046875,-2,-452122.9705787295,-426717.0892104822,-25399.816458277335,-139.8601464513819,
4021,4gkm,21,1,4,0.8046875,-2,-452124.51978810277,-426717.0892104822,-25401.378429243556,-139.56585712620708,
4022,4gkm,22,1,4,0.8046875,-2,-452094.7075838111,-426717.0892104822,-25401.24369827052,544.8129358306152,
4023,4gkm,23,1,4,0.8046875,-2,-452121.9522479059,-426717.0892104822,-25401.283988634634,-82.53482578829833,
4024,4gkm,24,1,4,0.8046875,-2,-452113.40558619396,-426717.0892104822,-25401.252102806437,113.82057074571435,
4025,4gkm,25,1,4,0.8046875,-2,-452122.8498308107,-426717.0892104822,-25401.54976859273,-97.10454785995243,
4026,4gkm,26,1,4,0.8046875,-2,-452124.654452945,-426717.0892104822,-25401.149336118313,-147.95431513362,
4027,4gkm,27,1,4,0.8046875,-2,-452127.39278150635,-426717.0892104822,-25401.207994595447,-209.7489752812349,
4028,4gkm,28,1,4,0.8046875,-2,-452118.58382887015,-426717.0892104822,-25400.289980415535,-27.779611581481234,
4029,4gkm,29,1,4,0.8046875,-2,-452126.8123917017,-426717.0892104822,-25401.546505675768,-188.55861747124436,
4030,4gkm,30,1,4,0.8046875,-2,-452123.2466339661,-426717.0892104822,-25396.720842651986,-217.61272363199026,
4031,4gkm,31,1,4,0.8046875,-2,-452123.18673499586,-426717.0892104822,-25399.97521613458,-141.18378520972286,
4032,4gkm,32,1,4,0.8046875,-2,-452124.69945217896,-426717.0892104822,-25401.117218665848,-149.73266816971753,
4033,4gkm,33,1,4,0.8046875,-2,-452124.26848869544,-426717.0892104822,-25401.19589009028,-137.98020799869067,
4034,4gkm,34,1,4,0.8046875,-2,-452114.38065555313,-426717.0892104822,-25394.933725710933,-54.37030007252796,
4035,4gkm,35,1,4,0.8046875,-2,-452124.3512351196,-426717.0892104822,-25401.151451872644,-140.9131555147929,
4036,4gkm,36,1,4,0.8046875,-2,-452124.1457294572,-426717.0892104822,-25401.145078129186,-136.32106437288425,
4037,4gkm,37,1,4,0.8046875,-2,-452110.2136675729,-426717.0892104822,-25384.302762620882,-203.4331072680069,
4038,4gkm,38,1,4,0.8046875,-2,-452123.40545286855,-426717.0892104822,-25400.365237894428,-137.2334237262913,
4039,4gkm,39,1,4,0.8046875,-2,-452122.9322143814,-426717.0892104822,-25401.28892951433,-105.01945017671376,
4040,4gkm,40,1,4,0.8046875,-2,-452120.4661374908,-426717.0892104822,-25396.56589378382,-157.06615745642998,
4041,4gkm,41,1,4,0.8046875,-2,-452116.2756722443,-426717.0892104822,-25390.786232398135,-193.71389103628547,
4042,4gkm,42,1,4,0.8046875,-2,-452122.1462054562,-426717.0892104822,-25400.472030324054,-105.73179661249969,
4043,4gkm,43,1,4,0.8046875,-2,-452125.36859449296,-426717.0892104822,-25396.721902189394,-266.52186234316935,
4044,4gkm,44,1,4,0.8046875,-2,-452124.62055532646,-426717.0892104822,-25401.149655560108,-147.16525097736485,
4045,4gkm,45,1,4,0.8046875,-2,-452124.8486640264,-426717.0892104822,-25401.285496114986,-149.29300495020826,
4046,4gkm,46,1,4,0.8046875,-2,-452125.27548969607,-426717.0892104822,-25400.780608128942,-170.77883227183855,
4047,4gkm,47,1,4,0.8046875,-2,-452124.9973442738,-426717.0892104822,-25400.3276371178,-174.81040612566935,
4048,4gkm,48,1,4,0.8046875,-2,-452120.0982784286,-426717.0892104822,-25401.01183865476,-46.05720160872426,
4049,4gkm,49,1,4,0.8046875,-2,-452122.22372914123,-426717.0892104822,-25400.300561658292,-111.47369662674491,
4050,4gkm,50,1,4,0.8046875,-2,-452122.31463834824,-426717.0892104822,-25401.184894033453,-93.17692370761243,
4051,4gkm,51,1,4,0.8046875,-2,-452126.4367049325,-426717.0892104822,-25401.484086034554,-181.33450588257514,
4052,4gkm,52,1,4,0.8046875,-2,-452124.5065518152,-426717.0892104822,-25400.634451760397,-156.4171494187852,
4053,4gkm,53,1,4,0.8046875,-2,-452124.6075931868,-426717.0892104822,-25400.692534303136,-157.4078035461396,
4054,4gkm,54,1,4,0.8046875,-2,-452119.5115422294,-426717.0892104822,-25399.60491938602,-64.9710725133747,
4055,4gkm,55,1,4,0.8046875,-2,-452106.8976629042,-426717.0892104822,-25381.99188189404,-180.25439853085777,
4056,4gkm,56,1,4,0.8046875,-2,-452090.71121976315,-426717.0892104822,-25401.411019249314,640.829793540935,
4057,4gkm,57,1,4,0.8046875,-2,-452109.2946364615,-426717.0892104822,-25401.279969487954,209.26394462284594,
4058,4gkm,58,1,4,0.8046875,-2,-452110.54214676435,-426717.0892104822,-25399.396149967797,137.05376346548704,
4059,4gkm,59,1,4,0.8046875,-2,-452112.00840793474,-426717.0892104822,-25384.368709528713,-243.30003140390536,
4060,4gkm,60,1,4,0.8046875,-2,-452119.2365501905,-426717.0892104822,-25401.29015913485,-19.76705361327,
4061,4gkm,61,1,4,0.8046875,-2,-452113.54569444945,-426717.0892104822,-25390.54471365933,-136.32866194952842,
4062,4gkm,62,1,4,0.8046875,-2,-452122.8400125313,-426717.0892104822,-25401.309514879646,-102.41851520123213,
4063,4gkm,63,1,4,0.8046875,-2,-452124.1739514385,-426717.0892104822,-25401.05692872585,-139.00465225457268,
4064,4gkm,64,1,4,0.8046875,-2,-452124.54613914614,-426717.0892104822,-25400.692414510533,-155.99340218566041,
4065,4gkm,65,1,4,0.8046875,-2,-452123.5092200569,-426717.0892104822,-25401.153229930154,-121.45482390587443,
4066,4gkm,66,1,4,0.8046875,-2,-452119.6227010529,-426717.0892104822,-25395.921492207337,-152.4763045149467,
4067,4gkm,67,1,4,0.8046875,-2,-452124.03320773796,-426717.0892104822,-25400.87730987785,-139.90113445166548,
4068,4gkm,68,1,4,0.8046875,-2,-452122.3647386831,-426717.0892104822,-25399.816314264845,-125.89246409003567,
4069,4gkm,69,1,4,0.8046875,-2,-452115.821905397,-426717.0892104822,-25390.54044993176,-188.91765727149885,
4070,4gkm,70,1,4,0.8046875,-2,-452123.8725244006,-426717.0892104822,-25400.777558385977,-138.49601271429572,
4071,4gkm,71,1,4,0.8046875,-2,-452109.48943912523,-426717.0892104822,-25401.208192890736,203.1164808245217,
4072,4gkm,72,1,4,0.8046875,-2,-452122.4600259626,-426717.0892104822,-25397.881858424895,-172.699452380368,
4073,4gkm,73,1,4,0.8046875,-2,-452121.28011546074,-426717.0892104822,-25400.226222236284,-91.4277560111645,
4074,4gkm,74,1,4,0.8046875,-2,-452100.61050852644,-426717.0892104822,-25390.781598233767,167.42649978512983,
4075,4gkm,75,1,4,0.8046875,-2,-452124.57900410413,-426717.0892104822,-25401.14872053695,-146.22861917378012,
4076,4gkm,76,1,4,0.8046875,-2,-452117.7401794657,-426717.0892104822,-25401.088840992565,10.097568409223332,
4077,4gkm,77,1,4,0.8046875,-2,-452119.21695906034,-426717.0892104822,-25400.12395336472,-46.20861536198033,
4078,4gkm,78,1,4,0.8046875,-2,-452122.9412565691,-426717.0892104822,-25400.2258641964,-129.74283659006747,
4079,4gkm,79,1,4,0.8046875,-2,-452118.3342123913,-426717.0892104822,-25401.242638347532,-0.05450502435917844,
4080,4gkm,80,1,4,0.8046875,-2,-452119.75559435145,-426717.0892104822,-25395.24499390538,-171.1413182314334,
4081,4gkm,81,1,4,0.8046875,-2,-452117.7880732375,-426717.0892104822,-25401.437457634802,17.032402545697277,
4082,4gkm,82,1,4,0.8046875,-2,-452116.63823934237,-426717.0892104822,-25401.36951437049,41.9813931856294,
4083,4gkm,83,1,4,0.8046875,-2,-452124.2189963055,-426717.0892104822,-25401.462509594112,-130.69049455221105,
4084,4gkm,84,1,4,0.8046875,-2,-452125.42022461677,-426717.0892104822,-25400.838322147833,-172.78558194029904,
4085,4gkm,85,1,4,0.8046875,-2,-452121.4821091441,-426717.0892104822,-25399.532430459207,-112.08505946739484,
4086,4gkm,86,1,4,0.8046875,-2,-452122.3927203687,-426717.0892104822,-25400.129352272103,-119.31890914981187,
4087,4gkm,87,1,4,0.8046875,-2,-452124.7986622348,-426717.0892104822,-25397.95642748195,-224.9100826864868,
4088,4gkm,88,1,4,0.8046875,-2,-452113.0731629638,-426717.0892104822,-25398.575834933632,59.770229256640874,
4089,4gkm,89,1,4,0.8046875,-2,-452125.0161253677,-426717.0892104822,-25399.76832398026,-188.14157580126658,
4090,4gkm,90,1,4,0.8046875,-2,-452109.72110971325,-426717.0892104822,-25399.729271308337,163.6692882598558,
4091,4gkm,91,1,4,0.8046875,-2,-452124.9446970758,-426717.0892104822,-25400.973753466347,-158.69653593895126,
4092,4gkm,92,1,4,0.8046875,-2,-452125.63856296916,-426717.0892104822,-25399.88382807163,-199.83174025727868,
4093,4gkm,93,1,4,0.8046875,-2,-452093.1926222044,-426717.0892104822,-25398.710536157334,521.3326743484758,
4094,4gkm,94,1,4,0.8046875,-2,-452099.770788387,-426717.0892104822,-25398.75270863265,370.6090788419832,
4095,4gkm,95,1,4,0.8046875,-2,-452110.52969559614,-426717.0892104822,-25401.06499537044,175.8253834550818,
4096,4gkm,96,1,4,0.8046875,-2,-452116.5941572459,-426717.0892104822,-25401.521133120354,46.49436191338816,
4097,4gkm,97,1,4,0.8046875,-2,-452117.19607480045,-426717.0892104822,-25401.182999726,24.816272042587194,
4098,4gkm,98,1,4,0.8046875,-2,-452110.00405738247,-426717.0892104822,-25401.340779712642,194.30662663732124,
4099,4gkm,99,1,4,0.8046875,-2,-452115.89874657686,-426717.0892104822,-25401.29663265098,57.35380909639592,
4100,4gkm,100,1,4,0.8046875,-2,-452123.5540013806,-426717.0892104822,-25401.262378434145,-119.97048146599111,
5001,4owm,1,1,5,0.80322265625,-1,-442355.7939282195,-426717.0892104822,-15635.59353429238,-71.74559464078406,
5002,4owm,2,1,5,0.80322265625,-1,-442355.6446216726,-426717.0892104822,-15635.75060119542,-64.68045504451325,
5003,4owm,3,1,5,0.80322265625,-1,-442354.9663112863,-426717.0892104822,-15635.77464450477,-48.48379405298415,
5004,4owm,4,1,5,0.80322265625,-1,-442355.92195230053,-426717.0892104822,-15635.745056011021,-71.20372624543197,
5005,4owm,5,1,5,0.80322265625,-1,-442355.1823360688,-426717.0892104822,-15635.67277716646,-55.81456051013145,
5006,4owm,6,1,5,0.80322265625,-1,-442356.4813228133,-426717.0892104822,-15635.58659214254,-87.75738032905089,
5007,4owm,7,1,5,0.80322265625,-1,-442356.44897261035,-426717.0892104822,-15635.657132780001,-85.38466118207519,
5008,4owm,8,1,5,0.80322265625,-1,-442355.7312229794,-426717.0892104822,-15635.555300910737,-71.18126017843211,
5009,4owm,9,1,5,0.80322265625,-1,-442357.1938309771,-426717.0892104822,-15635.703808713371,-101.485130581024,
5010,4owm,10,1,5,0.80322265625,-1,-442338.2916137484,-426717.0892104822,-15635.751337761289,335.5063998081713,
5011,4owm,11,1,5,0.80322265625,-1,-442355.86092564114,-426717.0892104822,-15635.642690094432,-72.15703216343726,
5012,4owm,12,1,5,0.80322265625,-1,-442356.1092201372,-426717.0892104822,-15635.688676990101,-76.82235625817775,
5013,4owm,13,1,5,0.80322265625,-1,-442354.96831124125,-426717.0892104822,-15635.679339197983,-50.72770669490383,
5014,4owm,14,1,5,0.80322265625,-1,-442356.075950935,-426717.0892104822,-15635.679165413292,-76.27449240238232,
5015,4owm,15,1,5,0.80322265625,-1,-442356.03840764344,-426717.0892104822,-15635.679776065394,-75.39464155929993,
5016,4owm,16,1,5,0.80322265625,-1,-442356.5078677866,-426717.0892104822,-15635.681317183036,-86.18511062864594,
5017,4owm,17,1,5,0.80322265625,-1,-442356.22001561197,-426717.0892104822,-15635.682323914827,-79.5238660001226,
5018,4owm,18,1,5,0.80322265625,-1,-442357.4928318288,-426717.0892104822,-15635.683055330239,-108.85883840727604,
5019,4owm,19,1,5,0.80322265625,-1,-442351.6584788293,-426717.0892104822,-15635.580938321384,23.329663830460476,
5020,4owm,20,1,5,0.80322265625,-1,-442357.0628086996,-426717.0892104822,-15635.706324896766,-98.40566051719513,
5021,4owm,21,1,5,0.80322265625,-1,-442356.6026496462,-426717.0892104822,-15635.680943048776,-88.37945997517346,
5022,4owm,22,1,5,0.80322265625,-1,-442354.93297146546,-426717.0892104822,-15635.579043466047,-52.22562662857961,
5023,4owm,23,1,5,0.80322265625,-1,-442356.2664881906,-426717.0892104822,-15635.580034093666,-82.95440843657038,
5024,4owm,24,1,5,0.80322265625,-1,-442356.27448180417,-426717.0892104822,-15635.57868651052,-83.16982154963539,
5025,4owm,25,1,5,0.80322265625,-1,-442355.4505882385,-426717.0892104822,-15635.683037404553,-61.76399578781377,
5026,4owm,26,1,5,0.80322265625,-1,-442359.7605343166,-426717.0892104822,-15635.678260512248,-161.26387122290802,
5027,4owm,27,1,5,0.80322265625,-1,-442359.04435249034,-426717.0892104822,-15635.679861968052,-144.71139551499064,
5028,4owm,28,1,5,0.80322265625,-1,-442350.31205879804,-426717.0892104822,-15635.581501582588,54.39183647370325,
5029,4owm,29,1,5,0.80322265625,-1,-442341.9417726686,-426717.0892104822,-15635.682633721332,249.74738263974572,
5030,4owm,30,1,5,0.80322265625,-1,-442355.61324779695,-426717.0892104822,-15635.582957093911,-67.82292110641895,
5031,4owm,31,1,5,0.80322265625,-1,-442356.2253909046,-426717.0892104822,-15635.681261461821,-79.67232394100093,
5032,4owm,32,1,5,0.80322265625,-1,-442348.2233959004,-426717.0892104822,-15635.678209925185,104.78769448693501,
5033,4owm,33,1,5,0.80322265625,-1,-442355.38587954664,-426717.0892104822,-15635.68044377177,-60.33158849728473,
5034,4owm,34,1,5,0.80322265625,-1,-442355.66566438455,-426717.0892104822,-15635.684674064447,-66.6860272676123,
5035,4owm,35,1,5,0.80322265625,-1,-442358.4843562912,-426717.0892104822,-15635.677157915894,-131.85993330356845,
5036,4owm,36,1,5,0.80322265625,-1,-442342.347639149,-426717.0892104822,-15635.68217969906,240.37740925393885,
5037,4owm,37,1,5,0.80322265625,-1,-442321.63868203067,-426717.0892104822,-15635.583132274525,715.6532175324596,
5038,4owm,38,1,5,0.80322265625,-1,-442348.15724098554,-426717.0892104822,-15635.681153908437,106.38115293166642,
5039,4owm,39,1,5,0.80322265625,-1,-442356.9562588951,-426717.0892104822,-15635.67991116856,-96.55767869672492,
5040,4owm,40,1,5,0.80322265625,-1,-442356.56543069857,-426717.0892104822,-15635.683199547188,-87.46913456419142,
5041,4owm,41,1,5,0.80322265625,-1,-442355.1753358891,-426717.0892104822,-15635.682273485216,-55.43414221777716,
5042,4owm,42,1,5,0.80322265625,-1,-442355.94445398235,-426717.0892104822,-15635.677999193698,-73.26899429843392,
5043,4owm,43,1,5,0.80322265625,-1,-442356.2822331495,-426717.0892104822,-15635.576323173083,-83.40307167567772,
5044,4owm,44,1,5,0.80322265625,-1,-442346.81842890324,-426717.0892104822,-15635.58364306317,135.0062394806294,
5045,4owm,45,1,5,0.80322265625,-1,-442355.51279612846,-426717.0892104822,-15635.678526059584,-63.302577896477985,
5046,4owm,46,1,5,0.80322265625,-1,-442356.97604777245,-426717.0892104822,-15635.68270233371,-96.94965525168314,
5047,4owm,47,1,5,0.80322265625,-1,-442355.1774556199,-426717.0892104822,-15635.578366215928,-57.87918292483307,
5048,4owm,48,1,5,0.80322265625,-1,-442350.65818307834,-426717.0892104822,-15635.685257403302,48.802687018723184,
5049,4owm,49,1,5,0.80322265625,-1,-442354.58300877386,-426717.0892104822,-15635.678548077482,-41.86066438860185,
5050,4owm,50,1,5,0.80322265625,-1,-442356.45941150724,-426717.0892104822,-15635.682293388834,-85.04517043966709,
5051,4owm,51,1,5,0.80322265625,-1,-442336.512718003,-426717.0892104822,-15635.57682191005,372.50427909603735,
5052,4owm,52,1,5,0.80322265625,-1,-442355.4724464947,-426717.0892104822,-15635.678919290393,-62.36302511883564,
5053,4owm,53,1,5,0.80322265625,-1,-442355.40915633953,-426717.0892104822,-15635.683628635841,-60.79491938297278,
5054,4owm,54,1,5,0.80322265625,-1,-442354.9963219226,-426717.0892104822,-15635.683334067531,-51.28152447117724,
5055,4owm,55,1,5,0.80322265625,-1,-442355.07707970147,-426717.0892104822,-15635.678645674183,-53.25196001312754,
5056,4owm,56,1,5,0.80322265625,-1,-442354.8976954237,-426717.0892104822,-15635.674897695688,-49.201690732576466,
5057,4owm,57,1,5,0.80322265625,-1,-442353.1090932967,-426717.0892104822,-15635.675754035774,-7.935798161544212,
5058,4owm,58,1,5,0.80322265625,-1,-442354.8024731534,-426717.0892104822,-15635.677829297032,-46.938208680975336,
5059,4owm,59,1,5,0.80322265625,-1,-442355.89870707906,-426717.0892104822,-15635.680201423385,-72.16326102410672,
5060,4owm,60,1,5,0.80322265625,-1,-442356.13979659305,-426717.0892104822,-15635.677068429453,-77.79516584937973,
5061,4owm,61,1,5,0.80322265625,-1,-442352.264471606,-426717.0892104822,-15635.586762607709,9.489449651948817,
5062,4owm,62,1,5,0.80322265625,-1,-442355.5700791544,-426717.0892104822,-15635.680945296086,-64.56776693683653,
5063,4owm,63,1,5,0.80322265625,-1,-442342.5912593491,-426717.0892104822,-15635.678179793333,234.66715396006802,
5064,4owm,64,1,5,0.80322265625,-1,-442355.0302300712,-426717.0892104822,-15635.679571296494,-52.15023651634052,
5065,4owm,65,1,5,0.80322265625,-1,-442353.4155103105,-426717.0892104822,-15635.674696457072,-15.026330708854031,
5066,4owm,66,1,5,0.80322265625,-1,-442354.4613140884,-426717.0892104822,-15635.680455074065,-39.01034188733696,
5067,4owm,67,1,5,0.80322265625,-1,-442355.59853295435,-426717.0892104822,-15635.579881827984,-67.5545060917466,
5068,4owm,68,1,5,0.80322265625,-1,-442355.8830063614,-426717.0892104822,-15635.583802419338,-74.02420771650978,
5069,4owm,69,1,5,0.80322265625,-1,-442354.5252107401,-426717.0892104822,-15635.582465055264,-42.74353719624046,
5070,4owm,70,1,5,0.80322265625,-1,-442355.9149796562,-426717.0892104822,-15635.678785732644,-72.57116217223863,
5071,4owm,71,1,5,0.80322265625,-1,-442354.6469793438,-426717.0892104822,-15635.584843630757,-45.49673665182729,
5072,4owm,72,1,5,0.80322265625,-1,-442355.0400222618,-426717.0892104822,-15635.682565696314,-52.306997295056384,
5073,4owm,73,1,5,0.80322265625,-1,-442352.01270408387,-426717.0892104822,-15635.578467402294,15.10405465703486,
5074,4owm,74,1,5,0.80322265625,-1,-442356.48098929256,-426717.0892104822,-15635.680895233396,-85.57500822037575,
5075,4owm,75,1,5,0.80322265625,-1,-442355.1156913785,-426717.0892104822,-15635.679449616913,-54.1238270778436,
5076,4owm,76,1,5,0.80322265625,-1,-442354.60451470007,-426717.0892104822,-15635.678776241064,-42.35134125144395,
5077,4owm,77,1,5,0.80322265625,-1,-442354.78930459934,-426717.0892104822,-15635.676124530266,-46.67384746589003,
5078,4owm,78,1,5,0.80322265625,-1,-442358.7958823169,-426717.0892104822,-15635.678792334396,-139.00620353374097,
5079,4owm,79,1,5,0.80322265625,-1,-442353.688888073,-426717.0892104822,-15635.6792337373,-21.225939509661046,
5080,4owm,80,1,5,0.80322265625,-1,-442355.0332755094,-426717.0892104822,-15635.67988893444,-52.2131410847061,
5081,4owm,81,1,5,0.80322265625,-1,-442354.08708999475,-426717.0892104822,-15635.676657928037,-30.468093544494113,
5082,4owm,82,1,5,0.80322265625,-1,-442354.68235380104,-426717.0892104822,-15635.678878093671,-44.14400478544672,
5083,4owm,83,1,5,0.80322265625,-1,-442357.3426258343,-426717.0892104822,-15635.680585137694,-105.45196988021466,
5084,4owm,84,1,5,0.80322265625,-1,-442355.230165006,-426717.0892104822,-15635.582198345242,-59.006319242818,
5085,4owm,85,1,5,0.80322265625,-1,-442354.75625928893,-426717.0892104822,-15635.67906691582,-45.84395148178344,
5086,4owm,86,1,5,0.80322265625,-1,-442355.3081206187,-426717.0892104822,-15635.582253300756,-60.8027510734436,
5087,4owm,87,1,5,0.80322265625,-1,-442355.4423003441,-426717.0892104822,-15635.011105943284,-77.0679800048926,
5088,4owm,88,1,5,0.80322265625,-1,-442354.88071726944,-426717.0892104822,-15635.072710401824,-62.696934087552506,
5089,4owm,89,1,5,0.80322265625,-1,-442356.03574048064,-426717.0892104822,-15634.95499903412,-92.04689072018644,
5090,4owm,90,1,5,0.80322265625,-1,-442355.53266748204,-426717.0892104822,-15635.327556285658,-71.8543774548822,
5091,4owm,91,1,5,0.80322265625,-1,-442345.5037853664,-426717.0892104822,-15634.895323208137,149.44960670171227,
5092,4owm,92,1,5,0.80322265625,-1,-442342.03006043803,-426717.0892104822,-15635.263316644316,238.0417367997025,
5093,4owm,93,1,5,0.80322265625,-1,-442354.14736693876,-426717.0892104822,-15634.64412182823,-55.66896101148465,
5094,4owm,94,1,5,0.80322265625,-1,-442355.11165532336,-426717.0892104822,-15635.121473988735,-66.89797709760887,
5095,4owm,95,1,5,0.80322265625,-1,-442355.1418829959,-426717.0892104822,-15635.09649168051,-68.17114949980112,
5096,4owm,96,1,5,0.80322265625,-1,-442354.6964987536,-426717.0892104822,-15635.133216140195,-57.05345871854838,
5097,4owm,97,1,5,0.80322265625,-1,-442355.14226891694,-426717.0892104822,-15635.211240304352,-65.5338829218112,
5098,4owm,98,1,5,0.80322265625,-1,-442355.63774789457,-426717.0892104822,-15635.779020004366,-63.86658865495689,
5099,4owm,99,1,5,0.80322265625,-1,-442357.78146150766,-426717.0892104822,-15635.774100031686,-113.41525623028684,
5100,4owm,100,1,5,0.80322265625,-1,-442355.95881708665,-426717.0892104822,-15635.580918829115,-75.83894174309278,
6001,2qbp,1,0,6,0.703125,-2,-562047.6210163948,-426717.0892104822,-135325.4822961895,-116.44446049113391,
6002,2qbp,2,0,6,0.703125,-2,-562030.6114341848,-426717.0892104822,-135324.93429589717,263.1686366885849,
6003,2qbp,3,0,6,0.703125,-2,-562028.0988300676,-426717.0892104822,-135324.84195862807,318.98131610376123,
6004,2qbp,4,0,6,0.703125,-2,-562045.7386830302,-426717.0892104822,-135325.25160290525,-78.35673541987849,
6005,2qbp,5,0,6,0.703125,-2,-562046.3928977222,-426717.0892104822,-135324.97838292026,-99.74388714718174,
6006,2qbp,6,0,6,0.703125,-2,-562047.6869912,-426717.0892104822,-135324.9271402429,-130.76807590130284,
6007,2qbp,7,0,6,0.703125,-2,-562034.6770673271,-426717.0892104822,-135325.04441737052,171.95237065332816,
6008,2qbp,8,0,6,0.703125,-2,-562048.1524505765,-426717.0892104822,-135325.14868742297,-136.39282477482402,
6009,2qbp,9,0,6,0.703125,-2,-561982.0469707526,-426717.0892104822,-135314.7267098935,1147.6992432618977,
6010,2qbp,10,0,6,0.703125,-2,-562025.1583565536,-426717.0892104822,-135323.3926023553,353.3672965644098,
6011,2qbp,11,0,6,0.703125,-2,-562028.497653109,-426717.0892104822,-135321.01586377798,221.5523949851943,
6012,2qbp,12,0,6,0.703125,-2,-562038.1434105745,-426717.0892104822,-135324.85642761478,87.68144964436036,
6013,2qbp,13,0,6,0.703125,-2,-562018.839481348,-426717.0892104822,-135321.0140993698,444.23443861568205,
6014,2qbp,14,0,6,0.703125,-2,-561990.5811816016,-426717.0892104822,-135320.20505563312,1077.2293197439235,
6015,2qbp,15,0,6,0.703125,-2,-561994.3212464112,-426717.0892104822,-135320.68808943176,1002.1204003305746,
6016,2qbp,16,0,6,0.703125,-2,-562005.2311020991,-426717.0892104822,-135309.77979884256,498.98199453267836,
6017,2qbp,17,0,6,0.703125,-2,-562035.6393212153,-426717.0892104822,-135324.67612290592,141.26919672141184,
6018,2qbp,18,0,6,0.703125,-2,-562019.9903281947,-426717.0892104822,-135324.48091355953,497.6419143055603,
6019,2qbp,19,0,6,0.703125,-2,-561993.8497062115,-426717.0892104822,-135322.63708489205,1057.939278693714,
6020,2qbp,20,0,6,0.703125,-2,-562030.4853593147,-426717.0892104822,-135325.3925100875,276.64266251376705,
6021,2qbp,21,0,6,0.703125,-2,-562039.8306759546,-426717.0892104822,-135324.20174921222,33.6749430288911,
6022,2qbp,22,0,6,0.703125,-2,-562028.1818727853,-426717.0892104822,-135324.7924954738,315.92565810409263,
6023,2qbp,23,0,6,0.703125,-2,-561985.0184042256,-426717.0892104822,-135316.5642120361,1121.550165581794,
6024,2qbp,24,0,6,0.703125,-2,-562047.0801117208,-426717.0892104822,-135325.4602374671,-104.47958860772164,
6025,2qbp,25,0,6,0.703125,-2,-561996.8160739288,-426717.0892104822,-135304.29615038782,566.5812166711071,
6026,2qbp,26,0,6,0.703125,-2,-562011.7764964532,-426717.0892104822,-135323.06875544784,654.4922343735192,
6027,2qbp,27,0,6,0.703125,-2,-562031.9265014749,-426717.0892104822,-135324.9737788491,233.75296304611953,
6028,2qbp,28,0,6,0.703125,-2,-562014.8195658595,-426717.0892104822,-135322.20960329522,564.5048674686808,
6029,2qbp,29,0,6,0.703125,-2,-561964.1725868038,-426717.0892104822,-135324.99651246335,1796.7196026304264,
6030,2qbp,30,0,6,0.703125,-2,-562022.5159518098,-426717.0892104822,-135322.28018500697,388.6496440781,
6031,2qbp,31,0,6,0.703125,-2,-562033.7314973099,-426717.0892104822,-135325.1758557679,196.78877471233122,
6032,2qbp,32,0,6,0.703125,-2,-562025.1818943603,-426717.0892104822,-135325.47512816876,400.8486879768868,
6033,2qbp,33,0,6,0.703125,-2,-562037.042195648,-426717.0892104822,-135325.0487328116,117.51073232005056,
6034,2qbp,34,0,6,0.703125,-2,-562045.9504705747,-426717.0892104822,-135323.63184594183,-120.59315514701174,
6035,2qbp,35,0,6,0.703125,-2,-562025.9997837943,-426717.0892104822,-135325.44258135484,381.23716220630854,
6036,2qbp,36,0,6,0.703125,-2,-562035.4073111996,-426717.0892104822,-135321.54318920383,74.37230729971114,
6037,2qbp,37,0,6,0.703125,-2,-562026.4488927714,-426717.0892104822,-135324.77097867022,355.3929373266576,
6038,2qbp,38,0,6,0.703125,-2,-562034.168808586,-426717.0892104822,-135325.16057367154,186.351723598773,
6039,2qbp,39,0,6,0.703125,-2,-562040.8604373729,-426717.0892104822,-135324.58405565048,18.744276492320328,
6040,2qbp,40,0,6,0.703125,-2,-562047.1585947339,-426717.0892104822,-135324.8780064414,-119.71601630167439,
6041,2qbp,41,0,6,0.703125,-2,-562037.6477216816,-426717.0892104822,-135315.80202045295,-109.68728236518878,
6042,2qbp,42,0,6,0.703125,-2,-562038.4594245102,-426717.0892104822,-135323.1865760652,41.88630363539029,
6043,2qbp,43,0,6,0.703125,-2,-562041.9955234954,-426717.0892104822,-135325.68490230732,17.95469565807356,
6044,2qbp,44,0,6,0.703125,-2,-562042.5883273198,-426717.0892104822,-135324.57292182348,-21.35856442432715,
6045,2qbp,45,0,6,0.703125,-2,-562029.7294880808,-426717.0892104822,-135325.1536628644,288.5655194443573,
6046,2qbp,46,0,6,0.703125,-2,-562047.5414437068,-426717.0892104822,-135324.8777293525,-128.55111317536583,
6047,2qbp,47,0,6,0.703125,-2,-562042.1904133356,-426717.0892104822,-135322.95039678033,-49.59876632175166,
6048,2qbp,48,0,6,0.703125,-2,-562007.5478914757,-426717.0892104822,-135324.7662088117,791.150386201065,
6049,2qbp,49,0,6,0.703125,-2,-562023.9722448111,-426717.0892104822,-135306.41970019435,-10.684738971951623,
6050,2qbp,50,0,6,0.703125,-2,-562039.5896180075,-426717.0892104822,-135322.84235101187,7.885404126619508,
6051,2qbp,51,0,6,0.703125,-2,-562013.0550943987,-426717.0892104822,-135320.8472054422,573.7769051329931,
6052,2qbp,52,0,6,0.703125,-2,-562041.8588878375,-426717.0892104822,-135325.0990700079,7.595975020553204,
6053,2qbp,53,0,6,0.703125,-2,-562003.6594869009,-426717.0892104822,-135325.42201157092,895.9422967802385,
6054,2qbp,54,0,6,0.703125,-2,-562030.7863338635,-426717.0892104822,-135314.36466610702,15.393900955313084,
6055,2qbp,55,0,6,0.703125,-2,-562043.512917908,-426717.0892104822,-135325.50406271307,-21.207510885812678,
6056,2qbp,56,0,6,0.703125,-2,-562029.2364598779,-426717.0892104822,-135312.15493950664,0.17733817053765166,
6057,2qbp,57,0,6,0.703125,-2,-562034.1516384038,-426717.0892104822,-135322.56748057876,126.94953011113132,
6058,2qbp,58,0,6,0.703125,-2,-561994.9318924437,-426717.0892104822,-135315.52370441853,868.94502067745,
6059,2qbp,59,0,6,0.703125,-2,-562015.7636861597,-426717.0892104822,-135322.57715548,551.2088908641945,
6060,2qbp,60,0,6,0.703125,-2,-562007.1338947077,-426717.0892104822,-135323.67969216112,775.6417092836167,
6061,2qbp,61,0,6,0.703125,-2,-562040.992621326,-426717.0892104822,-135321.96445745998,-44.71332724905356,
6062,2qbp,62,0,6,0.703125,-2,-562030.6522204749,-426717.0892104822,-135323.06819023445,219.1946636033876,
6063,2qbp,63,0,6,0.703125,-2,-562021.2172483711,-426717.0892104822,-135315.85901424082,270.5227412632,
6064,2qbp,64,0,6,0.703125,-2,-562047.4656314678,-426717.0892104822,-135324.29955286212,-140.13590802079264,
6065,2qbp,65,0,6,0.703125,-2,-562035.9980573674,-426717.0892104822,-135324.59828737765,131.20161460567954,
6066,2qbp,66,0,6,0.703125,-2,-562028.4978577079,-426717.0892104822,-135323.12133750564,270.10105442567857,
6067,2qbp,67,0,6,0.703125,-2,-562036.4134603097,-426717.0892104822,-135323.8554189364,104.49124196376225,
6068,2qbp,68,0,6,0.703125,-2,-562028.6707502753,-426717.0892104822,-135325.00987994613,309.6648803856963,
6069,2qbp,69,0,6,0.703125,-2,-562017.6231363014,-426717.0892104822,-135313.76874006944,305.2020670467997,
6070,2qbp,70,0,6,0.703125,-2,-562014.8565990223,-426717.0892104822,-135323.3268183337,589.4144532790905,
6071,2qbp,71,0,6,0.703125,-2,-562039.3639036132,-426717.0892104822,-135323.3771597171,25.423483441184647,
6072,2qbp,72,0,6,0.703125,-2,-562030.7885136922,-426717.0892104822,-135317.1350047688,79.22916012783712,
6073,2qbp,73,0,6,0.703125,-2,-562026.0012915293,-426717.0892104822,-135324.7149038229,364.42175048056106,
6074,2qbp,74,0,6,0.703125,-2,-562038.952368298,-426717.0892104822,-135322.58768631125,16.708024024761304,
6075,2qbp,75,0,6,0.703125,-2,-562033.9980798486,-426717.0892104822,-135325.5008921903,198.13675329225666,
6076,2qbp,76,0,6,0.703125,-2,-562025.5802230423,-426717.0892104822,-135325.09159549748,382.81853684383617,
6077,2qbp,77,0,6,0.703125,-2,-561988.8125300279,-426717.0892104822,-135314.22579177518,980.1302937667286,
6078,2qbp,78,0,6,0.703125,-2,-562031.4821583198,-426717.0892104822,-135324.81571038603,240.3546142753593,
6079,2qbp,79,0,6,0.703125,-2,-562026.304811865,-426717.0892104822,-135324.92278834787,362.21633629309946,
6080,2qbp,80,0,6,0.703125,-2,-562046.4729498556,-426717.0892104822,-135323.97998556803,-124.6135230938944,
6081,2qbp,81,0,6,0.703125,-2,-562014.1741043122,-426717.0892104822,-135324.79174608772,638.9351917249862,
6082,2qbp,82,0,6,0.703125,-2,-562047.665326792,-426717.0892104822,-135322.77581477008,-179.87922675111395,
6083,2qbp,83,0,6,0.703125,-2,-562049.0980540472,-426717.0892104822,-135324.1911113861,-180.2811868384266,
6084,2qbp,84,0,6,0.703125,-2,-562044.3517898257,-426717.0892104822,-135324.14923263027,-71.7954807941063,
6085,2qbp,85,0,6,0.703125,-2,-562045.2977798111,-426717.0892104822,-135324.23310426433,-91.67640226996836,
6086,2qbp,86,0,6,0.703125,-2,-562048.4125003762,-426717.0892104822,-135324.3026647815,-161.89946120811388,
6087,2qbp,87,0,6,0.703125,-2,-562033.0911023272,-426717.0892104822,-135323.75955635955,178.8959935912359,
6088,2qbp,88,0,6,0.703125,-2,-562048.5028208119,-426717.0892104822,-135324.28296828785,-164.43651186989172,
6089,2qbp,89,0,6,0.703125,-2,-562049.7855461917,-426717.0892104822,-135324.38425521323,-191.6811298571341,
6090,2qbp,90,0,6,0.703125,-2,-562048.0269839212,-426717.0892104822,-135325.34458189254,-128.98206118263596,
6091,2qbp,91,0,6,0.703125,-2,-562051.3431863751,-426717.0892104822,-135325.2739277854,-207.0848289044288,
6092,2qbp,92,0,6,0.703125,-2,-562029.0957591844,-426717.0892104822,-135324.19564060232,281.08713677343314,
6093,2qbp,93,0,6,0.703125,-2,-562037.1453185019,-426717.0892104822,-135324.51067295476,102.72470775026848,
6094,2qbp,94,0,6,0.703125,-2,-562047.1577244631,-426717.0892104822,-135325.24077177764,-111.33037999340642,
6095,2qbp,95,0,6,0.703125,-2,-562042.6386047757,-426717.0892104822,-135325.75883275815,4.829765732592734,
6096,2qbp,96,0,6,0.703125,-2,-562046.1794912904,-426717.0892104822,-135325.18932774596,-89.95811467583562,
6097,2qbp,97,0,6,0.703125,-2,-562048.8997995527,-426717.0892104822,-135325.53505712008,-144.71720470627446,
6098,2qbp,98,0,6,0.703125,-2,-562015.2081707148,-426717.0892104822,-135325.14836088454,623.3127865673576,
6099,2qbp,99,0,6,0.703125,-2,-562041.4722701053,-426717.0892104822,-135325.25842456584,20.18639513192989,
6100,2qbp,100,0,6,0.703125,-2,-562038.1712773464,-426717.0892104822,-135325.15656974458,93.96026855797827,
7001,2qbq,1,0,7,0.703125,-2,-543617.2563000603,-426717.0892104822,-116888.88658637635,-260.1345836377313,
7002,2qbq,2,0,7,0.703125,-2,-543615.4514731984,-426717.0892104822,-116888.61317949038,-224.81920003301443,
7003,2qbq,3,0,7,0.703125,-2,-543614.4801923163,-426717.0892104822,-116888.95845840985,-194.45860975889906,
7004,2qbq,4,0,7,0.703125,-2,-543610.8386363129,-426717.0892104822,-116888.96839754064,-110.25313156182152,
7005,2qbq,5,0,7,0.703125,-2,-543611.6783768903,-426717.0892104822,-116889.30327735105,-121.89549742643216,
7006,2qbq,6,0,7,0.703125,-2,-543611.6840210276,-426717.0892104822,-116888.92549569106,-130.7375063663944,
7007,2qbq,7,0,7,0.703125,-2,-543610.5314681922,-426717.0892104822,-116888.2001139522,-120.88670686243086,
7008,2qbq,8,0,7,0.703125,-2,-543609.8023947149,-426717.0892104822,-116889.14924626517,-82.18636196584471,
7009,2qbq,9,0,7,0.703125,-2,-543612.9624049419,-426717.0892104822,-116889.01672529156,-158.11393520135962,
7010,2qbq,10,0,7,0.703125,-2,-543600.9341642812,-426717.0892104822,-116889.08283865069,120.78849415281364,
7011,2qbq,11,0,7,0.703125,-2,-543610.145612469,-426717.0892104822,-116888.77914011796,-98.63600190928297,
7012,2qbq,12,0,7,0.703125,-2,-543578.6492412909,-426717.0892104822,-116887.68185783,602.3836414485017,
7013,2qbq,13,0,7,0.703125,-2,-543597.9182820693,-426717.0892104822,-116888.94787427074,187.22403761425244,
7014,2qbq,14,0,7,0.703125,-2,-543610.316310746,-426717.0892104822,-116889.00274472986,-97.41595284423771,
7015,2qbq,15,0,7,0.703125,-2,-543571.8516386751,-426717.0892104822,-116888.2651662217,772.5914927700338,
7016,2qbq,16,0,7,0.703125,-2,-543578.8769895057,-426717.0892104822,-116881.38091608223,451.82847429416125,
7017,2qbq,17,0,7,0.703125,-2,-543607.6293742416,-426717.0892104822,-116886.11264350408,-102.10104261829382,
7018,2qbq,18,0,7,0.703125,-2,-543589.7455001686,-426717.0892104822,-116888.62166852457,368.1703823305482,
7019,2qbq,19,0,7,0.703125,-2,-543569.49575982,-426717.0892104822,-116887.4745247402,808.6867240904027,
7020,2qbq,20,0,7,0.703125,-2,-543572.1672008546,-426717.0892104822,-116888.21792700599,764.2250938417453,
7021,2qbq,21,0,7,0.703125,-2,-543593.3820762964,-426717.0892104822,-116886.25886883162,229.82148926381072,
7022,2qbq,22,0,7,0.703125,-2,-543595.951302607,-426717.0892104822,-116880.8000679469,44.690784140881505,
7023,2qbq,23,0,7,0.703125,-2,-543607.8910750487,-426717.0892104822,-116888.99922905744,-41.56976237807312,
7024,2qbq,24,0,7,0.703125,-2,-543612.163099075,-426717.0892104822,-116889.30479004227,-133.03857306343514,
7025,2qbq,25,0,7,0.703125,-2,-543606.9113838491,-426717.0892104822,-116887.8210565689,-46.14684963520938,
7026,2qbq,26,0,7,0.703125,-2,-543594.3694708679,-426717.0892104822,-116887.81215146711,242.87117802937584,
7027,2qbq,27,0,7,0.703125,-2,-543610.2950261185,-426717.0892104822,-116888.89970446395,-99.30128265429725,
7028,2qbq,28,0,7,0.703125,-2,-543612.0416639347,-426717.0892104822,-116889.07150369661,-135.6179231353471,
7029,2qbq,29,0,7,0.703125,-2,-543609.4301810889,-426717.0892104822,-116888.6924830274,-84.13612233109808,
7030,2qbq,30,0,7,0.703125,-2,-543610.6004769877,-426717.0892104822,-116887.95656280628,-128.09451033979857,
7031,2qbq,31,0,7,0.703125,-2,-543597.0217007926,-426717.0892104822,-116888.78272359156,204.09122789237747,
7032,2qbq,32,0,7,0.703125,-2,-543601.9646072687,-426717.0892104822,-116888.71360192394,88.51111315589634,
7033,2qbq,33,0,7,0.703125,-2,-543601.8392641515,-426717.0892104822,-116888.40529970718,84.29197608872546,
7034,2qbq,34,0,7,0.703125,-2,-543607.3221925645,-426717.0892104822,-116888.93499596955,-29.932270836290634,
7035,2qbq,35,0,7,0.703125,-2,-543599.3751359484,-426717.0892104822,-116888.3938632528,140.85239147393375,
7036,2qbq,36,0,7,0.703125,-2,-543610.6975985793,-426717.0892104822,-116887.33218354566,-144.7327152542179,
7037,2qbq,37,0,7,0.703125,-2,-543601.8554560271,-426717.0892104822,-116888.99122215278,97.43027514948,
7038,2qbq,38,0,7,0.703125,-2,-543603.5343091136,-426717.0892104822,-116888.3188958715,43.21079087952572,
7039,2qbq,39,0,7,0.703125,-2,-543610.8526176525,-426717.0892104822,-116888.60394980008,-118.97991346626078,
7040,2qbq,40,0,7,0.703125,-2,-543610.6980569229,-426717.0892104822,-116888.88506546975,-108.93297702157174,
7041,2qbq,41,0,7,0.703125,-2,-543609.4501376527,-426717.0892104822,-116889.02884170692,-76.83971620831177,
7042,2qbq,42,0,7,0.703125,-2,-543568.2349283025,-426717.0892104822,-116888.94789137041,871.738831254337,
7043,2qbq,43,0,7,0.703125,-2,-543609.8039401562,-426717.0892104822,-116888.85353846311,-89.04118460290026,
7044,2qbq,44,0,7,0.703125,-2,-543580.8986873847,-426717.0892104822,-116888.95143370098,579.7872973071532,
7045,2qbq,45,0,7,0.703125,-2,-543611.906774895,-426717.0892104822,-116888.55233494888,-144.47962372335203,
7046,2qbq,46,0,7,0.703125,-2,-543591.7112629336,-426717.0892104822,-116886.5631183631,275.36752160630147,
7047,2qbq,47,0,7,0.703125,-2,-543561.9767069805,-426717.0892104822,-116888.19041038811,998.5889169612033,
7048,2qbq,48,0,7,0.703125,-2,-543606.762137171,-426717.0892104822,-116889.013873778,-15.198121172239698,
7049,2qbq,49,0,7,0.703125,-2,-543595.0251532291,-426717.0892104822,-116887.78678235752,227.16575801176467,
7050,2qbq,50,0,7,0.703125,-2,-543610.0463183983,-426717.0892104822,-116888.43166144843,-104.3592747232602,
7051,2qbq,51,0,7,0.703125,-2,-543572.4411213256,-426717.0892104822,-116888.6428319565,767.7068786541116,
7052,2qbq,52,0,7,0.703125,-2,-543576.401400237,-426717.0892104822,-116889.25453237683,690.4868241961276,
7053,2qbq,53,0,7,0.703125,-2,-543603.8203007574,-426717.0892104822,-116887.89692402388,26.88476492349541,
7054,2qbq,54,0,7,0.703125,-2,-543610.8353753971,-426717.0892104822,-116888.82696409813,-113.43946572396807,
7055,2qbq,55,0,7,0.703125,-2,-543612.9262972791,-426717.0892104822,-116888.01119074822,-180.4694501474939,
7056,2qbq,56,0,7,0.703125,-2,-543610.0767123123,-426717.0892104822,-116888.06696036026,-113.47038191772484,
7057,2qbq,57,0,7,0.703125,-2,-543604.6727213402,-426717.0892104822,-116887.7994007819,4.978539916250398,
7058,2qbq,58,0,7,0.703125,-2,-543611.0638644325,-426717.0892104822,-116886.98894862959,-161.09419167915058,
7059,2qbq,59,0,7,0.703125,-2,-543605.0609294886,-426717.0892104822,-116887.07266869448,-20.732592720674173,
7060,2qbq,60,0,7,0.703125,-2,-543612.2306116179,-426717.0892104822,-116887.93918372394,-166.08707911072543,
7061,2qbq,61,0,7,0.703125,-2,-543590.272360975,-426717.0892104822,-116888.20787008601,346.47826482001267,
7062,2qbq,62,0,7,0.703125,-2,-543609.8285585735,-426717.0892104822,-116887.73076283945,-115.50071976409407,
7063,2qbq,63,0,7,0.703125,-2,-543611.030659593,-426717.0892104822,-116887.75648978366,-142.62855039276943,
7064,2qbq,64,0,7,0.703125,-2,-543606.8314241063,-426717.0892104822,-116887.42497015826,-53.4369037783739,
7065,2qbq,65,0,7,0.703125,-2,-543583.6657453338,-426717.0892104822,-116887.46296814314,481.65259393126274,
7066,2qbq,66,0,7,0.703125,-2,-543613.4758663676,-426717.0892104822,-116887.9696022533,-194.10186787533675,
7067,2qbq,67,0,7,0.703125,-2,-543608.5625360821,-426717.0892104822,-116886.55636659796,-113.38776824587245,
7068,2qbq,68,0,7,0.703125,-2,-543597.4235044388,-426717.0892104822,-116888.20615900963,181.5295205706951,
7069,2qbq,69,0,7,0.703125,-2,-543613.1611171211,-426717.0892104822,-116888.44244529368,-175.93955827362103,
7070,2qbq,70,0,7,0.703125,-2,-543611.2195919066,-426717.0892104822,-116886.74795780974,-170.24273287279007,
7071,2qbq,71,0,7,0.703125,-2,-543609.2814915434,-426717.0892104822,-116888.42914626471,-86.77994996758251,
7072,2qbq,72,0,7,0.703125,-2,-543584.9635560954,-426717.0892104822,-116887.42951321129,450.9528777320197,
7073,2qbq,73,0,7,0.703125,-2,-543609.7991362169,-426717.0892104822,-116887.98326155162,-108.99946547250192,
7074,2qbq,74,0,7,0.703125,-2,-543600.0823278269,-426717.0892104822,-116887.99105811444,115.25525217550752,
7075,2qbq,75,0,7,0.703125,-2,-543611.1705203671,-426717.0892104822,-116888.4195706449,-130.56280854868754,
7076,2qbq,76,0,7,0.703125,-2,-543611.0562647736,-426717.0892104822,-116888.27657290788,-131.22561812376105,
7077,2qbq,77,0,7,0.703125,-2,-543612.3585233963,-426717.0892104822,-116887.87055345588,-170.61944637372528,
7078,2qbq,78,0,7,0.703125,-2,-543609.930720239,-426717.0892104822,-116888.25563960162,-105.7526780574598,
7079,2qbq,79,0,7,0.703125,-2,-543611.4517858168,-426717.0892104822,-116887.2524332258,-163.96377218270362,
7080,2qbq,80,0,7,0.703125,-2,-543600.1732973076,-426717.0892104822,-116888.00906226778,113.57263175429786,
7081,2qbq,81,0,7,0.703125,-2,-543597.9715743471,-426717.0892104822,-116887.63306804969,155.67493674327534,
7082,2qbq,82,0,7,0.703125,-2,-543611.176987101,-426717.0892104822,-116888.03868394955,-139.49539083060534,
7083,2qbq,83,0,7,0.703125,-2,-543603.6750550298,-426717.0892104822,-116887.85145114448,29.18558146202325,
7084,2qbq,84,0,7,0.703125,-2,-543614.7616850401,-426717.0892104822,-116888.18443053444,-218.79949302158073,
7085,2qbq,85,0,7,0.703125,-2,-543609.270669441,-426717.0892104822,-116888.91322864877,-75.36718138525555,
7086,2qbq,86,0,7,0.703125,-2,-543603.9212753872,-426717.0892104822,-116887.95173121586,25.820118516514825,
7087,2qbq,87,0,7,0.703125,-2,-543605.2548391627,-426717.0892104822,-116889.26036564836,25.245234209317765,
7088,2qbq,88,0,7,0.703125,-2,-543578.3262242266,-426717.0892104822,-116887.01495038657,594.4533409108626,
7089,2qbq,89,0,7,0.703125,-2,-543600.7496950815,-426717.0892104822,-116889.18957447307,127.5038414939345,
7090,2qbq,90,0,7,0.703125,-2,-543611.0414805692,-426717.0892104822,-116888.7591492158,-119.75621223993487,
7091,2qbq,91,0,7,0.703125,-2,-543610.710805362,-426717.0892104822,-116888.89221917772,-109.06199458614884,
7092,2qbq,92,0,7,0.703125,-2,-543609.6799922968,-426717.0892104822,-116888.38848262576,-96.90732144409074,
7093,2qbq,93,0,7,0.703125,-2,-543599.7811564339,-426717.0892104822,-116888.6407904554,137.1836132154641,
7094,2qbq,94,0,7,0.703125,-2,-543612.6309375155,-426717.0892104822,-116889.27531950592,-144.50679051194,
7095,2qbq,95,0,7,0.703125,-2,-543610.1745613985,-426717.0892104822,-116889.17026920215,-90.28392912890772,
7096,2qbq,96,0,7,0.703125,-2,-543598.6752639794,-426717.0892104822,-116889.08622740083,172.95811904347372,
7097,2qbq,97,0,7,0.703125,-2,-543612.0964546994,-426717.0892104822,-116889.3936081076,-129.45352400944736,
7098,2qbq,98,0,7,0.703125,-2,-543612.9076132765,-426717.0892104822,-116889.18769537672,-152.90774555407418,
7099,2qbq,99,0,7,0.703125,-2,-543610.1895618225,-426717.0892104822,-116888.68233276092,-101.88192876537613,
7100,2qbq,100,0,7,0.703125,-2,-543597.3801017223,-426717.0892104822,-116888.9852446692,200.4965531075302,
8001,1bzc,1,0,8,0.703125,-1,-476589.31641926506,-426717.0892104822,-49870.8637267729,-31.442642106904422,
8002,1bzc,2,0,8,0.703125,-1,-476582.1995054771,-426717.0892104822,-49870.95580769518,134.8007252193367,
8003,1bzc,3,0,8,0.703125,-1,-476585.08418970054,-426717.0892104822,-49871.13223021802,72.34672673460929,
8004,1bzc,4,0,8,0.703125,-1,-476579.6427785366,-426717.0892104822,-49871.14116416124,198.03467077193693,
8005,1bzc,5,0,8,0.703125,-1,-476591.98113423935,-426717.0892104822,-49871.05073942146,-88.57981509952567,
8006,1bzc,6,0,8,0.703125,-1,-476588.4648547899,-426717.0892104822,-49871.155957444025,-5.0660994275296485,
8007,1bzc,7,0,8,0.703125,-1,-476560.012392794,-426717.0892104822,-49871.10172186192,649.8125590922203,
8008,1bzc,8,0,8,0.703125,-1,-476588.6355647935,-426717.0892104822,-49871.01115536608,-12.341980874747499,
8009,1bzc,9,0,8,0.703125,-1,-476580.2297124747,-426717.0892104822,-49865.31935197678,50.24547427858025,
8010,1bzc,10,0,8,0.703125,-1,-476579.4864510015,-426717.0892104822,-49871.253382601855,204.22748808973583,
8011,1bzc,11,0,8,0.703125,-1,-476575.15603734634,-426717.0892104822,-49870.62407021308,289.57691086886155,
8012,1bzc,12,0,8,0.703125,-1,-476582.43368094537,-426717.0892104822,-49871.075293803406,132.15592574634888,
8013,1bzc,13,0,8,0.703125,-1,-476584.9464686514,-426717.0892104822,-49870.53492585232,61.74848368078821,
8014,1bzc,14,0,8,0.703125,-1,-476570.0490607141,-426717.0892104822,-49870.680719021846,408.65294233104146,
8015,1bzc,15,0,8,0.703125,-1,-476585.15299555985,-426717.0892104822,-49870.385945946306,53.55030178191414,
8016,1bzc,16,0,8,0.703125,-1,-476580.5496919466,-426717.0892104822,-49870.860256861146,170.64287447256194,
8017,1bzc,17,0,8,0.703125,-1,-476579.79522420635,-426717.0892104822,-49870.87436347151,188.3666200461471,
8018,1bzc,18,0,8,0.703125,-1,-476574.12054575694,-426717.0892104822,-49870.6624195775,314.3402715468389,
8019,1bzc,19,0,8,0.703125,-1,-476575.5259680654,-426717.0892104822,-49870.70037462113,282.8057272788259,
8020,1bzc,20,0,8,0.703125,-1,-476586.1390898607,-426717.0892104822,-49867.639080892295,-32.533785971015924,
8021,1bzc,21,0,8,0.703125,-1,-476590.6700513948,-426717.0892104822,-49870.609158439074,-68.5286258179072,
8022,1bzc,22,0,8,0.703125,-1,-476574.6991182701,-426717.0892104822,-49870.97767918738,308.2681317470825,
8023,1bzc,23,0,8,0.703125,-1,-476588.98583920137,-426717.0892104822,-49870.14893032716,-40.30288236251776,
8024,1bzc,24,0,8,0.703125,-1,-476585.3850888317,-426717.0892104822,-49870.88624629381,59.735303878431026,
8025,1bzc,25,0,8,0.703125,-1,-476580.4951974119,-426717.0892104822,-49866.995907850585,82.78554310375988,
8026,1bzc,26,0,8,0.703125,-1,-476590.6554873268,-426717.0892104822,-49869.63132704043,-90.74209816998336,
8027,1bzc,27,0,8,0.703125,-1,-476567.25799600495,-426717.0892104822,-49870.93846505359,478.96018824748546,
8028,1bzc,28,0,8,0.703125,-1,-476590.914101539,-426717.0892104822,-49870.877956563,-67.95792384807487,
8029,1bzc,29,0,8,0.703125,-1,-476589.71877935855,-426717.0892104822,-49870.75684550735,-43.1860268243562,
8030,1bzc,30,0,8,0.703125,-1,-476584.6837975797,-426717.0892104822,-49868.90808636723,30.290012734432818,
8031,1bzc,31,0,8,0.703125,-1,-476582.29140137404,-426717.0892104822,-49870.73326042976,127.5494936337538,
8032,1bzc,32,0,8,0.703125,-1,-476589.4476739138,-426717.0892104822,-49870.80118904373,-35.91160050677302,
8033,1bzc,33,0,8,0.703125,-1,-476582.58711525705,-426717.0892104822,-49871.09678568499,129.11326102622303,
8034,1bzc,34,0,8,0.703125,-1,-476584.4647750613,-426717.0892104822,-49870.126318334704,63.433888551463674,
8035,1bzc,35,0,8,0.703125,-1,-476573.58746470284,-426717.0892104822,-49870.590198499944,324.9679550792609,
8036,1bzc,36,0,8,0.703125,-1,-476587.14637879713,-426717.0892104822,-49865.01844511649,-116.1957173229285,
8037,1bzc,37,0,8,0.703125,-1,-476586.0809894392,-426717.0892104822,-49865.4720720828,-81.16636872270861,
8038,1bzc,38,0,8,0.703125,-1,-476589.84486033214,-426717.0892104822,-49871.26882660054,-34.28695865857002,
8039,1bzc,39,0,8,0.703125,-1,-476590.11638274626,-426717.0892104822,-49868.28864684742,-109.27299201711874,
8040,1bzc,40,0,8,0.703125,-1,-476587.52099127916,-426717.0892104822,-49868.93211621517,-34.58308681838069,
8041,1bzc,41,0,8,0.703125,-1,-476584.9529624702,-426717.0892104822,-49867.64933734338,-4.94451916756891,
8042,1bzc,42,0,8,0.703125,-1,-476592.31176487403,-426717.0892104822,-49871.015490237056,-97.0172041676984,
8043,1bzc,43,0,8,0.703125,-1,-476576.86303883756,-426717.0892104822,-49870.97360337314,258.272947489598,
8044,1bzc,44,0,8,0.703125,-1,-476572.348378718,-426717.0892104822,-49870.70067864784,356.0896894333851,
8045,1bzc,45,0,8,0.703125,-1,-476558.2660813061,-426717.0892104822,-49871.17739608108,691.82854763704,
8046,1bzc,46,0,8,0.703125,-1,-476582.7335152665,-426717.0892104822,-49870.11247237473,103.03839243413013,
8047,1bzc,47,0,8,0.703125,-1,-476582.0276731167,-426717.0892104822,-49870.989420546684,139.53840435469854,
8048,1bzc,48,0,8,0.703125,-1,-476584.9816203279,-426717.0892104822,-49870.92200346517,69.86408856872248,
8049,1bzc,49,0,8,0.703125,-1,-476578.1823722963,-426717.0892104822,-49868.80585037891,177.8588235516457,
8050,1bzc,50,0,8,0.703125,-1,-476584.2173697048,-426717.0892104822,-49871.133339905995,92.36166071968852,
8051,1bzc,51,0,8,0.703125,-1,-476581.3772796193,-426717.0892104822,-49871.07356924074,156.47734969509176,
8052,1bzc,52,0,8,0.703125,-1,-476591.21349289303,-426717.0892104822,-49870.58497165291,-81.6184450204862,
8053,1bzc,53,0,8,0.703125,-1,-476592.83323960716,-426717.0892104822,-49870.34499676343,-124.50464401226606,
8054,1bzc,54,0,8,0.703125,-1,-476566.7864486748,-426717.0892104822,-49862.947898324135,305.5674817504847,
8055,1bzc,55,0,8,0.703125,-1,-476580.9963921661,-426717.0892104822,-49863.48072687281,-9.83428156935783,
8056,1bzc,56,0,8,0.703125,-1,-476566.30360476574,-426717.0892104822,-49868.609153168465,447.25376492915836,
8057,1bzc,57,0,8,0.703125,-1,-476559.640899079,-426717.0892104822,-49871.054308685336,657.286033850084,
8058,1bzc,58,0,8,0.703125,-1,-476584.59063993307,-426717.0892104822,-49869.74883516477,51.82640696012876,
8059,1bzc,59,0,8,0.703125,-1,-476570.9691224404,-426717.0892104822,-49870.95356136938,393.7277088901712,
8060,1bzc,60,0,8,0.703125,-1,-476582.9635454429,-426717.0892104822,-49870.52414733606,107.22722068511946,
8061,1bzc,61,0,8,0.703125,-1,-476552.76501334755,-426717.0892104822,-49870.99059843766,814.3785324236349,
8062,1bzc,62,0,8,0.703125,-1,-476585.6036740595,-426717.0892104822,-49871.0830275051,59.232491312906696,
8063,1bzc,63,0,8,0.703125,-1,-476583.8975171524,-426717.0892104822,-49870.915051233045,94.70377941907752,
8064,1bzc,64,0,8,0.703125,-1,-476581.55478373525,-426717.0892104822,-49870.82021265067,146.5414657751799,
8065,1bzc,65,0,8,0.703125,-1,-476583.0149710965,-426717.0892104822,-49870.82365590587,112.94814864114763,
8066,1bzc,66,0,8,0.703125,-1,-476588.27191761706,-426717.0892104822,-49871.095942309825,-2.000844397904106,
8067,1bzc,67,0,8,0.703125,-1,-476564.223896986,-426717.0892104822,-49870.42594860094,537.1092636267513,
8068,1bzc,68,0,8,0.703125,-1,-476559.1235203344,-426717.0892104822,-49859.071605833386,392.8893788778957,
8069,1bzc,69,0,8,0.703125,-1,-476583.81000609754,-426717.0892104822,-49870.84151498407,95.02604609914764,
8070,1bzc,70,0,8,0.703125,-1,-476587.7724152206,-426717.0892104822,-49871.06140778568,8.721569460968752,
8071,1bzc,71,0,8,0.703125,-1,-476553.22608699434,-426717.0892104822,-49870.70367031059,797.1292017402354,
8072,1bzc,72,0,8,0.703125,-1,-476574.8792888783,-426717.0892104822,-49868.769011882025,253.18022078148746,
8073,1bzc,73,0,8,0.703125,-1,-476568.4384461744,-426717.0892104822,-49851.33343858344,-0.3642899816659732,
8074,1bzc,74,0,8,0.703125,-1,-476579.9433546801,-426717.0892104822,-49870.99746254542,187.7893822531964,
8075,1bzc,75,0,8,0.703125,-1,-476575.98444526293,-426717.0892104822,-49871.14989108999,282.5990879673636,
8076,1bzc,76,0,8,0.703125,-1,-476581.71773239307,-426717.0892104822,-49870.08726206222,125.88153835510512,
8077,1bzc,77,0,8,0.703125,-1,-476585.1101333787,-426717.0892104822,-49871.0978171607,70.95486734906493,
8078,1bzc,78,0,8,0.703125,-1,-476577.2467389471,-426717.0892104822,-49868.73959391618,197.9071308243878,
8079,1bzc,79,0,8,0.703125,-1,-476563.93415444373,-426717.0892104822,-49870.815914527855,552.7837132909598,
8080,1bzc,80,0,8,0.703125,-1,-476588.3664595184,-426717.0892104822,-49871.05039067878,-5.231478001693504,
8081,1bzc,81,0,8,0.703125,-1,-476566.2195864949,-426717.0892104822,-49870.89549744657,501.91562386480723,
8082,1bzc,82,0,8,0.703125,-1,-476572.93410813675,-426717.0892104822,-49865.475560935585,222.0883712329494,
8083,1bzc,83,0,8,0.703125,-1,-476586.2428600953,-426717.0892104822,-49868.86910262191,-6.561809500100412,
8084,1bzc,84,0,8,0.703125,-1,-476591.67756581295,-426717.0892104822,-49870.83101002064,-86.64644123986885,
8085,1bzc,85,0,8,0.703125,-1,-476587.3018595384,-426717.0892104822,-49868.940550206666,-29.33529636547634,
8086,1bzc,86,0,8,0.703125,-1,-476589.181984464,-426717.0892104822,-49869.09618788113,-69.10291710309781,
8087,1bzc,87,0,8,0.703125,-1,-476590.6851845299,-426717.0892104822,-49870.931954531545,-61.43374947461115,
8088,1bzc,88,0,8,0.703125,-1,-476582.54366059584,-426717.0892104822,-49868.98698535511,81.46219789933403,
8089,1bzc,89,0,8,0.703125,-1,-476561.4987182774,-426717.0892104822,-49868.41447345719,553.5676588211567,
8090,1bzc,90,0,8,0.703125,-1,-476544.91674172314,-426717.0892104822,-49868.77078890275,944.1739516515925,
8091,1bzc,91,0,8,0.703125,-1,-476590.7775951978,-426717.0892104822,-49870.92455990308,-63.735314284284584,
8092,1bzc,92,0,8,0.703125,-1,-476591.40709560044,-426717.0892104822,-49870.89836693746,-78.8559625657363,
8093,1bzc,93,0,8,0.703125,-1,-476571.74066570186,-426717.0892104822,-49870.97310572772,376.38620221568004,
8094,1bzc,94,0,8,0.703125,-1,-476589.472818288,-426717.0892104822,-49871.12695596941,-28.979079779991945,
8095,1bzc,95,0,8,0.703125,-1,-476580.5219886732,-426717.0892104822,-49871.015730607534,174.86703689888984,
8096,1bzc,96,0,8,0.703125,-1,-476587.29310062394,-426717.0892104822,-49870.73780958303,12.312474813523044,
8097,1bzc,97,0,8,0.703125,-1,-476555.80831313593,-426717.0892104822,-49870.969434034116,743.7103093506282,
8098,1bzc,98,0,8,0.703125,-1,-476576.5739306927,-426717.0892104822,-49871.109192266806,268.0666938604398,
8099,1bzc,99,0,8,0.703125,-1,-476588.46068370517,-426717.0892104822,-49870.53396153822,-19.313478264944848,
8100,1bzc,100,0,8,0.703125,-1,-476588.7334477201,-426717.0892104822,-49871.05062525682,-13.689017483014474,
9001,2hb1,1,0,9,0.703125,-2,-525163.5029735067,-426717.0892104822,-98439.43287238195,-160.98316256275265,
9002,2hb1,2,0,9,0.703125,-2,-525150.8752485225,-426717.0892104822,-98439.22961808265,125.531937936474,
9003,2hb1,3,0,9,0.703125,-2,-525164.1471077222,-426717.0892104822,-98438.71284240352,-192.44153620674803,
9004,2hb1,4,0,9,0.703125,-2,-525163.9080624303,-426717.0892104822,-98439.6751265642,-164.73822090514287,
9005,2hb1,5,0,9,0.703125,-2,-525140.9259552668,-426717.0892104822,-98438.65919627839,341.813851639242,
9006,2hb1,6,0,9,0.703125,-2,-525157.2595304663,-426717.0892104822,-98438.99432499634,-27.119088663463412,
9007,2hb1,7,0,9,0.703125,-2,-525163.3690455988,-426717.0892104822,-98439.44459123968,-157.6244683573605,
9008,2hb1,8,0,9,0.703125,-2,-525164.1109010497,-426717.0892104822,-98439.36087545383,-176.66259335010028,
9009,2hb1,9,0,9,0.703125,-2,-525133.9522445865,-426717.0892104822,-98433.93664860573,393.7269038506186,
9010,2hb1,10,0,9,0.703125,-2,-525162.7812405159,-426717.0892104822,-98439.62735430301,-139.8547447642558,
9011,2hb1,11,0,9,0.703125,-2,-525161.3452836098,-426717.0892104822,-98436.8067505705,-171.78545913418557,
9012,2hb1,12,0,9,0.703125,-2,-525164.0684465123,-426717.0892104822,-98439.27128765648,-177.74951214672254,
9013,2hb1,13,0,9,0.703125,-2,-525159.6852219754,-426717.0892104822,-98433.95433849355,-199.2817135458139,
9014,2hb1,14,0,9,0.703125,-2,-525156.277518423,-426717.0892104822,-98439.38859967091,4.618837021370572,
9015,2hb1,15,0,9,0.703125,-2,-525162.1364363449,-426717.0892104822,-98439.56460988763,-126.43212793094213,
9016,2hb1,16,0,9,0.703125,-2,-525163.2345207514,-426717.0892104822,-98438.50560143143,-176.17587106541487,
9017,2hb1,17,0,9,0.703125,-2,-525142.4645555055,-426717.0892104822,-98419.52855286095,-134.83023031662157,
9018,2hb1,18,0,9,0.703125,-2,-525146.8889208271,-426717.0892104822,-98418.18524096157,-267.83602674096085,
9019,2hb1,19,0,9,0.703125,-2,-525162.2005736972,-426717.0892104822,-98437.27086719839,-180.80613340743966,
9020,2hb1,20,0,9,0.703125,-2,-525161.9156313388,-426717.0892104822,-98439.20579116847,-129.61479976228532,
9021,2hb1,21,0,9,0.703125,-2,-525158.0502285652,-426717.0892104822,-98439.19554836578,-40.71269885826247,
9022,2hb1,22,0,9,0.703125,-2,-525152.841898007,-426717.0892104822,-98434.15448826748,-36.85535041565197,
9023,2hb1,23,0,9,0.703125,-2,-525159.5920038365,-426717.0892104822,-98439.76788097885,-63.068577647376706,
9024,2hb1,24,0,9,0.703125,-2,-525164.0229316499,-426717.0892104822,-98439.53457757835,-170.62830464860858,
9025,2hb1,25,0,9,0.703125,-2,-525152.4291873875,-426717.0892104822,-98435.79331115661,10.45413618642114,
9026,2hb1,26,0,9,0.703125,-2,-525164.0304336532,-426717.0892104822,-98439.22231115619,-178.00233971687015,
9027,2hb1,27,0,9,0.703125,-2,-525159.2290632933,-426717.0892104822,-98438.4749499832,-84.5146669578371,
9028,2hb1,28,0,9,0.703125,-2,-525152.4010251593,-426717.0892104822,-98439.17432007162,89.07149039655653,
9029,2hb1,29,0,9,0.703125,-2,-525159.1705948319,-426717.0892104822,-98439.72245113351,-54.39829226194167,
9030,2hb1,30,0,9,0.703125,-2,-525162.2547173398,-426717.0892104822,-98439.34944729858,-134.12151964574937,
9031,2hb1,31,0,9,0.703125,-2,-525162.1017464029,-426717.0892104822,-98439.5320079113,-126.38397829816495,
9032,2hb1,32,0,9,0.703125,-2,-525142.2155554177,-426717.0892104822,-98438.83825861629,316.20424128514713,
9033,2hb1,33,0,9,0.703125,-2,-525134.5225471512,-426717.0892104822,-98439.46551171453,508.0740264500892,
9034,2hb1,34,0,9,0.703125,-2,-525162.9180701192,-426717.0892104822,-98439.64308658107,-142.6473154262464,
9035,2hb1,35,0,9,0.703125,-2,-525161.7724021093,-426717.0892104822,-98439.72230946472,-114.40066038873272,
9036,2hb1,36,0,9,0.703125,-2,-525149.3528676656,-426717.0892104822,-98438.65613669585,147.41407955338568,
9037,2hb1,37,0,9,0.703125,-2,-525163.7203004849,-426717.0892104822,-98439.45633417823,-165.45379986348905,
9038,2hb1,38,0,9,0.703125,-2,-525161.7260144553,-426717.0892104822,-98439.32038893529,-122.59944326727425,
9039,2hb1,39,0,9,0.703125,-2,-525163.1902923685,-426717.0892104822,-98439.53693648434,-151.3727890098043,
9040,2hb1,40,0,9,0.703125,-2,-525161.5292876187,-426717.0892104822,-98439.65900992902,-110.25402901960584,
9041,2hb1,41,0,9,0.703125,-2,-525159.5069424113,-426717.0892104822,-98438.05651256554,-100.57210773327964,
9042,2hb1,42,0,9,0.703125,-2,-525162.6805213742,-426717.0892104822,-98439.63611279638,-137.33013052545013,
9043,2hb1,43,0,9,0.703125,-2,-525161.2164086447,-426717.0892104822,-98439.41260842173,-108.72102221856139,
9044,2hb1,44,0,9,0.703125,-2,-525163.7411864569,-426717.0892104822,-98439.47649380603,-165.47054975786463,
9045,2hb1,45,0,9,0.703125,-2,-525162.5542408614,-426717.0892104822,-98439.52052997038,-137.08343600771826,
9046,2hb1,46,0,9,0.703125,-2,-525152.7589123088,-426717.0892104822,-98438.69139470196,69.68189308079454,
9047,2hb1,47,0,9,0.703125,-2,-525163.7856340314,-426717.0892104822,-98439.63125783566,-162.92659186847388,
9048,2hb1,48,0,9,0.703125,-2,-525141.0302781416,-426717.0892104822,-98414.67279039691,-213.7315511192639,
9049,2hb1,49,0,9,0.703125,-2,-525150.6418410786,-426717.0892104822,-98439.42261185359,135.36498354518508,
9050,2hb1,50,0,9,0.703125,-2,-525158.0074222118,-426717.0892104822,-98439.59633405281,-30.483223392176164,
9051,2hb1,51,0,9,0.703125,-2,-525159.06818192,-426717.0892104822,-98437.79925370889,-96.38658060572081,
9052,2hb1,52,0,9,0.703125,-2,-525161.5620731849,-426717.0892104822,-98439.46426838497,-115.5009288277401,
9053,2hb1,53,0,9,0.703125,-2,-525155.5980918851,-426717.0892104822,-98439.45692698914,21.862450586998385,
9054,2hb1,54,0,9,0.703125,-2,-525161.410361044,-426717.0892104822,-98439.44016157117,-112.55828007905713,
9055,2hb1,55,0,9,0.703125,-2,-525158.737435081,-426717.0892104822,-98439.37763324488,-52.36108052198019,
9056,2hb1,56,0,9,0.703125,-2,-525158.3458660111,-426717.0892104822,-98433.92744932439,-169.01551023985033,
9057,2hb1,57,0,9,0.703125,-2,-525163.2933699526,-426717.0892104822,-98438.1898398288,-184.81460142471798,
9058,2hb1,58,0,9,0.703125,-2,-525163.1355041399,-426717.0892104822,-98439.47129656043,-151.62303504874464,
9059,2hb1,59,0,9,0.703125,-2,-525155.746700053,-426717.0892104822,-98431.92144005602,-155.33699202484496,
9060,2hb1,60,0,9,0.703125,-2,-525159.7337363015,-426717.0892104822,-98439.48723560125,-72.80884208946493,
9061,2hb1,61,0,9,0.703125,-2,-525158.9308145193,-426717.0892104822,-98433.1250781181,-201.00786287177488,
9062,2hb1,62,0,9,0.703125,-2,-525163.227586289,-426717.0892104822,-98439.39389861486,-155.53133887859244,
9063,2hb1,63,0,9,0.703125,-2,-525152.746540891,-426717.0892104822,-98439.56617593845,90.1401192988606,
9064,2hb1,64,0,9,0.703125,-2,-525161.4562369477,-426717.0892104822,-98439.42859533646,-113.88292725897408,
9065,2hb1,65,0,9,0.703125,-2,-525162.1745241071,-426717.0892104822,-98439.56700526163,-127.2552139560286,
9066,2hb1,66,0,9,0.703125,-2,-525161.2995324128,-426717.0892104822,-98439.37464078686,-111.51345630851826,
9067,2hb1,67,0,9,0.703125,-2,-525159.6578683514,-426717.0892104822,-98438.88099775731,-85.03946239421121,
9068,2hb1,68,0,9,0.703125,-2,-525159.2030972001,-426717.0892104822,-98438.38326654192,-86.03014500702893,
9069,2hb1,69,0,9,0.703125,-2,-525162.3458521678,-426717.0892104822,-98439.27762529335,-137.87939349374204,
9070,2hb1,70,0,9,0.703125,-2,-525157.6306934498,-426717.0892104822,-98437.08311008358,-79.75197330711079,
9071,2hb1,71,0,9,0.703125,-2,-525159.3138490384,-426717.0892104822,-98439.52802410728,-62.18540648122596,
9072,2hb1,72,0,9,0.703125,-2,-525161.3610994379,-426717.0892104822,-98439.07457870447,-119.85282163966853,
9073,2hb1,73,0,9,0.703125,-2,-525151.7955204546,-426717.0892104822,-98437.73059123836,69.74158278582198,
9074,2hb1,74,0,9,0.703125,-2,-525159.7883628727,-426717.0892104822,-98439.45600470169,-74.78876239903059,
9075,2hb1,75,0,9,0.703125,-2,-525155.9155567377,-426717.0892104822,-98439.52520554893,16.11607816314925,
9076,2hb1,76,0,9,0.703125,-2,-525160.3311573268,-426717.0892104822,-98439.34015170283,-89.97753349256685,
9077,2hb1,77,0,9,0.703125,-2,-525159.3120645086,-426717.0892104822,-98438.4487471985,-87.03297102162925,
9078,2hb1,78,0,9,0.703125,-2,-525160.5478610839,-426717.0892104822,-98439.29976803598,-95.90611032812576,
9079,2hb1,79,0,9,0.703125,-2,-525162.8624484241,-426717.0892104822,-98439.40753093497,-146.79669090904318,
9080,2hb1,80,0,9,0.703125,-2,-525159.6048387287,-426717.0892104822,-98439.44742709136,-70.75439949139141,
9081,2hb1,81,0,9,0.703125,-2,-525161.8143602638,-426717.0892104822,-98438.78248470734,-137.04111218549966,
9082,2hb1,82,0,9,0.703125,-2,-525161.0534208865,-426717.0892104822,-98438.57985032279,-124.16629319741567,
9083,2hb1,83,0,9,0.703125,-2,-525163.9362285014,-426717.0892104822,-98439.16580301551,-177.13302598942894,
9084,2hb1,84,0,9,0.703125,-2,-525163.8350200778,-426717.0892104822,-98439.78404209278,-160.54217248359745,
9085,2hb1,85,0,9,0.703125,-2,-525161.5500772896,-426717.0892104822,-98438.87276183796,-128.86476192970088,
9086,2hb1,86,0,9,0.703125,-2,-525151.5747002553,-426717.0892104822,-98438.42313774994,90.80431951005431,
9087,2hb1,87,0,9,0.703125,-2,-525161.1371934518,-426717.0892104822,-98438.83639878985,-120.18198624940344,
9088,2hb1,88,0,9,0.703125,-2,-525161.9064882348,-426717.0892104822,-98439.04853304217,-133.0304133167237,
9089,2hb1,89,0,9,0.703125,-2,-525153.1632962889,-426717.0892104822,-98439.11788192317,70.19160592987546,
9090,2hb1,90,0,9,0.703125,-2,-525161.0772471223,-426717.0892104822,-98438.35594540916,-129.87910921763228,
9091,2hb1,91,0,9,0.703125,-2,-525152.2325467415,-426717.0892104822,-98438.60502819878,79.82851254548352,
9092,2hb1,92,0,9,0.703125,-2,-525157.5701407251,-426717.0892104822,-98438.63920801906,-42.471123434130995,
9093,2hb1,93,0,9,0.703125,-2,-525143.2997835148,-426717.0892104822,-98438.88077767869,292.1818602644396,
9094,2hb1,94,0,9,0.703125,-2,-525161.0950157107,-426717.0892104822,-98438.2301730099,-133.18924302882945,
9095,2hb1,95,0,9,0.703125,-2,-525158.3889221965,-426717.0892104822,-98438.28189663126,-69.59246906556267,
9096,2hb1,96,0,9,0.703125,-2,-525164.3054906912,-426717.0892104822,-98438.57117838005,-199.36078422744893,
9097,2hb1,97,0,9,0.703125,-2,-525153.6375289658,-426717.0892104822,-98439.56275012314,69.5144450048604,
9098,2hb1,98,0,9,0.703125,-2,-525153.6693036582,-426717.0892104822,-98439.61882185766,70.07474810791227,
9099,2hb1,99,0,9,0.703125,-2,-525161.6170432931,-426717.0892104822,-98438.86276259384,-130.6396227039712,
9100,2hb1,100,0,9,0.703125,-2,-525149.1578048257,-426717.0892104822,-98439.41578054117,169.4301387318852,
10001,2qbr,1,0,10,0.703125,-2,-540282.7966239119,-426717.0892104822,-113582.63935883161,390.45993680524333,
10002,2qbr,2,0,10,0.703125,-2,-540305.0587436287,-426717.0892104822,-113582.00055145533,-137.6479877886549,
10003,2qbr,3,0,10,0.703125,-2,-540303.5393612545,-426717.0892104822,-113582.18935189953,-98.25635620313561,
10004,2qbr,4,0,10,0.703125,-2,-540307.6232285347,-426717.0892104822,-113582.23961269381,-191.27353150079747,
10005,2qbr,5,0,10,0.703125,-2,-540308.7012004737,-426717.0892104822,-113582.44049618293,-211.49967165095782,
10006,2qbr,6,0,10,0.703125,-2,-540303.4147311121,-426717.0892104822,-113582.02340669566,-99.20910415276799,
10007,2qbr,7,0,10,0.703125,-2,-540302.7709309626,-426717.0892104822,-113582.30271750374,-77.92165976392373,
10008,2qbr,8,0,10,0.703125,-2,-540288.0643026597,-426717.0892104822,-113581.97822089607,253.73817610071063,
10009,2qbr,9,0,10,0.703125,-2,-540304.4324177299,-426717.0892104822,-113582.5473028226,-110.59618338551233,
10010,2qbr,10,0,10,0.703125,-2,-540305.6722066697,-426717.0892104822,-113582.22887336051,-146.52955337342223,
10011,2qbr,11,0,10,0.703125,-2,-540310.0076384505,-426717.0892104822,-113581.87931560747,-254.56797860411268,
10012,2qbr,12,0,10,0.703125,-2,-540306.8859493887,-426717.0892104822,-113582.32824757423,-172.22750159106505,
10013,2qbr,13,0,10,0.703125,-2,-540299.3866746005,-426717.0892104822,-113580.72657952078,-36.22545939842676,
10014,2qbr,14,0,10,0.703125,-2,-540286.0511712476,-426717.0892104822,-113582.17775248509,304.7633970710546,
10015,2qbr,15,0,10,0.703125,-2,-540273.6901255551,-426717.0892104822,-113582.37052220426,594.2612578278626,
10016,2qbr,16,0,10,0.703125,-2,-540279.4193998456,-426717.0892104822,-113557.45275254986,-112.47636493067857,
10017,2qbr,17,0,10,0.703125,-2,-540300.1329022058,-426717.0892104822,-113581.28894117054,-40.46550905981648,
10018,2qbr,18,0,10,0.703125,-2,-540284.9839175356,-426717.0892104822,-113582.65967964228,340.4883566029018,
10019,2qbr,19,0,10,0.703125,-2,-540288.996057058,-426717.0892104822,-113582.13158146071,235.78798786908706,
10020,2qbr,20,0,10,0.703125,-2,-540299.3500197228,-426717.0892104822,-113582.45495607548,4.4771323712745295,
10021,2qbr,21,0,10,0.703125,-2,-540291.0548027995,-426717.0892104822,-113582.44214372497,195.4739191756485,
10022,2qbr,22,0,10,0.703125,-2,-540283.8876149758,-426717.0892104822,-113582.62429135307,364.9536208848006,
10023,2qbr,23,0,10,0.703125,-2,-540286.5240349601,-426717.0892104822,-113582.27694524964,296.146340303803,
10024,2qbr,24,0,10,0.703125,-2,-540292.9604921904,-426717.0892104822,-113582.42944389525,151.23481279445116,
10025,2qbr,25,0,10,0.703125,-2,-540305.6129985354,-426717.0892104822,-113582.16997621239,-146.5223818615966,
10026,2qbr,26,0,10,0.703125,-2,-540269.1019477597,-426717.0892104822,-113582.41814879813,701.1654466799879,
10027,2qbr,27,0,10,0.703125,-2,-540304.448710376,-426717.0892104822,-113582.13463271,-120.48829960171395,
10028,2qbr,28,0,10,0.703125,-2,-540282.2316632281,-426717.0892104822,-113582.32916380903,396.33497252162806,
10029,2qbr,29,0,10,0.703125,-2,-540301.1069493854,-426717.0892104822,-113582.15709777949,-42.90740362831561,
10030,2qbr,30,0,10,0.703125,-2,-540300.2196691408,-426717.0892104822,-113582.46626434191,-15.316684807861119,
10031,2qbr,31,0,10,0.703125,-2,-540291.2311320609,-426717.0892104822,-113564.94964406373,-211.97895530567286,
10032,2qbr,32,0,10,0.703125,-2,-540302.6710183528,-426717.0892104822,-113582.72498879011,-65.87981305017423,
10033,2qbr,33,0,10,0.703125,-2,-540301.3817162381,-426717.0892104822,-113582.52763434108,-40.698901676431255,
10034,2qbr,34,0,10,0.703125,-2,-540305.0502106686,-426717.0892104822,-113582.16101196627,-133.75090576723477,
10035,2qbr,35,0,10,0.703125,-2,-540304.3924791078,-426717.0892104822,-113582.56111094046,-109.35675411937362,
10036,2qbr,36,0,10,0.703125,-2,-540301.8348690623,-426717.0892104822,-113582.25250055862,-57.4935898035415,
10037,2qbr,37,0,10,0.703125,-2,-540307.1685633393,-426717.0892104822,-113582.30237605756,-179.34134546293637,
10038,2qbr,38,0,10,0.703125,-2,-540304.3511380594,-426717.0892104822,-113582.37322610694,-112.73613408462163,
10039,2qbr,39,0,10,0.703125,-2,-540297.109485772,-426717.0892104822,-113582.54682089586,58.263525795430134,
10040,2qbr,40,0,10,0.703125,-2,-540304.4322663237,-426717.0892104822,-113582.34404691131,-115.27988454059039,
10041,2qbr,41,0,10,0.703125,-2,-540304.3900563696,-426717.0892104822,-113582.29540718648,-115.42815857568098,
10042,2qbr,42,0,10,0.703125,-2,-540303.6472844332,-426717.0892104822,-113582.43928468709,-94.98153682572726,
10043,2qbr,43,0,10,0.703125,-2,-540307.7361172755,-426717.0892104822,-113582.60292073232,-185.49872530932916,
10044,2qbr,44,0,10,0.703125,-2,-540306.8720814609,-426717.0892104822,-113582.38427524557,-170.61567078329296,
10045,2qbr,45,0,10,0.703125,-2,-540303.7654394269,-426717.0892104822,-113582.27550684959,-101.48306236303834,
10046,2qbr,46,0,10,0.703125,-2,-540294.2497857503,-426717.0892104822,-113582.18736826866,115.92060042414523,
10047,2qbr,47,0,10,0.703125,-2,-540287.5057617282,-426717.0892104822,-113582.55867526762,280.0040317667678,
10048,2qbr,48,0,10,0.703125,-2,-540299.2911289855,-426717.0892104822,-113582.42980818816,5.255260978452575,
10049,2qbr,49,0,10,0.703125,-2,-540299.8106460377,-426717.0892104822,-113582.44166468171,-6.451669616372424,
10050,2qbr,50,0,10,0.703125,-2,-540282.6629608452,-426717.0892104822,-113580.98799462456,355.46091706745693,
10051,2qbr,51,0,10,0.703125,-2,-540302.773705929,-426717.0892104822,-113582.2060649748,-80.21451227624753,
10052,2qbr,52,0,10,0.703125,-2,-540302.1589561597,-426717.0892104822,-113582.69350568307,-54.79739604912474,
10053,2qbr,53,0,10,0.703125,-2,-540307.4548100777,-426717.0892104822,-113581.63589153514,-201.31185027260733,
10054,2qbr,54,0,10,0.703125,-2,-540307.8126089033,-426717.0892104822,-113582.25624571322,-195.2571800087793,
10055,2qbr,55,0,10,0.703125,-2,-540280.5151530852,-426717.0892104822,-113582.47409058444,439.26072760988325,
10056,2qbr,56,0,10,0.703125,-2,-540306.22868313,-426717.0892104822,-113582.30904647661,-157.51336942421975,
10057,2qbr,57,0,10,0.703125,-2,-540291.8158794093,-426717.0892104822,-113582.19087876454,172.12876797353164,
10058,2qbr,58,0,10,0.703125,-2,-540293.9034496072,-426717.0892104822,-113582.59184253623,133.23469981106584,
10059,2qbr,59,0,10,0.703125,-2,-540297.9613840315,-426717.0892104822,-113582.50499654697,37.6537928375798,
10060,2qbr,60,0,10,0.703125,-2,-540292.6168255324,-426717.0892104822,-113582.36940104309,157.77533313586707,
10061,2qbr,61,0,10,0.703125,-2,-540288.0423478418,-426717.0892104822,-113582.36463403907,263.1553649962773,
10062,2qbr,62,0,10,0.703125,-2,-540304.8615028824,-426717.0892104822,-113582.54727676933,-120.49172287248093,
10063,2qbr,63,0,10,0.703125,-2,-540275.0703080148,-426717.0892104822,-113582.56188623147,566.8464535057955,
10064,2qbr,64,0,10,0.703125,-2,-540297.0779350545,-426717.0892104822,-113576.9510736252,-70.04989495955729,
10065,2qbr,65,0,10,0.703125,-2,-540290.5089543734,-426717.0892104822,-113582.4748488579,208.8156811954655,
10066,2qbr,66,0,10,0.703125,-2,-540275.851074981,-426717.0892104822,-113582.4875040079,547.126244710846,
10067,2qbr,67,0,10,0.703125,-2,-540298.3540376797,-426717.0892104822,-113582.54156941449,29.442374961492128,
10068,2qbr,68,0,10,0.703125,-2,-540298.5088745866,-426717.0892104822,-113582.34682364522,21.380806938721076,
10069,2qbr,69,0,10,0.703125,-2,-540284.3876024096,-426717.0892104822,-113582.43608949684,349.08359884594034,
10070,2qbr,70,0,10,0.703125,-2,-540286.1078890715,-426717.0892104822,-113581.05348867875,277.5293137011385,
10071,2qbr,71,0,10,0.703125,-2,-540295.0263092311,-426717.0892104822,-113580.74745109121,64.80826461162616,
10072,2qbr,72,0,10,0.703125,-2,-540294.6292756182,-426717.0892104822,-113582.09272453145,104.98681974443328,
10073,2qbr,73,0,10,0.703125,-2,-540306.2111185383,-426717.0892104822,-113581.09145135627,-185.186730827667,
10074,2qbr,74,0,10,0.703125,-2,-540306.2961536369,-426717.0892104822,-113582.3673073356,-157.7257489499159,
10075,2qbr,75,0,10,0.703125,-2,-540286.4978513116,-426717.0892104822,-113582.47280985213,301.2668946164039,
10076,2qbr,76,0,10,0.703125,-2,-540304.643390179,-426717.0892104822,-113580.52638690399,-162.06475184296738,
10077,2qbr,77,0,10,0.703125,-2,-540302.4236419009,-426717.0892104822,-113582.61685796661,-62.66873257471567,
10078,2qbr,78,0,10,0.703125,-2,-540303.2906992832,-426717.0892104822,-113580.98186878524,-120.36729703217058,
10079,2qbr,79,0,10,0.703125,-2,-540280.4025553048,-426717.0892104822,-113580.77479850751,402.67068789269865,
10080,2qbr,80,0,10,0.703125,-2,-540305.9403306895,-426717.0892104822,-113581.4258035446,-171.23187005874408,
10081,2qbr,81,0,10,0.703125,-2,-540298.5149442226,-426717.0892104822,-113581.34344316008,-1.897665864521662,
10082,2qbr,82,0,10,0.703125,-2,-540294.0182063056,-426717.0892104822,-113581.23530948236,99.3059521068263,
10083,2qbr,83,0,10,0.703125,-2,-540307.304694349,-426717.0892104822,-113581.98411343884,-189.81991146430778,
10084,2qbr,84,0,10,0.703125,-2,-540305.4781157176,-426717.0892104822,-113582.18414375125,-143.0851989840066,
10085,2qbr,85,0,10,0.703125,-2,-540305.4714422536,-426717.0892104822,-113581.60896584831,-156.19522278807145,
10086,2qbr,86,0,10,0.703125,-2,-540304.231817832,-426717.0892104822,-113582.32648530623,-111.06241274356081,
10087,2qbr,87,0,10,0.703125,-2,-540304.3560846695,-426717.0892104822,-113582.45723352766,-110.91294847916421,
10088,2qbr,88,0,10,0.703125,-2,-540294.3001580937,-426717.0892104822,-113582.53904666853,122.86888315136041,
10089,2qbr,89,0,10,0.703125,-2,-540294.7952882259,-426717.0892104822,-113582.11727578474,101.72464341636092,
10090,2qbr,90,0,10,0.703125,-2,-540304.9560019084,-426717.0892104822,-113582.09886070792,-133.01164221269246,
10091,2qbr,91,0,10,0.703125,-2,-540306.1644693547,-426717.0892104822,-113582.61360904937,-149.00918481040938,
10092,2qbr,92,0,10,0.703125,-2,-540295.7295423343,-426717.0892104822,-113582.44308662473,87.6936083215232,
10093,2qbr,93,0,10,0.703125,-2,-540306.280576299,-426717.0892104822,-113582.29772749053,-158.97107634876002,
10094,2qbr,94,0,10,0.703125,-2,-540305.5819531055,-426717.0892104822,-113581.83974612174,-153.42174404162103,
10095,2qbr,95,0,10,0.703125,-2,-540308.0277494935,-426717.0892104822,-113582.5594291517,-193.2268636949243,
10096,2qbr,96,0,10,0.703125,-2,-540297.166837478,-426717.0892104822,-113582.32663726328,51.86340884339421,
10097,2qbr,97,0,10,0.703125,-2,-540308.1179475375,-426717.0892104822,-113582.50847564514,-196.48189577732208,
10098,2qbr,98,0,10,0.703125,-2,-540298.4458769556,-426717.0892104822,-113582.18128231165,19.016092978924586,
10099,2qbr,99,0,10,0.703125,-2,-540306.2354980311,-426717.0892104822,-113582.14098864738,-161.54603038704647,
10100,2qbr,100,0,10,0.703125,-2,-540295.8229695192,-426717.0892104822,-113582.69491927227,91.34652507045661,
11001,3n86,1,0,11,0.65380859375,-1,-457363.29339835036,-426717.0892104822,-30643.492185220388,-62.540266775782605,
11002,3n86,2,0,11,0.65380859375,-1,-457347.25131720555,-426717.0892104822,-30642.518001352353,284.9336990822158,
11003,3n86,3,0,11,0.65380859375,-1,-457355.14123854804,-426717.0892104822,-30642.76422247211,108.66578449298792,
11004,3n86,4,0,11,0.65380859375,-1,-457357.7543527312,-426717.0892104822,-30640.547264534107,-2.7183246830304952,
11005,3n86,5,0,11,0.65380859375,-1,-457345.94961672684,-426717.0892104822,-30643.328873264898,333.650775756409,
11006,3n86,6,0,11,0.65380859375,-1,-457356.53750644746,-426717.0892104822,-30643.069200666545,83.50004605393568,
11007,3n86,7,0,11,0.65380859375,-1,-457361.32145935664,-426717.0892104822,-30641.693934220606,-58.534926483885485,
11008,3n86,8,0,11,0.65380859375,-1,-457318.39203347836,-426717.0892104822,-30611.628194617293,238.10872613796843,
11009,3n86,9,0,11,0.65380859375,-1,-457356.9245684713,-426717.0892104822,-30642.777779337262,67.85384823652748,
11010,3n86,10,0,11,0.65380859375,-1,-457322.0965407061,-426717.0892104822,-30614.793238495364,225.6684057597261,
11011,3n86,11,0,11,0.65380859375,-1,-457342.96483124,-426717.0892104822,-30642.966533522296,394.1258112743323,
11012,3n86,12,0,11,0.65380859375,-1,-457355.9357257772,-426717.0892104822,-30642.82673626412,91.78607603530058,
11013,3n86,13,0,11,0.65380859375,-1,-457341.6229521728,-426717.0892104822,-30621.465567026968,-70.7537885839852,
11014,3n86,14,0,11,0.65380859375,-1,-457331.98096578766,-426717.0892104822,-30642.81177277478,643.8508982829218,
11015,3n86,15,0,11,0.65380859375,-1,-457359.0512436683,-426717.0892104822,-30642.82719419835,19.951086904024155,
11016,3n86,16,0,11,0.65380859375,-1,-457360.23925437214,-426717.0892104822,-30642.72817957973,-9.728422103553365,
11017,3n86,17,0,11,0.65380859375,-1,-457325.9733360937,-426717.0892104822,-30642.839808809793,783.0366565153025,
11018,3n86,18,0,11,0.65380859375,-1,-457363.92900900036,-426717.0892104822,-30643.184112647818,-84.302118866877,
11019,3n86,19,0,11,0.65380859375,-1,-457355.7864738824,-426717.0892104822,-30633.643905690413,-116.5331971714704,
11020,3n86,20,0,11,0.65380859375,-1,-457359.46081562503,-426717.0892104822,-30643.30694441056,21.569435921246832,
11021,3n86,21,0,11,0.65380859375,-1,-457362.5768062394,-426717.0892104822,-30642.897911579345,-59.71953584913791,
11022,3n86,22,0,11,0.65380859375,-1,-457355.82592998387,-426717.0892104822,-30642.630245903976,89.78685183014908,
11023,3n86,23,0,11,0.65380859375,-1,-457355.58781827,-426717.0892104822,-30632.558195728096,-136.98915643703336,
11024,3n86,24,0,11,0.65380859375,-1,-457361.02375814604,-426717.0892104822,-30642.922961596247,-23.32772889654338,
11025,3n86,25,0,11,0.65380859375,-1,-457358.09998848714,-426717.0892104822,-30642.71329622737,39.26100290079898,
11026,3n86,26,0,11,0.65380859375,-1,-457360.89931009983,-426717.0892104822,-30643.1938621012,-14.210774722769369,
11027,3n86,27,0,11,0.65380859375,-1,-457354.84159762075,-426717.0892104822,-30633.68301273502,-93.84200307331577,
11028,3n86,28,0,11,0.65380859375,-1,-457342.7269186801,-426717.0892104822,-30621.552140976793,-94.21541831822611,
11029,3n86,29,0,11,0.65380859375,-1,-457362.88195041765,-426717.0892104822,-30643.268984294256,-58.199187676589084,
11030,3n86,30,0,11,0.65380859375,-1,-457362.6979817591,-426717.0892104822,-30642.992133632913,-60.34109754439046,
11031,3n86,31,0,11,0.65380859375,-1,-457354.0488926453,-426717.0892104822,-30640.48067484919,81.19602024921132,
11032,3n86,32,0,11,0.65380859375,-1,-457340.4911742513,-426717.0892104822,-30621.41334208395,-45.85870548761896,
11033,3n86,33,0,11,0.65380859375,-1,-457355.7645411979,-426717.0892104822,-30643.063130838276,101.18507459741366,
11034,3n86,34,0,11,0.65380859375,-1,-457358.83572952566,-426717.0892104822,-30643.2297800889,34.20481228365329,
11035,3n86,35,0,11,0.65380859375,-1,-457361.5605694462,-426717.0892104822,-30642.93876011615,-35.34256903567821,
11036,3n86,36,0,11,0.65380859375,-1,-457363.3584746624,-426717.0892104822,-30642.863858978923,-78.53050952700303,
11037,3n86,37,0,11,0.65380859375,-1,-457361.797345608,-426717.0892104822,-30643.042413780033,-38.412446766763104,
11038,3n86,38,0,11,0.65380859375,-1,-457328.91931209876,-426717.0892104822,-30620.677929558144,204.03575944388024,
11039,3n86,39,0,11,0.65380859375,-1,-457360.9962230622,-426717.0892104822,-30643.07957306328,-19.0812085527064,
11040,3n86,40,0,11,0.65380859375,-1,-457363.86313007225,-426717.0892104822,-30642.82991545605,-90.95089597631613,
11041,3n86,41,0,11,0.65380859375,-1,-457361.4847797742,-426717.0892104822,-30642.84645718249,-35.723373896622185,
11042,3n86,42,0,11,0.65380859375,-1,-457349.7671796668,-426717.0892104822,-30633.422966494007,17.180046087538788,
11043,3n86,43,0,11,0.65380859375,-1,-457358.89058227674,-426717.0892104822,-30642.821099954563,23.515490008357403,
11044,3n86,44,0,11,0.65380859375,-1,-457359.4669933282,-426717.0892104822,-30643.3534219672,22.498772620179558,
11045,3n86,45,0,11,0.65380859375,-1,-457362.27665977617,-426717.0892104822,-30643.389912331197,-41.45218710728899,
11046,3n86,46,0,11,0.65380859375,-1,-457360.8951659644,-426717.0892104822,-30642.863107645524,-21.74258763422821,
11047,3n86,47,0,11,0.65380859375,-1,-457348.00965439714,-426717.0892104822,-30642.98140593784,278.13239161221173,
11048,3n86,48,0,11,0.65380859375,-1,-457360.4342852219,-426717.0892104822,-30642.928265802235,-9.611842438982414,
11049,3n86,49,0,11,0.65380859375,-1,-457346.2695181412,-426717.0892104822,-30628.96108228598,-5.055457200904685,
11050,3n86,50,0,11,0.65380859375,-1,-457347.4679179838,-426717.0892104822,-30628.71311562614,-38.40946111105921,
11051,3n86,51,0,11,0.65380859375,-1,-457354.5868211082,-426717.0892104822,-30642.76228878786,121.406362564735,
11052,3n86,52,0,11,0.65380859375,-1,-457331.6823480843,-426717.0892104822,-30643.389723406908,664.065044310557,
11053,3n86,53,0,11,0.65380859375,-1,-457333.83673185104,-426717.0892104822,-30643.384950513748,614.2737088807569,
11054,3n86,54,0,11,0.65380859375,-1,-457340.6217570544,-426717.0892104822,-30642.131424145846,428.9003058825959,
11055,3n86,55,0,11,0.65380859375,-1,-457328.6698361817,-426717.0892104822,-30643.084771336155,726.5028573172323,
11056,3n86,56,0,11,0.65380859375,-1,-457347.00579025317,-426717.0892104822,-30642.856959991685,298.41225702613764,
11057,3n86,57,0,11,0.65380859375,-1,-457327.97312894353,-426717.0892104822,-30642.346731002075,725.5496934816141,
11058,3n86,58,0,11,0.65380859375,-1,-457328.8216987923,-426717.0892104822,-30643.062583544626,722.4891596940803,
11059,3n86,59,0,11,0.65380859375,-1,-457361.9689584203,-426717.0892104822,-30643.13798825996,-40.16593236655525,
11060,3n86,60,0,11,0.65380859375,-1,-457337.42067271256,-426717.0892104822,-30642.837296298865,518.9968630047658,
11061,3n86,61,0,11,0.65380859375,-1,-457359.56195284944,-426717.0892104822,-30643.144019928764,15.480028315045715,
11062,3n86,62,0,11,0.65380859375,-1,-457340.80563427485,-426717.0892104822,-30642.780505538336,439.62816894326573,
11063,3n86,63,0,11,0.65380859375,-1,-457360.3971109311,-426717.0892104822,-30643.290565452568,-0.3997545123410777,
11064,3n86,64,0,11,0.65380859375,-1,-457314.9328014575,-426717.0892104822,-30614.709641233643,388.94035869676065,
11065,3n86,65,0,11,0.65380859375,-1,-457323.94181628525,-426717.0892104822,-30643.01428067375,833.9080329909482,
11066,3n86,66,0,11,0.65380859375,-1,-457361.03884157323,-426717.0892104822,-30642.943005811412,-23.21333040819862,
11067,3n86,67,0,11,0.65380859375,-1,-457350.5656866948,-426717.0892104822,-30643.424157095422,229.39897080171932,
11068,3n86,68,0,11,0.65380859375,-1,-457343.0196939839,-426717.0892104822,-30628.9870989593,70.48722695989781,
11069,3n86,69,0,11,0.65380859375,-1,-457322.92820820713,-426717.0892104822,-30642.890503858776,854.4280293959982,
11070,3n86,70,0,11,0.65380859375,-1,-457359.0363006026,-426717.0892104822,-30643.469541738767,35.10856836505262,
11071,3n86,71,0,11,0.65380859375,-1,-457347.18701343914,-426717.0892104822,-30642.8380405316,293.7968579639095,
11072,3n86,72,0,11,0.65380859375,-1,-457310.07531639433,-426717.0892104822,-30642.269489615544,1136.5018271472873,
11073,3n86,73,0,11,0.65380859375,-1,-457341.9698797633,-426717.0892104822,-30621.13715277669,-86.32754140511649,
11074,3n86,74,0,11,0.65380859375,-1,-457341.4965190974,-426717.0892104822,-30643.262543575478,434.8120476585846,
11075,3n86,75,0,11,0.65380859375,-1,-457351.7600382692,-426717.0892104822,-30633.52407735206,-26.444693255184397,
11076,3n86,76,0,11,0.65380859375,-1,-457360.0648933047,-426717.0892104822,-30643.449577886586,10.9282797915417,
11077,3n86,77,0,11,0.65380859375,-1,-457345.7000768541,-426717.0892104822,-30643.301707074876,338.77883470317005,
11078,3n86,78,0,11,0.65380859375,-1,-457335.5449616285,-426717.0892104822,-30620.988675713437,58.41062813167381,
11079,3n86,79,0,11,0.65380859375,-1,-457354.3651101805,-426717.0892104822,-30642.820211845938,127.85487546807471,
11080,3n86,80,0,11,0.65380859375,-1,-457338.68021375197,-426717.0892104822,-30636.98591147182,355.015016941319,
11081,3n86,81,0,11,0.65380859375,-1,-457318.6863484336,-426717.0892104822,-30632.410395515315,710.570599869649,
11082,3n86,82,0,11,0.65380859375,-1,-457338.02837738104,-426717.0892104822,-30641.44222825581,472.8118270965797,
11083,3n86,83,0,11,0.65380859375,-1,-457338.07716992224,-426717.0892104822,-30643.554526687796,520.3974033897413,
11084,3n86,84,0,11,0.65380859375,-1,-457349.1439026356,-426717.0892104822,-30644.141903914428,278.7377249537318,
11085,3n86,85,0,11,0.65380859375,-1,-457363.30374204856,-426717.0892104822,-30643.582923241764,-60.68632964093919,
11086,3n86,86,0,11,0.65380859375,-1,-457365.919170444,-426717.0892104822,-30643.595224624427,-120.71586462855076,
11087,3n86,87,0,11,0.65380859375,-1,-457361.7943007692,-426717.0892104822,-30643.342863737795,-31.413690494666696,
11088,3n86,88,0,11,0.65380859375,-1,-457365.79479850276,-426717.0892104822,-30644.079750468205,-106.67434813273097,
11089,3n86,89,0,11,0.65380859375,-1,-457351.83066089265,-426717.0892104822,-30643.603782350878,204.37022960299473,
11090,3n86,90,0,11,0.65380859375,-1,-457362.8046000042,-426717.0892104822,-30643.925276347352,-41.2809904867685,
11091,3n86,91,0,11,0.65380859375,-1,-457352.30570547655,-426717.0892104822,-30643.867951130193,199.5073180249965,
11092,3n86,92,0,11,0.65380859375,-1,-457363.5254501007,-426717.0892104822,-30643.60347862949,-65.32502028013876,
11093,3n86,93,0,11,0.65380859375,-1,-457350.7802670033,-426717.0892104822,-30643.627960545833,229.15045055096,
11094,3n86,94,0,11,0.65380859375,-1,-457365.6765047565,-426717.0892104822,-30643.741030493024,-111.75749772794006,
11095,3n86,95,0,11,0.65380859375,-1,-457358.770605211,-426717.0892104822,-30643.376357328285,39.086766097138344,
11096,3n86,96,0,11,0.65380859375,-1,-457362.91296017,-426717.0892104822,-30643.896400964768,-44.445717414078395,
11097,3n86,97,0,11,0.65380859375,-1,-457362.8692525313,-426717.0892104822,-30643.464667105327,-53.39381463728936,
11098,3n86,98,0,11,0.65380859375,-1,-457363.36738553987,-426717.0892104822,-30643.02432195908,-75.03563501378649,
11099,3n86,99,0,11,0.65380859375,-1,-457362.7072792844,-426717.0892104822,-30643.27507103811,-54.03081200645742,
11100,3n86,100,0,11,0.65380859375,-1,-457363.84801593015,-426717.0892104822,-30643.273175613354,-80.38053352067548,
12001,4ciw,1,0,12,0.65380859375,-1,-448506.1381864681,-426717.0892104822,-21817.869986436654,664.6282900262645,
12002,4ciw,2,0,12,0.65380859375,-1,-448520.16161114303,-426717.0892104822,-21818.155174159736,347.8170196897708,
12003,4ciw,3,0,12,0.65380859375,-1,-448528.0910727746,-426717.0892104822,-21817.969632818593,160.6806054917972,
12004,4ciw,4,0,12,0.65380859375,-1,-448532.9090797812,-426717.0892104822,-21817.796802925386,45.58917244896536,
12005,4ciw,5,0,12,0.65380859375,-1,-448532.25243417925,-426717.0892104822,-21817.943676991672,64.11877619149621,
12006,4ciw,6,0,12,0.65380859375,-1,-448530.63489855896,-426717.0892104822,-21817.697669327947,95.74696223483005,
12007,4ciw,7,0,12,0.65380859375,-1,-448537.1771589289,-426717.0892104822,-21817.907907747158,-50.27293282416237,
12008,4ciw,8,0,12,0.65380859375,-1,-448477.27344112325,-426717.0892104822,-21817.87870908763,1330.4662797798383,
12009,4ciw,9,0,12,0.65380859375,-1,-448538.3789144791,-426717.0892104822,-21817.93911978439,-77.26630749332529,
12010,4ciw,10,0,12,0.65380859375,-1,-448531.3827272152,-426717.0892104822,-21804.14411936573,-234.0506634395426,
12011,4ciw,11,0,12,0.65380859375,-1,-448537.54371249466,-426717.0892104822,-21817.82171269344,-60.71356401930952,
12012,4ciw,12,0,12,0.65380859375,-1,-448539.55310472334,-426717.0892104822,-21817.84263158097,-106.56884861270463,
12013,4ciw,13,0,12,0.65380859375,-1,-448533.38883802755,-426717.0892104822,-21817.81645669208,34.9789110890613,
12014,4ciw,14,0,12,0.65380859375,-1,-448538.9589337287,-426717.0892104822,-21817.883178283653,-91.93191079443427,
12015,4ciw,15,0,12,0.65380859375,-1,-448537.45964640635,-426717.0892104822,-21816.94165442423,-79.06957977970389,
12016,4ciw,16,0,12,0.65380859375,-1,-448536.9446230669,-426717.0892104822,-21817.742818167546,-48.71758460416045,
12017,4ciw,17,0,12,0.65380859375,-1,-448537.1765640401,-426717.0892104822,-21816.807897265764,-75.62605868392511,
12018,4ciw,18,0,12,0.65380859375,-1,-448534.77581860084,-426717.0892104822,-21816.58191890195,-25.474738519586865,
12019,4ciw,19,0,12,0.65380859375,-1,-448522.02609695337,-426717.0892104822,-21817.936486325187,299.77789421240635,
12020,4ciw,20,0,12,0.65380859375,-1,-448525.81538965733,-426717.0892104822,-21816.595742078738,181.47643174455663,
12021,4ciw,21,0,12,0.65380859375,-1,-448525.44102332374,-426717.0892104822,-21817.818993753765,218.3183782473539,
12022,4ciw,22,0,12,0.65380859375,-1,-448529.1130608332,-426717.0892104822,-21804.154109755455,-181.48052941790826,
12023,4ciw,23,0,12,0.65380859375,-1,-448532.681708231,-426717.0892104822,-21817.654013505336,47.53968270745063,
12024,4ciw,24,0,12,0.65380859375,-1,-448515.94341031055,-426717.0892104822,-21816.79194987877,413.654343011476,
12025,4ciw,25,0,12,0.65380859375,-1,-448500.23702592973,-426717.0892104822,-21816.94075483743,779.2836951379002,
12026,4ciw,26,0,12,0.65380859375,-1,-448537.8173754111,-426717.0892104822,-21817.82026787368,-67.05769912854323,
12027,4ciw,27,0,12,0.65380859375,-1,-448405.36132348527,-426717.0892104822,-21817.44486390344,2978.7944005506665,
12028,4ciw,28,0,12,0.65380859375,-1,-448515.354087823,-426717.0892104822,-21817.6553392688,447.1546747481086,
12029,4ciw,29,0,12,0.65380859375,-1,-448537.46780141414,-426717.0892104822,-21817.847132198214,-58.37682521035084,
12030,4ciw,30,0,12,0.65380859375,-1,-448508.03080912953,-426717.0892104822,-21803.986643162534,300.82587299536704,
12031,4ciw,31,0,12,0.65380859375,-1,-448509.4725163616,-426717.0892104822,-21817.443297870188,577.897143937891,
12032,4ciw,32,0,12,0.65380859375,-1,-448530.4982753838,-426717.0892104822,-21817.7553116826,100.22683177722827,
12033,4ciw,33,0,12,0.65380859375,-1,-448531.0622440781,-426717.0892104822,-21817.938165740703,91.43811948022109,
12034,4ciw,34,0,12,0.65380859375,-1,-448533.35367222794,-426717.0892104822,-21817.642883480505,31.787160345286193,
12035,4ciw,35,0,12,0.65380859375,-1,-448530.393061982,-426717.0892104822,-21804.08639270626,-212.55964938528598,
12036,4ciw,36,0,12,0.65380859375,-1,-448535.6184841133,-426717.0892104822,-21817.614839604597,-21.087349606326107,
12037,4ciw,37,0,12,0.65380859375,-1,-448529.2946092023,-426717.0892104822,-21817.620778490906,124.88162422546787,
12038,4ciw,38,0,12,0.65380859375,-1,-448533.7024476951,-426717.0892104822,-21817.06032359727,10.310056951704189,
12039,4ciw,39,0,12,0.65380859375,-1,-448534.8462800016,-426717.0892104822,-21817.616837502992,-3.233827122451471,
12040,4ciw,40,0,12,0.65380859375,-1,-448535.6930790051,-426717.0892104822,-21816.78731406006,-41.89074107756155,
12041,4ciw,41,0,12,0.65380859375,-1,-448536.0735887976,-426717.0892104822,-21817.754618266914,-28.35894041811255,
12042,4ciw,42,0,12,0.65380859375,-1,-448529.20265472255,-426717.0892104822,-21817.741685230256,129.79032054982775,
12043,4ciw,43,0,12,0.65380859375,-1,-448536.96082858375,-426717.0892104822,-21816.79433323668,-70.96387481469776,
12044,4ciw,44,0,12,0.65380859375,-1,-448526.22119196196,-426717.0892104822,-21817.773919321226,199.28782094233588,
12045,4ciw,45,0,12,0.65380859375,-1,-448534.108714555,-426717.0892104822,-21817.695205795888,15.58205190484783,
12046,4ciw,46,0,12,0.65380859375,-1,-448417.8326006705,-426717.0892104822,-21816.740843231888,2674.9648141411903,
12047,4ciw,47,0,12,0.65380859375,-1,-448515.13772471383,-426717.0892104822,-21817.063989013095,438.50726571985984,
12048,4ciw,48,0,12,0.65380859375,-1,-448539.84318366734,-426717.0892104822,-21817.95455752462,-110.67715439852783,
12049,4ciw,49,0,12,0.65380859375,-1,-448533.5450301244,-426717.0892104822,-21817.87688732944,32.77059937145033,
12050,4ciw,50,0,12,0.65380859375,-1,-448531.4937608167,-426717.0892104822,-21816.72385835823,53.484513615220514,
12051,4ciw,51,0,12,0.65380859375,-1,-448534.7582036495,-426717.0892104822,-21817.93450479003,6.122843475858542,
12052,4ciw,52,0,12,0.65380859375,-1,-448529.65423918713,-426717.0892104822,-21817.822801943945,121.2471312607182,
12053,4ciw,53,0,12,0.65380859375,-1,-448534.4581265385,-426717.0892104822,-21817.734556627376,8.431871878265653,
12054,4ciw,54,0,12,0.65380859375,-1,-448529.79314330727,-426717.0892104822,-21817.640967565723,113.85072577829725,
12055,4ciw,55,0,12,0.65380859375,-1,-448533.6408677223,-426717.0892104822,-21816.812499887634,6.015174350152851,
12056,4ciw,56,0,12,0.65380859375,-1,-448518.80335977976,-426717.0892104822,-21817.820202195537,371.4144032161724,
12057,4ciw,57,0,12,0.65380859375,-1,-448493.6935355183,-426717.0892104822,-21804.157710884952,635.3961722627117,
12058,4ciw,58,0,12,0.65380859375,-1,-448522.0493377614,-426717.0892104822,-21816.94444715415,276.3649816932496,
12059,4ciw,59,0,12,0.65380859375,-1,-448536.0161647769,-426717.0892104822,-21817.84313064667,-24.993567076031585,
12060,4ciw,60,0,12,0.65380859375,-1,-448532.98482020677,-426717.0892104822,-21817.842640836578,44.89960408619668,
12061,4ciw,61,0,12,0.65380859375,-1,-448526.8349914593,-426717.0892104822,-21817.615871995575,181.4886103621814,
12062,4ciw,62,0,12,0.65380859375,-1,-448537.2266045882,-426717.0892104822,-21817.654148854035,-57.264995908451695,
12063,4ciw,63,0,12,0.65380859375,-1,-448537.3112995717,-426717.0892104822,-21817.825243879655,-55.272563604476865,
12064,4ciw,64,0,12,0.65380859375,-1,-448536.5121743063,-426717.0892104822,-21817.817537522656,-37.02201001350545,
12065,4ciw,65,0,12,0.65380859375,-1,-448529.942665194,-426717.0892104822,-21817.93645948063,117.21687459509009,
12066,4ciw,66,0,12,0.65380859375,-1,-448529.44981157675,-426717.0892104822,-21816.59841034228,97.72620285432141,
12067,4ciw,67,0,12,0.65380859375,-1,-448519.2099847846,-426717.0892104822,-21817.44461825718,353.37623646819685,
12068,4ciw,68,0,12,0.65380859375,-1,-448512.7878101511,-426717.0892104822,-21803.98902258255,191.1816941358921,
12069,4ciw,69,0,12,0.65380859375,-1,-448516.81355534674,-426717.0892104822,-21817.75447960288,415.7847845258937,
12070,4ciw,70,0,12,0.65380859375,-1,-448532.9047512017,-426717.0892104822,-21817.62793172617,41.794729497384274,
12071,4ciw,71,0,12,0.65380859375,-1,-448535.5470697102,-426717.0892104822,-21817.57676908501,-20.31842138583662,
12072,4ciw,72,0,12,0.65380859375,-1,-448536.22515182,-426717.0892104822,-21816.739959328715,-55.2526577216592,
12073,4ciw,73,0,12,0.65380859375,-1,-448526.7752908518,-426717.0892104822,-21817.65286529365,183.7184247979069,
12074,4ciw,74,0,12,0.65380859375,-1,-448520.7843289368,-426717.0892104822,-21817.816572221196,325.64846002301783,
12075,4ciw,75,0,12,0.65380859375,-1,-448532.060134205,-426717.0892104822,-21817.618434424698,61.053047173650675,
12076,4ciw,76,0,12,0.65380859375,-1,-448533.6199436874,-426717.0892104822,-21816.72479116144,4.4750827816939545,
12077,4ciw,77,0,12,0.65380859375,-1,-448531.96619948704,-426717.0892104822,-21817.939137605546,70.61482427099646,
12078,4ciw,78,0,12,0.65380859375,-1,-448525.9109666045,-426717.0892104822,-21816.59843897231,179.3345668265415,
12079,4ciw,79,0,12,0.65380859375,-1,-448490.2581023543,-426717.0892104822,-21803.97091123,710.3114406824111,
12080,4ciw,80,0,12,0.65380859375,-1,-448534.52739388635,-426717.0892104822,-21817.73776452382,6.908504739146939,
12081,4ciw,81,0,12,0.65380859375,-1,-448512.2215481123,-426717.0892104822,-21817.850348645225,523.8897796311301,
12082,4ciw,82,0,12,0.65380859375,-1,-448523.82076002785,-426717.0892104822,-21817.81717485815,255.64059275110733,
12083,4ciw,83,0,12,0.65380859375,-1,-448533.5094089299,-426717.0892104822,-21816.738424719642,7.338472164825614,
12084,4ciw,84,0,12,0.65380859375,-1,-448530.74798682047,-426717.0892104822,-21817.653022569993,92.10950627391983,
12085,4ciw,85,0,12,0.65380859375,-1,-448499.7919485927,-426717.0892104822,-21817.82424533405,809.9211972121054,
12086,4ciw,86,0,12,0.65380859375,-1,-448530.6222344099,-426717.0892104822,-21818.039081632996,103.91215924028555,
12087,4ciw,87,0,12,0.65380859375,-1,-448535.4259613065,-426717.0892104822,-21817.442343709463,-20.62551805164253,
12088,4ciw,88,0,12,0.65380859375,-1,-448529.97098053864,-426717.0892104822,-21817.7559425548,112.40108803310137,
12089,4ciw,89,0,12,0.65380859375,-1,-448526.7130539705,-426717.0892104822,-21817.140889328228,173.34719513699181,
12090,4ciw,90,0,12,0.65380859375,-1,-448519.1202456449,-426717.0892104822,-21817.75101390141,362.51132160068926,
12091,4ciw,91,0,12,0.65380859375,-1,-448530.0549147941,-426717.0892104822,-21816.724399145845,86.67756199871914,
12092,4ciw,92,0,12,0.65380859375,-1,-448539.6945933209,-426717.0892104822,-21817.18501522114,-124.99664670411893,
12093,4ciw,93,0,12,0.65380859375,-1,-448538.70962393825,-426717.0892104822,-21817.332354864346,-98.88498025458485,
12094,4ciw,94,0,12,0.65380859375,-1,-448519.80298631656,-426717.0892104822,-21817.027423036798,330.0805459424275,
12095,4ciw,95,0,12,0.65380859375,-1,-448514.25604919746,-426717.0892104822,-21817.266897056183,463.5183567690702,
12096,4ciw,96,0,12,0.65380859375,-1,-448498.91231191356,-426717.0892104822,-21817.796018032594,829.5551638895182,
12097,4ciw,97,0,12,0.65380859375,-1,-448536.63247895957,-426717.0892104822,-21817.98182949458,-36.00763834721486,
12098,4ciw,98,0,12,0.65380859375,-1,-448524.8596631487,-426717.0892104822,-21817.44868344709,223.18530383151656,
12099,4ciw,99,0,12,0.65380859375,-1,-448528.6499399835,-426717.0892104822,-21817.56453207623,138.45097644470334,
12100,4ciw,100,0,12,0.65380859375,-1,-448539.2533712023,-426717.0892104822,-21817.538497311194,-106.6703322901316,
13001,2xb8,1,0,13,0.65380859375,-1,-456862.3841016005,-426717.0892104822,-30148.91608325731,83.50667452540641,
13002,2xb8,2,0,13,0.65380859375,-1,-456855.8701649172,-426717.0892104822,-30149.02782178066,236.29837453852977,
13003,2xb8,3,0,13,0.65380859375,-1,-456854.2262094963,-426717.0892104822,-30148.31966217216,257.8783386296139,
13004,2xb8,4,0,13,0.65380859375,-1,-456866.5712298744,-426717.0892104822,-30148.781896833458,-16.145209752974086,
13005,2xb8,5,0,13,0.65380859375,-1,-456841.44002890587,-426717.0892104822,-30149.302094888997,575.390104363657,
13006,2xb8,6,0,13,0.65380859375,-1,-456843.70812601416,-426717.0892104822,-30149.19687743307,520.6601703384833,
13007,2xb8,7,0,13,0.65380859375,-1,-456862.6298933019,-426717.0892104822,-30148.797433444004,75.10245354346866,
13008,2xb8,8,0,13,0.65380859375,-1,-456870.07874161826,-426717.0892104822,-30149.19540350295,-87.49466175883414,
13009,2xb8,9,0,13,0.65380859375,-1,-456856.46384337154,-426717.0892104822,-30140.403414575783,23.72426928733516,
13010,2xb8,10,0,13,0.65380859375,-1,-456867.15598416876,-426717.0892104822,-30147.74573456298,-53.52443372598693,
13011,2xb8,11,0,13,0.65380859375,-1,-456857.4751853957,-426717.0892104822,-30136.12191319775,-98.33159914847883,
13012,2xb8,12,0,13,0.65380859375,-1,-456856.8541242424,-426717.0892104822,-30140.319689375552,12.79342961346111,
13013,2xb8,13,0,13,0.65380859375,-1,-456853.88441965106,-426717.0892104822,-30148.824051894368,277.39170301847,
13014,2xb8,14,0,13,0.65380859375,-1,-456858.4320640502,-426717.0892104822,-30145.227810876895,89.58924384102725,
13015,2xb8,15,0,13,0.65380859375,-1,-456856.7040405386,-426717.0892104822,-30135.883392308333,-86.04899866581574,
13016,2xb8,16,0,13,0.65380859375,-1,-456844.60955488845,-426717.0892104822,-30145.21939958608,408.14990853123203,
13017,2xb8,17,0,13,0.65380859375,-1,-456859.23585228884,-426717.0892104822,-30147.341904107416,119.80559477962507,
13018,2xb8,18,0,13,0.65380859375,-1,-456856.00212771085,-426717.0892104822,-30148.962309737213,231.74449661242235,
13019,2xb8,19,0,13,0.65380859375,-1,-456852.4826754505,-426717.0892104822,-30148.823487532532,309.7036777086148,
13020,2xb8,20,0,13,0.65380859375,-1,-456860.69349816313,-426717.0892104822,-30148.919278545545,122.56660105260187,
13021,2xb8,21,0,13,0.65380859375,-1,-456860.0732931163,-426717.0892104822,-30147.653111773605,107.67036979421968,
13022,2xb8,22,0,13,0.65380859375,-1,-456839.7711666757,-426717.0892104822,-30136.36413330913,315.51849980135967,
13023,2xb8,23,0,13,0.65380859375,-1,-456854.5367733108,-426717.0892104822,-30136.07187716489,-31.724065047925574,
13024,2xb8,24,0,13,0.65380859375,-1,-456827.3414559938,-426717.0892104822,-30147.656702487773,862.5672691767528,
13025,2xb8,25,0,13,0.65380859375,-1,-456862.07765760703,-426717.0892104822,-30140.42296720863,-105.28246797743465,
13026,2xb8,26,0,13,0.65380859375,-1,-456855.0262186813,-426717.0892104822,-30136.01075408332,-44.42047517104994,
13027,2xb8,27,0,13,0.65380859375,-1,-456868.51887331944,-426717.0892104822,-30148.975577267116,-56.59255767026314,
13028,2xb8,28,0,13,0.65380859375,-1,-456852.9739853796,-426717.0892104822,-30138.049099169803,49.91050340419619,
13029,2xb8,29,0,13,0.65380859375,-1,-456840.8560735453,-426717.0892104822,-30148.92164942843,580.0831541468311,
13030,2xb8,30,0,13,0.65380859375,-1,-456845.16610478645,-426717.0892104822,-30147.341192894823,444.2452790712386,
13031,2xb8,31,0,13,0.65380859375,-1,-456847.61432842317,-426717.0892104822,-30140.401033187816,227.74401592108487,
13032,2xb8,32,0,13,0.65380859375,-1,-456868.66161166306,-426717.0892104822,-30148.825474372992,-63.34563704012349,
13033,2xb8,33,0,13,0.65380859375,-1,-456868.87196261296,-426717.0892104822,-30148.56614882542,-74.17663437500319,
13034,2xb8,34,0,13,0.65380859375,-1,-456858.1062042889,-426717.0892104822,-30136.09063129637,-113.60461830035776,
13035,2xb8,35,0,13,0.65380859375,-1,-456864.6953628896,-426717.0892104822,-30149.01544321288,32.49901802662326,
13036,2xb8,36,0,13,0.65380859375,-1,-456853.7087468272,-426717.0892104822,-30136.068297761456,-12.711863722121398,
13037,2xb8,37,0,13,0.65380859375,-1,-456859.90629981784,-426717.0892104822,-30139.432069971717,-78.06040094939634,
13038,2xb8,38,0,13,0.65380859375,-1,-456853.1436301562,-426717.0892104822,-30144.47166843884,194.1063677442991,
13039,2xb8,39,0,13,0.65380859375,-1,-456858.7228520853,-426717.0892104822,-30145.46853741267,88.43479824178456,
13040,2xb8,40,0,13,0.65380859375,-1,-456848.26664664637,-426717.0892104822,-30148.68146322663,403.6524533022128,
13041,2xb8,41,0,13,0.65380859375,-1,-456866.944115857,-426717.0892104822,-30148.73604002362,-25.801647947200504,
13042,2xb8,42,0,13,0.65380859375,-1,-456847.4663768296,-426717.0892104822,-30140.182582889414,226.11827716618257,
13043,2xb8,43,0,13,0.65380859375,-1,-456864.7517673451,-426717.0892104822,-30148.666394419946,23.149043997878767,
13044,2xb8,44,0,13,0.65380859375,-1,-456852.1932734548,-426717.0892104822,-30140.623265854192,127.27584203806884,
13045,2xb8,45,0,13,0.65380859375,-1,-456851.8799982285,-426717.0892104822,-30148.461164956436,315.2463875165977,
13046,2xb8,46,0,13,0.65380859375,-1,-456855.0064352395,-426717.0892104822,-30138.059665630106,3.2847645600263813,
13047,2xb8,47,0,13,0.65380859375,-1,-456856.6805142646,-426717.0892104822,-30148.33429239404,201.6181070607922,
13048,2xb8,48,0,13,0.65380859375,-1,-456860.78888771124,-426717.0892104822,-30140.88694504688,-64.86314502149162,
13049,2xb8,49,0,13,0.65380859375,-1,-456835.47419117845,-426717.0892104822,-30147.67243746063,675.3847975521148,
13050,2xb8,50,0,13,0.65380859375,-1,-456851.4487703186,-426717.0892104822,-30147.65313399764,306.55710278536634,
13051,2xb8,51,0,13,0.65380859375,-1,-456868.37832589017,-426717.0892104822,-30148.786752908567,-57.70585010702574,
13052,2xb8,52,0,13,0.65380859375,-1,-456851.6481951816,-426717.0892104822,-30138.059999448735,80.73531808213181,
13053,2xb8,53,0,13,0.65380859375,-1,-456859.0101135421,-426717.0892104822,-30140.622518657015,-29.941455624943455,
13054,2xb8,54,0,13,0.65380859375,-1,-456838.5707695187,-426717.0892104822,-30136.295106311256,341.6085154712401,
13055,2xb8,55,0,13,0.65380859375,-1,-456843.41260028153,-426717.0892104822,-30148.735365264343,516.8324321895034,
13056,2xb8,56,0,13,0.65380859375,-1,-456847.2192401921,-426717.0892104822,-30149.05615982876,436.4469288546548,
13057,2xb8,57,0,13,0.65380859375,-1,-456821.74508890836,-426717.0892104822,-30148.45548387498,1010.0428964147828,
13058,2xb8,58,0,13,0.65380859375,-1,-456819.1895206266,-426717.0892104822,-30146.272782746477,1018.6414172363914,
13059,2xb8,59,0,13,0.65380859375,-1,-456859.82553056424,-426717.0892104822,-30148.688830234514,137.26814508337495,
13060,2xb8,60,0,13,0.65380859375,-1,-456851.0021776165,-426717.0892104822,-30147.659861787735,317.0109216774415,
13061,2xb8,61,0,13,0.65380859375,-1,-456852.1820866004,-426717.0892104822,-30148.87157192104,317.74427360496315,
13062,2xb8,62,0,13,0.65380859375,-1,-456865.14990395686,-426717.0892104822,-30148.607564157806,12.61113754583418,
13063,2xb8,63,0,13,0.65380859375,-1,-456834.50045519776,-426717.0892104822,-30136.3531781008,436.81136083460444,
13064,2xb8,64,0,13,0.65380859375,-1,-456858.04872013273,-426717.0892104822,-30147.31464599367,146.5529256109115,
13065,2xb8,65,0,13,0.65380859375,-1,-456847.2835831396,-426717.0892104822,-30138.053520504105,181.2362548269548,
13066,2xb8,66,0,13,0.65380859375,-1,-456865.0147439198,-426717.0892104822,-30147.66730474694,-5.954895071656862,
13067,2xb8,67,0,13,0.65380859375,-1,-456859.20332036854,-426717.0892104822,-30149.05809226111,160.13203768829143,
13068,2xb8,68,0,13,0.65380859375,-1,-456863.1348034153,-426717.0892104822,-30147.403717727106,31.3191017726182,
13069,2xb8,69,0,13,0.65380859375,-1,-456866.366425904,-426717.0892104822,-30147.56553490237,-39.472290488656874,
13070,2xb8,70,0,13,0.65380859375,-1,-456858.45579997194,-426717.0892104822,-30140.18375373608,-27.276840473077137,
13071,2xb8,71,0,13,0.65380859375,-1,-456857.65162538213,-426717.0892104822,-30149.075464240446,196.31558150130172,
13072,2xb8,72,0,13,0.65380859375,-1,-456864.59444897017,-426717.0892104822,-30149.047713655887,35.57032238736589,
13073,2xb8,73,0,13,0.65380859375,-1,-456837.5034385298,-426717.0892104822,-30131.517724207708,256.0527042874136,
13074,2xb8,74,0,13,0.65380859375,-1,-456867.8545813147,-426717.0892104822,-30149.125496298224,-37.81640513442656,
13075,2xb8,75,0,13,0.65380859375,-1,-456857.4134893307,-426717.0892104822,-30144.48745552422,96.00513485826238,
13076,2xb8,76,0,13,0.65380859375,-1,-456856.7337667725,-426717.0892104822,-30148.824561202942,211.69594237340976,
13077,2xb8,77,0,13,0.65380859375,-1,-456845.5701874541,-426717.0892104822,-30131.179786989145,62.2360374881127,
13078,2xb8,78,0,13,0.65380859375,-1,-456859.2196228283,-426717.0892104822,-30148.968730594344,157.69536504460274,
13079,2xb8,79,0,13,0.65380859375,-1,-456858.5649771607,-426717.0892104822,-30147.650029198776,142.38187616726609,
13080,2xb8,80,0,13,0.65380859375,-1,-456852.3199267565,-426717.0892104822,-30147.891787003704,291.9712271423957,
13081,2xb8,81,0,13,0.65380859375,-1,-456858.280122679,-426717.0892104822,-30140.608960593137,-13.420122791829936,
13082,2xb8,82,0,13,0.65380859375,-1,-456866.60910622514,-426717.0892104822,-30149.053660537393,-10.751639257804456,
13083,2xb8,83,0,13,0.65380859375,-1,-456862.7357009054,-426717.0892104822,-30148.951494004705,76.21519317203916,
13084,2xb8,84,0,13,0.65380859375,-1,-456860.952837949,-426717.0892104822,-30148.619994299715,109.68442485086445,
13085,2xb8,85,0,13,0.65380859375,-1,-456869.34898325487,-426717.0892104822,-30147.46499038829,-110.57030851237622,
13086,2xb8,86,0,13,0.65380859375,-1,-456866.18544344645,-426717.0892104822,-30147.763289283306,-30.738411509920596,
13087,2xb8,87,0,13,0.65380859375,-1,-456867.94443683367,-426717.0892104822,-30147.82053755124,-69.9815862287795,
13088,2xb8,88,0,13,0.65380859375,-1,-456845.5980319695,-426717.0892104822,-30147.77017052391,444.1772607407247,
13089,2xb8,89,0,13,0.65380859375,-1,-456864.4310136113,-426717.0892104822,-30147.327446888252,-0.33106277925643607,
13090,2xb8,90,0,13,0.65380859375,-1,-456862.34921074985,-426717.0892104822,-30149.13864090331,89.44357789648984,
13091,2xb8,91,0,13,0.65380859375,-1,-456865.44608897594,-426717.0892104822,-30148.262581011637,-2.1745515962960273,
13092,2xb8,92,0,13,0.65380859375,-1,-456868.68444007315,-426717.0892104822,-30147.654457267352,-90.87636865795642,
13093,2xb8,93,0,13,0.65380859375,-1,-456866.9035133084,-426717.0892104822,-30147.279396550664,-58.45632741275279,
13094,2xb8,94,0,13,0.65380859375,-1,-456852.21965315193,-426717.0892104822,-30148.889485755466,317.29107118212687,
13095,2xb8,95,0,13,0.65380859375,-1,-456860.25544829795,-426717.0892104822,-30147.405146281424,97.75155142231863,
13096,2xb8,96,0,13,0.65380859375,-1,-456864.7370188034,-426717.0892104822,-30148.78356721168,26.19122221736227,
13097,2xb8,97,0,13,0.65380859375,-1,-456863.0493961741,-426717.0892104822,-30149.052332414518,71.3065973964771,
13098,2xb8,98,0,13,0.65380859375,-1,-456863.4532693067,-426717.0892104822,-30149.029814723403,61.47379141165253,
13099,2xb8,99,0,13,0.65380859375,-1,-456830.2858545996,-426717.0892104822,-30149.30737491809,832.7332348275913,
13100,2xb8,100,0,13,0.65380859375,-1,-456856.11110119824,-426717.0892104822,-30149.018552739843,230.52850274631245,
14001,3n7a,1,0,14,0.646484375,-1,-444346.66472356813,-426717.0892104822,-17631.7228948517,49.519799920090485,
14002,3n7a,2,0,14,0.646484375,-1,-444349.87005024834,-426717.0892104822,-17631.333169570804,-33.3840677825769,
14003,3n7a,3,0,14,0.646484375,-1,-444346.4097437898,-426717.0892104822,-17631.566186833923,51.786000554343666,
14004,3n7a,4,0,14,0.646484375,-1,-444353.5232046559,-426717.0892104822,-17631.204106345584,-120.6040784093408,
14005,3n7a,5,0,14,0.646484375,-1,-444346.3384694323,-426717.0892104822,-17630.961257480856,39.47962400399412,
14006,3n7a,6,0,14,0.646484375,-1,-444352.8949681147,-426717.0892104822,-17630.964369981637,-111.64505148881194,
14007,3n7a,7,0,14,0.646484375,-1,-444349.1345688991,-426717.0892104822,-17631.210363118593,-19.255449015310536,
14008,3n7a,8,0,14,0.646484375,-1,-444349.7817497383,-426717.0892104822,-17630.964638932102,-39.84632806864916,
14009,3n7a,9,0,14,0.646484375,-1,-444351.12628318096,-426717.0892104822,-17631.208128908085,-65.23699359499604,
14010,3n7a,10,0,14,0.646484375,-1,-444354.12291289156,-426717.0892104822,-17631.214659898065,-134.19030816012977,
14011,3n7a,11,0,14,0.646484375,-1,-444351.67042668164,-426717.0892104822,-17631.081140202175,-80.71366994571956,
14012,3n7a,12,0,14,0.646484375,-1,-444352.47490023065,-426717.0892104822,-17630.964973915026,-101.94412892226654,
14013,3n7a,13,0,14,0.646484375,-1,-444351.81907303154,-426717.0892104822,-17631.20824826778,-81.21035458096314,
14014,3n7a,14,0,14,0.646484375,-1,-444345.8186212737,-426717.0892104822,-17631.210992248463,57.22662788437317,
14015,3n7a,15,0,14,0.646484375,-1,-444350.8239442149,-426717.0892104822,-17631.208265388406,-58.261744096320484,
14016,3n7a,16,0,14,0.646484375,-1,-444347.4627173726,-426717.0892104822,-17631.211464461037,19.32376063824264,
14017,3n7a,17,0,14,0.646484375,-1,-444331.7487454939,-426717.0892104822,-17631.201907335508,381.4761682054434,
14018,3n7a,18,0,14,0.646484375,-1,-444333.93007170665,-426717.0892104822,-17630.956437591107,325.51292395997604,
14019,3n7a,19,0,14,0.646484375,-1,-444353.34813347197,-426717.0892104822,-17631.206250524785,-116.5173950512669,
14020,3n7a,20,0,14,0.646484375,-1,-444350.83692439494,-426717.0892104822,-17631.213953399216,-58.42990551355197,
14021,3n7a,21,0,14,0.646484375,-1,-444343.7038410639,-426717.0892104822,-17631.208864879845,105.94555977757443,
14022,3n7a,22,0,14,0.646484375,-1,-444351.71658177394,-426717.0892104822,-17631.211968339994,-78.76106312971858,
14023,3n7a,23,0,14,0.646484375,-1,-444327.2997946966,-426717.0892104822,-17631.081723883963,481.2999146289532,
14024,3n7a,24,0,14,0.646484375,-1,-444346.9180242437,-426717.0892104822,-17631.08029003474,28.859728457240468,
14025,3n7a,25,0,14,0.646484375,-1,-444340.70104289794,-426717.0892104822,-17631.070526095536,172.00156235680706,
14026,3n7a,26,0,14,0.646484375,-1,-444351.37309107516,-426717.0892104822,-17631.20057047547,-71.10282044110109,
14027,3n7a,27,0,14,0.646484375,-1,-444318.62814570137,-426717.0892104822,-17631.082003602056,681.2793415067765,
14028,3n7a,28,0,14,0.646484375,-1,-444353.82045907626,-426717.0892104822,-17631.19760437132,-127.6088672762477,
14029,3n7a,29,0,14,0.646484375,-1,-444352.1329344991,-426717.0892104822,-17631.86457871579,-73.31283227732462,
14030,3n7a,30,0,14,0.646484375,-1,-444341.73265289015,-426717.0892104822,-17631.20575887706,151.3306128155618,
14031,3n7a,31,0,14,0.646484375,-1,-444349.70641996653,-426717.0892104822,-17631.08085129123,-35.429261597063906,
14032,3n7a,32,0,14,0.646484375,-1,-444348.4163919166,-426717.0892104822,-17631.211638253582,-2.664489047176149,
14033,3n7a,33,0,14,0.646484375,-1,-444354.51369967795,-426717.0892104822,-17631.20927490192,-143.32624650037826,
14034,3n7a,34,0,14,0.646484375,-1,-444345.69997940556,-426717.0892104822,-17631.081473686085,56.975805356122784,
14035,3n7a,35,0,14,0.646484375,-1,-444297.0276665051,-426717.0892104822,-17631.199924584565,1182.1175476345402,
14036,3n7a,36,0,14,0.646484375,-1,-444340.6864517234,-426717.0892104822,-17631.204644343175,175.43088310004646,
14037,3n7a,37,0,14,0.646484375,-1,-444350.75614952436,-426717.0892104822,-17630.959275884066,-62.4401957664098,
14038,3n7a,38,0,14,0.646484375,-1,-444339.97421302437,-426717.0892104822,-17630.959497812742,186.20228439512763,
14039,3n7a,39,0,14,0.646484375,-1,-444352.8397820507,-426717.0892104822,-17630.960800769073,-110.45473861780604,
14040,3n7a,40,0,14,0.646484375,-1,-444345.92297419556,-426717.0892104822,-17630.96391118894,49.12236774676111,
14041,3n7a,41,0,14,0.646484375,-1,-444350.9938466557,-426717.0892104822,-17631.205075685102,-62.25334376455558,
14042,3n7a,42,0,14,0.646484375,-1,-444351.5604797066,-426717.0892104822,-17631.08357073115,-78.12218313981909,
14043,3n7a,43,0,14,0.646484375,-1,-444350.73234749667,-426717.0892104822,-17631.205831946718,-56.20559009273244,
14044,3n7a,44,0,14,0.646484375,-1,-444345.595037789,-426717.0892104822,-17631.206298756795,62.274351037188595,
14045,3n7a,45,0,14,0.646484375,-1,-444347.00224639726,-426717.0892104822,-17631.206637581257,29.831163097146106,
14046,3n7a,46,0,14,0.646484375,-1,-444340.5658288844,-426717.0892104822,-17631.209418576844,178.32260829129723,
14047,3n7a,47,0,14,0.646484375,-1,-444327.76181822916,-426717.0892104822,-17631.0818677103,470.64871557206584,
14048,3n7a,48,0,14,0.646484375,-1,-444340.92189288547,-426717.0892104822,-17631.20195639232,169.93949530143024,
14049,3n7a,49,0,14,0.646484375,-1,-444352.0971918997,-426717.0892104822,-17630.96317613683,-93.27542564105099,
14050,3n7a,50,0,14,0.646484375,-1,-444350.9370010266,-426717.0892104822,-17631.21064908199,-60.813926829720714,
14051,3n7a,51,0,14,0.646484375,-1,-444350.40501779324,-426717.0892104822,-17631.206268673075,-48.64711666130425,
14052,3n7a,52,0,14,0.646484375,-1,-444351.9554511339,-426717.0892104822,-17631.57372843235,-75.92713551709468,
14053,3n7a,53,0,14,0.646484375,-1,-444338.55372630927,-426717.0892104822,-17631.203990548292,224.59762265380255,
14054,3n7a,54,0,14,0.646484375,-1,-444348.7328635571,-426717.0892104822,-17631.201118127017,-10.205098332825143,
14055,3n7a,55,0,14,0.646484375,-1,-444331.67344892054,-426717.0892104822,-17631.200474536494,383.1795073062621,
14056,3n7a,56,0,14,0.646484375,-1,-444326.74418336176,-426717.0892104822,-17631.08926635517,494.2865499097359,
14057,3n7a,57,0,14,0.646484375,-1,-444334.7653934884,-426717.0892104822,-17630.97343793399,306.6419832781763,
14058,3n7a,58,0,14,0.646484375,-1,-444325.4940746987,-426717.0892104822,-17631.08641557336,523.048999937216,
14059,3n7a,59,0,14,0.646484375,-1,-444339.4786527095,-426717.0892104822,-17630.965730900003,197.77391514571644,
14060,3n7a,60,0,14,0.646484375,-1,-444350.65432177746,-426717.0892104822,-17631.079186791463,-57.3267809231587,
14061,3n7a,61,0,14,0.646484375,-1,-444347.60696982016,-426717.0892104822,-17630.95958030857,10.188633625218108,
14062,3n7a,62,0,14,0.646484375,-1,-444346.862829308,-426717.0892104822,-17630.97010168031,27.5915500942646,
14063,3n7a,63,0,14,0.646484375,-1,-444346.9824655759,-426717.0892104822,-17631.072871052966,27.20259025001436,
14064,3n7a,64,0,14,0.646484375,-1,-444349.6678049878,-426717.0892104822,-17631.198919573162,-31.81605977047257,
14065,3n7a,65,0,14,0.646484375,-1,-444348.5937515254,-426717.0892104822,-17630.96329363102,-12.481461836616681,
14066,3n7a,66,0,14,0.646484375,-1,-444349.63160502963,-426717.0892104822,-17631.204426948607,-30.854265808530297,
14067,3n7a,67,0,14,0.646484375,-1,-444339.26566959807,-426717.0892104822,-17631.204567372082,208.19312226234956,
14068,3n7a,68,0,14,0.646484375,-1,-444344.92284545396,-426717.0892104822,-17630.96614387598,72.23737141565249,
14069,3n7a,69,0,14,0.646484375,-1,-444346.9308695557,-426717.0892104822,-17631.207746207085,31.502717685167912,
14070,3n7a,70,0,14,0.646484375,-1,-444345.9401834796,-426717.0892104822,-17631.08488739401,51.51528979310163,
14071,3n7a,71,0,14,0.646484375,-1,-444349.82422523026,-426717.0892104822,-17631.082036926924,-38.118574107282825,
14072,3n7a,72,0,14,0.646484375,-1,-444347.5641041493,-426717.0892104822,-17631.20813260123,16.908891511902475,
14073,3n7a,73,0,14,0.646484375,-1,-444350.91111146496,-426717.0892104822,-17630.963882110314,-65.90748090881858,
14074,3n7a,74,0,14,0.646484375,-1,-444343.7332806514,-426717.0892104822,-17631.210951583675,105.31478729548867,
14075,3n7a,75,0,14,0.646484375,-1,-444351.60938058613,-426717.0892104822,-17630.9590254885,-82.12194573593403,
14076,3n7a,76,0,14,0.646484375,-1,-444346.1510748391,-426717.0892104822,-17631.08826694592,46.72995382778989,
14077,3n7a,77,0,14,0.646484375,-1,-444352.61811363755,-426717.0892104822,-17632.305822822414,-74.32599817969718,
14078,3n7a,78,0,14,0.646484375,-1,-444339.3424784032,-426717.0892104822,-17633.18335661509,252.05383312332802,
14079,3n7a,79,0,14,0.646484375,-1,-444352.2280343381,-426717.0892104822,-17633.133994688025,-46.232458918021564,
14080,3n7a,80,0,14,0.646484375,-1,-444352.63365550217,-426717.0892104822,-17631.573787086516,-91.56554719349108,
14081,3n7a,81,0,14,0.646484375,-1,-444352.41638546315,-426717.0892104822,-17632.428165159214,-66.8527546555865,
14082,3n7a,82,0,14,0.646484375,-1,-444354.17404881906,-426717.0892104822,-17632.526335032435,-105.12158348767281,
14083,3n7a,83,0,14,0.646484375,-1,-444345.75873573445,-426717.0892104822,-17632.852031854192,96.45089354602375,
14084,3n7a,84,0,14,0.646484375,-1,-444343.74785102357,-426717.0892104822,-17631.485847269927,111.31803165219624,
14085,3n7a,85,0,14,0.646484375,-1,-444351.05678586743,-426717.0892104822,-17631.79191102524,-50.17201203703082,
14086,3n7a,86,0,14,0.646484375,-1,-444339.74103350576,-426717.0892104822,-17632.509309062756,227.31902829637923,
14087,3n7a,87,0,14,0.646484375,-1,-444345.29447812564,-426717.0892104822,-17632.570536454015,100.66549019979253,
14088,3n7a,88,0,14,0.646484375,-1,-444350.5229678958,-426717.0892104822,-17632.790786193757,-14.827268568592693,
14089,3n7a,89,0,14,0.646484375,-1,-444349.0549340258,-426717.0892104822,-17632.860696396394,20.638564278901562,
14090,3n7a,90,0,14,0.646484375,-1,-444353.2714493907,-426717.0892104822,-17632.87070674231,-76.36574591071911,
14091,3n7a,91,0,14,0.646484375,-1,-444321.70944325475,-426717.0892104822,-17631.782348324698,626.37326487115,
14092,3n7a,92,0,14,0.646484375,-1,-444348.347893118,-426717.0892104822,-17631.25121240512,-0.17226761159088194,
14093,3n7a,93,0,14,0.646484375,-1,-444336.1318912222,-426717.0892104822,-17631.55386532687,288.5147705830629,
14094,3n7a,94,0,14,0.646484375,-1,-444351.9691248012,-426717.0892104822,-17631.371445398727,-80.90721534880664,
14095,3n7a,95,0,14,0.646484375,-1,-444316.14149591135,-426717.0892104822,-17631.65668925384,751.875413888103,
14096,3n7a,96,0,14,0.646484375,-1,-444347.9209329745,-426717.0892104822,-17631.0805468242,5.73802540733506,
14097,3n7a,97,0,14,0.646484375,-1,-444340.2683882374,-426717.0892104822,-17631.50083591072,191.901995925446,
14098,3n7a,98,0,14,0.646484375,-1,-444346.7752494147,-426717.0892104822,-17631.425808969703,40.12005015650582,
14099,3n7a,99,0,14,0.646484375,-1,-444342.191659928,-426717.0892104822,-17631.42425327715,145.78425962838142,
14100,3n7a,100,0,14,0.646484375,-1,-444339.41508779075,-426717.0892104822,-17631.248978358493,205.77159855956148,
15001,3n76,1,0,15,0.63330078125,-1,-455854.1659123376,-426717.0892104822,-29137.029571797655,-1.0868449509642937,
15002,3n76,2,0,15,0.63330078125,-1,-455853.7473046122,-426717.0892104822,-29136.309998153436,-8.027283916987063,
15003,3n76,3,0,15,0.63330078125,-1,-455854.9721551119,-426717.0892104822,-29136.353655617262,-35.26624241821574,
15004,3n76,4,0,15,0.63330078125,-1,-455836.44186479,-426717.0892104822,-29136.912265053732,404.93424349385464,
15005,3n76,5,0,15,0.63330078125,-1,-455854.9117816006,-426717.0892104822,-29136.194364932882,-37.54732661971216,
15006,3n76,6,0,15,0.63330078125,-1,-455842.56401676947,-426717.0892104822,-29136.2326996798,248.08291513519407,
15007,3n76,7,0,15,0.63330078125,-1,-455833.4551357559,-426717.0892104822,-29120.56823171351,96.90748865455397,
15008,3n76,8,0,15,0.63330078125,-1,-455840.789648477,-426717.0892104822,-29136.443895686974,293.8711156380826,
15009,3n76,9,0,15,0.63330078125,-1,-455843.7970045037,-426717.0892104822,-29136.737799950173,231.29743145900676,
15010,3n76,10,0,15,0.63330078125,-1,-455845.61707099766,-426717.0892104822,-29135.93383660223,170.7858657814092,
15011,3n76,11,0,15,0.63330078125,-1,-455858.07662744157,-426717.0892104822,-29136.63637723475,-100.33735968246044,
15012,3n76,12,0,15,0.63330078125,-1,-455855.4266429754,-426717.0892104822,-29136.08855617575,-51.8603198842401,
15013,3n76,13,0,15,0.63330078125,-1,-455851.85926270124,-426717.0892104822,-29133.887753580704,-20.346289950292636,
15014,3n76,14,0,15,0.63330078125,-1,-455833.7761133453,-426717.0892104822,-29136.213337922003,450.2902896375434,
15015,3n76,15,0,15,0.63330078125,-1,-455820.00412331667,-426717.0892104822,-29118.210864527897,352.7330256410484,
15016,3n76,16,0,15,0.63330078125,-1,-455856.53887808736,-426717.0892104822,-29136.298747818848,-72.66193644278579,
15017,3n76,17,0,15,0.63330078125,-1,-455857.03797179234,-426717.0892104822,-29136.504911937533,-79.41705317839897,
15018,3n76,18,0,15,0.63330078125,-1,-455834.52438915166,-426717.0892104822,-29136.613899305325,442.27180455342165,
15019,3n76,19,0,15,0.63330078125,-1,-455805.36271246657,-426717.0892104822,-29120.632959384122,746.2268151399124,
15020,3n76,20,0,15,0.63330078125,-1,-455834.3853872199,-426717.0892104822,-29136.003832495135,431.408790393118,
15021,3n76,21,0,15,0.63330078125,-1,-455853.7509966212,-426717.0892104822,-29136.19638304107,-10.732450400563575,
15022,3n76,22,0,15,0.63330078125,-1,-455849.7580656494,-426717.0892104822,-29136.52895435181,89.01600187697476,
15023,3n76,23,0,15,0.63330078125,-1,-455852.73991842254,-426717.0892104822,-29136.240280025806,13.595855276528168,
15024,3n76,24,0,15,0.63330078125,-1,-455848.2563028405,-426717.0892104822,-29136.721104062268,128.07855255149036,
15025,3n76,25,0,15,0.63330078125,-1,-455854.6638397658,-426717.0892104822,-29136.115614740826,-33.64567464983151,
15026,3n76,26,0,15,0.63330078125,-1,-455845.5239556552,-426717.0892104822,-29136.30750840041,181.5502329641429,
15027,3n76,27,0,15,0.63330078125,-1,-455853.4966671385,-426717.0892104822,-29136.319140932217,-2.0366089788934043,
15028,3n76,28,0,15,0.63330078125,-1,-455851.3373680362,-426717.0892104822,-29136.737731420377,57.410937223094265,
15029,3n76,29,0,15,0.63330078125,-1,-455841.24769161816,-426717.0892104822,-29136.571025648365,286.240076427909,
15030,3n76,30,0,15,0.63330078125,-1,-455855.05728568713,-426717.0892104822,-29136.274758784046,-39.04880431621007,
15031,3n76,31,0,15,0.63330078125,-1,-455857.9981680397,-426717.0892104822,-29136.624741610754,-98.7963667570858,
15032,3n76,32,0,15,0.63330078125,-1,-455808.46271808154,-426717.0892104822,-29136.36633578478,1037.5592664050143,
15033,3n76,33,0,15,0.63330078125,-1,-455852.85526422545,-426717.0892104822,-29136.62740730789,19.863285076371287,
15034,3n76,34,0,15,0.63330078125,-1,-455856.29970744264,-426717.0892104822,-29136.632930400432,-59.44009694368155,
15035,3n76,35,0,15,0.63330078125,-1,-455850.5649469802,-426717.0892104822,-29136.135967107854,61.34637521859309,
15036,3n76,36,0,15,0.63330078125,-1,-455857.05925313785,-426717.0892104822,-29136.278300588798,-85.13359451099961,
15037,3n76,37,0,15,0.63330078125,-1,-455826.77882904257,-426717.0892104822,-29136.062409160095,608.1709990518738,
15038,3n76,38,0,15,0.63330078125,-1,-455850.89436476683,-426717.0892104822,-29136.28111326064,57.09697039277483,
15039,3n76,39,0,15,0.63330078125,-1,-455856.64899065427,-426717.0892104822,-29136.243398810122,-76.47757102182906,
15040,3n76,40,0,15,0.63330078125,-1,-455839.48420299374,-426717.0892104822,-29136.273417374607,320.0440803682888,
15041,3n76,41,0,15,0.63330078125,-1,-455843.0005864551,-426717.0892104822,-29136.45081249083,243.04517992934987,
15042,3n76,42,0,15,0.63330078125,-1,-455856.49508963694,-426717.0892104822,-29136.269817053737,-72.31931008004605,
15043,3n76,43,0,15,0.63330078125,-1,-455854.75880843576,-426717.0892104822,-29134.515558597977,-72.73387541902133,
15044,3n76,44,0,15,0.63330078125,-1,-455845.7658199558,-426717.0892104822,-29136.131759666976,171.91984761893403,
15045,3n76,45,0,15,0.63330078125,-1,-455849.4062254349,-426717.0892104822,-29135.834730310617,81.12044326541339,
15046,3n76,46,0,15,0.63330078125,-1,-455855.4225363761,-426717.0892104822,-29136.08414288295,-51.86739240400097,
15047,3n76,47,0,15,0.63330078125,-1,-455854.77926534566,-426717.0892104822,-29136.28127832672,-32.48715870807035,
15048,3n76,48,0,15,0.63330078125,-1,-455856.45221870753,-426717.0892104822,-29136.59729601054,-63.77883881506569,
15049,3n76,49,0,15,0.63330078125,-1,-455851.6071898313,-426717.0892104822,-29133.821095090276,-16.070532783623555,
15050,3n76,50,0,15,0.63330078125,-1,-455854.436646904,-426717.0892104822,-29136.36535955792,-22.647230492474712,
15051,3n76,51,0,15,0.63330078125,-1,-455855.41585472453,-426717.0892104822,-29136.358948687815,-45.37613745106532,
15052,3n76,52,0,15,0.63330078125,-1,-455857.1634592649,-426717.0892104822,-29136.262171482744,-87.90859090985025,
15053,3n76,53,0,15,0.63330078125,-1,-455853.5236338014,-426717.0892104822,-29136.4449081275,0.2417854237825078,
15054,3n76,54,0,15,0.63330078125,-1,-455854.2857029218,-426717.0892104822,-29135.994395540667,-27.72101303491878,
15055,3n76,55,0,15,0.63330078125,-1,-455850.5444272595,-426717.0892104822,-29130.86727529605,-59.67934831074258,
15056,3n76,56,0,15,0.63330078125,-1,-455857.0082691438,-426717.0892104822,-29136.284373288196,-83.81783590303166,
15057,3n76,57,0,15,0.63330078125,-1,-455804.98713519174,-426717.0892104822,-29136.6397882561,1124.0140756689125,
15058,3n76,58,0,15,0.63330078125,-1,-455853.155897595,-426717.0892104822,-29136.23853094767,3.96281297364348,
15059,3n76,59,0,15,0.63330078125,-1,-455856.95150050026,-426717.0892104822,-29136.29894029396,-82.17279674990759,
15060,3n76,60,0,15,0.63330078125,-1,-455854.27043156046,-426717.0892104822,-29136.274983846055,-20.89832703929933,
15061,3n76,61,0,15,0.63330078125,-1,-455855.8399793156,-426717.0892104822,-29136.563893738392,-50.430537727706,
15062,3n76,62,0,15,0.63330078125,-1,-455854.38144413615,-426717.0892104822,-29136.084055265335,-27.861255518537316,
15063,3n76,63,0,15,0.63330078125,-1,-455841.8575910042,-426717.0892104822,-29136.164320829375,262.7966265324287,
15064,3n76,64,0,15,0.63330078125,-1,-455855.8438975576,-426717.0892104822,-29136.22638430824,-58.30404689207215,
15065,3n76,65,0,15,0.63330078125,-1,-455848.35522482585,-426717.0892104822,-29136.05201759772,110.3678569579849,
15066,3n76,66,0,15,0.63330078125,-1,-455852.5931368565,-426717.0892104822,-29136.29422535885,18.224727533531023,
15067,3n76,67,0,15,0.63330078125,-1,-455851.15455015044,-426717.0892104822,-29135.9951016541,44.5013685765263,
15068,3n76,68,0,15,0.63330078125,-1,-455848.66750789515,-426717.0892104822,-29136.465948481,112.71191123404323,
15069,3n76,69,0,15,0.63330078125,-1,-455835.0802039599,-426717.0892104822,-29136.365509369236,423.72640258134544,
15070,3n76,70,0,15,0.63330078125,-1,-455839.36517375335,-426717.0892104822,-29136.53449487612,328.80955007071725,
15071,3n76,71,0,15,0.63330078125,-1,-455850.14255146135,-426717.0892104822,-29136.292969566413,74.70760998995186,
15072,3n76,72,0,15,0.63330078125,-1,-455845.85755686846,-426717.0892104822,-29134.467987238797,131.4368404972052,
15073,3n76,73,0,15,0.63330078125,-1,-455853.82978150767,-426717.0892104822,-29136.37837358731,-8.35247134674087,
15074,3n76,74,0,15,0.63330078125,-1,-455835.9139269217,-426717.0892104822,-29133.863311060457,346.79823056120097,
15075,3n76,75,0,15,0.63330078125,-1,-455826.71722199034,-426717.0892104822,-29136.704155719188,624.3907186474611,
15076,3n76,76,0,15,0.63330078125,-1,-455849.871743618,-426717.0892104822,-29136.7234218072,90.87905170223667,
15077,3n76,77,0,15,0.63330078125,-1,-455846.47029885993,-426717.0892104822,-29136.739635625134,169.69213076255053,
15078,3n76,78,0,15,0.63330078125,-1,-455837.9041420852,-426717.0892104822,-29136.226717585967,355.4042278160741,
15079,3n76,79,0,15,0.63330078125,-1,-455851.9859302682,-426717.0892104822,-29136.178362307797,29.555378675907455,
15080,3n76,80,0,15,0.63330078125,-1,-455855.62617528613,-426717.0892104822,-29136.271963339837,-52.232174599224315,
15081,3n76,81,0,15,0.63330078125,-1,-455851.0206951964,-426717.0892104822,-29136.03421138997,48.49002908114709,
15082,3n76,82,0,15,0.63330078125,-1,-455855.8404333935,-426717.0892104822,-29136.585427060807,-49.94443880143889,
15083,3n76,83,0,15,0.63330078125,-1,-455837.2192211014,-426717.0892104822,-29136.69906233065,382.09140950037244,
15084,3n76,84,0,15,0.63330078125,-1,-455854.4514267866,-426717.0892104822,-29136.57163150449,-18.231318592652542,
15085,3n76,85,0,15,0.63330078125,-1,-455850.3783292764,-426717.0892104822,-29136.59240903572,76.17568261294215,
15086,3n76,86,0,15,0.63330078125,-1,-455856.47914220183,-426717.0892104822,-29136.557043688594,-65.32794993858731,
15087,3n76,87,0,15,0.63330078125,-1,-455846.984412568,-426717.0892104822,-29136.00587378968,140.91543710491567,
15088,3n76,88,0,15,0.63330078125,-1,-455850.6929684611,-426717.0892104822,-29136.176492002607,59.328656009559225,
15089,3n76,89,0,15,0.63330078125,-1,-455857.84301206504,-426717.0892104822,-29136.090998722488,-107.52678838605763,
15090,3n76,90,0,15,0.63330078125,-1,-455822.1348700166,-426717.0892104822,-29136.442889657206,724.0373269959176,
15091,3n76,91,0,15,0.63330078125,-1,-455846.6242105523,-426717.0892104822,-29136.20271623947,153.76118764440537,
15092,3n76,92,0,15,0.63330078125,-1,-455855.3773879246,-426717.0892104822,-29136.67682962686,-37.15856337173655,
15093,3n76,93,0,15,0.63330078125,-1,-455850.6438667899,-426717.0892104822,-29136.4348508029,66.41886291853118,
15094,3n76,94,0,15,0.63330078125,-1,-455838.1360615795,-426717.0892104822,-29136.163528054934,348.5988520211971,
15095,3n76,95,0,15,0.63330078125,-1,-455856.55230999406,-426717.0892104822,-29135.72344281357,-86.23853216108972,
15096,3n76,96,0,15,0.63330078125,-1,-455855.7975036555,-426717.0892104822,-29136.021626868154,-61.95599683443792,
15097,3n76,97,0,15,0.63330078125,-1,-455858.5958361735,-426717.0892104822,-29136.241611202375,-121.41411845104747,
15098,3n76,98,0,15,0.63330078125,-1,-455858.4539879369,-426717.0892104822,-29136.112958487956,-121.10982248031922,
15099,3n76,99,0,15,0.63330078125,-1,-455858.189442872,-426717.0892104822,-29136.187015888434,-113.30146413225526,
15100,3n76,100,0,15,0.63330078125,-1,-455846.0064561035,-426717.0892104822,-29135.99817308553,163.2900664733629,
16001,3gv9,1,0,16,0.48046875,-1,-452537.5820103061,-426717.0892104822,-25816.838412716686,-84.27216867816666,
16002,3gv9,2,0,16,0.48046875,-1,-452537.46537440165,-426717.0892104822,-25816.971596958356,-78.51117924900325,
16003,3gv9,3,0,16,0.48046875,-1,-452537.1149933556,-426717.0892104822,-25816.95871338167,-70.72830271357496,
16004,3gv9,4,0,16,0.48046875,-1,-452537.2292388531,-426717.0892104822,-25816.645520422175,-80.58526769590863,
16005,3gv9,5,0,16,0.48046875,-1,-452495.83604180935,-426717.0892104822,-25816.112461458277,861.6719008600014,
16006,3gv9,6,0,16,0.48046875,-1,-452537.421664486,-426717.0892104822,-25816.971891481335,-77.49641278712096,
16007,3gv9,7,0,16,0.48046875,-1,-452537.70565164054,-426717.0892104822,-25816.64658019581,-91.54716860741921,
16008,3gv9,8,0,16,0.48046875,-1,-452524.2918012641,-426717.0892104822,-25816.073036019763,204.55732668652948,
16009,3gv9,9,0,16,0.48046875,-1,-452536.41880357807,-426717.0892104822,-25815.696526460357,-83.78050692008252,
16010,3gv9,10,0,16,0.48046875,-1,-452536.11428536545,-426717.0892104822,-25816.530565307938,-57.524757375375096,
16011,3gv9,11,0,16,0.48046875,-1,-452537.640234679,-426717.0892104822,-25816.753959263115,-87.56239751889107,
16012,3gv9,12,0,16,0.48046875,-1,-452531.198274979,-426717.0892104822,-25816.75444798156,61.00399238012968,
16013,3gv9,13,0,16,0.48046875,-1,-452506.6835470454,-426717.0892104822,-25816.83184271881,628.1118134882748,
16014,3gv9,14,0,16,0.48046875,-1,-452536.66916858207,-426717.0892104822,-25816.480369566645,-71.47820962571433,
16015,3gv9,15,0,16,0.48046875,-1,-452536.19666269864,-426717.0892104822,-25816.506102580017,-59.988547714938754,
16016,3gv9,16,0,16,0.48046875,-1,-452520.9954721487,-426717.0892104822,-25794.934547825993,-206.89263614171534,
16017,3gv9,17,0,16,0.48046875,-1,-452529.1335510383,-426717.0892104822,-25816.345635449357,99.1902166200201,
16018,3gv9,18,0,16,0.48046875,-1,-452537.0104986079,-426717.0892104822,-25816.546712371743,-77.81956558178072,
16019,3gv9,19,0,16,0.48046875,-1,-452520.9685685157,-426717.0892104822,-25794.932783345732,-206.31291350690555,
16020,3gv9,20,0,16,0.48046875,-1,-452536.6664540358,-426717.0892104822,-25816.39202441923,-73.45289819892369,
16021,3gv9,21,0,16,0.48046875,-1,-452536.2743069446,-426717.0892104822,-25815.58483737211,-83.02394695366407,
16022,3gv9,22,0,16,0.48046875,-1,-452536.3742035539,-426717.0892104822,-25816.3962571764,-66.61583228341833,
16023,3gv9,23,0,16,0.48046875,-1,-452536.3924288852,-426717.0892104822,-25816.39570077232,-67.04894939107555,
16024,3gv9,24,0,16,0.48046875,-1,-452537.7923785852,-426717.0892104822,-25816.52858997787,-96.2680585273888,
16025,3gv9,25,0,16,0.48046875,-1,-452535.326672292,-426717.0892104822,-25816.05518330491,-50.32453784233106,
16026,3gv9,26,0,16,0.48046875,-1,-452518.9621720574,-426717.0892104822,-25794.94648069187,-159.7284437084551,
16027,3gv9,27,0,16,0.48046875,-1,-452531.403316586,-426717.0892104822,-25816.004928628372,38.99129370122208,
16028,3gv9,28,0,16,0.48046875,-1,-452528.0292318859,-426717.0892104822,-25816.398460560464,125.87459725470565,
16029,3gv9,29,0,16,0.48046875,-1,-452534.0953228415,-426717.0892104822,-25815.88094892828,-25.946885118072966,
16030,3gv9,30,0,16,0.48046875,-1,-452522.4709029785,-426717.0892104822,-25816.54323448666,257.3912729320984,
16031,3gv9,31,0,16,0.48046875,-1,-452535.3947959932,-426717.0892104822,-25815.575498100927,-62.95731130242763,
16032,3gv9,32,0,16,0.48046875,-1,-452535.7346397035,-426717.0892104822,-25816.097491453143,-58.75684077273294,
16033,3gv9,33,0,16,0.48046875,-1,-452533.88831347914,-426717.0892104822,-25816.545502254132,-5.848172059445776,
16034,3gv9,34,0,16,0.48046875,-1,-452536.8877612106,-426717.0892104822,-25816.004754257592,-87.48702497510102,
16035,3gv9,35,0,16,0.48046875,-1,-452536.86494766054,-426717.0892104822,-25816.007586318276,-86.8956231414415,
16036,3gv9,36,0,16,0.48046875,-1,-452535.63907458837,-426717.0892104822,-25816.54325986399,-46.273393103966086,
16037,3gv9,37,0,16,0.48046875,-1,-452536.39246571105,-426717.0892104822,-25816.54447847109,-63.61890337633931,
16038,3gv9,38,0,16,0.48046875,-1,-452506.2156180565,-426717.0892104822,-25794.92235711156,133.65777152833545,
16039,3gv9,39,0,16,0.48046875,-1,-452535.3809697854,-426717.0892104822,-25816.5452688321,-40.27502704430302,
16040,3gv9,40,0,16,0.48046875,-1,-452536.1220926326,-426717.0892104822,-25815.87992047197,-72.70902359308408,
16041,3gv9,41,0,16,0.48046875,-1,-452535.7381605041,-426717.0892104822,-25816.544374851834,-48.53265637218382,
16042,3gv9,42,0,16,0.48046875,-1,-452524.8594076021,-426717.0892104822,-25816.400170768327,199.0119200962397,
16043,3gv9,43,0,16,0.48046875,-1,-452538.5270084518,-426717.0892104822,-25816.54302765028,-112.87608506888384,
16044,3gv9,44,0,16,0.48046875,-1,-452524.135443218,-426717.0892104822,-25816.096022190897,208.6931025863843,
16045,3gv9,45,0,16,0.48046875,-1,-452534.23091231496,-426717.0892104822,-25815.58719212768,-35.84784540719862,
16046,3gv9,46,0,16,0.48046875,-1,-452518.2475108925,-426717.0892104822,-25794.92913849529,-143.64788628615872,
16047,3gv9,47,0,16,0.48046875,-1,-452533.35994715773,-426717.0892104822,-25813.187724256255,-71.09595535719514,
16048,3gv9,48,0,16,0.48046875,-1,-452535.20215552236,-426717.0892104822,-25815.57793943658,-58.45861797229564,
16049,3gv9,49,0,16,0.48046875,-1,-452534.7122942976,-426717.0892104822,-25816.058592924128,-36.07801702842687,
16050,3gv9,50,0,16,0.48046875,-1,-452534.56505943986,-426717.0892104822,-25816.39912022178,-24.829954514433698,
16051,3gv9,51,0,16,0.48046875,-1,-452534.6757407852,-426717.0892104822,-25815.572521364622,-46.44414945477247,
16052,3gv9,52,0,16,0.48046875,-1,-452520.8812859933,-426717.0892104822,-25816.397487548817,290.68770721981673,
16053,3gv9,53,0,16,0.48046875,-1,-452537.4834702694,-426717.0892104822,-25815.573940131115,-111.1592119885524,
16054,3gv9,54,0,16,0.48046875,-1,-452540.2703025978,-426717.0892104822,-25816.05531767228,-164.3242623800605,
16055,3gv9,55,0,16,0.48046875,-1,-452536.0261782769,-426717.0892104822,-25815.575961652517,-77.50664290138654,
16056,3gv9,56,0,16,0.48046875,-1,-452469.3829724744,-426717.0892104822,-25794.927199609825,983.1504273652586,
16057,3gv9,57,0,16,0.48046875,-1,-452537.2309253931,-426717.0892104822,-25816.397616776798,-86.34095410441893,
16058,3gv9,58,0,16,0.48046875,-1,-452520.25662364677,-426717.0892104822,-25816.33174728265,303.5767565882067,
16059,3gv9,59,0,16,0.48046875,-1,-452518.3711879509,-426717.0892104822,-25794.933278827648,-146.40446867403202,
16060,3gv9,60,0,16,0.48046875,-1,-452515.6095434603,-426717.0892104822,-25816.00989914286,403.3189770790701,
16061,3gv9,61,0,16,0.48046875,-1,-452534.8392578317,-426717.0892104822,-25816.00448556195,-40.253611092831534,
16062,3gv9,62,0,16,0.48046875,-1,-452517.8692663015,-426717.0892104822,-25816.005889788357,351.1160725042303,
16063,3gv9,63,0,16,0.48046875,-1,-452537.55884843454,-426717.0892104822,-25816.978934227915,-80.49754019957483,
16064,3gv9,64,0,16,0.48046875,-1,-452536.1191280447,-426717.0892104822,-25815.881397042205,-72.6066080538708,
16065,3gv9,65,0,16,0.48046875,-1,-452533.82117246516,-426717.0892104822,-25816.09195070896,-14.7590105963229,
16066,3gv9,66,0,16,0.48046875,-1,-452534.48099227867,-426717.0892104822,-25816.09844196877,-29.825124957879314,
16067,3gv9,67,0,16,0.48046875,-1,-452534.66086974944,-426717.0892104822,-25816.054176681915,-34.99397974100966,
16068,3gv9,68,0,16,0.48046875,-1,-452533.53998108784,-426717.0892104822,-25813.19315631982,-75.12237005202137,
16069,3gv9,69,0,16,0.48046875,-1,-452517.646551475,-426717.0892104822,-25794.92460206987,-129.894045349365,
16070,3gv9,70,0,16,0.48046875,-1,-452535.78966272227,-426717.0892104822,-25816.094294357943,-60.09942849487755,
16071,3gv9,71,0,16,0.48046875,-1,-452535.28249711473,-426717.0892104822,-25816.5500781938,-37.893286797192786,
16072,3gv9,72,0,16,0.48046875,-1,-452535.0951330621,-426717.0892104822,-25816.05010281866,-45.10227515228202,
16073,3gv9,73,0,16,0.48046875,-1,-452528.27161578543,-426717.0892104822,-25816.007424580956,111.26758783759428,
16074,3gv9,74,0,16,0.48046875,-1,-452537.06282813987,-426717.0892104822,-25816.401207365227,-82.38173841948289,
16075,3gv9,75,0,16,0.48046875,-1,-452536.85871086677,-426717.0892104822,-25815.586442940188,-96.4635962744616,
16076,3gv9,76,0,16,0.48046875,-1,-452534.75774664304,-426717.0892104822,-25815.880548739868,-41.231969441871264,
16077,3gv9,77,0,16,0.48046875,-1,-452537.4484206704,-426717.0892104822,-25816.4813232236,-89.42619782908776,
16078,3gv9,78,0,16,0.48046875,-1,-452535.5664673441,-426717.0892104822,-25816.4023393341,-47.84873489491804,
16079,3gv9,79,0,16,0.48046875,-1,-452535.95522372966,-426717.0892104822,-25813.18595531682,-130.98524759021126,
16080,3gv9,80,0,16,0.48046875,-1,-452536.5828459902,-426717.0892104822,-25816.094453919937,-78.38698959645778,
16081,3gv9,81,0,16,0.48046875,-1,-452534.46092496795,-426717.0892104822,-25816.09348182842,-29.476745333073264,
16082,3gv9,82,0,16,0.48046875,-1,-452537.0713278566,-426717.0892104822,-25816.570275623457,-78.67893988876455,
16083,3gv9,83,0,16,0.48046875,-1,-452537.3479432683,-426717.0892104822,-25816.842650232964,-78.77673511019258,
16084,3gv9,84,0,16,0.48046875,-1,-452535.24373940617,-426717.0892104822,-25814.98897896789,-72.99931617248552,
16085,3gv9,85,0,16,0.48046875,-1,-452537.16803156683,-426717.0892104822,-25816.618827996488,-79.78933610286244,
16086,3gv9,86,0,16,0.48046875,-1,-452535.91558275966,-426717.0892104822,-25815.65475786604,-73.13916583478479,
16087,3gv9,87,0,16,0.48046875,-1,-452535.6985085655,-426717.0892104822,-25815.416128693494,-73.63623544467809,
16088,3gv9,88,0,16,0.48046875,-1,-452512.7092827719,-426717.0892104822,-25815.67956442018,462.58287773244155,
16089,3gv9,89,0,16,0.48046875,-1,-452536.0168689069,-426717.0892104822,-25815.338451400443,-82.76908025716865,
16090,3gv9,90,0,16,0.48046875,-1,-452528.1418325315,-426717.0892104822,-25815.0496445297,92.17352808953608,
16091,3gv9,91,0,16,0.48046875,-1,-452537.45850611944,-426717.0892104822,-25816.504133784896,-89.13274976905329,
16092,3gv9,92,0,16,0.48046875,-1,-452538.6177805591,-426717.0892104822,-25815.27420534532,-144.2290770431497,
16093,3gv9,93,0,16,0.48046875,-1,-452536.79915900086,-426717.0892104822,-25816.166674950695,-81.70982959109053,
16094,3gv9,94,0,16,0.48046875,-1,-452513.09679823706,-426717.0892104822,-25816.14302572151,464.33423032026803,
16095,3gv9,95,0,16,0.48046875,-1,-452535.06035056605,-426717.0892104822,-25815.311934611538,-61.32273498584958,
16096,3gv9,96,0,16,0.48046875,-1,-452520.2380379537,-426717.0892104822,-25816.11189274535,298.9353867795291,
16097,3gv9,97,0,16,0.48046875,-1,-452536.84271585324,-426717.0892104822,-25816.211986272472,-81.66937056569773,
16098,3gv9,98,0,16,0.48046875,-1,-452533.72120427183,-426717.0892104822,-25816.081555577428,-12.693406720361557,
16099,3gv9,99,0,16,0.48046875,-1,-452529.446560837,-426717.0892104822,-25815.922028483652,82.20343049158151,
16100,3gv9,100,0,16,0.48046875,-1,-452536.15517794574,-426717.0892104822,-25816.06660337486,-69.16697902841621,
17001,4jxs,1,0,17,0.48046875,-2,-475779.8032177219,-426717.0892104822,-49054.294831860105,-194.15079653623093,
17002,4jxs,2,0,17,0.48046875,-2,-475767.85448067763,-426717.0892104822,-49054.09041284744,76.67961117024666,
17003,4jxs,3,0,17,0.48046875,-2,-475770.081481629,-426717.0892104822,-49053.59532639574,13.906784412836043,
17004,4jxs,4,0,17,0.48046875,-2,-475777.75185555837,-426717.0892104822,-49053.86334476036,-156.79559014751874,
17005,4jxs,5,0,17,0.48046875,-2,-475771.11457124684,-426717.0892104822,-49054.264343672556,5.511076778584852,
17006,4jxs,6,0,17,0.48046875,-2,-475751.25264667557,-426717.0892104822,-49054.24748641202,463.1492006998416,
17007,4jxs,7,0,17,0.48046875,-2,-475770.90706503874,-426717.0892104822,-49053.99181128673,4.0115374968829896,
17008,4jxs,8,0,17,0.48046875,-2,-475765.8151572777,-426717.0892104822,-49042.90487636404,-134.2370731098058,
17009,4jxs,9,0,17,0.48046875,-2,-475749.4672746079,-426717.0892104822,-49054.444157525184,508.85620227328957,
17010,4jxs,10,0,17,0.48046875,-2,-475754.978204614,-426717.0892104822,-49051.392002001085,311.3867588264166,
17011,4jxs,11,0,17,0.48046875,-2,-475757.4349989376,-426717.0892104822,-49041.66073416036,30.323368324030714,
17012,4jxs,12,0,17,0.48046875,-2,-475743.51322659996,-426717.0892104822,-49054.322413319926,643.3523230781785,
17013,4jxs,13,0,17,0.48046875,-2,-475757.5199195853,-426717.0892104822,-49053.48131408205,300.9541003350271,
17014,4jxs,14,0,17,0.48046875,-2,-475755.02824736544,-426717.0892104822,-49054.09391719811,372.5403901989604,
17015,4jxs,15,0,17,0.48046875,-2,-475765.49948934035,-426717.0892104822,-49054.07735799487,130.6859494922678,
17016,4jxs,16,0,17,0.48046875,-2,-475776.5754362295,-426717.0892104822,-49054.01354029645,-126.2031246018859,
17017,4jxs,17,0,17,0.48046875,-2,-475725.5244581823,-426717.0892104822,-49040.84444815591,747.373917263864,
17018,4jxs,18,0,17,0.48046875,-2,-475774.49210222723,-426717.0892104822,-49053.48911679882,-90.25379434551584,
17019,4jxs,19,0,17,0.48046875,-2,-475770.1213990046,-426717.0892104822,-49047.45450901652,-128.62434502914712,
17020,4jxs,20,0,17,0.48046875,-2,-475773.2840406605,-426717.0892104822,-49051.03448667976,-119.00034807010667,
17021,4jxs,21,0,17,0.48046875,-2,-475776.22745116625,-426717.0892104822,-49054.150120102786,-115.02879324928982,
17022,4jxs,22,0,17,0.48046875,-2,-475773.9096132164,-426717.0892104822,-49049.12655746556,-177.4242868191262,
17023,4jxs,23,0,17,0.48046875,-2,-475734.36746028304,-426717.0892104822,-49054.30285670603,853.807718446917,
17024,4jxs,24,0,17,0.48046875,-2,-475775.099610005,-426717.0892104822,-49051.64169654579,-146.86577961996466,
17025,4jxs,25,0,17,0.48046875,-2,-475769.9972444913,-426717.0892104822,-49053.356902584506,10.351155252766882,
17026,4jxs,26,0,17,0.48046875,-2,-475775.0429017403,-426717.0892104822,-49054.283928820194,-84.62673222623023,
17027,4jxs,27,0,17,0.48046875,-2,-475775.0198216998,-426717.0892104822,-49053.83010337665,-94.55995719674395,
17028,4jxs,28,0,17,0.48046875,-2,-475776.9900824823,-426717.0892104822,-49054.4139819986,-126.53068932057676,
17029,4jxs,29,0,17,0.48046875,-2,-475776.1614064398,-426717.0892104822,-49053.994641376456,-117.0911902808165,
17030,4jxs,30,0,17,0.48046875,-2,-475773.89729773795,-426717.0892104822,-49053.861922371085,-67.9401762396548,
17031,4jxs,31,0,17,0.48046875,-2,-475774.78832804906,-426717.0892104822,-49053.87177574278,-88.26059919846456,
17032,4jxs,32,0,17,0.48046875,-2,-475772.76869257295,-426717.0892104822,-49053.80215425874,-43.29220826393414,
17033,4jxs,33,0,17,0.48046875,-2,-475766.3992051066,-426717.0892104822,-49047.64632479165,-38.365137752640756,
17034,4jxs,34,0,17,0.48046875,-2,-475750.80292453885,-426717.0892104822,-49053.99561822324,467.711821129759,
17035,4jxs,35,0,17,0.48046875,-2,-475769.67559468676,-426717.0892104822,-49046.2681678244,-145.701531039075,
17036,4jxs,36,0,17,0.48046875,-2,-475775.4348318131,-426717.0892104822,-49053.958386035316,-101.17204937791325,
17037,4jxs,37,0,17,0.48046875,-2,-475775.5208760439,-426717.0892104822,-49054.41266372002,-92.68038420114912,
17038,4jxs,38,0,17,0.48046875,-2,-475773.575108175,-426717.0892104822,-49053.98238018495,-57.73248523444393,
17039,4jxs,39,0,17,0.48046875,-2,-475768.81503683235,-426717.0892104822,-49044.40163994958,-168.8997508108487,
17040,4jxs,40,0,17,0.48046875,-2,-475750.3815441106,-426717.0892104822,-49054.19265310008,481.9728168518669,
17041,4jxs,41,0,17,0.48046875,-2,-475769.12435018376,-426717.0892104822,-49053.905954740745,43.142019693322574,
17042,4jxs,42,0,17,0.48046875,-2,-475768.2543013969,-426717.0892104822,-49047.351486514934,-87.94380666785389,
17043,4jxs,43,0,17,0.48046875,-2,-475778.1548811027,-426717.0892104822,-49054.145030548745,-159.5937513926352,
17044,4jxs,44,0,17,0.48046875,-2,-475779.4180929878,-426717.0892104822,-49054.24564503909,-186.403884222572,
17045,4jxs,45,0,17,0.48046875,-2,-475735.89926644193,-426717.0892104822,-49053.03932493268,789.345694357694,
17046,4jxs,46,0,17,0.48046875,-2,-475773.7535223346,-426717.0892104822,-49053.101577972804,-82.15859503870837,
17047,4jxs,47,0,17,0.48046875,-2,-475762.07058712177,-426717.0892104822,-49053.07356457678,186.61028698040863,
17048,4jxs,48,0,17,0.48046875,-2,-475771.23585310095,-426717.0892104822,-49052.516163569366,-37.59974010524959,
17049,4jxs,49,0,17,0.48046875,-2,-475776.4729190946,-426717.0892104822,-49053.679832879105,-131.5344991678246,
17050,4jxs,50,0,17,0.48046875,-2,-475766.9959953714,-426717.0892104822,-49050.10098166567,4.478284051722226,
17051,4jxs,51,0,17,0.48046875,-2,-475775.8581201615,-426717.0892104822,-49054.19460919867,-105.48587502565238,
17052,4jxs,52,0,17,0.48046875,-2,-475759.1360084829,-426717.0892104822,-49054.21735628841,280.6597415192678,
17053,4jxs,53,0,17,0.48046875,-2,-475771.1899953323,-426717.0892104822,-49054.35555418519,5.87512043820069,
17054,4jxs,54,0,17,0.48046875,-2,-475768.26204588223,-426717.0892104822,-49052.81988072183,37.98176742237397,
17055,4jxs,55,0,17,0.48046875,-2,-475766.0820760663,-426717.0892104822,-49052.285485590925,75.92962115560918,
17056,4jxs,56,0,17,0.48046875,-2,-475774.220838607,-426717.0892104822,-49054.169236117865,-68.314382568974,
17057,4jxs,57,0,17,0.48046875,-2,-475768.87145277724,-426717.0892104822,-49052.69652260904,21.083804911554864,
17058,4jxs,58,0,17,0.48046875,-2,-475767.31449309835,-426717.0892104822,-49045.10108003343,-118.16691875267043,
17059,4jxs,59,0,17,0.48046875,-2,-475756.1146031354,-426717.0892104822,-49053.7686216045,339.9869364094278,
17060,4jxs,60,0,17,0.48046875,-2,-475770.0284538906,-426717.0892104822,-49052.15215088091,-18.150784876994365,
17061,4jxs,61,0,17,0.48046875,-2,-475747.68893294147,-426717.0892104822,-49054.01304736923,539.9240989599876,
17062,4jxs,62,0,17,0.48046875,-2,-475777.1366484863,-426717.0892104822,-49054.21810259598,-134.42766799995965,
17063,4jxs,63,0,17,0.48046875,-2,-475763.1694260537,-426717.0892104822,-49051.7993515569,131.88640894105865,
17064,4jxs,64,0,17,0.48046875,-2,-475777.28939231386,-426717.0892104822,-49054.40551475763,-133.6281972232927,
17065,4jxs,65,0,17,0.48046875,-2,-475764.6508218614,-426717.0892104822,-49052.3042981389,109.36895486759141,
17066,4jxs,66,0,17,0.48046875,-2,-475778.4815210585,-426717.0892104822,-49053.82662055199,-174.46895667678197,
17067,4jxs,67,0,17,0.48046875,-2,-475765.0288390643,-426717.0892104822,-49049.67639914066,40.05088053657314,
17068,4jxs,68,0,17,0.48046875,-2,-475776.35574283864,-426717.0892104822,-49053.729742128606,-127.68141587715348,
17069,4jxs,69,0,17,0.48046875,-2,-475770.75218004605,-426717.0892104822,-49053.80935901379,3.3758209120555924,
17070,4jxs,70,0,17,0.48046875,-2,-475772.4793044408,-426717.0892104822,-49054.23675851104,-26.59654725290254,
17071,4jxs,71,0,17,0.48046875,-2,-475752.1276432635,-426717.0892104822,-49049.72735274158,338.7345413243632,
17072,4jxs,72,0,17,0.48046875,-2,-475774.4034029631,-426717.0892104822,-49054.42671107586,-66.58690305035093,
17073,4jxs,73,0,17,0.48046875,-2,-475768.4368153306,-426717.0892104822,-49054.342580483004,69.06577887364068,
17074,4jxs,74,0,17,0.48046875,-2,-475768.6639868193,-426717.0892104822,-49042.94755291293,-198.9484984179973,
17075,4jxs,75,0,17,0.48046875,-2,-475769.1347939091,-426717.0892104822,-49043.645970746235,-193.69966998102527,
17076,4jxs,76,0,17,0.48046875,-2,-475757.2608606863,-426717.0892104822,-49038.11439018371,-47.44154310036023,
17077,4jxs,77,0,17,0.48046875,-2,-475768.77496550675,-426717.0892104822,-49054.23789110589,58.8536561740734,
17078,4jxs,78,0,17,0.48046875,-2,-475776.4085117592,-426717.0892104822,-49053.99566505031,-122.76596783824971,
17079,4jxs,79,0,17,0.48046875,-2,-475761.29409015214,-426717.0892104822,-49053.397610353204,211.9894056154507,
17080,4jxs,80,0,17,0.48046875,-2,-475739.4308529223,-426717.0892104822,-49053.06427929835,708.4808367518798,
17081,4jxs,81,0,17,0.48046875,-2,-475762.01785727666,-426717.0892104822,-49053.88383096806,206.5114529672042,
17082,4jxs,82,0,17,0.48046875,-2,-475776.49871015706,-426717.0892104822,-49053.65526859842,-132.6957209666833,
17083,4jxs,83,0,17,0.48046875,-2,-475776.7130639297,-426717.0892104822,-49054.29128853185,-122.97186829715379,
17084,4jxs,84,0,17,0.48046875,-2,-475764.99864581786,-426717.0892104822,-49053.56586406649,130.44034529775442,
17085,4jxs,85,0,17,0.48046875,-2,-475757.8110226017,-426717.0892104822,-49054.023399407335,306.74188987485974,
17086,4jxs,86,0,17,0.48046875,-2,-475771.2418373245,-426717.0892104822,-49052.61272210895,-35.51104675848354,
17087,4jxs,87,0,17,0.48046875,-2,-475772.4120233698,-426717.0892104822,-49053.812621111145,-34.8258496945165,
17088,4jxs,88,0,17,0.48046875,-2,-475752.95193917514,-426717.0892104822,-49046.43234683758,243.74118477585188,
17089,4jxs,89,0,17,0.48046875,-2,-475740.74747701664,-426717.0892104822,-49054.18166880076,703.8863779155467,
17090,4jxs,90,0,17,0.48046875,-2,-475766.79785828217,-426717.0892104822,-49050.98857421921,29.515804410639156,
17091,4jxs,91,0,17,0.48046875,-2,-475764.0330407656,-426717.0892104822,-49054.03127774607,163.44042120954063,
17092,4jxs,92,0,17,0.48046875,-2,-475770.69321770704,-426717.0892104822,-49052.03942389716,-36.080148663108304,
17093,4jxs,93,0,17,0.48046875,-2,-475751.07084159076,-426717.0892104822,-49051.71474636427,408.93535254015643,
17094,4jxs,94,0,17,0.48046875,-2,-475777.2922938001,-426717.0892104822,-49054.464963026745,-132.32419743206034,
17095,4jxs,95,0,17,0.48046875,-2,-475776.95036775334,-426717.0892104822,-49054.10565346866,-132.72507072640497,
17096,4jxs,96,0,17,0.48046875,-2,-475774.95455539034,-426717.0892104822,-49053.8229937751,-93.21883165173136,
17097,4jxs,97,0,17,0.48046875,-2,-475777.7891952654,-426717.0892104822,-49054.327188609706,-146.96017097341232,
17098,4jxs,98,0,17,0.48046875,-2,-475763.7981549427,-426717.0892104822,-49054.45403156794,178.60595169359289,
17099,4jxs,99,0,17,0.48046875,-2,-475750.1261796487,-426717.0892104822,-49054.058832776274,484.7756912623687,
17100,4jxs,100,0,17,0.48046875,-2,-475777.7372418913,-426717.0892104822,-49054.08216143336,-151.4125586245178,
18001,4kz6,1,0,18,0.48046875,-1,-455786.1434198699,-426717.0892104822,-29086.388961556077,399.7488815110833,
18002,4kz6,2,0,18,0.48046875,-1,-455806.0577377988,-426717.0892104822,-29086.378691309823,-59.723037107315086,
18003,4kz6,3,0,18,0.48046875,-1,-455805.12254243443,-426717.0892104822,-29086.222085948037,-41.76832511277269,
18004,4kz6,4,0,18,0.48046875,-1,-455754.28167328564,-426717.0892104822,-29057.283944724222,463.32057982206146,
18005,4kz6,5,0,18,0.48046875,-1,-455799.5951364241,-426717.0892104822,-29086.42180874831,90.3024027558149,
18006,4kz6,6,0,18,0.48046875,-1,-455797.9895079312,-426717.0892104822,-29074.437030569035,-149.04647502813816,
18007,4kz6,7,0,18,0.48046875,-1,-455806.9062555773,-426717.0892104822,-29086.54729395286,-75.40225260953753,
18008,4kz6,8,0,18,0.48046875,-1,-455799.7154546083,-426717.0892104822,-29086.16366712175,81.57491218782789,
18009,4kz6,9,0,18,0.48046875,-1,-455787.41952854773,-426717.0892104822,-29086.11797573025,364.07203471057727,
18010,4kz6,10,0,18,0.48046875,-1,-455783.29846983636,-426717.0892104822,-29085.956671910368,455.38615178339074,
18011,4kz6,11,0,18,0.48046875,-1,-455805.11066999973,-426717.0892104822,-29086.143957560755,-43.29622367641009,
18012,4kz6,12,0,18,0.48046875,-1,-455804.18992721825,-426717.0892104822,-29085.858569526783,-28.644595132001452,
18013,4kz6,13,0,18,0.48046875,-1,-455773.55468125426,-426717.0892104822,-29084.803671393318,653.4944308601503,
18014,4kz6,14,0,18,0.48046875,-1,-455757.6708670506,-426717.0892104822,-29085.500710510187,1035.8579919308982,
18015,4kz6,15,0,18,0.48046875,-1,-455806.24890763545,-426717.0892104822,-29085.95817840709,-73.82877617657692,
18016,4kz6,16,0,18,0.48046875,-1,-455803.75864953693,-426717.0892104822,-29084.109533899154,-59.032815282102014,
18017,4kz6,17,0,18,0.48046875,-1,-455748.32358648017,-426717.0892104822,-29057.178235261206,598.2796074507002,
18018,4kz6,18,0,18,0.48046875,-1,-455781.93117448053,-426717.0892104822,-29084.00031404027,441.8020474978182,
18019,4kz6,19,0,18,0.48046875,-1,-455807.5225080768,-426717.0892104822,-29085.967790534756,-102.97703914153512,
18020,4kz6,20,0,18,0.48046875,-1,-455805.93251032295,-426717.0892104822,-29084.95465628287,-89.67425076277692,
18021,4kz6,21,0,18,0.48046875,-1,-455803.32007481426,-426717.0892104822,-29086.43424188959,4.689997893159686,
18022,4kz6,22,0,18,0.48046875,-1,-455784.9798367225,-426717.0892104822,-29086.276197319756,423.98134127129185,
18023,4kz6,23,0,18,0.48046875,-1,-455789.63344044145,-426717.0892104822,-29085.984157225434,309.93208556177143,
18024,4kz6,24,0,18,0.48046875,-1,-455799.6818440107,-426717.0892104822,-29085.3150872145,62.781273442257245,
18025,4kz6,25,0,18,0.48046875,-1,-455777.78744781076,-426717.0892104822,-29085.897034920137,581.0980771347159,
18026,4kz6,26,0,18,0.48046875,-1,-455803.27988017007,-426717.0892104822,-29085.712270044023,-11.03215786913363,
18027,4kz6,27,0,18,0.48046875,-1,-455755.14277464786,-426717.0892104822,-29057.149168452186,440.35509600399416,
18028,4kz6,28,0,18,0.48046875,-1,-455786.1223081438,-426717.0892104822,-29086.02827628098,391.91812944157266,
18029,4kz6,29,0,18,0.48046875,-1,-455773.23573090706,-426717.0892104822,-29086.44989017973,698.8123076609635,
18030,4kz6,30,0,18,0.48046875,-1,-455802.751868146,-426717.0892104822,-29086.404315025033,17.103025052448196,
18031,4kz6,31,0,18,0.48046875,-1,-455777.49915265467,-426717.0892104822,-29086.028598661054,590.7802533112483,
18032,4kz6,32,0,18,0.48046875,-1,-455801.9514471692,-426717.0892104822,-29085.99955631344,26.227213644627472,
18033,4kz6,33,0,18,0.48046875,-1,-455806.3228037124,-426717.0892104822,-29086.280398330255,-68.10229224318945,
18034,4kz6,34,0,18,0.48046875,-1,-455791.43832242646,-426717.0892104822,-29085.65333689173,260.6816200891496,
18035,4kz6,35,0,18,0.48046875,-1,-455796.35278493137,-426717.0892104822,-29084.118706180074,111.96199750444327,
18036,4kz6,36,0,18,0.48046875,-1,-455754.7113695894,-426717.0892104822,-29057.286986039853,453.48168206173756,
18037,4kz6,37,0,18,0.48046875,-1,-455789.7598743931,-426717.0892104822,-29086.142059352947,310.65775893610316,
18038,4kz6,38,0,18,0.48046875,-1,-455768.86428191717,-426717.0892104822,-29084.118810717682,745.864346750109,
18039,4kz6,39,0,18,0.48046875,-1,-455805.04066812,-426717.0892104822,-29086.19316342844,-40.547227715864814,
18040,4kz6,40,0,18,0.48046875,-1,-455800.7361237429,-426717.0892104822,-29084.55885077238,21.029778606941214,
18041,4kz6,41,0,18,0.48046875,-1,-455804.06691856455,-426717.0892104822,-29085.994682166987,-22.669116140076294,
18042,4kz6,42,0,18,0.48046875,-1,-455798.0798324931,-426717.0892104822,-29086.012626145275,115.81016654639535,
18043,4kz6,43,0,18,0.48046875,-1,-455802.0537768097,-426717.0892104822,-29085.87929091368,21.09405007108003,
18044,4kz6,44,0,18,0.48046875,-1,-455798.48105040437,-426717.0892104822,-29084.431334403143,70.0924078593218,
18045,4kz6,45,0,18,0.48046875,-1,-455804.62303369044,-426717.0892104822,-29086.075125107745,-33.6383773169606,
18046,4kz6,46,0,18,0.48046875,-1,-455803.1156756309,-426717.0892104822,-29084.08661189561,-44.73407872777651,
18047,4kz6,47,0,18,0.48046875,-1,-455804.06179448654,-426717.0892104822,-29086.38279259096,-13.600913098301138,
18048,4kz6,48,0,18,0.48046875,-1,-455785.25028339075,-426717.0892104822,-29085.987218549664,411.0806841924625,
18049,4kz6,49,0,18,0.48046875,-1,-455796.2768574551,-426717.0892104822,-29086.088615061082,159.14010467536437,
18050,4kz6,50,0,18,0.48046875,-1,-455793.0365394551,-426717.0892104822,-29085.88180592539,229.09448093458622,
18051,4kz6,51,0,18,0.48046875,-1,-455796.36777791707,-426717.0892104822,-29086.524403654497,167.092952715532,
18052,4kz6,52,0,18,0.48046875,-1,-455775.0748784129,-426717.0892104822,-29057.298437406676,-15.847912369518701,
18053,4kz6,53,0,18,0.48046875,-1,-455757.5702999479,-426717.0892104822,-29057.326819565762,388.47176471354186,
18054,4kz6,54,0,18,0.48046875,-1,-455791.9571357276,-426717.0892104822,-29086.12667656938,259.6329734189634,
18055,4kz6,55,0,18,0.48046875,-1,-455804.1624003337,-426717.0892104822,-29086.01492115618,-24.40425586557704,
18056,4kz6,56,0,18,0.48046875,-1,-455796.94952552294,-426717.0892104822,-29086.53496772382,153.92114745083646,
18057,4kz6,57,0,18,0.48046875,-1,-455793.4331220205,-426717.0892104822,-29085.99247784994,222.50122492630615,
18058,4kz6,58,0,18,0.48046875,-1,-455782.1992404381,-426717.0892104822,-29086.086039104022,483.718262255352,
18059,4kz6,59,0,18,0.48046875,-1,-455800.73575561197,-426717.0892104822,-29089.064489085882,124.94075574353714,
18060,4kz6,60,0,18,0.48046875,-1,-455807.8878887747,-426717.0892104822,-29088.920584390788,-43.30987425049751,
18061,4kz6,61,0,18,0.48046875,-1,-455752.73230071244,-426717.0892104822,-29088.486107689576,1218.5889316352923,
18062,4kz6,62,0,18,0.48046875,-1,-455809.30834678444,-426717.0892104822,-29089.10291888683,-71.86168075872541,
18063,4kz6,63,0,18,0.48046875,-1,-455805.51557833434,-426717.0892104822,-29088.92309129731,11.454714765987813,
18064,4kz6,64,0,18,0.48046875,-1,-455811.2888711256,-426717.0892104822,-29088.57189218865,-129.7794236306503,
18065,4kz6,65,0,18,0.48046875,-1,-455809.8704200214,-426717.0892104822,-29088.69293520737,-94.27784577416718,
18066,4kz6,66,0,18,0.48046875,-1,-455791.4080758839,-426717.0892104822,-29089.200753842495,343.1845001982316,
18067,4kz6,67,0,18,0.48046875,-1,-455801.8060979003,-426717.0892104822,-29089.211826331473,103.65575380703625,
18068,4kz6,68,0,18,0.48046875,-1,-455808.84618906374,-426717.0892104822,-29088.5953364395,-72.90919983990642,
18069,4kz6,69,0,18,0.48046875,-1,-455809.75303043355,-426717.0892104822,-29088.633625020313,-92.93850297400026,
18070,4kz6,70,0,18,0.48046875,-1,-455765.11809336016,-426717.0892104822,-29089.003027916122,944.8862314712673,
18071,4kz6,71,0,18,0.48046875,-1,-455797.2604881602,-426717.0892104822,-29088.632199104428,195.11348324548933,
18072,4kz6,72,0,18,0.48046875,-1,-455800.9890053122,-426717.0892104822,-29089.19601680959,122.13378028170048,
18073,4kz6,73,0,18,0.48046875,-1,-455809.4409649907,-426717.0892104822,-29088.76365204145,-82.74360856271062,
18074,4kz6,74,0,18,0.48046875,-1,-455803.13278635265,-426717.0892104822,-29089.11616209496,70.85552159390686,
18075,4kz6,75,0,18,0.48046875,-1,-455780.4402687092,-426717.0892104822,-29088.777581860224,586.3495644100947,
18076,4kz6,76,0,18,0.48046875,-1,-455788.615417284,-426717.0892104822,-29088.80857508219,398.5408803558046,
18077,4kz6,77,0,18,0.48046875,-1,-455803.27277243306,-426717.0892104822,-29086.577733201673,9.089804982746234,
18078,4kz6,78,0,18,0.48046875,-1,-455810.62945317733,-426717.0892104822,-29088.68044528836,-112.06959054603705,
18079,4kz6,79,0,18,0.48046875,-1,-455800.45777531376,-426717.0892104822,-29089.079038015356,131.6866399904213,
18080,4kz6,80,0,18,0.48046875,-1,-455796.9283491961,-426717.0892104822,-29088.986543209314,210.94415889255268,
18081,4kz6,81,0,18,0.48046875,-1,-455764.2453353198,-426717.0892104822,-29088.579474521604,955.2451366928985,
18082,4kz6,82,0,18,0.48046875,-1,-455805.4623722368,-426717.0892104822,-29089.049949148364,15.607088064389162,
18083,4kz6,83,0,18,0.48046875,-1,-455808.6020408547,-426717.0892104822,-29088.511954800462,-69.20183466253522,
18084,4kz6,84,0,18,0.48046875,-1,-455812.72337209963,-426717.0892104822,-29088.658031940733,-160.87337208212261,
18085,4kz6,85,0,18,0.48046875,-1,-455803.44012361957,-426717.0892104822,-29088.806379053513,56.624389205610015,
18086,4kz6,86,0,18,0.48046875,-1,-455788.06222180737,-426717.0892104822,-29088.966976005675,414.95068317721456,
18087,4kz6,87,0,18,0.48046875,-1,-455807.8486584627,-426717.0892104822,-29088.897662127758,-42.933801707470366,
18088,4kz6,88,0,18,0.48046875,-1,-455787.6027755857,-426717.0892104822,-29088.65360380735,418.31923017887266,
18089,4kz6,89,0,18,0.48046875,-1,-455809.1952847324,-426717.0892104822,-29089.062604331375,-70.18408363380854,
18090,4kz6,90,0,18,0.48046875,-1,-455797.7718754149,-426717.0892104822,-29088.954782871537,190.7595713894555,
18091,4kz6,91,0,18,0.48046875,-1,-455803.2308431546,-426717.0892104822,-29089.006298885684,66.06077223021904,
18092,4kz6,92,0,18,0.48046875,-1,-455785.85730634857,-426717.0892104822,-29089.23924051866,472.0758104016259,
18093,4kz6,93,0,18,0.48046875,-1,-455801.97276280477,-426717.0892104822,-29089.13674045087,98.08084826526854,
18094,4kz6,94,0,18,0.48046875,-1,-455808.52381119214,-426717.0892104822,-29089.233289085558,-50.76345200410663,
18095,4kz6,95,0,18,0.48046875,-1,-455794.399179035,-426717.0892104822,-29089.014626603344,269.9158268159642,
18096,4kz6,96,0,18,0.48046875,-1,-455791.3268630021,-426717.0892104822,-29089.03847779312,341.3151391459282,
18097,4kz6,97,0,18,0.48046875,-1,-455759.23886934685,-426717.0892104822,-29088.903187447057,1078.161982124682,
18098,4kz6,98,0,18,0.48046875,-1,-455803.1369933338,-426717.0892104822,-29088.760448910172,62.555565391835465,
18099,4kz6,99,0,18,0.48046875,-1,-455792.83736917947,-426717.0892104822,-29086.298414739176,243.2946840796159,
18100,4kz6,100,0,18,0.48046875,-1,-455808.7987826673,-426717.0892104822,-29086.16886487492,-127.77174594240327,
19001,3gr2,1,0,19,0.48046875,0,-445113.95528627257,-426717.0892104822,-18396.104458248337,-17.5633177567018,
19002,3gr2,2,0,19,0.48046875,0,-445114.0695983477,-426717.0892104822,-18395.72575242856,-28.93258050372581,
19003,3gr2,3,0,19,0.48046875,0,-445114.3241352966,-426717.0892104822,-18395.807654058426,-32.913645536094116,
19004,3gr2,4,0,19,0.48046875,0,-445113.77918053843,-426717.0892104822,-18395.76578729285,-21.312160819274208,
19005,3gr2,5,0,19,0.48046875,0,-445084.16137655044,-426717.0892104822,-18395.53847555125,656.4486913939936,
19006,3gr2,6,0,19,0.48046875,0,-445113.41560699797,-426717.0892104822,-18395.75031147515,-13.284836633690155,
19007,3gr2,7,0,19,0.48046875,0,-445087.4017394107,-426717.0892104822,-18395.8350548696,588.5634302227401,
19008,3gr2,8,0,19,0.48046875,0,-445111.9198848945,-426717.0892104822,-18396.30976650764,34.10867401018706,
19009,3gr2,9,0,19,0.48046875,0,-445116.1156569334,-426717.0892104822,-18395.58845722842,-79.28191491308797,
19010,3gr2,10,0,19,0.48046875,0,-445110.4145380197,-426717.0892104822,-18395.548302025585,51.26300950900555,
19011,3gr2,11,0,19,0.48046875,0,-445114.4034355106,-426717.0892104822,-18395.626125581628,-38.92849803479062,
19012,3gr2,12,0,19,0.48046875,0,-445106.7547998528,-426717.0892104822,-18395.911850575834,144.04220528607104,
19013,3gr2,13,0,19,0.48046875,0,-445114.78709373175,-426717.0892104822,-18395.948660993425,-40.33802350379567,
19014,3gr2,14,0,19,0.48046875,0,-445114.807521673,-426717.0892104822,-18395.679223263698,-47.02248467330551,
19015,3gr2,15,0,19,0.48046875,0,-445111.9292717818,-426717.0892104822,-18395.563800798685,16.68982933512299,
19016,3gr2,16,0,19,0.48046875,0,-445114.73768181977,-426717.0892104822,-18395.78701703097,-42.9261560718524,
19017,3gr2,17,0,19,0.48046875,0,-445112.4240389874,-426717.0892104822,-18396.020908697392,15.821385088231366,
19018,3gr2,18,0,19,0.48046875,0,-445113.09482369205,-426717.0892104822,-18395.82872577514,-4.079121148867947,
19019,3gr2,19,0,19,0.48046875,0,-445112.95675220486,-426717.0892104822,-18395.585304941465,-6.508534792349756,
19020,3gr2,20,0,19,0.48046875,0,-445103.84587961255,-426717.0892104822,-18395.98929200626,212.90934143195324,
19021,3gr2,21,0,19,0.48046875,0,-445101.47456066497,-426717.0892104822,-18395.952610075034,266.7473500147709,
19022,3gr2,22,0,19,0.48046875,0,-445114.1770265052,-426717.0892104822,-18396.154913678354,-21.5132391394652,
19023,3gr2,23,0,19,0.48046875,0,-445115.4307332586,-426717.0892104822,-18396.023663151227,-53.45111275108352,
19024,3gr2,24,0,19,0.48046875,0,-445114.11715152115,-426717.0892104822,-18396.019746221595,-23.249524808169415,
19025,3gr2,25,0,19,0.48046875,0,-445103.64963735687,-426717.0892104822,-18395.72093636614,211.24636728089004,
19026,3gr2,26,0,19,0.48046875,0,-445108.7905687141,-426717.0892104822,-18395.905152823165,96.9418062421795,
19027,3gr2,27,0,19,0.48046875,0,-445114.30535574665,-426717.0892104822,-18395.632194829683,-36.526764762291634,
19028,3gr2,28,0,19,0.48046875,0,-445090.446844586,-426717.0892104822,-18395.730717726132,515.9355649912503,
19029,3gr2,29,0,19,0.48046875,0,-445083.8727445532,-426717.0892104822,-18395.54465386489,663.2471786691522,
19030,3gr2,30,0,19,0.48046875,0,-445113.53856469935,-426717.0892104822,-18395.833907686152,-14.192534165379007,
19031,3gr2,31,0,19,0.48046875,0,-445113.5047334823,-426717.0892104822,-18395.96538818882,-10.380355346229067,
19032,3gr2,32,0,19,0.48046875,0,-445113.8677577654,-426717.0892104822,-18395.6443440148,-26.155348720680266,
19033,3gr2,33,0,19,0.48046875,0,-445066.9597642397,-426717.0892104822,-18395.63728343761,1055.4058588384755,
19034,3gr2,34,0,19,0.48046875,0,-445113.3345481307,-426717.0892104822,-18395.612318175634,-14.59777583155503,
19035,3gr2,35,0,19,0.48046875,0,-445113.62767244456,-426717.0892104822,-18395.680617978276,-19.782352226302685,
19036,3gr2,36,0,19,0.48046875,0,-445077.12513760617,-426717.0892104822,-18395.682408799257,822.0273956661941,
19037,3gr2,37,0,19,0.48046875,0,-445100.4391264943,-426717.0892104822,-18395.552803101527,281.405261397739,
19038,3gr2,38,0,19,0.48046875,0,-445103.01777574973,-426717.0892104822,-18395.973448419285,231.64050837398617,
19039,3gr2,39,0,19,0.48046875,0,-445113.69178496255,-426717.0892104822,-18395.73268088121,-20.060222950468106,
19040,3gr2,40,0,19,0.48046875,0,-445099.71134181117,-426717.0892104822,-18395.605766359513,299.4097366370989,
19041,3gr2,41,0,19,0.48046875,0,-445104.5533002801,-426717.0892104822,-18395.741402440726,190.87936410827902,
19042,3gr2,42,0,19,0.48046875,0,-445110.7997720331,-426717.0892104822,-18395.684584233113,45.52204448142232,
19043,3gr2,43,0,19,0.48046875,0,-445102.1472066274,-426717.0892104822,-18395.55328469038,242.02710349190053,
19044,3gr2,44,0,19,0.48046875,0,-445093.52986157994,-426717.0892104822,-18395.78422524812,446.0734169099199,
19045,3gr2,45,0,19,0.48046875,0,-445089.6236728971,-426717.0892104822,-18395.972166742995,540.4863016975982,
19046,3gr2,46,0,19,0.48046875,0,-445113.3046246608,-426717.0892104822,-18395.620806453342,-13.711979889132438,
19047,3gr2,47,0,19,0.48046875,0,-445099.8594345883,-426717.0892104822,-18395.78843020716,300.20696446260325,
19048,3gr2,48,0,19,0.48046875,0,-445109.36310715077,-426717.0892104822,-18395.911771225426,83.89138022013539,
19049,3gr2,49,0,19,0.48046875,0,-445112.21729284787,-426717.0892104822,-18395.58537193307,10.545347941450702,
19050,3gr2,50,0,19,0.48046875,0,-445111.5563378809,-426717.0892104822,-18395.52919190705,24.49178939394457,
19051,3gr2,51,0,19,0.48046875,0,-445115.1551903499,-426717.0892104822,-18396.020503358257,-47.16980888260155,
19052,3gr2,52,0,19,0.48046875,0,-445114.50623974967,-426717.0892104822,-18396.020474959936,-32.205307406896715,
19053,3gr2,53,0,19,0.48046875,0,-445100.28056398995,-426717.0892104822,-18395.70018103382,288.4604154699331,
19054,3gr2,54,0,19,0.48046875,0,-445104.53749290016,-426717.0892104822,-18395.852802377336,193.8128345166371,
19055,3gr2,55,0,19,0.48046875,0,-445109.1744919147,-426717.0892104822,-18395.582208462038,80.64105302507159,
19056,3gr2,56,0,19,0.48046875,0,-445113.87915113865,-426717.0892104822,-18395.577775259197,-27.953198122070823,
19057,3gr2,57,0,19,0.48046875,0,-445114.25624474406,-426717.0892104822,-18395.59526876768,-36.24577335705438,
19058,3gr2,58,0,19,0.48046875,0,-445111.58613256505,-426717.0892104822,-18396.01082750957,34.91148850391386,
19059,3gr2,59,0,19,0.48046875,0,-445114.1852705607,-426717.0892104822,-18395.977090569246,-25.804049888577744,
19060,3gr2,60,0,19,0.48046875,0,-445113.8703023577,-426717.0892104822,-18395.582621432644,-27.637384971357047,
19061,3gr2,61,0,19,0.48046875,0,-445106.1749485173,-426717.0892104822,-18395.733637545214,153.30420462628527,
19062,3gr2,62,0,19,0.48046875,0,-445113.28895293997,-426717.0892104822,-18395.591697242824,-14.02185576246884,
19063,3gr2,63,0,19,0.48046875,0,-445112.81272241933,-426717.0892104822,-18395.71235350006,-0.2573196718039343,
19064,3gr2,64,0,19,0.48046875,0,-445110.2356606749,-426717.0892104822,-18395.732804442294,59.64274587908995,
19065,3gr2,65,0,19,0.48046875,0,-445114.86766361067,-426717.0892104822,-18396.01365700256,-40.69716547283693,
19066,3gr2,66,0,19,0.48046875,0,-445114.29904801404,-426717.0892104822,-18395.581483579794,-37.55073419646891,
19067,3gr2,67,0,19,0.48046875,0,-445114.37693589216,-426717.0892104822,-18395.619631850837,-38.467151306061666,
19068,3gr2,68,0,19,0.48046875,0,-445113.1506521031,-426717.0892104822,-18396.017194676773,-1.0203587720455705,
19069,3gr2,69,0,19,0.48046875,0,-445110.5864040116,-426717.0892104822,-18395.853009591265,54.32640897507128,
19070,3gr2,70,0,19,0.48046875,0,-445103.1014673789,-426717.0892104822,-18395.731091408743,224.12164812271317,
19071,3gr2,71,0,19,0.48046875,0,-445114.58730306383,-426717.0892104822,-18396.730034624474,-17.711837257790364,
19072,3gr2,72,0,19,0.48046875,0,-445080.5721873886,-426717.0892104822,-18396.78064113749,767.862378648765,
19073,3gr2,73,0,19,0.48046875,0,-445101.1208402213,-426717.0892104822,-18396.73806235855,293.01729717741597,
19074,3gr2,74,0,19,0.48046875,0,-445113.85824717535,-426717.0892104822,-18396.800254711507,0.7199046055061626,
19075,3gr2,75,0,19,0.48046875,0,-445114.3411625522,-426717.0892104822,-18396.866649924323,-8.885278559312006,
19076,3gr2,76,0,19,0.48046875,0,-445084.68243137526,-426717.0892104822,-18396.70619078303,671.3610346389696,
19077,3gr2,77,0,19,0.48046875,0,-445093.3626308505,-426717.0892104822,-18395.78670067559,449.9869338580798,
19078,3gr2,78,0,19,0.48046875,0,-445116.07565240335,-426717.0892104822,-18396.722478658885,-52.20823309626709,
19079,3gr2,79,0,19,0.48046875,0,-445114.8005367648,-426717.0892104822,-18396.82364625894,-20.470387643589284,
19080,3gr2,80,0,19,0.48046875,0,-445114.7620471982,-426717.0892104822,-18396.496830829958,-27.119339984073,
19081,3gr2,81,0,19,0.48046875,0,-445114.48013258557,-426717.0892104822,-18396.76801628891,-14.364549328324474,
19082,3gr2,82,0,19,0.48046875,0,-445114.81274315267,-426717.0892104822,-18396.535241526963,-27.402644751519247,
19083,3gr2,83,0,19,0.48046875,0,-445106.7066569956,-426717.0892104822,-18396.831120195693,166.35126698543843,
19084,3gr2,84,0,19,0.48046875,0,-445111.3825463303,-426717.0892104822,-18396.65996754088,54.57582334925647,
19085,3gr2,85,0,19,0.48046875,0,-445115.9158776806,-426717.0892104822,-18396.71761358154,-48.63593180867579,
19086,3gr2,86,0,19,0.48046875,0,-445115.1720100128,-426717.0892104822,-18396.75800827075,-30.55041221308236,
19087,3gr2,87,0,19,0.48046875,0,-445082.23340427165,-426717.0892104822,-18396.853624546926,731.2368446643341,
19088,3gr2,88,0,19,0.48046875,0,-445090.5099422448,-426717.0892104822,-18396.496610720995,532.1424104536669,
19089,3gr2,89,0,19,0.48046875,0,-445114.7657616273,-426717.0892104822,-18396.829605625608,-19.531027662042874,
19090,3gr2,90,0,19,0.48046875,0,-445114.4756689695,-426717.0892104822,-18396.701669134345,-15.791617627901438,
19091,3gr2,91,0,19,0.48046875,0,-445113.86642784707,-426717.0892104822,-18396.79679455713,0.4514607784783802,
19092,3gr2,92,0,19,0.48046875,0,-445113.35287633544,-426717.0892104822,-18396.067647840147,-4.52028276665062,
19093,3gr2,93,0,19,0.48046875,0,-445114.5610436918,-426717.0892104822,-18396.751867161205,-16.602811495974912,
19094,3gr2,94,0,19,0.48046875,0,-445106.4038046597,-426717.0892104822,-18396.02357484098,154.71276948419472,
19095,3gr2,95,0,19,0.48046875,0,-445109.843059365,-426717.0892104822,-18396.26179485288,80.89515583023771,
19096,3gr2,96,0,19,0.48046875,0,-445104.9628267427,-426717.0892104822,-18396.257116365665,193.32810516369724,
19097,3gr2,97,0,19,0.48046875,0,-445113.81532907835,-426717.0892104822,-18396.304159339732,-9.730611615298171,
19098,3gr2,98,0,19,0.48046875,0,-445109.22864156746,-426717.0892104822,-18395.704425593904,82.21072638240216,
19099,3gr2,99,0,19,0.48046875,0,-445101.77483091987,-426717.0892104822,-18396.27951037177,267.36145336828565,
19100,3gr2,100,0,19,0.48046875,0,-445113.7802560239,-426717.0892104822,-18395.888377078667,-18.50997448444989,
20001,2r9w,1,0,20,0.48046875,-2,-463506.35274515726,-426717.0892104822,-36783.25527636159,-138.55372821652938,
20002,2r9w,2,0,20,0.48046875,-2,-463503.54114539776,-426717.0892104822,-36783.24499733594,-73.95373744463629,
20003,2r9w,3,0,20,0.48046875,-2,-463497.84069227637,-426717.0892104822,-36783.06602235279,53.37457325792536,
20004,2r9w,4,0,20,0.48046875,-2,-463499.71319351636,-426717.0892104822,-36782.93731643357,7.225639843901499,
20005,2r9w,5,0,20,0.48046875,-2,-463496.9436554643,-426717.0892104822,-36782.67889384122,65.13333801143827,
20006,2r9w,6,0,20,0.48046875,-2,-463500.8761605238,-426717.0892104822,-36783.0642943791,-16.66483547004575,
20007,2r9w,7,0,20,0.48046875,-2,-463477.35076628276,-426717.0892104822,-36781.504498936345,489.87390624580627,
20008,2r9w,8,0,20,0.48046875,-2,-463490.31969937315,-426717.0892104822,-36771.9954551656,-28.480554296074423,
20009,2r9w,9,0,20,0.48046875,-2,-463485.7441012678,-426717.0892104822,-36776.48076247389,180.46888838464704,
20010,2r9w,10,0,20,0.48046875,-2,-463493.03802164097,-426717.0892104822,-36776.09694564888,3.416062494575084,
20011,2r9w,11,0,20,0.48046875,-2,-463491.87053637404,-426717.0892104822,-36778.42803075074,84.09501182273473,
20012,2r9w,12,0,20,0.48046875,-2,-463498.7344530408,-426717.0892104822,-36781.82657431133,4.181609556628278,
20013,2r9w,13,0,20,0.48046875,-2,-463488.70398315997,-426717.0892104822,-36782.906530906395,260.3941307229817,
20014,2r9w,14,0,20,0.48046875,-2,-463489.0819339902,-426717.0892104822,-36778.43598957718,148.585245374108,
20015,2r9w,15,0,20,0.48046875,-2,-463491.1827918092,-426717.0892104822,-36778.681432263074,105.798355950993,
20016,2r9w,16,0,20,0.48046875,-2,-463497.3361637762,-426717.0892104822,-36776.10173003376,-95.59111926200032,
20017,2r9w,17,0,20,0.48046875,-2,-463495.9368604411,-426717.0892104822,-36782.77381248431,90.53945870760941,
20018,2r9w,18,0,20,0.48046875,-2,-463496.5673697893,-426717.0892104822,-36783.034625018656,82.0140476494096,
20019,2r9w,19,0,20,0.48046875,-2,-463461.87215673865,-426717.0892104822,-36781.544498464915,847.7415330309839,
20020,2r9w,20,0,20,0.48046875,-2,-463465.5613077658,-426717.0892104822,-36782.8863692273,793.611964214137,
20021,2r9w,21,0,20,0.48046875,-2,-463484.21646072634,-426717.0892104822,-36772.148521916926,115.79327558076238,
20022,2r9w,22,0,20,0.48046875,-2,-463480.4253068415,-426717.0892104822,-36783.04138095613,454.41465796111834,
20023,2r9w,23,0,20,0.48046875,-2,-463500.4804869383,-426717.0892104822,-36778.05909162084,-122.96310343581804,
20024,2r9w,24,0,20,0.48046875,-2,-463464.52299289656,-426717.0892104822,-36771.98917138661,566.2607218940373,
20025,2r9w,25,0,20,0.48046875,-2,-463469.66435482,-426717.0892104822,-36783.07203612078,703.2750316470233,
20026,2r9w,26,0,20,0.48046875,-2,-463469.58516301174,-426717.0892104822,-36782.92914982487,701.8062018676129,
20027,2r9w,27,0,20,0.48046875,-2,-463495.78179146105,-426717.0892104822,-36776.477707339945,-51.0761994887755,
20028,2r9w,28,0,20,0.48046875,-2,-463505.3342501724,-426717.0892104822,-36782.92879992208,-122.59540145233376,
20029,2r9w,29,0,20,0.48046875,-2,-463498.36702793755,-426717.0892104822,-36781.52515300398,5.703693249372667,
20030,2r9w,30,0,20,0.48046875,-2,-463500.366033464,-426717.0892104822,-36778.61157651409,-107.58313930958046,
20031,2r9w,31,0,20,0.48046875,-2,-463502.36411469243,-426717.0892104822,-36778.61640418948,-153.5486582088222,
20032,2r9w,32,0,20,0.48046875,-2,-463504.1314791848,-426717.0892104822,-36782.93031436436,-94.82391969390953,
20033,2r9w,33,0,20,0.48046875,-2,-463504.88509982364,-426717.0892104822,-36782.783496006115,-115.58853625528982,
20034,2r9w,34,0,20,0.48046875,-2,-463499.2630667247,-426717.0892104822,-36781.62646042571,-12.623247415438993,
20035,2r9w,35,0,20,0.48046875,-2,-463501.93162554473,-426717.0892104822,-36778.43401118122,-147.78130422301643,
20036,2r9w,36,0,20,0.48046875,-2,-463503.3476947227,-426717.0892104822,-36782.91078687413,-77.19973523980336,
20037,2r9w,37,0,20,0.48046875,-2,-463499.5509009593,-426717.0892104822,-36776.204516036836,-144.29387046412867,
20038,2r9w,38,0,20,0.48046875,-2,-463506.1133298093,-426717.0892104822,-36782.895769723036,-141.32309916675246,
20039,2r9w,39,0,20,0.48046875,-2,-463505.7154703492,-426717.0892104822,-36783.01259353037,-129.45422106058527,
20040,2r9w,40,0,20,0.48046875,-2,-463499.02414792037,-426717.0892104822,-36774.90614010697,-162.0879170478791,
20041,2r9w,41,0,20,0.48046875,-2,-463483.3061251346,-426717.0892104822,-36779.30080622151,301.72170734049615,
20042,2r9w,42,0,20,0.48046875,-2,-463503.9513127061,-426717.0892104822,-36783.00031241764,-89.05498853935562,
20043,2r9w,43,0,20,0.48046875,-2,-463505.01763195783,-426717.0892104822,-36783.07497008363,-111.92324796885043,
20044,2r9w,44,0,20,0.48046875,-2,-463473.81731198577,-426717.0892104822,-36779.11761514876,516.3144503192045,
20045,2r9w,45,0,20,0.48046875,-2,-463504.332747224,-426717.0892104822,-36781.62447146417,-129.57872359860667,
20046,2r9w,46,0,20,0.48046875,-2,-463492.8189444553,-426717.0892104822,-36772.278267048896,-79.5927180914359,
20047,2r9w,47,0,20,0.48046875,-2,-463503.22690189304,-426717.0892104822,-36782.783392011595,-77.35198173450739,
20048,2r9w,48,0,20,0.48046875,-2,-463499.34734547074,-426717.0892104822,-36776.22619975,-139.09973107957873,
20049,2r9w,49,0,20,0.48046875,-2,-463483.74438445794,-426717.0892104822,-36772.493653032005,134.63852553502406,
20050,2r9w,50,0,20,0.48046875,-2,-463501.88211872004,-426717.0892104822,-36778.400631230856,-147.40940966611902,
20051,2r9w,51,0,20,0.48046875,-2,-463483.02668309794,-426717.0892104822,-36781.4554030642,357.85197733899355,
20052,2r9w,52,0,20,0.48046875,-2,-463499.8344743344,-426717.0892104822,-36775.98528889732,-155.8887257803542,
20053,2r9w,53,0,20,0.48046875,-2,-463497.842203469,-426717.0892104822,-36778.514112739766,-51.62980502417749,
20054,2r9w,54,0,20,0.48046875,-2,-463491.22979419114,-426717.0892104822,-36772.49155160222,-38.027583771188574,
20055,2r9w,55,0,20,0.48046875,-2,-463478.96149114857,-426717.0892104822,-36781.93552361823,462.6693737286772,
20056,2r9w,56,0,20,0.48046875,-2,-463471.31186661223,-426717.0892104822,-36773.689398973416,448.91375444617614,
20057,2r9w,57,0,20,0.48046875,-2,-463495.1447945283,-426717.0892104822,-36781.59882921407,81.7091746711594,
20058,2r9w,58,0,20,0.48046875,-2,-463491.74780668673,-426717.0892104822,-36783.197661945946,196.9155339585857,
20059,2r9w,59,0,20,0.48046875,-2,-463492.95260753494,-426717.0892104822,-36780.27437836327,101.71964549131029,
20060,2r9w,60,0,20,0.48046875,-2,-463496.9662716833,-426717.0892104822,-36782.773453347494,66.79238962849854,
20061,2r9w,61,0,20,0.48046875,-2,-463492.7072497971,-426717.0892104822,-36782.94791184585,169.03087609165377,
20062,2r9w,62,0,20,0.48046875,-2,-463474.6715956812,-426717.0892104822,-36782.62984590724,577.6081656973237,
20063,2r9w,63,0,20,0.48046875,-2,-463486.17520386435,-426717.0892104822,-36778.314206977215,212.80766100019576,
20064,2r9w,64,0,20,0.48046875,-2,-463487.22634076764,-426717.0892104822,-36781.52754410611,262.66918272212274,
20065,2r9w,65,0,20,0.48046875,-2,-463498.7923657851,-426717.0892104822,-36776.4865037411,-120.29884285675243,
20066,2r9w,66,0,20,0.48046875,-2,-463484.5810981166,-426717.0892104822,-36777.35072000792,227.35007550387095,
20067,2r9w,67,0,20,0.48046875,-2,-463500.83412691246,-426717.0892104822,-36778.660654476385,-117.24586597088422,
20068,2r9w,68,0,20,0.48046875,-2,-463491.1266802637,-426717.0892104822,-36777.45720134809,78.86088335850609,
20069,2r9w,69,0,20,0.48046875,-2,-463487.61424501496,-426717.0892104822,-36772.00328264794,34.08921136541337,
20070,2r9w,70,0,20,0.48046875,-2,-463487.1421538878,-426717.0892104822,-36776.143442360924,140.45024247208084,
20071,2r9w,71,0,20,0.48046875,-2,-463506.4999561028,-426717.0892104822,-36782.90929812536,-149.92694093241775,
20072,2r9w,72,0,20,0.48046875,-2,-463500.2758101833,-426717.0892104822,-36776.415417881726,-156.14716221592892,
20073,2r9w,73,0,20,0.48046875,-2,-463503.9572499922,-426717.0892104822,-36782.679678368484,-96.58590243537425,
20074,2r9w,74,0,20,0.48046875,-2,-463498.35904866067,-426717.0892104822,-36782.93659624617,38.436354142148346,
20075,2r9w,75,0,20,0.48046875,-2,-463483.5474222648,-426717.0892104822,-36783.08114028495,383.33383781292144,
20076,2r9w,76,0,20,0.48046875,-2,-463502.62361896783,-426717.0892104822,-36778.51828063969,-161.79575177707898,
20077,2r9w,77,0,20,0.48046875,-2,-463484.248961541,-426717.0892104822,-36782.03421606504,343.01331173151584,
20078,2r9w,78,0,20,0.48046875,-2,-463493.5170572091,-426717.0892104822,-36782.933982023744,150.03504420526917,
20079,2r9w,79,0,20,0.48046875,-2,-463494.2541739302,-426717.0892104822,-36783.00056879738,134.57225627976,
20080,2r9w,80,0,20,0.48046875,-2,-463483.50427340984,-426717.0892104822,-36782.99601809226,382.36590965098037,
20081,2r9w,81,0,20,0.48046875,-2,-463491.35879035946,-426717.0892104822,-36781.62941560257,169.72184376893517,
20082,2r9w,82,0,20,0.48046875,-2,-463478.9159551635,-426717.0892104822,-36772.291586952044,241.3249957247777,
20083,2r9w,83,0,20,0.48046875,-2,-463485.63410625723,-426717.0892104822,-36772.34783635013,87.69789302893591,
20084,2r9w,84,0,20,0.48046875,-2,-463485.92538494745,-426717.0892104822,-36778.659886031994,226.54017045909225,
20085,2r9w,85,0,20,0.48046875,-2,-463491.36319005926,-426717.0892104822,-36781.62108002252,169.42816123894494,
20086,2r9w,86,0,20,0.48046875,-2,-463504.11971721146,-426717.0892104822,-36780.39993554637,-152.9046039075262,
20087,2r9w,87,0,20,0.48046875,-2,-463489.6492963486,-426717.0892104822,-36780.517533791535,183.50310848664964,
20088,2r9w,88,0,20,0.48046875,-2,-463502.75344594684,-426717.0892104822,-36780.15935110813,-126.94564900547306,
20089,2r9w,89,0,20,0.48046875,-2,-463503.82572198164,-426717.0892104822,-36780.428513926265,-145.46587975178375,
20090,2r9w,90,0,20,0.48046875,-2,-463503.4659296869,-426717.0892104822,-36780.44811942459,-136.71675879805085,
20091,2r9w,91,0,20,0.48046875,-2,-463503.3419494556,-426717.0892104822,-36780.43322421229,-134.20119849993716,
20092,2r9w,92,0,20,0.48046875,-2,-463502.830995424,-426717.0892104822,-36780.36604053846,-123.96761093873826,
20093,2r9w,93,0,20,0.48046875,-2,-463493.655808209,-426717.0892104822,-36780.47637060232,90.16150440334265,
20094,2r9w,94,0,20,0.48046875,-2,-463503.729210548,-426717.0892104822,-36780.35686992803,-144.8924230677985,
20095,2r9w,95,0,20,0.48046875,-2,-463483.5279456119,-426717.0892104822,-36780.42220730205,322.46652886816764,
20096,2r9w,96,0,20,0.48046875,-2,-463492.47089585516,-426717.0892104822,-36780.92625875612,127.86089970253401,
20097,2r9w,97,0,20,0.48046875,-2,-463507.3682766977,-426717.0892104822,-36783.34889732853,-159.81349109234472,
20098,2r9w,98,0,20,0.48046875,-2,-463501.425380332,-426717.0892104822,-36782.84851179037,-34.30620983488237,
20099,2r9w,99,0,20,0.48046875,-2,-463500.01391937863,-426717.0892104822,-36783.34404816645,9.670193293509236,
20100,2r9w,100,0,20,0.48046875,-2,-463477.2205938848,-426717.0892104822,-36783.30817019729,534.4694004385273,
