mol_id,ligand_pdb,pose_index,label,ligunity_rank,ligunity_score,formal_charge,aimnet_complex_eV,aimnet_pocket_eV,aimnet_ligand_eV,aimnet_interaction_kcal_mol,error
1001,3ivg,1,1,1,0.67578125,-1,-731286.207164634,-684149.0861261648,-47138.249874707995,26.031582076451105,
1002,3ivg,2,1,1,0.67578125,-1,-731269.894423087,-684149.0861261648,-47137.82379079306,392.3866102695264,
1003,3ivg,3,1,1,0.67578125,-1,-731289.4490944186,-684149.0861261648,-47138.04524917228,-53.4478717369622,
1004,3ivg,4,1,1,0.67578125,-1,-731288.681115184,-684149.0861261648,-47137.830201011835,-40.69697825504845,
1005,3ivg,5,1,1,0.67578125,-1,-731283.1231767425,-684149.0861261648,-47138.076863837225,93.16030689814157,
1006,3ivg,6,1,1,0.67578125,-1,-731274.7905508176,-684149.0861261648,-47138.53716011041,295.92990981673046,
1007,3ivg,7,1,1,0.67578125,-1,-731278.7326789685,-684149.0861261648,-47137.86135735808,189.43789334563348,
1008,3ivg,8,1,1,0.67578125,-1,-731274.6996944286,-684149.0861261648,-47138.12959677422,288.6264741132872,
1009,3ivg,9,1,1,0.67578125,-1,-731286.6757620164,-684149.0861261648,-47138.0214111402,9.956974693119,
1010,3ivg,10,1,1,0.67578125,-1,-731288.3485807673,-684149.0861261648,-47138.33671794537,-21.347994460703898,
1011,3ivg,11,1,1,0.67578125,-1,-731282.8170043417,-684149.0861261648,-47138.21113634927,103.31720787562979,
1012,3ivg,12,1,1,0.67578125,-1,-731265.391616795,-684149.0861261648,-47113.05368885103,-74.98833046449134,
1013,3ivg,13,1,1,0.67578125,-1,-731269.1440214702,-684149.0861261648,-47138.1463155418,417.12888004073767,
1014,3ivg,14,1,1,0.67578125,-1,-731260.575776805,-684149.0861261648,-47132.10576106313,475.4188004873387,
1015,3ivg,15,1,1,0.67578125,-1,-731268.5630307981,-684149.0861261648,-47126.737797720154,167.44017232151936,
1016,3ivg,16,1,1,0.67578125,-1,-731277.3972868805,-684149.0861261648,-47138.228458938036,228.69833000525153,
1017,3ivg,17,1,1,0.67578125,-1,-731265.9839673826,-684149.0861261648,-47137.73134247659,480.43195225730403,
1018,3ivg,18,1,1,0.67578125,-1,-731270.3798394547,-684149.0861261648,-47137.4587304124,372.77415053629363,
1019,3ivg,19,1,1,0.67578125,-1,-731280.0924301631,-684149.0861261648,-47137.66861829607,153.63661752650108,
1020,3ivg,20,1,1,0.67578125,-1,-731275.8806692549,-684149.0861261648,-47137.96065751904,257.49671586937467,
1021,3ivg,21,1,1,0.67578125,-1,-731265.9288707116,-684149.0861261648,-47137.71913477479,481.4209953825538,
1022,3ivg,22,1,1,0.67578125,-1,-731272.6971520082,-684149.0861261648,-47136.77996338227,303.6829139931383,
1023,3ivg,23,1,1,0.67578125,-1,-731284.4958691931,-684149.0861261648,-47137.87021030931,56.739723418378716,
1024,3ivg,24,1,1,0.67578125,-1,-731275.4352946766,-684149.0861261648,-47137.28837933832,252.26419449410898,
1025,3ivg,25,1,1,0.67578125,-1,-731271.0940118768,-684149.0861261648,-47137.49452034829,357.1302787636534,
1026,3ivg,26,1,1,0.67578125,-1,-731279.93095911,-684149.0861261648,-47137.35506424758,150.12950033545673,
1027,3ivg,27,1,1,0.67578125,-1,-731277.7731883414,-684149.0861261648,-47135.1151740223,148.235780677331,
1028,3ivg,28,1,1,0.67578125,-1,-731257.922926087,-684149.0861261648,-47137.788833123384,667.6497464276724,
1029,3ivg,29,1,1,0.67578125,-1,-731263.4880042262,-684149.0861261648,-47134.479488541125,463.0006967905806,
1030,3ivg,30,1,1,0.67578125,-1,-731262.723813881,-684149.0861261648,-47130.61592235857,391.52739204793494,
1031,3ivg,31,1,1,0.67578125,-1,-731248.9387082794,-684149.0861261648,-47137.798410569114,875.0515920470381,
1032,3ivg,32,1,1,0.67578125,-1,-731272.9742737897,-684149.0861261648,-47135.2739025473,262.561745975488,
1033,3ivg,33,1,1,0.67578125,-1,-731289.5474270768,-684149.0861261648,-47138.00834284419,-56.56655685116389,
1034,3ivg,34,1,1,0.67578125,-1,-731250.9790661379,-684149.0861261648,-47124.21191179448,514.6877172159086,
1035,3ivg,35,1,1,0.67578125,-1,-731276.6684964037,-684149.0861261648,-47136.8025680648,212.62281297050913,
1036,3ivg,36,1,1,0.67578125,-1,-731282.1127430983,-684149.0861261648,-47133.13741323048,2.5550233053748106,
1037,3ivg,37,1,1,0.67578125,-1,-731284.7488793918,-684149.0861261648,-47136.98965316711,30.5990395342149,
1038,3ivg,38,1,1,0.67578125,-1,-731266.4051467971,-684149.0861261648,-47127.90859377462,244.20135795419807,
1039,3ivg,39,1,1,0.67578125,-1,-731268.9645145723,-684149.0861261648,-47137.118911725265,397.5759125936792,
1040,3ivg,40,1,1,0.67578125,-1,-731228.0523776601,-684149.0861261648,-47138.15779372755,1364.9893908150516,
1041,3ivg,41,1,1,0.67578125,-1,-731259.6228825189,-684149.0861261648,-47133.30090711707,524.9537874916455,
1042,3ivg,42,1,1,0.67578125,-1,-731285.3753851847,-684149.0861261648,-47137.301944686784,23.353086258790423,
1043,3ivg,43,1,1,0.67578125,-1,-731240.3221491018,-684149.0861261648,-47137.80422356425,1073.8882179506654,
1044,3ivg,44,1,1,0.67578125,-1,-731276.6369266696,-684149.0861261648,-47121.07769106024,-149.27344996044212,
1045,3ivg,45,1,1,0.67578125,-1,-731232.2030836828,-684149.0861261648,-47138.04353163832,1266.6368896728368,
1046,3ivg,46,1,1,0.67578125,-1,-731281.8967530773,-684149.0861261648,-47138.419406068264,129.34151999257728,
1047,3ivg,47,1,1,0.67578125,-1,-731285.5715920517,-684149.0861261648,-47137.80555505006,30.441979287994965,
1048,3ivg,48,1,1,0.67578125,-1,-731252.684949089,-684149.0861261648,-47136.46507358247,757.9137453183063,
1049,3ivg,49,1,1,0.67578125,-1,-731273.4179226942,-684149.0861261648,-47135.135058698,249.1291439640336,
1050,3ivg,50,1,1,0.67578125,-1,-731263.5224461452,-684149.0861261648,-47137.757464413284,537.7983666588029,
1051,3ivg,51,1,1,0.67578125,-1,-731280.8009786793,-684149.0861261648,-47138.128664999065,147.90602957554626,
1052,3ivg,52,1,1,0.67578125,-1,-731246.2917546369,-684149.0861261648,-47137.418426562785,927.3291537721608,
1053,3ivg,53,1,1,0.67578125,-1,-731267.964574758,-684149.0861261648,-47136.444281873046,405.0777385346242,
1054,3ivg,54,1,1,0.67578125,-1,-731282.3759767608,-684149.0861261648,-47131.697374400435,-36.723373476692885,
1055,3ivg,55,1,1,0.67578125,-1,-731275.9643300065,-684149.0861261648,-47137.729575385136,250.2385725042699,
1056,3ivg,56,1,1,0.67578125,-1,-731248.6641699709,-684149.0861261648,-47137.35591216081,871.1783401318916,
1057,3ivg,57,1,1,0.67578125,-1,-731270.2572064289,-684149.0861261648,-47137.81308513576,383.77374933915615,
1058,3ivg,58,1,1,0.67578125,-1,-731270.477547814,-684149.0861261648,-47137.8173070147,378.78991513014245,
1059,3ivg,59,1,1,0.67578125,-1,-731279.404739786,-684149.0861261648,-47134.924326074106,106.21025231224273,
1060,3ivg,60,1,1,0.67578125,-1,-731281.9635977037,-684149.0861261648,-47137.75222260946,112.41443022362111,
1061,3ivg,61,1,1,0.67578125,-1,-731265.3628833182,-684149.0861261648,-47137.73915798658,494.9347209723168,
1062,3ivg,62,1,1,0.67578125,-1,-731255.319411625,-684149.0861261648,-47125.02470597321,433.34045154380254,
1063,3ivg,63,1,1,0.67578125,-1,-731277.211015422,-684149.0861261648,-47137.59082321523,218.2896227995056,
1064,3ivg,64,1,1,0.67578125,-1,-731262.3885559775,-684149.0861261648,-47137.66120740467,561.726755754437,
1065,3ivg,65,1,1,0.67578125,-1,-731276.8691851535,-684149.0861261648,-47137.235151923946,217.9704412316401,
1066,3ivg,66,1,1,0.67578125,-1,-731277.6464955703,-684149.0861261648,-47137.090587791834,196.71150910261412,
1067,3ivg,67,1,1,0.67578125,-1,-731284.664331291,-684149.0861261648,-47137.70693970917,49.089785668760534,
1068,3ivg,68,1,1,0.67578125,-1,-731255.8123533612,-684149.0861261648,-47137.495981496606,709.5673907763146,
1069,3ivg,69,1,1,0.67578125,-1,-731274.7466660329,-684149.0861261648,-47137.334460046826,269.20699465070084,
1070,3ivg,70,1,1,0.67578125,-1,-731245.6183544592,-684149.0861261648,-47137.95632873181,955.2624494769823,
1071,3ivg,71,1,1,0.67578125,-1,-731279.59213968,-684149.0861261648,-47137.549440127594,162.42527628450858,
1072,3ivg,72,1,1,0.67578125,-1,-731286.4565276394,-684149.0861261648,-47138.03498737219,15.325714877919081,
1073,3ivg,73,1,1,0.67578125,-1,-731279.5733569154,-684149.0861261648,-47137.19374939495,154.6559939746491,
1074,3ivg,74,1,1,0.67578125,-1,-731276.3358693019,-684149.0861261648,-47137.61118520492,238.94053039781932,
1075,3ivg,75,1,1,0.67578125,-1,-731273.3286098131,-684149.0861261648,-47137.88829780815,314.67995011975376,
1076,3ivg,76,1,1,0.67578125,-1,-731285.7391892113,-684149.0861261648,-47138.19156433338,35.478682513210686,
1077,3ivg,77,1,1,0.67578125,-1,-731283.2794466354,-684149.0861261648,-47138.11785990441,90.50202932578064,
1078,3ivg,78,1,1,0.67578125,-1,-731263.3026487426,-684149.0861261648,-47137.777625125585,543.3319322453079,
1079,3ivg,79,1,1,0.67578125,-1,-731276.3261207977,-684149.0861261648,-47137.87269188164,245.19582347315392,
1080,3ivg,80,1,1,0.67578125,-1,-731280.757405106,-684149.0861261648,-47137.66056307846,138.1161733182061,
1081,3ivg,81,1,1,0.67578125,-1,-731267.9139291534,-684149.0861261648,-47137.95462754069,441.0750524316976,
1082,3ivg,82,1,1,0.67578125,-1,-731281.6139418379,-684149.0861261648,-47137.884071212946,123.51818706845602,
1083,3ivg,83,1,1,0.67578125,-1,-731288.3084356971,-684149.0861261648,-47137.109201800806,-48.72942191435356,
1084,3ivg,84,1,1,0.67578125,-1,-731284.6600829848,-684149.0861261648,-47137.7637827813,50.49858631979853,
1085,3ivg,85,1,1,0.67578125,-1,-731258.0547890553,-684149.0861261648,-47137.836308580576,665.7037241936056,
1086,3ivg,86,1,1,0.67578125,-1,-731281.19173636,-684149.0861261648,-47138.24600031668,141.60076009504692,
1087,3ivg,87,1,1,0.67578125,-1,-731270.3482932785,-684149.0861261648,-47138.13775674699,389.1603419079946,
1088,3ivg,88,1,1,0.67578125,-1,-731264.2174967417,-684149.0861261648,-47137.98241285303,526.9575533879015,
1089,3ivg,89,1,1,0.67578125,-1,-731264.1446973272,-684149.0861261648,-47137.8199563145,524.8900109911863,
1090,3ivg,90,1,1,0.67578125,-1,-731278.0352931515,-684149.0861261648,-47138.10464824432,211.1304134527081,
1091,3ivg,91,1,1,0.67578125,-1,-731270.3989640811,-684149.0861261648,-47136.466876995546,349.4604430137936,
1092,3ivg,92,1,1,0.67578125,-1,-731268.0917307623,-684149.0861261648,-47138.09132016891,440.1270568159484,
1093,3ivg,93,1,1,0.67578125,-1,-731258.143023301,-684149.0861261648,-47137.71082557438,660.7752872822673,
1094,3ivg,94,1,1,0.67578125,-1,-731279.1366399721,-684149.0861261648,-47137.16606039995,164.08840253995245,
1095,3ivg,95,1,1,0.67578125,-1,-731282.1223121769,-684149.0861261648,-47136.7417529363,85.45240329532452,
1096,3ivg,96,1,1,0.67578125,-1,-731265.5155087003,-684149.0861261648,-47138.042821650146,498.4177464871743,
1097,3ivg,97,1,1,0.67578125,-1,-731280.9581564554,-684149.0861261648,-47137.51840534502,130.20850201074222,
1098,3ivg,98,1,1,0.67578125,-1,-731267.6024837539,-684149.0861261648,-47138.34853443944,457.34086284115864,
1099,3ivg,99,1,1,0.67578125,-1,-731289.0340891072,-684149.0861261648,-47138.45210301576,-34.49534938650603,
1100,3ivg,100,1,1,0.67578125,-1,-731283.2729748674,-684149.0861261648,-47137.92013019764,86.09151648142044,
2001,4ddk,1,1,2,0.66943359375,-1,-700725.1763405493,-684149.0861261648,-16577.148654840923,24.40821677150629,
2002,4ddk,2,1,2,0.66943359375,-1,-700725.5353105068,-684149.0861261648,-16577.174006305664,16.714791560498423,
2003,4ddk,3,1,2,0.66943359375,-1,-700724.638995706,-684149.0861261648,-16577.173913680053,37.38216589908168,
2004,4ddk,4,1,2,0.66943359375,-1,-700724.6901163452,-684149.0861261648,-16577.1681216285,36.06972807186462,
2005,4ddk,5,1,2,0.66943359375,-1,-700724.8990273764,-684149.0861261648,-16577.17381586883,31.38343754486621,
2006,4ddk,6,1,2,0.66943359375,-1,-700722.2037187815,-684149.0861261648,-16577.16564720127,93.35035636829333,
2007,4ddk,7,1,2,0.66943359375,-1,-700727.1305500258,-684149.0861261648,-16577.17118337009,-20.13740411010123,
2008,4ddk,8,1,2,0.66943359375,-1,-700726.7037379288,-684149.0861261648,-16577.17531352494,-10.19963969725597,
2009,4ddk,9,1,2,0.66943359375,-1,-700728.7421676507,-684149.0861261648,-16577.172419093586,-57.27369297245186,
2010,4ddk,10,1,2,0.66943359375,-1,-700723.4609269497,-684149.0861261648,-16577.169296853273,64.44261024537958,
2011,4ddk,11,1,2,0.66943359375,-1,-700726.7026895274,-684149.0861261648,-16577.168869786,-10.324059137812881,
2012,4ddk,12,1,2,0.66943359375,-1,-700723.2391993247,-684149.0861261648,-16577.17178549621,69.6131602166009,
2013,4ddk,13,1,2,0.66943359375,-1,-700722.7618729463,-684149.0861261648,-16577.166681908107,80.5028764602876,
2014,4ddk,14,1,2,0.66943359375,-1,-700723.9665438381,-684149.0861261648,-16577.172511570185,52.856940939468174,
2015,4ddk,15,1,2,0.66943359375,-1,-700724.8046689619,-684149.0861261648,-16577.17367365215,33.55611468170203,
2016,4ddk,16,1,2,0.66943359375,-1,-700727.2127048365,-684149.0861261648,-16577.175388030744,-21.934977272750388,
2017,4ddk,17,1,2,0.66943359375,-1,-700725.5399293741,-684149.0861261648,-16577.17095240209,16.53785326079084,
2018,4ddk,18,1,2,0.66943359375,-1,-700721.0204396844,-684149.0861261648,-16577.174446605175,120.84033965813587,
2019,4ddk,19,1,2,0.66943359375,-1,-700723.5071918954,-684149.0861261648,-16577.173343293405,63.46902837963607,
2020,4ddk,20,1,2,0.66943359375,-1,-700717.0937747947,-684149.0861261648,-16577.170216105915,211.29382553072898,
2021,4ddk,21,1,2,0.66943359375,-1,-700724.1214295914,-684149.0861261648,-16577.166507713533,49.14673839394212,
2022,4ddk,22,1,2,0.66943359375,-1,-700724.5671532451,-684149.0861261648,-16577.171426050394,38.98152630203312,
2023,4ddk,23,1,2,0.66943359375,-1,-700721.6567404559,-684149.0861261648,-16577.17451303456,106.16842718034943,
2024,4ddk,24,1,2,0.66943359375,-1,-700722.5524449938,-684149.0861261648,-16577.170300953127,85.41585693752226,
2025,4ddk,25,1,2,0.66943359375,-1,-700724.9745317092,-684149.0861261648,-16577.17124357078,29.582947665139777,
2026,4ddk,26,1,2,0.66943359375,-1,-700722.1533335147,-684149.0861261648,-16577.17230274531,94.6657487144557,
2027,4ddk,27,1,2,0.66943359375,-1,-700720.5002660145,-684149.0861261648,-16577.173209540582,132.80730206609405,
2028,4ddk,28,1,2,0.66943359375,-1,-700725.5109510862,-684149.0861261648,-16577.174518369175,17.288341610379554,
2029,4ddk,29,1,2,0.66943359375,-1,-700715.7322520008,-684149.0861261648,-16577.170576833225,242.69960561101112,
2030,4ddk,30,1,2,0.66943359375,-1,-700728.3761203138,-684149.0861261648,-16577.168484710186,-48.923169886952714,
2031,4ddk,31,1,2,0.66943359375,-1,-700726.4888198365,-684149.0861261648,-16577.168006055093,-5.412025009310983,
2032,4ddk,32,1,2,0.66943359375,-1,-700723.9267692558,-684149.0861261648,-16577.17007642243,53.71800875742234,
2033,4ddk,33,1,2,0.66943359375,-1,-700719.7808772316,-684149.0861261648,-16577.169045291877,149.30077164564756,
2034,4ddk,34,1,2,0.66943359375,-1,-700726.4740612356,-684149.0861261648,-16577.172026239365,-4.978975934059725,
2035,4ddk,35,1,2,0.66943359375,-1,-700723.8984511186,-684149.0861261648,-16577.169260077215,54.35221514607736,
2036,4ddk,36,1,2,0.66943359375,-1,-700725.8370443576,-684149.0861261648,-16577.174392513967,9.765549838569228,
2037,4ddk,37,1,2,0.66943359375,-1,-700725.3628714373,-684149.0861261648,-16577.171068929172,20.623593459186385,
2038,4ddk,38,1,2,0.66943359375,-1,-700728.5983310787,-684149.0861261648,-16577.170618139236,-53.998273816399475,
2039,4ddk,39,1,2,0.66943359375,-1,-700726.1760910143,-684149.0861261648,-16577.168827466703,1.8186151554798415,
2040,4ddk,40,1,2,0.66943359375,-1,-700726.2680500589,-684149.0861261648,-16577.171561263538,-0.23896793761559024,
2041,4ddk,41,1,2,0.66943359375,-1,-700729.6285069725,-684149.0861261648,-16577.167481742836,-77.82702130854928,
2042,4ddk,42,1,2,0.66943359375,-1,-700723.60088782,-684149.0861261648,-16577.171188674896,61.25866234528147,
2043,4ddk,43,1,2,0.66943359375,-1,-700728.8150231232,-684149.0861261648,-16577.173347137905,-58.932378869157056,
2044,4ddk,44,1,2,0.66943359375,-1,-700727.6410708718,-684149.0861261648,-16577.170206718183,-31.932816625846907,
2045,4ddk,45,1,2,0.66943359375,-1,-700727.2851774981,-684149.0861261648,-16577.173964642025,-23.639060676035317,
2046,4ddk,46,1,2,0.66943359375,-1,-700723.7921752629,-684149.0861261648,-16577.17379962656,56.907679093990254,
2047,4ddk,47,1,2,0.66943359375,-1,-700729.1473495801,-684149.0861261648,-16577.171823106743,-66.63115401749407,
2048,4ddk,48,1,2,0.66943359375,-1,-700723.2939695113,-684149.0861261648,-16577.168009631372,68.26305619838894,
2049,4ddk,49,1,2,0.66943359375,-1,-700725.3338905564,-684149.0861261648,-16577.171632669902,21.30490862117535,
2050,4ddk,50,1,2,0.66943359375,-1,-700728.8695078937,-684149.0861261648,-16577.174302719563,-60.166791289176615,
2051,4ddk,51,1,2,0.66943359375,-1,-700730.2708658417,-684149.0861261648,-16577.174604497886,-92.47591410257547,
2052,4ddk,52,1,2,0.66943359375,-1,-700726.0925514989,-684149.0861261648,-16577.165174715257,3.660847696321663,
2053,4ddk,53,1,2,0.66943359375,-1,-700721.945718809,-684149.0861261648,-16577.171183727718,99.4276524060405,
2054,4ddk,54,1,2,0.66943359375,-1,-700699.5971584022,-684149.0861261648,-16577.168756328552,614.7417214585737,
2055,4ddk,55,1,2,0.66943359375,-1,-700718.8587033738,-684149.0861261648,-16577.17271970961,170.65134008762152,
2056,4ddk,56,1,2,0.66943359375,-1,-700724.3264928155,-684149.0861261648,-16577.166591160036,44.41979242900368,
2057,4ddk,57,1,2,0.66943359375,-1,-700726.1783341756,-684149.0861261648,-16577.170745097137,1.8111082349623338,
2058,4ddk,58,1,2,0.66943359375,-1,-700725.1871139405,-684149.0861261648,-16577.170566402405,24.66506907934344,
2059,4ddk,59,1,2,0.66943359375,-1,-700724.8523498167,-684149.0861261648,-16577.169245295263,32.35444771326405,
2060,4ddk,60,1,2,0.66943359375,-1,-700725.3581588559,-684149.0861261648,-16577.170161180235,20.711334980211888,
2061,4ddk,61,1,2,0.66943359375,-1,-700724.434629499,-684149.0861261648,-16577.173022739626,42.0744170163656,
2062,4ddk,62,1,2,0.66943359375,-1,-700721.0594808308,-684149.0861261648,-16577.172586642235,119.89713766979713,
2063,4ddk,63,1,2,0.66943359375,-1,-700729.4288743277,-684149.0861261648,-16577.17596095059,-73.02784797930383,
2064,4ddk,64,1,2,0.66943359375,-1,-700725.9426623278,-684149.0861261648,-16577.16935124252,7.213687102992179,
2065,4ddk,65,1,2,0.66943359375,-1,-700714.6509110024,-684149.0861261648,-16577.175873123146,267.758056773125,
2066,4ddk,66,1,2,0.66943359375,-1,-700725.5917457193,-684149.0861261648,-16577.1734998748,15.40168607030389,
2067,4ddk,67,1,2,0.66943359375,-1,-700720.3567239334,-684149.0861261648,-16577.1672438905,135.97988993436547,
2068,4ddk,68,1,2,0.66943359375,-1,-700729.869439929,-684149.0861261648,-16577.171936355568,-83.28034146755009,
2069,4ddk,69,1,2,0.66943359375,-1,-700698.6951940795,-684149.0861261648,-16577.1729505584,635.6382341009092,
2070,4ddk,70,1,2,0.66943359375,-1,-700720.3776798991,-684149.0861261648,-16577.173706166475,135.64565750833938,
2071,4ddk,71,1,2,0.66943359375,-1,-700727.7098073353,-684149.0861261648,-16577.17632692311,-33.376781850200125,
2072,4ddk,72,1,2,0.66943359375,-1,-700725.971903994,-684149.0861261648,-16577.171895168758,6.5980225937036945,
2073,4ddk,73,1,2,0.66943359375,-1,-700713.5355925849,-684149.0861261648,-16577.169713191724,293.33585909421333,
2074,4ddk,74,1,2,0.66943359375,-1,-700724.7290516791,-684149.0861261648,-16577.171190105408,35.24261869937641,
2075,4ddk,75,1,2,0.66943359375,-1,-700707.6173444678,-684149.0861261648,-16577.174272380806,429.91904026963255,
2076,4ddk,76,1,2,0.66943359375,-1,-700699.2627212696,-684149.0861261648,-16577.17154320333,622.5182918098997,
2077,4ddk,77,1,2,0.66943359375,-1,-700725.3142221263,-684149.0861261648,-16576.318033419586,2.074007053910906,
2078,4ddk,78,1,2,0.66943359375,-1,-700713.0950613318,-684149.0861261648,-16577.172535590857,303.55983719776566,
2079,4ddk,79,1,2,0.66943359375,-1,-700720.0996380736,-684149.0861261648,-16576.362121306396,123.34186284004093,
2080,4ddk,80,1,2,0.66943359375,-1,-700724.4417611056,-684149.0861261648,-16576.297315113283,21.715660658958907,
2081,4ddk,81,1,2,0.66943359375,-1,-700727.6049793204,-684149.0861261648,-16576.278290651775,-51.66859878840562,
2082,4ddk,82,1,2,0.66943359375,-1,-700715.7504885492,-684149.0861261648,-16576.347529642313,223.2991417013257,
2083,4ddk,83,1,2,0.66943359375,-1,-700716.9066162695,-684149.0861261648,-16576.25029443953,194.395906065475,
2084,4ddk,84,1,2,0.66943359375,-1,-700726.4839594655,-684149.0861261648,-16576.321135841346,-24.829233261784694,
2085,4ddk,85,1,2,0.66943359375,-1,-700698.6998378327,-684149.0861261648,-16577.17400639508,635.5554947810006,
2086,4ddk,86,1,2,0.66943359375,-1,-700722.6204235253,-684149.0861261648,-16576.328801356285,64.4427930559759,
2087,4ddk,87,1,2,0.66943359375,-1,-700702.3057175715,-684149.0861261648,-16577.17339249704,552.3877757676134,
2088,4ddk,88,1,2,0.66943359375,-1,-700725.1631378226,-684149.0861261648,-16576.46639742706,8.979449154739614,
2089,4ddk,89,1,2,0.66943359375,-1,-700723.6973124137,-684149.0861261648,-16576.410799168087,41.500059798378764,
2090,4ddk,90,1,2,0.66943359375,-1,-700716.4457332492,-684149.0861261648,-16576.501029513805,210.80620917270227,
2091,4ddk,91,1,2,0.66943359375,-1,-700725.4544430365,-684149.0861261648,-16576.23716255281,-3.024490443858698,
2092,4ddk,92,1,2,0.66943359375,-1,-700727.6378953152,-684149.0861261648,-16576.22336261723,-53.694330227753554,
2093,4ddk,93,1,2,0.66943359375,-1,-700720.29803422,-684149.0861261648,-16576.417967043853,120.05457231602308,
2094,4ddk,94,1,2,0.66943359375,-1,-700716.3630667626,-684149.0861261648,-16576.471264146297,212.02613796023573,
2095,4ddk,95,1,2,0.66943359375,-1,-700710.7020961334,-684149.0861261648,-16577.17028095577,358.6909324916752,
2096,4ddk,96,1,2,0.66943359375,-1,-700723.1214622103,-684149.0861261648,-16577.171351932026,72.31824434768974,
2097,4ddk,97,1,2,0.66943359375,-1,-700727.661815702,-684149.0861261648,-16577.147061787582,-32.94493855262549,
2098,4ddk,98,1,2,0.66943359375,-1,-700727.3538893161,-684149.0861261648,-16577.069811843365,-27.62541343589102,
2099,4ddk,99,1,2,0.66943359375,-1,-700729.4233785708,-684149.0861261648,-16577.167682550884,-73.09201724764206,
2100,4ddk,100,1,2,0.66943359375,-1,-700704.1915319852,-684149.0861261648,-16577.15962799642,508.58244535684446,
3001,3coy,1,1,3,0.66162109375,1,-736776.9582203657,-684149.0861261648,-52631.86360436312,92.04641101171072,
3002,3coy,2,1,3,0.66162109375,1,-736773.512027774,-684149.0861261648,-52631.42495062203,161.401904528275,
3003,3coy,3,1,3,0.66162109375,1,-736772.0224313017,-684149.0861261648,-52630.50016760459,174.42681222064869,
3004,3coy,4,1,3,0.66162109375,1,-736773.2828344733,-684149.0861261648,-52631.0091137253,157.09780095484948,
3005,3coy,5,1,3,0.66162109375,1,-736772.6380727917,-684149.0861261648,-52630.641892295345,163.49803120191754,
3006,3coy,6,1,3,0.66162109375,1,-736768.37947369,-684149.0861261648,-52631.24137338624,275.52802185053446,
3007,3coy,7,1,3,0.66162109375,1,-736753.7683551335,-684149.0861261648,-52630.91227945318,604.879333796624,
3008,3coy,8,1,3,0.66162109375,1,-736755.0907320706,-684149.0861261648,-52631.643174055964,591.2394271342521,
3009,3coy,9,1,3,0.66162109375,1,-736764.1076081425,-684149.0861261648,-52631.502306621536,380.056844985485,
3010,3coy,10,1,3,0.66162109375,1,-736741.8699584343,-684149.0861261648,-52631.5093975626,893.0327507095822,
3011,3coy,11,1,3,0.66162109375,1,-736754.7280783528,-684149.0861261648,-52631.88699453702,605.2250544064269,
3012,3coy,12,1,3,0.66162109375,1,-736772.1425652383,-684149.0861261648,-52631.990166362375,206.01664545026657,
3013,3coy,13,1,3,0.66162109375,1,-736750.1089026064,-684149.0861261648,-52631.95526575671,713.320149370108,
3014,3coy,14,1,3,0.66162109375,1,-736753.9046812394,-684149.0861261648,-52631.82051767037,622.6800499597156,
3015,3coy,15,1,3,0.66162109375,1,-736770.4786270582,-684149.0861261648,-52631.601324435374,235.4210635829966,
3016,3coy,16,1,3,0.66162109375,1,-736761.3650350599,-684149.0861261648,-52631.493177410215,443.091558123266,
3017,3coy,17,1,3,0.66162109375,1,-736761.5299110592,-684149.0861261648,-52631.252119254335,433.730494121065,
3018,3coy,18,1,3,0.66162109375,1,-736777.8614783622,-684149.0861261648,-52631.79161573575,69.55668959426559,
3019,3coy,19,1,3,0.66162109375,1,-736768.6995623284,-684149.0861261648,-52631.93611421814,284.1677066771397,
3020,3coy,20,1,3,0.66162109375,1,-736771.3039598791,-684149.0861261648,-52630.93733128533,201.07639079503082,
3021,3coy,21,1,3,0.66162109375,1,-736748.9263370662,-684149.0861261648,-52612.855894740685,300.14879972274554,
3022,3coy,22,1,3,0.66162109375,1,-736760.4737266637,-684149.0861261648,-52631.432115461685,462.2374960391813,
3023,3coy,23,1,3,0.66162109375,1,-736764.4972926402,-684149.0861261648,-52631.35323652258,367.63286884228484,
3024,3coy,24,1,3,0.66162109375,1,-736775.9983599661,-684149.0861261648,-52631.974396612495,116.7362476333527,
3025,3coy,25,1,3,0.66162109375,1,-736765.8401001125,-684149.0861261648,-52631.91047620402,349.51724522631133,
3026,3coy,26,1,3,0.66162109375,1,-736774.3629505672,-684149.0861261648,-52631.45423921571,142.45456977211822,
3027,3coy,27,1,3,0.66162109375,1,-736778.802620294,-684149.0861261648,-52631.47948034485,40.65542794912521,
3028,3coy,28,1,3,0.66162109375,1,-736756.0899483887,-684149.0861261648,-52617.20137044415,235.1610484862033,
3029,3coy,29,1,3,0.66162109375,1,-736762.5933174819,-684149.0861261648,-52617.208654906615,85.35777814802107,
3030,3coy,30,1,3,0.66162109375,1,-736776.7840189673,-684149.0861261648,-52631.339310801595,83.97309393861505,
3031,3coy,31,1,3,0.66162109375,1,-736773.4361006343,-684149.0861261648,-52630.126922221905,133.2195799589926,
3032,3coy,32,1,3,0.66162109375,1,-736779.072345051,-684149.0861261648,-52630.98878398165,23.119700336564062,
3033,3coy,33,1,3,0.66162109375,1,-736778.418338406,-684149.0861261648,-52631.79510077463,56.795558825503285,
3034,3coy,34,1,3,0.66162109375,1,-736748.2396791019,-684149.0861261648,-52627.81701665745,660.9951761145879,
3035,3coy,35,1,3,0.66162109375,1,-736762.3533894443,-684149.0861261648,-52631.63998850813,423.6851089128843,
3036,3coy,36,1,3,0.66162109375,1,-736761.3825970916,-684149.0861261648,-52628.26141062006,368.16025540848966,
3037,3coy,37,1,3,0.66162109375,1,-736769.5757403403,-684149.0861261648,-52632.23238905893,270.79482186320917,
3038,3coy,38,1,3,0.66162109375,1,-736727.1274759807,-684149.0861261648,-52627.82428645716,1148.0217915643411,
3039,3coy,39,1,3,0.66162109375,1,-736763.0022116625,-684149.0861261648,-52631.34194071456,401.8497677177024,
3040,3coy,40,1,3,0.66162109375,1,-736746.812235537,-684149.0861261648,-52630.12749278173,747.1936518932173,
3041,3coy,41,1,3,0.66162109375,1,-736767.9809100658,-684149.0861261648,-52630.4886843078,267.3616948732386,
3042,3coy,42,1,3,0.66162109375,1,-736749.524563346,-684149.0861261648,-52631.299252338715,711.6673040296362,
3043,3coy,43,1,3,0.66162109375,1,-736766.2497607195,-684149.0861261648,-52631.49806465586,330.55981097213515,
3044,3coy,44,1,3,0.66162109375,1,-736773.188261631,-684149.0861261648,-52631.27485288307,165.40679306774797,
3045,3coy,45,1,3,0.66162109375,1,-736770.2560957699,-684149.0861261648,-52631.25126573072,232.48021149806095,
3046,3coy,46,1,3,0.66162109375,1,-736765.8852129915,-684149.0861261648,-52631.53948393092,339.92163246339516,
3047,3coy,47,1,3,0.66162109375,1,-736766.6402445757,-684149.0861261648,-52630.96218239894,309.19730091172204,
3048,3coy,48,1,3,0.66162109375,1,-736775.3680411605,-684149.0861261648,-52631.2717592679,115.06854250516312,
3049,3coy,49,1,3,0.66162109375,1,-736741.0354618161,-684149.0861261648,-52631.48671465741,911.753619666439,
3050,3coy,50,1,3,0.66162109375,1,-736736.0327285565,-684149.0861261648,-52631.63181842492,1030.4655616537686,
3051,3coy,51,1,3,0.66162109375,1,-736725.442267003,-684149.0861261648,-52629.79482371738,1232.3253025396743,
3052,3coy,52,1,3,0.66162109375,1,-736751.0415920643,-684149.0861261648,-52631.58461024985,683.2643004703989,
3053,3coy,53,1,3,0.66162109375,1,-736778.3530250669,-684149.0861261648,-52631.81556054579,58.77353373754154,
3054,3coy,54,1,3,0.66162109375,1,-736761.0783573128,-684149.0861261648,-52631.10795387254,440.81903820464447,
3055,3coy,55,1,3,0.66162109375,1,-736730.9156468534,-684149.0861261648,-52631.69140672316,1149.8424078243313,
3056,3coy,56,1,3,0.66162109375,1,-736748.8767327396,-684149.0861261648,-52631.38461768255,728.5752043100508,
3057,3coy,57,1,3,0.66162109375,1,-736771.4163835078,-684149.0861261648,-52631.49712141977,211.3929074989128,
3058,3coy,58,1,3,0.66162109375,1,-736765.3978592493,-684149.0861261648,-52631.49585874007,350.1542559464201,
3059,3coy,59,1,3,0.66162109375,1,-736759.0349835032,-684149.0861261648,-52631.889580220035,505.9650894502875,
3060,3coy,60,1,3,0.66162109375,1,-736762.8060837118,-684149.0861261648,-52631.486022319645,409.6951864507683,
3061,3coy,61,1,3,0.66162109375,1,-736764.1247533292,-684149.0861261648,-52630.96476536618,367.26547175834327,
3062,3coy,62,1,3,0.66162109375,1,-736758.2399931289,-684149.0861261648,-52631.439121555544,513.9101794221492,
3063,3coy,63,1,3,0.66162109375,1,-736745.4270026558,-684149.0861261648,-52631.953715797565,821.2515842122175,
3064,3coy,64,1,3,0.66162109375,1,-736753.1574851451,-684149.0861261648,-52612.969205182046,205.1892079230464,
3065,3coy,65,1,3,0.66162109375,1,-736764.2680330605,-684149.0861261648,-52631.178809296354,368.8973329517553,
3066,3coy,66,1,3,0.66162109375,1,-736778.3125868477,-684149.0861261648,-52631.78422200308,58.983377262697225,
3067,3coy,67,1,3,0.66162109375,1,-736751.055507543,-684149.0861261648,-52631.54112553229,681.9406204987331,
3068,3coy,68,1,3,0.66162109375,1,-736764.5284474818,-684149.0861261648,-52630.98892670497,358.5132371522437,
3069,3coy,69,1,3,0.66162109375,1,-736765.3968379527,-684149.0861261648,-52631.51824116336,350.6939585483522,
3070,3coy,70,1,3,0.66162109375,1,-736743.4943399169,-684149.0861261648,-52630.23333951459,826.1470261841082,
3071,3coy,71,1,3,0.66162109375,1,-736770.812691676,-684149.0861261648,-52631.41079304745,223.32359230230333,
3072,3coy,72,1,3,0.66162109375,1,-736755.0878123967,-684149.0861261648,-52630.151833917946,556.9156358298375,
3073,3coy,73,1,3,0.66162109375,1,-736737.972744587,-684149.0861261648,-52631.79918039964,989.5871880145379,
3074,3coy,74,1,3,0.66162109375,1,-736761.7020790316,-684149.0861261648,-52632.01622998343,447.3810183740649,
3075,3coy,75,1,3,0.66162109375,1,-736763.9562132084,-684149.0861261648,-52631.427209373614,381.81631142836113,
3076,3coy,76,1,3,0.66162109375,1,-736745.0835622577,-684149.0861261648,-52631.852066945285,826.8274297198271,
3077,3coy,77,1,3,0.66162109375,1,-736752.7121134131,-684149.0861261648,-52631.46707108246,642.0306454120463,
3078,3coy,78,1,3,0.66162109375,1,-736739.928137783,-684149.0861261648,-52631.12103318796,928.8563034801646,
3079,3coy,79,1,3,0.66162109375,1,-736740.7665668004,-684149.0861261648,-52631.81181028118,925.4513692188902,
3080,3coy,80,1,3,0.66162109375,1,-736735.427831429,-684149.0861261648,-52631.26958176121,1036.0614448853753,
3081,3coy,81,1,3,0.66162109375,1,-736767.0316961735,-684149.0861261648,-52631.411093991264,310.5223598639768,
3082,3coy,82,1,3,0.66162109375,1,-736759.3589549251,-684149.0861261648,-52631.91838280485,499.15833436399504,
3083,3coy,83,1,3,0.66162109375,1,-736730.871715995,-684149.0861261648,-52631.229339983365,1140.1999653310563,
3084,3coy,84,1,3,0.66162109375,1,-736775.2441792069,-684149.0861261648,-52631.13605701551,114.79549872900587,
3085,3coy,85,1,3,0.66162109375,1,-736751.6397056013,-684149.0861261648,-52631.43187716232,665.9493659732054,
3086,3coy,86,1,3,0.66162109375,1,-736762.6672936715,-684149.0861261648,-52631.88537326083,422.1050122934675,
3087,3coy,87,1,3,0.66162109375,1,-736753.7469852143,-684149.0861261648,-52631.6776840054,623.0227841263037,
3088,3coy,88,1,3,0.66162109375,1,-736759.2996791331,-684149.0861261648,-52629.94948893413,455.12149532103626,
3089,3coy,89,1,3,0.66162109375,1,-736776.2376044423,-684149.0861261648,-52631.75263002144,106.10507986656417,
3090,3coy,90,1,3,0.66162109375,1,-736776.0470837988,-684149.0861261648,-52631.10803921149,95.63397307447622,
3091,3coy,91,1,3,0.66162109375,1,-736744.3514544987,-684149.0861261648,-52631.54039224615,836.5228464061026,
3092,3coy,92,1,3,0.66162109375,1,-736773.7656599013,-684149.0861261648,-52632.0275109075,169.4483790090703,
3093,3coy,93,1,3,0.66162109375,1,-736757.1900594861,-684149.0861261648,-52631.475129801845,538.952594298135,
3094,3coy,94,1,3,0.66162109375,1,-736780.5501829125,-684149.0861261648,-52631.675851222135,4.884096607214311,
3095,3coy,95,1,3,0.66162109375,1,-736777.9780733313,-684149.0861261648,-52631.32598906388,56.13033959560633,
3096,3coy,96,1,3,0.66162109375,1,-736764.1355885,-684149.0861261648,-52631.06992971527,369.4407542872887,
3097,3coy,97,1,3,0.66162109375,1,-736784.0704575807,-684149.0861261648,-52631.312577840006,-84.67264896066924,
3098,3coy,98,1,3,0.66162109375,1,-736778.4809564389,-684149.0861261648,-52631.219430562116,42.07628221210636,
3099,3coy,99,1,3,0.66162109375,1,-736778.3293247845,-684149.0861261648,-52631.73203450074,57.39391887750171,
3100,3coy,100,1,3,0.66162109375,1,-736772.0443705947,-684149.0861261648,-52630.8763025068,182.594757007862,
4001,3coz,1,1,4,0.6611328125,1,-735707.5806137113,-684149.0861261648,-51560.89065037875,55.2568276030621,
4002,3coz,2,1,4,0.6611328125,1,-735698.347631315,-684149.0861261648,-51560.661436440634,262.88866078799197,
4003,3coz,3,1,4,0.6611328125,1,-735702.286884078,-684149.0861261648,-51560.50215175955,168.37414202188688,
4004,3coz,4,1,4,0.6611328125,1,-735712.1294065798,-684149.0861261648,-51559.555889042305,-80.42115555420796,
4005,3coz,5,1,4,0.6611328125,1,-735695.4144614425,-684149.0861261648,-51560.96334669201,337.49138072058884,
4006,3coz,6,1,4,0.6611328125,1,-735700.2643752194,-684149.0861261648,-51560.46338403439,214.1202993154362,
4007,3coz,7,1,4,0.6611328125,1,-735671.5341564651,-684149.0861261648,-51560.40080760627,875.211836368584,
4008,3coz,8,1,4,0.6611328125,1,-735665.2010384289,-684149.0861261648,-51561.59175315707,1048.7208645961991,
4009,3coz,9,1,4,0.6611328125,1,-735705.5595147697,-684149.0861261648,-51560.995096819745,104.27306856368998,
4010,3coz,10,1,4,0.6611328125,1,-735711.8464495784,-684149.0861261648,-51560.779824199366,-45.67139685944731,
4011,3coz,11,1,4,0.6611328125,1,-735703.2262533987,-684149.0861261648,-51560.6835729799,150.89544360201384,
4012,3coz,12,1,4,0.6611328125,1,-735703.985303351,-684149.0861261648,-51560.740237297745,134.69804608400753,
4013,3coz,13,1,4,0.6611328125,1,-735683.0384676842,-684149.0861261648,-51560.741602631555,617.7750372235017,
4014,3coz,14,1,4,0.6611328125,1,-735664.6794328338,-684149.0861261648,-51561.05698496311,1048.4173278563326,
4015,3coz,15,1,4,0.6611328125,1,-735680.567507037,-684149.0861261648,-51560.86644873235,677.6357628950215,
4016,3coz,16,1,4,0.6611328125,1,-735702.4414720621,-684149.0861261648,-51560.728028865786,170.0181082329906,
4017,3coz,17,1,4,0.6611328125,1,-735703.37753112,-684149.0861261648,-51560.52201983546,143.68139246023358,
4018,3coz,18,1,4,0.6611328125,1,-735666.9275669253,-684149.0861261648,-51560.42269456594,981.9470400673565,
4019,3coz,19,1,4,0.6611328125,1,-735709.1915881718,-684149.0861261648,-51560.8391005418,16.918106522368255,
4020,3coz,20,1,4,0.6611328125,1,-735687.9926874128,-684149.0861261648,-51560.642584773035,501.2446101464316,
4021,3coz,21,1,4,0.6611328125,1,-735698.2867477027,-684149.0861261648,-51560.32938851629,256.63546319918504,
4022,3coz,22,1,4,0.6611328125,1,-735693.6817337072,-684149.0861261648,-51560.36683571546,363.6931616317029,
4023,3coz,23,1,4,0.6611328125,1,-735671.5059829736,-684149.0861261648,-51560.383555354805,875.463686146273,
4024,3coz,24,1,4,0.6611328125,1,-735702.084763625,-684149.0861261648,-51559.611954452725,152.50671282311603,
4025,3coz,25,1,4,0.6611328125,1,-735681.1117525933,-684149.0861261648,-51561.15505439256,671.7405668428672,
4026,3coz,26,1,4,0.6611328125,1,-735701.129342953,-684149.0861261648,-51561.36563840716,214.9801496409535,
4027,3coz,27,1,4,0.6611328125,1,-735708.3826757157,-684149.0861261648,-51560.44021338436,26.37351453239197,
4028,3coz,28,1,4,0.6611328125,1,-735688.8809479859,-684149.0861261648,-51549.2412106714,217.83890190766022,
4029,3coz,29,1,4,0.6611328125,1,-735705.0213694362,-684149.0861261648,-51561.235415132986,122.22486672441667,
4030,3coz,30,1,4,0.6611328125,1,-735703.2492685413,-684149.0861261648,-51559.66462117641,126.86711500261113,
4031,3coz,31,1,4,0.6611328125,1,-735680.1711630161,-684149.0861261648,-51560.21305325839,671.7080155656306,
4032,3coz,32,1,4,0.6611328125,1,-735711.3018001404,-684149.0861261648,-51561.34683707568,-20.03585488864184,
4033,3coz,33,1,4,0.6611328125,1,-735699.9600240377,-684149.0861261648,-51560.433116944776,220.44082862847918,
4034,3coz,34,1,4,0.6611328125,1,-735697.9106163775,-684149.0861261648,-51560.672577285884,273.2233786520721,
4035,3coz,35,1,4,0.6611328125,1,-735690.7426228607,-684149.0861261648,-51548.48142764184,157.38664651857138,
4036,3coz,36,1,4,0.6611328125,1,-735699.9782741454,-684149.0861261648,-51560.31219491574,217.23144291384057,
4037,3coz,37,1,4,0.6611328125,1,-735702.1241631148,-684149.0861261648,-51560.86892283921,180.5845186031267,
4038,3coz,38,1,4,0.6611328125,1,-735682.9137496596,-684149.0861261648,-51560.89080769031,624.0918535897689,
4039,3coz,39,1,4,0.6611328125,1,-735646.6128913993,-684149.0861261648,-51560.39850595805,1449.8567841489235,
4040,3coz,40,1,4,0.6611328125,1,-735699.6583110478,-684149.0861261648,-51559.704621525736,210.59899200857203,
4041,3coz,41,1,4,0.6611328125,1,-735678.8206704346,-684149.0861261648,-51560.59501683925,711.6594037620371,
4042,3coz,42,1,4,0.6611328125,1,-735697.0435725249,-684149.0861261648,-51560.812354119706,296.4412152475256,
4043,3coz,43,1,4,0.6611328125,1,-735704.8370195115,-684149.0861261648,-51560.970439018936,120.36558262795663,
4044,3coz,44,1,4,0.6611328125,1,-735701.74394218,-684149.0861261648,-51559.96508518073,168.50963010330491,
4045,3coz,45,1,4,0.6611328125,1,-735699.3905178097,-684149.0861261648,-51558.67187711804,192.95879897543443,
4046,3coz,46,1,4,0.6611328125,1,-735697.0247534311,-684149.0861261648,-51561.17397979116,305.2144799540086,
4047,3coz,47,1,4,0.6611328125,1,-735683.7737303164,-684149.0861261648,-51561.02431854813,607.3390620410154,
4048,3coz,48,1,4,0.6611328125,1,-735692.5848409919,-684149.0861261648,-51560.47965084969,391.58968735715547,
4049,3coz,49,1,4,0.6611328125,1,-735708.9483011303,-684149.0861261648,-51560.705734046445,19.45293453276252,
4050,3coz,50,1,4,0.6611328125,1,-735681.8476125099,-684149.0861261648,-51560.41686573832,637.748199271555,
4051,3coz,51,1,4,0.6611328125,1,-735668.4520670706,-684149.0861261648,-51561.065221758814,961.6082606116244,
4052,3coz,52,1,4,0.6611328125,1,-735692.9410427895,-684149.0861261648,-51560.37617515984,380.9892726711168,
4053,3coz,53,1,4,0.6611328125,1,-735682.7587691782,-684149.0861261648,-51548.48489740704,341.57870092351027,
4054,3coz,54,1,4,0.6611328125,1,-735682.6439388788,-684149.0861261648,-51560.53471806853,622.1022162497517,
4055,3coz,55,1,4,0.6611328125,1,-735697.6498810137,-684149.0861261648,-51560.14385704908,267.04350067061597,
4056,3coz,56,1,4,0.6611328125,1,-735697.8889977273,-684149.0861261648,-51560.96235215876,280.40428388451977,
4057,3coz,57,1,4,0.6611328125,1,-735688.064387658,-684149.0861261648,-51561.075147496806,509.5662965924331,
4058,3coz,58,1,4,0.6611328125,1,-735670.6723273938,-684149.0861261648,-51560.12140578239,888.6429277657394,
4059,3coz,59,1,4,0.6611328125,1,-735698.0338462081,-684149.0861261648,-51560.41217795226,264.3766799603051,
4060,3coz,60,1,4,0.6611328125,1,-735661.7830551353,-684149.0861261648,-51559.885284276934,1088.1893245918982,
4061,3coz,61,1,4,0.6611328125,1,-735681.5232629564,-684149.0861261648,-51560.31520354955,642.8834918958553,
4062,3coz,62,1,4,0.6611328125,1,-735696.9423625565,-684149.0861261648,-51558.45305016851,244.36833095221587,
4063,3coz,63,1,4,0.6611328125,1,-735688.1995593992,-684149.0861261648,-51561.51665276496,516.6305155445652,
4064,3coz,64,1,4,0.6611328125,1,-735674.1754721788,-684149.0861261648,-51559.274974109816,788.3393118214801,
4065,3coz,65,1,4,0.6611328125,1,-735696.5402976958,-684149.0861261648,-51561.510721059785,324.15173274158445,
4066,3coz,66,1,4,0.6611328125,1,-735678.2164160407,-684149.0861261648,-51560.23347407787,717.2564669739818,
4067,3coz,67,1,4,0.6611328125,1,-735694.4120363677,-684149.0861261648,-51560.22343215558,343.54501754688897,
4068,3coz,68,1,4,0.6611328125,1,-735702.3829555896,-684149.0861261648,-51560.401643576355,163.84090656963062,
4069,3coz,69,1,4,0.6611328125,1,-735668.4756992547,-684149.0861261648,-51561.24292765771,965.1612848829466,
4070,3coz,70,1,4,0.6611328125,1,-735685.8764518,-684149.0861261648,-51560.28595262973,541.8220301171252,
4071,3coz,71,1,4,0.6611328125,1,-735698.8409410799,-684149.0861261648,-51560.868262859316,256.28219788008397,
4072,3coz,72,1,4,0.6611328125,1,-735710.3848822204,-684149.0861261648,-51560.548246922226,-17.307151768645237,
4073,3coz,73,1,4,0.6611328125,1,-735688.7362817613,-684149.0861261648,-51560.422958966614,479.0322256913657,
4074,3coz,74,1,4,0.6611328125,1,-735698.0548867679,-684149.0861261648,-51561.343137504744,285.3599104142937,
4075,3coz,75,1,4,0.6611328125,1,-735700.8284505093,-684149.0861261648,-51560.604400785895,204.36433765351288,
4076,3coz,76,1,4,0.6611328125,1,-735681.0651499715,-684149.0861261648,-51561.14240363452,672.5235154207752,
4077,3coz,77,1,4,0.6611328125,1,-735667.3037416426,-684149.0861261648,-51560.6047356001,977.4702109811727,
4078,3coz,78,1,4,0.6611328125,1,-735702.2466455495,-684149.0861261648,-51560.63635243683,172.396805670498,
4079,3coz,79,1,4,0.6611328125,1,-735695.1720209206,-684149.0861261648,-51561.06398390445,345.402941224092,
4080,3coz,80,1,4,0.6611328125,1,-735706.214980015,-684149.0861261648,-51560.775799693794,84.10056906227601,
4081,3coz,81,1,4,0.6611328125,1,-735693.9371377019,-684149.0861261648,-51560.28521961187,355.9212935352078,
4082,3coz,82,1,4,0.6611328125,1,-735675.4986960983,-684149.0861261648,-51561.23782335429,803.0894222219508,
4083,3coz,83,1,4,0.6611328125,1,-735665.2297213757,-684149.0861261648,-51560.88035075578,1031.6540910277372,
4084,3coz,84,1,4,0.6611328125,1,-735698.565441319,-684149.0861261648,-51560.74387845609,259.7670008129513,
4085,3coz,85,1,4,0.6611328125,1,-735709.5054078487,-684149.0861261648,-51560.550631912694,3.0290082318622105,
4086,3coz,86,1,4,0.6611328125,1,-735674.8771683371,-684149.0861261648,-51560.95508396833,810.9020677540559,
4087,3coz,87,1,4,0.6611328125,1,-735700.7503515715,-684149.0861261648,-51561.47924930069,226.33982796574625,
4088,3coz,88,1,4,0.6611328125,1,-735695.1008650747,-684149.0861261648,-51560.27612766835,328.87543759533645,
4089,3coz,89,1,4,0.6611328125,1,-735643.425791019,-684149.0861261648,-51560.68232330893,1529.8980485051468,
4090,3coz,90,1,4,0.6611328125,1,-735704.4454591965,-684149.0861261648,-51561.167344713795,133.93593119586527,
4091,3coz,91,1,4,0.6611328125,1,-735710.778966763,-684149.0861261648,-51561.086024226875,-13.993517957425981,
4092,3coz,92,1,4,0.6611328125,1,-735705.4929940192,-684149.0861261648,-51560.70742265347,99.17314964178806,
4093,3coz,93,1,4,0.6611328125,1,-735686.4491641907,-684149.0861261648,-51560.86560084139,541.981973948418,
4094,3coz,94,1,4,0.6611328125,1,-735689.8646389641,-684149.0861261648,-51559.60366812556,434.11839482004723,
4095,3coz,95,1,4,0.6611328125,1,-735695.5037773037,-684149.0861261648,-51560.6647398493,328.5456706517206,
4096,3coz,96,1,4,0.6611328125,1,-735698.2807236997,-684149.0861261648,-51560.814715000124,267.9662746030187,
4097,3coz,97,1,4,0.6611328125,1,-735711.4398733763,-684149.0861261648,-51560.10965678303,-51.74995466222698,
4098,3coz,98,1,4,0.6611328125,1,-735709.3024893202,-684149.0861261648,-51560.97462663262,17.485971184617032,
4099,3coz,99,1,4,0.6611328125,1,-735710.8955710615,-684149.0861261648,-51561.360721739264,-10.34780183615939,
4100,3coz,100,1,4,0.6611328125,1,-735672.697268733,-684149.0861261648,-51561.20441037624,866.9213503944543,
5001,4ddh,1,1,5,0.65869140625,-1,-703899.3867130774,-684149.0861261648,-19755.184940976997,112.63588052220643,
5002,4ddh,2,1,5,0.65869140625,-1,-703893.2973760571,-684149.0861261648,-19755.27003721704,255.02169404926892,
5003,4ddh,3,1,5,0.65869140625,-1,-703901.1417028503,-684149.0861261648,-19755.29444278588,74.69002662282621,
5004,4ddh,4,1,5,0.65869140625,-1,-703903.0932615597,-684149.0861261648,-19755.158029628892,26.540251529560212,
5005,4ddh,5,1,5,0.65869140625,-1,-703892.285229345,-684149.0861261648,-19755.327302200694,279.68291361131287,
5006,4ddh,6,1,5,0.65869140625,-1,-703905.6415306237,-684149.0861261648,-19755.209699584146,-31.03269163001771,
5007,4ddh,7,1,5,0.65869140625,-1,-703906.2027607756,-684149.0861261648,-19755.25598548164,-42.90758823918865,
5008,4ddh,8,1,5,0.65869140625,-1,-703903.6237842639,-684149.0861261648,-19755.270973188777,16.910647700757988,
5009,4ddh,9,1,5,0.65869140625,-1,-703903.27347215,-684149.0861261648,-19755.269834501643,24.962778209381316,
5010,4ddh,10,1,5,0.65869140625,-1,-703900.6050521784,-684149.0861261648,-19755.303303284545,87.26981306549897,
5011,4ddh,11,1,5,0.65869140625,-1,-703899.5709779608,-684149.0861261648,-19755.178688807388,108.24245290876503,
5012,4ddh,12,1,5,0.65869140625,-1,-703906.2153820593,-684149.0861261648,-19755.164321912427,-45.312454079250294,
5013,4ddh,13,1,5,0.65869140625,-1,-703904.5067057508,-684149.0861261648,-19755.082205576797,-7.803090025292771,
5014,4ddh,14,1,5,0.65869140625,-1,-703907.2165940009,-684149.0861261648,-19755.18009568562,-68.03719809571237,
5015,4ddh,15,1,5,0.65869140625,-1,-703898.6987833577,-684149.0861261648,-19755.027338398595,124.86551492968329,
5016,4ddh,16,1,5,0.65869140625,-1,-703903.9983859111,-684149.0861261648,-19755.16079838385,5.731437138017446,
5017,4ddh,17,1,5,0.65869140625,-1,-703904.778741886,-684149.0861261648,-19755.26632986774,-9.830385314579459,
5018,4ddh,18,1,5,0.65869140625,-1,-703881.051529279,-684149.0861261648,-19755.013070477147,531.4918356071496,
5019,4ddh,19,1,5,0.65869140625,-1,-703904.9985100374,-684149.0861261648,-19755.193998349805,-16.56636371076849,
5020,4ddh,20,1,5,0.65869140625,-1,-703901.8575834532,-684149.0861261648,-19755.241948945422,56.97089102158041,
5021,4ddh,21,1,5,0.65869140625,-1,-703899.547990759,-684149.0861261648,-19755.10945685019,107.17602351524079,
5022,4ddh,22,1,5,0.65869140625,-1,-703902.9347461071,-684149.0861261648,-19755.14062137713,29.79426088464612,
5023,4ddh,23,1,5,0.65869140625,-1,-703900.7221294836,-684149.0861261648,-19755.047442389627,78.66965386346878,
5024,4ddh,24,1,5,0.65869140625,-1,-703903.324488153,-684149.0861261648,-19755.197195691962,22.111230486838846,
5025,4ddh,25,1,5,0.65869140625,-1,-703901.6001938777,-684149.0861261648,-19755.183030946155,61.54775429774907,
5026,4ddh,26,1,5,0.65869140625,-1,-703907.3197479451,-684149.0861261648,-19755.189592046638,-70.19699327082887,
5027,4ddh,27,1,5,0.65869140625,-1,-703880.0772158699,-684149.0861261648,-19755.219619346757,558.7231666659663,
5028,4ddh,28,1,5,0.65869140625,-1,-703904.624277537,-684149.0861261648,-19755.22508825173,-7.2194070641758685,
5029,4ddh,29,1,5,0.65869140625,-1,-703902.5049332577,-684149.0861261648,-19755.235275132556,41.8887481104128,
5030,4ddh,30,1,5,0.65869140625,-1,-703902.0181525555,-684149.0861261648,-19755.1485592555,51.114462147210695,
5031,4ddh,31,1,5,0.65869140625,-1,-703904.3582696513,-684149.0861261648,-19755.216037495036,-1.2938349006088241,
5032,4ddh,32,1,5,0.65869140625,-1,-703893.1607903738,-684149.0861261648,-19755.220404012103,257.02686583621966,
5033,4ddh,33,1,5,0.65869140625,-1,-703889.1036492038,-684149.0861261648,-19755.076426131625,347.26655504377544,
5034,4ddh,34,1,5,0.65869140625,-1,-703907.8410790022,-684149.0861261648,-19755.1068262886,-84.12779677260058,
5035,4ddh,35,1,5,0.65869140625,-1,-703903.9986927704,-684149.0861261648,-19755.13713834991,5.178747450924017,
5036,4ddh,36,1,5,0.65869140625,-1,-703874.3336318333,-684149.0861261648,-19755.105964763065,688.5524240976168,
5037,4ddh,37,1,5,0.65869140625,-1,-703903.4119242626,-684149.0861261648,-19755.26442397942,21.64522703629482,
5038,4ddh,38,1,5,0.65869140625,-1,-703900.5887185093,-684149.0861261648,-19755.112734777827,83.25186225827541,
5039,4ddh,39,1,5,0.65869140625,-1,-703903.9489306854,-684149.0861261648,-19755.126516861816,6.0813510571498295,
5040,4ddh,40,1,5,0.65869140625,-1,-703901.7384380598,-684149.0861261648,-19754.992608202596,53.968514938152,
5041,4ddh,41,1,5,0.65869140625,-1,-703902.2661770779,-684149.0861261648,-19755.06896339168,43.55935655952019,
5042,4ddh,42,1,5,0.65869140625,-1,-703887.2530403044,-684149.0861261648,-19755.182308895488,392.38432462406195,
5043,4ddh,43,1,5,0.65869140625,-1,-703885.8485797391,-684149.0861261648,-19754.96697662582,419.8062745622924,
5044,4ddh,44,1,5,0.65869140625,-1,-703900.2430485238,-684149.0861261648,-19755.143559200664,91.93402957004423,
5045,4ddh,45,1,5,0.65869140625,-1,-703903.9147697138,-684149.0861261648,-19755.043773246904,4.961008688272735,
5046,4ddh,46,1,5,0.65869140625,-1,-703901.0951771043,-684149.0861261648,-19755.00388182511,69.06244088031818,
5047,4ddh,47,1,5,0.65869140625,-1,-703901.7866657275,-684149.0861261648,-19755.23917423,58.5423061689085,
5048,4ddh,48,1,5,0.65869140625,-1,-703902.1437558283,-684149.0861261648,-19755.146425528426,48.16877695159727,
5049,4ddh,49,1,5,0.65869140625,-1,-703897.0600021975,-684149.0861261648,-19755.232658905883,167.3915096380661,
5050,4ddh,50,1,5,0.65869140625,-1,-703900.0136925187,-684149.0861261648,-19755.14404500832,97.23430768636337,
5051,4ddh,51,1,5,0.65869140625,-1,-703891.8248437839,-684149.0861261648,-19755.219362420936,287.81050640977315,
5052,4ddh,52,1,5,0.65869140625,-1,-703896.8133491327,-684149.0861261648,-19755.17095102181,171.65644682547017,
5053,4ddh,53,1,5,0.65869140625,-1,-703899.9564417797,-684149.0861261648,-19755.08385793676,97.16659424792562,
5054,4ddh,54,1,5,0.65869140625,-1,-703900.9975418948,-684149.0861261648,-19755.2254510354,76.42346967204413,
5055,4ddh,55,1,5,0.65869140625,-1,-703879.0954145985,-684149.0861261648,-19755.021673722167,576.7993073024211,
5056,4ddh,56,1,5,0.65869140625,-1,-703900.0978250105,-684149.0861261648,-19755.167415691514,95.83310709170202,
5057,4ddh,57,1,5,0.65869140625,-1,-703905.854140957,-684149.0861261648,-19755.15214611401,-37.26281694221881,
5058,4ddh,58,1,5,0.65869140625,-1,-703894.7934918609,-684149.0861261648,-19755.233053250213,219.6675734614828,
5059,4ddh,59,1,5,0.65869140625,-1,-703883.5236131445,-684149.0861261648,-19755.07653127422,475.94766813060284,
5060,4ddh,60,1,5,0.65869140625,-1,-703901.2235916008,-684149.0861261648,-19755.136932862897,69.16936206407748,
5061,4ddh,61,1,5,0.65869140625,-1,-703903.5295135874,-684149.0861261648,-19755.128329200645,15.79513263392083,
5062,4ddh,62,1,5,0.65869140625,-1,-703902.0996167269,-684149.0861261648,-19755.092300040622,47.938485410328624,
5063,4ddh,63,1,5,0.65869140625,-1,-703899.0080446796,-684149.0861261648,-19755.15782914867,120.74296760727472,
5064,4ddh,64,1,5,0.65869140625,-1,-703898.9610007902,-684149.0861261648,-19755.138240618606,121.37610323472832,
5065,4ddh,65,1,5,0.65869140625,-1,-703897.6772647697,-684149.0861261648,-19754.497834814687,136.21165046645152,
5066,4ddh,66,1,5,0.65869140625,-1,-703891.4090758916,-684149.0861261648,-19754.760912669797,286.8262393616898,
5067,4ddh,67,1,5,0.65869140625,-1,-703899.1313279168,-684149.0861261648,-19754.550750238795,103.90041638325178,
5068,4ddh,68,1,5,0.65869140625,-1,-703902.71065933,-684149.0861261648,-19754.82123897781,27.5966916297858,
5069,4ddh,69,1,5,0.65869140625,-1,-703897.3830788928,-684149.0861261648,-19754.78412653317,149.5977818181452,
5070,4ddh,70,1,5,0.65869140625,-1,-703900.9140222427,-684149.0861261648,-19754.810758037467,68.78643089109322,
5071,4ddh,71,1,5,0.65869140625,-1,-703903.1607148546,-684149.0861261648,-19754.838278068204,17.611095437577507,
5072,4ddh,72,1,5,0.65869140625,-1,-703898.0944065799,-684149.0861261648,-19754.80589349379,133.69613370484942,
5073,4ddh,73,1,5,0.65869140625,-1,-703901.1215137589,-684149.0861261648,-19754.77154888024,63.097378210449804,
5074,4ddh,74,1,5,0.65869140625,-1,-703904.8999425676,-684149.0861261648,-19754.74195299854,-24.717757302007428,
5075,4ddh,75,1,5,0.65869140625,-1,-703908.0421504425,-684149.0861261648,-19754.804820192952,-95.72904035150285,
5076,4ddh,76,1,5,0.65869140625,-1,-703890.6262827714,-684149.0861261648,-19754.74969018807,304.6190809759963,
5077,4ddh,77,1,5,0.65869140625,-1,-703903.37276717,-684149.0861261648,-19754.759416116376,10.902453064545014,
5078,4ddh,78,1,5,0.65869140625,-1,-703904.2154942956,-684149.0861261648,-19754.72746743073,-9.268050317495153,
5079,4ddh,79,1,5,0.65869140625,-1,-703893.8910422968,-684149.0861261648,-19754.745624376435,229.23817794083257,
5080,4ddh,80,1,5,0.65869140625,-1,-703910.7180327077,-684149.0861261648,-19754.749412430425,-158.71408467531,
5081,4ddh,81,1,5,0.65869140625,-1,-703896.7813326913,-684149.0861261648,-19754.79317365398,163.68301044223784,
5082,4ddh,82,1,5,0.65869140625,-1,-703900.8752684497,-684149.0861261648,-19754.852138979335,70.63438177724055,
5083,4ddh,83,1,5,0.65869140625,-1,-703903.7184446799,-684149.0861261648,-19754.8323172461,4.612080302310743,
5084,4ddh,84,1,5,0.65869140625,-1,-703901.3920310338,-684149.0861261648,-19754.83433158507,58.30690522234742,
5085,4ddh,85,1,5,0.65869140625,-1,-703901.5198627907,-684149.0861261648,-19754.850346906085,55.72835695319809,
5086,4ddh,86,1,5,0.65869140625,-1,-703901.1317340635,-684149.0861261648,-19754.736546082397,62.05450869360177,
5087,4ddh,87,1,5,0.65869140625,-1,-703903.0429464178,-684149.0861261648,-19755.101025773187,26.386006125175115,
5088,4ddh,88,1,5,0.65869140625,-1,-703899.249637713,-684149.0861261648,-19754.752894593377,105.8336872265429,
5089,4ddh,89,1,5,0.65869140625,-1,-703896.5915211338,-684149.0861261648,-19754.416501594682,159.3739049036048,
5090,4ddh,90,1,5,0.65869140625,-1,-703896.0510257985,-684149.0861261648,-19754.800492538114,180.69306495168763,
5091,4ddh,91,1,5,0.65869140625,-1,-703901.779398878,-684149.0861261648,-19754.857442481418,49.90694045304687,
5092,4ddh,92,1,5,0.65869140625,-1,-703903.8841080565,-684149.0861261648,-19754.766412718196,-0.7280024374302906,
5093,4ddh,93,1,5,0.65869140625,-1,-703901.6148804026,-684149.0861261648,-19755.25868151893,62.95361864049771,
5094,4ddh,94,1,5,0.65869140625,-1,-703900.7876804079,-684149.0861261648,-19754.815163744588,71.8015408348522,
5095,4ddh,95,1,5,0.65869140625,-1,-703882.0795074747,-684149.0861261648,-19754.876575989623,504.6384575983875,
5096,4ddh,96,1,5,0.65869140625,-1,-703901.2917716999,-684149.0861261648,-19754.998565120597,64.40625568747653,
5097,4ddh,97,1,5,0.65869140625,-1,-703901.7654836673,-684149.0861261648,-19755.154745293756,57.08379855974196,
5098,4ddh,98,1,5,0.65869140625,-1,-703906.4014632908,-684149.0861261648,-19755.16919345965,-49.49124866988093,
5099,4ddh,99,1,5,0.65869140625,-1,-703895.4314729469,-684149.0861261648,-19755.267138553758,205.7414058845926,
5100,4ddh,100,1,5,0.65869140625,-1,-703899.3235603174,-684149.0861261648,-19755.124592108627,112.70053980004452,
6001,4f3c,1,0,6,0.4228515625,1,-721510.1735172615,-684149.0861261648,-37361.9731744802,20.426650081573424,
6002,4f3c,2,0,6,0.4228515625,1,-721503.9214470141,-684149.0861261648,-37362.09631034496,167.4423955618373,
6003,4f3c,3,0,6,0.4228515625,1,-721482.1677716421,-684149.0861261648,-37361.86248716481,663.7019763396794,
6004,4f3c,4,0,6,0.4228515625,1,-721506.0193669095,-684149.0861261648,-37362.15194037318,120.34607239502107,
6005,4f3c,5,0,6,0.4228515625,1,-721506.3764687226,-684149.0861261648,-37360.64057764172,77.25825639602769,
6006,4f3c,6,0,6,0.4228515625,1,-721488.5159866564,-684149.0861261648,-37362.19042110208,524.8709966084358,
6007,4f3c,7,0,6,0.4228515625,1,-721483.9409502195,-684149.0861261648,-37362.1644642032,629.7752628801761,
6008,4f3c,8,0,6,0.4228515625,1,-721479.5696502372,-684149.0861261648,-37362.150151757,730.2497823539667,
6009,4f3c,9,0,6,0.4228515625,1,-721506.307863389,-684149.0861261648,-37362.00804808497,110.37495053567288,
6010,4f3c,10,0,6,0.4228515625,1,-721495.4252108388,-684149.0861261648,-37348.51138853791,50.09451715583631,
6011,4f3c,11,0,6,0.4228515625,1,-721497.3604115145,-684149.0861261648,-37362.16219699152,320.26285068220017,
6012,4f3c,12,0,6,0.4228515625,1,-721508.2610662028,-684149.0861261648,-37362.104380337,67.55449813182045,
6013,4f3c,13,0,6,0.4228515625,1,-721502.1825449065,-684149.0861261648,-37361.88540383935,202.6788112259454,
6014,4f3c,14,0,6,0.4228515625,1,-721497.2652956747,-684149.0861261648,-37362.06710290673,320.2633523658557,
6015,4f3c,15,0,6,0.4228515625,1,-721505.9028110551,-684149.0861261648,-37361.570621905405,109.62839192043893,
6016,4f3c,16,0,6,0.4228515625,1,-721487.6099578335,-684149.0861261648,-37362.18739554047,545.6947465061992,
6017,4f3c,17,0,6,0.4228515625,1,-721492.5753232733,-684149.0861261648,-37362.05284851551,428.08797118120543,
6018,4f3c,18,0,6,0.4228515625,1,-721503.8712918216,-684149.0861261648,-37361.908295807865,164.26328355181803,
6019,4f3c,19,0,6,0.4228515625,1,-721508.2526505934,-684149.0861261648,-37361.13386660584,45.36798837639828,
6020,4f3c,20,0,6,0.4228515625,1,-721465.2158864185,-684149.0861261648,-37361.34880652785,1042.7759794598226,
6021,4f3c,21,0,6,0.4228515625,1,-721480.5535687701,-684149.0861261648,-37355.84351897001,562.1256749313343,
6022,4f3c,22,0,6,0.4228515625,1,-721506.0955076866,-684149.0861261648,-37361.730408517156,108.86946883507919,
6023,4f3c,23,0,6,0.4228515625,1,-721503.5505181896,-684149.0861261648,-37360.383923051435,136.50762837475966,
6024,4f3c,24,0,6,0.4228515625,1,-721498.2292599722,-684149.0861261648,-37362.154785302875,300.05581166532573,
6025,4f3c,25,0,6,0.4228515625,1,-721491.1898880944,-684149.0861261648,-37361.36599865317,444.1977312870168,
6026,4f3c,26,0,6,0.4228515625,1,-721478.9183337145,-684149.0861261648,-37362.0487915254,742.9320757104457,
6027,4f3c,27,0,6,0.4228515625,1,-721489.5820647525,-684149.0861261648,-37361.22832551368,478.10020034941715,
6028,4f3c,28,0,6,0.4228515625,1,-721496.8750297471,-684149.0861261648,-37361.12995415687,307.65193488391327,
6029,4f3c,29,0,6,0.4228515625,1,-721504.8085672603,-684149.0861261648,-37360.27714407205,105.03394584485385,
6030,4f3c,30,0,6,0.4228515625,1,-721479.3708938711,-684149.0861261648,-37360.064924356964,686.7467268460508,
6031,4f3c,31,0,6,0.4228515625,1,-721490.7565551745,-684149.0861261648,-37359.389941928464,408.62167519817547,
6032,4f3c,32,0,6,0.4228515625,1,-721491.0496465311,-684149.0861261648,-37361.841143963335,458.3888897173218,
6033,4f3c,33,0,6,0.4228515625,1,-721490.6634399638,-684149.0861261648,-37358.91889828205,399.90643842864074,
6034,4f3c,34,0,6,0.4228515625,1,-721473.9878785812,-684149.0861261648,-37362.224936035906,860.6930610487283,
6035,4f3c,35,0,6,0.4228515625,1,-721493.2832618849,-684149.0861261648,-37356.34754958518,280.1952000959376,
6036,4f3c,36,0,6,0.4228515625,1,-721482.0013143017,-684149.0861261648,-37355.3733507967,517.8975342023174,
6037,4f3c,37,0,6,0.4228515625,1,-721507.0784977422,-684149.0861261648,-37361.80919387698,88.01801319995664,
6038,4f3c,38,0,6,0.4228515625,1,-721511.369996851,-684149.0861261648,-37362.10119643572,-4.212568290574033,
6039,4f3c,39,0,6,0.4228515625,1,-721496.563474034,-684149.0861261648,-37361.93575072058,333.4186905087328,
6040,4f3c,40,0,6,0.4228515625,1,-721500.9494254037,-684149.0861261648,-37360.32816764474,195.2045027512846,
6041,4f3c,41,0,6,0.4228515625,1,-721512.8157359705,-684149.0861261648,-37361.194319543836,-58.46518234916685,
6042,4f3c,42,0,6,0.4228515625,1,-721508.046905955,-684149.0861261648,-37362.1500256634,73.54575700295186,
6043,4f3c,43,0,6,0.4228515625,1,-721505.1976335543,-684149.0861261648,-37362.10632711418,138.2438269951894,
6044,4f3c,44,0,6,0.4228515625,1,-721508.7168719217,-684149.0861261648,-37360.07262274384,10.189925392513533,
6045,4f3c,45,0,6,0.4228515625,1,-721505.4542715595,-684149.0861261648,-37361.29389104014,113.59039305770708,
6046,4f3c,46,0,6,0.4228515625,1,-721503.3639489762,-684149.0861261648,-37361.55416118864,167.7963491802767,
6047,4f3c,47,0,6,0.4228515625,1,-721498.5313782442,-684149.0861261648,-37360.373844055015,252.01931797498492,
6048,4f3c,48,0,6,0.4228515625,1,-721479.8077986286,-684149.0861261648,-37360.81227296352,693.9057320755799,
6049,4f3c,49,0,6,0.4228515625,1,-721484.898165916,-684149.0861261648,-37362.108819988964,606.418158463989,
6050,4f3c,50,0,6,0.4228515625,1,-721506.1338079624,-684149.0861261648,-37362.07724442842,115.98446961414875,
6051,4f3c,51,0,6,0.4228515625,1,-721497.1082619922,-684149.0861261648,-37362.06658392914,323.8726672034855,
6052,4f3c,52,0,6,0.4228515625,1,-721489.4771802321,-684149.0861261648,-37347.18151631713,156.59177950425806,
6053,4f3c,53,0,6,0.4228515625,1,-721505.9259512172,-684149.0861261648,-37362.20776432514,123.78762035043692,
6054,4f3c,54,0,6,0.4228515625,1,-721498.8957401864,-684149.0861261648,-37360.32350981,242.45619671263506,
6055,4f3c,55,0,6,0.4228515625,1,-721458.2028919654,-684149.0861261648,-37336.558881727535,632.830226905763,
6056,4f3c,56,0,6,0.4228515625,1,-721497.5999816402,-684149.0861261648,-37360.41954028368,274.5516139760223,
6057,4f3c,57,0,6,0.4228515625,1,-721499.0017755524,-684149.0861261648,-37357.09159987926,165.48134954230179,
6058,4f3c,58,0,6,0.4228515625,1,-721506.5045953594,-684149.0861261648,-37358.91675591234,34.55131251671576,
6059,4f3c,59,0,6,0.4228515625,1,-721500.2642954336,-684149.0861261648,-37361.94602158435,248.31257335389574,
6060,4f3c,60,0,6,0.4228515625,1,-721465.3571584269,-684149.0861261648,-37358.89640554547,982.9644593985188,
6061,4f3c,61,0,6,0.4228515625,1,-721482.2642658398,-684149.0861261648,-37361.86238839984,661.4744897031086,
6062,4f3c,62,0,6,0.4228515625,1,-721505.0563460343,-684149.0861261648,-37361.67881724003,131.6433827084076,
6063,4f3c,63,0,6,0.4228515625,1,-721506.4279683428,-684149.0861261648,-37362.17956417568,111.56051951829902,
6064,4f3c,64,0,6,0.4228515625,1,-721488.0784476444,-684149.0861261648,-37344.11241242051,118.0721020399509,
6065,4f3c,65,0,6,0.4228515625,1,-721500.6746581242,-684149.0861261648,-37360.92723959446,215.35571409318902,
6066,4f3c,66,0,6,0.4228515625,1,-721476.8323919527,-684149.0861261648,-37337.898314741884,234.11181048027566,
6067,4f3c,67,0,6,0.4228515625,1,-721482.8846978592,-684149.0861261648,-37351.83098774918,415.8373929325986,
6068,4f3c,68,0,6,0.4228515625,1,-721506.630940859,-684149.0861261648,-37361.962205884454,101.86746082924928,
6069,4f3c,69,0,6,0.4228515625,1,-721502.6517800734,-684149.0861261648,-37362.174235818384,198.51861488325054,
6070,4f3c,70,0,6,0.4228515625,1,-721479.9857973211,-684149.0861261648,-37350.54877589408,453.11911963421676,
6071,4f3c,71,0,6,0.4228515625,1,-721486.7548990594,-684149.0861261648,-37361.89597266682,558.6924991478999,
6072,4f3c,72,0,6,0.4228515625,1,-721498.0323482945,-684149.0861261648,-37360.26620986819,261.045118684473,
6073,4f3c,73,0,6,0.4228515625,1,-721496.9251451836,-684149.0861261648,-37361.54449042439,316.05567888967,
6074,4f3c,74,0,6,0.4228515625,1,-721503.9201627128,-684149.0861261648,-37360.897192386416,139.8196952153592,
6075,4f3c,75,0,6,0.4228515625,1,-721476.1780059533,-684149.0861261648,-37361.498658863384,793.4391745526676,
6076,4f3c,76,0,6,0.4228515625,1,-721486.2600539669,-684149.0861261648,-37362.04873963952,573.6267881538135,
6077,4f3c,77,0,6,0.4228515625,1,-721484.2836149678,-684149.0861261648,-37362.11535316467,620.740698608867,
6078,4f3c,78,0,6,0.4228515625,1,-721499.0028366499,-684149.0861261648,-37362.11063107613,281.1984890317416,
6079,4f3c,79,0,6,0.4228515625,1,-721476.8678365694,-684149.0861261648,-37337.102127013284,214.93391300424634,
6080,4f3c,80,0,6,0.4228515625,1,-721497.3731439754,-684149.0861261648,-37362.09397026658,318.3958875056134,
6081,4f3c,81,0,6,0.4228515625,1,-721503.9075875328,-684149.0861261648,-37360.082764921186,121.32854223958452,
6082,4f3c,82,0,6,0.4228515625,1,-721492.5922935358,-684149.0861261648,-37361.47056358817,414.2688182128639,
6083,4f3c,83,0,6,0.4228515625,1,-721508.059285854,-684149.0861261648,-37361.787392077524,64.89774059687615,
6084,4f3c,84,0,6,0.4228515625,1,-721503.5539034053,-684149.0861261648,-37361.318432656524,157.97986689103078,
6085,4f3c,85,0,6,0.4228515625,1,-721496.9267896608,-684149.0861261648,-37361.369454262254,311.98132655436075,
6086,4f3c,86,0,6,0.4228515625,1,-721504.5322454028,-684149.0861261648,-37361.47647931936,139.06340709114448,
6087,4f3c,87,0,6,0.4228515625,1,-721509.888820623,-684149.0861261648,-37362.4026903487,36.89678175985351,
6088,4f3c,88,0,6,0.4228515625,1,-721507.3429060027,-684149.0861261648,-37362.152079043386,89.82773364296584,
6089,4f3c,89,0,6,0.4228515625,1,-721509.5734898344,-684149.0861261648,-37361.87308555603,31.955505840245717,
6090,4f3c,90,0,6,0.4228515625,1,-721509.0889851802,-684149.0861261648,-37362.346683350836,54.049873191956124,
6091,4f3c,91,0,6,0.4228515625,1,-721508.9610213683,-684149.0861261648,-37362.22146403559,54.11316279000576,
6092,4f3c,92,0,6,0.4228515625,1,-721511.0719230815,-684149.0861261648,-37362.06512561202,1.82936317124396,
6093,4f3c,93,0,6,0.4228515625,1,-721510.3858094711,-684149.0861261648,-37362.203472820576,20.84188132125335,
6094,4f3c,94,0,6,0.4228515625,1,-721500.1462206295,-684149.0861261648,-37361.90427714353,250.07279334936678,
6095,4f3c,95,0,6,0.4228515625,1,-721499.2080186652,-684149.0861261648,-37362.05398413308,275.160569813983,
6096,4f3c,96,0,6,0.4228515625,1,-721505.7277426764,-684149.0861261648,-37361.52691662073,112.6576968329376,
6097,4f3c,97,0,6,0.4228515625,1,-721483.122949113,-684149.0861261648,-37361.38043254375,630.5586169387237,
6098,4f3c,98,0,6,0.4228515625,1,-721513.9170612745,-684149.0861261648,-37362.07530849937,-63.546259252125054,
6099,4f3c,99,0,6,0.4228515625,1,-721503.2837896245,-684149.0861261648,-37361.751748857576,174.20134763443528,
6100,4f3c,100,0,6,0.4228515625,1,-721503.5559139147,-684149.0861261648,-37362.316467342374,180.9487300531635,
7001,1y6r,1,0,7,0.422607421875,1,-719279.1759003664,-684149.0861261648,-35128.16921379132,-44.28917520341927,
7002,1y6r,2,0,7,0.422607421875,1,-719253.49591997,-684149.0861261648,-35128.196455200225,548.5334428303669,
7003,1y6r,3,0,7,0.422607421875,1,-719277.0954275243,-684149.0861261648,-35127.74088688662,-6.189784791057201,
7004,1y6r,4,0,7,0.422607421875,1,-719281.2882780692,-684149.0861261648,-35128.05508955283,-95.63352971646412,
7005,1y6r,5,0,7,0.422607421875,1,-719277.1361657644,-684149.0861261648,-35128.45208888216,9.271476709530376,
7006,1y6r,6,0,7,0.422607421875,1,-719273.9904668601,-684149.0861261648,-35127.41037922075,57.79062128027838,
7007,1y6r,7,0,7,0.422607421875,1,-719275.1932979487,-684149.0861261648,-35128.59255479743,57.31429386047212,
7008,1y6r,8,0,7,0.422607421875,1,-719244.3438025079,-684149.0861261648,-35127.61179857416,746.1037832273788,
7009,1y6r,9,0,7,0.422607421875,1,-719272.8856972421,-684149.0861261648,-35126.86778884096,70.75478249269155,
7010,1y6r,10,0,7,0.422607421875,1,-719258.7502818981,-684149.0861261648,-35127.27122517398,406.02866699368167,
7011,1y6r,11,0,7,0.422607421875,1,-719260.1370519064,-684149.0861261648,-35127.99160172512,390.6612687994323,
7012,1y6r,12,0,7,0.422607421875,1,-719268.800728377,-684149.0861261648,-35126.868764092156,164.97889222098013,
7013,1y6r,13,0,7,0.422607421875,1,-719220.6826185248,-684149.0861261648,-35126.872509797045,1274.695243993192,
7014,1y6r,14,0,7,0.422607421875,1,-719272.0689598896,-684149.0861261648,-35127.61161999872,106.74234726708863,
7015,1y6r,15,0,7,0.422607421875,1,-719234.7314647101,-684149.0861261648,-35118.16046862771,749.816712483816,
7016,1y6r,16,0,7,0.422607421875,1,-719263.2246188782,-684149.0861261648,-35128.18230061693,323.85790388221,
7017,1y6r,17,0,7,0.422607421875,1,-719268.0044215879,-684149.0861261648,-35120.85354532761,44.62792298603921,
7018,1y6r,18,0,7,0.422607421875,1,-719269.3024967585,-684149.0861261648,-35127.73781200221,173.44855935487138,
7019,1y6r,19,0,7,0.422607421875,1,-719277.0189874433,-684149.0861261648,-35127.30374055078,-14.507868633596095,
7020,1y6r,20,0,7,0.422607421875,1,-719270.7209236883,-684149.0861261648,-35128.15392952127,150.33475524880507,
7021,1y6r,21,0,7,0.422607421875,1,-719264.2465013975,-684149.0861261648,-35125.2766290204,233.286354338164,
7022,1y6r,22,0,7,0.422607421875,1,-719268.0248220837,-684149.0861261648,-35127.18645944169,190.19794521330365,
7023,1y6r,23,0,7,0.422607421875,1,-719273.2252840066,-684149.0861261648,-35127.18726338913,70.29098376710728,
7024,1y6r,24,0,7,0.422607421875,1,-719275.4291803204,-684149.0861261648,-35126.079315562674,-6.081956436626807,
7025,1y6r,25,0,7,0.422607421875,1,-719257.7944078109,-684149.0861261648,-35124.44572522206,362.9140703143229,
7026,1y6r,26,0,7,0.422607421875,1,-719275.1588143087,-684149.0861261648,-35124.76506670287,-30.154466785934773,
7027,1y6r,27,0,7,0.422607421875,1,-719269.1561654173,-684149.0861261648,-35125.278382976554,120.107259566442,
7028,1y6r,28,0,7,0.422607421875,1,-719275.5832151434,-684149.0861261648,-35124.770860661694,-39.807770669705164,
7029,1y6r,29,0,7,0.422607421875,1,-719271.8494593167,-684149.0861261648,-35125.493804116675,62.96615628257905,
7030,1y6r,30,0,7,0.422607421875,1,-719275.7589565495,-684149.0861261648,-35128.187043358594,34.91858071044183,
7031,1y6r,31,0,7,0.422607421875,1,-719260.3364923857,-684149.0861261648,-35127.45437093546,373.67322576659933,
7032,1y6r,32,0,7,0.422607421875,1,-719218.6198861264,-684149.0861261648,-35095.66415347619,602.5811894759674,
7033,1y6r,33,0,7,0.422607421875,1,-719279.7021091843,-684149.0861261648,-35127.26502801938,-77.27485806048925,
7034,1y6r,34,0,7,0.422607421875,1,-719264.5029386259,-684149.0861261648,-35113.06482530108,-54.23811240068822,
7035,1y6r,35,0,7,0.422607421875,1,-719263.7506615184,-684149.0861261648,-35123.17916505506,196.3520254891399,
7036,1y6r,36,0,7,0.422607421875,1,-719252.7815533541,-684149.0861261648,-35124.78762437863,486.39762213628893,
7037,1y6r,37,0,7,0.422607421875,1,-719271.0655687118,-684149.0861261648,-35127.180249144265,119.93344929228759,
7038,1y6r,38,0,7,0.422607421875,1,-719266.3849512318,-684149.0861261648,-35114.31464837959,-68.81674923500793,
7039,1y6r,39,0,7,0.422607421875,1,-719260.0998153351,-684149.0861261648,-35125.28278746178,329.0532236491169,
7040,1y6r,40,0,7,0.422607421875,1,-719279.3916197084,-684149.0861261648,-35128.413076539466,-43.64017283984667,
7041,1y6r,41,0,7,0.422607421875,1,-719257.9298447634,-684149.0861261648,-35106.16074543161,-61.870831045545756,
7042,1y6r,42,0,7,0.422607421875,1,-719234.8104650804,-684149.0861261648,-35127.26854573658,958.0321684788584,
7043,1y6r,43,0,7,0.422607421875,1,-719248.5457148515,-684149.0861261648,-35118.428944666884,437.4437408970191,
7044,1y6r,44,0,7,0.422607421875,1,-719273.6878490113,-684149.0861261648,-35127.74104209704,72.3944217325397,
7045,1y6r,45,0,7,0.422607421875,1,-719252.2226149702,-684149.0861261648,-35128.184717972705,577.6258867847373,
7046,1y6r,46,0,7,0.422607421875,1,-719263.2537897505,-684149.0861261648,-35128.434208531886,328.9943421081822,
7047,1y6r,47,0,7,0.422607421875,1,-719243.5242964588,-684149.0861261648,-35095.62606506517,27.39350418722313,
7048,1y6r,48,0,7,0.422607421875,1,-719275.6185432337,-684149.0861261648,-35128.18508659763,38.111464714190305,
7049,1y6r,49,0,7,0.422607421875,1,-719275.7652878574,-684149.0861261648,-35128.41007955832,39.91591423288206,
7050,1y6r,50,0,7,0.422607421875,1,-719266.6403480149,-684149.0861261648,-35125.48976900151,182.99806464680302,
7051,1y6r,51,0,7,0.422607421875,1,-719243.0610395634,-684149.0861261648,-35095.654671003125,38.73613058256696,
7052,1y6r,52,0,7,0.422607421875,1,-719251.4237290433,-684149.0861261648,-35127.58758430643,582.2784044393206,
7053,1y6r,53,0,7,0.422607421875,1,-719259.0894299113,-684149.0861261648,-35125.2838140027,352.3769376376377,
7054,1y6r,54,0,7,0.422607421875,1,-719255.9811985763,-684149.0861261648,-35125.286918898135,424.12605559814733,
7055,1y6r,55,0,7,0.422607421875,1,-719248.2340944372,-684149.0861261648,-35128.665291418336,680.6856422376396,
7056,1y6r,56,0,7,0.422607421875,1,-719271.8786580822,-684149.0861261648,-35124.77438609762,45.702643115009515,
7057,1y6r,57,0,7,0.422607421875,1,-719259.7955728585,-684149.0861261648,-35125.25146003527,335.34679421522384,
7058,1y6r,58,0,7,0.422607421875,1,-719265.6439029255,-684149.0861261648,-35127.60351561478,254.72078916723254,
7059,1y6r,59,0,7,0.422607421875,1,-719236.8672469668,-684149.0861261648,-35118.411661197446,706.3570418658967,
7060,1y6r,60,0,7,0.422607421875,1,-719270.1728581749,-684149.0861261648,-35126.0831631319,115.22043886613825,
7061,1y6r,61,0,7,0.422607421875,1,-719274.6500975753,-684149.0861261648,-35123.10257348878,-56.761184504118894,
7062,1y6r,62,0,7,0.422607421875,1,-719245.4709616282,-684149.0861261648,-35124.44976662567,647.192687428693,
7063,1y6r,63,0,7,0.422607421875,1,-719274.3875866495,-684149.0861261648,-35125.25851656964,-0.9903102083092679,
7064,1y6r,64,0,7,0.422607421875,1,-719253.8076363467,-684149.0861261648,-35128.65727560682,551.9718634437962,
7065,1y6r,65,0,7,0.422607421875,1,-719271.7098071241,-684149.0861261648,-35128.18275167508,128.1952161340909,
7066,1y6r,66,0,7,0.422607421875,1,-719269.571055887,-684149.0861261648,-35126.86680637768,147.16957186120354,
7067,1y6r,67,0,7,0.422607421875,1,-719231.7177277766,-684149.0861261648,-35106.1464436399,542.2651393171973,
7068,1y6r,68,0,7,0.422607421875,1,-719228.3682025038,-684149.0861261648,-35095.67613237066,378.0559132558293,
7069,1y6r,69,0,7,0.422607421875,1,-719257.8729876841,-684149.0861261648,-35123.0968645261,329.9965087939813,
7070,1y6r,70,0,7,0.422607421875,1,-719256.6155928948,-684149.0861261648,-35123.176273603945,360.82393831130565,
7071,1y6r,71,0,7,0.422607421875,1,-719257.1718873344,-684149.0861261648,-35113.05398399105,114.56994000557711,
7072,1y6r,72,0,7,0.422607421875,1,-719265.9786934219,-684149.0861261648,-35127.73801808519,250.10203756433188,
7073,1y6r,73,0,7,0.422607421875,1,-719261.4332872294,-684149.0861261648,-35128.14551096124,364.31860343587164,
7074,1y6r,74,0,7,0.422607421875,1,-719265.6144030368,-684149.0861261648,-35113.034278963714,-80.57350588424882,
7075,1y6r,75,0,7,0.422607421875,1,-719265.3993816338,-684149.0861261648,-35124.7672550874,194.95386255820443,
7076,1y6r,76,0,7,0.422607421875,1,-719275.2079600951,-684149.0861261648,-35128.41229598684,52.81930980735014,
7077,1y6r,77,0,7,0.422607421875,1,-719262.4808475936,-684149.0861261648,-35126.869137634465,310.7274193989366,
7078,1y6r,78,0,7,0.422607421875,1,-719264.4735138686,-684149.0861261648,-35125.155167658755,225.25035684855789,
7079,1y6r,79,0,7,0.422607421875,1,-719269.019186493,-684149.0861261648,-35123.17947444787,74.86408808361183,
7080,1y6r,80,0,7,0.422607421875,1,-719259.1814162544,-684149.0861261648,-35128.208140452334,417.69225213848813,
7081,1y6r,81,0,7,0.422607421875,1,-719249.2343118453,-684149.0861261648,-35127.58941732807,632.8098349397585,
7082,1y6r,82,0,7,0.422607421875,1,-719251.4675210991,-684149.0861261648,-35128.06359850338,592.2456837987488,
7083,1y6r,83,0,7,0.422607421875,1,-719265.3762266597,-684149.0861261648,-35127.644944508575,261.84892348467486,
7084,1y6r,84,0,7,0.422607421875,1,-719277.1625331603,-684149.0861261648,-35128.69198798103,14.19563475967817,
7085,1y6r,85,0,7,0.422607421875,1,-719235.1385484452,-684149.0861261648,-35128.153249313065,970.8681354948576,
7086,1y6r,86,0,7,0.422607421875,1,-719245.0247710617,-684149.0861261648,-35127.83134104779,735.4630450336879,
7087,1y6r,87,0,7,0.422607421875,1,-719275.0437758826,-684149.0861261648,-35127.74429317286,41.20097685149824,
7088,1y6r,88,0,7,0.422607421875,1,-719274.6989032141,-684149.0861261648,-35128.34512974782,63.00955009417627,
7089,1y6r,89,0,7,0.422607421875,1,-719260.4929517173,-684149.0861261648,-35127.68358757062,375.3510490445778,
7090,1y6r,90,0,7,0.422607421875,1,-719268.3091804066,-684149.0861261648,-35128.42233111432,212.1403643246261,
7091,1y6r,91,0,7,0.422607421875,1,-719261.117599573,-684149.0861261648,-35128.479775448344,379.30685592874676,
7092,1y6r,92,0,7,0.422607421875,1,-719257.814321544,-684149.0861261648,-35127.698384349176,437.4629500967409,
7093,1y6r,93,0,7,0.422607421875,1,-719270.0696883166,-684149.0861261648,-35128.04555432958,162.8534083955668,
7094,1y6r,94,0,7,0.422607421875,1,-719279.4967709908,-684149.0861261648,-35128.134621997386,-52.48633330315448,
7095,1y6r,95,0,7,0.422607421875,1,-719273.4355978033,-684149.0861261648,-35127.95064466169,83.04502274612592,
7096,1y6r,96,0,7,0.422607421875,1,-719280.093719568,-684149.0861261648,-35128.34201394481,-61.469722596923766,
7097,1y6r,97,0,7,0.422607421875,1,-719248.8353322411,-684149.0861261648,-35128.46075772209,662.1041100172399,
7098,1y6r,98,0,7,0.422607421875,1,-719246.5221469977,-684149.0861261648,-35127.882470359116,702.1118055701203,
7099,1y6r,99,0,7,0.422607421875,1,-719281.8416112624,-684149.0861261648,-35128.37986924221,-100.90409872259376,
7100,1y6r,100,0,7,0.422607421875,1,-719275.0748603009,-684149.0861261648,-35128.99379738135,69.29840470106707,
8001,1nc1,1,0,8,0.422607421875,0,-719786.1025688798,-684149.0861261648,-35658.23263479104,489.2570121514631,
8002,1nc1,2,0,8,0.422607421875,0,-719799.7156301602,-684149.0861261648,-35658.40196956034,179.2373139218845,
8003,1nc1,3,0,8,0.422607421875,0,-719796.5420026927,-684149.0861261648,-35658.54088688727,255.62641159430473,
8004,1nc1,4,0,8,0.422607421875,0,-719804.5437673476,-684149.0861261648,-35658.60878998866,72.66721775860682,
8005,1nc1,5,0,8,0.422607421875,0,-719803.6650247127,-684149.0861261648,-35658.53545019856,91.24024858391913,
8006,1nc1,6,0,8,0.422607421875,0,-719788.2361029251,-684149.0861261648,-35657.85814238425,431.4205481923059,
8007,1nc1,7,0,8,0.422607421875,0,-719810.1244287043,-684149.0861261648,-35658.5144225442,-58.202055350366784,
8008,1nc1,8,0,8,0.422607421875,0,-719803.3679161217,-684149.0861261648,-35657.91424126258,83.76631707557517,
8009,1nc1,9,0,8,0.422607421875,0,-719797.2736570985,-684149.0861261648,-35658.355039545204,234.46831865236595,
8010,1nc1,10,0,8,0.422607421875,0,-719786.4152988057,-684149.0861261648,-35639.3881829464,47.48190563321968,
8011,1nc1,11,0,8,0.422607421875,0,-719785.1008648275,-684149.0861261648,-35656.70731122132,477.18205922540966,
8012,1nc1,12,0,8,0.422607421875,0,-719766.2347756919,-684149.0861261648,-35639.282882758285,510.4275441216116,
8013,1nc1,13,0,8,0.422607421875,0,-719753.1733532993,-684149.0861261648,-35639.39849985471,814.297293524427,
8014,1nc1,14,0,8,0.422607421875,0,-719774.5074554547,-684149.0861261648,-35655.814410456376,700.8811019592351,
8015,1nc1,15,0,8,0.422607421875,0,-719793.0477001815,-684149.0861261648,-35640.80659634705,-72.75551345596425,
8016,1nc1,16,0,8,0.422607421875,0,-719775.9584143754,-684149.0861261648,-35639.373678036834,288.28889803555455,
8017,1nc1,17,0,8,0.422607421875,0,-719804.2054923922,-684149.0861261648,-35657.857028880026,63.13200054459577,
8018,1nc1,18,0,8,0.422607421875,0,-719802.2929116949,-684149.0861261648,-35657.85729519363,107.24330053292736,
8019,1nc1,19,0,8,0.422607421875,0,-719804.8821235447,-684149.0861261648,-35657.72769589062,44.54602590016019,
8020,1nc1,20,0,8,0.422607421875,0,-719804.6438101825,-684149.0861261648,-35657.86062464943,53.10707258923363,
8021,1nc1,21,0,8,0.422607421875,0,-719780.4098158033,-684149.0861261648,-35658.19386795988,619.6410323970276,
8022,1nc1,22,0,8,0.422607421875,0,-719777.4589791457,-684149.0861261648,-35658.10282085176,685.5893460870246,
8023,1nc1,23,0,8,0.422607421875,0,-719780.4401959627,-684149.0861261648,-35639.389185347514,185.29416645633316,
8024,1nc1,24,0,8,0.422607421875,0,-719790.8682245162,-684149.0861261648,-35658.264685579445,380.0974911447725,
8025,1nc1,25,0,8,0.422607421875,0,-719780.1306943148,-684149.0861261648,-35658.79068375459,639.8406260118577,
8026,1nc1,26,0,8,0.422607421875,0,-719803.2555290028,-684149.0861261648,-35658.16879180904,92.22810066022063,
8027,1nc1,27,0,8,0.422607421875,0,-719792.329132974,-684149.0861261648,-35658.01141778465,340.56764768005183,
8028,1nc1,28,0,8,0.422607421875,0,-719774.1024329957,-684149.0861261648,-35656.24297512403,720.1040777640827,
8029,1nc1,29,0,8,0.422607421875,0,-719790.6600246282,-684149.0861261648,-35647.31201670399,132.32415014499327,
8030,1nc1,30,0,8,0.422607421875,0,-719784.6658993227,-684149.0861261648,-35651.60893241401,369.64119370899624,
8031,1nc1,31,0,8,0.422607421875,0,-719802.0577862262,-684149.0861261648,-35656.74483925934,87.01157936789504,
8032,1nc1,32,0,8,0.422607421875,0,-719790.0201406922,-684149.0861261648,-35658.20259512296,398.2229287890231,
8033,1nc1,33,0,8,0.422607421875,0,-719774.2677120713,-684149.0861261648,-35658.63602016201,771.4775812946277,
8034,1nc1,34,0,8,0.422607421875,0,-719783.2701705855,-684149.0861261648,-35641.382240333514,165.9943411411799,
8035,1nc1,35,0,8,0.422607421875,0,-719802.4177365153,-684149.0861261648,-35652.33810723658,-22.91072607886773,
8036,1nc1,36,0,8,0.422607421875,0,-719790.0564828664,-684149.0861261648,-35640.803989597465,-3.8365165632726512,
8037,1nc1,37,0,8,0.422607421875,0,-719793.4952775538,-684149.0861261648,-35657.40009445777,299.57826400153425,
8038,1nc1,38,0,8,0.422607421875,0,-719804.582286851,-684149.0861261648,-35656.252979525285,17.45265703670291,
8039,1nc1,39,0,8,0.422607421875,0,-719800.6621441095,-684149.0861261648,-35658.63281945224,162.7337086953189,
8040,1nc1,40,0,8,0.422607421875,0,-719766.0321493145,-684149.0861261648,-35647.29677478304,699.9049597343909,
8041,1nc1,41,0,8,0.422607421875,0,-719801.3987602742,-684149.0861261648,-35658.637826123144,145.8623929707211,
8042,1nc1,42,0,8,0.422607421875,0,-719748.8617064665,-684149.0861261648,-35642.702081628995,989.9086370577324,
8043,1nc1,43,0,8,0.422607421875,0,-719792.351054266,-684149.0861261648,-35650.65627230044,170.4484464388263,
8044,1nc1,44,0,8,0.422607421875,0,-719790.4068981555,-684149.0861261648,-35658.667555102016,400.0263216460384,
8045,1nc1,45,0,8,0.422607421875,0,-719796.8809969873,-684149.0861261648,-35651.60659373632,87.90041856942338,
8046,1nc1,46,0,8,0.422607421875,0,-719792.1079863771,-684149.0861261648,-35647.29173228975,98.46558927214974,
8047,1nc1,47,0,8,0.422607421875,0,-719787.8156986086,-684149.0861261648,-35635.049668201165,-84.8606078010723,
8048,1nc1,48,0,8,0.422607421875,0,-719803.5084878799,-684149.0861261648,-35658.349050321485,90.55159042315564,
8049,1nc1,49,0,8,0.422607421875,0,-719752.5454506723,-684149.0861261648,-35658.199797042515,1262.3452851641944,
8050,1nc1,50,0,8,0.422607421875,0,-719800.7533095042,-684149.0861261648,-35657.85720271702,142.74523792830377,
8051,1nc1,51,0,8,0.422607421875,0,-719787.6292369514,-684149.0861261648,-35657.967561998325,447.93848625177696,
8052,1nc1,52,0,8,0.422607421875,0,-719785.0470324308,-684149.0861261648,-35658.0134081327,508.54277408175375,
8053,1nc1,53,0,8,0.422607421875,0,-719785.2212373466,-684149.0861261648,-35658.63343177071,518.8235980472564,
8054,1nc1,54,0,8,0.422607421875,0,-719802.5677419766,-684149.0861261648,-35658.48550642367,115.39245879374731,
8055,1nc1,55,0,8,0.422607421875,0,-719779.608274415,-684149.0861261648,-35641.37332592245,250.23410172816187,
8056,1nc1,56,0,8,0.422607421875,0,-719764.6343600448,-684149.0861261648,-35639.38770989409,549.7513768779082,
8057,1nc1,57,0,8,0.422607421875,0,-719804.8531199545,-684149.0861261648,-35658.48216170898,62.613259670619556,
8058,1nc1,58,0,8,0.422607421875,0,-719807.8320997221,-684149.0861261648,-35657.40161962147,-31.0015382395894,
8059,1nc1,59,0,8,0.422607421875,0,-719779.8431103675,-684149.0861261648,-35634.98989904757,97.6133352413796,
8060,1nc1,60,0,8,0.422607421875,0,-719794.8918298034,-684149.0861261648,-35653.0351543509,166.71509394044625,
8061,1nc1,61,0,8,0.422607421875,0,-719800.0386962445,-684149.0861261648,-35656.367977806236,124.88226889987058,
8062,1nc1,62,0,8,0.422607421875,0,-719800.8121899827,-684149.0861261648,-35657.968802400785,143.96097168299391,
8063,1nc1,63,0,8,0.422607421875,0,-719781.9906428902,-684149.0861261648,-35658.66356370683,594.0177349852843,
8064,1nc1,64,0,8,0.422607421875,0,-719758.2285691943,-684149.0861261648,-35639.28102309337,695.012167108409,
8065,1nc1,65,0,8,0.422607421875,0,-719801.8850101826,-684149.0861261648,-35658.63560394278,134.5979590025152,
8066,1nc1,66,0,8,0.422607421875,0,-719800.2632150513,-684149.0861261648,-35655.88964492913,108.6741240255053,
8067,1nc1,67,0,8,0.422607421875,0,-719793.0985797793,-684149.0861261648,-35658.343789704995,330.48846139151334,
8068,1nc1,68,0,8,0.422607421875,0,-719801.5152498633,-684149.0861261648,-35658.26686490407,134.6215102938371,
8069,1nc1,69,0,8,0.422607421875,0,-719772.3734675647,-684149.0861261648,-35639.26979789963,368.56420256203006,
8070,1nc1,70,0,8,0.422607421875,0,-719798.9950774921,-684149.0861261648,-35656.36583853598,148.89935631222036,
8071,1nc1,71,0,8,0.422607421875,0,-719802.7338214068,-684149.0861261648,-35657.85583359833,97.04197584226918,
8072,1nc1,72,0,8,0.422607421875,0,-719806.4252379384,-684149.0861261648,-35658.66684112778,30.618166277085148,
8073,1nc1,73,0,8,0.422607421875,0,-719792.8365706056,-684149.0861261648,-35641.39190096488,-54.38930463861502,
8074,1nc1,74,0,8,0.422607421875,0,-719797.6747678979,-684149.0861261648,-35658.48737875457,228.27029854492207,
8075,1nc1,75,0,8,0.422607421875,0,-719795.472007647,-684149.0861261648,-35658.548278667884,280.4715420337392,
8076,1nc1,76,0,8,0.422607421875,0,-719771.4860966351,-684149.0861261648,-35655.814190127756,770.5502106325196,
8077,1nc1,77,0,8,0.422607421875,0,-719803.5731433181,-684149.0861261648,-35658.67257330647,96.52121786792266,
8078,1nc1,78,0,8,0.422607421875,0,-719784.2769152382,-684149.0861261648,-35639.3994435751,97.05387843734682,
8079,1nc1,79,0,8,0.422607421875,0,-719780.5851809828,-684149.0861261648,-35634.045732029634,58.72777164652856,
8080,1nc1,80,0,8,0.422607421875,0,-719757.671010971,-684149.0861261648,-35658.26583028665,1145.6698195225376,
8081,1nc1,81,0,8,0.422607421875,0,-719791.6352124808,-684149.0861261648,-35653.27982527843,247.45671910040085,
8082,1nc1,82,0,8,0.422607421875,0,-719801.6673832696,-684149.0861261648,-35656.2552998149,84.72543764622381,
8083,1nc1,83,0,8,0.422607421875,0,-719795.0101262032,-684149.0861261648,-35647.304298200565,31.8304317887385,
8084,1nc1,84,0,8,0.422607421875,0,-719806.2194983214,-684149.0861261648,-35659.05300668707,44.267823906118835,
8085,1nc1,85,0,8,0.422607421875,0,-719805.0824916214,-684149.0861261648,-35659.00292364588,69.33287892921014,
8086,1nc1,86,0,8,0.422607421875,0,-719810.1393321619,-684149.0861261648,-35658.559900411325,-57.49699271714614,
8087,1nc1,87,0,8,0.422607421875,0,-719798.941316381,-684149.0861261648,-35656.329098650174,149.2918750923795,
8088,1nc1,88,0,8,0.422607421875,0,-719793.0971271541,-684149.0861261648,-35658.62436602345,336.9922033349869,
8089,1nc1,89,0,8,0.422607421875,0,-719792.2594781071,-684149.0861261648,-35658.43121231427,351.8546189001403,
8090,1nc1,90,0,8,0.422607421875,0,-719806.0195546909,-684149.0861261648,-35658.895889767366,45.25543131861475,
8091,1nc1,91,0,8,0.422607421875,0,-719789.3720180838,-684149.0861261648,-35658.48054263826,419.5786131717831,
8092,1nc1,92,0,8,0.422607421875,0,-719775.7231786248,-684149.0861261648,-35658.5957974874,736.9861683111934,
8093,1nc1,93,0,8,0.422607421875,0,-719806.3414452077,-684149.0861261648,-35658.60095704427,31.0311494922098,
8094,1nc1,94,0,8,0.422607421875,0,-719802.2576652332,-684149.0861261648,-35658.413088151174,120.87299332857513,
8095,1nc1,95,0,8,0.422607421875,0,-719801.2560392766,-684149.0861261648,-35658.55541969176,147.2532799090153,
8096,1nc1,96,0,8,0.422607421875,0,-719793.1112125661,-684149.0861261648,-35658.331833698656,329.921430349416,
8097,1nc1,97,0,8,0.422607421875,0,-719807.7309881895,-684149.0861261648,-35658.396921523716,-5.717643781994479,
8098,1nc1,98,0,8,0.422607421875,0,-719803.7206271752,-684149.0861261648,-35658.480554738,88.69210594421061,
8099,1nc1,99,0,8,0.422607421875,0,-719808.2408438324,-684149.0861261648,-35657.74561614628,-32.49465303076164,
8100,1nc1,100,0,8,0.422607421875,0,-719806.6423030939,-684149.0861261648,-35657.83836323848,6.507370883376274,
9001,4f2w,1,0,9,0.401123046875,1,-718293.5210034171,-684149.0861261648,-34149.95439367002,127.28307235222239,
9002,4f2w,2,0,9,0.401123046875,1,-718289.2891604828,-684149.0861261648,-34149.988859579025,225.66649149274915,
9003,4f2w,3,0,9,0.401123046875,1,-718297.7510715642,-684149.0861261648,-34149.68464387959,23.514805575515812,
9004,4f2w,4,0,9,0.401123046875,1,-718294.1648886718,-684149.0861261648,-34149.602618470846,104.32259683158154,
9005,4f2w,5,0,9,0.401123046875,1,-718293.148302696,-684149.0861261648,-34149.26525507873,119.98584171226358,
9006,4f2w,6,0,9,0.401123046875,1,-718292.0767037201,-684149.0861261648,-34149.940000072194,160.25749034422554,
9007,4f2w,7,0,9,0.401123046875,1,-718287.3278871691,-684149.0861261648,-34150.07681585857,272.92284854445967,
9008,4f2w,8,0,9,0.401123046875,1,-718294.9516736487,-684149.0861261648,-34149.73926524824,89.33005378674935,
9009,4f2w,9,0,9,0.401123046875,1,-718283.7955150524,-684149.0861261648,-34149.88278271264,349.90677405448196,
9010,4f2w,10,0,9,0.401123046875,1,-718299.334256612,-684149.0861261648,-34149.65624947852,-13.649099389054632,
9011,4f2w,11,0,9,0.401123046875,1,-718275.937848977,-684149.0861261648,-34126.5575266034,-6.784325746481281,
9012,4f2w,12,0,9,0.401123046875,1,-718293.6783910609,-684149.0861261648,-34149.845178112446,121.13505647465914,
9013,4f2w,13,0,9,0.401123046875,1,-718296.8775733033,-684149.0861261648,-34149.91075943416,48.87250256144003,
9014,4f2w,14,0,9,0.401123046875,1,-718293.0924858528,-684149.0861261648,-34149.71117453283,131.55615559386555,
9015,4f2w,15,0,9,0.401123046875,1,-718295.3565083661,-684149.0861261648,-34149.665095374046,78.28394549137121,
9016,4f2w,16,0,9,0.401123046875,1,-718298.4466668435,-684149.0861261648,-34149.658685341536,6.875379257195807,
9017,4f2w,17,0,9,0.401123046875,1,-718299.1033145854,-684149.0861261648,-34149.42414186901,-13.675978369612777,
9018,4f2w,18,0,9,0.401123046875,1,-718279.2417927312,-684149.0861261648,-34128.063458040415,-48.24747478635194,
9019,4f2w,19,0,9,0.401123046875,1,-718291.6350084909,-684149.0861261648,-34149.28950400656,155.4424286701713,
9020,4f2w,20,0,9,0.401123046875,1,-718285.5929216661,-684149.0861261648,-34140.1902967543,84.94355682809233,
9021,4f2w,21,0,9,0.401123046875,1,-718287.1928982653,-684149.0861261648,-34146.17323388165,186.01702772687153,
9022,4f2w,22,0,9,0.401123046875,1,-718298.2159536112,-684149.0861261648,-34149.81616725035,15.827371876532265,
9023,4f2w,23,0,9,0.401123046875,1,-718287.3519805586,-684149.0861261648,-34149.66859401771,262.9534224966172,
9024,4f2w,24,0,9,0.401123046875,1,-718299.0973458508,-684149.0861261648,-34150.13248564309,2.79645940332556,
9025,4f2w,25,0,9,0.401123046875,1,-718266.9949015597,-684149.0861261648,-34149.259274616896,722.9596868226425,
9026,4f2w,26,0,9,0.401123046875,1,-718290.7055550145,-684149.0861261648,-34149.93578200048,191.77965960807364,
9027,4f2w,27,0,9,0.401123046875,1,-718275.8989064612,-684149.0861261648,-34148.82173274463,507.53850063359897,
9028,4f2w,28,0,9,0.401123046875,1,-718290.7600990452,-684149.0861261648,-34149.915017202555,190.04299676373756,
9029,4f2w,29,0,9,0.401123046875,1,-718295.0895209977,-684149.0861261648,-34143.678332448064,-53.61721233586281,
9030,4f2w,30,0,9,0.401123046875,1,-718296.7952687668,-684149.0861261648,-34146.63532479113,-24.76282699001763,
9031,4f2w,31,0,9,0.401123046875,1,-718284.3826105811,-684149.0861261648,-34149.66253535455,331.2890047975285,
9032,4f2w,32,0,9,0.401123046875,1,-718277.4193262674,-684149.0861261648,-34129.84347377723,34.827738309542724,
9033,4f2w,33,0,9,0.401123046875,1,-718300.9451788582,-684149.0861261648,-34149.40323077148,-56.632598895549656,
9034,4f2w,34,0,9,0.401123046875,1,-718297.2157671233,-684149.0861261648,-34149.68134875607,35.783231884946574,
9035,4f2w,35,0,9,0.401123046875,1,-718284.9909782031,-684149.0861261648,-34148.855503752915,298.64912330104903,
9036,4f2w,36,0,9,0.401123046875,1,-718276.715012125,-684149.0861261648,-34129.21206496662,36.508975201778,
9037,4f2w,37,0,9,0.401123046875,1,-718288.2900707939,-684149.0861261648,-34149.465356484114,236.63377889050327,
9038,4f2w,38,0,9,0.401123046875,1,-718297.2931709515,-684149.0861261648,-34149.34629644459,26.271767346266437,
9039,4f2w,39,0,9,0.401123046875,1,-718292.8810930171,-684149.0861261648,-34149.66555444902,135.37896606818472,
9040,4f2w,40,0,9,0.401123046875,1,-718285.9217504034,-684149.0861261648,-34149.206072852074,285.2693219373961,
9041,4f2w,41,0,9,0.401123046875,1,-718277.4419554392,-684149.0861261648,-34148.83947409695,472.36407117592233,
9042,4f2w,42,0,9,0.401123046875,1,-718217.805938341,-684149.0861261648,-34149.18620611733,1855.599126237096,
9043,4f2w,43,0,9,0.401123046875,1,-718276.4790047922,-684149.0861261648,-34149.37657184905,506.95600903133396,
9044,4f2w,44,0,9,0.401123046875,1,-718295.41210287,-684149.0861261648,-34149.31574936217,68.94579535921045,
9045,4f2w,45,0,9,0.401123046875,1,-718275.1574647793,-684149.0861261648,-34149.918192133366,549.9215061800604,
9046,4f2w,46,0,9,0.401123046875,1,-718293.0652941243,-684149.0861261648,-34148.80697710818,111.33192378937498,
9047,4f2w,47,0,9,0.401123046875,1,-718265.5097184399,-684149.0861261648,-34147.21900837129,710.1591658494774,
9048,4f2w,48,0,9,0.401123046875,1,-718283.7115782269,-684149.0861261648,-34149.385214224516,340.3682013146059,
9049,4f2w,49,0,9,0.401123046875,1,-718295.4142035762,-684149.0861261648,-34149.73697082704,78.6109496609905,
9050,4f2w,50,0,9,0.401123046875,1,-718284.3541052864,-684149.0861261648,-34149.05189724274,317.86470312467384,
9051,4f2w,51,0,9,0.401123046875,1,-718252.5502898911,-684149.0861261648,-34149.436838701426,1060.1550701651056,
9052,4f2w,52,0,9,0.401123046875,1,-718296.0634172179,-684149.0861261648,-34146.78213478631,-4.500410426245786,
9053,4f2w,53,0,9,0.401123046875,1,-718291.9892050542,-684149.0861261648,-34144.244753614126,30.939754160969244,
9054,4f2w,54,0,9,0.401123046875,1,-718294.6961134006,-684149.0861261648,-34149.94644190383,100.00102028593825,
9055,4f2w,55,0,9,0.401123046875,1,-718279.9208986679,-684149.0861261648,-34149.53321571657,431.1963440818453,
9056,4f2w,56,0,9,0.401123046875,1,-718290.5834656574,-684149.0861261648,-34149.715113833605,189.5063782505059,
9057,4f2w,57,0,9,0.401123046875,1,-718283.2458073713,-684149.0861261648,-34150.0017790944,365.32745607959544,
9058,4f2w,58,0,9,0.401123046875,1,-718277.5176073242,-684149.0861261648,-34149.82024215169,493.2365459002013,
9059,4f2w,59,0,9,0.401123046875,1,-718258.8257198846,-684149.0861261648,-34149.713761046616,921.8261976285017,
9060,4f2w,60,0,9,0.401123046875,1,-718286.1310400733,-684149.0861261648,-34144.243863985,166.0117325674648,
9061,4f2w,61,0,9,0.401123046875,1,-718294.0522875406,-684149.0861261648,-34149.90321154898,113.85108165933762,
9062,4f2w,62,0,9,0.401123046875,1,-718300.2899137068,-684149.0861261648,-34149.30910106015,-43.69250824023766,
9063,4f2w,63,0,9,0.401123046875,1,-718291.9863281468,-684149.0861261648,-34149.144042924134,143.9863926927705,
9064,4f2w,64,0,9,0.401123046875,1,-718260.7105567821,-684149.0861261648,-34147.069025471865,817.3717749801973,
9065,4f2w,65,0,9,0.401123046875,1,-718287.4122982839,-684149.0861261648,-34148.95119012898,245.01873601751274,
9066,4f2w,66,0,9,0.401123046875,1,-718285.6576664972,-684149.0861261648,-34147.458573833166,251.0609567779853,
9067,4f2w,67,0,9,0.401123046875,1,-718293.5139928975,-684149.0861261648,-34149.017057851015,105.82926128771956,
9068,4f2w,68,0,9,0.401123046875,1,-718293.5314272263,-684149.0861261648,-34149.01513375348,105.38284537135404,
9069,4f2w,69,0,9,0.401123046875,1,-718269.4666222401,-684149.0861261648,-34149.38793231553,668.927370859613,
9070,4f2w,70,0,9,0.401123046875,1,-718301.2920253504,-684149.0861261648,-34149.62758202858,-59.45740612234601,
9071,4f2w,71,0,9,0.401123046875,1,-718270.4884068586,-684149.0861261648,-34149.81827254602,655.2883392609219,
9072,4f2w,72,0,9,0.401123046875,1,-718289.1973730245,-684149.0861261648,-34148.8947883994,202.553279796768,
9073,4f2w,73,0,9,0.401123046875,1,-718247.2618707636,-684149.0861261648,-34149.1864584834,1176.3350074086572,
9074,4f2w,74,0,9,0.401123046875,1,-718277.8169420587,-684149.0861261648,-34148.83668114251,463.6522672398715,
9075,4f2w,75,0,9,0.401123046875,1,-718291.5901355662,-684149.0861261648,-34149.329912021814,157.4090538646203,
9076,4f2w,76,0,9,0.401123046875,1,-718279.6333912977,-684149.0861261648,-34129.36877660459,-27.176591074646023,
9077,4f2w,77,0,9,0.401123046875,1,-718297.0207661012,-684149.0861261648,-34149.41471315926,34.1312993479424,
9078,4f2w,78,0,9,0.401123046875,1,-718289.4359331954,-684149.0861261648,-34149.88992829627,220.00042275593935,
9079,4f2w,79,0,9,0.401123046875,1,-718284.2030800798,-684149.0861261648,-34149.43496058887,330.1810777422696,
9080,4f2w,80,0,9,0.401123046875,1,-718290.2753981121,-684149.0861261648,-34149.8618715257,199.99489739198856,
9081,4f2w,81,0,9,0.401123046875,1,-718257.9393591055,-684149.0861261648,-34140.43276770419,728.2413718803599,
9082,4f2w,82,0,9,0.401123046875,1,-718293.2643870638,-684149.0861261648,-34149.90317340201,132.0196186010221,
9083,4f2w,83,0,9,0.401123046875,1,-718294.243847824,-684149.0861261648,-34149.095121398626,90.79859501734786,
9084,4f2w,84,0,9,0.401123046875,1,-718275.2235314169,-684149.0861261648,-34149.815628305136,546.0327952589624,
9085,4f2w,85,0,9,0.401123046875,1,-718287.3616288819,-684149.0861261648,-34150.93801806873,292.0045409216806,
9086,4f2w,86,0,9,0.401123046875,1,-718273.9369479347,-684149.0861261648,-34150.60771156855,593.9679891694004,
9087,4f2w,87,0,9,0.401123046875,1,-718261.662746913,-684149.0861261648,-34149.857679650275,859.721641985885,
9088,4f2w,88,0,9,0.401123046875,1,-718297.669073216,-684149.0861261648,-34150.485217407404,43.867396534419285,
9089,4f2w,89,0,9,0.401123046875,1,-718295.0013455667,-684149.0861261648,-34150.489126250206,105.4767976472183,
9090,4f2w,90,0,9,0.401123046875,1,-718284.3843372692,-684149.0861261648,-34149.65489812207,331.07306765859283,
9091,4f2w,91,0,9,0.401123046875,1,-718297.3633989611,-684149.0861261648,-34151.06148578235,64.2054767337815,
9092,4f2w,92,0,9,0.401123046875,1,-718299.1927580156,-684149.0861261648,-34150.86745904392,17.54509187720015,
9093,4f2w,93,0,9,0.401123046875,1,-718285.2917670229,-684149.0861261648,-34150.01865984505,318.5357850325885,
9094,4f2w,94,0,9,0.401123046875,1,-718300.6129406918,-684149.0861261648,-34150.68513853854,-19.409509389689255,
9095,4f2w,95,0,9,0.401123046875,1,-718298.7289069511,-684149.0861261648,-34149.70571632689,1.451328042195329,
9096,4f2w,96,0,9,0.401123046875,1,-718295.7212847389,-684149.0861261648,-34149.89321859187,75.1326488749342,
9097,4f2w,97,0,9,0.401123046875,1,-718263.325082756,-684149.0861261648,-34150.25589318579,830.5702890512721,
9098,4f2w,98,0,9,0.401123046875,1,-718286.8016846108,-684149.0861261648,-34149.899986222445,280.97957952713585,
9099,4f2w,99,0,9,0.401123046875,1,-718296.7610075243,-684149.0861261648,-34149.440115377365,40.70726349977879,
9100,4f2w,100,0,9,0.401123046875,1,-718298.6026548364,-684149.0861261648,-34150.24477086967,16.793664040719065,
10001,3pww,1,0,10,0.3798828125,1,-743573.9627653852,-684149.0861261648,-59447.397131811966,519.3348965769488,
10002,3pww,2,0,10,0.3798828125,1,-743572.2408375043,-684149.0861261648,-59447.28085805108,556.3621602108398,
10003,3pww,3,0,10,0.3798828125,1,-743567.0262387582,-684149.0861261648,-59447.051566641836,671.3260785012716,
10004,3pww,4,0,10,0.3798828125,1,-743568.8684687507,-684149.0861261648,-59446.89169762675,625.1565785751914,
10005,3pww,5,0,10,0.3798828125,1,-743534.5629583345,-684149.0861261648,-59446.638133701075,1410.4131193474175,
10006,3pww,6,0,10,0.3798828125,1,-743590.5143506422,-684149.0861261648,-59446.938523422985,127.0705123944865,
10007,3pww,7,0,10,0.3798828125,1,-743576.0610721596,-684149.0861261648,-59447.0272637718,462.41743321147123,
10008,3pww,8,0,10,0.3798828125,1,-743548.2225238276,-684149.0861261648,-59446.30391253164,1087.708732684256,
10009,3pww,9,0,10,0.3798828125,1,-743556.8044986172,-684149.0861261648,-59447.5327512139,918.1413857753844,
10010,3pww,10,0,10,0.3798828125,1,-743567.6390942828,-684149.0861261648,-59446.75570129981,650.3704774934804,
10011,3pww,11,0,10,0.3798828125,1,-743534.0410580225,-684149.0861261648,-59451.04227332416,1524.010298884246,
10012,3pww,12,0,10,0.3798828125,1,-743481.2978972835,-684149.0861261648,-59444.778229501164,2595.8441976524805,
10013,3pww,13,0,10,0.3798828125,1,-743517.7820018871,-684149.0861261648,-59450.18597890078,1879.206422068645,
10014,3pww,14,0,10,0.3798828125,1,-743535.2006676391,-684149.0861261648,-59449.30504293372,1457.2075813439806,
10015,3pww,15,0,10,0.3798828125,1,-743522.2557787932,-684149.0861261648,-59450.029504161386,1772.4302825288714,
10016,3pww,16,0,10,0.3798828125,1,-743416.78249668,-684149.0861261648,-59449.59571118287,4194.698445823124,
10017,3pww,17,0,10,0.3798828125,1,-743518.6266507105,-684149.0861261648,-59449.87882437943,1852.6452059462401,
10018,3pww,18,0,10,0.3798828125,1,-743557.3107321756,-684149.0861261648,-59449.335595246455,948.0419336322003,
10019,3pww,19,0,10,0.3798828125,1,-743547.4652413762,-684149.0861261648,-59449.938228409796,1188.9813960152512,
10020,3pww,20,0,10,0.3798828125,1,-743518.4884043228,-684149.0861261648,-59449.772714417486,1853.3862895296197,
10021,3pww,21,0,10,0.3798828125,1,-743464.9305480913,-684149.0861261648,-59450.07128698765,3095.3450418958837,
10022,3pww,22,0,10,0.3798828125,1,-743544.2216569829,-684149.0861261648,-59451.237154912254,1293.7341857977958,
10023,3pww,23,0,10,0.3798828125,1,-743506.7667897976,-684149.0861261648,-59436.29291490844,1812.8415806142239,
10024,3pww,24,0,10,0.3798828125,1,-743499.7996536236,-684149.0861261648,-59447.635010253696,2235.0624898053834,
10025,3pww,25,0,10,0.3798828125,1,-743531.7229506269,-684149.0861261648,-59446.65428605876,1476.2777351446096,
10026,3pww,26,0,10,0.3798828125,1,-743562.7154549256,-684149.0861261648,-59448.79395153752,810.9154654885529,
10027,3pww,27,0,10,0.3798828125,1,-743518.5079186747,-684149.0861261648,-59446.2836414093,1772.4763428929928,
10028,3pww,28,0,10,0.3798828125,1,-743552.796964128,-684149.0861261648,-59450.904206346786,1088.3049288960913,
10029,3pww,29,0,10,0.3798828125,1,-743547.0978175894,-684149.0861261648,-59451.27576978146,1228.298826601127,
10030,3pww,30,0,10,0.3798828125,1,-743488.2417268503,-684149.0861261648,-59451.0099886023,2579.4234626197913,
10031,3pww,31,0,10,0.3798828125,1,-743538.767908234,-684149.0861261648,-59449.96509344509,1390.166185370294,
10032,3pww,32,0,10,0.3798828125,1,-743544.643461604,-684149.0861261648,-59451.27127717069,1284.7940181300073,
10033,3pww,33,0,10,0.3798828125,1,-743546.6834538772,-684149.0861261648,-59451.267007988085,1237.652229050123,
10034,3pww,34,0,10,0.3798828125,1,-743549.3928825005,-684149.0861261648,-59449.532005723624,1135.161217982611,
10035,3pww,35,0,10,0.3798828125,1,-743550.2168406735,-684149.0861261648,-59451.04125153663,1150.9643263844262,
10036,3pww,36,0,10,0.3798828125,1,-743572.2846452786,-684149.0861261648,-59442.58838130168,447.140844412125,
10037,3pww,37,0,10,0.3798828125,1,-743534.1115109368,-684149.0861261648,-59450.73809025814,1515.3709879428743,
10038,3pww,38,0,10,0.3798828125,1,-743546.4797225792,-684149.0861261648,-59449.83242667844,1209.2681534838441,
10039,3pww,39,0,10,0.3798828125,1,-743549.4973724672,-684149.0861261648,-59446.97976850363,1073.8956336222627,
10040,3pww,40,0,10,0.3798828125,1,-743555.7072137488,-684149.0861261648,-59451.33626134327,1031.1564032286249,
10041,3pww,41,0,10,0.3798828125,1,-743559.7285528228,-684149.0861261648,-59448.38058383404,870.2625785958464,
10042,3pww,42,0,10,0.3798828125,1,-743568.7860487895,-684149.0861261648,-59450.511547159454,710.5329413217972,
10043,3pww,43,0,10,0.3798828125,1,-743543.6407173461,-684149.0861261648,-59450.56211308768,1291.5641377956815,
10044,3pww,44,0,10,0.3798828125,1,-743548.0158671777,-684149.0861261648,-59444.925772678165,1060.693688233665,
10045,3pww,45,0,10,0.3798828125,1,-743562.3439044551,-684149.0861261648,-59446.01651914059,755.4345102487448,
10046,3pww,46,0,10,0.3798828125,1,-743507.5005378323,-684149.0861261648,-59448.949641447565,2087.79199669924,
10047,3pww,47,0,10,0.3798828125,1,-743556.0466651357,-684149.0861261648,-59449.59078128269,983.0767418622147,
10048,3pww,48,0,10,0.3798828125,1,-743522.560788546,-684149.0861261648,-59447.380361493735,1704.3059093393908,
10049,3pww,49,0,10,0.3798828125,1,-743502.3289516165,-684149.0861261648,-59447.15987451016,2165.7786019214923,
10050,3pww,50,0,10,0.3798828125,1,-743531.9557623463,-684149.0861261648,-59451.68620188167,1586.9477048674544,
10051,3pww,51,0,10,0.3798828125,1,-743527.7716716415,-684149.0861261648,-59451.17144888273,1671.5646425395037,
10052,3pww,52,0,10,0.3798828125,1,-743557.1964718293,-684149.0861261648,-59450.35572398832,974.2015674579499,
10053,3pww,53,0,10,0.3798828125,1,-743496.0080155177,-684149.0861261648,-59450.981509756435,2399.6718535503614,
10054,3pww,54,0,10,0.3798828125,1,-743534.287864481,-684149.0861261648,-59450.601286601326,1508.1494113296476,
10055,3pww,55,0,10,0.3798828125,1,-743521.8768273033,-684149.0861261648,-59446.61520772806,1702.4335652790714,
10056,3pww,56,0,10,0.3798828125,1,-743548.9571566326,-684149.0861261648,-59442.949691426074,993.4175215074172,
10057,3pww,57,0,10,0.3798828125,1,-743538.7837435947,-684149.0861261648,-59449.87578938543,1387.741612739865,
10058,3pww,58,0,10,0.3798828125,1,-743569.3944675671,-684149.0861261648,-59450.17800022294,688.8106959170597,
10059,3pww,59,0,10,0.3798828125,1,-743530.0052339025,-684149.0861261648,-59450.080359052925,1594.8963439797867,
10060,3pww,60,0,10,0.3798828125,1,-743523.1133643728,-684149.0861261648,-59448.702189516334,1722.0452863953196,
10061,3pww,61,0,10,0.3798828125,1,-743511.4374606059,-684149.0861261648,-59450.48536307751,2032.4189828749986,
10062,3pww,62,0,10,0.3798828125,1,-743530.4714849486,-684149.0861261648,-59451.06213415792,1606.7846111962317,
10063,3pww,63,0,10,0.3798828125,1,-743530.5188657827,-684149.0861261648,-59451.168384563236,1608.1421757613296,
10064,3pww,64,0,10,0.3798828125,1,-743501.8803574038,-684149.0861261648,-59450.98435736826,2264.3181000981153,
10065,3pww,65,0,10,0.3798828125,1,-743546.0700213803,-684149.0861261648,-59450.57846630742,1235.9201701255254,
10066,3pww,66,0,10,0.3798828125,1,-743550.0137963195,-684149.0861261648,-59450.79101922741,1149.8761462855296,
10067,3pww,67,0,10,0.3798828125,1,-743557.370234538,-684149.0861261648,-59450.94992066565,983.8970051017317,
10068,3pww,68,0,10,0.3798828125,1,-743566.0111237809,-684149.0861261648,-59451.33086351695,793.418116260617,
10069,3pww,69,0,10,0.3798828125,1,-743531.5676807658,-684149.0861261648,-59450.93601755439,1578.597417156202,
10070,3pww,70,0,10,0.3798828125,1,-743562.140935187,-684149.0861261648,-59448.68225068977,821.5883226569912,
10071,3pww,71,0,10,0.3798828125,1,-743486.9587047881,-684149.0861261648,-59450.003168653755,2585.7928346715603,
10072,3pww,72,0,10,0.3798828125,1,-743548.4232885134,-684149.0861261648,-59451.32836566499,1198.9456308472675,
10073,3pww,73,0,10,0.3798828125,1,-743548.0761110679,-684149.0861261648,-59449.22823579251,1158.5215875609904,
10074,3pww,74,0,10,0.3798828125,1,-743535.4278082894,-684149.0861261648,-59451.61826999118,1505.3138767157297,
10075,3pww,75,0,10,0.3798828125,1,-743537.7909531926,-684149.0861261648,-59450.551182668714,1426.2108424053706,
10076,3pww,76,0,10,0.3798828125,1,-743556.3014484238,-684149.0861261648,-59451.00857893756,1009.8964902945144,
10077,3pww,77,0,10,0.3798828125,1,-743575.8640622988,-684149.0861261648,-59450.67805434032,551.1498190538349,
10078,3pww,78,0,10,0.3798828125,1,-743476.1065129238,-684149.0861261648,-59443.73711754014,2691.5517528102737,
10079,3pww,79,0,10,0.3798828125,1,-743519.7110439279,-684149.0861261648,-59450.60314596823,1844.3417569309076,
10080,3pww,80,0,10,0.3798828125,1,-743507.2375154686,-684149.0861261648,-59450.17438672129,2122.1007334618857,
10081,3pww,81,0,10,0.3798828125,1,-743528.4452158556,-684149.0861261648,-59449.94406510531,1627.72820166835,
10082,3pww,82,0,10,0.3798828125,1,-743555.6728446978,-684149.0861261648,-59450.99699606379,1024.1253291681937,
10083,3pww,83,0,10,0.3798828125,1,-743558.2251268514,-684149.0861261648,-59451.49245178333,976.6937848082434,
10084,3pww,84,0,10,0.3798828125,1,-743516.1767352712,-684149.0861261648,-59450.7258558983,1928.6746089686937,
10085,3pww,85,0,10,0.3798828125,1,-743558.5961156532,-684149.0861261648,-59450.122709918905,936.5515820191307,
10086,3pww,86,0,10,0.3798828125,1,-743536.6144506829,-684149.0861261648,-59451.300392400524,1470.618821659668,
10087,3pww,87,0,10,0.3798828125,1,-743557.9405959434,-684149.0861261648,-59449.218694713025,930.8211397462087,
10088,3pww,88,0,10,0.3798828125,1,-743544.6311095547,-684149.0861261648,-59448.02940781048,1210.3195797131596,
10089,3pww,89,0,10,0.3798828125,1,-743526.1897966311,-684149.0861261648,-59449.7924693936,1676.2435244122844,
10090,3pww,90,0,10,0.3798828125,1,-743570.9788572984,-684149.0861261648,-59438.57525358727,384.70810697780524,
10091,3pww,91,0,10,0.3798828125,1,-743537.3732295817,-684149.0861261648,-59448.57775722077,1390.3355057816657,
10092,3pww,92,0,10,0.3798828125,1,-743550.5007235896,-684149.0861261648,-59448.4504566752,1084.6726819982355,
10093,3pww,93,0,10,0.3798828125,1,-743563.983982195,-684149.0861261648,-59449.4088689798,795.8428648059088,
10094,3pww,94,0,10,0.3798828125,1,-743568.1014589267,-684149.0861261648,-59448.94508827855,690.196558650072,
10095,3pww,95,0,10,0.3798828125,1,-743536.1499692685,-684149.0861261648,-59448.42936701706,1415.122599354833,
10096,3pww,96,0,10,0.3798828125,1,-743578.9528922777,-684149.0861261648,-59445.78535771003,367.09144292007517,
10097,3pww,97,0,10,0.3798828125,1,-743572.8574843303,-684149.0861261648,-59446.94217748581,534.3317872097663,
10098,3pww,98,0,10,0.3798828125,1,-743566.4509031372,-684149.0861261648,-59446.07364631822,662.042254711119,
10099,3pww,99,0,10,0.3798828125,1,-743568.912307728,-684149.0861261648,-59447.10067791877,628.9648277635954,
10100,3pww,100,0,10,0.3798828125,1,-743566.45904078,-684149.0861261648,-59446.82247478893,679.1229909769693,
11001,3prs,1,0,11,0.3798828125,0,-764153.9028126887,-684149.0861261648,-80041.51928517828,846.3820317758623,
11002,3prs,2,0,11,0.3798828125,0,-764150.4427836976,-684149.0861261648,-80042.12444708358,940.1275608830395,
11003,3prs,3,0,11,0.3798828125,0,-764153.7719440003,-684149.0861261648,-80042.14576540004,863.8469125444918,
11004,3prs,4,0,11,0.3798828125,0,-764181.9879551374,-684149.0861261648,-80042.28758118184,216.44058774693684,
11005,3prs,5,0,11,0.3798828125,0,-764147.2749890528,-684149.0861261648,-80041.46746513851,998.0282772397112,
11006,3prs,6,0,11,0.3798828125,0,-764170.8494385917,-684149.0861261648,-80040.89353618628,441.15344001188544,
11007,3prs,7,0,11,0.3798828125,0,-764135.9613793631,-684149.0861261648,-80041.64770207416,1263.0826771014301,
11008,3prs,8,0,11,0.3798828125,0,-764155.3901876054,-684149.0861261648,-80042.02809367201,823.8157539741683,
11009,3prs,9,0,11,0.3798828125,0,-764149.595807045,-684149.0861261648,-80040.38769254695,919.608795430345,
11010,3prs,10,0,11,0.3798828125,0,-764172.7930714776,-684149.0861261648,-80041.92106530673,420.02758531279585,
11011,3prs,11,0,11,0.3798828125,0,-764083.4788348514,-684149.0861261648,-80040.72738382827,2452.135862156771,
11012,3prs,12,0,11,0.3798828125,0,-764032.6840695877,-684149.0861261648,-80042.06886956703,3654.4263721075513,
11013,3prs,13,0,11,0.3798828125,0,-764109.3858744793,-684149.0861261648,-80039.7353161336,1831.827711143865,
11014,3prs,14,0,11,0.3798828125,0,-764124.1014535268,-684149.0861261648,-80041.29288420684,1528.3967697170362,
11015,3prs,15,0,11,0.3798828125,0,-764094.9927369046,-684149.0861261648,-80037.41751346599,2110.29154933849,
11016,3prs,16,0,11,0.3798828125,0,-764065.193155109,-684149.0861261648,-80041.2783862115,2886.520071286485,
11017,3prs,17,0,11,0.3798828125,0,-764105.3976660066,-684149.0861261648,-80040.8472985984,1949.440908203813,
11018,3prs,18,0,11,0.3798828125,0,-764106.0249823768,-684149.0861261648,-80042.17591784007,1965.6133366137979,
11019,3prs,19,0,11,0.3798828125,0,-764127.4664889413,-684149.0861261648,-80042.2747647525,1473.4399128745451,
11020,3prs,20,0,11,0.3798828125,0,-764063.608972176,-684149.0861261648,-80039.8355234624,2889.778992146124,
11021,3prs,21,0,11,0.3798828125,0,-764091.434852212,-684149.0861261648,-80040.80102787037,2270.364015227756,
11022,3prs,22,0,11,0.3798828125,0,-764106.6825312665,-684149.0861261648,-80042.31935629851,1953.757668425086,
11023,3prs,23,0,11,0.3798828125,0,-764071.2884353835,-684149.0861261648,-80041.10158941757,2741.8825380520807,
11024,3prs,24,0,11,0.3798828125,0,-764048.3373759529,-684149.0861261648,-80041.43855068705,3278.917053286844,
11025,3prs,25,0,11,0.3798828125,0,-764146.6846638016,-684149.0861261648,-80042.1199790002,1026.688828048666,
11026,3prs,26,0,11,0.3798828125,0,-764170.087045907,-684149.0861261648,-80042.37315342437,492.85541707309034,
11027,3prs,27,0,11,0.3798828125,0,-764126.5366111238,-684149.0861261648,-80042.74631152164,1505.7575315861427,
11028,3prs,28,0,11,0.3798828125,0,-764116.6594092093,-684149.0861261648,-80042.30410430463,1723.3336780904397,
11029,3prs,29,0,11,0.3798828125,0,-764158.1161907159,-684149.0861261648,-80042.56927273284,773.4325144747803,
11030,3prs,30,0,11,0.3798828125,0,-764107.7052910019,-684149.0861261648,-80042.79174849993,1941.0658915818399,
11031,3prs,31,0,11,0.3798828125,0,-764151.8038679797,-684149.0861261648,-80040.20508167754,864.4785939450079,
11032,3prs,32,0,11,0.3798828125,0,-764126.7844655057,-684149.0861261648,-80042.65299651634,1497.8899786138466,
11033,3prs,33,0,11,0.3798828125,0,-764138.6216008804,-684149.0861261648,-80040.10861382494,1166.24429337455,
11034,3prs,34,0,11,0.3798828125,0,-764163.2616036973,-684149.0861261648,-80042.43823466312,651.7546626345356,
11035,3prs,35,0,11,0.3798828125,0,-764140.3744991411,-684149.0861261648,-80041.57090852271,1159.5428160115748,
11036,3prs,36,0,11,0.3798828125,0,-764136.0287445181,-684149.0861261648,-80042.41896054776,1279.3148426432765,
11037,3prs,37,0,11,0.3798828125,0,-764080.9739946716,-684149.0861261648,-80042.74886677276,2556.515353061544,
11038,3prs,38,0,11,0.3798828125,0,-764147.5764086832,-684149.0861261648,-80040.31376419074,964.4723995470436,
11039,3prs,39,0,11,0.3798828125,0,-764115.8142521519,-684149.0861261648,-80041.21474847804,1717.7023206934603,
11040,3prs,40,0,11,0.3798828125,0,-764144.3598316154,-684149.0861261648,-80042.238403535,1083.0316665261587,
11041,3prs,41,0,11,0.3798828125,0,-764147.8662070177,-684149.0861261648,-80041.42558977615,983.4287982853072,
11042,3prs,42,0,11,0.3798828125,0,-764121.893095716,-684149.0861261648,-80038.47868571288,1514.4257516639934,
11043,3prs,43,0,11,0.3798828125,0,-764147.227880432,-684149.0861261648,-80043.63494882594,1049.0979890879178,
11044,3prs,44,0,11,0.3798828125,0,-764156.0631354592,-684149.0861261648,-80043.15642724048,834.3171980286388,
11045,3prs,45,0,11,0.3798828125,0,-764150.369023367,-684149.0861261648,-80043.4368268014,972.092709771164,
11046,3prs,46,0,11,0.3798828125,0,-764151.1065372518,-684149.0861261648,-80043.44121716033,955.1864796349519,
11047,3prs,47,0,11,0.3798828125,0,-764136.3328165849,-684149.0861261648,-80043.63763210784,1300.406008004184,
11048,3prs,48,0,11,0.3798828125,0,-764136.0199268453,-684149.0861261648,-80043.63427350552,1307.54396559869,
11049,3prs,49,0,11,0.3798828125,0,-764105.9380037182,-684149.0861261648,-80043.63755474101,2001.3252597978858,
11050,3prs,50,0,11,0.3798828125,0,-764141.5615236601,-684149.0861261648,-80042.56514403826,1155.0969959771508,
11051,3prs,51,0,11,0.3798828125,0,-764101.0281942625,-684149.0861261648,-80043.09070370208,2101.937471049013,
11052,3prs,52,0,11,0.3798828125,0,-764089.4639764865,-684149.0861261648,-80043.44054076693,2376.6821025643208,
11053,3prs,53,0,11,0.3798828125,0,-764132.349960848,-684149.0861261648,-80043.4394587041,1387.6828559708,
11054,3prs,54,0,11,0.3798828125,0,-764099.6017492403,-684149.0861261648,-80042.56401453025,2122.686333872826,
11055,3prs,55,0,11,0.3798828125,0,-764122.7726728756,-684149.0861261648,-80043.63599321853,1613.072556917159,
11056,3prs,56,0,11,0.3798828125,0,-764164.1539610466,-684149.0861261648,-80043.09374866496,646.2929252926925,
11057,3prs,57,0,11,0.3798828125,0,-764142.9341132485,-684149.0861261648,-80043.43736228954,1143.5581588242828,
11058,3prs,58,0,11,0.3798828125,0,-764089.292416199,-684149.0861261648,-80042.83686873919,2366.7173691099333,
11059,3prs,59,0,11,0.3798828125,0,-764140.8089425998,-684149.0861261648,-80042.59777948867,1173.2045188792808,
11060,3prs,60,0,11,0.3798828125,0,-764152.297841548,-684149.0861261648,-80041.87740883838,891.6520733267105,
11061,3prs,61,0,11,0.3798828125,0,-764124.7964896405,-684149.0861261648,-80042.04038701077,1529.606680336037,
11062,3prs,62,0,11,0.3798828125,0,-764055.5477965911,-684149.0861261648,-80040.867046094,3099.461594277361,
11063,3prs,63,0,11,0.3798828125,0,-764130.678720488,-684149.0861261648,-80041.97985503684,1392.563314046703,
11064,3prs,64,0,11,0.3798828125,0,-764133.1473952819,-684149.0861261648,-80037.47748932849,1231.80730111407,
11065,3prs,65,0,11,0.3798828125,0,-764137.6772771918,-684149.0861261648,-80042.49542222034,1243.062024128419,
11066,3prs,66,0,11,0.3798828125,0,-764079.7068011303,-684149.0861261648,-80041.12255058295,2548.2337880480686,
11067,3prs,67,0,11,0.3798828125,0,-764062.5123489636,-684149.0861261648,-80041.52763209354,2954.0886762091404,
11068,3prs,68,0,11,0.3798828125,0,-764107.1714354297,-684149.0861261648,-80042.0672510625,1936.6695857307154,
11069,3prs,69,0,11,0.3798828125,0,-764136.4775880121,-684149.0861261648,-80042.29716048251,1266.1554895497586,
11070,3prs,70,0,11,0.3798828125,0,-764130.8936738808,-684149.0861261648,-80037.03374729163,1273.5464168153817,
11071,3prs,71,0,11,0.3798828125,0,-764150.334645136,-684149.0861261648,-80040.07982227813,895.4711272333451,
11072,3prs,72,0,11,0.3798828125,0,-764161.4891344747,-684149.0861261648,-80039.22536168109,618.5381628463393,
11073,3prs,73,0,11,0.3798828125,0,-764105.6684371673,-684149.0861261648,-80039.90767023574,1921.5284321008098,
11074,3prs,74,0,11,0.3798828125,0,-764147.7067480822,-684149.0861261648,-80040.2661610604,960.3689473385418,
11075,3prs,75,0,11,0.3798828125,0,-764162.5321673888,-684149.0861261648,-80039.80607495319,607.8768186272907,
11076,3prs,76,0,11,0.3798828125,0,-764160.1276277442,-684149.0861261648,-80039.96769390117,667.0538415925406,
11077,3prs,77,0,11,0.3798828125,0,-764161.5803317868,-684149.0861261648,-80039.61189684879,625.3488155912048,
11078,3prs,78,0,11,0.3798828125,0,-764146.8028301586,-684149.0861261648,-80039.57461056716,965.2662566233168,
11079,3prs,79,0,11,0.3798828125,0,-764122.2394802708,-684149.0861261648,-80039.29918096076,1525.3590039799808,
11080,3prs,80,0,11,0.3798828125,0,-764160.5193416317,-684149.0861261648,-80039.22703740608,640.9407602238305,
11081,3prs,81,0,11,0.3798828125,0,-764154.6147277795,-684149.0861261648,-80039.93075225364,793.332440284092,
11082,3prs,82,0,11,0.3798828125,0,-764146.1233189543,-684149.0861261648,-80040.35071442134,998.8335373037777,
11083,3prs,83,0,11,0.3798828125,0,-764158.2189479012,-684149.0861261648,-80039.97384307395,711.2108476999657,
11084,3prs,84,0,11,0.3798828125,0,-764147.7306138863,-684149.0861261648,-80040.12193522464,956.4926620382524,
11085,3prs,85,0,11,0.3798828125,0,-764140.5635618559,-684149.0861261648,-80039.40838859101,1105.3140319139516,
11086,3prs,86,0,11,0.3798828125,0,-764125.5744062653,-684149.0861261648,-80039.60346171867,1455.4706645435956,
11087,3prs,87,0,11,0.3798828125,0,-764173.8383855361,-684149.0861261648,-80040.02937874805,352.2987421007249,
11088,3prs,88,0,11,0.3798828125,0,-764138.2444553215,-684149.0861261648,-80040.20942947896,1177.2663407872903,
11089,3prs,89,0,11,0.3798828125,0,-764136.4352649442,-684149.0861261648,-80039.78708348294,1209.24773197414,
11090,3prs,90,0,11,0.3798828125,0,-764161.0070670089,-684149.0861261648,-80039.47713384635,635.4609067578712,
11091,3prs,91,0,11,0.3798828125,0,-764174.0833808321,-684149.0861261648,-80038.44293210517,310.06468767024785,
11092,3prs,92,0,11,0.3798828125,0,-764171.9642310282,-684149.0861261648,-80039.5807214739,385.17148924172466,
11093,3prs,93,0,11,0.3798828125,0,-764133.630221679,-684149.0861261648,-80040.83451614388,1298.087937335744,
11094,3prs,94,0,11,0.3798828125,0,-764157.9642460783,-684149.0861261648,-80041.74432263381,757.9126398421926,
11095,3prs,95,0,11,0.3798828125,0,-764169.0295988757,-684149.0861261648,-80042.35539529334,516.8312126884815,
11096,3prs,96,0,11,0.3798828125,0,-764143.4173433922,-684149.0861261648,-80041.75304851553,1093.5734086357463,
11097,3prs,97,0,11,0.3798828125,0,-764152.8939002596,-684149.0861261648,-80039.35347554694,819.7033485085898,
11098,3prs,98,0,11,0.3798828125,0,-764181.8576775332,-684149.0861261648,-80041.302146411,196.72019500345567,
11099,3prs,99,0,11,0.3798828125,0,-764152.7732729751,-684149.0861261648,-80031.38549343358,638.7390471341542,
11100,3prs,100,0,11,0.3798828125,0,-764124.4600403449,-684149.0861261648,-80033.18968091022,1333.263254044016,
12001,2v00,1,0,12,0.3798828125,0,-703319.6264206804,-684149.0861261648,-19186.772162613597,374.3157706526063,
12002,2v00,2,0,12,0.3798828125,0,-703332.7766319562,-684149.0861261648,-19186.638458726135,67.98140965257991,
12003,2v00,3,0,12,0.3798828125,0,-703335.932363052,-684149.0861261648,-19186.47127634021,-8.646795630120016,
12004,2v00,4,0,12,0.3798828125,0,-703330.3650169114,-684149.0861261648,-19186.219958481517,113.94372883433175,
12005,2v00,5,0,12,0.3798828125,0,-703328.4247085789,-684149.0861261648,-19186.66064858171,168.85085707745372,
12006,2v00,6,0,12,0.3798828125,0,-703330.4287624409,-684149.0861261648,-19186.73830568525,124.42709248665955,
12007,2v00,7,0,12,0.3798828125,0,-703332.1047325471,-684149.0861261648,-19186.71652763816,85.2760899944943,
12008,2v00,8,0,12,0.3798828125,0,-703316.3317399363,-684149.0861261648,-19186.762588259902,450.07212369898434,
12009,2v00,9,0,12,0.3798828125,0,-703333.4750620165,-684149.0861261648,-19186.76223802301,54.72964823688676,
12010,2v00,10,0,12,0.3798828125,0,-703331.1854395022,-684149.0861261648,-19186.722774562564,106.61954872424378,
12011,2v00,11,0,12,0.3798828125,0,-703330.3303488533,-684149.0861261648,-19186.72837382289,126.46752954522204,
12012,2v00,12,0,12,0.3798828125,0,-703314.7065970937,-684149.0861261648,-19186.770971355167,487.7421267200774,
12013,2v00,13,0,12,0.3798828125,0,-703327.4512514956,-684149.0861261648,-19186.750131783214,193.36284235447425,
12014,2v00,14,0,12,0.3798828125,0,-703338.0849161794,-684149.0861261648,-19186.668743965354,-53.732138367367064,
12015,2v00,15,0,12,0.3798828125,0,-703335.5038769284,-684149.0861261648,-19186.704804060184,6.61960627603156,
12016,2v00,16,0,12,0.3798828125,0,-703331.6707051734,-684149.0861261648,-19186.653625902858,93.8344505293449,
12017,2v00,17,0,12,0.3798828125,0,-703326.6188807675,-684149.0861261648,-19186.721123275485,211.8888152635358,
12018,2v00,18,0,12,0.3798828125,0,-703335.8538285394,-684149.0861261648,-19186.997645315852,5.302610194895822,
12019,2v00,19,0,12,0.3798828125,0,-703330.9338406363,-684149.0861261648,-19186.96206253501,117.93966814069323,
12020,2v00,20,0,12,0.3798828125,0,-703332.2985587607,-684149.0861261648,-19186.961644587245,86.45888245351989,
12021,2v00,21,0,12,0.3798828125,0,-703335.7916113771,-684149.0861261648,-19186.99562686416,6.690825438480403,
12022,2v00,22,0,12,0.3798828125,0,-703334.8759141316,-684149.0861261648,-19186.89677279922,25.52767667408274,
12023,2v00,23,0,12,0.3798828125,0,-703334.0313937257,-684149.0861261648,-19186.997648713317,47.32903373216616,
12024,2v00,24,0,12,0.3798828125,0,-703316.4739342073,-684149.0861261648,-19187.042478558746,453.2474695331318,
12025,2v00,25,0,12,0.3798828125,0,-703318.2508293727,-684149.0861261648,-19186.746009406772,405.43455252371956,
12026,2v00,26,0,12,0.3798828125,0,-703334.1265615871,-684149.0861261648,-19186.045975146022,23.188296893828305,
12027,2v00,27,0,12,0.3798828125,0,-703332.8591922263,-684149.0861261648,-19186.075929162227,53.10528468055775,
12028,2v00,28,0,12,0.3798828125,0,-703332.4574515859,-684149.0861261648,-19186.998338815894,83.64091587186675,
12029,2v00,29,0,12,0.3798828125,0,-703332.9506945052,-684149.0861261648,-19186.96125709745,71.41133919673649,
12030,2v00,30,0,12,0.3798828125,0,-703327.6400961627,-684149.0861261648,-19186.99848544332,194.73515233522951,
12031,2v00,31,0,12,0.3798828125,0,-703321.7922481784,-684149.0861261648,-19186.998600420677,329.59238192393127,
12032,2v00,32,0,12,0.3798828125,0,-703321.7248840968,-684149.0861261648,-19187.038981017795,332.07703324155966,
12033,2v00,33,0,12,0.3798828125,0,-703309.2159089483,-684149.0861261648,-19187.040672597614,620.5798617213612,
12034,2v00,34,0,12,0.3798828125,0,-703334.9364410092,-684149.0861261648,-19186.997782168117,26.461225102651422,
12035,2v00,35,0,12,0.3798828125,0,-703300.2813638636,-684149.0861261648,-19186.996225712024,825.5903964612583,
12036,2v00,36,0,12,0.3798828125,0,-703333.7245599071,-684149.0861261648,-19186.748006937232,48.64791356307589,
12037,2v00,37,0,12,0.3798828125,0,-703323.4999897815,-684149.0861261648,-19186.79907816383,285.6098324551036,
12038,2v00,38,0,12,0.3798828125,0,-703320.9638294032,-684149.0861261648,-19187.041045365062,349.6749763840438,
12039,2v00,39,0,12,0.3798828125,0,-703333.2540690639,-684149.0861261648,-19186.74682736131,59.47048848894996,
12040,2v00,40,0,12,0.3798828125,0,-703334.2514498571,-684149.0861261648,-19186.99959403011,42.29927885761854,
12041,2v00,41,0,12,0.3798828125,0,-703329.5219183604,-684149.0861261648,-19186.90707277986,149.23127543845442,
12042,2v00,42,0,12,0.3798828125,0,-703306.8175733736,-684149.0861261648,-19186.847560164657,671.4335154604931,
12043,2v00,43,0,12,0.3798828125,0,-703326.2974030116,-684149.0861261648,-19186.800356921874,221.12943972239677,
12044,2v00,44,0,12,0.3798828125,0,-703330.6967885832,-684149.0861261648,-19186.81081104013,119.91827601732368,
12045,2v00,45,0,12,0.3798828125,0,-703334.7521349527,-684149.0861261648,-19187.000060198035,30.76395635128526,
12046,2v00,46,0,12,0.3798828125,0,-703308.3530556608,-684149.0861261648,-19186.070606348243,618.1074720857679,
12047,2v00,47,0,12,0.3798828125,0,-703330.6188904383,-684149.0861261648,-19186.910878655635,124.02226394594425,
12048,2v00,48,0,12,0.3798828125,0,-703311.7561798731,-684149.0861261648,-19187.040780243602,562.0023049327226,
12049,2v00,49,0,12,0.3798828125,0,-703336.6091728546,-684149.0861261648,-19186.99807798597,-12.10606590442637,
12050,2v00,50,0,12,0.3798828125,0,-703329.5490427663,-684149.0861261648,-19186.073987004485,129.39435740750088,
12051,2v00,51,0,12,0.3798828125,0,-703325.2222385147,-684149.0861261648,-19186.908334610187,248.4133466748823,
12052,2v00,52,0,12,0.3798828125,0,-703336.5321305732,-684149.0861261648,-19186.99994694921,-10.286329373114954,
12053,2v00,53,0,12,0.3798828125,0,-703330.9225695468,-684149.0861261648,-19186.797240612235,114.39870180394138,
12054,2v00,54,0,12,0.3798828125,0,-703327.979010289,-684149.0861261648,-19186.997448203292,186.8956875925251,
12055,2v00,55,0,12,0.3798828125,0,-703332.1272979119,-684149.0861261648,-19186.68701684209,84.07518519504623,
12056,2v00,56,0,12,0.3798828125,0,-703318.9146701584,-684149.0861261648,-19186.960337993827,395.068554965525,
12057,2v00,57,0,12,0.3798828125,0,-703329.974056665,-684149.0861261648,-19187.040181753364,141.87428428946325,
12058,2v00,58,0,12,0.3798828125,0,-703328.2150204828,-684149.0861261648,-19186.84772217008,178.00039887896992,
12059,2v00,59,0,12,0.3798828125,0,-703333.8801294306,-684149.0861261648,-19186.961557981693,49.98499920147991,
12060,2v00,60,0,12,0.3798828125,0,-703332.5211891274,-684149.0861261648,-19186.963720557418,81.37277724354486,
12061,2v00,61,0,12,0.3798828125,0,-703327.3508560101,-684149.0861261648,-19186.04422861072,179.3995033773636,
12062,2v00,62,0,12,0.3798828125,0,-703321.3998602676,-684149.0861261648,-19186.96277248594,337.81485030514125,
12063,2v00,63,0,12,0.3798828125,0,-703336.8206217925,-684149.0861261648,-19187.039930579387,-16.01705051795252,
12064,2v00,64,0,12,0.3798828125,0,-703318.7278952039,-684149.0861261648,-19186.84835529062,396.7933052549133,
12065,2v00,65,0,12,0.3798828125,0,-703325.8314400353,-684149.0861261648,-19186.748152610984,230.67094121718532,
12066,2v00,66,0,12,0.3798828125,0,-703333.5225450445,-684149.0861261648,-19186.936220226016,57.64678851199277,
12067,2v00,67,0,12,0.3798828125,0,-703331.4358652422,-684149.0861261648,-19186.89716565343,104.86614806313301,
12068,2v00,68,0,12,0.3798828125,0,-703330.2782547513,-684149.0861261648,-19186.999248501983,133.91536656722434,
12069,2v00,69,0,12,0.3798828125,0,-703330.9612268247,-684149.0861261648,-19186.997385976043,118.12270553487782,
12070,2v00,70,0,12,0.3798828125,0,-703327.8613575151,-684149.0861261648,-19187.042594430175,190.64992173586802,
12071,2v00,71,0,12,0.3798828125,0,-703332.1818203668,-684149.0861261648,-19186.70265930625,83.17859130999061,
12072,2v00,72,0,12,0.3798828125,0,-703333.3970626036,-684149.0861261648,-19186.745746788707,56.14806053134,
12073,2v00,73,0,12,0.3798828125,0,-703331.4675788917,-684149.0861261648,-19186.002285358634,83.49838409080346,
12074,2v00,74,0,12,0.3798828125,0,-703326.1066065629,-684149.0861261648,-19185.910331067767,205.0048265751862,
12075,2v00,75,0,12,0.3798828125,0,-703316.7626921275,-684149.0861261648,-19185.90945976707,420.46051966564613,
12076,2v00,76,0,12,0.3798828125,0,-703333.1594530682,-684149.0861261648,-19185.837798354354,40.68967829059731,
12077,2v00,77,0,12,0.3798828125,0,-703332.476191882,-684149.0861261648,-19185.84067535135,56.51240068065004,
12078,2v00,78,0,12,0.3798828125,0,-703333.843306904,-684149.0861261648,-19185.85169833633,25.240175400198847,
12079,2v00,79,0,12,0.3798828125,0,-703314.8316790202,-684149.0861261648,-19185.885898408615,464.4474019544685,
12080,2v00,80,0,12,0.3798828125,0,-703323.7610393951,-684149.0861261648,-19185.88673060867,258.55065092083254,
12081,2v00,81,0,12,0.3798828125,0,-703329.8903090694,-684149.0861261648,-19185.803468761173,115.28627061313601,
12082,2v00,82,0,12,0.3798828125,0,-703322.8923630466,-684149.0861261648,-19185.928235766616,279.53993508418705,
12083,2v00,83,0,12,0.3798828125,0,-703334.3432144263,-684149.0861261648,-19186.729206976615,33.947864041344246,
12084,2v00,84,0,12,0.3798828125,0,-703325.803082336,-684149.0861261648,-19185.98979377481,213.83671508344867,
12085,2v00,85,0,12,0.3798828125,0,-703318.0855065323,-684149.0861261648,-19185.942470309463,390.7169360033785,
12086,2v00,86,0,12,0.3798828125,0,-703324.416298916,-684149.0861261648,-19185.92752307388,244.3807039936018,
12087,2v00,87,0,12,0.3798828125,0,-703332.399759237,-684149.0861261648,-19185.959759411537,61.02112301436454,
12088,2v00,88,0,12,0.3798828125,0,-703319.8608644942,-684149.0861261648,-19185.957880911556,350.13158573346004,
12089,2v00,89,0,12,0.3798828125,0,-703335.3786473909,-684149.0861261648,-19185.943545458045,-8.047572391032048,
12090,2v00,90,0,12,0.3798828125,0,-703336.1062074056,-684149.0861261648,-19186.034107980457,-22.73708352986492,
12091,2v00,91,0,12,0.3798828125,0,-703320.7962280848,-684149.0861261648,-19185.95819025966,328.56872265010816,
12092,2v00,92,0,12,0.3798828125,0,-703292.7982507239,-684149.0861261648,-19186.02164715263,975.6807694588038,
12093,2v00,93,0,12,0.3798828125,0,-703321.5161759892,-684149.0861261648,-19186.75467383596,330.33367717392946,
12094,2v00,94,0,12,0.3798828125,0,-703317.2990368655,-684149.0861261648,-19186.76002323362,427.70657568511706,
12095,2v00,95,0,12,0.3798828125,0,-703297.4209992775,-684149.0861261648,-19186.749435422145,885.8608515284858,
12096,2v00,96,0,12,0.3798828125,0,-703336.5248445461,-684149.0861261648,-19186.59126901361,-19.54264667851192,
12097,2v00,97,0,12,0.3798828125,0,-703331.6010023693,-684149.0861261648,-19186.727038619247,97.1347728346155,
12098,2v00,98,0,12,0.3798828125,0,-703318.1978307714,-684149.0861261648,-19186.671841261115,404.9463712318288,
12099,2v00,99,0,12,0.3798828125,0,-703297.2658246198,-684149.0861261648,-19186.734081563674,889.0851957568799,
12100,2v00,100,0,12,0.3798828125,0,-703328.2310804168,-684149.0861261648,-19186.739567992416,175.1359534146229,
13001,3uri,1,0,13,0.3798828125,1,-776974.1601696267,-684149.0861261648,-92837.83591707257,294.29579680642854,
13002,3uri,2,0,13,0.3798828125,1,-776963.9504198533,-684149.0861261648,-92836.47510953456,498.3572524753226,
13003,3uri,3,0,13,0.3798828125,1,-776944.0027011748,-684149.0861261648,-92837.23962332516,975.9926800082583,
13004,3uri,4,0,13,0.3798828125,1,-776934.2258583257,-684149.0861261648,-92836.80684657602,1191.471963238567,
13005,3uri,5,0,13,0.3798828125,1,-776962.2323591962,-684149.0861261648,-92836.89040632753,547.5536439935908,
13006,3uri,6,0,13,0.3798828125,1,-776933.1393034558,-684149.0861261648,-92839.80380638152,1285.6400487275744,
13007,3uri,7,0,13,0.3798828125,1,-776934.424553838,-684149.0861261648,-92838.03130372094,1215.126588431585,
13008,3uri,8,0,13,0.3798828125,1,-776958.9857197951,-684149.0861261648,-92838.42823322324,657.8860578745547,
13009,3uri,9,0,13,0.3798828125,1,-776941.9098913625,-684149.0861261648,-92839.30420942811,1071.8645073622433,
13010,3uri,10,0,13,0.3798828125,1,-776960.7101673734,-684149.0861261648,-92837.16106732395,588.8978121836479,
13011,3uri,11,0,13,0.3798828125,1,-776948.3971890623,-684149.0861261648,-92838.62721498517,906.6520057323714,
13012,3uri,12,0,13,0.3798828125,1,-776922.0318402748,-684149.0861261648,-92837.9662005475,1499.4080374610141,
13013,3uri,13,0,13,0.3798828125,1,-776974.0014861629,-684149.0861261648,-92838.32610316781,309.25908430878906,
13014,3uri,14,0,13,0.3798828125,1,-776966.4585598808,-684149.0861261648,-92837.46425827056,463.32848114286315,
13015,3uri,15,0,13,0.3798828125,1,-776831.6057746526,-684149.0861261648,-92840.03458006888,3632.380613762289,
13016,3uri,16,0,13,0.3798828125,1,-776771.280583779,-684149.0861261648,-92833.1963985732,4865.820351838182,
13017,3uri,17,0,13,0.3798828125,1,-776820.2418966249,-684149.0861261648,-92840.14295359162,3896.9370193650966,
13018,3uri,18,0,13,0.3798828125,1,-776815.3607748258,-684149.0861261648,-92838.58934934653,3973.671397076763,
13019,3uri,19,0,13,0.3798828125,1,-776828.4474397119,-684149.0861261648,-92839.6877340845,3697.215089313974,
13020,3uri,20,0,13,0.3798828125,1,-776753.1465579519,-684149.0861261648,-92838.98290021924,5417.440819765058,
13021,3uri,21,0,13,0.3798828125,1,-776942.234569545,-684149.0861261648,-92835.9327036908,986.6284812891565,
13022,3uri,22,0,13,0.3798828125,1,-776779.0701738846,-684149.0861261648,-92840.4403644374,4853.237957920653,
13023,3uri,23,0,13,0.3798828125,1,-776853.632262465,-684149.0861261648,-92839.22158821135,3105.6897004074517,
13024,3uri,24,0,13,0.3798828125,1,-776802.724265481,-684149.0861261648,-92839.34494538812,4282.50068389227,
13025,3uri,25,0,13,0.3798828125,1,-776818.9850173548,-684149.0861261648,-92840.3010665348,3929.5675149786834,
13026,3uri,26,0,13,0.3798828125,1,-776759.2676446837,-684149.0861261648,-92838.532361584,5265.895538663863,
13027,3uri,27,0,13,0.3798828125,1,-776967.3962575909,-684149.0861261648,-92824.54272599726,143.72704521751112,
13028,3uri,28,0,13,0.3798828125,1,-776875.1653143266,-684149.0861261648,-92838.19157619981,2585.373086753624,
13029,3uri,29,0,13,0.3798828125,1,-776887.6713720517,-684149.0861261648,-92838.52824910192,2304.740405974825,
13030,3uri,30,0,13,0.3798828125,1,-776897.2505725722,-684149.0861261648,-92839.38461156398,2103.586981708708,
13031,3uri,31,0,13,0.3798828125,1,-776878.2747265362,-684149.0861261648,-92840.19655348567,2559.9042123690383,
13032,3uri,32,0,13,0.3798828125,1,-776938.1787121844,-684149.0861261648,-92831.58256335763,979.8421547242428,
13033,3uri,33,0,13,0.3798828125,1,-776849.0557903752,-684149.0861261648,-92838.47242219953,3193.949475279686,
13034,3uri,34,0,13,0.3798828125,1,-776924.5895593268,-684149.0861261648,-92839.36634560137,1472.7137469108957,
13035,3uri,35,0,13,0.3798828125,1,-776875.4086066302,-684149.0861261648,-92839.70865173846,2614.7472259731053,
13036,3uri,36,0,13,0.3798828125,1,-776928.0950934539,-684149.0861261648,-92837.69126250056,1353.2458755340388,
13037,3uri,37,0,13,0.3798828125,1,-776869.329247485,-684149.0861261648,-92839.66487421302,2753.9310445997335,
13038,3uri,38,0,13,0.3798828125,1,-776853.1849717897,-684149.0861261648,-92838.86417825728,3107.7623990772254,
13039,3uri,39,0,13,0.3798828125,1,-776886.56896266,-684149.0861261648,-92837.01480894008,2295.261811239288,
13040,3uri,40,0,13,0.3798828125,1,-776841.3545284519,-684149.0861261648,-92840.52700622586,3418.9246274294137,
13041,3uri,41,0,13,0.3798828125,1,-776867.6124604002,-684149.0861261648,-92838.87498422174,2775.3057993593115,
13042,3uri,42,0,13,0.3798828125,1,-776900.2367576462,-684149.0861261648,-92839.15634139098,2029.4598827365953,
13043,3uri,43,0,13,0.3798828125,1,-776858.1680257585,-684149.0861261648,-92839.27318401843,3002.282341606144,
13044,3uri,44,0,13,0.3798828125,1,-776859.8661297361,-684149.0861261648,-92840.18458564786,2984.140554477785,
13045,3uri,45,0,13,0.3798828125,1,-776786.6064670638,-684149.0861261648,-92836.1877865365,4581.380132510225,
13046,3uri,46,0,13,0.3798828125,1,-776890.7981966394,-684149.0861261648,-92832.90142102755,2102.8763800685824,
13047,3uri,47,0,13,0.3798828125,1,-776858.3879705783,-684149.0861261648,-92839.50044156826,3002.4509771667153,
13048,3uri,48,0,13,0.3798828125,1,-776821.4101304809,-684149.0861261648,-92838.58042283563,3833.9640914165216,
13049,3uri,49,0,13,0.3798828125,1,-776882.596839945,-684149.0861261648,-92838.21635277776,2414.5693962391483,
13050,3uri,50,0,13,0.3798828125,1,-776862.6453007859,-684149.0861261648,-92840.0790697506,2917.618093158119,
13051,3uri,51,0,13,0.3798828125,1,-776869.8550507393,-684149.0861261648,-92833.28364350118,2594.6510574578388,
13052,3uri,52,0,13,0.3798828125,1,-776895.6448353032,-684149.0861261648,-92840.15032001046,2158.2738190593873,
13053,3uri,53,0,13,0.3798828125,1,-776835.4059054807,-684149.0861261648,-92837.29127414731,3481.4853776183622,
13054,3uri,54,0,13,0.3798828125,1,-776867.9353596222,-684149.0861261648,-92838.9471939376,2769.524762011714,
13055,3uri,55,0,13,0.3798828125,1,-776882.0461096432,-684149.0861261648,-92838.47380669623,2433.206567105882,
13056,3uri,56,0,13,0.3798828125,1,-776925.4589007149,-684149.0861261648,-92833.71105434207,1322.2521436679574,
13057,3uri,57,0,13,0.3798828125,1,-776865.8525946691,-684149.0861261648,-92839.74736012725,2836.0067335225895,
13058,3uri,58,0,13,0.3798828125,1,-776947.1218151405,-684149.0861261648,-92838.21203382518,926.488522060758,
13059,3uri,59,0,13,0.3798828125,1,-776902.2531907823,-684149.0861261648,-92838.64892854013,1971.2586116382438,
13060,3uri,60,0,13,0.3798828125,1,-776881.3178954372,-684149.0861261648,-92839.17316682843,2466.127213412417,
13061,3uri,61,0,13,0.3798828125,1,-776852.8226293132,-684149.0861261648,-92840.21875651387,3147.3555317639834,
13062,3uri,62,0,13,0.3798828125,1,-776883.2082033855,-684149.0861261648,-92838.72952862292,2412.3051365000106,
13063,3uri,63,0,13,0.3798828125,1,-776836.0530136045,-684149.0861261648,-92840.3448948434,3536.9808758975228,
13064,3uri,64,0,13,0.3798828125,1,-776905.1443530867,-684149.0861261648,-92840.1486702731,1939.1716909973943,
13065,3uri,65,0,13,0.3798828125,1,-776890.4926714704,-684149.0861261648,-92838.67428107766,2243.0472731471064,
13066,3uri,66,0,13,0.3798828125,1,-776892.6503389132,-684149.0861261648,-92833.19992543965,2067.048639847477,
13067,3uri,67,0,13,0.3798828125,1,-776869.3237003352,-684149.0861261648,-92839.6207797698,2753.042122896219,
13068,3uri,68,0,13,0.3798828125,1,-776866.2761527548,-684149.0861261648,-92838.7875910571,2804.106451479955,
13069,3uri,69,0,13,0.3798828125,1,-776909.5853150742,-684149.0861261648,-92833.57913728265,1685.2636449199504,
13070,3uri,70,0,13,0.3798828125,1,-776887.5724447471,-684149.0861261648,-92839.81466718226,2336.6872294865943,
13071,3uri,71,0,13,0.3798828125,1,-776865.1066134687,-684149.0861261648,-92840.24679358512,2864.7266778176863,
13072,3uri,72,0,13,0.3798828125,1,-776777.9719986418,-684149.0861261648,-92835.9757005742,4775.604886068209,
13073,3uri,73,0,13,0.3798828125,1,-776885.2427143111,-684149.0861261648,-92839.89162360338,2392.1867468679634,
13074,3uri,74,0,13,0.3798828125,1,-776875.6408753648,-684149.0861261648,-92840.10448153522,2618.5190336702663,
13075,3uri,75,0,13,0.3798828125,1,-776959.3416860666,-684149.0861261648,-92828.97841157227,431.7592164719744,
13076,3uri,76,0,13,0.3798828125,1,-776704.1326091388,-684149.0861261648,-92838.41857429055,6534.715665666049,
13077,3uri,77,0,13,0.3798828125,1,-776786.6753893152,-684149.0861261648,-92837.83211274652,4617.709810849123,
13078,3uri,78,0,13,0.3798828125,1,-776902.7636753273,-684149.0861261648,-92837.80670388251,1940.0643963696416,
13079,3uri,79,0,13,0.3798828125,1,-776841.7647093203,-684149.0861261648,-92831.99613838115,3212.7391459258547,
13080,3uri,80,0,13,0.3798828125,1,-776965.0169917891,-684149.0861261648,-92839.09499223737,534.1774497143352,
13081,3uri,81,0,13,0.3798828125,1,-776931.3914221779,-684149.0861261648,-92838.48916216401,1295.6307326814856,
13082,3uri,82,0,13,0.3798828125,1,-776911.314758445,-684149.0861261648,-92839.83367987185,1789.6149118835124,
13083,3uri,83,0,13,0.3798828125,1,-776949.0644433167,-684149.0861261648,-92835.40273054161,816.906379345154,
13084,3uri,84,0,13,0.3798828125,1,-776938.8203538308,-684149.0861261648,-92837.69651504068,1106.0366220684707,
13085,3uri,85,0,13,0.3798828125,1,-776949.0051207946,-684149.0861261648,-92836.58716507463,845.5880984025546,
13086,3uri,86,0,13,0.3798828125,1,-776952.4846470605,-684149.0861261648,-92838.64795930892,812.8713605293989,
13087,3uri,87,0,13,0.3798828125,1,-776970.0416595751,-684149.0861261648,-92836.85834725416,366.72759928773803,
13088,3uri,88,0,13,0.3798828125,1,-776946.1528630208,-684149.0861261648,-92839.34895642308,975.0511467112494,
13089,3uri,89,0,13,0.3798828125,1,-776884.1920756057,-684149.0861261648,-92835.33697535304,2311.3823671573336,
13090,3uri,90,0,13,0.3798828125,1,-776913.9814315393,-684149.0861261648,-92839.23118753936,1714.2261661936313,
13091,3uri,91,0,13,0.3798828125,1,-776954.0966437723,-684149.0861261648,-92840.18535013714,811.1509079823361,
13092,3uri,92,0,13,0.3798828125,1,-776942.7340038965,-684149.0861261648,-92838.20157714395,1027.4327163269272,
13093,3uri,93,0,13,0.3798828125,1,-776930.4785823926,-684149.0861261648,-92837.03212835101,1283.081320277378,
13094,3uri,94,0,13,0.3798828125,1,-776971.2160757583,-684149.0861261648,-92837.05850728072,344.2607185866311,
13095,3uri,95,0,13,0.3798828125,1,-776962.7124140229,-684149.0861261648,-92836.67866893328,531.600536393429,
13096,3uri,96,0,13,0.3798828125,1,-776971.1184965769,-684149.0861261648,-92837.98692544011,367.9207793388067,
13097,3uri,97,0,13,0.3798828125,1,-776957.0243417873,-684149.0861261648,-92837.79808528928,688.5849526653933,
13098,3uri,98,0,13,0.3798828125,1,-776925.8216056331,-684149.0861261648,-92836.34134514835,1374.5439164987893,
13099,3uri,99,0,13,0.3798828125,1,-776975.838916209,-684149.0861261648,-92837.13842912226,239.4985267117402,
13100,3uri,100,0,13,0.3798828125,1,-776951.7921196768,-684149.0861261648,-92837.65373535661,805.9140723782739,
14001,3wz8,1,0,14,0.3798828125,0,-731970.4127075033,-684149.0861261648,-47832.80394049329,264.6741897574531,
14002,3wz8,2,0,14,0.3798828125,0,-731965.0006279012,-684149.0861261648,-47833.12587638537,396.9037283231169,
14003,3wz8,3,0,14,0.3798828125,0,-731959.5769595753,-684149.0861261648,-47831.74518426106,490.13697439747915,
14004,3wz8,4,0,14,0.3798828125,0,-731948.2775243627,-684149.0861261648,-47833.13876118105,782.8447877962739,
14005,3wz8,5,0,14,0.3798828125,0,-731955.8807124603,-684149.0861261648,-47832.86961455984,601.3044364746036,
14006,3wz8,6,0,14,0.3798828125,0,-731955.3853928111,-684149.0861261648,-47832.60193248432,606.5538836285702,
14007,3wz8,7,0,14,0.3798828125,0,-731931.6973531197,-684149.0861261648,-47833.83460720221,1181.2392102376334,
14008,3wz8,8,0,14,0.3798828125,0,-731930.7576739744,-684149.0861261648,-47833.843428987675,1203.1121613200069,
14009,3wz8,9,0,14,0.3798828125,0,-731969.3920843111,-684149.0861261648,-47833.68200464887,308.4589601560883,
14010,3wz8,10,0,14,0.3798828125,0,-731951.6044459154,-684149.0861261648,-47833.478473145165,713.9580981970563,
14011,3wz8,11,0,14,0.3798828125,0,-731936.8654098164,-684149.0861261648,-47833.96036489651,1064.9610329176408,
14012,3wz8,12,0,14,0.3798828125,0,-731980.3350339191,-684149.0861261648,-47833.086201030426,42.36898947265955,
14013,3wz8,13,0,14,0.3798828125,0,-731932.2303835409,-684149.0861261648,-47833.52334387941,1161.76933397276,
14014,3wz8,14,0,14,0.3798828125,0,-731940.744717147,-684149.0861261648,-47833.959176975884,975.4746865705167,
14015,3wz8,15,0,14,0.3798828125,0,-731956.152801479,-684149.0861261648,-47832.769830006815,592.7288281865234,
14016,3wz8,16,0,14,0.3798828125,0,-731948.048991348,-684149.0861261648,-47833.71914323013,801.4988123145313,
14017,3wz8,17,0,14,0.3798828125,0,-731975.0522412915,-684149.0861261648,-47833.713313717075,178.6546436458257,
14018,3wz8,18,0,14,0.3798828125,0,-731964.8773258289,-684149.0861261648,-47833.96452506224,419.0868395847946,
14019,3wz8,19,0,14,0.3798828125,0,-731972.9251938115,-684149.0861261648,-47833.87715222285,231.4837294945152,
14020,3wz8,20,0,14,0.3798828125,0,-731963.5257966325,-684149.0861261648,-47833.96643032473,450.2977796588326,
14021,3wz8,21,0,14,0.3798828125,0,-731954.6718985842,-684149.0861261648,-47833.72289409084,648.857440118671,
14022,3wz8,22,0,14,0.3798828125,0,-731951.8000440558,-684149.0861261648,-47833.64978809992,713.3981146340193,
14023,3wz8,23,0,14,0.3798828125,0,-731957.8450114231,-684149.0861261648,-47833.6968751137,575.0837078590155,
14024,3wz8,24,0,14,0.3798828125,0,-731960.0623471992,-684149.0861261648,-47833.72875817459,524.685970988863,
14025,3wz8,25,0,14,0.3798828125,0,-731908.2568982799,-684149.0861261648,-47833.97877915545,1725.1136244668191,
14026,3wz8,26,0,14,0.3798828125,0,-731952.5972616186,-684149.0861261648,-47833.472406763234,690.9233300968071,
14027,3wz8,27,0,14,0.3798828125,0,-731921.2810943376,-684149.0861261648,-47833.735840994574,1419.1662412442136,
14028,3wz8,28,0,14,0.3798828125,0,-731976.3674668327,-684149.0861261648,-47833.4992557947,143.38852918643667,
14029,3wz8,29,0,14,0.3798828125,0,-731973.0894837336,-684149.0861261648,-47833.51742585344,219.39962674002675,
14030,3wz8,30,0,14,0.3798828125,0,-731944.2820334396,-684149.0861261648,-47833.72451062838,888.4907004812019,
14031,3wz8,31,0,14,0.3798828125,0,-731962.9675656359,-684149.0861261648,-47833.805680472055,459.4639125901001,
14032,3wz8,32,0,14,0.3798828125,0,-731978.4507802381,-684149.0861261648,-47833.67273326557,99.34666626974419,
14033,3wz8,33,0,14,0.3798828125,0,-731955.3340602773,-684149.0861261648,-47833.961566049285,639.0915348370708,
14034,3wz8,34,0,14,0.3798828125,0,-731968.2805432042,-684149.0861261648,-47833.98977609316,341.1890851305394,
14035,3wz8,35,0,14,0.3798828125,0,-731952.0797810506,-684149.0861261648,-47833.48736931727,703.201760180275,
14036,3wz8,36,0,14,0.3798828125,0,-731952.0432491557,-684149.0861261648,-47833.58585317772,706.3152974624752,
14037,3wz8,37,0,14,0.3798828125,0,-731948.5558561491,-684149.0861261648,-47833.87758918447,793.4640828348431,
14038,3wz8,38,0,14,0.3798828125,0,-731950.6070518753,-684149.0861261648,-47833.652649540105,740.9751542514647,
14039,3wz8,39,0,14,0.3798828125,0,-731942.1714975934,-684149.0861261648,-47833.638274986006,935.1721721552307,
14040,3wz8,40,0,14,0.3798828125,0,-731978.7590377586,-684149.0861261648,-47833.72359867733,93.41106323646129,
14041,3wz8,41,0,14,0.3798828125,0,-731953.9669101791,-684149.0861261648,-47833.47490461511,659.3960857882117,
14042,3wz8,42,0,14,0.3798828125,0,-731975.7084664216,-684149.0861261648,-47833.877364415326,167.30483161966794,
14043,3wz8,43,0,14,0.3798828125,0,-731942.853719915,-684149.0861261648,-47833.710833329416,921.1129868249052,
14044,3wz8,44,0,14,0.3798828125,0,-731954.1559599297,-684149.0861261648,-47833.6787739579,659.7378337034986,
14045,3wz8,45,0,14,0.3798828125,0,-731938.7097204285,-684149.0861261648,-47833.948793966,1022.1633878370448,
14046,3wz8,46,0,14,0.3798828125,0,-731969.2962355872,-684149.0861261648,-47833.99091978709,317.7930365584352,
14047,3wz8,47,0,14,0.3798828125,0,-731964.7496210735,-684149.0861261648,-47833.99045874522,422.62982614167487,
14048,3wz8,48,0,14,0.3798828125,0,-731943.2504740612,-684149.0861261648,-47833.835381764584,914.8357740057734,
14049,3wz8,49,0,14,0.3798828125,0,-731968.3170156138,-684149.0861261648,-47833.697687823005,333.61229585938185,
14050,3wz8,50,0,14,0.3798828125,0,-731965.2518728635,-684149.0861261648,-47833.71710802952,404.74400746104095,
14051,3wz8,51,0,14,0.3798828125,0,-731967.636333416,-684149.0861261648,-47833.705070692755,349.4794532600771,
14052,3wz8,52,0,14,0.3798828125,0,-731966.1317466454,-684149.0861261648,-47833.8599564616,387.74779912839915,
14053,3wz8,53,0,14,0.3798828125,0,-731971.4825325268,-684149.0861261648,-47833.699311393924,260.65118211211126,
14054,3wz8,54,0,14,0.3798828125,0,-731960.1361907085,-684149.0861261648,-47833.64655728976,521.0875017740597,
14055,3wz8,55,0,14,0.3798828125,0,-731959.9776932101,-684149.0861261648,-47833.655719000555,524.9538149863232,
14056,3wz8,56,0,14,0.3798828125,0,-731964.5572540121,-684149.0861261648,-47833.711902815514,420.642263621455,
14057,3wz8,57,0,14,0.3798828125,0,-731969.0124627011,-684149.0861261648,-47833.775598246284,319.3715620818393,
14058,3wz8,58,0,14,0.3798828125,0,-731951.2554784676,-684149.0861261648,-47833.50654800574,722.6529003852287,
14059,3wz8,59,0,14,0.3798828125,0,-731959.4451776694,-684149.0861261648,-47833.47792001412,533.133773052704,
14060,3wz8,60,0,14,0.3798828125,0,-731945.9076786296,-684149.0861261648,-47832.670350152664,826.6929137499163,
14061,3wz8,61,0,14,0.3798828125,0,-731961.8065967816,-684149.0861261648,-47833.49864586038,479.15610403698065,
14062,3wz8,62,0,14,0.3798828125,0,-731970.118484955,-684149.0861261648,-47833.77505614201,293.85358177063864,
14063,3wz8,63,0,14,0.3798828125,0,-731967.1197003524,-684149.0861261648,-47833.585109431006,358.62692231867055,
14064,3wz8,64,0,14,0.3798828125,0,-731939.8118733572,-684149.0861261648,-47833.751839119606,992.2052508520682,
14065,3wz8,65,0,14,0.3798828125,0,-731971.6648224848,-684149.0861261648,-47833.67228313131,255.82418927379004,
14066,3wz8,66,0,14,0.3798828125,0,-731951.9054430089,-684149.0861261648,-47833.63382478396,710.5994342239638,
14067,3wz8,67,0,14,0.3798828125,0,-731968.8428690385,-684149.0861261648,-47833.587356406904,318.9415249093851,
14068,3wz8,68,0,14,0.3798828125,0,-731959.5157827692,-684149.0861261648,-47833.76430674236,538.1098156167702,
14069,3wz8,69,0,14,0.3798828125,0,-731944.5455120909,-684149.0861261648,-47833.768838304706,883.4369589408205,
14070,3wz8,70,0,14,0.3798828125,0,-731960.9382358006,-684149.0861261648,-47833.8210314099,506.6153713579989,
14071,3wz8,71,0,14,0.3798828125,0,-731955.1892630707,-684149.0861261648,-47831.2100297992,578.9787044433766,
14072,3wz8,72,0,14,0.3798828125,0,-731959.6778707163,-684149.0861261648,-47831.63102110069,485.17724318309837,
14073,3wz8,73,0,14,0.3798828125,0,-731953.5866363305,-684149.0861261648,-47831.7908333127,629.329802244379,
14074,3wz8,74,0,14,0.3798828125,0,-731950.313443627,-684149.0861261648,-47831.854436475434,706.2781429185295,
14075,3wz8,75,0,14,0.3798828125,0,-731933.8773739587,-684149.0861261648,-47832.25092943356,1094.4462584764635,
14076,3wz8,76,0,14,0.3798828125,0,-731973.5862615661,-684149.0861261648,-47831.85702826422,169.6539797482017,
14077,3wz8,77,0,14,0.3798828125,0,-731948.7897686916,-684149.0861261648,-47831.808291036315,740.3507825371793,
14078,3wz8,78,0,14,0.3798828125,0,-731951.5808031817,-684149.0861261648,-47831.525358516374,669.463419272298,
14079,3wz8,79,0,14,0.3798828125,0,-731948.9553168963,-684149.0861261648,-47831.61803622887,732.1457701579006,
14080,3wz8,80,0,14,0.3798828125,0,-731964.1043687867,-684149.0861261648,-47831.601487476044,382.4187111456057,
14081,3wz8,81,0,14,0.3798828125,0,-731976.4922247785,-684149.0861261648,-47832.00650902433,106.08798431368973,
14082,3wz8,82,0,14,0.3798828125,0,-731942.4627253374,-684149.0861261648,-47831.7440626208,884.7747259867724,
14083,3wz8,83,0,14,0.3798828125,0,-731961.9164025437,-684149.0861261648,-47831.732115704275,435.8867698495803,
14084,3wz8,84,0,14,0.3798828125,0,-731960.6418779745,-684149.0861261648,-47831.74620946091,465.6030143869703,
14085,3wz8,85,0,14,0.3798828125,0,-731951.8464200157,-684149.0861261648,-47831.18756719274,655.5484965934183,
14086,3wz8,86,0,14,0.3798828125,0,-731966.9745092948,-684149.0861261648,-47831.26923831145,308.5698509245888,
14087,3wz8,87,0,14,0.3798828125,0,-731954.1638524185,-684149.0861261648,-47831.843628484465,617.2363686205147,
14088,3wz8,88,0,14,0.3798828125,0,-731953.4243340747,-684149.0861261648,-47831.83125491779,634.0047255337458,
14089,3wz8,89,0,14,0.3798828125,0,-731955.3968449788,-684149.0861261648,-47833.30402346296,622.4803929631521,
14090,3wz8,90,0,14,0.3798828125,0,-731971.2742385231,-684149.0861261648,-47833.212719041505,254.2334697311208,
14091,3wz8,91,0,14,0.3798828125,0,-731959.1141514431,-684149.0861261648,-47833.172258693376,533.7187016700723,
14092,3wz8,92,0,14,0.3798828125,0,-731978.1472541346,-684149.0861261648,-47833.0907203738,92.92460836858248,
14093,3wz8,93,0,14,0.3798828125,0,-731965.9376429872,-684149.0861261648,-47833.183162588306,376.61669833580083,
14094,3wz8,94,0,14,0.3798828125,0,-731966.8006320109,-684149.0861261648,-47831.953760582604,328.36501492245674,
14095,3wz8,95,0,14,0.3798828125,0,-731970.4412097733,-684149.0861261648,-47833.40459193633,277.86826312850934,
14096,3wz8,96,0,14,0.3798828125,0,-731973.7905607478,-684149.0861261648,-47833.008139390164,191.4879818750947,
14097,3wz8,97,0,14,0.3798828125,0,-731971.6143593746,-684149.0861261648,-47833.09031935377,243.5674927127376,
14098,3wz8,98,0,14,0.3798828125,0,-731963.2541298232,-684149.0861261648,-47833.243095595055,439.8820699783437,
14099,3wz8,99,0,14,0.3798828125,0,-731944.787741537,-684149.0861261648,-47833.32709320227,867.6641311500969,
14100,3wz8,100,0,14,0.3798828125,0,-731968.6717382327,-684149.0861261648,-47833.17611320656,313.4044015489001,
15001,1nc3,1,0,15,0.377685546875,0,-710379.4452451784,-684149.0861261648,-26235.015740509163,107.38424272636172,
15002,1nc3,2,0,15,0.377685546875,0,-710361.8635201332,-684149.0861261648,-26235.106734509594,514.9268255757793,
15003,1nc3,3,0,15,0.377685546875,0,-710380.0457006411,-684149.0861261648,-26235.098386879097,95.44328137550946,
15004,1nc3,4,0,15,0.377685546875,0,-710385.5353742257,-684149.0861261648,-26234.724460686575,-39.77454174403341,
15005,1nc3,5,0,15,0.377685546875,0,-710383.9542925226,-684149.0861261648,-26234.921000386606,1.2183816469713977,
15006,1nc3,6,0,15,0.377685546875,0,-710380.132875952,-684149.0861261648,-26235.227738971837,96.41590106956522,
15007,1nc3,7,0,15,0.377685546875,0,-710377.3215350972,-684149.0861261648,-26235.127743120323,158.9410022043827,
15008,1nc3,8,0,15,0.377685546875,0,-710377.8496354684,-684149.0861261648,-26235.071704383026,145.4704343521281,
15009,1nc3,9,0,15,0.377685546875,0,-710372.376746865,-684149.0861261648,-26234.96704655422,269.2647768967319,
15010,1nc3,10,0,15,0.377685546875,0,-710385.9499476281,-684149.0861261648,-26234.89102783335,-45.49370186364474,
15011,1nc3,11,0,15,0.377685546875,0,-710381.085770698,-684149.0861261648,-26234.923025722634,67.4147717445579,
15012,1nc3,12,0,15,0.377685546875,0,-710378.1510989383,-684149.0861261648,-26234.96950929893,136.16184696134255,
15013,1nc3,13,0,15,0.377685546875,0,-710379.2461815493,-684149.0861261648,-26234.7226130916,105.21508023438254,
15014,1nc3,14,0,15,0.377685546875,0,-710375.230850774,-684149.0861261648,-26231.536881978638,124.3461029278324,
15015,1nc3,15,0,15,0.377685546875,0,-710380.9228442924,-684149.0861261648,-26234.961954797636,72.06966971144244,
15016,1nc3,16,0,15,0.377685546875,0,-710378.374863358,-684149.0861261648,-26235.019383247018,132.15183742405014,
15017,1nc3,17,0,15,0.377685546875,0,-710380.1665233839,-684149.0861261648,-26234.83624571098,86.61192379006758,
15018,1nc3,18,0,15,0.377685546875,0,-710370.7407477229,-684149.0861261648,-26234.986375327237,307.43754545811476,
15019,1nc3,19,0,15,0.377685546875,0,-710377.9931314008,-684149.0861261648,-26235.295484478604,147.3218311385518,
15020,1nc3,20,0,15,0.377685546875,0,-710377.6642846778,-684149.0861261648,-26234.376298661362,133.70828821853152,
15021,1nc3,21,0,15,0.377685546875,0,-710380.3797843922,-684149.0861261648,-26234.933816726338,83.94404917516563,
15022,1nc3,22,0,15,0.377685546875,0,-710376.6382485061,-684149.0861261648,-26234.96499648226,170.94493868875986,
15023,1nc3,23,0,15,0.377685546875,0,-710348.975101264,-684149.0861261648,-26234.963094796072,808.8284148866987,
15024,1nc3,24,0,15,0.377685546875,0,-710379.8189972356,-684149.0861261648,-26234.92389827503,96.647383301304,
15025,1nc3,25,0,15,0.377685546875,0,-710371.670066418,-684149.0861261648,-26234.937499101292,284.8798346937803,
15026,1nc3,26,0,15,0.377685546875,0,-710381.6176603169,-684149.0861261648,-26234.932064945824,55.35755518742259,
15027,1nc3,27,0,15,0.377685546875,0,-710378.4380540715,-684149.0861261648,-26234.890239919554,127.71650907237863,
15028,1nc3,28,0,15,0.377685546875,0,-710379.4837214366,-684149.0861261648,-26234.891573722492,103.63360501156326,
15029,1nc3,29,0,15,0.377685546875,0,-710381.7218166012,-684149.0861261648,-26234.202358122002,36.12821509699343,
15030,1nc3,30,0,15,0.377685546875,0,-710376.9450564116,-684149.0861261648,-26234.892690504916,162.20236486165825,
15031,1nc3,31,0,15,0.377685546875,0,-710377.3124589042,-684149.0861261648,-26234.932045753132,154.63741569016213,
15032,1nc3,32,0,15,0.377685546875,0,-710380.1392643467,-684149.0861261648,-26225.714258725773,-123.11748506030246,
15033,1nc3,33,0,15,0.377685546875,0,-710364.0349437464,-684149.0861261648,-26234.84585028423,458.8364743255293,
15034,1nc3,34,0,15,0.377685546875,0,-710368.3477263182,-684149.0861261648,-26233.40882640613,326.24278767153214,
15035,1nc3,35,0,15,0.377685546875,0,-710381.9911563115,-684149.0861261648,-26234.887584622036,45.71879230514092,
15036,1nc3,36,0,15,0.377685546875,0,-710368.6456798181,-684149.0861261648,-26234.93676298393,354.6068712692324,
15037,1nc3,37,0,15,0.377685546875,0,-710364.3680955339,-684149.0861261648,-26234.922091777455,452.91198219577586,
15038,1nc3,38,0,15,0.377685546875,0,-710376.4709198504,-684149.0861261648,-26233.412929589875,139.01211634924286,
15039,1nc3,39,0,15,0.377685546875,0,-710380.3833802508,-684149.0861261648,-26234.964845235478,84.576661125537,
15040,1nc3,40,0,15,0.377685546875,0,-710369.1324126438,-684149.0861261648,-26234.932017560135,343.2731135905279,
15041,1nc3,41,0,15,0.377685546875,0,-710385.371937545,-684149.0861261648,-26234.84688061012,-33.182531849561464,
15042,1nc3,42,0,15,0.377685546875,0,-710378.9737542149,-684149.0861261648,-26233.417947287686,81.41109563404714,
15043,1nc3,43,0,15,0.377685546875,0,-710382.1343569176,-684149.0861261648,-26234.891172106396,42.49923723328981,
15044,1nc3,44,0,15,0.377685546875,0,-710380.6208061293,-684149.0861261648,-26234.84793930782,76.40557556108307,
15045,1nc3,45,0,15,0.377685546875,0,-710379.2799998242,-684149.0861261648,-26234.203409011494,92.46208176379555,
15046,1nc3,46,0,15,0.377685546875,0,-710366.3420194119,-684149.0861261648,-26234.238994832165,391.6396264149887,
15047,1nc3,47,0,15,0.377685546875,0,-710374.3427034782,-684149.0861261648,-26225.693364436756,10.072550349682064,
15048,1nc3,48,0,15,0.377685546875,0,-710378.6264861539,-684149.0861261648,-26234.96583720578,125.11447685781053,
15049,1nc3,49,0,15,0.377685546875,0,-710367.2660416532,-684149.0861261648,-26234.96827336682,387.14872985135185,
15050,1nc3,50,0,15,0.377685546875,0,-710356.3405784102,-684149.0861261648,-26234.932576294075,638.2727034856739,
15051,1nc3,51,0,15,0.377685546875,0,-710382.5028059648,-684149.0861261648,-26234.987723047863,36.22911796080522,
15052,1nc3,52,0,15,0.377685546875,0,-710361.1102010921,-684149.0861261648,-26234.84550803436,526.2747497281124,
15053,1nc3,53,0,15,0.377685546875,0,-710382.0439184625,-684149.0861261648,-26235.326877291332,54.63239781036824,
15054,1nc3,54,0,15,0.377685546875,0,-710368.607080105,-684149.0861261648,-26234.373985285885,342.51903977622163,
15055,1nc3,55,0,15,0.377685546875,0,-710385.5161505358,-684149.0861261648,-26234.720179076325,-39.42996920120506,
15056,1nc3,56,0,15,0.377685546875,0,-710372.7170539811,-684149.0861261648,-26234.8828078462,259.4745176119742,
15057,1nc3,57,0,15,0.377685546875,0,-710370.0383036154,-684149.0861261648,-26234.373149807583,309.49497497063453,
15058,1nc3,58,0,15,0.377685546875,0,-710355.2774804265,-684149.0861261648,-26231.554360116847,584.8848096506167,
15059,1nc3,59,0,15,0.377685546875,0,-710362.700082408,-684149.0861261648,-26234.846237118374,489.62802867358124,
15060,1nc3,60,0,15,0.377685546875,0,-710378.533251362,-684149.0861261648,-26233.41650068296,91.53597324541639,
15061,1nc3,61,0,15,0.377685546875,0,-710347.056505831,-684149.0861261648,-26234.89408322705,851.4808320487323,
15062,1nc3,62,0,15,0.377685546875,0,-710366.8815522519,-684149.0861261648,-26235.13572436107,399.87677774395695,
15063,1nc3,63,0,15,0.377685546875,0,-710370.9581643061,-684149.0861261648,-26234.068554992806,281.2583602197462,
15064,1nc3,64,0,15,0.377685546875,0,-710376.813014479,-684149.0861261648,-26234.07220696939,146.32652434766024,
15065,1nc3,65,0,15,0.377685546875,0,-710357.6444256473,-684149.0861261648,-26234.987933929096,609.481849299963,
15066,1nc3,66,0,15,0.377685546875,0,-710378.3578367262,-684149.0861261648,-26235.032113607056,132.83804995633545,
15067,1nc3,67,0,15,0.377685546875,0,-710382.2944744246,-684149.0861261648,-26235.030024613272,42.00885468125255,
15068,1nc3,68,0,15,0.377685546875,0,-710371.9179359392,-684149.0861261648,-26235.03459622992,281.4029407246062,
15069,1nc3,69,0,15,0.377685546875,0,-710365.5942780096,-684149.0861261648,-26234.89313154949,423.9677038439477,
15070,1nc3,70,0,15,0.377685546875,0,-710372.1670261355,-684149.0861261648,-26234.933803434502,273.3344472581971,
15071,1nc3,71,0,15,0.377685546875,0,-710381.0112749056,-684149.0861261648,-26234.88143294586,68.17353330988591,
15072,1nc3,72,0,15,0.377685546875,0,-710372.8627100602,-684149.0861261648,-26234.93239503635,257.2591164043999,
15073,1nc3,73,0,15,0.377685546875,0,-710377.896593215,-684149.0861261648,-26235.033829535376,143.51414825718535,
15074,1nc3,74,0,15,0.377685546875,0,-710378.6714600354,-684149.0861261648,-26234.892136002905,122.37776439948638,
15075,1nc3,75,0,15,0.377685546875,0,-710369.5831846015,-684149.0861261648,-26234.93409817947,332.9260455197754,
15076,1nc3,76,0,15,0.377685546875,0,-710343.009296687,-684149.0861261648,-26234.89472871555,944.8265774126249,
15077,1nc3,77,0,15,0.377685546875,0,-710367.5057723838,-684149.0861261648,-26234.200243885647,363.9092272874428,
15078,1nc3,78,0,15,0.377685546875,0,-710380.1826578705,-684149.0861261648,-26234.98927908672,89.76888717256922,
15079,1nc3,79,0,15,0.377685546875,0,-710378.8355340974,-684149.0861261648,-26234.891662593018,118.58320955314431,
15080,1nc3,80,0,15,0.377685546875,0,-710361.0226327048,-684149.0861261648,-26234.964906121622,531.0475100134815,
15081,1nc3,81,0,15,0.377685546875,0,-710377.462926926,-684149.0861261648,-26234.201007897984,134.30940725303083,
15082,1nc3,82,0,15,0.377685546875,0,-710383.1102223425,-684149.0861261648,-26234.965509201415,21.709500060019085,
15083,1nc3,83,0,15,0.377685546875,0,-710354.4610179083,-684149.0861261648,-26234.988446469437,682.9047951914388,
15084,1nc3,84,0,15,0.377685546875,0,-710371.2450641707,-684149.0861261648,-26235.36294719113,304.49168537156214,
15085,1nc3,85,0,15,0.377685546875,0,-710364.6258787233,-684149.0861261648,-26234.987135942112,448.46731469650933,
15086,1nc3,86,0,15,0.377685546875,0,-710382.6833752868,-684149.0861261648,-26235.99324467314,55.25297000930802,
15087,1nc3,87,0,15,0.377685546875,0,-710382.5245428996,-684149.0861261648,-26235.870760138165,56.09117139370389,
15088,1nc3,88,0,15,0.377685546875,0,-710380.7390288726,-684149.0861261648,-26234.522123332154,66.16579944434746,
15089,1nc3,89,0,15,0.377685546875,0,-710361.0511901099,-684149.0861261648,-26235.325684006344,538.7086962739122,
15090,1nc3,90,0,15,0.377685546875,0,-710376.6648817091,-684149.0861261648,-26235.118707354195,173.87541935075313,
15091,1nc3,91,0,15,0.377685546875,0,-710362.149514185,-684149.0861261648,-26235.117897058855,508.5890605652113,
15092,1nc3,92,0,15,0.377685546875,0,-710369.3555187449,-684149.0861261648,-26235.29480981363,346.49435278781607,
15093,1nc3,93,0,15,0.377685546875,0,-710370.1921770591,-684149.0861261648,-26234.760064001213,314.869022330424,
15094,1nc3,94,0,15,0.377685546875,0,-710382.6041691332,-684149.0861261648,-26235.405430848725,43.524198487553775,
15095,1nc3,95,0,15,0.377685546875,0,-710389.8719705658,-684149.0861261648,-26235.245929653775,-127.75346900573176,
15096,1nc3,96,0,15,0.377685546875,0,-710387.6054945156,-684149.0861261648,-26235.004938955437,-81.04466717037296,
15097,1nc3,97,0,15,0.377685546875,0,-710385.2066535968,-684149.0861261648,-26235.17080446614,-21.901131881625314,
15098,1nc3,98,0,15,0.377685546875,0,-710371.9115279791,-684149.0861261648,-26235.259906346924,286.7464865245099,
15099,1nc3,99,0,15,0.377685546875,0,-710382.42132345,-684149.0861261648,-26235.150890405308,41.870878040054556,
15100,1nc3,100,0,15,0.377685546875,0,-710374.4281190649,-684149.0861261648,-26235.06769412292,224.27999823460812,
16001,3zso,1,0,16,0.362060546875,0,-738290.4023825285,-684149.0861261648,-54182.16894231552,942.0853183997898,
16002,3zso,2,0,16,0.362060546875,0,-738308.2489620061,-684149.0861261648,-54191.76184999746,751.7511251792301,
16003,3zso,3,0,16,0.362060546875,0,-738312.6321476755,-684149.0861261648,-54191.82754850187,652.1875059020587,
16004,3zso,4,0,16,0.362060546875,0,-738303.7999057228,-684149.0861261648,-54190.90275215902,834.5375336049248,
16005,3zso,5,0,16,0.362060546875,0,-738293.4896854815,-684149.0861261648,-54185.03094255741,936.8897144537625,
16006,3zso,6,0,16,0.362060546875,0,-738311.2394496412,-684149.0861261648,-54191.52056240839,677.2246180435529,
16007,3zso,7,0,16,0.362060546875,0,-738306.0521020648,-684149.0861261648,-54190.464469073195,772.4936040726412,
16008,3zso,8,0,16,0.362060546875,0,-738326.8437201435,-684149.0861261648,-54191.39185893335,314.4136191201827,
16009,3zso,9,0,16,0.362060546875,0,-738332.9942632375,-684149.0861261648,-54191.287589428975,170.17421402583486,
16010,3zso,10,0,16,0.362060546875,0,-738312.5358942808,-684149.0861261648,-54190.367461083355,620.7367461636259,
16011,3zso,11,0,16,0.362060546875,0,-738312.7263330427,-684149.0861261648,-54191.44647109308,641.2276859236015,
16012,3zso,12,0,16,0.362060546875,0,-738326.9096323157,-684149.0861261648,-54190.23048233785,286.1116677907609,
16013,3zso,13,0,16,0.362060546875,0,-738304.9087930528,-684149.0861261648,-54190.94478428179,809.9352680719041,
16014,3zso,14,0,16,0.362060546875,0,-738314.0253123106,-684149.0861261648,-54191.209972975674,605.8187362386603,
16015,3zso,15,0,16,0.362060546875,0,-738304.4500972088,-684149.0861261648,-54191.03189909257,822.5219607814382,
16016,3zso,16,0,16,0.362060546875,0,-738310.9464203323,-684149.0861261648,-54191.41124391355,681.461090058203,
16017,3zso,17,0,16,0.362060546875,0,-738264.4179575202,-684149.0861261648,-54182.15324008276,1540.938292065096,
16018,3zso,18,0,16,0.362060546875,0,-738256.49354527,-684149.0861261648,-54176.144978968325,1585.1257869841593,
16019,3zso,19,0,16,0.362060546875,0,-738299.6361964103,-684149.0861261648,-54189.32922565736,894.2685682058557,
16020,3zso,20,0,16,0.362060546875,0,-738261.7249779758,-684149.0861261648,-54188.87134969034,1757.96316359258,
16021,3zso,21,0,16,0.362060546875,0,-738272.6150678601,-684149.0861261648,-54171.96954196508,1117.0667794641433,
16022,3zso,22,0,16,0.362060546875,0,-738297.3255600691,-684149.0861261648,-54184.98004567431,847.2586350486499,
16023,3zso,23,0,16,0.362060546875,0,-738305.0797008631,-684149.0861261648,-54188.78763234432,756.2489349052101,
16024,3zso,24,0,16,0.362060546875,0,-738273.4817421195,-684149.0861261648,-54175.18141734404,1171.1484020537266,
16025,3zso,25,0,16,0.362060546875,0,-738282.5722291525,-684149.0861261648,-54173.60075178559,925.0657773104091,
16026,3zso,26,0,16,0.362060546875,0,-738295.5216640591,-684149.0861261648,-54189.45525812911,992.0583161329209,
16027,3zso,27,0,16,0.362060546875,0,-738290.0887687562,-684149.0861261648,-54185.73305153659,1031.5077349617723,
16028,3zso,28,0,16,0.362060546875,0,-738254.6243996081,-684149.0861261648,-54181.087240693996,1742.200572837359,
16029,3zso,29,0,16,0.362060546875,0,-738271.584201729,-684149.0861261648,-54184.78128284031,1436.2848804333782,
16030,3zso,30,0,16,0.362060546875,0,-738260.4836299331,-684149.0861261648,-54183.01565190953,1651.5537307506359,
16031,3zso,31,0,16,0.362060546875,0,-738278.6714181361,-684149.0861261648,-54180.59613990583,1176.3380986737998,
16032,3zso,32,0,16,0.362060546875,0,-738281.911851039,-684149.0861261648,-54187.265110967535,1255.4020668731898,
16033,3zso,33,0,16,0.362060546875,0,-738279.5850967226,-684149.0861261648,-54188.703986762106,1342.2395601609132,
16034,3zso,34,0,16,0.362060546875,0,-738315.4042526246,-684149.0861261648,-54185.63011643094,445.34506843302904,
16035,3zso,35,0,16,0.362060546875,0,-738260.0740088281,-684149.0861261648,-54186.865737316984,1749.7848965242154,
16036,3zso,36,0,16,0.362060546875,0,-738306.82843264,-684149.0861261648,-54185.44316541948,638.7969826342464,
16037,3zso,37,0,16,0.362060546875,0,-738315.2553168443,-684149.0861261648,-54183.03933226866,389.03470702469383,
16038,3zso,38,0,16,0.362060546875,0,-738298.0042778018,-684149.0861261648,-54183.36583524746,794.3824555513335,
16039,3zso,39,0,16,0.362060546875,0,-738296.4659732934,-684149.0861261648,-54184.25058066644,850.2593142984108,
16040,3zso,40,0,16,0.362060546875,0,-738280.900371408,-684149.0861261648,-54177.614409027476,1056.1768675972983,
16041,3zso,41,0,16,0.362060546875,0,-738284.9471769986,-684149.0861261648,-54184.520530430615,1122.114256654645,
16042,3zso,42,0,16,0.362060546875,0,-738277.8780004592,-684149.0861261648,-54185.387324569645,1305.1220880676585,
16043,3zso,43,0,16,0.362060546875,0,-738287.0970429835,-684149.0861261648,-54168.317199347395,698.8794778201168,
16044,3zso,44,0,16,0.362060546875,0,-738319.6731709595,-684149.0861261648,-54191.07205283441,472.3955077104733,
16045,3zso,45,0,16,0.362060546875,0,-738262.4178045746,-684149.0861261648,-54185.7742022257,1670.5642854266919,
16046,3zso,46,0,16,0.362060546875,0,-738257.402110061,-684149.0861261648,-54164.26009559435,1290.1018636552692,
16047,3zso,47,0,16,0.362060546875,0,-738270.0886837299,-684149.0861261648,-54180.99831813373,1383.5351062270577,
16048,3zso,48,0,16,0.362060546875,0,-738298.1257793364,-684149.0861261648,-54189.56911158361,934.6315142576292,
16049,3zso,49,0,16,0.362060546875,0,-738279.7374028768,-684149.0861261648,-54184.54469692512,1242.8117945786341,
16050,3zso,50,0,16,0.362060546875,0,-738268.7048192533,-684149.0861261648,-54175.21358778883,1282.0487283744494,
16051,3zso,51,0,16,0.362060546875,0,-738275.2121887263,-684149.0861261648,-54170.37497195414,1020.4040915010647,
16052,3zso,52,0,16,0.362060546875,0,-738316.03336378,-684149.0861261648,-54187.35221791072,470.55002408666206,
16053,3zso,53,0,16,0.362060546875,0,-738248.1329679695,-684149.0861261648,-54187.923064826085,2049.5343919881975,
16054,3zso,54,0,16,0.362060546875,0,-738311.0783221186,-684149.0861261648,-54186.26318752569,559.7023620390639,
16055,3zso,55,0,16,0.362060546875,0,-738280.417814171,-684149.0861261648,-54179.04328787126,1100.2556307614466,
16056,3zso,56,0,16,0.362060546875,0,-738316.8938102777,-684149.0861261648,-54184.73438727655,390.3390479194959,
16057,3zso,57,0,16,0.362060546875,0,-738315.6436616984,-684149.0861261648,-54189.32908069891,525.1243064599556,
16058,3zso,58,0,16,0.362060546875,0,-738307.612733847,-684149.0861261648,-54184.43223243755,597.3978987522056,
16059,3zso,59,0,16,0.362060546875,0,-738316.3450305817,-684149.0861261648,-54177.39227014579,233.68096507560708,
16060,3zso,60,0,16,0.362060546875,0,-738335.5435342247,-684149.0861261648,-54190.33504628934,89.42046185828542,
16061,3zso,61,0,16,0.362060546875,0,-738292.7565341499,-684149.0861261648,-54185.00636124422,953.229727256007,
16062,3zso,62,0,16,0.362060546875,0,-738259.5690777957,-684149.0861261648,-54188.37601661486,1796.2567507347896,
16063,3zso,63,0,16,0.362060546875,0,-738288.7310949322,-684149.0861261648,-54172.21837204494,751.1605242873313,
16064,3zso,64,0,16,0.362060546875,0,-738313.0490829701,-684149.0861261648,-54188.2579987029,560.256975725065,
16065,3zso,65,0,16,0.362060546875,0,-738281.3217962739,-684149.0861261648,-54185.608255384504,1230.801055585802,
16066,3zso,66,0,16,0.362060546875,0,-738283.0987714143,-684149.0861261648,-54191.00452482504,1314.263964908875,
16067,3zso,67,0,16,0.362060546875,0,-738273.9405300972,-684149.0861261648,-54191.984807250876,1548.0638766130144,
16068,3zso,68,0,16,0.362060546875,0,-738285.8256695325,-684149.0861261648,-54186.429800329584,1145.8845473839158,
16069,3zso,69,0,16,0.362060546875,0,-738277.0802969094,-684149.0861261648,-54187.37416100307,1369.335105535515,
16070,3zso,70,0,16,0.362060546875,0,-738257.7645116212,-684149.0861261648,-54179.04757845212,1622.7521408788623,
16071,3zso,71,0,16,0.362060546875,0,-738267.3349777069,-684149.0861261648,-54175.08775567821,1310.736267470013,
16072,3zso,72,0,16,0.362060546875,0,-738294.553471839,-684149.0861261648,-54188.013620017,981.1403944947579,
16073,3zso,73,0,16,0.362060546875,0,-738275.9805651364,-684149.0861261648,-54189.41644942576,1441.7918125434107,
16074,3zso,74,0,16,0.362060546875,0,-738311.3086987496,-684149.0861261648,-54188.699515936794,610.5728185756562,
16075,3zso,75,0,16,0.362060546875,0,-738289.362525141,-684149.0861261648,-54188.96338391103,1122.7485448179275,
16076,3zso,76,0,16,0.362060546875,0,-738325.9292056317,-684149.0861261648,-54187.83290695943,253.43144254054224,
16077,3zso,77,0,16,0.362060546875,0,-738311.6998903957,-684149.0861261648,-54190.08112084682,633.4122910203708,
16078,3zso,78,0,16,0.362060546875,0,-738320.4141974212,-684149.0861261648,-54189.48727392954,418.76116180979795,
16079,3zso,79,0,16,0.362060546875,0,-738296.9143155423,-684149.0861261648,-54190.095420477766,974.7055044542141,
16080,3zso,80,0,16,0.362060546875,0,-738273.1474776323,-684149.0861261648,-54188.82536566057,1493.4936470019613,
16081,3zso,81,0,16,0.362060546875,0,-738299.2393816022,-684149.0861261648,-54188.74400615507,889.9238527447602,
16082,3zso,82,0,16,0.362060546875,0,-738307.3977420391,-684149.0861261648,-54189.072331068935,709.3589440501165,
16083,3zso,83,0,16,0.362060546875,0,-738308.4452420529,-684149.0861261648,-54189.20099305906,688.17003585559,
16084,3zso,84,0,16,0.362060546875,0,-738323.0247477646,-684149.0861261648,-54188.847880599875,343.81568029009736,
16085,3zso,85,0,16,0.362060546875,0,-738287.6554176417,-684149.0861261648,-54188.15865504557,1143.5578904635033,
16086,3zso,86,0,16,0.362060546875,0,-738319.9607147337,-684149.0861261648,-54188.2058514337,399.6684162580384,
16087,3zso,87,0,16,0.362060546875,0,-738303.4893637951,-684149.0861261648,-54189.1962391118,802.3456748330651,
16088,3zso,88,0,16,0.362060546875,0,-738298.3337379749,-684149.0861261648,-54189.067832110304,918.2760948585516,
16089,3zso,89,0,16,0.362060546875,0,-738318.7238250134,-684149.0861261648,-54189.417842267096,456.14094339836845,
16090,3zso,90,0,16,0.362060546875,0,-738320.0744087608,-684149.0861261648,-54188.339520094814,400.12904226197804,
16091,3zso,91,0,16,0.362060546875,0,-738331.2631328312,-684149.0861261648,-54188.75627946653,151.7216350973062,
16092,3zso,92,0,16,0.362060546875,0,-738297.4283680076,-684149.0861261648,-54187.53537595071,903.8151437254949,
16093,3zso,93,0,16,0.362060546875,0,-738324.5900449661,-684149.0861261648,-54190.677642224386,349.91437476623685,
16094,3zso,94,0,16,0.362060546875,0,-738313.5560804815,-684149.0861261648,-54191.68090164465,627.499352371779,
16095,3zso,95,0,16,0.362060546875,0,-738344.6508406159,-684149.0861261648,-54190.032890437025,-127.56689226685035,
16096,3zso,96,0,16,0.362060546875,0,-738294.566534778,-684149.0861261648,-54189.69000899591,1019.4976041975339,
16097,3zso,97,0,16,0.362060546875,0,-738323.5913841334,-684149.0861261648,-54189.9441415053,356.02911224772555,
16098,3zso,98,0,16,0.362060546875,0,-738304.0540245534,-684149.0861261648,-54191.17943846983,835.0579520629719,
16099,3zso,99,0,16,0.362060546875,0,-738320.0282147285,-684149.0861261648,-54190.82288336553,458.4620194384745,
16100,3zso,100,0,16,0.362060546875,0,-738302.2128087635,-684149.0861261648,-54191.72395181455,890.0741728828057,
17001,3zsx,1,0,17,0.362060546875,0,-725789.2991646748,-684149.0861261648,-41664.009700492046,548.7640618446466,
17002,3zsx,2,0,17,0.362060546875,0,-725805.9051746059,-684149.0861261648,-41663.92298646272,163.82070253258217,
17003,3zsx,3,0,17,0.362060546875,0,-725811.4333466808,-684149.0861261648,-41662.85851128409,11.790645211352302,
17004,3zsx,4,0,17,0.362060546875,0,-725801.9910278543,-684149.0861261648,-41663.281157448946,239.2821422434285,
17005,3zsx,5,0,17,0.362060546875,0,-725777.2915265783,-684149.0861261648,-41663.92473419013,823.7074050341416,
17006,3zsx,6,0,17,0.362060546875,0,-725778.659195714,-684149.0861261648,-41663.53231205047,783.1187359902116,
17007,3zsx,7,0,17,0.362060546875,0,-725809.6013999799,-684149.0861261648,-41663.96746464084,79.60941165650453,
17008,3zsx,8,0,17,0.362060546875,0,-725800.9882850869,-684149.0861261648,-41664.121512427984,281.78498598015125,
17009,3zsx,9,0,17,0.362060546875,0,-725806.5153499766,-684149.0861261648,-41664.473165586605,162.43715621316358,
17010,3zsx,10,0,17,0.362060546875,0,-725782.7635768283,-684149.0861261648,-41664.02773876489,699.8942704345441,
17011,3zsx,11,0,17,0.362060546875,0,-725812.7394555429,-684149.0861261648,-41663.879133418304,5.207164869238607,
17012,3zsx,12,0,17,0.362060546875,0,-725800.344778113,-684149.0861261648,-41663.754461720644,288.1602189401146,
17013,3zsx,13,0,17,0.362060546875,0,-725810.3234528525,-684149.0861261648,-41663.417747572086,50.28170009333362,
17014,3zsx,14,0,17,0.362060546875,0,-725789.024301194,-684149.0861261648,-41662.88353593648,529.1325926923231,
17015,3zsx,15,0,17,0.362060546875,0,-725794.590252451,-684149.0861261648,-41664.063003733856,427.97788106310253,
17016,3zsx,16,0,17,0.362060546875,0,-725796.2979817017,-684149.0861261648,-41663.50689049064,375.7724329520469,
17017,3zsx,17,0,17,0.362060546875,0,-725801.9745061916,-684149.0861261648,-41655.82489080729,67.71754730882074,
17018,3zsx,18,0,17,0.362060546875,0,-725750.382024922,-684149.0861261648,-41653.100990399726,1194.6537936926038,
17019,3zsx,19,0,17,0.362060546875,0,-725803.1810707371,-684149.0861261648,-41662.620497301315,196.60391648971756,
17020,3zsx,20,0,17,0.362060546875,0,-725783.8194000346,-684149.0861261648,-41652.915918305574,419.301741697254,
17021,3zsx,21,0,17,0.362060546875,0,-725801.8214415534,-684149.0861261648,-41661.87361736597,210.73424983863325,
17022,3zsx,22,0,17,0.362060546875,0,-725780.4879726698,-684149.0861261648,-41662.29412384332,712.3928391569948,
17023,3zsx,23,0,17,0.362060546875,0,-725776.2826625475,-684149.0861261648,-41664.10583384345,851.1486194864539,
17024,3zsx,24,0,17,0.362060546875,0,-725796.0278112217,-684149.0861261648,-41655.38573844737,194.72449709525242,
17025,3zsx,25,0,17,0.362060546875,0,-725751.2165118527,-684149.0861261648,-41662.72277994456,1397.2938059268995,
17026,3zsx,26,0,17,0.362060546875,0,-725762.730385952,-684149.0861261648,-41661.66295702756,1107.3374644735068,
17027,3zsx,27,0,17,0.362060546875,0,-725768.6030000964,-684149.0861261648,-41663.36762173483,1011.2222671242035,
17028,3zsx,28,0,17,0.362060546875,0,-725803.7687678112,-684149.0861261648,-41656.08530707663,32.34623324246933,
17029,3zsx,29,0,17,0.362060546875,0,-725784.418897949,-684149.0861261648,-41660.10005088153,571.147024256427,
17030,3zsx,30,0,17,0.362060546875,0,-725781.9329122086,-684149.0861261648,-41644.460485637195,267.8182749630197,
17031,3zsx,31,0,17,0.362060546875,0,-725793.5108289638,-684149.0861261648,-41654.64082349847,235.58934003202936,
17032,3zsx,32,0,17,0.362060546875,0,-725801.8174906595,-684149.0861261648,-41663.06664742535,238.3372863636302,
17033,3zsx,33,0,17,0.362060546875,0,-725764.6580447924,-684149.0861261648,-41650.44020505252,804.0817868735994,
17034,3zsx,34,0,17,0.362060546875,0,-725785.9531750162,-684149.0861261648,-41656.40228949488,450.4933512405203,
17035,3zsx,35,0,17,0.362060546875,0,-725783.7084732275,-684149.0861261648,-41661.91794104884,629.451350682924,
17036,3zsx,36,0,17,0.362060546875,0,-725774.7762351109,-684149.0861261648,-41662.023892238794,837.876947486787,
17037,3zsx,37,0,17,0.362060546875,0,-725806.2102337404,-684149.0861261648,-41660.98784168066,89.09982513393926,
17038,3zsx,38,0,17,0.362060546875,0,-725782.4420140464,-684149.0861261648,-41648.634665623315,352.3369849062833,
17039,3zsx,39,0,17,0.362060546875,0,-725801.6966798076,-684149.0861261648,-41663.48215647052,250.70511700294313,
17040,3zsx,40,0,17,0.362060546875,0,-725803.6603665127,-684149.0861261648,-41663.19968934363,198.90757912538075,
17041,3zsx,41,0,17,0.362060546875,0,-725799.0428867562,-684149.0861261648,-41658.08904911579,187.53502848732504,
17042,3zsx,42,0,17,0.362060546875,0,-725793.3777262797,-684149.0861261648,-41652.41288144887,187.28119664800818,
17043,3zsx,43,0,17,0.362060546875,0,-725775.1422389516,-684149.0861261648,-41656.916603013975,711.6598109584723,
17044,3zsx,44,0,17,0.362060546875,0,-725786.650970362,-684149.0861261648,-41661.71666629618,556.9542487091672,
17045,3zsx,45,0,17,0.362060546875,0,-725788.39462056,-684149.0861261648,-41657.64679409565,422.89123737382596,
17046,3zsx,46,0,17,0.362060546875,0,-725799.89720168,-684149.0861261648,-41652.393540039666,36.49249885600574,
17047,3zsx,47,0,17,0.362060546875,0,-725733.8678545126,-684149.0861261648,-41653.23218257735,1578.5049737862237,
17048,3zsx,48,0,17,0.362060546875,0,-725777.91698765,-684149.0861261648,-41662.51232536143,776.7130087227284,
17049,3zsx,49,0,17,0.362060546875,0,-725763.3408295735,-684149.0861261648,-41662.22421081366,1106.2031199236385,
17050,3zsx,50,0,17,0.362060546875,0,-725771.8888654191,-684149.0861261648,-41660.85788269342,877.5724554784742,
17051,3zsx,51,0,17,0.362060546875,0,-725777.4130639056,-684149.0861261648,-41661.56868346045,766.5728671415935,
17052,3zsx,52,0,17,0.362060546875,0,-725778.1245999557,-684149.0861261648,-41657.51345063752,656.648565545423,
17053,3zsx,53,0,17,0.362060546875,0,-725780.933632247,-684149.0861261648,-41662.901377752445,716.1192929760352,
17054,3zsx,54,0,17,0.362060546875,0,-725725.1646273512,-684149.0861261648,-41656.07394625247,1844.7387871766668,
17055,3zsx,55,0,17,0.362060546875,0,-725777.8593310037,-684149.0861261648,-41658.73414261649,690.9156386686899,
17056,3zsx,56,0,17,0.362060546875,0,-725785.3288079574,-684149.0861261648,-41662.71228738128,610.4036057355796,
17057,3zsx,57,0,17,0.362060546875,0,-725776.018114559,-684149.0861261648,-41656.195804670475,674.8396349446281,
17058,3zsx,58,0,17,0.362060546875,0,-725762.3520907243,-684149.0861261648,-41662.695374324925,1139.8692681345692,
17059,3zsx,59,0,17,0.362060546875,0,-725765.3547066967,-684149.0861261648,-41656.04282586287,917.2158868807526,
17060,3zsx,60,0,17,0.362060546875,0,-725782.5076208933,-684149.0861261648,-41663.47700484103,693.0965285227726,
17061,3zsx,61,0,17,0.362060546875,0,-725770.8308101516,-684149.0861261648,-41659.82134713235,878.0687116964336,
17062,3zsx,62,0,17,0.362060546875,0,-725789.7816644389,-684149.0861261648,-41661.9463954717,490.0564088462272,
17063,3zsx,63,0,17,0.362060546875,0,-725756.9565592626,-684149.0861261648,-41661.67854829143,1240.844614097603,
17064,3zsx,64,0,17,0.362060546875,0,-725794.212213911,-684149.0861261648,-41663.851342752634,431.8146387156344,
17065,3zsx,65,0,17,0.362060546875,0,-725800.9102728885,-684149.0861261648,-41661.325427368305,219.10473675649766,
17066,3zsx,66,0,17,0.362060546875,0,-725803.6289416482,-684149.0861261648,-41661.93531425298,170.4750714635033,
17067,3zsx,67,0,17,0.362060546875,0,-725801.5996248345,-684149.0861261648,-41661.34801538298,203.7287952264769,
17068,3zsx,68,0,17,0.362060546875,0,-725786.656669788,-684149.0861261648,-41661.35365422076,548.451559496357,
17069,3zsx,69,0,17,0.362060546875,0,-725772.2800154908,-684149.0861261648,-41661.74137909712,888.9262316156394,
17070,3zsx,70,0,17,0.362060546875,0,-725770.9375373054,-684149.0861261648,-41660.643255665906,894.561186112817,
17071,3zsx,71,0,17,0.362060546875,0,-725803.0075778285,-684149.0861261648,-41661.246354773735,168.916278523275,
17072,3zsx,72,0,17,0.362060546875,0,-725783.3855608626,-684149.0861261648,-41661.46950061625,626.5566046726447,
17073,3zsx,73,0,17,0.362060546875,0,-725789.2588301819,-684149.0861261648,-41661.04466827216,481.3189300218687,
17074,3zsx,74,0,17,0.362060546875,0,-725790.4302896786,-684149.0861261648,-41661.934835150845,474.83216814929426,
17075,3zsx,75,0,17,0.362060546875,0,-725769.9166913251,-684149.0861261648,-41662.4653147013,960.1201332044166,
17076,3zsx,76,0,17,0.362060546875,0,-725797.8442075624,-684149.0861261648,-41660.99702198809,282.2366748826078,
17077,3zsx,77,0,17,0.362060546875,0,-725775.399483703,-684149.0861261648,-41660.658338144436,792.0140680119194,
17078,3zsx,78,0,17,0.362060546875,0,-725776.9721719254,-684149.0861261648,-41661.38721759618,772.5553754963873,
17079,3zsx,79,0,17,0.362060546875,0,-725790.7221716264,-684149.0861261648,-41661.27939899275,452.9864936580426,
17080,3zsx,80,0,17,0.362060546875,0,-725794.5295887513,-684149.0861261648,-41660.99821026622,358.70100286143713,
17081,3zsx,81,0,17,0.362060546875,0,-725796.3615504127,-684149.0861261648,-41662.37891252341,348.29471378529695,
17082,3zsx,82,0,17,0.362060546875,0,-725787.892635696,-684149.0861261648,-41660.922871664174,510.01542680628205,
17083,3zsx,83,0,17,0.362060546875,0,-725807.1883586565,-684149.0861261648,-41660.96870310614,66.10238270904296,
17084,3zsx,84,0,17,0.362060546875,0,-725802.1549726946,-684149.0861261648,-41662.030625656305,206.66353619386564,
17085,3zsx,85,0,17,0.362060546875,0,-725802.1699797733,-684149.0861261648,-41660.53302140536,171.781890275991,
17086,3zsx,86,0,17,0.362060546875,0,-725801.2722346712,-684149.0861261648,-41660.86121518911,200.05271259225313,
17087,3zsx,87,0,17,0.362060546875,0,-725793.6157883027,-684149.0861261648,-41663.16084547351,429.64529445032167,
17088,3zsx,88,0,17,0.362060546875,0,-725799.9732252283,-684149.0861261648,-41663.99534000462,302.28321719825163,
17089,3zsx,89,0,17,0.362060546875,0,-725778.8999349397,-684149.0861261648,-41661.847148135326,738.7063544949877,
17090,3zsx,90,0,17,0.362060546875,0,-725779.9721237947,-684149.0861261648,-41662.935870602734,739.0876286539858,
17091,3zsx,91,0,17,0.362060546875,0,-725784.7956164697,-684149.0861261648,-41663.26595427106,635.4671553337058,
17092,3zsx,92,0,17,0.362060546875,0,-725786.6461645884,-684149.0861261648,-41664.01367892331,610.0354420367809,
17093,3zsx,93,0,17,0.362060546875,0,-725803.8824029487,-684149.0861261648,-41658.156993702076,77.49997323630596,
17094,3zsx,94,0,17,0.362060546875,0,-725801.1977085996,-684149.0861261648,-41663.68895448745,266.98054197179954,
17095,3zsx,95,0,17,0.362060546875,0,-725780.9252705196,-684149.0861261648,-41656.94775627564,579.0183461608415,
17096,3zsx,96,0,17,0.362060546875,0,-725794.3158672524,-684149.0861261648,-41663.5353762657,422.13797559338104,
17097,3zsx,97,0,17,0.362060546875,0,-725783.3548712205,-684149.0861261648,-41663.223297908924,667.7078509843105,
17098,3zsx,98,0,17,0.362060546875,0,-725804.5589786102,-684149.0861261648,-41663.45672459901,184.11246567096427,
17099,3zsx,99,0,17,0.362060546875,0,-725775.6638675551,-684149.0861261648,-41663.70000584433,856.059755022424,
17100,3zsx,100,0,17,0.362060546875,0,-725799.3546941205,-684149.0861261648,-41663.75618357962,311.03180521638427,
18001,3zt2,1,0,18,0.362060546875,-1,-713248.2695558182,-684149.0861261648,-29100.41304512742,28.355606451775582,
18002,3zt2,2,0,18,0.362060546875,-1,-713247.9382801023,-684149.0861261648,-29100.314368326683,33.71946485886195,
18003,3zt2,3,0,18,0.362060546875,-1,-713251.2525770325,-684149.0861261648,-29100.298786391046,-43.069365997247004,
18004,3zt2,4,0,18,0.362060546875,-1,-713242.6979579139,-684149.0861261648,-29100.22873028043,152.58930507227115,
18005,3zt2,5,0,18,0.362060546875,-1,-713212.9035208783,-684149.0861261648,-29100.26358958009,840.4692199645211,
18006,3zt2,6,0,18,0.362060546875,-1,-713243.0793914464,-684149.0861261648,-29100.316600163,145.8195664801017,
18007,3zt2,7,0,18,0.362060546875,-1,-713240.3321124573,-684149.0861261648,-29100.367851932075,210.35521888617043,
18008,3zt2,8,0,18,0.362060546875,-1,-713235.3853084703,-684149.0861261648,-29100.29870067957,322.8365630690728,
18009,3zt2,9,0,18,0.362060546875,-1,-713238.5535527429,-684149.0861261648,-29100.393947784334,251.97156489713598,
18010,3zt2,10,0,18,0.362060546875,-1,-713249.6791607258,-684149.0861261648,-29100.315063644666,-6.4101616122120415,
18011,3zt2,11,0,18,0.362060546875,-1,-713243.7332936634,-684149.0861261648,-29100.254435528543,129.3066726037072,
18012,3zt2,12,0,18,0.362060546875,-1,-713252.3548217076,-684149.0861261648,-29100.45100684884,-64.97744489932056,
18013,3zt2,13,0,18,0.362060546875,-1,-713241.7120987733,-684149.0861261648,-29100.325914372235,177.56487533398368,
18014,3zt2,14,0,18,0.362060546875,-1,-713241.3877157089,-684149.0861261648,-29100.32839127304,185.1024451956474,
18015,3zt2,15,0,18,0.362060546875,-1,-713226.5172865946,-684149.0861261648,-29100.307465453174,527.5401261783762,
18016,3zt2,16,0,18,0.362060546875,-1,-713245.5977215427,-684149.0861261648,-29100.32005171898,87.82508961357179,
18017,3zt2,17,0,18,0.362060546875,-1,-713240.2755710444,-684149.0861261648,-29100.282023240357,209.6798381906976,
18018,3zt2,18,0,18,0.362060546875,-1,-713245.0477088061,-684149.0861261648,-29099.7323976052,86.95705883425975,
18019,3zt2,19,0,18,0.362060546875,-1,-713249.591561671,-684149.0861261648,-29100.343752671506,-3.7284947435675497,
18020,3zt2,20,0,18,0.362060546875,-1,-713250.969339441,-684149.0861261648,-29100.317296091944,-36.11090812809125,
18021,3zt2,21,0,18,0.362060546875,-1,-713235.5164623073,-684149.0861261648,-29100.342581142217,320.82399124631263,
18022,3zt2,22,0,18,0.362060546875,-1,-713245.9359220235,-684149.0861261648,-29100.322756950278,80.08838536563353,
18023,3zt2,23,0,18,0.362060546875,-1,-713240.2567992766,-684149.0861261648,-29100.3404392195,211.45982992215406,
18024,3zt2,24,0,18,0.362060546875,-1,-713253.1704973239,-684149.0861261648,-29100.317113373905,-86.87502834543469,
18025,3zt2,25,0,18,0.362060546875,-1,-713214.4289053042,-684149.0861261648,-29100.338267166644,807.015125507977,
18026,3zt2,26,0,18,0.362060546875,-1,-713248.8661682871,-684149.0861261648,-29100.34187336685,12.95613628653661,
18027,3zt2,27,0,18,0.362060546875,-1,-713233.4492887963,-684149.0861261648,-29100.395546693828,369.7155595077437,
18028,3zt2,28,0,18,0.362060546875,-1,-713251.3498382079,-684149.0861261648,-29100.318511326343,-44.8573941706798,
18029,3zt2,29,0,18,0.362060546875,-1,-713223.3492550659,-684149.0861261648,-29100.335803676873,601.2501637381228,
18030,3zt2,30,0,18,0.362060546875,-1,-713217.123327997,-684149.0861261648,-29100.28840327682,743.7303735067043,
18031,3zt2,31,0,18,0.362060546875,-1,-713244.0233306844,-684149.0861261648,-29100.32690771344,124.28950829353738,
18032,3zt2,32,0,18,0.362060546875,-1,-713245.3317239839,-684149.0861261648,-29100.341403324634,94.45151876528803,
18033,3zt2,33,0,18,0.362060546875,-1,-713230.0986260286,-684149.0861261648,-29100.319606114655,445.2324471672216,
18034,3zt2,34,0,18,0.362060546875,-1,-713243.6973757115,-684149.0861261648,-29100.317864064593,131.59765703954548,
18035,3zt2,35,0,18,0.362060546875,-1,-713238.000948127,-684149.0861261648,-29100.319379527595,262.9953452228209,
18036,3zt2,36,0,18,0.362060546875,-1,-713247.4255201179,-684149.0861261648,-29100.342665691405,46.19654373904841,
18037,3zt2,37,0,18,0.362060546875,-1,-713247.9721523187,-684149.0861261648,-29100.29044878903,32.38675535128986,
18038,3zt2,38,0,18,0.362060546875,-1,-713248.0699420539,-684149.0861261648,-29100.280531798024,29.902979240297395,
18039,3zt2,39,0,18,0.362060546875,-1,-713220.0914466936,-684149.0861261648,-29100.316869501497,675.940377072774,
18040,3zt2,40,0,18,0.362060546875,-1,-713239.4267199298,-684149.0861261648,-29100.34361692193,230.67519396064674,
18041,3zt2,41,0,18,0.362060546875,-1,-713246.2286492697,-684149.0861261648,-29100.338827480107,73.70852992552261,
18042,3zt2,42,0,18,0.362060546875,-1,-713240.8869290468,-684149.0861261648,-29100.317025829572,196.38876661726854,
18043,3zt2,43,0,18,0.362060546875,-1,-713239.0733885426,-684149.0861261648,-29100.31709818962,238.21167281938455,
18044,3zt2,44,0,18,0.362060546875,-1,-713245.627682324,-684149.0861261648,-29100.323471535474,87.2130404243657,
18045,3zt2,45,0,18,0.362060546875,-1,-713239.5366505642,-684149.0861261648,-29100.284233738214,226.7707245599691,
18046,3zt2,46,0,18,0.362060546875,-1,-713226.4390946296,-684149.0861261648,-29100.335795213003,529.9965755088742,
18047,3zt2,47,0,18,0.362060546875,-1,-713243.8475143571,-684149.0861261648,-29100.3192448658,128.16721965493633,
18048,3zt2,48,0,18,0.362060546875,-1,-713249.3154519605,-684149.0861261648,-29100.30214034441,1.6791433814901275,
18049,3zt2,49,0,18,0.362060546875,-1,-713227.1914301773,-684149.0861261648,-29100.30264412287,511.88282332673157,
18050,3zt2,50,0,18,0.362060546875,-1,-713225.5936615882,-684149.0861261648,-29100.33231805684,549.4125394729008,
18051,3zt2,51,0,18,0.362060546875,-1,-713248.9144310761,-684149.0861261648,-29100.34130062583,11.829962209955156,
18052,3zt2,52,0,18,0.362060546875,-1,-713238.0086699682,-684149.0861261648,-29100.340220977097,263.29789057717045,
18053,3zt2,53,0,18,0.362060546875,-1,-713244.9737431369,-684149.0861261648,-29100.31773300889,102.16090276184951,
18054,3zt2,54,0,18,0.362060546875,-1,-713234.8782068162,-684149.0861261648,-29100.337984998245,335.43652293033125,
18055,3zt2,55,0,18,0.362060546875,-1,-713245.576100852,-684149.0861261648,-29100.319760758903,88.31696488695785,
18056,3zt2,56,0,18,0.362060546875,-1,-713233.5981597411,-684149.0861261648,-29100.34416820529,365.09769787082854,
18057,3zt2,57,0,18,0.362060546875,-1,-713238.2775035014,-684149.0861261648,-29100.320986409217,256.6548823545955,
18058,3zt2,58,0,18,0.362060546875,-1,-713249.0169463424,-684149.0861261648,-29098.65481104377,-29.42546966436789,
18059,3zt2,59,0,18,0.362060546875,-1,-713234.3582049866,-684149.0861261648,-29100.3212441099,347.0419959374378,
18060,3zt2,60,0,18,0.362060546875,-1,-713237.693986546,-684149.0861261648,-29100.317954291135,270.0411807099542,
18061,3zt2,61,0,18,0.362060546875,-1,-713245.395607259,-684149.0861261648,-29100.301824201375,92.06561917828056,
18062,3zt2,62,0,18,0.362060546875,-1,-713229.4957225886,-684149.0861261648,-29100.28426219942,458.320680735079,
18063,3zt2,63,0,18,0.362060546875,-1,-713249.0902344544,-684149.0861261648,-29100.337366778876,7.685123331782654,
18064,3zt2,64,0,18,0.362060546875,-1,-713241.5773511487,-684149.0861261648,-29100.320866767794,180.55582885317205,
18065,3zt2,65,0,18,0.362060546875,-1,-713224.4838861338,-684149.0861261648,-29100.302381624013,574.3142188789649,
18066,3zt2,66,0,18,0.362060546875,-1,-713240.7974048522,-684149.0861261648,-29100.314881179947,198.40378679354475,
18067,3zt2,67,0,18,0.362060546875,-1,-713243.5424397249,-684149.0861261648,-29100.338000555064,135.63492427130433,
18068,3zt2,68,0,18,0.362060546875,-1,-713245.9004395115,-684149.0861261648,-29100.30451448682,80.48595032898096,
18069,3zt2,69,0,18,0.362060546875,-1,-713252.3829761407,-684149.0861261648,-29100.31983140531,-68.65167914072182,
18070,3zt2,70,0,18,0.362060546875,-1,-713207.2546102223,-684149.0861261648,-29100.344006348867,972.5906490806535,
18071,3zt2,71,0,18,0.362060546875,-1,-713239.3310443271,-684149.0861261648,-29100.32019845071,232.3414829965735,
18072,3zt2,72,0,18,0.362060546875,-1,-713234.6994281369,-684149.0861261648,-29100.304640967875,338.7903256065317,
18073,3zt2,73,0,18,0.362060546875,-1,-713204.7319208642,-684149.0861261648,-29100.322601978212,1030.2716511716105,
18074,3zt2,74,0,18,0.362060546875,-1,-713242.985725221,-684149.0861261648,-29100.280193243652,147.13999744693106,
18075,3zt2,75,0,18,0.362060546875,-1,-713244.1761949618,-684149.0861261648,-29096.77576114657,38.87298905502496,
18076,3zt2,76,0,18,0.362060546875,-1,-713240.7035568018,-684149.0861261648,-29098.601199124485,161.04952724342112,
18077,3zt2,77,0,18,0.362060546875,-1,-713245.696889784,-684149.0861261648,-29098.25884820941,38.00573352173034,
18078,3zt2,78,0,18,0.362060546875,-1,-713238.1524439421,-684149.0861261648,-29098.446068190504,216.30218304106026,
18079,3zt2,79,0,18,0.362060546875,-1,-713244.3986069221,-684149.0861261648,-29098.474822137978,72.92532466443048,
18080,3zt2,80,0,18,0.362060546875,-1,-713245.6598938662,-684149.0861261648,-29098.443019200593,43.10596360467146,
18081,3zt2,81,0,18,0.362060546875,-1,-713241.0246090551,-684149.0861261648,-29098.335007656842,147.50736532694296,
18082,3zt2,82,0,18,0.362060546875,-1,-713245.3381613758,-684149.0861261648,-29098.337337811012,48.08822034719793,
18083,3zt2,83,0,18,0.362060546875,-1,-713232.1884527613,-684149.0861261648,-29098.129735935952,346.5402918426159,
18084,3zt2,84,0,18,0.362060546875,-1,-713251.1086444964,-684149.0861261648,-29100.320446122914,-39.250717580732015,
18085,3zt2,85,0,18,0.362060546875,-1,-713243.4658557734,-684149.0861261648,-29098.514247268915,95.3442422609418,
18086,3zt2,86,0,18,0.362060546875,-1,-713251.4220052925,-684149.0861261648,-29098.415525604505,-90.40549993521347,
18087,3zt2,87,0,18,0.362060546875,-1,-713229.5751948465,-684149.0861261648,-29098.365160454538,412.2324693515145,
18088,3zt2,88,0,18,0.362060546875,-1,-713234.4197333413,-684149.0861261648,-29098.272508953243,298.3781632970787,
18089,3zt2,89,0,18,0.362060546875,-1,-713240.9737556538,-684149.0861261648,-29098.304482389718,147.97614323755212,
18090,3zt2,90,0,18,0.362060546875,-1,-713226.2996656862,-684149.0861261648,-29098.032024134416,480.085660178479,
18091,3zt2,91,0,18,0.362060546875,-1,-713231.0144075264,-684149.0861261648,-29098.39677556279,379.7724982251066,
18092,3zt2,92,0,18,0.362060546875,-1,-713243.6760553676,-684149.0861261648,-29098.53243890825,90.91643363508335,
18093,3zt2,93,0,18,0.362060546875,-1,-713240.2605465313,-684149.0861261648,-29100.317939300567,210.85455571853703,
18094,3zt2,94,0,18,0.362060546875,-1,-713246.1845048335,-684149.0861261648,-29100.38317887904,75.7492923629395,
18095,3zt2,95,0,18,0.362060546875,-1,-713250.6858625967,-684149.0861261648,-29100.322015334394,-29.464948484684527,
18096,3zt2,96,0,18,0.362060546875,-1,-713246.8414974767,-684149.0861261648,-29100.32627349022,59.28641265070806,
18097,3zt2,97,0,18,0.362060546875,-1,-713243.1501385232,-684149.0861261648,-29100.31369330409,144.12106637351576,
18098,3zt2,98,0,18,0.362060546875,-1,-713246.3547904757,-684149.0861261648,-29100.32147972705,70.39959592170091,
18099,3zt2,99,0,18,0.362060546875,-1,-713243.6503580172,-684149.0861261648,-29100.39029922011,134.3523051970769,
18100,3zt2,100,0,18,0.362060546875,-1,-713247.6781045157,-684149.0861261648,-29100.296118427545,39.2984037478349,
19001,4cig,1,0,19,0.362060546875,0,-728974.7748837899,-684149.0861261648,-44842.96271074368,398.3468221132021,
19002,4cig,2,0,19,0.362060546875,0,-728973.9692644012,-684149.0861261648,-44842.98072314819,417.3402224753316,
19003,4cig,3,0,19,0.362060546875,0,-728977.4252057046,-684149.0861261648,-44842.77682334735,332.94228163846486,
19004,4cig,4,0,19,0.362060546875,0,-728990.9804994598,-684149.0861261648,-44842.72573602761,19.171680059688534,
19005,4cig,5,0,19,0.362060546875,0,-728968.319835363,-684149.0861261648,-44842.588687067764,538.5785842443644,
19006,4cig,6,0,19,0.362060546875,0,-728988.0747442825,-684149.0861261648,-44842.41375780662,78.98559762161992,
19007,4cig,7,0,19,0.362060546875,0,-728957.8495996118,-684149.0861261648,-44842.49895847404,777.9587660537268,
19008,4cig,8,0,19,0.362060546875,0,-728973.7012573913,-684149.0861261648,-44842.61102772321,414.9952319175429,
19009,4cig,9,0,19,0.362060546875,0,-728979.0608818661,-684149.0861261648,-44842.43503666474,287.3409051386351,
19010,4cig,10,0,19,0.362060546875,0,-728949.310841365,-684149.0861261648,-44842.90777469238,984.2947349753425,
19011,4cig,11,0,19,0.362060546875,0,-728955.0616960347,-684149.0861261648,-44842.866117721336,850.7162432240839,
19012,4cig,12,0,19,0.362060546875,0,-728958.4434925154,-684149.0861261648,-44842.04115796651,753.7061398447443,
19013,4cig,13,0,19,0.362060546875,0,-728959.9297648648,-684149.0861261648,-44843.303050166,748.5318106635772,
19014,4cig,14,0,19,0.362060546875,0,-728968.8612885907,-684149.0861261648,-44842.23575401863,517.9535467271738,
19015,4cig,15,0,19,0.362060546875,0,-728977.8072323623,-684149.0861261648,-44837.00968027665,191.13905899826972,
19016,4cig,16,0,19,0.362060546875,0,-728934.3670196066,-684149.0861261648,-44832.12150389518,1080.1701377738552,
19017,4cig,17,0,19,0.362060546875,0,-728959.9811100494,-684149.0861261648,-44834.8567519839,552.5714993590097,
19018,4cig,18,0,19,0.362060546875,0,-728969.81851591,-684149.0861261648,-44841.084025686585,469.31987405797304,
19019,4cig,19,0,19,0.362060546875,0,-728958.2753928722,-684149.0861261648,-44832.99204719617,548.9051579629568,
19020,4cig,20,0,19,0.362060546875,0,-728980.368012173,-684149.0861261648,-44835.421779518976,95.4682123184867,
19021,4cig,21,0,19,0.362060546875,0,-728981.3680469822,-684149.0861261648,-44840.376319771545,186.66127424107583,
19022,4cig,22,0,19,0.362060546875,0,-728960.8372492328,-684149.0861261648,-44832.07486200889,468.67655394255956,
19023,4cig,23,0,19,0.362060546875,0,-728964.3396626831,-684149.0861261648,-44828.24737254335,299.6449771586099,
19024,4cig,24,0,19,0.362060546875,0,-728970.7566338613,-684149.0861261648,-44842.527295595064,480.9689549262143,
19025,4cig,25,0,19,0.362060546875,0,-728961.4791161696,-684149.0861261648,-44831.900040930144,449.843280896993,
19026,4cig,26,0,19,0.362060546875,0,-728975.1929331407,-684149.0861261648,-44840.699940508144,336.52565381879424,
19027,4cig,27,0,19,0.362060546875,0,-728983.8432410631,-684149.0861261648,-44842.47716498925,178.02858437719644,
19028,4cig,28,0,19,0.362060546875,0,-728953.8306199143,-684149.0861261648,-44826.37086731757,498.71602206762424,
19029,4cig,29,0,19,0.362060546875,0,-728935.573479576,-684149.0861261648,-44841.13397205426,1260.1809629982617,
19030,4cig,30,0,19,0.362060546875,0,-728936.7393942607,-684149.0861261648,-44837.28340077957,1144.4980485912179,
19031,4cig,31,0,19,0.362060546875,0,-728944.6164056779,-684149.0861261648,-44841.32600606038,1056.0745424814902,
19032,4cig,32,0,19,0.362060546875,0,-728917.9828265294,-684149.0861261648,-44808.83524263467,921.0046643028634,
19033,4cig,33,0,19,0.362060546875,0,-728968.3669685703,-684149.0861261648,-44842.32786804988,531.4770372254033,
19034,4cig,34,0,19,0.362060546875,0,-728975.5532449317,-684149.0861261648,-44836.38334078153,228.6735120657755,
19035,4cig,35,0,19,0.362060546875,0,-728936.8797566117,-684149.0861261648,-44839.977984791534,1203.3997993746523,
19036,4cig,36,0,19,0.362060546875,0,-728980.9938986435,-684149.0861261648,-44842.60002440776,246.56918702560975,
19037,4cig,37,0,19,0.362060546875,0,-728966.6176752576,-684149.0861261648,-44841.94344175419,562.9516183528743,
19038,4cig,38,0,19,0.362060546875,0,-728987.3857908682,-684149.0861261648,-44842.051788216435,86.52602373802667,
19039,4cig,39,0,19,0.362060546875,0,-728951.4461471263,-684149.0861261648,-44839.797592526214,863.3309097304101,
19040,4cig,40,0,19,0.362060546875,0,-728964.4364935885,-684149.0861261648,-44838.771540170565,540.1050743775904,
19041,4cig,41,0,19,0.362060546875,0,-728974.206201626,-684149.0861261648,-44842.212148433464,394.1525663008174,
19042,4cig,42,0,19,0.362060546875,0,-728945.5119185282,-684149.0861261648,-44839.938829964005,1003.4344848426073,
19043,4cig,43,0,19,0.362060546875,0,-728985.5314911128,-684149.0861261648,-44843.08006465985,152.9998100466352,
19044,4cig,44,0,19,0.362060546875,0,-728949.6337329134,-684149.0861261648,-44843.08110678758,980.8458120514122,
19045,4cig,45,0,19,0.362060546875,0,-728943.313107414,-684149.0861261648,-44843.11447144114,1127.3723058881533,
19046,4cig,46,0,19,0.362060546875,0,-728947.6131290182,-684149.0861261648,-44839.51796401104,945.2740203973862,
19047,4cig,47,0,19,0.362060546875,0,-728954.0176000121,-684149.0861261648,-44839.80201870753,804.1338676276634,
19048,4cig,48,0,19,0.362060546875,0,-728971.6774100194,-684149.0861261648,-44840.395430272474,410.5733700509051,
19049,4cig,49,0,19,0.362060546875,0,-728946.2522064578,-684149.0861261648,-44843.29883635594,1063.8466277474488,
19050,4cig,50,0,19,0.362060546875,0,-728982.5274230674,-684149.0861261648,-44834.85200733503,32.53175540216969,
19051,4cig,51,0,19,0.362060546875,0,-728968.5669850231,-684149.0861261648,-44840.03604412629,474.0138330391115,
19052,4cig,52,0,19,0.362060546875,0,-728977.2066725622,-684149.0861261648,-44841.22384727563,302.1692966413025,
19053,4cig,53,0,19,0.362060546875,0,-728950.4203191232,-684149.0861261648,-44840.574337368744,904.899227054492,
19054,4cig,54,0,19,0.362060546875,0,-728978.0113868548,-684149.0861261648,-44841.29925895294,285.35117879754785,
19055,4cig,55,0,19,0.362060546875,0,-728970.2061626137,-684149.0861261648,-44841.98996949746,481.2720892873299,
19056,4cig,56,0,19,0.362060546875,0,-728969.5816319123,-684149.0861261648,-44841.3531855997,480.9895238673313,
19057,4cig,57,0,19,0.362060546875,0,-728949.4593180846,-684149.0861261648,-44841.2206029947,941.9636768478691,
19058,4cig,58,0,19,0.362060546875,0,-728974.0455059542,-684149.0861261648,-44840.6944826897,362.86009305166647,
19059,4cig,59,0,19,0.362060546875,0,-728955.7606403948,-684149.0861261648,-44841.30269039227,798.5447126773888,
19060,4cig,60,0,19,0.362060546875,0,-728979.5622508059,-684149.0861261648,-44842.16835117902,269.62914932325265,
19061,4cig,61,0,19,0.362060546875,0,-728978.5170146059,-684149.0861261648,-44841.55125797345,279.5023613241757,
19062,4cig,62,0,19,0.362060546875,0,-728968.8615115717,-684149.0861261648,-44840.31946969589,473.75783838212914,
19063,4cig,63,0,19,0.362060546875,0,-728972.6370631278,-684149.0861261648,-44841.59996390893,416.22044918131576,
19064,4cig,64,0,19,0.362060546875,0,-728979.744684188,-684149.0861261648,-44841.10683715905,240.94304075815623,
19065,4cig,65,0,19,0.362060546875,0,-728973.7586002776,-684149.0861261648,-44841.10400069317,378.92000463613874,
19066,4cig,66,0,19,0.362060546875,0,-728968.5517695383,-684149.0861261648,-44839.206911927,455.2444677139501,
19067,4cig,67,0,19,0.362060546875,0,-728943.4316212806,-684149.0861261648,-44840.21164084031,1057.698447285046,
19068,4cig,68,0,19,0.362060546875,0,-728963.6138999293,-684149.0861261648,-44840.134482627764,590.5047345244928,
19069,4cig,69,0,19,0.362060546875,0,-728976.0411967766,-684149.0861261648,-44841.389231568115,332.8596591282345,
19070,4cig,70,0,19,0.362060546875,0,-728953.199814765,-684149.0861261648,-44840.860667115056,847.4054556714116,
19071,4cig,71,0,19,0.362060546875,0,-728962.8361541451,-684149.0861261648,-44841.51300120904,640.2293720613559,
19072,4cig,72,0,19,0.362060546875,0,-728970.2303233276,-684149.0861261648,-44840.77611184682,452.72270757692127,
19073,4cig,73,0,19,0.362060546875,0,-728977.4215650689,-684149.0861261648,-44841.87902546479,312.3225256804712,
19074,4cig,74,0,19,0.362060546875,0,-728946.1558551773,-684149.0861261648,-44840.730789428555,1006.8479720587467,
19075,4cig,75,0,19,0.362060546875,0,-728977.8976185442,-684149.0861261648,-44840.59139597966,271.6510304137459,
19076,4cig,76,0,19,0.362060546875,0,-728968.9125531445,-684149.0861261648,-44840.90731537904,486.13683524402956,
19077,4cig,77,0,19,0.362060546875,0,-728957.4635355305,-684149.0861261648,-44841.20783722951,757.0876520524002,
19078,4cig,78,0,19,0.362060546875,0,-728958.3885038182,-684149.0861261648,-44841.47560084423,741.9321522566855,
19079,4cig,79,0,19,0.362060546875,0,-728959.9652969808,-684149.0861261648,-44841.495599990725,706.0316293855296,
19080,4cig,80,0,19,0.362060546875,0,-728984.0248437956,-684149.0861261648,-44842.95264256562,184.80549927026817,
19081,4cig,81,0,19,0.362060546875,0,-728957.6662718337,-684149.0861261648,-44841.34122181489,755.4883634462528,
19082,4cig,82,0,19,0.362060546875,0,-728984.1542999578,-684149.0861261648,-44841.890505915486,157.3267162263051,
19083,4cig,83,0,19,0.362060546875,0,-728981.8465550662,-684149.0861261648,-44839.16159415795,147.61437757010634,
19084,4cig,84,0,19,0.362060546875,0,-728922.1978738884,-684149.0861261648,-44841.48323667611,1576.6839912387566,
19085,4cig,85,0,19,0.362060546875,0,-728942.4454235863,-684149.0861261648,-44840.01215720727,1075.8405045242089,
19086,4cig,86,0,19,0.362060546875,0,-728981.3809796703,-684149.0861261648,-44840.71541309913,194.18271726812043,
19087,4cig,87,0,19,0.362060546875,0,-728976.2080437661,-684149.0861261648,-44841.72476041867,336.74955525239403,
19088,4cig,88,0,19,0.362060546875,0,-728975.4105099872,-684149.0861261648,-44837.89070201482,266.7256339007354,
19089,4cig,89,0,19,0.362060546875,0,-728980.719728617,-684149.0861261648,-44843.21553516938,267.08571339481284,
19090,4cig,90,0,19,0.362060546875,0,-728947.7432622147,-684149.0861261648,-44843.59762180408,1036.3522212647104,
19091,4cig,91,0,19,0.362060546875,0,-728967.792415154,-684149.0861261648,-44841.65467513158,529.2023562698457,
19092,4cig,92,0,19,0.362060546875,0,-728978.7462419256,-684149.0861261648,-44843.52121520604,319.64454674039575,
19093,4cig,93,0,19,0.362060546875,0,-728977.0419923943,-684149.0861261648,-44843.02970076157,347.6108822180065,
19094,4cig,94,0,19,0.362060546875,0,-728982.6714573932,-684149.0861261648,-44842.473415022694,204.9640814598244,
19095,4cig,95,0,19,0.362060546875,0,-728960.9716574074,-684149.0861261648,-44842.4859123881,705.6615530413369,
19096,4cig,96,0,19,0.362060546875,0,-728950.5073962639,-684149.0861261648,-44840.16255885924,893.3953424726619,
19097,4cig,97,0,19,0.362060546875,0,-728970.0359393486,-684149.0861261648,-44842.415291493744,495.0056892721322,
19098,4cig,98,0,19,0.362060546875,0,-728966.8825692968,-684149.0861261648,-44842.68192673286,573.8728848660832,
19099,4cig,99,0,19,0.362060546875,0,-728978.6185301963,-684149.0861261648,-44840.34712565495,249.39340527273777,
19100,4cig,100,0,19,0.362060546875,0,-728975.6313472819,-684149.0861261648,-44842.680048828974,372.0779661886373,
20009,4mme,9,0,20,0.353271484375,0,-718532.7010708087,-684149.0861261648,-34384.091204704324,10.982817902686568,
20010,4mme,10,0,20,0.353271484375,0,-718535.8128352256,-684149.0861261648,-34384.53052711634,-50.64515877585356,
20011,4mme,11,0,20,0.353271484375,0,-718507.8269639395,-684149.0861261648,-34384.531207026535,594.7400437011576,
20012,4mme,12,0,20,0.353271484375,0,-718516.8544907949,-684149.0861261648,-34384.70530113725,390.5750344255435,
20013,4mme,13,0,20,0.353271484375,0,-718534.9266571483,-684149.0861261648,-34384.5574520245,-29.58850370499994,
20014,4mme,14,0,20,0.353271484375,0,-718526.4099815877,-684149.0861261648,-34384.790030987584,172.17409872112918,
20015,4mme,15,0,20,0.353271484375,0,-718536.963611909,-684149.0861261648,-34384.53136250525,-77.16343499867926,
20016,4mme,16,0,20,0.353271484375,0,-718535.791340538,-684149.0861261648,-34384.78470441846,-44.28801167012215,
20017,4mme,17,0,20,0.353271484375,0,-718533.29500229,-684149.0861261648,-34384.09050068406,-2.729802524213859,
20018,4mme,18,0,20,0.353271484375,0,-718517.3128738493,-684149.0861261648,-34384.08822062763,365.77425546840857,
20019,4mme,19,0,20,0.353271484375,0,-718531.1897233359,-684149.0861261648,-34384.78701180368,61.88101148311369,
20020,4mme,20,0,20,0.353271484375,0,-718500.7742562374,-684149.0861261648,-34384.08778596071,747.1538143018872,
20021,4mme,21,0,20,0.353271484375,0,-718532.2827819521,-684149.0861261648,-34384.531081201116,30.77258108181293,
20022,4mme,22,0,20,0.353271484375,0,-718535.7415156306,-684149.0861261648,-34384.78729722055,-43.07923057488488,
20023,4mme,23,0,20,0.353271484375,0,-718530.2105832181,-684149.0861261648,-34384.53181621581,78.57556894138041,
20024,4mme,24,0,20,0.353271484375,0,-718529.8956804356,-684149.0861261648,-34384.55914533285,86.46762403131031,
20026,4mme,26,0,20,0.353271484375,0,-718521.9782144511,-684149.0861261648,-34384.561681212464,269.107205836612,
20027,4mme,27,0,20,0.353271484375,0,-718535.2088190409,-684149.0861261648,-34384.70160079154,-32.77116198883927,
20028,4mme,28,0,20,0.353271484375,0,-718535.706410893,-684149.0861261648,-34384.56004220396,-47.51032127390888,
20029,4mme,29,0,20,0.353271484375,0,-718535.9353243789,-684149.0861261648,-34384.70051482467,-49.54981607549013,
20030,4mme,30,0,20,0.353271484375,0,-718516.6355745131,-684149.0861261648,-34383.48289898185,367.4341004406308,
20031,4mme,31,0,20,0.353271484375,0,-718532.8374279978,-684149.0861261648,-34384.705828847014,22.011915860469426,
20032,4mme,32,0,20,0.353271484375,0,-718536.7990327559,-684149.0861261648,-34384.78998729735,-67.40412017921244,
20033,4mme,33,0,20,0.353271484375,0,-718533.8320261469,-684149.0861261648,-34384.78435373453,0.8867645956602224,
20034,4mme,34,0,20,0.353271484375,0,-718535.6882527852,-684149.0861261648,-34384.704843105355,-43.75239724870825,
20035,4mme,35,0,20,0.353271484375,0,-718529.2884949836,-684149.0861261648,-34384.79099539074,105.81624253886285,
20036,4mme,36,0,20,0.353271484375,0,-718533.5919732831,-684149.0861261648,-34384.08722341209,-9.653692000745705,
20038,4mme,38,0,20,0.353271484375,0,-718531.0679448923,-684149.0861261648,-34384.088092030564,48.57181624813153,
20039,4mme,39,0,20,0.353271484375,0,-718531.4727843486,-684149.0861261648,-34384.0894886866,39.26820425540544,
20040,4mme,40,0,20,0.353271484375,0,-718512.3367381485,-684149.0861261648,-34384.701393933574,494.66678315912225,
20041,4mme,41,0,20,0.353271484375,0,-718539.1479198418,-684149.0861261648,-34384.787728549534,-121.62283113471979,
20042,4mme,42,0,20,0.353271484375,0,-718505.8350101791,-684149.0861261648,-34384.558013410846,641.2937585764668,
20043,4mme,43,0,20,0.353271484375,0,-718505.9581195945,-684149.0861261648,-34383.47849694041,613.5605468137442,
20044,4mme,44,0,20,0.353271484375,0,-718531.7794073016,-684149.0861261648,-34384.78506454977,48.237671445975174,
20045,4mme,45,0,20,0.353271484375,0,-718522.8774544082,-684149.0861261648,-34384.526291759306,247.5541396174562,
20046,4mme,46,0,20,0.353271484375,0,-718535.3659839412,-684149.0861261648,-34384.08599937109,-50.59157669100895,
20047,4mme,47,0,20,0.353271484375,0,-718524.6086584412,-684149.0861261648,-34384.55825930981,208.36881543693727,
20048,4mme,48,0,20,0.353271484375,0,-718526.2683601918,-684149.0861261648,-34384.08993750962,159.29542655898345,
20049,4mme,49,0,20,0.353271484375,0,-718527.79665763,-684149.0861261648,-34384.70361223965,138.2037258510326,
20050,4mme,50,0,20,0.353271484375,0,-718529.9801578006,-684149.0861261648,-34383.479397179166,59.61994577162194,
20051,4mme,51,0,20,0.353271484375,0,-718531.8256703549,-684149.0861261648,-34384.53059500603,41.30261300738823,
20052,4mme,52,0,20,0.353271484375,0,-718534.4714238138,-684149.0861261648,-34384.52922764572,-19.74144325874582,
20053,4mme,53,0,20,0.353271484375,0,-718534.992165216,-684149.0861261648,-34384.53083160668,-31.71303705242843,
20054,4mme,54,0,20,0.353271484375,0,-718527.1647789559,-684149.0861261648,-34384.701180429736,152.7191153704411,
20055,4mme,55,0,20,0.353271484375,0,-718534.7777994657,-684149.0861261648,-34384.53478267936,-26.67853151348396,
20056,4mme,56,0,20,0.353271484375,0,-718486.4356520715,-684149.0861261648,-34384.553093852126,1088.5401363807334,
20057,4mme,57,0,20,0.353271484375,0,-718523.9081754319,-684149.0861261648,-34384.53012076169,223.87344704342323,
20058,4mme,58,0,20,0.353271484375,0,-718526.9136227152,-684149.0861261648,-34384.52913066892,154.5433541334994,
20059,4mme,59,0,20,0.353271484375,0,-718533.689968773,-684149.0861261648,-34384.787413449565,4.233244165728669,
20060,4mme,60,0,20,0.353271484375,0,-718512.5370888652,-684149.0861261648,-34384.78553703574,491.98697190571613,
20061,4mme,61,0,20,0.353271484375,0,-718524.7132925473,-684149.0861261648,-34384.79028719812,211.30658584629327,
20062,4mme,62,0,20,0.353271484375,0,-718525.2222147516,-684149.0861261648,-34384.78445434717,199.43605227196676,
20063,4mme,63,0,20,0.353271484375,0,-718531.2550730789,-684149.0861261648,-34384.785237164775,60.333086463505126,
20064,4mme,64,0,20,0.353271484375,0,-718531.4140230806,-684149.0861261648,-34383.4798551515,26.564787992218616,
20065,4mme,65,0,20,0.353271484375,0,-718538.72583706,-684149.0861261648,-34384.70533859878,-113.78932835681667,
20066,4mme,66,0,20,0.353271484375,0,-718522.4769539019,-684149.0861261648,-34384.52864623217,256.84419613271956,
20067,4mme,67,0,20,0.353271484375,0,-718531.0190562987,-684149.0861261648,-34384.78919780401,65.8670972239871,
20068,4mme,68,0,20,0.353271484375,0,-718534.103643635,-684149.0861261648,-34384.70331898483,-7.245589202239954,
20069,4mme,69,0,20,0.353271484375,0,-718538.3128807328,-684149.0861261648,-34384.528707356745,-108.33954242683751,
20070,4mme,70,0,20,0.353271484375,0,-718517.5662490955,-684149.0861261648,-34384.08799636511,359.92611186799957,
20071,4mme,71,0,20,0.353271484375,0,-718535.8399082207,-684149.0861261648,-34384.788344056884,-45.32407698495128,
20072,4mme,72,0,20,0.353271484375,0,-718530.9662544968,-684149.0861261648,-34384.53129264864,61.13730152914468,
20073,4mme,73,0,20,0.353271484375,0,-718530.1771054051,-684149.0861261648,-34384.5564663127,79.91603038789462,
20074,4mme,74,0,20,0.353271484375,0,-718521.9185791096,-684149.0861261648,-34383.48380831031,245.6260898665814,
20075,4mme,75,0,20,0.353271484375,0,-718522.3047433578,-684149.0861261648,-34384.70159912256,264.8038540236424,
20077,4mme,77,0,20,0.353271484375,0,-718505.9455035868,-684149.0861261648,-34384.08879655751,627.9253223739064,
20078,4mme,78,0,20,0.353271484375,0,-718534.7397031568,-684149.0861261648,-34384.78847077637,-19.949823263713892,
20079,4mme,79,0,20,0.353271484375,0,-718518.3201237106,-684149.0861261648,-34384.5571312025,353.35985660556184,
20080,4mme,80,0,20,0.353271484375,0,-718531.7995261783,-684149.0861261648,-34384.78857103137,47.854580514057496,
20081,4mme,81,0,20,0.353271484375,0,-718523.3034359011,-684149.0861261648,-34384.79011100682,243.81458940250602,
20082,4mme,82,0,20,0.353271484375,0,-718509.7609717033,-684149.0861261648,-34384.53342765718,550.1919741170358,
20083,4mme,83,0,20,0.353271484375,0,-718539.790535756,-684149.0861261648,-34384.55851498393,-141.72769655450443,
