mol_id,ligand_pdb,pose_index,label,ligunity_rank,ligunity_score,formal_charge,aimnet_complex_eV,aimnet_pocket_eV,aimnet_ligand_eV,aimnet_interaction_kcal_mol,error
1001,2p4y,1,1,1,0.62158203125,-1,-813316.4606146469,-747967.5952721839,-65348.22234456172,-14.827883857855152,
1002,2p4y,2,1,1,0.62158203125,-1,-813314.4494656278,-747967.5952721839,-65347.92612013517,24.71921673497376,
1003,2p4y,3,1,1,0.62158203125,-1,-813316.6324307421,-747967.5952721839,-65347.99205661116,-24.100623438977046,
1004,2p4y,4,1,1,0.62158203125,-1,-813316.133486326,-747967.5952721839,-65348.14099763637,-9.160030229106077,
1005,2p4y,5,1,1,0.62158203125,-1,-813312.6181599452,-747967.5952721839,-65347.734838652665,62.539073243326634,
1006,2p4y,6,1,1,0.62158203125,-1,-813314.2285288824,-747967.5952721839,-65348.138501520436,34.71177021320933,
1007,2p4y,7,1,1,0.62158203125,-1,-813313.942343379,-747967.5952721839,-65347.91029344795,36.048761530922285,
1008,2p4y,8,1,1,0.62158203125,-1,-813313.9295333727,-747967.5952721839,-65347.99610909378,38.3231230984806,
1009,2p4y,9,1,1,0.62158203125,-1,-813312.2963304921,-747967.5952721839,-65348.080760586316,77.93778603670619,
1010,2p4y,10,1,1,0.62158203125,-1,-813315.8179998649,-747967.5952721839,-65347.99563329963,-5.236920844677253,
1011,2p4y,11,1,1,0.62158203125,-1,-813311.948610271,-747967.5952721839,-65348.218324007634,89.12869268527629,
1012,2p4y,12,1,1,0.62158203125,-1,-813310.3419652834,-747967.5952721839,-65344.54808032809,41.540976346326296,
1013,2p4y,13,1,1,0.62158203125,-1,-813294.8836422665,-747967.5952721839,-65347.957146822715,476.63331461533403,
1014,2p4y,14,1,1,0.62158203125,-1,-813266.048001687,-747967.5952721839,-65347.19789129792,1124.0901350793029,
1015,2p4y,15,1,1,0.62158203125,-1,-813245.5689873645,-747967.5952721839,-65348.243703994136,1620.4644380905127,
1016,2p4y,16,1,1,0.62158203125,-1,-813294.3869255736,-747967.5952721839,-65348.12845645403,492.03836761770185,
1017,2p4y,17,1,1,0.62158203125,-1,-813292.392248045,-747967.5952721839,-65347.88370085811,532.3925260465816,
1018,2p4y,18,1,1,0.62158203125,-1,-813267.9012584637,-747967.5952721839,-65348.13603322504,1102.9870853202149,
1019,2p4y,19,1,1,0.62158203125,-1,-813306.3783872674,-747967.5952721839,-65347.84589903353,208.99276275891063,
1020,2p4y,20,1,1,0.62158203125,-1,-813308.1661710098,-747967.5952721839,-65348.20753697602,176.10505932633401,
1021,2p4y,21,1,1,0.62158203125,-1,-813269.6351015524,-747967.5952721839,-65347.832481044585,1056.0036342679132,
1022,2p4y,22,1,1,0.62158203125,-1,-813281.6618092607,-747967.5952721839,-65348.03895904979,783.422661829114,
1023,2p4y,23,1,1,0.62158203125,-1,-813297.284519876,-747967.5952721839,-65348.30866080819,429.37386674110456,
1024,2p4y,24,1,1,0.62158203125,-1,-813293.8559034868,-747967.5952721839,-65347.65967333248,493.4736322512441,
1025,2p4y,25,1,1,0.62158203125,-1,-813271.2589658306,-747967.5952721839,-65347.90210525995,1020.1620069586924,
1026,2p4y,26,1,1,0.62158203125,-1,-813290.3351021509,-747967.5952721839,-65347.58537828473,572.9519553583269,
1027,2p4y,27,1,1,0.62158203125,-1,-813297.5031596968,-747967.5952721839,-65347.04746423958,395.2480289013384,
1028,2p4y,28,1,1,0.62158203125,-1,-813276.2422617777,-747967.5952721839,-65345.46397954529,849.0199577542567,
1029,2p4y,29,1,1,0.62158203125,-1,-813300.1078150377,-747967.5952721839,-65347.803360305035,352.614627202775,
1030,2p4y,30,1,1,0.62158203125,-1,-813311.9489114087,-747967.5952721839,-65347.982932490464,83.69349094471875,
1031,2p4y,31,1,1,0.62158203125,-1,-813313.2520272384,-747967.5952721839,-65347.25182515679,36.783190387348625,
1032,2p4y,32,1,1,0.62158203125,-1,-813314.5297379001,-747967.5952721839,-65347.77429395845,19.366899348892453,
1033,2p4y,33,1,1,0.62158203125,-1,-813313.2346352891,-747967.5952721839,-65347.65633468261,46.51246953436582,
1034,2p4y,34,1,1,0.62158203125,-1,-813307.7146804882,-747967.5952721839,-65346.34107207803,143.47497503927355,
1035,2p4y,35,1,1,0.62158203125,-1,-813313.942627261,-747967.5952721839,-65346.4987640932,3.4915748564171682,
1036,2p4y,36,1,1,0.62158203125,-1,-813311.9564494594,-747967.5952721839,-65347.53882824188,73.27837209828634,
1037,2p4y,37,1,1,0.62158203125,-1,-813308.1424065188,-747967.5952721839,-65348.086236271316,173.85582080417313,
1038,2p4y,38,1,1,0.62158203125,-1,-813308.2163162928,-747967.5952721839,-65347.7945117086,165.4240926947695,
1039,2p4y,39,1,1,0.62158203125,-1,-813313.6712003151,-747967.5952721839,-65345.74210352002,-7.698178414030617,
1040,2p4y,40,1,1,0.62158203125,-1,-813312.8021293088,-747967.5952721839,-65347.856640177946,61.10544883494647,
1041,2p4y,41,1,1,0.62158203125,-1,-813310.1816837444,-747967.5952721839,-65348.20636853134,129.59928653125084,
1042,2p4y,42,1,1,0.62158203125,-1,-813310.0958748413,-747967.5952721839,-65346.913114096205,101.75493108677854,
1043,2p4y,43,1,1,0.62158203125,-1,-813307.465619574,-747967.5952721839,-65348.444250055756,197.7188925171783,
1044,2p4y,44,1,1,0.62158203125,-1,-813309.6992615714,-747967.5952721839,-65347.83715299075,132.20989349326888,
1045,2p4y,45,1,1,0.62158203125,-1,-813306.3980236456,-747967.5952721839,-65347.70298524504,205.244266863499,
1046,2p4y,46,1,1,0.62158203125,-1,-813303.9645201219,-747967.5952721839,-65347.84054781793,264.53445955948325,
1047,2p4y,47,1,1,0.62158203125,-1,-813305.5924188445,-747967.5952721839,-65347.77955554722,225.58770802903504,
1048,2p4y,48,1,1,0.62158203125,-1,-813301.4460959389,-747967.5952721839,-65346.612065377885,294.2812228220146,
1049,2p4y,49,1,1,0.62158203125,-1,-813307.4001091674,-747967.5952721839,-65347.710370580906,182.305935648168,
1050,2p4y,50,1,1,0.62158203125,-1,-813311.1708577226,-747967.5952721839,-65348.22738417907,107.27302504333106,
1051,2p4y,51,1,1,0.62158203125,-1,-813303.5686114678,-747967.5952721839,-65347.73624341486,271.25901333771236,
1052,2p4y,52,1,1,0.62158203125,-1,-813312.8131875201,-747967.5952721839,-65347.99229868432,63.97879989866053,
1053,2p4y,53,1,1,0.62158203125,-1,-813301.3961933956,-747967.5952721839,-65347.83055507695,323.5310427952855,
1054,2p4y,54,1,1,0.62158203125,-1,-813302.149461071,-747967.5952721839,-65346.04442092886,264.9710455834248,
1055,2p4y,55,1,1,0.62158203125,-1,-813300.547734941,-747967.5952721839,-65347.4525781825,334.3806053163995,
1056,2p4y,56,1,1,0.62158203125,-1,-813296.6418926968,-747967.5952721839,-65347.74319392746,431.15322549370694,
1057,2p4y,57,1,1,0.62158203125,-1,-813307.3121489242,-747967.5952721839,-65347.95038980549,189.86932185304303,
1058,2p4y,58,1,1,0.62158203125,-1,-813289.5587572407,-747967.5952721839,-65347.51500237284,589.2319872122314,
1059,2p4y,59,1,1,0.62158203125,-1,-813301.8844165156,-747967.5952721839,-65347.636685497295,307.8016114702227,
1060,2p4y,60,1,1,0.62158203125,-1,-813303.0448080703,-747967.5952721839,-65345.91608743673,241.3644126478408,
1061,2p4y,61,1,1,0.62158203125,-1,-813285.1174900786,-747967.5952721839,-65347.59192158585,693.4238402230114,
1062,2p4y,62,1,1,0.62158203125,-1,-813300.5062109034,-747967.5952721839,-65345.672055612486,294.2783464823446,
1063,2p4y,63,1,1,0.62158203125,-1,-813297.3672256867,-747967.5952721839,-65346.77929402672,392.1985896237335,
1064,2p4y,64,1,1,0.62158203125,-1,-813314.7554149582,-747967.5952721839,-65348.312029588276,26.56314096813646,
1065,2p4y,65,1,1,0.62158203125,-1,-813294.9750504747,-747967.5952721839,-65347.411465185935,461.9416737717124,
1066,2p4y,66,1,1,0.62158203125,-1,-813287.7374793096,-747967.5952721839,-65347.21063553838,624.2127881110504,
1067,2p4y,67,1,1,0.62158203125,-1,-813314.1771976601,-747967.5952721839,-65347.93638012854,31.234466294709257,
1068,2p4y,68,1,1,0.62158203125,-1,-813308.591829191,-747967.5952721839,-65345.931027996594,113.79160427253167,
1069,2p4y,69,1,1,0.62158203125,-1,-813285.9749166324,-747967.5952721839,-65347.438660475666,670.1168290047209,
1070,2p4y,70,1,1,0.62158203125,-1,-813300.0307192754,-747967.5952721839,-65347.87089896498,355.94997621635605,
1071,2p4y,71,1,1,0.62158203125,-1,-813283.2612907687,-747967.5952721839,-65345.85270460991,696.1215169285907,
1072,2p4y,72,1,1,0.62158203125,-1,-813314.9268171444,-747967.5952721839,-65349.481059008445,49.568971515236015,
1073,2p4y,73,1,1,0.62158203125,-1,-813307.5414764539,-747967.5952721839,-65349.03209115868,209.5255291799748,
1074,2p4y,74,1,1,0.62158203125,-1,-813292.0865207862,-747967.5952721839,-65349.61530110536,579.3744144462767,
1075,2p4y,75,1,1,0.62158203125,-1,-813314.1707472602,-747967.5952721839,-65348.935192949306,54.416386876530375,
1076,2p4y,76,1,1,0.62158203125,-1,-813316.5904253974,-747967.5952721839,-65349.82599186642,19.15959449511975,
1077,2p4y,77,1,1,0.62158203125,-1,-813314.6881773428,-747967.5952721839,-65349.724027428085,60.67512093730786,
1078,2p4y,78,1,1,0.62158203125,-1,-813317.2710559915,-747967.5952721839,-65349.511151868086,-3.7965027166387486,
1079,2p4y,79,1,1,0.62158203125,-1,-813314.9443300912,-747967.5952721839,-65348.34630230365,22.997002099644526,
1080,2p4y,80,1,1,0.62158203125,-1,-813284.5580681219,-747967.5952721839,-65348.9398071759,737.4073971314384,
1081,2p4y,81,1,1,0.62158203125,-1,-813293.0225358561,-747967.5952721839,-65349.13898122614,546.8051967980626,
1082,2p4y,82,1,1,0.62158203125,-1,-813316.394622366,-747967.5952721839,-65349.251961897295,10.437474107864272,
1083,2p4y,83,1,1,0.62158203125,-1,-813313.9017333189,-747967.5952721839,-65346.783666554074,11.00461839063055,
1084,2p4y,84,1,1,0.62158203125,-1,-813314.3483984723,-747967.5952721839,-65349.09323163634,53.96411130450466,
1085,2p4y,85,1,1,0.62158203125,-1,-813313.3610408858,-747967.5952721839,-65348.93970508432,73.19271175788482,
1086,2p4y,86,1,1,0.62158203125,-1,-813310.9268881036,-747967.5952721839,-65349.146277438085,134.08928006328424,
1087,2p4y,87,1,1,0.62158203125,-1,-813314.9983596752,-747967.5952721839,-65349.37489671929,45.4710010151915,
1088,2p4y,88,1,1,0.62158203125,-1,-813310.8017746016,-747967.5952721839,-65349.23786099551,139.0864329676083,
1089,2p4y,89,1,1,0.62158203125,-1,-813313.2231879637,-747967.5952721839,-65349.18345962768,81.99278896732349,
1090,2p4y,90,1,1,0.62158203125,-1,-813315.6375992845,-747967.5952721839,-65349.267014355566,28.241959019682266,
1091,2p4y,91,1,1,0.62158203125,-1,-813313.7841874609,-747967.5952721839,-65349.322995620016,72.27360965473974,
1092,2p4y,92,1,1,0.62158203125,-1,-813317.5044470235,-747967.5952721839,-65349.16445114022,-17.17373649055347,
1093,2p4y,93,1,1,0.62158203125,-1,-813312.4474784688,-747967.5952721839,-65348.694082902985,88.59577951116427,
1094,2p4y,94,1,1,0.62158203125,-1,-813312.3863599403,-747967.5952721839,-65349.26816509215,103.24385604249518,
1095,2p4y,95,1,1,0.62158203125,-1,-813313.4623352835,-747967.5952721839,-65346.50625741778,14.740171146626325,
1096,2p4y,96,1,1,0.62158203125,-1,-813313.5177085801,-747967.5952721839,-65348.84415766155,67.37649298640214,
1097,2p4y,97,1,1,0.62158203125,-1,-813309.3995552615,-747967.5952721839,-65343.759966465885,45.09913031718297,
1098,2p4y,98,1,1,0.62158203125,-1,-813315.2401092304,-747967.5952721839,-65348.069599374365,9.795251978191983,
1099,2p4y,99,1,1,0.62158203125,-1,-813308.9473919073,-747967.5952721839,-65343.29557244776,44.81708450541807,
1100,2p4y,100,1,1,0.62158203125,-1,-813313.6592047616,-747967.5952721839,-65346.980399075204,21.13421950016309,
2001,3fur,1,1,2,0.62158203125,0,-840012.7218602548,-747967.5952721839,-92047.86175839903,63.0745261770918,
2002,3fur,2,1,2,0.62158203125,0,-840015.1426766312,-747967.5952721839,-92047.65322636376,2.440311365271069,
2003,3fur,3,1,2,0.62158203125,0,-840014.4031549647,-747967.5952721839,-92047.3224465132,11.866121562961993,
2004,3fur,4,1,2,0.62158203125,0,-840013.9863060961,-747967.5952721839,-92047.04195399882,15.010573791586278,
2005,3fur,5,1,2,0.62158203125,0,-840012.9578355203,-747967.5952721839,-92047.13764287831,40.93430667976018,
2006,3fur,6,1,2,0.62158203125,0,-840013.0228637254,-747967.5952721839,-92047.05015497218,37.41720160030247,
2007,3fur,7,1,2,0.62158203125,0,-840016.4498459949,-747967.5952721839,-92047.52033855321,-30.7681959808898,
2008,3fur,8,1,2,0.62158203125,0,-840014.5078160415,-747967.5952721839,-92047.75810014011,19.49899109666313,
2009,3fur,9,1,2,0.62158203125,0,-840013.1114153216,-747967.5952721839,-92047.15713791849,37.84223863207111,
2010,3fur,10,1,2,0.62158203125,0,-840012.3876965141,-747967.5952721839,-92047.27822335373,57.32388727813051,
2011,3fur,11,1,2,0.62158203125,0,-840004.4877865418,-747967.5952721839,-92047.33743097188,240.8654991628892,
2012,3fur,12,1,2,0.62158203125,0,-839988.4584912161,-747967.5952721839,-92024.18002094628,76.48726918482015,
2013,3fur,13,1,2,0.62158203125,0,-840005.7468665043,-747967.5952721839,-92047.36575638058,212.48362490709292,
2014,3fur,14,1,2,0.62158203125,0,-839983.1958402789,-747967.5952721839,-92047.52230032097,736.1326328334056,
2015,3fur,15,1,2,0.62158203125,0,-840000.7986109658,-747967.5952721839,-92044.26028399469,254.97921393888663,
2016,3fur,16,1,2,0.62158203125,0,-840010.60269099,-747967.5952721839,-92047.4065323502,101.44596829644378,
2017,3fur,17,1,2,0.62158203125,0,-840013.787260885,-747967.5952721839,-92047.6756132424,34.2131946970523,
2018,3fur,18,1,2,0.62158203125,0,-839992.4944583422,-747967.5952721839,-92031.66395517002,155.99927935741994,
2019,3fur,19,1,2,0.62158203125,0,-839992.5189203575,-747967.5952721839,-92047.69865323903,525.2040936545765,
2020,3fur,20,1,2,0.62158203125,0,-840000.4167182992,-747967.5952721839,-92045.08522083165,282.8093634310772,
2021,3fur,21,1,2,0.62158203125,0,-839998.944356809,-747967.5952721839,-92042.96598600151,267.8921098334095,
2022,3fur,22,1,2,0.62158203125,0,-840006.6598889029,-747967.5952721839,-92046.92767916928,181.3265277292451,
2023,3fur,23,1,2,0.62158203125,0,-840012.6592053875,-747967.5952721839,-92047.44996609094,55.02322552430583,
2024,3fur,24,1,2,0.62158203125,0,-840002.1591911415,-747967.5952721839,-92038.4004779637,88.47315246516777,
2025,3fur,25,1,2,0.62158203125,0,-839997.5465524445,-747967.5952721839,-92047.50467585327,404.7909186551168,
2026,3fur,26,1,2,0.62158203125,0,-840012.842436055,-747967.5952721839,-92047.33438375901,48.13243405878934,
2027,3fur,27,1,2,0.62158203125,0,-840002.0683185413,-747967.5952721839,-92043.41179724337,206.13249235212908,
2028,3fur,28,1,2,0.62158203125,0,-840011.173185299,-747967.5952721839,-92044.78690763118,27.88007586377355,
2029,3fur,29,1,2,0.62158203125,0,-840011.9138284127,-747967.5952721839,-92046.05504997374,40.044497063560314,
2030,3fur,30,1,2,0.62158203125,0,-840011.2704626119,-747967.5952721839,-92047.42329769145,86.43340682217823,
2031,3fur,31,1,2,0.62158203125,0,-840010.7732382669,-747967.5952721839,-92047.88170267941,108.47074276304889,
2032,3fur,32,1,2,0.62158203125,0,-840008.4571759353,-747967.5952721839,-92041.42165769936,12.908232690738474,
2033,3fur,33,1,2,0.62158203125,0,-840008.3975793073,-747967.5952721839,-92042.79949401619,46.056223867021295,
2034,3fur,34,1,2,0.62158203125,0,-840011.2734477317,-747967.5952721839,-92046.95707185875,75.61314520893193,
2035,3fur,35,1,2,0.62158203125,0,-840007.9702091172,-747967.5952721839,-92046.99476801159,152.65693121192757,
2036,3fur,36,1,2,0.62158203125,0,-840002.4898934761,-747967.5952721839,-92036.10307731034,27.86765780649304,
2037,3fur,37,1,2,0.62158203125,0,-840006.7891231278,-747967.5952721839,-92038.91930152776,-6.331259943665971,
2038,3fur,38,1,2,0.62158203125,0,-840010.2965953148,-747967.5952721839,-92047.32841040503,106.7031674021884,
2039,3fur,39,1,2,0.62158203125,0,-840007.4995662972,-747967.5952721839,-92046.19026603104,144.95795607154722,
2040,3fur,40,1,2,0.62158203125,0,-840009.1346197227,-747967.5952721839,-92047.31562511923,133.20412542541882,
2041,3fur,41,1,2,0.62158203125,0,-840009.2750509778,-747967.5952721839,-92046.2393822551,105.14695370454496,
2042,3fur,42,1,2,0.62158203125,0,-840011.140152449,-747967.5952721839,-92047.37161855708,88.24668141663383,
2043,3fur,43,1,2,0.62158203125,0,-840009.0431961074,-747967.5952721839,-92046.95827193858,127.07164396525853,
2044,3fur,44,1,2,0.62158203125,0,-840012.9266507576,-747967.5952721839,-92047.19489983024,42.973821070540055,
2045,3fur,45,1,2,0.62158203125,0,-840009.0028816412,-747967.5952721839,-92040.97932444816,-9.876486937747716,
2046,3fur,46,1,2,0.62158203125,0,-840010.0326771088,-747967.5952721839,-92047.19553946258,109.7251890910728,
2047,3fur,47,1,2,0.62158203125,0,-840012.1994099572,-747967.5952721839,-92047.53047927024,67.4830380593934,
2048,3fur,48,1,2,0.62158203125,0,-840013.7836572629,-747967.5952721839,-92047.42335687877,28.479126257420578,
2049,3fur,49,1,2,0.62158203125,0,-839990.582714955,-747967.5952721839,-92021.46699823739,-35.06228389320027,
2050,3fur,50,1,2,0.62158203125,0,-840000.8724283522,-747967.5952721839,-92047.70744894753,332.7704568439389,
2051,3fur,51,1,2,0.62158203125,0,-840006.278505589,-747967.5952721839,-92045.39223484995,154.71324871426614,
2052,3fur,52,1,2,0.62158203125,0,-839996.7360685865,-747967.5952721839,-92047.75902994277,429.3466650750181,
2053,3fur,53,1,2,0.62158203125,0,-839994.9539965043,-747967.5952721839,-92034.04280783536,154.13862759999145,
2054,3fur,54,1,2,0.62158203125,0,-840007.5893498308,-747967.5952721839,-92047.15597643267,165.15730950786897,
2055,3fur,55,1,2,0.62158203125,0,-839988.849598731,-747967.5952721839,-92037.53507842423,375.4430573799819,
2056,3fur,56,1,2,0.62158203125,0,-839993.7432660711,-747967.5952721839,-92047.49643101098,492.3066554020392,
2057,3fur,57,1,2,0.62158203125,0,-840010.8130356917,-747967.5952721839,-92047.46424924137,97.92628736975047,
2058,3fur,58,1,2,0.62158203125,0,-840003.6335681176,-747967.5952721839,-92046.65972830664,244.93604926477812,
2059,3fur,59,1,2,0.62158203125,0,-840006.143836911,-747967.5952721839,-92039.85904588105,30.220413332515793,
2060,3fur,60,1,2,0.62158203125,0,-840002.782553981,-747967.5952721839,-92047.11859755518,275.1426777223453,
2061,3fur,61,1,2,0.62158203125,0,-840004.9803235183,-747967.5952721839,-92046.85718636515,218.432622934734,
2062,3fur,62,1,2,0.62158203125,0,-839990.3951350993,-747967.5952721839,-92046.71749459516,551.5536893457357,
2063,3fur,63,1,2,0.62158203125,0,-840011.5676556035,-747967.5952721839,-92046.47008250954,57.59830932916222,
2064,3fur,64,1,2,0.62158203125,0,-840004.7047738532,-747967.5952721839,-92046.87713726165,225.24702776936942,
2065,3fur,65,1,2,0.62158203125,0,-839986.3433297673,-747967.5952721839,-92046.55536972286,641.2518516315228,
2066,3fur,66,1,2,0.62158203125,0,-840006.5011828488,-747967.5952721839,-92046.54593138705,176.18306328927352,
2067,3fur,67,1,2,0.62158203125,0,-840008.6590865209,-747967.5952721839,-92046.89394636752,134.44603854825195,
2068,3fur,68,1,2,0.62158203125,0,-840005.8002571116,-747967.5952721839,-92042.80726339223,106.13106266183891,
2069,3fur,69,1,2,0.62158203125,0,-840006.6532616714,-747967.5952721839,-92047.23314540388,188.52357403149313,
2070,3fur,70,1,2,0.62158203125,0,-840012.612233842,-747967.5952721839,-92047.38403366815,54.58597730524803,
2071,3fur,71,1,2,0.62158203125,0,-840010.248932968,-747967.5952721839,-92047.48424904348,111.39601160490247,
2072,3fur,72,1,2,0.62158203125,0,-840000.8828034651,-747967.5952721839,-92047.40301768782,325.51084943129024,
2073,3fur,73,1,2,0.62158203125,0,-840011.1316812733,-747967.5952721839,-92045.3910023451,42.76793647813182,
2074,3fur,74,1,2,0.62158203125,0,-840011.4702701664,-747967.5952721839,-92045.18362327229,30.177616086934044,
2075,3fur,75,1,2,0.62158203125,0,-840008.1010653629,-747967.5952721839,-92045.58701958062,117.17586447193167,
2076,3fur,76,1,2,0.62158203125,0,-840008.9202784548,-747967.5952721839,-92045.21822460296,89.77974756145669,
2077,3fur,77,1,2,0.62158203125,0,-840008.1486516098,-747967.5952721839,-92045.41363622551,112.0801843965697,
2078,3fur,78,1,2,0.62158203125,0,-840009.8058062587,-747967.5952721839,-92045.62551702867,78.751377748365,
2079,3fur,79,1,2,0.62158203125,0,-840011.100453551,-747967.5952721839,-92045.19150729777,38.88759978088949,
2080,3fur,80,1,2,0.62158203125,0,-840011.3928341368,-747967.5952721839,-92045.51048024299,39.50083415704957,
2081,3fur,81,1,2,0.62158203125,0,-840014.0206190447,-747967.5952721839,-92047.73581101303,30.220021263304304,
2082,3fur,82,1,2,0.62158203125,0,-840010.5155761484,-747967.5952721839,-92045.0028220595,48.02400813732285,
2083,3fur,83,1,2,0.62158203125,0,-840011.7479011371,-747967.5952721839,-92045.3468541682,27.539487690455832,
2084,3fur,84,1,2,0.62158203125,0,-840002.5326678256,-747967.5952721839,-92045.51255078914,243.8688710937254,
2085,3fur,85,1,2,0.62158203125,0,-840012.6732071588,-747967.5952721839,-92045.24629874827,3.882560848311205,
2086,3fur,86,1,2,0.62158203125,0,-839998.8447582519,-747967.5952721839,-92045.45636354695,327.61837762643046,
2087,3fur,87,1,2,0.62158203125,0,-840013.976311843,-747967.5952721839,-92047.78484680058,32.372561730136034,
2088,3fur,88,1,2,0.62158203125,0,-840011.4990999502,-747967.5952721839,-92045.11952616574,28.034671087789217,
2089,3fur,89,1,2,0.62158203125,0,-840011.1742059687,-747967.5952721839,-92045.43600954418,42.82518437302281,
2090,3fur,90,1,2,0.62158203125,0,-840010.5365656409,-747967.5952721839,-92045.14754088531,50.87727434551187,
2091,3fur,91,1,2,0.62158203125,0,-840011.1435420022,-747967.5952721839,-92045.5776835263,46.79939188123796,
2092,3fur,92,1,2,0.62158203125,0,-840014.0707986752,-747967.5952721839,-92047.61958144905,26.38253407411558,
2093,3fur,93,1,2,0.62158203125,0,-840013.8455379406,-747967.5952721839,-92047.64639677407,32.195546103010656,
2094,3fur,94,1,2,0.62158203125,0,-839998.795616532,-747967.5952721839,-92047.91443331848,385.4360481468498,
2095,3fur,95,1,2,0.62158203125,0,-840013.759519051,-747967.5952721839,-92046.98240171673,18.867099043552784,
2096,3fur,96,1,2,0.62158203125,0,-840013.7594927353,-747967.5952721839,-92047.55111317636,31.9825037144038,
2097,3fur,97,1,2,0.62158203125,0,-840014.5486244509,-747967.5952721839,-92047.61264418368,15.203632778092588,
2098,3fur,98,1,2,0.62158203125,0,-840014.0926742799,-747967.5952721839,-92047.54984717371,24.269960052419542,
2099,3fur,99,1,2,0.62158203125,0,-840014.1671825751,-747967.5952721839,-92047.49764618577,21.34797456898428,
2100,3fur,100,1,2,0.62158203125,0,-840014.6938320351,-747967.5952721839,-92047.58339940311,11.1806656776099,
3001,3u9q,1,1,3,0.62158203125,-1,-762753.588655944,-747967.5952721839,-14785.680136609388,-7.2236509017667885,
3002,3u9q,2,1,3,0.62158203125,-1,-762753.0050599382,-747967.5952721839,-14785.642431068729,5.364882279967853,
3003,3u9q,3,1,3,0.62158203125,-1,-762753.57746766,-747967.5952721839,-14785.710297915644,-6.2701066972257955,
3004,3u9q,4,1,3,0.62158203125,-1,-762753.2059269205,-747967.5952721839,-14785.751138034777,3.239621816176257,
3005,3u9q,5,1,3,0.62158203125,-1,-762753.3364932192,-747967.5952721839,-14785.773292604403,0.7395879517974698,
3006,3u9q,6,1,3,0.62158203125,-1,-762754.589308928,-747967.5952721839,-14785.734985041932,-29.034421999426474,
3007,3u9q,7,1,3,0.62158203125,-1,-762754.412574912,-747967.5952721839,-14785.708871814913,-25.56102408982534,
3008,3u9q,8,1,3,0.62158203125,-1,-762753.1306064232,-747967.5952721839,-14785.678757551626,3.307420152439101,
3009,3u9q,9,1,3,0.62158203125,-1,-762753.407913561,-747967.5952721839,-14785.637310180378,-4.043233448087376,
3010,3u9q,10,1,3,0.62158203125,-1,-762753.7107564765,-747967.5952721839,-14785.615038755845,-11.540548237404705,
3011,3u9q,11,1,3,0.62158203125,-1,-762752.9282161542,-747967.5952721839,-14785.690362829275,8.242274692089056,
3012,3u9q,12,1,3,0.62158203125,-1,-762754.0985643967,-747967.5952721839,-14785.731531668023,-17.797220957641198,
3013,3u9q,13,1,3,0.62158203125,-1,-762752.7861147178,-747967.5952721839,-14785.666004422617,10.957493460905793,
3014,3u9q,14,1,3,0.62158203125,-1,-762754.3803857076,-747967.5952721839,-14785.829256955103,-22.042576119668205,
3015,3u9q,15,1,3,0.62158203125,-1,-762750.5309981803,-747967.5952721839,-14784.537135529823,36.9293811422055,
3016,3u9q,16,1,3,0.62158203125,-1,-762752.932365264,-747967.5952721839,-14785.597422424273,6.003337291599146,
3017,3u9q,17,1,3,0.62158203125,-1,-762753.9327304913,-747967.5952721839,-14785.52136241229,-18.819618423310427,
3018,3u9q,18,1,3,0.62158203125,-1,-762752.1011301235,-747967.5952721839,-14785.6280388418,25.878106369809952,
3019,3u9q,19,1,3,0.62158203125,-1,-762753.1129538068,-747967.5952721839,-14785.615897301144,2.2649073463829184,
3020,3u9q,20,1,3,0.62158203125,-1,-762753.2253703728,-747967.5952721839,-14785.621511552052,-0.1980125492369102,
3021,3u9q,21,1,3,0.62158203125,-1,-762753.6439596666,-747967.5952721839,-14785.592635545445,-10.516807512742334,
3022,3u9q,22,1,3,0.62158203125,-1,-762752.6600816206,-747967.5952721839,-14785.60684588881,12.499657530337753,
3023,3u9q,23,1,3,0.62158203125,-1,-762754.6597857275,-747967.5952721839,-14785.684756908126,-31.817943887449655,
3024,3u9q,24,1,3,0.62158203125,-1,-762753.7869597629,-747967.5952721839,-14785.558579358772,-14.59982239529654,
3025,3u9q,25,1,3,0.62158203125,-1,-762753.0604845537,-747967.5952721839,-14785.736487689928,6.255757495007067,
3026,3u9q,26,1,3,0.62158203125,-1,-762742.7021310434,-747967.5952721839,-14771.508907157497,-82.97073731716242,
3027,3u9q,27,1,3,0.62158203125,-1,-762753.4787581513,-747967.5952721839,-14785.757731291957,-2.8999717082126866,
3028,3u9q,28,1,3,0.62158203125,-1,-762754.7254953637,-747967.5952721839,-14785.731946263031,-32.24503172001538,
3029,3u9q,29,1,3,0.62158203125,-1,-762753.2561038388,-747967.5952721839,-14785.578246507359,-1.9044587452002169,
3030,3u9q,30,1,3,0.62158203125,-1,-762752.6216296513,-747967.5952721839,-14785.611427817063,13.492042782608475,
3031,3u9q,31,1,3,0.62158203125,-1,-762753.3193601023,-747967.5952721839,-14783.952579501576,-40.85195457874384,
3032,3u9q,32,1,3,0.62158203125,-1,-762753.5410213277,-747967.5952721839,-14785.822280112223,-2.8472635091383056,
3033,3u9q,33,1,3,0.62158203125,-1,-762752.6009657932,-747967.5952721839,-14785.355396199537,8.064333307247159,
3034,3u9q,34,1,3,0.62158203125,-1,-762752.1219783083,-747967.5952721839,-14783.5133666131,-23.36816426950989,
3035,3u9q,35,1,3,0.62158203125,-1,-762747.0826541432,-747967.5952721839,-14774.374392631955,-117.9083349414721,
3036,3u9q,36,1,3,0.62158203125,-1,-762750.2151826724,-747967.5952721839,-14783.442184049205,18.96207877678631,
3037,3u9q,37,1,3,0.62158203125,-1,-762752.9925853267,-747967.5952721839,-14785.714941236687,7.3246778519520905,
3038,3u9q,38,1,3,0.62158203125,-1,-762753.2140885252,-747967.5952721839,-14785.710046652273,2.1038209504152148,
3039,3u9q,39,1,3,0.62158203125,-1,-762752.9431097013,-747967.5952721839,-14785.45916666419,2.5673111147867176,
3040,3u9q,40,1,3,0.62158203125,-1,-762752.3476148499,-747967.5952721839,-14785.536510217504,18.08333332789542,
3041,3u9q,41,1,3,0.62158203125,-1,-762751.7708386136,-747967.5952721839,-14785.531565505577,31.270081546650133,
3042,3u9q,42,1,3,0.62158203125,-1,-762753.3605446774,-747967.5952721839,-14785.585798520164,-4.1387681458768855,
3043,3u9q,43,1,3,0.62158203125,-1,-762752.8845864934,-747967.5952721839,-14785.630088481612,7.858439095787351,
3044,3u9q,44,1,3,0.62158203125,-1,-762752.8011172069,-747967.5952721839,-14785.620474952773,9.56159332662706,
3045,3u9q,45,1,3,0.62158203125,-1,-762751.4861200405,-747967.5952721839,-14783.688996854735,-4.654794684198038,
3046,3u9q,46,1,3,0.62158203125,-1,-762753.229044582,-747967.5952721839,-14785.531475189637,-2.3590296689914725,
3047,3u9q,47,1,3,0.62158203125,-1,-762750.322989414,-747967.5952721839,-14782.084100100703,-14.84216359698527,
3048,3u9q,48,1,3,0.62158203125,-1,-762752.3497555658,-747967.5952721839,-14785.553332987742,18.421909545713042,
3049,3u9q,49,1,3,0.62158203125,-1,-762750.8363777801,-747967.5952721839,-14782.074410501433,-26.90462803629707,
3050,3u9q,50,1,3,0.62158203125,-1,-762755.6790887375,-747967.5952721839,-14785.600783649401,-57.260099051878925,
3051,3u9q,51,1,3,0.62158203125,-1,-762754.8778836083,-747967.5952721839,-14785.458072576232,-42.074865378222455,
3052,3u9q,52,1,3,0.62158203125,-1,-762752.0999788148,-747967.5952721839,-14785.66686317654,26.799966606283025,
3053,3u9q,53,1,3,0.62158203125,-1,-762748.6569934144,-747967.5952721839,-14774.568490746928,-149.73745214183435,
3054,3u9q,54,1,3,0.62158203125,-1,-762750.8702326972,-747967.5952721839,-14785.654266822652,54.86810694951281,
3055,3u9q,55,1,3,0.62158203125,-1,-762753.3690393072,-747967.5952721839,-14785.74347505302,-0.6985517367073619,
3056,3u9q,56,1,3,0.62158203125,-1,-762752.8832399799,-747967.5952721839,-14785.662182930426,8.629606007019408,
3057,3u9q,57,1,3,0.62158203125,-1,-762746.5521532252,-747967.5952721839,-14785.616440493179,153.57308927114718,
3058,3u9q,58,1,3,0.62158203125,-1,-762753.8346559961,-747967.5952721839,-14785.67332144411,-13.053708313962687,
3059,3u9q,59,1,3,0.62158203125,-1,-762752.9006508243,-747967.5952721839,-14785.479416388578,4.013405815737659,
3060,3u9q,60,1,3,0.62158203125,-1,-762754.0825609518,-747967.5952721839,-14785.401337954716,-25.042620669997305,
3061,3u9q,61,1,3,0.62158203125,-1,-762742.5412903083,-747967.5952721839,-14785.698089573098,247.94865791942743,
3062,3u9q,62,1,3,0.62158203125,-1,-762752.6117767055,-747967.5952721839,-14785.760231855826,17.15075976389237,
3063,3u9q,63,1,3,0.62158203125,-1,-762751.7643193257,-747967.5952721839,-14785.553836453266,31.934000152459014,
3064,3u9q,64,1,3,0.62158203125,-1,-762752.6376036359,-747967.5952721839,-14785.605375308112,12.984099774250787,
3065,3u9q,65,1,3,0.62158203125,-1,-762751.0328182383,-747967.5952721839,-14783.619848761276,4.204000292337099,
3066,3u9q,66,1,3,0.62158203125,-1,-762753.2374050724,-747967.5952721839,-14785.390488717274,-5.803052447964368,
3067,3u9q,67,1,3,0.62158203125,-1,-762751.6403744171,-747967.5952721839,-14785.6636443469,37.32446782922137,
3068,3u9q,68,1,3,0.62158203125,-1,-762733.6492130414,-747967.5952721839,-14785.616591680364,451.1254449937095,
3069,3u9q,69,1,3,0.62158203125,-1,-762739.5064281179,-747967.5952721839,-14785.644321206522,316.69431463326134,
3070,3u9q,70,1,3,0.62158203125,-1,-762751.7570509419,-747967.5952721839,-14785.685423347662,35.13607893568719,
3071,3u9q,71,1,3,0.62158203125,-1,-762753.1083705672,-747967.5952721839,-14785.663028928942,3.4574805185410233,
3072,3u9q,72,1,3,0.62158203125,-1,-762753.2115274027,-747967.5952721839,-14785.543518546538,-1.6773475111682763,
3073,3u9q,73,1,3,0.62158203125,-1,-762753.1165853842,-747967.5952721839,-14785.840782526446,7.367137674719985,
3074,3u9q,74,1,3,0.62158203125,-1,-762753.237792145,-747967.5952721839,-14785.658244926051,0.3626263061357757,
3075,3u9q,75,1,3,0.62158203125,-1,-762749.3910711956,-747967.5952721839,-14785.429171327061,83.78755606451827,
3076,3u9q,76,1,3,0.62158203125,-1,-762753.4610561086,-747967.5952721839,-14785.392062160687,-10.924283397493022,
3077,3u9q,77,1,3,0.62158203125,-1,-762747.6157045319,-747967.5952721839,-14785.361487600518,123.16766011634256,
3078,3u9q,78,1,3,0.62158203125,-1,-762753.329225223,-747967.5952721839,-14785.197791013436,-12.36419003922288,
3079,3u9q,79,1,3,0.62158203125,-1,-762752.5127114308,-747967.5952721839,-14785.396221492,11.040980863576578,
3080,3u9q,80,1,3,0.62158203125,-1,-762753.5482855542,-747967.5952721839,-14785.202834832982,-17.29952804084036,
3081,3u9q,81,1,3,0.62158203125,-1,-762753.4095327957,-747967.5952721839,-14785.69370559187,-2.780064802775826,
3082,3u9q,82,1,3,0.62158203125,-1,-762753.2613740821,-747967.5952721839,-14785.226264301256,-10.142895941633522,
3083,3u9q,83,1,3,0.62158203125,-1,-762752.6692478905,-747967.5952721839,-14785.423836741156,8.067987121698847,
3084,3u9q,84,1,3,0.62158203125,-1,-762746.5646879629,-747967.5952721839,-14785.18145436378,143.25301291012144,
3085,3u9q,85,1,3,0.62158203125,-1,-762753.3602770818,-747967.5952721839,-14785.37264517279,-9.04803020897783,
3086,3u9q,86,1,3,0.62158203125,-1,-762752.1301937804,-747967.5952721839,-14785.394303354935,19.817814144567294,
3087,3u9q,87,1,3,0.62158203125,-1,-762753.79665261,-747967.5952721839,-14785.231892618842,-22.356919949652287,
3088,3u9q,88,1,3,0.62158203125,-1,-762752.7202597811,-747967.5952721839,-14785.42378983231,6.890543234001873,
3089,3u9q,89,1,3,0.62158203125,-1,-762746.8949770136,-747967.5952721839,-14785.158118340683,135.09822498165553,
3090,3u9q,90,1,3,0.62158203125,-1,-762746.2375573623,-747967.5952721839,-14785.327292058186,154.15992089896005,
3091,3u9q,91,1,3,0.62158203125,-1,-762749.941539253,-747967.5952721839,-14784.991035762734,60.9898149602918,
3092,3u9q,92,1,3,0.62158203125,-1,-762757.6438256009,-747967.5952721839,-14785.795738208608,-98.07224852724453,
3093,3u9q,93,1,3,0.62158203125,-1,-762752.8093756093,-747967.5952721839,-14785.682469579888,10.800780108101234,
3094,3u9q,94,1,3,0.62158203125,-1,-762752.8079512224,-747967.5952721839,-14785.780178937624,13.086858567105667,
3095,3u9q,95,1,3,0.62158203125,-1,-762754.3020696142,-747967.5952721839,-14785.766200068898,-21.69069044177769,
3096,3u9q,96,1,3,0.62158203125,-1,-762753.9073589102,-747967.5952721839,-14785.740732375101,-13.175744344188688,
3097,3u9q,97,1,3,0.62158203125,-1,-762752.8184860898,-747967.5952721839,-14785.752580303264,12.207479125546207,
3098,3u9q,98,1,3,0.62158203125,-1,-762754.9509077626,-747967.5952721839,-14785.823025408701,-35.34283013196907,
3099,3u9q,99,1,3,0.62158203125,-1,-762755.0904325793,-747967.5952721839,-14785.793713215298,-39.236304077912585,
3100,3u9q,100,1,3,0.62158203125,-1,-762754.445079948,-747967.5952721839,-14785.76981851788,-24.90514367064792,
4001,2yfe,1,1,4,0.62158203125,-1,-778327.6913087977,-747967.5952721839,-30360.498843604295,9.288949870760819,
4002,2yfe,2,1,4,0.62158203125,-1,-778327.4207544341,-747967.5952721839,-30361.7489668518,44.35660865683868,
4003,2yfe,3,1,4,0.62158203125,-1,-778332.1827402121,-747967.5952721839,-30361.167186596944,-78.87356353931489,
4004,2yfe,4,1,4,0.62158203125,-1,-778328.3478761629,-747967.5952721839,-30362.286341199248,35.36882052789483,
4005,2yfe,5,1,4,0.62158203125,-1,-778327.1845676466,-747967.5952721839,-30361.317358018427,39.850069220515245,
4006,2yfe,6,1,4,0.62158203125,-1,-778325.1643180861,-747967.5952721839,-30361.534756922687,91.45146866966367,
4007,2yfe,7,1,4,0.62158203125,-1,-778329.8511472798,-747967.5952721839,-30361.21829749043,-23.927108000215302,
4008,2yfe,8,1,4,0.62158203125,-1,-778301.529614301,-747967.5952721839,-30336.359307029812,55.92101935566502,
4009,2yfe,9,1,4,0.62158203125,-1,-778324.9568991227,-747967.5952721839,-30360.871516668765,80.93997999805457,
4010,2yfe,10,1,4,0.62158203125,-1,-778322.4912281646,-747967.5952721839,-30360.73572338518,134.66823554942079,
4011,2yfe,11,1,4,0.62158203125,-1,-778329.8908556706,-747967.5952721839,-30359.99620767082,-53.02486598201943,
4012,2yfe,12,1,4,0.62158203125,-1,-778326.4494184569,-747967.5952721839,-30361.344637715785,57.43209703828516,
4013,2yfe,13,1,4,0.62158203125,-1,-778324.339563684,-747967.5952721839,-30358.904224821894,49.809245678821284,
4014,2yfe,14,1,4,0.62158203125,-1,-778325.4882688685,-747967.5952721839,-30361.574933075874,84.90747025915151,
4015,2yfe,15,1,4,0.62158203125,-1,-778332.464192704,-747967.5952721839,-30360.71394053991,-95.81611456760955,
4016,2yfe,16,1,4,0.62158203125,-1,-778322.8623199031,-747967.5952721839,-30360.866380938856,129.12369153111132,
4017,2yfe,17,1,4,0.62158203125,-1,-778318.5945065632,-747967.5952721839,-30354.882403203814,89.54800041277826,
4018,2yfe,18,1,4,0.62158203125,-1,-778322.3282056763,-747967.5952721839,-30354.826176942854,2.150245049083728,
4019,2yfe,19,1,4,0.62158203125,-1,-778314.343420223,-747967.5952721839,-30345.100405999972,-37.997834105820914,
4020,2yfe,20,1,4,0.62158203125,-1,-778324.230331035,-747967.5952721839,-30360.043809214203,78.60765079103092,
4021,2yfe,21,1,4,0.62158203125,-1,-778302.3645546151,-747967.5952721839,-30360.71118594107,598.23450670605,
4022,2yfe,22,1,4,0.62158203125,-1,-778325.482896836,-747967.5952721839,-30361.460362532704,82.38929278134815,
4023,2yfe,23,1,4,0.62158203125,-1,-778320.687592358,-747967.5952721839,-30358.056314790203,114.47243527568939,
4024,2yfe,24,1,4,0.62158203125,-1,-778321.5796230152,-747967.5952721839,-30346.04869533476,-183.000563146738,
4025,2yfe,25,1,4,0.62158203125,-1,-778330.2276268465,-747967.5952721839,-30361.38324561116,-28.805139027261024,
4026,2yfe,26,1,4,0.62158203125,-1,-778324.1649964467,-747967.5952721839,-30358.40658391413,42.35898984742188,
4027,2yfe,27,1,4,0.62158203125,-1,-778328.9542336324,-747967.5952721839,-30361.235824236228,-2.839611574229702,
4028,2yfe,28,1,4,0.62158203125,-1,-778325.931614654,-747967.5952721839,-30359.997600027888,38.30950936945263,
4029,2yfe,29,1,4,0.62158203125,-1,-778326.712118761,-747967.5952721839,-30361.464832821457,54.145849092526404,
4030,2yfe,30,1,4,0.62158203125,-1,-778324.6486589923,-747967.5952721839,-30361.25154484209,96.81182413700584,
4031,2yfe,31,1,4,0.62158203125,-1,-778326.9592109179,-747967.5952721839,-30361.298581221654,44.61391562049606,
4032,2yfe,32,1,4,0.62158203125,-1,-778324.7440265581,-747967.5952721839,-30361.435420700876,98.85287385929092,
4033,2yfe,33,1,4,0.62158203125,-1,-778327.5185306831,-747967.5952721839,-30359.70797035989,-4.964662434896298,
4034,2yfe,34,1,4,0.62158203125,-1,-778326.2346996381,-747967.5952721839,-30360.83852844831,50.71247365874799,
4035,2yfe,35,1,4,0.62158203125,-1,-778324.3014911568,-747967.5952721839,-30361.398866006686,108.21501137440944,
4036,2yfe,36,1,4,0.62158203125,-1,-778330.8702227935,-747967.5952721839,-30360.98646312353,-52.77377513367804,
4037,2yfe,37,1,4,0.62158203125,-1,-778326.8096982851,-747967.5952721839,-30361.63026907441,55.71066243528152,
4038,2yfe,38,1,4,0.62158203125,-1,-778328.095718415,-747967.5952721839,-30361.527320274676,23.680277997797035,
4039,2yfe,39,1,4,0.62158203125,-1,-778326.8550855225,-747967.5952721839,-30361.129376859917,43.11315900491658,
4040,2yfe,40,1,4,0.62158203125,-1,-778326.4112221167,-747967.5952721839,-30361.203536787598,55.05906086508802,
4041,2yfe,41,1,4,0.62158203125,-1,-778328.2314244522,-747967.5952721839,-30360.305667334764,-7.621163616442888,
4042,2yfe,42,1,4,0.62158203125,-1,-778329.8854090436,-747967.5952721839,-30361.45018058416,-19.36985186890058,
4043,2yfe,43,1,4,0.62158203125,-1,-778322.4738097048,-747967.5952721839,-30361.581883647992,154.5828339894009,
4044,2yfe,44,1,4,0.62158203125,-1,-778326.5606626883,-747967.5952721839,-30361.42334395048,56.68175300748222,
4045,2yfe,45,1,4,0.62158203125,-1,-778325.6220001144,-747967.5952721839,-30361.303393417566,75.56170118880785,
4046,2yfe,46,1,4,0.62158203125,-1,-778324.2689865544,-747967.5952721839,-30361.038098224966,100.64508262786623,
4047,2yfe,47,1,4,0.62158203125,-1,-778324.5064188695,-747967.5952721839,-30361.43637270625,104.35419109357795,
4048,2yfe,48,1,4,0.62158203125,-1,-778330.699784191,-747967.5952721839,-30360.62753126916,-57.12053278257324,
4049,2yfe,49,1,4,0.62158203125,-1,-778325.9302460415,-747967.5952721839,-30357.90393588838,-9.939971706548794,
4050,2yfe,50,1,4,0.62158203125,-1,-778329.6947685494,-747967.5952721839,-30359.334724211658,-63.75716049501215,
4051,2yfe,51,1,4,0.62158203125,-1,-778307.8838779932,-747967.5952721839,-30343.670180836274,77.98097265171356,
4052,2yfe,52,1,4,0.62158203125,-1,-778324.9181288198,-747967.5952721839,-30361.353872062235,92.9574240448824,
4053,2yfe,53,1,4,0.62158203125,-1,-778318.6852302415,-747967.5952721839,-30354.135480904548,70.23142528076731,
4054,2yfe,54,1,4,0.62158203125,-1,-778326.5105815395,-747967.5952721839,-30361.460777112807,58.699880966496494,
4055,2yfe,55,1,4,0.62158203125,-1,-778321.4348435259,-747967.5952721839,-30351.53622170682,-53.11650443241322,
4056,2yfe,56,1,4,0.62158203125,-1,-778325.4885075405,-747967.5952721839,-30361.17011321482,75.56659858309783,
4057,2yfe,57,1,4,0.62158203125,-1,-778322.8376922621,-747967.5952721839,-30361.610663989155,146.8551933043522,
4058,2yfe,58,1,4,0.62158203125,-1,-778327.66184199,-747967.5952721839,-30357.290500396455,-64.01768140169287,
4059,2yfe,59,1,4,0.62158203125,-1,-778311.7134467815,-747967.5952721839,-30344.62390032555,11.662312338093537,
4060,2yfe,60,1,4,0.62158203125,-1,-778322.9303348527,-747967.5952721839,-30361.282249265878,137.14538098010306,
4061,2yfe,61,1,4,0.62158203125,-1,-778325.2821642471,-747967.5952721839,-30359.7083978146,46.61703006910072,
4062,2yfe,62,1,4,0.62158203125,-1,-778322.9514275952,-747967.5952721839,-30357.903740414946,58.7487058282121,
4063,2yfe,63,1,4,0.62158203125,-1,-778327.4246698028,-747967.5952721839,-30361.600493648602,40.84244470587159,
4064,2yfe,64,1,4,0.62158203125,-1,-778319.1767592445,-747967.5952721839,-30354.554545769064,68.56036254883145,
4065,2yfe,65,1,4,0.62158203125,-1,-778323.8231218619,-747967.5952721839,-30361.36737448868,118.52025772287978,
4066,2yfe,66,1,4,0.62158203125,-1,-778327.1706035449,-747967.5952721839,-30360.616210260956,24.0032376575558,
4067,2yfe,67,1,4,0.62158203125,-1,-778327.4818509376,-747967.5952721839,-30360.53944278653,15.055402255771615,
4068,2yfe,68,1,4,0.62158203125,-1,-778321.0518865004,-747967.5952721839,-30361.40941507515,183.3959422809422,
4069,2yfe,69,1,4,0.62158203125,-1,-778299.8036256445,-747967.5952721839,-30360.194690236418,645.3802578214094,
4070,2yfe,70,1,4,0.62158203125,-1,-778327.3941459372,-747967.5952721839,-30360.0827125996,6.545479291595604,
4071,2yfe,71,1,4,0.62158203125,-1,-778321.1303122794,-747967.5952721839,-30357.72208336885,96.55551167249926,
4072,2yfe,72,1,4,0.62158203125,-1,-778320.6247791216,-747967.5952721839,-30360.35679478344,168.97127183504634,
4073,2yfe,73,1,4,0.62158203125,-1,-778326.4616616977,-747967.5952721839,-30361.501446107,60.76584860313802,
4074,2yfe,74,1,4,0.62158203125,-1,-778322.2938954844,-747967.5952721839,-30361.252640673483,151.1392311116961,
4075,2yfe,75,1,4,0.62158203125,-1,-778328.2807001924,-747967.5952721839,-30361.437889361336,17.352171016524363,
4076,2yfe,76,1,4,0.62158203125,-1,-778323.087099196,-747967.5952721839,-30353.250711151926,-51.68135948879071,
4077,2yfe,77,1,4,0.62158203125,-1,-778318.9749583019,-747967.5952721839,-30350.999905133216,-8.757957564472607,
4078,2yfe,78,1,4,0.62158203125,-1,-778326.4583959444,-747967.5952721839,-30359.789684721793,21.367003364519075,
4079,2yfe,79,1,4,0.62158203125,-1,-778327.0807082808,-747967.5952721839,-30361.530049094512,47.14989582644586,
4080,2yfe,80,1,4,0.62158203125,-1,-778324.7834364936,-747967.5952721839,-30361.48200199899,99.01824941042615,
4081,2yfe,81,1,4,0.62158203125,-1,-778329.1873065246,-747967.5952721839,-30361.34148083773,-5.777901039798286,
4082,2yfe,82,1,4,0.62158203125,-1,-778320.3328639879,-747967.5952721839,-30361.381740713085,199.33880937281802,
4083,2yfe,83,1,4,0.62158203125,-1,-778308.3050409561,-747967.5952721839,-30359.912455739035,442.82448127414347,
4084,2yfe,84,1,4,0.62158203125,-1,-778320.9431091711,-747967.5952721839,-30361.576669463484,189.7613849087634,
4085,2yfe,85,1,4,0.62158203125,-1,-778324.9526592357,-747967.5952721839,-30360.305171975462,67.97753522646086,
4086,2yfe,86,1,4,0.62158203125,-1,-778331.7912436738,-747967.5952721839,-30360.499471688236,-85.24331048178462,
4087,2yfe,87,1,4,0.62158203125,-1,-778330.9967587596,-747967.5952721839,-30360.193056637003,-73.98815206297378,
4088,2yfe,88,1,4,0.62158203125,-1,-778326.0224036888,-747967.5952721839,-30360.12968341407,39.26177973626803,
4089,2yfe,89,1,4,0.62158203125,-1,-778325.6082169575,-747967.5952721839,-30360.51332067099,57.660037975048304,
4090,2yfe,90,1,4,0.62158203125,-1,-778329.5890269591,-747967.5952721839,-30360.416498357026,-36.37239707390709,
4091,2yfe,91,1,4,0.62158203125,-1,-778329.8062086111,-747967.5952721839,-30360.50225425656,-39.40314692412014,
4092,2yfe,92,1,4,0.62158203125,-1,-778327.8147057012,-747967.5952721839,-30361.29303177592,24.757763993508256,
4093,2yfe,93,1,4,0.62158203125,-1,-778326.8705740883,-747967.5952721839,-30360.698078253834,32.81000205798995,
4094,2yfe,94,1,4,0.62158203125,-1,-778324.6891598268,-747967.5952721839,-30360.489303061335,78.30013966031613,
4095,2yfe,95,1,4,0.62158203125,-1,-778319.0161503707,-747967.5952721839,-30359.99108941254,197.6337658891496,
4096,2yfe,96,1,4,0.62158203125,-1,-778320.8436218068,-747967.5952721839,-30360.140110486715,158.9277810362677,
4097,2yfe,97,1,4,0.62158203125,-1,-778328.199826361,-747967.5952721839,-30362.0299396604,32.870170113630266,
4098,2yfe,98,1,4,0.62158203125,-1,-778328.6560891881,-747967.5952721839,-30360.67310743925,-8.940794966529966,
4099,2yfe,99,1,4,0.62158203125,-1,-778328.5738952315,-747967.5952721839,-30360.705482521607,-6.298770163845103,
4100,2yfe,100,1,4,0.62158203125,-1,-778329.3722152278,-747967.5952721839,-30360.447490313618,-30.65790827572664,
5001,3b1m,1,1,5,0.62158203125,0,-795363.9333934083,-747967.5952721839,-47397.38204663699,24.07349190792643,
5002,3b1m,2,1,5,0.62158203125,0,-795366.471218084,-747967.5952721839,-47400.207017537956,30.695241170726845,
5003,3b1m,3,1,5,0.62158203125,0,-795363.5146597214,-747967.5952721839,-47397.012365219,25.20466410159139,
5004,3b1m,4,1,5,0.62158203125,0,-795365.0131282258,-747967.5952721839,-47400.85938036151,79.36343618199497,
5005,3b1m,5,1,5,0.62158203125,0,-795366.8725638881,-747967.5952721839,-47399.57025813763,6.755966450871064,
5006,3b1m,6,1,5,0.62158203125,0,-795363.3030405538,-747967.5952721839,-47400.28784334362,105.6190379985571,
5007,3b1m,7,1,5,0.62158203125,0,-795366.9638853408,-747967.5952721839,-47400.309117850666,21.688553474220072,
5008,3b1m,8,1,5,0.62158203125,0,-795364.8976273137,-747967.5952721839,-47400.055425044964,63.48730045843801,
5009,3b1m,9,1,5,0.62158203125,0,-795366.1438235836,-747967.5952721839,-47399.4375928015,20.501781768993375,
5010,3b1m,10,1,5,0.62158203125,0,-795342.8332038717,-747967.5952721839,-47381.33340212405,140.56488754414045,
5011,3b1m,11,1,5,0.62158203125,0,-795344.4018978365,-747967.5952721839,-47386.666897234325,227.38326443343274,
5012,3b1m,12,1,5,0.62158203125,0,-795336.3270800014,-747967.5952721839,-47393.53767782159,572.036951710004,
5013,3b1m,13,1,5,0.62158203125,0,-795355.848087494,-747967.5952721839,-47397.869063076425,221.75594156538628,
5014,3b1m,14,1,5,0.62158203125,0,-795348.6154547678,-747967.5952721839,-47399.63804191053,429.3380355044902,
5015,3b1m,15,1,5,0.62158203125,0,-795356.3066918589,-747967.5952721839,-47394.61605947912,136.1642286247532,
5016,3b1m,16,1,5,0.62158203125,0,-795348.455397879,-747967.5952721839,-47398.018124339054,395.6728484060883,
5017,3b1m,17,1,5,0.62158203125,0,-795355.1910272585,-747967.5952721839,-47400.02231496279,286.5632786708236,
5018,3b1m,18,1,5,0.62158203125,0,-795343.7731589274,-747967.5952721839,-47382.01411467493,134.58661336166048,
5019,3b1m,19,1,5,0.62158203125,0,-795358.5339674242,-747967.5952721839,-47398.20690399111,167.60887554091738,
5020,3b1m,20,1,5,0.62158203125,0,-795349.429303472,-747967.5952721839,-47395.700617966126,319.771085334588,
5021,3b1m,21,1,5,0.62158203125,0,-795365.6515227603,-747967.5952721839,-47399.537107405115,34.14936972897258,
5022,3b1m,22,1,5,0.62158203125,0,-795330.3295370834,-747967.5952721839,-47381.39132415951,430.2420074438415,
5023,3b1m,23,1,5,0.62158203125,0,-795356.2779310234,-747967.5952721839,-47396.056651529674,170.04831113427622,
5024,3b1m,24,1,5,0.62158203125,0,-795362.5665267605,-747967.5952721839,-47398.38712018437,78.77173223146566,
5025,3b1m,25,1,5,0.62158203125,0,-795363.1350840526,-747967.5952721839,-47398.77038049405,74.49868230521874,
5026,3b1m,26,1,5,0.62158203125,0,-795360.8199251788,-747967.5952721839,-47398.70006423891,126.26598288504397,
5027,3b1m,27,1,5,0.62158203125,0,-795361.1893245615,-747967.5952721839,-47397.8795039028,98.82485987209081,
5028,3b1m,28,1,5,0.62158203125,0,-795357.1147457111,-747967.5952721839,-47391.93564021296,55.7181274235883,
5029,3b1m,29,1,5,0.62158203125,0,-795359.8095657274,-747967.5952721839,-47397.576515612054,123.65577849070559,
5030,3b1m,30,1,5,0.62158203125,0,-795356.6563943075,-747967.5952721839,-47393.9399840802,112.50922950874923,
5031,3b1m,31,1,5,0.62158203125,0,-795345.4276988693,-747967.5952721839,-47383.37987231911,127.92713537444507,
5032,3b1m,32,1,5,0.62158203125,0,-795360.3170928408,-747967.5952721839,-47400.02659892745,168.45218869985004,
5033,3b1m,33,1,5,0.62158203125,0,-795358.5256934213,-747967.5952721839,-47396.05106639569,118.08488259707191,
5034,3b1m,34,1,5,0.62158203125,0,-795364.0416919785,-747967.5952721839,-47397.35125869215,20.866080676454633,
5035,3b1m,35,1,5,0.62158203125,0,-795358.9108441211,-747967.5952721839,-47398.38908248842,163.11902839581936,
5036,3b1m,36,1,5,0.62158203125,0,-795357.3086058248,-747967.5952721839,-47397.89578854747,188.6918927436976,
5037,3b1m,37,1,5,0.62158203125,0,-795360.088922699,-747967.5952721839,-47399.488145586896,161.29688815423026,
5038,3b1m,38,1,5,0.62158203125,0,-795360.3902544575,-747967.5952721839,-47397.93273263872,118.47933803671746,
5039,3b1m,39,1,5,0.62158203125,0,-795358.5023734756,-747967.5952721839,-47396.27393933833,123.76222547357416,
5040,3b1m,40,1,5,0.62158203125,0,-795360.9672549565,-747967.5952721839,-47397.1572973103,87.2914269505959,
5041,3b1m,41,1,5,0.62158203125,0,-795359.3981916651,-747967.5952721839,-47398.88106047814,163.2258090121873,
5042,3b1m,42,1,5,0.62158203125,0,-795352.5184768336,-747967.5952721839,-47394.71930831373,225.90351709798065,
5043,3b1m,43,1,5,0.62158203125,0,-795347.9353005774,-747967.5952721839,-47398.94737988413,429.0957190496641,
5044,3b1m,44,1,5,0.62158203125,0,-795358.541561206,-747967.5952721839,-47398.823860642384,181.66111713859198,
5045,3b1m,45,1,5,0.62158203125,0,-795367.525592108,-747967.5952721839,-47399.7828057379,-3.4017579474656974,
5046,3b1m,46,1,5,0.62158203125,0,-795365.8810713338,-747967.5952721839,-47400.08254348934,41.43390877932296,
5047,3b1m,47,1,5,0.62158203125,0,-795359.873244483,-747967.5952721839,-47397.592094716434,122.54657418177594,
5048,3b1m,48,1,5,0.62158203125,0,-795362.3519348699,-747967.5952721839,-47400.557402548264,133.76823904657,
5049,3b1m,49,1,5,0.62158203125,0,-795338.9379748898,-747967.5952721839,-47395.79300367539,563.8373349804353,
5050,3b1m,50,1,5,0.62158203125,0,-795348.0173473703,-747967.5952721839,-47396.40355473459,368.54167352536246,
5051,3b1m,51,1,5,0.62158203125,0,-795350.5734374411,-747967.5952721839,-47398.99045031965,369.25206555888167,
5052,3b1m,52,1,5,0.62158203125,0,-795339.2156402963,-747967.5952721839,-47380.809022185276,211.89539674517513,
5053,3b1m,53,1,5,0.62158203125,0,-795357.7311517791,-747967.5952721839,-47400.16798811858,231.34591844572103,
5054,3b1m,54,1,5,0.62158203125,0,-795357.4143860983,-747967.5952721839,-47397.29136240185,172.314143647302,
5055,3b1m,55,1,5,0.62158203125,0,-795361.9196094312,-747967.5952721839,-47399.34526979626,115.78545519967705,
5056,3b1m,56,1,5,0.62158203125,0,-795351.6675220478,-747967.5952721839,-47395.67780697055,267.63050475930066,
5057,3b1m,57,1,5,0.62158203125,0,-795366.952350487,-747967.5952721839,-47399.8949448437,12.403497085548052,
5058,3b1m,58,1,5,0.62158203125,0,-795336.993011062,-747967.5952721839,-47389.91696333589,473.1845570549453,
5059,3b1m,59,1,5,0.62158203125,0,-795337.6928981431,-747967.5952721839,-47395.471259531376,585.1298906277858,
5060,3b1m,60,1,5,0.62158203125,0,-795358.9245434003,-747967.5952721839,-47399.43783580966,186.98794164023934,
5061,3b1m,61,1,5,0.62158203125,0,-795353.5909636067,-747967.5952721839,-47398.790030297685,295.04446358454095,
5062,3b1m,62,1,5,0.62158203125,0,-795338.2110503362,-747967.5952721839,-47396.201801058654,590.0277050257941,
5063,3b1m,63,1,5,0.62158203125,0,-795355.8059212156,-747967.5952721839,-47394.176209089164,137.56908304204586,
5064,3b1m,64,1,5,0.62158203125,0,-795324.0237035054,-747967.5952721839,-47396.68390559859,928.3132900107067,
5065,3b1m,65,1,5,0.62158203125,0,-795357.2139692351,-747967.5952721839,-47399.01900785868,216.7763169988151,
5066,3b1m,66,1,5,0.62158203125,0,-795348.6447563218,-747967.5952721839,-47387.17527544201,141.26410336852388,
5067,3b1m,67,1,5,0.62158203125,0,-795351.6316101588,-747967.5952721839,-47399.79519658983,363.40791284451683,
5068,3b1m,68,1,5,0.62158203125,0,-795354.7007144738,-747967.5952721839,-47397.8931839437,248.77123239037712,
5069,3b1m,69,1,5,0.62158203125,0,-795352.5368651794,-747967.5952721839,-47394.00017451947,208.89585251002615,
5070,3b1m,70,1,5,0.62158203125,0,-795363.7300020503,-747967.5952721839,-47400.08716964424,91.14542654444767,
5071,3b1m,71,1,5,0.62158203125,0,-795356.3376670666,-747967.5952721839,-47396.57384717167,180.59758009251075,
5072,3b1m,72,1,5,0.62158203125,0,-795359.0914949375,-747967.5952721839,-47398.92323869176,171.2710562792696,
5073,3b1m,73,1,5,0.62158203125,0,-795364.8983676479,-747967.5952721839,-47398.658700344015,31.260991174704802,
5074,3b1m,74,1,5,0.62158203125,0,-795360.4652476059,-747967.5952721839,-47398.194587585334,122.78847347106831,
5075,3b1m,75,1,5,0.62158203125,0,-795366.4666383453,-747967.5952721839,-47398.98554426134,2.6330095351817744,
5076,3b1m,76,1,5,0.62158203125,0,-795366.389427175,-747967.5952721839,-47399.00395810313,4.838174698542261,
5077,3b1m,77,1,5,0.62158203125,0,-795361.9929106728,-747967.5952721839,-47398.979438003946,105.65880686678372,
5078,3b1m,78,1,5,0.62158203125,0,-795363.8588076727,-747967.5952721839,-47398.27234136761,46.324164049208555,
5079,3b1m,79,1,5,0.62158203125,0,-795365.7117644586,-747967.5952721839,-47397.92782681883,-4.350728768724896,
5080,3b1m,80,1,5,0.62158203125,0,-795365.4392283012,-747967.5952721839,-47398.60699921555,17.596191864435216,
5081,3b1m,81,1,5,0.62158203125,0,-795364.355282654,-747967.5952721839,-47399.09461056893,53.83715724278889,
5082,3b1m,82,1,5,0.62158203125,0,-795366.6670502173,-747967.5952721839,-47398.8889564246,-4.215966454112613,
5083,3b1m,83,1,5,0.62158203125,0,-795363.0942267366,-747967.5952721839,-47398.970321890716,80.05163253616762,
5084,3b1m,84,1,5,0.62158203125,0,-795363.2415584822,-747967.5952721839,-47398.870679971646,74.35628452920717,
5085,3b1m,85,1,5,0.62158203125,0,-795364.7360043423,-747967.5952721839,-47398.980578419614,42.427862706767336,
5086,3b1m,86,1,5,0.62158203125,0,-795358.7901148396,-747967.5952721839,-47398.86429756582,176.86183179017107,
5087,3b1m,87,1,5,0.62158203125,0,-795366.2762930878,-747967.5952721839,-47398.776440975074,2.2004391160845578,
5088,3b1m,88,1,5,0.62158203125,0,-795362.2660036433,-747967.5952721839,-47398.43100130267,86.71388257687107,
5089,3b1m,89,1,5,0.62158203125,0,-795364.5206455039,-747967.5952721839,-47398.88838302796,45.26807926231411,
5090,3b1m,90,1,5,0.62158203125,0,-795364.4153331416,-747967.5952721839,-47398.786125239734,45.33851941417975,
5091,3b1m,91,1,5,0.62158203125,0,-795362.6001891978,-747967.5952721839,-47398.37874948681,77.80242511343258,
5092,3b1m,92,1,5,0.62158203125,0,-795362.7977396745,-747967.5952721839,-47399.0615992517,88.99369256215509,
5093,3b1m,93,1,5,0.62158203125,0,-795364.3969931649,-747967.5952721839,-47398.881800112176,47.96776429549071,
5094,3b1m,94,1,5,0.62158203125,0,-795363.9126955317,-747967.5952721839,-47397.9044210285,36.597035921706166,
5095,3b1m,95,1,5,0.62158203125,0,-795363.39690179,-747967.5952721839,-47398.627569493656,65.16772194184892,
5096,3b1m,96,1,5,0.62158203125,0,-795362.8440782923,-747967.5952721839,-47398.67394208617,78.9855120424095,
5097,3b1m,97,1,5,0.62158203125,0,-795366.1471704289,-747967.5952721839,-47399.52963512843,22.547148165998195,
5098,3b1m,98,1,5,0.62158203125,0,-795363.246803348,-747967.5952721839,-47400.47667759359,111.27052002778944,
5099,3b1m,99,1,5,0.62158203125,0,-795366.3600561656,-747967.5952721839,-47399.71921395958,22.00967815535298,
5100,3b1m,100,1,5,0.62158203125,0,-795366.6077516723,-747967.5952721839,-47399.669762548874,15.157307454581447,
6001,3acw,1,0,6,0.41845703125,1,-771575.8142627258,-747967.5952721839,-23608.99856621072,17.977441998938055,
6002,3acw,2,0,6,0.41845703125,1,-771575.9143156938,-747967.5952721839,-23608.74067556901,9.723066266142151,
6003,3acw,3,0,6,0.41845703125,1,-771576.506321214,-747967.5952721839,-23608.969555974458,1.3492021878836191,
6004,3acw,4,0,6,0.41845703125,1,-771570.9857129833,-747967.5952721839,-23608.86905849025,126.33992530525184,
6005,3acw,5,0,6,0.41845703125,1,-771575.724186622,-747967.5952721839,-23608.865845799897,16.9940409172614,
6006,3acw,6,0,6,0.41845703125,1,-771576.1425285868,-747967.5952721839,-23608.81869959874,6.259628800906557,
6007,3acw,7,0,6,0.41845703125,1,-771575.4922524317,-747967.5952721839,-23608.81765472934,21.231257917776507,
6008,3acw,8,0,6,0.41845703125,1,-771575.8944823524,-747967.5952721839,-23608.59925311849,6.919154798598965,
6009,3acw,9,0,6,0.41845703125,1,-771574.3444412578,-747967.5952721839,-23608.75238597438,46.19527914906051,
6010,3acw,10,0,6,0.41845703125,1,-771573.6905495606,-747967.5952721839,-23608.479197860193,54.97451233385817,
6011,3acw,11,0,6,0.41845703125,1,-771574.5963886007,-747967.5952721839,-23608.681902468656,38.759847142630456,
6012,3acw,12,0,6,0.41845703125,1,-771575.703647398,-747967.5952721839,-23608.532665610765,9.784368985047173,
6013,3acw,13,0,6,0.41845703125,1,-771574.7246000547,-747967.5952721839,-23608.69488734052,36.10265903340892,
6014,3acw,14,0,6,0.41845703125,1,-771578.078931161,-747967.5952721839,-23608.820954978895,-38.34286507843137,
6015,3acw,15,0,6,0.41845703125,1,-771577.6677133067,-747967.5952721839,-23608.68674272344,-31.954964218283028,
6016,3acw,16,0,6,0.41845703125,1,-771575.7743580568,-747967.5952721839,-23608.597736657117,9.654316432584988,
6017,3acw,17,0,6,0.41845703125,1,-771574.4040577043,-747967.5952721839,-23608.59988319919,41.303693691546464,
6018,3acw,18,0,6,0.41845703125,1,-771576.1401429705,-747967.5952721839,-23608.53254330201,-0.28427854802028835,
6019,3acw,19,0,6,0.41845703125,1,-771577.5922076775,-747967.5952721839,-23608.867514491532,-26.04506704051701,
6020,3acw,20,0,6,0.41845703125,1,-771576.5344218541,-747967.5952721839,-23608.80533796594,-3.085771206082497,
6021,3acw,21,0,6,0.41845703125,1,-771575.5856189806,-747967.5952721839,-23608.810084581808,18.903602402183154,
6022,3acw,22,0,6,0.41845703125,1,-771577.5701920915,-747967.5952721839,-23608.801815629435,-27.05242731767885,
6023,3acw,23,0,6,0.41845703125,1,-771576.9611889493,-747967.5952721839,-23608.870375574086,-11.42745134459609,
6024,3acw,24,0,6,0.41845703125,1,-771576.9486911375,-747967.5952721839,-23608.86880540893,-11.175453826261721,
6025,3acw,25,0,6,0.41845703125,1,-771576.9652355093,-747967.5952721839,-23608.700647235368,-15.434795708997754,
6026,3acw,26,0,6,0.41845703125,1,-771576.049322196,-747967.5952721839,-23608.755950212908,6.961984019289873,
6027,3acw,27,0,6,0.41845703125,1,-771576.3534128739,-747967.5952721839,-23608.7486031656,-0.21994053857673057,
6028,3acw,28,0,6,0.41845703125,1,-771575.8959864309,-747967.5952721839,-23608.75616014049,10.502831810013731,
6029,3acw,29,0,6,0.41845703125,1,-771574.8952916194,-747967.5952721839,-23608.597891867612,29.929649299493377,
6030,3acw,30,0,6,0.41845703125,1,-771576.2958499126,-747967.5952721839,-23608.747782350016,1.0885644280675881,
6031,3acw,31,0,6,0.41845703125,1,-771577.4431096091,-747967.5952721839,-23608.59537833974,-28.88239264578785,
6032,3acw,32,0,6,0.41845703125,1,-771577.4057267088,-747967.5952721839,-23608.866862237905,-21.7597550677165,
6033,3acw,33,0,6,0.41845703125,1,-771578.4132909853,-747967.5952721839,-23608.868951023076,-44.946570727016855,
6034,3acw,34,0,6,0.41845703125,1,-771576.3287082694,-747967.5952721839,-23608.866154551935,3.060560542855688,
6035,3acw,35,0,6,0.41845703125,1,-771574.4939090385,-747967.5952721839,-23608.68084281728,41.098645846346606,
6036,3acw,36,0,6,0.41845703125,1,-771575.3049199363,-747967.5952721839,-23608.865693092797,26.65903886518894,
6037,3acw,37,0,6,0.41845703125,1,-771577.6971168149,-747967.5952721839,-23608.63440245435,-33.84002050373288,
6038,3acw,38,0,6,0.41845703125,1,-771577.7464350841,-747967.5952721839,-23608.70149499221,-33.430136132211906,
6039,3acw,39,0,6,0.41845703125,1,-771576.3735342844,-747967.5952721839,-23608.638468921636,-3.2237072883271116,
6040,3acw,40,0,6,0.41845703125,1,-771576.8462677678,-747967.5952721839,-23608.53327548549,-16.551018659506028,
6041,3acw,41,0,6,0.41845703125,1,-771577.7499492544,-747967.5952721839,-23608.823856413816,-30.689453408851826,
6042,3acw,42,0,6,0.41845703125,1,-771578.4868604622,-747967.5952721839,-23608.82259750409,-47.71206071084536,
6043,3acw,43,0,6,0.41845703125,1,-771576.2880073859,-747967.5952721839,-23608.6358185415,-1.3125293724500464,
6044,3acw,44,0,6,0.41845703125,1,-771577.4910218496,-747967.5952721839,-23608.82468700454,-24.699291726806194,
6045,3acw,45,0,6,0.41845703125,1,-771575.016855799,-747967.5952721839,-23608.534405172322,25.662274746645558,
6046,3acw,46,0,6,0.41845703125,1,-771574.1570641778,-747967.5952721839,-23608.864399135542,53.09938212472035,
6047,3acw,47,0,6,0.41845703125,1,-771575.1829172595,-747967.5952721839,-23608.47597640798,20.485407178998802,
6048,3acw,48,0,6,0.41845703125,1,-771573.202223756,-747967.5952721839,-23608.759749114965,72.70523853708386,
6049,3acw,49,0,6,0.41845703125,1,-771574.857851066,-747967.5952721839,-23608.805954158757,35.59107938655152,
6050,3acw,50,0,6,0.41845703125,1,-771577.1327375553,-747967.5952721839,-23608.8747532372,-15.282504869213858,
6051,3acw,51,0,6,0.41845703125,1,-771574.1683574839,-747967.5952721839,-23608.480747938607,43.99174552131172,
6052,3acw,52,0,6,0.41845703125,1,-771577.4683170697,-747967.5952721839,-23608.746291518662,-25.983549916448723,
6053,3acw,53,0,6,0.41845703125,1,-771574.1083525646,-747967.5952721839,-23608.41222459123,43.795305903222086,
6054,3acw,54,0,6,0.41845703125,1,-771575.7141265802,-747967.5952721839,-23608.82217311902,16.218915045974473,
6055,3acw,55,0,6,0.41845703125,1,-771577.1560790463,-747967.5952721839,-23608.53074413583,-23.753810775226842,
6056,3acw,56,0,6,0.41845703125,1,-771576.2165394652,-747967.5952721839,-23608.750246584867,2.9743333977586803,
6057,3acw,57,0,6,0.41845703125,1,-771570.7922543514,-747967.5952721839,-23608.52461952016,122.85823599421384,
6058,3acw,58,0,6,0.41845703125,1,-771576.2310046486,-747967.5952721839,-23608.48115581317,-3.5646222666935548,
6059,3acw,59,0,6,0.41845703125,1,-771578.2062194272,-747967.5952721839,-23608.87010037944,-40.144882369502504,
6060,3acw,60,0,6,0.41845703125,1,-771573.280010261,-747967.5952721839,-23608.47613155887,64.37106290026219,
6061,3acw,61,0,6,0.41845703125,1,-771578.133838721,-747967.5952721839,-23608.875747025464,-38.34552888142052,
6062,3acw,62,0,6,0.41845703125,1,-771574.9478340677,-747967.5952721839,-23608.824031830263,33.93290308032324,
6063,3acw,63,0,6,0.41845703125,1,-771575.0951919927,-747967.5952721839,-23608.52706563518,23.686545457786895,
6064,3acw,64,0,6,0.41845703125,1,-771574.7935912687,-747967.5952721839,-23608.869778991197,38.54478111782414,
6065,3acw,65,0,6,0.41845703125,1,-771572.7915620584,-747967.5952721839,-23608.59892654464,78.46666568206679,
6066,3acw,66,0,6,0.41845703125,1,-771577.0050031922,-747967.5952721839,-23608.816857874823,-13.67197925308496,
6067,3acw,67,0,6,0.41845703125,1,-771576.5522038414,-747967.5952721839,-23608.824839532826,-3.0461167592459697,
6068,3acw,68,0,6,0.41845703125,1,-771574.4321298826,-747967.5952721839,-23608.758624077294,44.316985491896965,
6069,3acw,69,0,6,0.41845703125,1,-771575.6613761712,-747967.5952721839,-23608.871915758107,18.58246088365163,
6070,3acw,70,0,6,0.41845703125,1,-771575.672244095,-747967.5952721839,-23608.872391224337,18.342805117677425,
6071,3acw,71,0,6,0.41845703125,1,-771553.9133837743,-747967.5952721839,-23608.7475855355,517.235956725253,
6072,3acw,72,0,6,0.41845703125,1,-771574.9790393492,-747967.5952721839,-23608.75206488416,31.55369499091478,
6073,3acw,73,0,6,0.41845703125,1,-771575.201773398,-747967.5952721839,-23608.532096505616,21.344734492040427,
6074,3acw,74,0,6,0.41845703125,1,-771574.6295262955,-747967.5952721839,-23608.80777543826,40.89837338249811,
6075,3acw,75,0,6,0.41845703125,1,-771578.7026319577,-747967.5952721839,-23608.820347071145,-52.73976581946767,
6076,3acw,76,0,6,0.41845703125,1,-771575.3432260532,-747967.5952721839,-23608.47878778026,16.853430360234917,
6077,3acw,77,0,6,0.41845703125,1,-771576.0159031529,-747967.5952721839,-23608.68044078395,5.991356664773451,
6078,3acw,78,0,6,0.41845703125,1,-771577.3659895889,-747967.5952721839,-23608.82487833543,-21.811567104284645,
6079,3acw,79,0,6,0.41845703125,1,-771576.4161063208,-747967.5952721839,-23608.7462971215,-1.7188644092023602,
6080,3acw,80,0,6,0.41845703125,1,-771577.6023788532,-747967.5952721839,-23608.634537756894,-31.65219105682206,
6081,3acw,81,0,6,0.41845703125,1,-771575.9965213317,-747967.5952721839,-23608.868859529946,10.783351582768455,
6082,3acw,82,0,6,0.41845703125,1,-771577.7766585432,-747967.5952721839,-23608.338387430143,-42.50056495687392,
6083,3acw,83,0,6,0.41845703125,1,-771575.4240313991,-747967.5952721839,-23608.181866527055,8.14284805459797,
6084,3acw,84,0,6,0.41845703125,1,-771576.3916311642,-747967.5952721839,-23608.3182560806,-11.025314787714912,
6085,3acw,85,0,6,0.41845703125,1,-771575.8872895021,-747967.5952721839,-23608.337246001218,1.042998208235259,
6086,3acw,86,0,6,0.41845703125,1,-771575.7178339742,-747967.5952721839,-23608.329313874674,4.7678163312033846,
6087,3acw,87,0,6,0.41845703125,1,-771575.8107439502,-747967.5952721839,-23608.278321862672,1.4493576533807484,
6088,3acw,88,0,6,0.41845703125,1,-771576.7262419987,-747967.5952721839,-23608.393742323373,-17.00086982901995,
6089,3acw,89,0,6,0.41845703125,1,-771577.8303490657,-747967.5952721839,-23608.331492066834,-43.89770867581485,
6090,3acw,90,0,6,0.41845703125,1,-771575.406527274,-747967.5952721839,-23608.193920493555,8.824473837853523,
6091,3acw,91,0,6,0.41845703125,1,-771576.797634907,-747967.5952721839,-23608.218016148065,-22.69957127473585,
6092,3acw,92,0,6,0.41845703125,1,-771574.9282758912,-747967.5952721839,-23608.284431517575,21.940446525161857,
6093,3acw,93,0,6,0.41845703125,1,-771576.4337730784,-747967.5952721839,-23608.38179469152,-10.531895238152286,
6094,3acw,94,0,6,0.41845703125,1,-771575.5830869603,-747967.5952721839,-23608.311286867094,7.459443620093951,
6095,3acw,95,0,6,0.41845703125,1,-771575.6099585368,-747967.5952721839,-23608.33472722814,7.3803179106801275,
6096,3acw,96,0,6,0.41845703125,1,-771575.8159228492,-747967.5952721839,-23608.31120979831,2.0883432172318392,
6097,3acw,97,0,6,0.41845703125,1,-771576.8127549816,-747967.5952721839,-23608.268139541582,-21.892375565039284,
6098,3acw,98,0,6,0.41845703125,1,-771574.772791602,-747967.5952721839,-23608.414795458746,28.532263315773513,
6099,3acw,99,0,6,0.41845703125,1,-771575.9571844261,-747967.5952721839,-23608.666427255128,7.022283019536672,
6100,3acw,100,0,6,0.41845703125,1,-771577.9162040878,-747967.5952721839,-23608.794610202764,-35.19781459400302,
7001,2zy1,1,0,7,0.41845703125,0,-786922.2868899708,-747967.5952721839,-38954.673142798965,-0.42604334257701254,
7002,2zy1,2,0,7,0.41845703125,0,-786919.6564550704,-747967.5952721839,-38955.00160295593,67.80769765361786,
7003,2zy1,3,0,7,0.41845703125,0,-786919.7405839119,-747967.5952721839,-38955.05405116898,67.07712500552365,
7004,2zy1,4,0,7,0.41845703125,0,-786920.1052810109,-747967.5952721839,-38954.62496811969,48.7721199296961,
7005,2zy1,5,0,7,0.41845703125,0,-786923.3688948159,-747967.5952721839,-38954.790044137066,-22.681858928215608,
7006,2zy1,6,0,7,0.41845703125,0,-786920.1646828955,-747967.5952721839,-38954.6991838895,49.11373623627336,
7007,2zy1,7,0,7,0.41845703125,0,-786919.7100257728,-747967.5952721839,-38954.7799619518,61.46116493075168,
7008,2zy1,8,0,7,0.41845703125,0,-786920.6900875425,-747967.5952721839,-38954.65464682205,35.97056806970955,
7009,2zy1,9,0,7,0.41845703125,0,-786919.6193895941,-747967.5952721839,-38954.73527509791,62.520781534218116,
7010,2zy1,10,0,7,0.41845703125,0,-786920.5122695273,-747967.5952721839,-38954.46740282403,35.75319974257961,
7011,2zy1,11,0,7,0.41845703125,0,-786920.8311128769,-747967.5952721839,-38955.12402702195,43.542611151868094,
7012,2zy1,12,0,7,0.41845703125,0,-786919.4102911508,-747967.5952721839,-38954.883951612544,70.77126806359212,
7013,2zy1,13,0,7,0.41845703125,0,-786920.4725966905,-747967.5952721839,-38954.99252123458,48.77759531574993,
7014,2zy1,14,0,7,0.41845703125,0,-786919.472183392,-747967.5952721839,-38954.690760382284,64.88890346826011,
7015,2zy1,15,0,7,0.41845703125,0,-786923.6429764334,-747967.5952721839,-38954.33679873568,-39.45441843513347,
7016,2zy1,16,0,7,0.41845703125,0,-786914.1116790477,-747967.5952721839,-38953.469814189506,160.3493822199562,
7017,2zy1,17,0,7,0.41845703125,0,-786918.5902394508,-747967.5952721839,-38953.459523030346,56.83400606377081,
7018,2zy1,18,0,7,0.41845703125,0,-786924.3856547183,-747967.5952721839,-38954.88414777147,-43.95881792659277,
7019,2zy1,19,0,7,0.41845703125,0,-786916.9899327311,-747967.5952721839,-38954.81183023078,124.92290059335285,
7020,2zy1,20,0,7,0.41845703125,0,-786920.282364667,-747967.5952721839,-38953.337659605575,15.002434243477913,
7021,2zy1,21,0,7,0.41845703125,0,-786922.2594174896,-747967.5952721839,-38955.05578173024,9.03135049909352,
7022,2zy1,22,0,7,0.41845703125,0,-786918.7729291623,-747967.5952721839,-38955.07715810167,89.92463216937183,
7023,2zy1,23,0,7,0.41845703125,0,-786918.5142776523,-747967.5952721839,-38954.93096435887,92.51796988885134,
7024,2zy1,24,0,7,0.41845703125,0,-786917.2713619327,-747967.5952721839,-38950.895113416744,28.11135359996676,
7025,2zy1,25,0,7,0.41845703125,0,-786921.5731357192,-747967.5952721839,-38955.23028702361,28.881571756685936,
7026,2zy1,26,0,7,0.41845703125,0,-786920.9606162912,-747967.5952721839,-38955.20784623252,42.48910838746293,
7027,2zy1,27,0,7,0.41845703125,0,-786920.0577375892,-747967.5952721839,-38953.893017180984,32.98930764624381,
7028,2zy1,28,0,7,0.41845703125,0,-786918.9211139983,-747967.5952721839,-38954.468295820785,72.46671091985422,
7029,2zy1,29,0,7,0.41845703125,0,-786921.0160686378,-747967.5952721839,-38954.26163537127,19.39020607070538,
7030,2zy1,30,0,7,0.41845703125,0,-786922.1177825338,-747967.5952721839,-38955.13002289163,14.009572027022992,
7031,2zy1,31,0,7,0.41845703125,0,-786920.2609412972,-747967.5952721839,-38954.75493884904,48.17970467246149,
7032,2zy1,32,0,7,0.41845703125,0,-786919.8778550184,-747967.5952721839,-38955.26031095607,68.66804177459373,
7033,2zy1,33,0,7,0.41845703125,0,-786917.4792653625,-747967.5952721839,-38954.82109219653,113.85220804731945,
7034,2zy1,34,0,7,0.41845703125,0,-786918.3960239595,-747967.5952721839,-38950.65785444604,-3.29529070357707,
7035,2zy1,35,0,7,0.41845703125,0,-786916.5730189834,-747967.5952721839,-38955.1390906058,142.0839635467302,
7036,2zy1,36,0,7,0.41845703125,0,-786918.4264655564,-747967.5952721839,-38952.22840911968,32.22056056770327,
7037,2zy1,37,0,7,0.41845703125,0,-786922.0635511433,-747967.5952721839,-38954.72726262433,5.972305192580978,
7038,2zy1,38,0,7,0.41845703125,0,-786920.333399505,-747967.5952721839,-38954.82672006713,48.16409291807683,
7039,2zy1,39,0,7,0.41845703125,0,-786919.1724375192,-747967.5952721839,-38954.80603898389,74.45959521224641,
7040,2zy1,40,0,7,0.41845703125,0,-786923.5493232912,-747967.5952721839,-38955.03252787216,-21.25083064067518,
7041,2zy1,41,0,7,0.41845703125,0,-786916.0638633822,-747967.5952721839,-38954.931278415745,149.03310769163107,
7042,2zy1,42,0,7,0.41845703125,0,-786918.6416454768,-747967.5952721839,-38952.43256104814,31.96624903144609,
7043,2zy1,43,0,7,0.41845703125,0,-786919.0893858824,-747967.5952721839,-38954.51294828278,69.61597932393131,
7044,2zy1,44,0,7,0.41845703125,0,-786896.1924712661,-747967.5952721839,-38951.767462470365,534.3189671094779,
7045,2zy1,45,0,7,0.41845703125,0,-786885.001282454,-747967.5952721839,-38952.65080911738,812.7643695978575,
7046,2zy1,46,0,7,0.41845703125,0,-786913.9775984442,-747967.5952721839,-38946.90223742353,11.989436246710422,
7047,2zy1,47,0,7,0.41845703125,0,-786916.8541447375,-747967.5952721839,-38954.896175929134,129.99930412745238,
7048,2zy1,48,0,7,0.41845703125,0,-786918.8072210109,-747967.5952721839,-38954.583912738395,77.75933506126154,
7049,2zy1,49,0,7,0.41845703125,0,-786918.7802032386,-747967.5952721839,-38952.36478621585,27.20810637656771,
7050,2zy1,50,0,7,0.41845703125,0,-786919.0743231332,-747967.5952721839,-38954.34409720527,66.06953622199572,
7051,2zy1,51,0,7,0.41845703125,0,-786919.4085502777,-747967.5952721839,-38954.89095313174,70.97287241911961,
7052,2zy1,52,0,7,0.41845703125,0,-786919.4998115903,-747967.5952721839,-38950.72226012571,-27.26400790189377,
7053,2zy1,53,0,7,0.41845703125,0,-786920.2336176937,-747967.5952721839,-38953.677257844036,23.957887576216216,
7054,2zy1,54,0,7,0.41845703125,0,-786921.5817197268,-747967.5952721839,-38954.536051341165,12.674164677649403,
7055,2zy1,55,0,7,0.41845703125,0,-786919.4790800664,-747967.5952721839,-38954.54756260735,61.42764324035363,
7056,2zy1,56,0,7,0.41845703125,0,-786916.139775843,-747967.5952721839,-38954.3963691674,134.9472244518901,
7057,2zy1,57,0,7,0.41845703125,0,-786922.9962458913,-747967.5952721839,-38955.06105334384,-7.838749803398242,
7058,2zy1,58,0,7,0.41845703125,0,-786916.8771678066,-747967.5952721839,-38953.49030698167,97.04827143385837,
7059,2zy1,59,0,7,0.41845703125,0,-786919.2237207744,-747967.5952721839,-38953.39903653485,40.830727978563665,
7060,2zy1,60,0,7,0.41845703125,0,-786923.4994210905,-747967.5952721839,-38955.070275255275,-19.22958322074028,
7061,2zy1,61,0,7,0.41845703125,0,-786914.7738296692,-747967.5952721839,-38950.87875945193,85.32868443347135,
7062,2zy1,62,0,7,0.41845703125,0,-786919.2224094577,-747967.5952721839,-38954.79475183116,73.04692700942994,
7063,2zy1,63,0,7,0.41845703125,0,-786914.9126785699,-747967.5952721839,-38953.46138108594,141.68342243754267,
7064,2zy1,64,0,7,0.41845703125,0,-786913.7199435985,-747967.5952721839,-38948.09523297174,45.44222904135832,
7065,2zy1,65,0,7,0.41845703125,0,-786913.0135684763,-747967.5952721839,-38950.9713502608,128.0564666437209,
7066,2zy1,66,0,7,0.41845703125,0,-786922.3718488073,-747967.5952721839,-38954.86114216672,1.950127755765904,
7067,2zy1,67,0,7,0.41845703125,0,-786918.4513407949,-747967.5952721839,-38953.95810974461,71.53476793358129,
7068,2zy1,68,0,7,0.41845703125,0,-786911.9737273759,-747967.5952721839,-38954.03554648979,222.69781577804287,
7069,2zy1,69,0,7,0.41845703125,0,-786920.6224611704,-747967.5952721839,-38954.89612556321,43.09870131868061,
7070,2zy1,70,0,7,0.41845703125,0,-786914.4366293555,-747967.5952721839,-38955.16254241096,191.89109021847855,
7071,2zy1,71,0,7,0.41845703125,0,-786914.1985815618,-747967.5952721839,-38954.8429367624,190.01032140641948,
7072,2zy1,72,0,7,0.41845703125,0,-786921.5108836001,-747967.5952721839,-38954.86699051483,21.939323208531476,
7073,2zy1,73,0,7,0.41845703125,0,-786924.2631407385,-747967.5952721839,-38953.71928704602,-67.99590491089886,
7074,2zy1,74,0,7,0.41845703125,0,-786919.4022552675,-747967.5952721839,-38953.916478880514,48.646128723150746,
7075,2zy1,75,0,7,0.41845703125,0,-786913.8127821538,-747967.5952721839,-38953.64570338351,171.2982095084408,
7076,2zy1,76,0,7,0.41845703125,0,-786914.2945545769,-747967.5952721839,-38953.71428341491,161.76976659821403,
7077,2zy1,77,0,7,0.41845703125,0,-786922.8741935347,-747967.5952721839,-38953.790260859554,-34.329326462776194,
7078,2zy1,78,0,7,0.41845703125,0,-786919.9808735852,-747967.5952721839,-38953.58650744783,27.693551325366478,
7079,2zy1,79,0,7,0.41845703125,0,-786920.5978000317,-747967.5952721839,-38953.501303978985,11.502050830654179,
7080,2zy1,80,0,7,0.41845703125,0,-786919.7627534721,-747967.5952721839,-38953.82821626289,38.29745831786387,
7081,2zy1,81,0,7,0.41845703125,0,-786920.9347577994,-747967.5952721839,-38953.81177396399,10.891228050451927,
7082,2zy1,82,0,7,0.41845703125,0,-786920.9936533427,-747967.5952721839,-38954.56776822435,26.966706356971105,
7083,2zy1,83,0,7,0.41845703125,0,-786918.3254098449,-747967.5952721839,-38953.68387866837,68.11488578017573,
7084,2zy1,84,0,7,0.41845703125,0,-786920.3304444706,-747967.5952721839,-38953.54395432098,18.6509567849857,
7085,2zy1,85,0,7,0.41845703125,0,-786919.0077318851,-747967.5952721839,-38953.85820973743,56.40033569262992,
7086,2zy1,86,0,7,0.41845703125,0,-786921.2485058312,-747967.5952721839,-38953.6156300388,-0.8671598134230339,
7087,2zy1,87,0,7,0.41845703125,0,-786919.9688409865,-747967.5952721839,-38953.936090656345,36.03260994453272,
7088,2zy1,88,0,7,0.41845703125,0,-786918.5954169787,-747967.5952721839,-38953.710965045524,62.51300005166038,
7089,2zy1,89,0,7,0.41845703125,0,-786921.0311833476,-747967.5952721839,-38955.07725752217,37.85034620641262,
7090,2zy1,90,0,7,0.41845703125,0,-786918.7945048964,-747967.5952721839,-38953.67509944068,57.09484310739885,
7091,2zy1,91,0,7,0.41845703125,0,-786919.21364449,-747967.5952721839,-38953.862878092354,51.7595330397433,
7092,2zy1,92,0,7,0.41845703125,0,-786923.1876120573,-747967.5952721839,-38954.98574788196,-13.988343632942026,
7093,2zy1,93,0,7,0.41845703125,0,-786917.783577547,-747967.5952721839,-38953.71042210681,81.22194163423596,
7094,2zy1,94,0,7,0.41845703125,0,-786916.1891136771,-747967.5952721839,-38953.86417276489,121.53672637286857,
7095,2zy1,95,0,7,0.41845703125,0,-786920.0114199821,-747967.5952721839,-38955.04144383294,60.540764779015745,
7096,2zy1,96,0,7,0.41845703125,0,-786921.1543739891,-747967.5952721839,-38954.980142005516,32.76996550843961,
7097,2zy1,97,0,7,0.41845703125,0,-786924.010247976,-747967.5952721839,-38954.715290256565,-39.19567959082249,
7098,2zy1,98,0,7,0.41845703125,0,-786920.5832673765,-747967.5952721839,-38954.87270898448,43.462532543798176,
7099,2zy1,99,0,7,0.41845703125,0,-786919.78133674,-747967.5952721839,-38954.7404888354,58.9064232719116,
7100,2zy1,100,0,7,0.41845703125,0,-786920.9314712143,-747967.5952721839,-38954.41979832275,24.988393310531915,
8001,4ea2,1,0,8,0.41845703125,2,-774416.4806010494,-747967.5952721839,-26447.974012538,-21.015453758962224,
8002,4ea2,2,0,8,0.41845703125,2,-774417.1351468782,-747967.5952721839,-26447.416935607027,-48.95613836378389,
8003,4ea2,3,0,8,0.41845703125,2,-774417.6911617426,-747967.5952721839,-26448.083079382013,-46.41650535266658,
8004,4ea2,4,0,8,0.41845703125,2,-774415.6143667622,-747967.5952721839,-26447.744137927108,-6.340651007083742,
8005,4ea2,5,0,8,0.41845703125,2,-774416.5910330781,-747967.5952721839,-26448.12782995324,-20.014962979190543,
8006,4ea2,6,0,8,0.41845703125,2,-774416.9055771749,-747967.5952721839,-26448.19659595115,-25.68274058213389,
8007,4ea2,7,0,8,0.41845703125,2,-774415.1238125173,-747967.5952721839,-26447.78142802341,5.831728671598356,
8008,4ea2,8,0,8,0.41845703125,2,-774417.4664451404,-747967.5952721839,-26448.22132448774,-38.046409528077255,
8009,4ea2,9,0,8,0.41845703125,2,-774413.1732904981,-747967.5952721839,-26447.476102872894,43.77086975219377,
8010,4ea2,10,0,8,0.41845703125,2,-774401.0909352074,-747967.5952721839,-26433.75417028291,5.961319018974236,
8011,4ea2,11,0,8,0.41845703125,2,-774416.3225355801,-747967.5952721839,-26447.511272831987,-28.041408568913692,
8012,4ea2,12,0,8,0.41845703125,2,-774406.534668885,-747967.5952721839,-26436.997725649886,-44.77599814948796,
8013,4ea2,13,0,8,0.41845703125,2,-774406.7313519636,-747967.5952721839,-26445.55017094235,147.91245604605308,
8014,4ea2,14,0,8,0.41845703125,2,-774401.1312537859,-747967.5952721839,-26447.647048517298,325.40893354046926,
8015,4ea2,15,0,8,0.41845703125,2,-774403.8575864938,-747967.5952721839,-26441.080618783068,111.11274076485763,
8016,4ea2,16,0,8,0.41845703125,2,-774410.7716687544,-747967.5952721839,-26442.303171678595,-20.137044387061103,
8017,4ea2,17,0,8,0.41845703125,2,-774419.0502174122,-747967.5952721839,-26447.791628166244,-84.47809832816468,
8018,4ea2,18,0,8,0.41845703125,2,-774416.7957784454,-747967.5952721839,-26447.730009122894,-33.91046960077327,
8019,4ea2,19,0,8,0.41845703125,2,-774414.004299676,-747967.5952721839,-26446.491619630884,1.9046199654375175,
8020,4ea2,20,0,8,0.41845703125,2,-774402.2529167752,-747967.5952721839,-26431.374137683917,-75.71946808973885,
8021,4ea2,21,0,8,0.41845703125,2,-774415.6669300268,-747967.5952721839,-26446.03447405915,-46.97857408623212,
8022,4ea2,22,0,8,0.41845703125,2,-774412.2948880116,-747967.5952721839,-26443.862746878694,-19.298656427922605,
8023,4ea2,23,0,8,0.41845703125,2,-774412.5465572682,-747967.5952721839,-26446.348590417932,32.22262647881958,
8024,4ea2,24,0,8,0.41845703125,2,-774413.0765384956,-747967.5952721839,-26444.291478677802,-27.437154640225422,
8025,4ea2,25,0,8,0.41845703125,2,-774412.9486702752,-747967.5952721839,-26444.993416830108,-8.30136509129782,
8026,4ea2,26,0,8,0.41845703125,2,-774411.8767110627,-747967.5952721839,-26446.50156037433,51.19721793622428,
8027,4ea2,27,0,8,0.41845703125,2,-774393.2015820054,-747967.5952721839,-26425.191782458853,-9.559228072966468,
8028,4ea2,28,0,8,0.41845703125,2,-774404.8344682676,-747967.5952721839,-26438.076909824424,19.31813778537267,
8029,4ea2,29,0,8,0.41845703125,2,-774409.0423202285,-747967.5952721839,-26443.032974525497,36.57233346747732,
8030,4ea2,30,0,8,0.41845703125,2,-774401.3505737255,-747967.5952721839,-26447.010442777704,305.6708184756647,
8031,4ea2,31,0,8,0.41845703125,2,-774410.0358519611,-747967.5952721839,-26442.74489961488,7.017782171869445,
8032,4ea2,32,0,8,0.41845703125,2,-774413.2014997228,-747967.5952721839,-26446.659908815436,24.29846747584503,
8033,4ea2,33,0,8,0.41845703125,2,-774416.5297002416,-747967.5952721839,-26448.174359961555,-17.527586686832954,
8034,4ea2,34,0,8,0.41845703125,2,-774402.3714952093,-747967.5952721839,-26437.686212106775,67.10594239760599,
8035,4ea2,35,0,8,0.41845703125,2,-774411.3625526783,-747967.5952721839,-26446.74228291137,68.6051855317325,
8036,4ea2,36,0,8,0.41845703125,2,-774407.6241875065,-747967.5952721839,-26442.463309808783,56.13847048679899,
8037,4ea2,37,0,8,0.41845703125,2,-774399.7351279625,-747967.5952721839,-26437.087424322173,114.09364104296195,
8038,4ea2,38,0,8,0.41845703125,2,-774379.964561529,-747967.5952721839,-26419.33398111088,160.60960759014387,
8039,4ea2,39,0,8,0.41845703125,2,-774398.6079229173,-747967.5952721839,-26431.966957285236,22.0068318822085,
8040,4ea2,40,0,8,0.41845703125,2,-774406.3284637255,-747967.5952721839,-26441.767944499068,69.98306572913904,
8041,4ea2,41,0,8,0.41845703125,2,-774408.4581062415,-747967.5952721839,-26442.800335212753,44.67983805902366,
8042,4ea2,42,0,8,0.41845703125,2,-774392.2392242919,-747967.5952721839,-26424.17338029964,-10.85164369418757,
8043,4ea2,43,0,8,0.41845703125,2,-774396.5242303816,-747967.5952721839,-26433.12670358939,96.80230838569614,
8044,4ea2,44,0,8,0.41845703125,2,-774398.3587583376,-747967.5952721839,-26431.22027952891,10.53390547819228,
8045,4ea2,45,0,8,0.41845703125,2,-774390.007496796,-747967.5952721839,-26435.730659320187,307.1304006152126,
8046,4ea2,46,0,8,0.41845703125,2,-774395.7265786303,-747967.5952721839,-26432.969565197036,111.57289733617758,
8047,4ea2,47,0,8,0.41845703125,2,-774400.8809323963,-747967.5952721839,-26437.935157760214,107.219960589847,
8048,4ea2,48,0,8,0.41845703125,2,-774415.3519634976,-747967.5952721839,-26446.3995768271,-31.295803529782265,
8049,4ea2,49,0,8,0.41845703125,2,-774417.8992641936,-747967.5952721839,-26447.82583801372,-57.147588756448805,
8050,4ea2,50,0,8,0.41845703125,2,-774402.2325625042,-747967.5952721839,-26433.334852292344,-30.03493444145414,
8051,4ea2,51,0,8,0.41845703125,2,-774386.7882344481,-747967.5952721839,-26432.36271856649,303.70179512705556,
8052,4ea2,52,0,8,0.41845703125,2,-774401.7518582119,-747967.5952721839,-26433.0083076201,-26.479929149458034,
8053,4ea2,53,0,8,0.41845703125,2,-774384.6680175136,-747967.5952721839,-26436.374577566192,445.11082550819515,
8054,4ea2,54,0,8,0.41845703125,2,-774400.2592551628,-747967.5952721839,-26431.41589282374,-28.78164272009313,
8055,4ea2,55,0,8,0.41845703125,2,-774396.7947419791,-747967.5952721839,-26431.24619249923,47.1985468119176,
8056,4ea2,56,0,8,0.41845703125,2,-774404.8775971157,-747967.5952721839,-26438.209495588355,21.38106327223596,
8057,4ea2,57,0,8,0.41845703125,2,-774408.9153740624,-747967.5952721839,-26445.44203607659,95.05406072998085,
8058,4ea2,58,0,8,0.41845703125,2,-774411.3201328735,-747967.5952721839,-26442.237190111708,-34.30649851775658,
8059,4ea2,59,0,8,0.41845703125,2,-774392.669525033,-747967.5952721839,-26428.914685293268,88.56247606910375,
8060,4ea2,60,0,8,0.41845703125,2,-774410.9212737156,-747967.5952721839,-26440.349970921092,-68.6288962407918,
8061,4ea2,61,0,8,0.41845703125,2,-774404.2665666858,-747967.5952721839,-26437.17587684016,11.635945146700601,
8062,4ea2,62,0,8,0.41845703125,2,-774407.2350716661,-747967.5952721839,-26445.366757198404,132.06678233871114,
8063,4ea2,63,0,8,0.41845703125,2,-774419.1394877342,-747967.5952721839,-26449.00131039245,-58.64078602125135,
8064,4ea2,64,0,8,0.41845703125,2,-774405.9147938563,-747967.5952721839,-26449.122324153,249.1185433076177,
8065,4ea2,65,0,8,0.41845703125,2,-774418.0146717647,-747967.5952721839,-26447.66115002255,-63.60674586681015,
8066,4ea2,66,0,8,0.41845703125,2,-774417.3461422096,-747967.5952721839,-26449.102024599146,-14.962730994116978,
8067,4ea2,67,0,8,0.41845703125,2,-774418.5873026309,-747967.5952721839,-26449.102922364305,-43.56386729818069,
8068,4ea2,68,0,8,0.41845703125,2,-774417.2108466103,-747967.5952721839,-26448.94720391851,-15.412990065025683,
8069,4ea2,69,0,8,0.41845703125,2,-774417.5235287468,-747967.5952721839,-26448.078503652618,-42.65631546264577,
8070,4ea2,70,0,8,0.41845703125,2,-774419.5986091862,-747967.5952721839,-26449.18132011516,-65.07725540607687,
8071,4ea2,71,0,8,0.41845703125,2,-774417.332953578,-747967.5952721839,-26449.243158622812,-11.403966020466859,
8072,4ea2,72,0,8,0.41845703125,2,-774418.0522441042,-747967.5952721839,-26449.24755875688,-27.88973010266378,
8073,4ea2,73,0,8,0.41845703125,2,-774419.2335851559,-747967.5952721839,-26449.304349943206,-53.82246606119125,
8074,4ea2,74,0,8,0.41845703125,2,-774418.3918566476,-747967.5952721839,-26449.038737460207,-40.53691490246244,
8075,4ea2,75,0,8,0.41845703125,2,-774418.1722489056,-747967.5952721839,-26449.137967988085,-33.18432973153042,
8076,4ea2,76,0,8,0.41845703125,2,-774417.7473679853,-747967.5952721839,-26447.553594513945,-59.92286322795897,
8077,4ea2,77,0,8,0.41845703125,2,-774419.9134586375,-747967.5952721839,-26449.03427593331,-75.72877562598818,
8078,4ea2,78,0,8,0.41845703125,2,-774418.2460328708,-747967.5952721839,-26449.27989940269,-31.612812214993284,
8079,4ea2,79,0,8,0.41845703125,2,-774416.2800478396,-747967.5952721839,-26449.058611436914,8.62085791256955,
8080,4ea2,80,0,8,0.41845703125,2,-774416.7510194851,-747967.5952721839,-26449.005273266845,-3.4700136660128695,
8081,4ea2,81,0,8,0.41845703125,2,-774419.7925043327,-747967.5952721839,-26449.01710586171,-73.33545435186343,
8082,4ea2,82,0,8,0.41845703125,2,-774417.5269415448,-747967.5952721839,-26448.963274880454,-22.331707236564753,
8083,4ea2,83,0,8,0.41845703125,2,-774418.0950412211,-747967.5952721839,-26449.54357127769,-22.050444169663184,
8084,4ea2,84,0,8,0.41845703125,2,-774410.009409405,-747967.5952721839,-26448.842261000686,148.23605588124258,
8085,4ea2,85,0,8,0.41845703125,2,-774417.5094713342,-747967.5952721839,-26449.21420876603,-16.142161737090778,
8086,4ea2,86,0,8,0.41845703125,2,-774419.6542221676,-747967.5952721839,-26449.179124518465,-66.41035288439741,
8087,4ea2,87,0,8,0.41845703125,2,-774418.6985854117,-747967.5952721839,-26449.175922914575,-44.44667650560585,
8088,4ea2,88,0,8,0.41845703125,2,-774416.6588399482,-747967.5952721839,-26448.932435675673,-3.0239778032554736,
8089,4ea2,89,0,8,0.41845703125,2,-774419.7293472063,-747967.5952721839,-26449.35629312615,-64.05717228190879,
8090,4ea2,90,0,8,0.41845703125,2,-774417.7804939072,-747967.5952721839,-26448.161371513437,-46.67109456610799,
8091,4ea2,91,0,8,0.41845703125,2,-774416.6706071553,-747967.5952721839,-26447.68543080909,-32.05195141538539,
8092,4ea2,92,0,8,0.41845703125,2,-774416.4019752664,-747967.5952721839,-26448.149648114257,-15.15204752295045,
8093,4ea2,93,0,8,0.41845703125,2,-774414.9473600009,-747967.5952721839,-26447.271999045417,-1.8468909486702747,
8094,4ea2,94,0,8,0.41845703125,2,-774417.3541465471,-747967.5952721839,-26448.248651667665,-34.82656270678244,
8095,4ea2,95,0,8,0.41845703125,2,-774414.0447895286,-747967.5952721839,-26447.032269283365,13.438578954819722,
8096,4ea2,96,0,8,0.41845703125,2,-774417.0169973,-747967.5952721839,-26448.066038056426,-31.26288628269046,
8097,4ea2,97,0,8,0.41845703125,2,-774414.3452188888,-747967.5952721839,-26447.02784089665,6.408392299600172,
8098,4ea2,98,0,8,0.41845703125,2,-774414.5820625941,-747967.5952721839,-26447.590779586862,13.928321296610326,
8099,4ea2,99,0,8,0.41845703125,2,-774417.9670736996,-747967.5952721839,-26447.37309221847,-69.1518791787185,
8100,4ea2,100,0,8,0.41845703125,2,-774416.7926234228,-747967.5952721839,-26447.0207629643,-50.193318014489506,
9001,2zcr,1,0,9,0.41845703125,0,-801522.4555904879,-747967.5952721839,-53557.13778472836,52.519623410633564,
9002,2zcr,2,0,9,0.41845703125,0,-801522.5275062779,-747967.5952721839,-53557.30293495346,54.66966056143983,
9003,2zcr,3,0,9,0.41845703125,0,-801521.5744750506,-747967.5952721839,-53556.62537340213,61.02214220093924,
9004,2zcr,4,0,9,0.41845703125,0,-801522.0465210094,-747967.5952721839,-53557.141251513254,62.03293564481106,
9005,2zcr,5,0,9,0.41845703125,0,-801522.4194807275,-747967.5952721839,-53557.3942657202,59.26692644755302,
9006,2zcr,6,0,9,0.41845703125,0,-801523.9090020964,-747967.5952721839,-53557.062363096964,17.263891357728927,
9007,2zcr,7,0,9,0.41845703125,0,-801524.3842312699,-747967.5952721839,-53557.25088361789,10.652232760442482,
9008,2zcr,8,0,9,0.41845703125,0,-801522.3612152352,-747967.5952721839,-53557.20547671009,56.25698262262694,
9009,2zcr,9,0,9,0.41845703125,0,-801521.7470131083,-747967.5952721839,-53557.53697047527,78.06524797410991,
9010,2zcr,10,0,9,0.41845703125,0,-801524.0473601678,-747967.5952721839,-53557.5152370422,24.516799708747246,
9011,2zcr,11,0,9,0.41845703125,0,-801522.739957512,-747967.5952721839,-53557.26980400969,49.00640100195657,
9012,2zcr,12,0,9,0.41845703125,0,-801522.5915715114,-747967.5952721839,-53557.24160654236,51.77801442346978,
9013,2zcr,13,0,9,0.41845703125,0,-801526.153135763,-747967.5952721839,-53557.347124406646,-27.920308597512246,
9014,2zcr,14,0,9,0.41845703125,0,-801508.1980353305,-747967.5952721839,-53557.38498015095,387.0071179319919,
9015,2zcr,15,0,9,0.41845703125,0,-801519.398196817,-747967.5952721839,-53556.08479834486,98.74235353377827,
9016,2zcr,16,0,9,0.41845703125,0,-801522.625939758,-747967.5952721839,-53557.20107678462,50.05082541022949,
9017,2zcr,17,0,9,0.41845703125,0,-801520.4614147707,-747967.5952721839,-53555.564912715505,62.235117636728326,
9018,2zcr,18,0,9,0.41845703125,0,-801520.3356340686,-747967.5952721839,-53555.31261558224,59.317579424543986,
9019,2zcr,19,0,9,0.41845703125,0,-801518.0919139838,-747967.5952721839,-53555.76252139498,121.43406827206014,
9020,2zcr,20,0,9,0.41845703125,0,-801510.4426245256,-747967.5952721839,-53557.01694519211,326.75857366615537,
9021,2zcr,21,0,9,0.41845703125,0,-801522.521039696,-747967.5952721839,-53556.27402884653,31.09164499166612,
9022,2zcr,22,0,9,0.41845703125,0,-801516.5627884874,-747967.5952721839,-53551.49820070852,58.35896876551767,
9023,2zcr,23,0,9,0.41845703125,0,-801524.6610936677,-747967.5952721839,-53557.0656641512,-0.0036281769726250732,
9024,2zcr,24,0,9,0.41845703125,0,-801526.7320796712,-747967.5952721839,-53557.34112099696,-41.40951420026546,
9025,2zcr,25,0,9,0.41845703125,0,-801517.4877122506,-747967.5952721839,-53557.36595375235,172.3433198113206,
9026,2zcr,26,0,9,0.41845703125,0,-801523.5265320996,-747967.5952721839,-53557.349615046274,32.708046329450475,
9027,2zcr,27,0,9,0.41845703125,0,-801529.2826919263,-747967.5952721839,-53557.065519431126,-106.58355319792828,
9028,2zcr,28,0,9,0.41845703125,0,-801517.233686538,-747967.5952721839,-53556.386866220724,155.62299705375722,
9029,2zcr,29,0,9,0.41845703125,0,-801517.3952663257,-747967.5952721839,-53557.41495437319,175.60515464437484,
9030,2zcr,30,0,9,0.41845703125,0,-801523.3106639693,-747967.5952721839,-53556.254609116804,12.434647062589956,
9031,2zcr,31,0,9,0.41845703125,0,-801518.6147285259,-747967.5952721839,-53557.10775730897,140.399555656532,
9032,2zcr,32,0,9,0.41845703125,0,-801517.0306359843,-747967.5952721839,-53557.17151180793,178.39981115282615,
9033,2zcr,33,0,9,0.41845703125,0,-801526.4074547454,-747967.5952721839,-53557.28801126173,-35.14822516032785,
9034,2zcr,34,0,9,0.41845703125,0,-801513.806437389,-747967.5952721839,-53555.88496018339,223.08301180031305,
9035,2zcr,35,0,9,0.41845703125,0,-801514.1392280614,-747967.5952721839,-53550.03608847548,80.53049080560376,
9036,2zcr,36,0,9,0.41845703125,0,-801523.155872257,-747967.5952721839,-53557.317446896326,40.51385019861294,
9037,2zcr,37,0,9,0.41845703125,0,-801521.4798027589,-747967.5952721839,-53556.79945332697,67.2197155439478,
9038,2zcr,38,0,9,0.41845703125,0,-801523.2428818056,-747967.5952721839,-53557.393498787176,40.26116060622333,
9039,2zcr,39,0,9,0.41845703125,0,-801518.1122043735,-747967.5952721839,-53551.8091310649,29.798813971043266,
9040,2zcr,40,0,9,0.41845703125,0,-801518.6072418406,-747967.5952721839,-53551.293290892136,6.487421805914209,
9041,2zcr,41,0,9,0.41845703125,0,-801520.3995603188,-747967.5952721839,-53557.08571467688,98.73204155444789,
9042,2zcr,42,0,9,0.41845703125,0,-801521.6482398072,-747967.5952721839,-53557.2260577469,73.17319656514873,
9043,2zcr,43,0,9,0.41845703125,0,-801519.4925617432,-747967.5952721839,-53557.16401193429,121.45350323767369,
9044,2zcr,44,0,9,0.41845703125,0,-801522.0633296384,-747967.5952721839,-53557.03492302586,59.19332628160204,
9045,2zcr,45,0,9,0.41845703125,0,-801503.2415903076,-747967.5952721839,-53549.07692886288,309.7172413458387,
9046,2zcr,46,0,9,0.41845703125,0,-801511.0210725078,-747967.5952721839,-53547.994736620676,105.3621740056581,
9047,2zcr,47,0,9,0.41845703125,0,-801517.6975486135,-747967.5952721839,-53557.41964800049,168.74259710376512,
9048,2zcr,48,0,9,0.41845703125,0,-801520.0249516978,-747967.5952721839,-53557.58025593449,118.77511390203092,
9049,2zcr,49,0,9,0.41845703125,0,-801514.7363507017,-747967.5952721839,-53556.050572195556,205.45780510312994,
9050,2zcr,50,0,9,0.41845703125,0,-801510.6345774988,-747967.5952721839,-53557.2959377854,328.7657549897806,
9051,2zcr,51,0,9,0.41845703125,0,-801524.6937341845,-747967.5952721839,-53557.22680602361,2.959683481248402,
9052,2zcr,52,0,9,0.41845703125,0,-801522.6233263031,-747967.5952721839,-53557.06548727442,46.98432472754051,
9053,2zcr,53,0,9,0.41845703125,0,-801511.8752525761,-747967.5952721839,-53557.29069737489,300.03426129008864,
9054,2zcr,54,0,9,0.41845703125,0,-801521.6082417378,-747967.5952721839,-53557.1390281706,72.088624250827,
9055,2zcr,55,0,9,0.41845703125,0,-801520.730367974,-747967.5952721839,-53557.27231887866,95.40663091869223,
9056,2zcr,56,0,9,0.41845703125,0,-801515.5172425224,-747967.5952721839,-53557.41057581593,218.81244045669388,
9057,2zcr,57,0,9,0.41845703125,0,-801509.2642676248,-747967.5952721839,-53557.478033432315,364.5650767562317,
9058,2zcr,58,0,9,0.41845703125,0,-801517.227494956,-747967.5952721839,-53555.139803120386,127.00782005239482,
9059,2zcr,59,0,9,0.41845703125,0,-801522.8239581591,-747967.5952721839,-53557.19798535992,45.4131226543169,
9060,2zcr,60,0,9,0.41845703125,0,-801515.7788496031,-747967.5952721839,-53556.00484664131,180.36275299134712,
9061,2zcr,61,0,9,0.41845703125,0,-801519.8257201626,-747967.5952721839,-53557.440485963176,120.14633014005705,
9062,2zcr,62,0,9,0.41845703125,0,-801515.1013426492,-747967.5952721839,-53557.50953329493,230.68533305409937,
9063,2zcr,63,0,9,0.41845703125,0,-801506.2985240227,-747967.5952721839,-53557.42221317582,431.6695032518812,
9064,2zcr,64,0,9,0.41845703125,0,-801525.2449254409,-747967.5952721839,-53557.09610540558,-12.765116703898737,
9065,2zcr,65,0,9,0.41845703125,0,-801502.1307498827,-747967.5952721839,-53557.11622675648,520.7244436962726,
9066,2zcr,66,0,9,0.41845703125,0,-801522.661204041,-747967.5952721839,-53557.20881927897,49.416157887644005,
9067,2zcr,67,0,9,0.41845703125,0,-801521.1461586213,-747967.5952721839,-53556.20777649571,61.26934026997005,
9068,2zcr,68,0,9,0.41845703125,0,-801522.6448411657,-747967.5952721839,-53556.333813735735,29.615387572874383,
9069,2zcr,69,0,9,0.41845703125,0,-801508.980999188,-747967.5952721839,-53556.05092854197,338.1875815085745,
9070,2zcr,70,0,9,0.41845703125,0,-801504.312841014,-747967.5952721839,-53556.9828205793,467.32780726151475,
9071,2zcr,71,0,9,0.41845703125,0,-801521.6921319967,-747967.5952721839,-53556.613631614935,58.03813652066688,
9072,2zcr,72,0,9,0.41845703125,0,-801514.8279191717,-747967.5952721839,-53547.20530750741,-0.6304633946492223,
9073,2zcr,73,0,9,0.41845703125,0,-801519.4043517276,-747967.5952721839,-53556.14262170484,99.93385628333026,
9074,2zcr,74,0,9,0.41845703125,0,-801523.1756086508,-747967.5952721839,-53557.02417446066,33.29569511485362,
9075,2zcr,75,0,9,0.41845703125,0,-801518.1841906762,-747967.5952721839,-53553.608260133755,69.62767233941615,
9076,2zcr,76,0,9,0.41845703125,0,-801514.1373582049,-747967.5952721839,-53553.38753179599,157.85972971506737,
9077,2zcr,77,0,9,0.41845703125,0,-801517.4665495767,-747967.5952721839,-53553.18519602115,76.42077903487305,
9078,2zcr,78,0,9,0.41845703125,0,-801516.6154601583,-747967.5952721839,-53553.68982938815,107.68448917273017,
9079,2zcr,79,0,9,0.41845703125,0,-801521.7894288605,-747967.5952721839,-53557.33313376595,72.38653130702377,
9080,2zcr,80,0,9,0.41845703125,0,-801518.3866660162,-747967.5952721839,-53553.395575204384,60.05384909046587,
9081,2zcr,81,0,9,0.41845703125,0,-801510.1847340032,-747967.5952721839,-53553.575793304946,253.35082270850174,
9082,2zcr,82,0,9,0.41845703125,0,-801524.18816878,-747967.5952721839,-53557.26311088492,15.45550866486947,
9083,2zcr,83,0,9,0.41845703125,0,-801520.7069091952,-747967.5952721839,-53553.512610533726,9.246669093016731,
9084,2zcr,84,0,9,0.41845703125,0,-801520.5509681717,-747967.5952721839,-53553.716669359696,17.548462840528202,
9085,2zcr,85,0,9,0.41845703125,0,-801518.2717641755,-747967.5952721839,-53553.48927370603,64.86428726229461,
9086,2zcr,86,0,9,0.41845703125,0,-801516.4922537366,-747967.5952721839,-53553.457515844595,105.16841917121855,
9087,2zcr,87,0,9,0.41845703125,0,-801515.413658992,-747967.5952721839,-53553.802928694975,138.0068144253741,
9088,2zcr,88,0,9,0.41845703125,0,-801517.316278325,-747967.5952721839,-53553.400475093615,84.85056976934408,
9089,2zcr,89,0,9,0.41845703125,0,-801523.9423345341,-747967.5952721839,-53557.3035217016,22.056476619840783,
9090,2zcr,90,0,9,0.41845703125,0,-801523.839441092,-747967.5952721839,-53557.246192464125,23.107212141059712,
9091,2zcr,91,0,9,0.41845703125,0,-801523.0282354215,-747967.5952721839,-53557.2479819148,41.85532501828209,
9092,2zcr,92,0,9,0.41845703125,0,-801522.8901949988,-747967.5952721839,-53557.378864058745,48.05682672901566,
9093,2zcr,93,0,9,0.41845703125,0,-801522.3164508953,-747967.5952721839,-53557.31724978378,59.86682113649999,
9094,2zcr,94,0,9,0.41845703125,0,-801523.801430182,-747967.5952721839,-53557.507563123,30.011115130548777,
9095,2zcr,95,0,9,0.41845703125,0,-801524.0487094829,-747967.5952721839,-53557.11451453854,15.244803302055766,
9096,2zcr,96,0,9,0.41845703125,0,-801524.3248267339,-747967.5952721839,-53557.33495093275,13.960772240404467,
9097,2zcr,97,0,9,0.41845703125,0,-801522.271933259,-747967.5952721839,-53557.210367420266,58.428656361614365,
9098,2zcr,98,0,9,0.41845703125,0,-801522.5210061828,-747967.5952721839,-53557.49099505831,59.15632535892042,
9099,2zcr,99,0,9,0.41845703125,0,-801522.9879220432,-747967.5952721839,-53557.39740491797,46.23074991891635,
9100,2zcr,100,0,9,0.41845703125,0,-801522.0962212994,-747967.5952721839,-53557.233108827364,63.00509971650631,
10001,2zcq,1,0,10,0.41845703125,0,-799291.2035029612,-747967.5952721839,-51323.435904623104,-3.9739355217141026,
10002,2zcq,2,0,10,0.41845703125,0,-799291.0792022276,-747967.5952721839,-51323.54547903039,1.4193533501593727,
10003,2zcq,3,0,10,0.41845703125,0,-799290.4304299284,-747967.5952721839,-51322.91058585141,1.7394134678280655,
10004,2zcq,4,0,10,0.41845703125,0,-799286.9986724039,-747967.5952721839,-51323.170499325744,86.8713691112348,
10005,2zcq,5,0,10,0.41845703125,0,-799291.4211708835,-747967.5952721839,-51323.11326527689,-16.433717129693658,
10006,2zcq,6,0,10,0.41845703125,0,-799290.0858535698,-747967.5952721839,-51323.30251973965,18.723743241968183,
10007,2zcq,7,0,10,0.41845703125,0,-799289.9929651698,-747967.5952721839,-51323.136615873314,17.039966587227376,
10008,2zcq,8,0,10,0.41845703125,0,-799285.0307489268,-747967.5952721839,-51321.80949366187,100.86722637149903,
10009,2zcq,9,0,10,0.41845703125,0,-799293.8381431928,-747967.5952721839,-51323.15519523714,-71.20349482086252,
10010,2zcq,10,0,10,0.41845703125,0,-799291.5745360932,-747967.5952721839,-51323.21404445269,-17.64637987959013,
10011,2zcq,11,0,10,0.41845703125,0,-799290.2215825698,-747967.5952721839,-51323.2425823817,14.211569836344996,
10012,2zcq,12,0,10,0.41845703125,0,-799286.1971274845,-747967.5952721839,-51322.9116519401,99.38627154542702,
10013,2zcq,13,0,10,0.41845703125,0,-799285.3682979426,-747967.5952721839,-51322.724191905,114.17660373451767,
10014,2zcq,14,0,10,0.41845703125,0,-799289.7678459665,-747967.5952721839,-51323.07622647383,20.838726107905927,
10015,2zcq,15,0,10,0.41845703125,0,-799275.6506697616,-747967.5952721839,-51317.20960339997,211.10100121577517,
10016,2zcq,16,0,10,0.41845703125,0,-799287.9001796624,-747967.5952721839,-51321.91872578954,37.21553435145055,
10017,2zcq,17,0,10,0.41845703125,0,-799289.8961590758,-747967.5952721839,-51322.11117524002,-4.37485462223274,
10018,2zcq,18,0,10,0.41845703125,0,-799290.5446996918,-747967.5952721839,-51323.25386405089,7.020473460140198,
10019,2zcq,19,0,10,0.41845703125,0,-799287.3078033706,-747967.5952721839,-51322.516557336785,64.66237915103225,
10020,2zcq,20,0,10,0.41845703125,0,-799291.5122154884,-747967.5952721839,-51321.07988286113,-65.42416805209017,
10021,2zcq,21,0,10,0.41845703125,0,-799288.4781760654,-747967.5952721839,-51322.85805863235,45.54815060517412,
10022,2zcq,22,0,10,0.41845703125,0,-799284.4723561933,-747967.5952721839,-51318.24536287882,31.553260312385827,
10023,2zcq,23,0,10,0.41845703125,0,-799289.4577838707,-747967.5952721839,-51323.01146143768,26.49541068365904,
10024,2zcq,24,0,10,0.41845703125,0,-799283.0428632728,-747967.5952721839,-51320.71155661439,121.38992877827951,
10025,2zcq,25,0,10,0.41845703125,0,-799266.3251862457,-747967.5952721839,-51298.78120994661,1.1829112042174208,
10026,2zcq,26,0,10,0.41845703125,0,-799285.3690320483,-747967.5952721839,-51322.57688814499,110.76276945147062,
10027,2zcq,27,0,10,0.41845703125,0,-799283.7233688912,-747967.5952721839,-51318.551360578276,55.88179240328101,
10028,2zcq,28,0,10,0.41845703125,0,-799288.806269758,-747967.5952721839,-51322.99022030925,41.02985098414303,
10029,2zcq,29,0,10,0.41845703125,0,-799288.7171661339,-747967.5952721839,-51321.50503710015,8.83549093907163,
10030,2zcq,30,0,10,0.41845703125,0,-799270.9239755949,-747967.5952721839,-51304.478836358525,26.522695847047792,
10031,2zcq,31,0,10,0.41845703125,0,-799287.1457209516,-747967.5952721839,-51322.99333065841,79.3947425154062,
10032,2zcq,32,0,10,0.41845703125,0,-799288.9034872134,-747967.5952721839,-51323.14043116664,42.25190786570464,
10033,2zcq,33,0,10,0.41845703125,0,-799286.4336753568,-747967.5952721839,-51322.84192329738,92.32336732131235,
10034,2zcq,34,0,10,0.41845703125,0,-799288.7355970821,-747967.5952721839,-51323.12777626612,45.83171733138128,
10035,2zcq,35,0,10,0.41845703125,0,-799284.9704541942,-747967.5952721839,-51322.65625161026,121.78435810548135,
10036,2zcq,36,0,10,0.41845703125,0,-799288.3911801956,-747967.5952721839,-51323.23208355998,56.17954275427812,
10037,2zcq,37,0,10,0.41845703125,0,-799271.0537011554,-747967.5952721839,-51304.4855539809,23.68606540798931,
10038,2zcq,38,0,10,0.41845703125,0,-799287.8485365293,-747967.5952721839,-51321.57900279858,30.572255008997335,
10039,2zcq,39,0,10,0.41845703125,0,-799286.4913001884,-747967.5952721839,-51321.69179797266,64.47198707477307,
10040,2zcq,40,0,10,0.41845703125,0,-799285.1548787882,-747967.5952721839,-51322.790484071724,120.62690003413829,
10041,2zcq,41,0,10,0.41845703125,0,-799272.5062587044,-747967.5952721839,-51304.446230472066,-10.71752908371812,
10042,2zcq,42,0,10,0.41845703125,0,-799289.8976809016,-747967.5952721839,-51323.246076167605,21.761488364978458,
10043,2zcq,43,0,10,0.41845703125,0,-799290.7009506753,-747967.5952721839,-51323.281201542355,4.047657711677687,
10044,2zcq,44,0,10,0.41845703125,0,-799273.8803722642,-747967.5952721839,-51315.331108302824,208.60590529155232,
10045,2zcq,45,0,10,0.41845703125,0,-799282.504063957,-747967.5952721839,-51320.06918653939,119.00153033201998,
10046,2zcq,46,0,10,0.41845703125,0,-799286.2519318244,-747967.5952721839,-51322.84692680933,96.62985647019958,
10047,2zcq,47,0,10,0.41845703125,0,-799289.5174203297,-747967.5952721839,-51322.31938785408,9.160565291749348,
10048,2zcq,48,0,10,0.41845703125,0,-799283.5914190045,-747967.5952721839,-51323.095674098484,163.718988366379,
10049,2zcq,49,0,10,0.41845703125,0,-799278.4630869707,-747967.5952721839,-51319.91273030732,208.58070698369872,
10050,2zcq,50,0,10,0.41845703125,0,-799278.4280415705,-747967.5952721839,-51323.21552431681,285.55311234322437,
10051,2zcq,51,0,10,0.41845703125,0,-799290.8793484053,-747967.5952721839,-51323.10446828697,-4.141857362794651,
10052,2zcq,52,0,10,0.41845703125,0,-799284.1232907108,-747967.5952721839,-51322.69133645391,142.12948784953656,
10053,2zcq,53,0,10,0.41845703125,0,-799289.8523152104,-747967.5952721839,-51322.39557975624,3.194732882315984,
10054,2zcq,54,0,10,0.41845703125,0,-799289.6217456689,-747967.5952721839,-51322.06899261572,0.9805144465614019,
10055,2zcq,55,0,10,0.41845703125,0,-799284.787036114,-747967.5952721839,-51323.053288401105,135.16996542304082,
10056,2zcq,56,0,10,0.41845703125,0,-799277.5758629671,-747967.5952721839,-51321.21655237769,259.10742977335724,
10057,2zcq,57,0,10,0.41845703125,0,-799287.2326055398,-747967.5952721839,-51323.178410054184,81.65916857128634,
10058,2zcq,58,0,10,0.41845703125,0,-799278.684956812,-747967.5952721839,-51314.50279718735,78.70824542463288,
10059,2zcq,59,0,10,0.41845703125,0,-799283.5545378557,-747967.5952721839,-51319.18433776591,74.37192928371525,
10060,2zcq,60,0,10,0.41845703125,0,-799278.724820473,-747967.5952721839,-51319.16828501319,185.3776727233183,
10061,2zcq,61,0,10,0.41845703125,0,-799284.8346620431,-747967.5952721839,-51319.26166853402,46.634854106184484,
10062,2zcq,62,0,10,0.41845703125,0,-799284.5439157119,-747967.5952721839,-51319.37472716071,55.94681765231661,
10063,2zcq,63,0,10,0.41845703125,0,-799284.110693731,-747967.5952721839,-51319.3537616441,65.45367756621499,
10064,2zcq,64,0,10,0.41845703125,0,-799284.577922382,-747967.5952721839,-51319.50986695384,58.27900287277385,
10065,2zcq,65,0,10,0.41845703125,0,-799281.2999451539,-747967.5952721839,-51319.47957202885,133.1723359638115,
10066,2zcq,66,0,10,0.41845703125,0,-799283.195871838,-747967.5952721839,-51319.33041787245,86.01165142296499,
10067,2zcq,67,0,10,0.41845703125,0,-799288.0613564929,-747967.5952721839,-51323.25232958887,64.25234254333348,
10068,2zcq,68,0,10,0.41845703125,0,-799285.3031755022,-747967.5952721839,-51319.22105425691,34.894089593800025,
10069,2zcq,69,0,10,0.41845703125,0,-799286.0985468259,-747967.5952721839,-51319.43949341867,21.589717878254866,
10070,2zcq,70,0,10,0.41845703125,0,-799285.6183464011,-747967.5952721839,-51319.480048210404,33.59861845692687,
10071,2zcq,71,0,10,0.41845703125,0,-799288.4055681756,-747967.5952721839,-51322.76908519957,45.17075221786753,
10072,2zcq,72,0,10,0.41845703125,0,-799287.8882339678,-747967.5952721839,-51319.56275284385,-16.839018189313208,
10073,2zcq,73,0,10,0.41845703125,0,-799281.603394725,-747967.5952721839,-51319.54007476661,127.56984889253638,
10074,2zcq,74,0,10,0.41845703125,0,-799279.7927066466,-747967.5952721839,-51319.11208224394,159.45556589064634,
10075,2zcq,75,0,10,0.41845703125,0,-799283.5973202517,-747967.5952721839,-51319.22465565894,74.31509649325545,
10076,2zcq,76,0,10,0.41845703125,0,-799285.8161733828,-747967.5952721839,-51319.16940134858,21.872933068700192,
10077,2zcq,77,0,10,0.41845703125,0,-799287.7573116055,-747967.5952721839,-51319.50671437476,-15.112154587645895,
10078,2zcq,78,0,10,0.41845703125,0,-799283.3495329848,-747967.5952721839,-51319.49559633531,86.27724704183815,
10079,2zcq,79,0,10,0.41845703125,0,-799287.7111782959,-747967.5952721839,-51323.312308968045,73.71080094746151,
10080,2zcq,80,0,10,0.41845703125,0,-799289.2115769914,-747967.5952721839,-51322.804808110945,27.40753727636231,
10081,2zcq,81,0,10,0.41845703125,0,-799284.2467795691,-747967.5952721839,-51319.19431638811,58.63856863588061,
10082,2zcq,82,0,10,0.41845703125,0,-799280.9912108263,-747967.5952721839,-51319.50776738026,140.9421189410372,
10083,2zcq,83,0,10,0.41845703125,0,-799287.3548198572,-747967.5952721839,-51319.571434260346,-4.33799835659664,
10084,2zcq,84,0,10,0.41845703125,0,-799284.6391401372,-747967.5952721839,-51319.41911593174,54.774519615175684,
10085,2zcq,85,0,10,0.41845703125,0,-799283.1739334544,-747967.5952721839,-51319.13177210186,81.93668227270088,
10086,2zcq,86,0,10,0.41845703125,0,-799273.366647326,-747967.5952721839,-51319.251072795174,310.8492124697431,
10087,2zcq,87,0,10,0.41845703125,0,-799288.1071907064,-747967.5952721839,-51323.07065329049,59.00582550226792,
10088,2zcq,88,0,10,0.41845703125,0,-799287.8170469633,-747967.5952721839,-51323.189876467935,68.44605095515163,
10089,2zcq,89,0,10,0.41845703125,0,-799289.3948595903,-747967.5952721839,-51324.22644268079,55.964612131858395,
10090,2zcq,90,0,10,0.41845703125,0,-799287.5050744343,-747967.5952721839,-51322.76552540161,65.85454031846669,
10091,2zcq,91,0,10,0.41845703125,0,-799288.5741414506,-747967.5952721839,-51323.30180537794,53.56817930086592,
10092,2zcq,92,0,10,0.41845703125,0,-799287.2816270073,-747967.5952721839,-51323.07661205625,78.18118907594034,
10093,2zcq,93,0,10,0.41845703125,0,-799290.2665814987,-747967.5952721839,-51323.07717079017,9.359387965802549,
10094,2zcq,94,0,10,0.41845703125,0,-799286.7399295947,-747967.5952721839,-51323.07652479508,90.6710158788174,
10095,2zcq,95,0,10,0.41845703125,0,-799288.0761534801,-747967.5952721839,-51322.99165350292,57.899782564489456,
10096,2zcq,96,0,10,0.41845703125,0,-799290.8368629299,-747967.5952721839,-51323.317762137405,1.756554015288049,
10097,2zcq,97,0,10,0.41845703125,0,-799290.2789431146,-747967.5952721839,-51322.98923033569,7.046367274311575,
10098,2zcq,98,0,10,0.41845703125,0,-799288.8139878592,-747967.5952721839,-51323.16568580367,44.89819777032819,
10099,2zcq,99,0,10,0.41845703125,0,-799290.1316841772,-747967.5952721839,-51323.412075043656,20.193269655732234,
10100,2zcq,100,0,10,0.41845703125,0,-799288.6695938341,-747967.5952721839,-51323.18973031735,48.78248275000205,
11001,5aba,1,0,11,0.41552734375,2,-855669.5966639138,-747967.5952721839,-107700.0674104832,-44.59866704356199,
11002,5aba,2,0,11,0.41552734375,2,-855668.8042574584,-747967.5952721839,-107700.21667726264,-22.88316637122423,
11003,5aba,3,0,11,0.41552734375,2,-855670.1867711612,-747967.5952721839,-107700.0223977112,-59.24488262786895,
11004,5aba,4,0,11,0.41552734375,2,-855669.4595622042,-747967.5952721839,-107699.88366861569,-45.67421463571893,
11005,5aba,5,0,11,0.41552734375,2,-855669.8176682807,-747967.5952721839,-107700.50655449851,-39.56824724701461,
11006,5aba,6,0,11,0.41552734375,2,-855669.8253284304,-747967.5952721839,-107700.20066340193,-46.7989107594456,
11007,5aba,7,0,11,0.41552734375,2,-855669.3414812603,-747967.5952721839,-107700.05225475066,-39.06351475109562,
11008,5aba,8,0,11,0.41552734375,2,-855663.5845541129,-747967.5952721839,-107695.14772422539,-19.40678167591188,
11009,5aba,9,0,11,0.41552734375,2,-855666.970275811,-747967.5952721839,-107699.94353653415,13.110680295074848,
11010,5aba,10,0,11,0.41552734375,2,-855668.3053264974,-747967.5952721839,-107699.7544984363,-22.035642011605923,
11011,5aba,11,0,11,0.41552734375,2,-855667.7451548942,-747967.5952721839,-107700.16243161194,0.2893845463861423,
11012,5aba,12,0,11,0.41552734375,2,-855668.1010139206,-747967.5952721839,-107700.26294417607,-5.599044760981572,
11013,5aba,13,0,11,0.41552734375,2,-855667.4660440005,-747967.5952721839,-107700.61245627626,17.103649957532316,
11014,5aba,14,0,11,0.41552734375,2,-855669.8966307848,-747967.5952721839,-107700.27429516539,-46.74519331164447,
11015,5aba,15,0,11,0.41552734375,2,-855667.4456932016,-747967.5952721839,-107700.39211429589,12.49174375034432,
11016,5aba,16,0,11,0.41552734375,2,-855664.26374226,-747967.5952721839,-107694.41550256239,-51.95466511229793,
11017,5aba,17,0,11,0.41552734375,2,-855668.2743904359,-747967.5952721839,-107700.69581128581,0.3849505044258719,
11018,5aba,18,0,11,0.41552734375,2,-855664.4262519984,-747967.5952721839,-107694.73464609608,-48.342603982947836,
11019,5aba,19,0,11,0.41552734375,2,-855662.3555269011,-747967.5952721839,-107700.06203348868,122.2619229470285,
11020,5aba,20,0,11,0.41552734375,2,-855651.3655037949,-747967.5952721839,-107699.33217228876,358.8668773372969,
11021,5aba,21,0,11,0.41552734375,2,-855663.9622632032,-747967.5952721839,-107699.76310290326,78.31620053730647,
11022,5aba,22,0,11,0.41552734375,2,-855660.8913476525,-747967.5952721839,-107694.85599322549,35.97255804336029,
11023,5aba,23,0,11,0.41552734375,2,-855658.6317641357,-747967.5952721839,-107693.22045184605,50.363311601750745,
11024,5aba,24,0,11,0.41552734375,2,-855662.4254895666,-747967.5952721839,-107694.751576259,-1.8135073956800927,
11025,5aba,25,0,11,0.41552734375,2,-855668.0954324371,-747967.5952721839,-107700.6119845651,2.57872989180966,
11026,5aba,26,0,11,0.41552734375,2,-855664.1138893573,-747967.5952721839,-107695.07761706338,-33.23025196168345,
11027,5aba,27,0,11,0.41552734375,2,-855668.6232751079,-747967.5952721839,-107699.23445065253,-41.36029794426386,
11028,5aba,28,0,11,0.41552734375,2,-855665.2680921474,-747967.5952721839,-107699.24691320883,36.299452572864034,
11029,5aba,29,0,11,0.41552734375,2,-855669.0818885482,-747967.5952721839,-107700.21881414874,-29.23621363234899,
11030,5aba,30,0,11,0.41552734375,2,-855665.831106326,-747967.5952721839,-107700.26285262332,46.74415664017893,
11031,5aba,31,0,11,0.41552734375,2,-855664.0164650895,-747967.5952721839,-107700.10027207367,84.84158112721131,
11032,5aba,32,0,11,0.41552734375,2,-855669.0482318172,-747967.5952721839,-107700.69730938898,-17.42570860266199,
11033,5aba,33,0,11,0.41552734375,2,-855669.8770040638,-747967.5952721839,-107700.05742449983,-51.29374672862876,
11034,5aba,34,0,11,0.41552734375,2,-855668.9019655049,-747967.5952721839,-107700.49386770949,-18.74420389164613,
11035,5aba,35,0,11,0.41552734375,2,-855662.5852364369,-747967.5952721839,-107695.0714491152,1.8790855614663446,
11036,5aba,36,0,11,0.41552734375,2,-855671.11013212,-747967.5952721839,-107700.48517985569,-69.8660824053464,
11037,5aba,37,0,11,0.41552734375,2,-855663.4612519509,-747967.5952721839,-107694.81635875924,-24.204835454686712,
11038,5aba,38,0,11,0.41552734375,2,-855662.9070053011,-747967.5952721839,-107693.22893626914,-48.03043633646111,
11039,5aba,39,0,11,0.41552734375,2,-855669.6095316478,-747967.5952721839,-107700.5965368294,-32.69346062289366,
11040,5aba,40,0,11,0.41552734375,2,-855669.6216266969,-747967.5952721839,-107700.2640956782,-40.638654150222536,
11041,5aba,41,0,11,0.41552734375,2,-855663.7547518975,-747967.5952721839,-107694.74878878816,-32.53130556151711,
11042,5aba,42,0,11,0.41552734375,2,-855669.0992638527,-747967.5952721839,-107700.58845104203,-21.112868414778355,
11043,5aba,43,0,11,0.41552734375,2,-855663.768602229,-747967.5952721839,-107695.14362455838,-23.745572627424956,
11044,5aba,44,0,11,0.41552734375,2,-855669.0131799647,-747967.5952721839,-107700.11167551504,-30.122431643561395,
11045,5aba,45,0,11,0.41552734375,2,-855669.035474754,-747967.5952721839,-107700.59693880304,-19.44612443586297,
11046,5aba,46,0,11,0.41552734375,2,-855668.1918476282,-747967.5952721839,-107699.19477130398,-32.326371427630356,
11047,5aba,47,0,11,0.41552734375,2,-855669.6737884649,-747967.5952721839,-107700.07186968558,-46.274369792382586,
11048,5aba,48,0,11,0.41552734375,2,-855664.7498147407,-747967.5952721839,-107695.08030064331,-47.83315485934702,
11049,5aba,49,0,11,0.41552734375,2,-855664.7295891709,-747967.5952721839,-107695.07300950511,-47.53487977991078,
11050,5aba,50,0,11,0.41552734375,2,-855669.9913132696,-747967.5952721839,-107700.17873956189,-51.13218784500724,
11051,5aba,51,0,11,0.41552734375,2,-855667.1826720752,-747967.5952721839,-107700.59255970948,23.179536063421107,
11052,5aba,52,0,11,0.41552734375,2,-855664.4634920725,-747967.5952721839,-107694.86948968397,-46.09181348551001,
11053,5aba,53,0,11,0.41552734375,2,-855668.922560773,-747967.5952721839,-107700.4858374141,-19.404325067918602,
11054,5aba,54,0,11,0.41552734375,2,-855666.1155431628,-747967.5952721839,-107694.34867824541,-96.19921376079985,
11055,5aba,55,0,11,0.41552734375,2,-855671.6500289657,-747967.5952721839,-107700.69554813139,-77.46519175539952,
11056,5aba,56,0,11,0.41552734375,2,-855669.0864735761,-747967.5952721839,-107700.20904780852,-29.567164044102963,
11057,5aba,57,0,11,0.41552734375,2,-855663.5252302951,-747967.5952721839,-107700.10807694419,96.34970918886727,
11058,5aba,58,0,11,0.41552734375,2,-855667.1706711709,-747967.5952721839,-107700.26228953824,15.840072410224822,
11059,5aba,59,0,11,0.41552734375,2,-855667.6244257608,-747967.5952721839,-107699.75425685875,-6.33926891814617,
11060,5aba,60,0,11,0.41552734375,2,-855669.4677001456,-747967.5952721839,-107699.73216672169,-49.35559669465653,
11061,5aba,61,0,11,0.41552734375,2,-855666.1599875457,-747967.5952721839,-107700.69874133094,49.21180793302326,
11062,5aba,62,0,11,0.41552734375,2,-855669.8443723975,-747967.5952721839,-107700.00708813891,-51.70202668605619,
11063,5aba,63,0,11,0.41552734375,2,-855657.0026481666,-747967.5952721839,-107700.70608062975,260.55431893670027,
11064,5aba,64,0,11,0.41552734375,2,-855666.1932007888,-747967.5952721839,-107699.16365016924,13.045849192699276,
11065,5aba,65,0,11,0.41552734375,2,-855665.9878223605,-747967.5952721839,-107700.00857837423,37.266495547157916,
11066,5aba,66,0,11,0.41552734375,2,-855667.4854492305,-747967.5952721839,-107700.1032965921,4.914653471644484,
11067,5aba,67,0,11,0.41552734375,2,-855661.4325555185,-747967.5952721839,-107693.92811532252,2.094635402397805,
11068,5aba,68,0,11,0.41552734375,2,-855670.2619004914,-747967.5952721839,-107700.00153656231,-61.45847566398555,
11069,5aba,69,0,11,0.41552734375,2,-855668.6776860125,-747967.5952721839,-107700.58770574554,-11.408239411279222,
11070,5aba,70,0,11,0.41552734375,2,-855662.6758418886,-747967.5952721839,-107694.78676529156,-6.775290723502082,
11071,5aba,71,0,11,0.41552734375,2,-855661.6983654865,-747967.5952721839,-107694.27888287537,4.053803851523788,
11072,5aba,72,0,11,0.41552734375,2,-855653.0908023486,-747967.5952721839,-107694.81865818726,214.99643969554413,
11073,5aba,73,0,11,0.41552734375,2,-855667.5855598665,-747967.5952721839,-107700.48692609294,11.452753815643433,
11074,5aba,74,0,11,0.41552734375,2,-855665.9042568712,-747967.5952721839,-107699.74307502733,33.070908879350235,
11075,5aba,75,0,11,0.41552734375,2,-855659.8759682097,-747967.5952721839,-107695.13714082472,65.8711819106648,
11076,5aba,76,0,11,0.41552734375,2,-855665.3455646554,-747967.5952721839,-107699.3110041164,35.990865537252105,
11077,5aba,77,0,11,0.41552734375,2,-855668.6708267397,-747967.5952721839,-107700.0536462806,-23.56576466011999,
11078,5aba,78,0,11,0.41552734375,2,-855666.710687673,-747967.5952721839,-107699.19967169985,1.9429943788666524,
11079,5aba,79,0,11,0.41552734375,2,-855669.6881804683,-747967.5952721839,-107700.1799643182,-44.113535829663725,
11080,5aba,80,0,11,0.41552734375,2,-855670.139514468,-747967.5952721839,-107700.48783816324,-47.42180558909577,
11081,5aba,81,0,11,0.41552734375,2,-855654.7708284772,-747967.5952721839,-107695.07924140914,182.26330865109512,
11082,5aba,82,0,11,0.41552734375,2,-855659.8912305293,-747967.5952721839,-107695.14881510958,65.78843986420813,
11083,5aba,83,0,11,0.41552734375,2,-855669.348770387,-747967.5952721839,-107700.14914835923,-36.99718631220433,
11084,5aba,84,0,11,0.41552734375,2,-855670.1550009619,-747967.5952721839,-107700.30480880963,-51.99968978416189,
11085,5aba,85,0,11,0.41552734375,2,-855669.5108193672,-747967.5952721839,-107700.16621936782,-40.34045776181365,
11086,5aba,86,0,11,0.41552734375,2,-855660.8882370353,-747967.5952721839,-107699.59087200389,145.23318912345607,
11087,5aba,87,0,11,0.41552734375,2,-855668.3874142237,-747967.5952721839,-107699.82217855685,-22.367889294082005,
11088,5aba,88,0,11,0.41552734375,2,-855668.5352146545,-747967.5952721839,-107699.6942015432,-28.727468241690417,
11089,5aba,89,0,11,0.41552734375,2,-855668.1004072494,-747967.5952721839,-107700.0373745106,-10.7868146500621,
11090,5aba,90,0,11,0.41552734375,2,-855668.8180086969,-747967.5952721839,-107699.55513115154,-38.455893200652625,
11091,5aba,91,0,11,0.41552734375,2,-855669.619531847,-747967.5952721839,-107700.35341276161,-38.53064488865983,
11092,5aba,92,0,11,0.41552734375,2,-855657.8333217123,-747967.5952721839,-107699.92626739966,223.41561161252451,
11093,5aba,93,0,11,0.41552734375,2,-855668.8307162441,-747967.5952721839,-107700.0327726148,-27.73426239075806,
11094,5aba,94,0,11,0.41552734375,2,-855669.4625048399,-747967.5952721839,-107700.01115997061,-42.802052938211624,
11095,5aba,95,0,11,0.41552734375,2,-855669.0849865295,-747967.5952721839,-107699.9385736727,-35.77015368090051,
11096,5aba,96,0,11,0.41552734375,2,-855669.6179829458,-747967.5952721839,-107699.8792235397,-49.42998961123081,
11097,5aba,97,0,11,0.41552734375,2,-855668.7351725466,-747967.5952721839,-107698.77596135362,-54.513728587623895,
11098,5aba,98,0,11,0.41552734375,2,-855662.3088831364,-747967.5952721839,-107700.6625576161,137.18596907809643,
11099,5aba,99,0,11,0.41552734375,2,-855668.9562879868,-747967.5952721839,-107700.13831557267,-28.196137142938426,
11100,5aba,100,0,11,0.41552734375,2,-855667.2264063576,-747967.5952721839,-107697.96259351002,-38.47746178251879,
12001,4agq,1,0,12,0.41552734375,2,-789077.7162097585,-747967.5952721839,-41105.07914527922,-116.26649238096226,
12002,4agq,2,0,12,0.41552734375,2,-789074.110791136,-747967.5952721839,-41104.99334212797,-35.1022314608922,
12003,4agq,3,0,12,0.41552734375,2,-789072.1688085827,-747967.5952721839,-41104.84434088724,6.244899857961568,
12004,4agq,4,0,12,0.41552734375,2,-789073.9840220407,-747967.5952721839,-41105.11908229852,-29.279229457816502,
12005,4agq,5,0,12,0.41552734375,2,-789074.6107560291,-747967.5952721839,-41105.83648308783,-27.188403359071597,
12006,4agq,6,0,12,0.41552734375,2,-789073.6249801707,-747967.5952721839,-41105.51133963125,-11.953858258417023,
12007,4agq,7,0,12,0.41552734375,2,-789074.3839252624,-747967.5952721839,-41105.853933181934,-21.555152882741968,
12008,4agq,8,0,12,0.41552734375,2,-789074.5082857506,-747967.5952721839,-41105.228071060425,-38.855697258984826,
12009,4agq,9,0,12,0.41552734375,2,-789071.2423684343,-747967.5952721839,-41106.11638745337,56.94320789284111,
12010,4agq,10,0,12,0.41552734375,2,-789071.9533403558,-747967.5952721839,-41105.56040420788,27.726527666401,
12011,4agq,11,0,12,0.41552734375,2,-789073.349641535,-747967.5952721839,-41105.55925479191,-4.499448624277944,
12012,4agq,12,0,12,0.41552734375,2,-789045.5756119685,-747967.5952721839,-41101.465730842596,541.5859838127627,
12013,4agq,13,0,12,0.41552734375,2,-789055.1418069794,-747967.5952721839,-41101.63607670038,324.9125550078892,
12014,4agq,14,0,12,0.41552734375,2,-789069.8975281608,-747967.5952721839,-41105.631559279136,76.77555804281253,
12015,4agq,15,0,12,0.41552734375,2,-789044.164031628,-747967.5952721839,-41100.30120834368,547.2832729848092,
12016,4agq,16,0,12,0.41552734375,2,-789055.0258220481,-747967.5952721839,-41100.24518921638,295.51260371329295,
12017,4agq,17,0,12,0.41552734375,2,-789066.6452252463,-747967.5952721839,-41105.62499585419,151.62408878756165,
12018,4agq,18,0,12,0.41552734375,2,-789067.3358618957,-747967.5952721839,-41100.144858982734,9.322670858477775,
12019,4agq,19,0,12,0.41552734375,2,-789073.8610116128,-747967.5952721839,-41106.091745402984,-4.012397557502874,
12020,4agq,20,0,12,0.41552734375,2,-789062.1557828679,-747967.5952721839,-41106.19964137345,268.4047299700742,
12021,4agq,21,0,12,0.41552734375,2,-789046.5760288135,-747967.5952721839,-41105.638877239515,614.7508653991752,
12022,4agq,22,0,12,0.41552734375,2,-789063.4661267889,-747967.5952721839,-41106.18290778654,237.80159562504747,
12023,4agq,23,0,12,0.41552734375,2,-789067.1472687755,-747967.5952721839,-41100.27112486618,16.58349197189987,
12024,4agq,24,0,12,0.41552734375,2,-789062.6414158538,-747967.5952721839,-41094.81551208764,-5.318490633218818,
12025,4agq,25,0,12,0.41552734375,2,-789071.8107139063,-747967.5952721839,-41105.732475307275,34.983625544145795,
12026,4agq,26,0,12,0.41552734375,2,-789075.0561866206,-747967.5952721839,-41105.671903279,-41.255577372319856,
12027,4agq,27,0,12,0.41552734375,2,-789068.729559991,-747967.5952721839,-41105.88822522419,109.628401189192,
12028,4agq,28,0,12,0.41552734375,2,-789073.9622244285,-747967.5952721839,-41105.96915682817,-9.173380228710938,
12029,4agq,29,0,12,0.41552734375,2,-789064.6191770774,-747967.5952721839,-41100.46521988182,79.35860888733768,
12030,4agq,30,0,12,0.41552734375,2,-789075.266900022,-747967.5952721839,-41105.761745300464,-44.04293761150566,
12031,4agq,31,0,12,0.41552734375,2,-789073.5901876423,-747967.5952721839,-41106.038963940315,1.0157821246663645,
12032,4agq,32,0,12,0.41552734375,2,-789075.1768724219,-747967.5952721839,-41105.11339136625,-56.918248742676234,
12033,4agq,33,0,12,0.41552734375,2,-789075.0763007299,-747967.5952721839,-41106.19679978161,-29.615018846605007,
12034,4agq,34,0,12,0.41552734375,2,-789068.7516407561,-747967.5952721839,-41100.47419133442,-15.731380822311621,
12035,4agq,35,0,12,0.41552734375,2,-789075.0598726604,-747967.5952721839,-41105.28983595627,-50.151261240364335,
12036,4agq,36,0,12,0.41552734375,2,-789066.7125282183,-747967.5952721839,-41106.176612642106,162.79263070544067,
12037,4agq,37,0,12,0.41552734375,2,-789066.9015224024,-747967.5952721839,-41101.099204805185,41.346515003570325,
12038,4agq,38,0,12,0.41552734375,2,-789067.2473166031,-747967.5952721839,-41101.06525048273,32.58930602257987,
12039,4agq,39,0,12,0.41552734375,2,-789073.4133018288,-747967.5952721839,-41105.60229506748,-4.974957541257092,
12040,4agq,40,0,12,0.41552734375,2,-789068.7435366111,-747967.5952721839,-41101.50846245552,8.306363860403817,
12041,4agq,41,0,12,0.41552734375,2,-789069.1561643523,-747967.5952721839,-41105.56256213455,92.28070165608418,
12042,4agq,42,0,12,0.41552734375,2,-789074.4583019805,-747967.5952721839,-41105.26868280428,-36.7665150757218,
12043,4agq,43,0,12,0.41552734375,2,-789066.9441354903,-747967.5952721839,-41105.51125105875,142.1080375126036,
12044,4agq,44,0,12,0.41552734375,2,-789074.1535457866,-747967.5952721839,-41106.191645171886,-8.454652465831298,
12045,4agq,45,0,12,0.41552734375,2,-789068.0030326737,-747967.5952721839,-41100.50840624838,2.3209463285704626,
12046,4agq,46,0,12,0.41552734375,2,-789074.6608284307,-747967.5952721839,-41105.97666248339,-25.110486713367965,
12047,4agq,47,0,12,0.41552734375,2,-789065.7416621628,-747967.5952721839,-41096.09987041014,-47.1938624026369,
12048,4agq,48,0,12,0.41552734375,2,-789073.0060556725,-747967.5952721839,-41105.881826784855,10.86251646235795,
12049,4agq,49,0,12,0.41552734375,2,-789069.4984297499,-747967.5952721839,-41105.77465530901,89.27885887940214,
12050,4agq,50,0,12,0.41552734375,2,-789070.7015918982,-747967.5952721839,-41105.520547833614,55.67342301859488,
12051,4agq,51,0,12,0.41552734375,2,-789069.4863460842,-747967.5952721839,-41105.76190814035,89.26355813773246,
12052,4agq,52,0,12,0.41552734375,2,-789064.7692141728,-747967.5952721839,-41105.43839010263,190.5827010188806,
12053,4agq,53,0,12,0.41552734375,2,-789047.0357715384,-747967.5952721839,-41105.15913435488,593.085812564398,
12054,4agq,54,0,12,0.41552734375,2,-789071.4833528292,-747967.5952721839,-41105.16769107836,29.50851759486083,
12055,4agq,55,0,12,0.41552734375,2,-789066.4768896285,-747967.5952721839,-41105.34636941212,149.08072196075412,
12056,4agq,56,0,12,0.41552734375,2,-789068.002914299,-747967.5952721839,-41105.82469489842,124.92020480988535,
12057,4agq,57,0,12,0.41552734375,2,-789070.6936990514,-747967.5952721839,-41106.1135223177,69.5297528429375,
12058,4agq,58,0,12,0.41552734375,2,-789074.3419009787,-747967.5952721839,-41105.424408164195,-30.491132095127508,
12059,4agq,59,0,12,0.41552734375,2,-789073.4958439502,-747967.5952721839,-41106.01062354105,2.5378542152359618,
12060,4agq,60,0,12,0.41552734375,2,-789071.6154345023,-747967.5952721839,-41105.99203285242,45.472414766230514,
12061,4agq,61,0,12,0.41552734375,2,-789072.392632295,-747967.5952721839,-41105.66815945177,20.08110984542013,
12062,4agq,62,0,12,0.41552734375,2,-789072.837220062,-747967.5952721839,-41105.66025307434,9.64634698449347,
12063,4agq,63,0,12,0.41552734375,2,-789057.0243751737,-747967.5952721839,-41093.09112295168,84.4481864865481,
12064,4agq,64,0,12,0.41552734375,2,-789070.1625154809,-747967.5952721839,-41099.22846197749,-76.99412631465206,
12065,4agq,65,0,12,0.41552734375,2,-789068.1871141535,-747967.5952721839,-41100.426865783025,-3.8044412423203173,
12066,4agq,66,0,12,0.41552734375,2,-789053.2970484835,-747967.5952721839,-41101.81312104719,371.53643616682535,
12067,4agq,67,0,12,0.41552734375,2,-789071.3594489577,-747967.5952721839,-41105.962464180164,50.69371187900752,
12068,4agq,68,0,12,0.41552734375,2,-789063.0660628573,-747967.5952721839,-41105.387289252525,228.6798897962588,
12069,4agq,69,0,12,0.41552734375,2,-789077.2730572714,-747967.5952721839,-41105.703948524286,-91.63884813690784,
12070,4agq,70,0,12,0.41552734375,2,-789074.9429824543,-747967.5952721839,-41105.559270527534,-41.24240023334071,
12071,4agq,71,0,12,0.41552734375,2,-789068.0934909317,-747967.5952721839,-41100.531875219516,0.7761366761175353,
12072,4agq,72,0,12,0.41552734375,2,-789063.962574084,-747967.5952721839,-41100.946512069946,105.5990951465172,
12073,4agq,73,0,12,0.41552734375,2,-789061.7714617148,-747967.5952721839,-41105.69047775536,265.52579433623737,
12074,4agq,74,0,12,0.41552734375,2,-789064.1105621946,-747967.5952721839,-41105.457122888736,206.20356477688267,
12075,4agq,75,0,12,0.41552734375,2,-789067.3919834974,-747967.5952721839,-41105.62661000746,134.44065767878118,
12076,4agq,76,0,12,0.41552734375,2,-789061.8241097527,-747967.5952721839,-41100.38051059509,141.86095006155426,
12077,4agq,77,0,12,0.41552734375,2,-789075.8917788013,-747967.5952721839,-41105.45941421061,-65.42490514791254,
12078,4agq,78,0,12,0.41552734375,2,-789055.4915685845,-747967.5952721839,-41100.342059042625,287.00610469548053,
12079,4agq,79,0,12,0.41552734375,2,-789074.5770484689,-747967.5952721839,-41105.57329925554,-32.48025190579893,
12080,4agq,80,0,12,0.41552734375,2,-789043.1535226898,-747967.5952721839,-41101.41185509825,596.1982852948793,
12081,4agq,81,0,12,0.41552734375,2,-789065.9236424011,-747967.5952721839,-41105.55958237915,166.75571393326243,
12082,4agq,82,0,12,0.41552734375,2,-789072.5900355172,-747967.5952721839,-41106.17510261791,27.21927052798543,
12083,4agq,83,0,12,0.41552734375,2,-789069.1067126128,-747967.5952721839,-41106.119922008686,106.27410989705128,
12084,4agq,84,0,12,0.41552734375,2,-789048.5300715314,-747967.5952721839,-41105.96950199867,577.3139579117058,
12085,4agq,85,0,12,0.41552734375,2,-789070.9727823331,-747967.5952721839,-41105.54408803253,49.96247290587391,
12086,4agq,86,0,12,0.41552734375,2,-789066.1475981516,-747967.5952721839,-41105.73250320213,165.5788205469721,
12087,4agq,87,0,12,0.41552734375,2,-789074.8135475698,-747967.5952721839,-41104.176563646964,-70.14353904288001,
12088,4agq,88,0,12,0.41552734375,2,-789073.4204563396,-747967.5952721839,-41103.843496766334,-45.6987968282919,
12089,4agq,89,0,12,0.41552734375,2,-789075.7331959798,-747967.5952721839,-41104.240712192346,-89.87183459124391,
12090,4agq,90,0,12,0.41552734375,2,-789074.6576557052,-747967.5952721839,-41104.48794880169,-59.367874989516906,
12091,4agq,91,0,12,0.41552734375,2,-789073.0498678121,-747967.5952721839,-41104.37529083746,-24.889359750571714,
12092,4agq,92,0,12,0.41552734375,2,-789060.6332180547,-747967.5952721839,-41103.818833616024,248.6131775058266,
12093,4agq,93,0,12,0.41552734375,2,-789073.3177613658,-747967.5952721839,-41104.27249708443,-33.43761211790318,
12094,4agq,94,0,12,0.41552734375,2,-789072.5769006652,-747967.5952721839,-41104.20860239523,-17.826405032130584,
12095,4agq,95,0,12,0.41552734375,2,-789072.5149522307,-747967.5952721839,-41104.38011505859,-12.442664219398724,
12096,4agq,96,0,12,0.41552734375,2,-789072.3879182981,-747967.5952721839,-41105.6544448998,19.87355211464035,
12097,4agq,97,0,12,0.41552734375,2,-789074.4823723179,-747967.5952721839,-41105.61704662113,-29.288129781942374,
12098,4agq,98,0,12,0.41552734375,2,-789074.9575525415,-747967.5952721839,-41104.915890898876,-56.41508112590494,
12099,4agq,99,0,12,0.41552734375,2,-789072.6435152623,-747967.5952721839,-41105.8366638686,18.18141534295158,
12100,4agq,100,0,12,0.41552734375,2,-789072.7396368877,-747967.5952721839,-41102.65593579078,-57.384533971636024,
13001,5a7b,1,0,13,0.41552734375,2,-783600.9332619702,-747967.5952721839,-35632.492064015794,-19.50751169168203,
13002,5a7b,2,0,13,0.41552734375,2,-783599.6798066888,-747967.5952721839,-35633.185886936044,25.39779041638313,
13003,5a7b,3,0,13,0.41552734375,2,-783602.8815258676,-747967.5952721839,-35633.00652589068,-52.57177181245052,
13004,5a7b,4,0,13,0.41552734375,2,-783602.0154799022,-747967.5952721839,-35632.91138674493,-34.794238223639795,
13005,5a7b,5,0,13,0.41552734375,2,-783600.6989133006,-747967.5952721839,-35632.70996673577,-9.078346892508717,
13006,5a7b,6,0,13,0.41552734375,2,-783601.2058949117,-747967.5952721839,-35632.403018491124,-27.848015259804427,
13007,5a7b,7,0,13,0.41552734375,2,-783597.8696063691,-747967.5952721839,-35633.70281692014,79.06269009604304,
13008,5a7b,8,0,13,0.41552734375,2,-783596.096891696,-747967.5952721839,-35633.46006776566,114.34453311697827,
13009,5a7b,9,0,13,0.41552734375,2,-783570.2170545554,-747967.5952721839,-35628.024025993276,585.7896540440488,
13010,5a7b,10,0,13,0.41552734375,2,-783595.9473660532,-747967.5952721839,-35633.50497014985,118.82814993162971,
13011,5a7b,11,0,13,0.41552734375,2,-783584.7944886916,-747967.5952721839,-35633.64827104077,379.3242088278179,
13012,5a7b,12,0,13,0.41552734375,2,-783603.1314379075,-747967.5952721839,-35633.89707477565,-37.798335203486545,
13013,5a7b,13,0,13,0.41552734375,2,-783575.0443807337,-747967.5952721839,-35633.50224878066,600.7996864301183,
13014,5a7b,14,0,13,0.41552734375,2,-783591.6565178428,-747967.5952721839,-35633.33762093053,213.91829564613337,
13015,5a7b,15,0,13,0.41552734375,2,-783592.2162560456,-747967.5952721839,-35633.0240451859,193.77919758948528,
13016,5a7b,16,0,13,0.41552734375,2,-783589.651144872,-747967.5952721839,-35633.734672682236,269.3195258697022,
13017,5a7b,17,0,13,0.41552734375,2,-783597.6347282028,-747967.5952721839,-35627.7208632993,-53.46801831113088,
13018,5a7b,18,0,13,0.41552734375,2,-783602.455201054,-747967.5952721839,-35633.74338855014,-25.74803145348806,
13019,5a7b,19,0,13,0.41552734375,2,-783601.0424415403,-747967.5952721839,-35633.26559956536,-4.187098850761449,
13020,5a7b,20,0,13,0.41552734375,2,-783602.8398305274,-747967.5952721839,-35632.966722028206,-52.528153300244824,
13021,5a7b,21,0,13,0.41552734375,2,-783599.5574719105,-747967.5952721839,-35633.5575463938,36.789568125214565,
13022,5a7b,22,0,13,0.41552734375,2,-783602.962256128,-747967.5952721839,-35633.736179785585,-37.607237299457324,
13023,5a7b,23,0,13,0.41552734375,2,-783600.5986307346,-747967.5952721839,-35633.116517143106,2.6094991321802437,
13024,5a7b,24,0,13,0.41552734375,2,-783599.8889723368,-747967.5952721839,-35633.84106667514,35.68311969773595,
13025,5a7b,25,0,13,0.41552734375,2,-783597.4064867739,-747967.5952721839,-35629.312073306966,-11.510471431161498,
13026,5a7b,26,0,13,0.41552734375,2,-783600.3187983427,-747967.5952721839,-35633.416347877836,15.976848389085799,
13027,5a7b,27,0,13,0.41552734375,2,-783596.034634971,-747967.5952721839,-35628.7390417026,6.9107599657319145,
13028,5a7b,28,0,13,0.41552734375,2,-783595.7620929129,-747967.5952721839,-35633.56040068145,124.3789084708538,
13029,5a7b,29,0,13,0.41552734375,2,-783603.1932814214,-747967.5952721839,-35632.80677654021,-64.36735512352473,
13030,5a7b,30,0,13,0.41552734375,2,-783600.81052191,-747967.5952721839,-35632.29985471234,-21.109510498276062,
13031,5a7b,31,0,13,0.41552734375,2,-783599.2157762282,-747967.5952721839,-35633.87674684987,52.030195134284966,
13032,5a7b,32,0,13,0.41552734375,2,-783596.8356074044,-747967.5952721839,-35633.2188508677,91.74675037776856,
13033,5a7b,33,0,13,0.41552734375,2,-783596.8711128628,-747967.5952721839,-35633.489441411424,97.16794123033465,
13034,5a7b,34,0,13,0.41552734375,2,-783598.6639614645,-747967.5952721839,-35633.62039907441,58.84382574875616,
13035,5a7b,35,0,13,0.41552734375,2,-783590.2595800691,-747967.5952721839,-35628.63645358548,137.7209515722648,
13036,5a7b,36,0,13,0.41552734375,2,-783601.3705073841,-747967.5952721839,-35633.502115802716,-6.298282928796574,
13037,5a7b,37,0,13,0.41552734375,2,-783601.2130278295,-747967.5952721839,-35633.357736902166,-5.996174671046514,
13038,5a7b,38,0,13,0.41552734375,2,-783596.5021479371,-747967.5952721839,-35629.2598885762,8.140669089728044,
13039,5a7b,39,0,13,0.41552734375,2,-783601.3776425653,-747967.5952721839,-35633.19232310519,-13.606813435483522,
13040,5a7b,40,0,13,0.41552734375,2,-783600.8773635275,-747967.5952721839,-35633.614184098195,7.658240850169104,
13041,5a7b,41,0,13,0.41552734375,2,-783603.0553378409,-747967.5952721839,-35633.32697321646,-49.19028025306826,
13042,5a7b,42,0,13,0.41552734375,2,-783601.4282358829,-747967.5952721839,-35632.68039174542,-26.578940663893494,
13043,5a7b,43,0,13,0.41552734375,2,-783594.0205611818,-747967.5952721839,-35628.069946246,37.92669713394475,
13044,5a7b,44,0,13,0.41552734375,2,-783602.1085230805,-747967.5952721839,-35633.674565808724,-19.340537583581696,
13045,5a7b,45,0,13,0.41552734375,2,-783598.0920928363,-747967.5952721839,-35629.40744383805,-25.121626132730288,
13046,5a7b,46,0,13,0.41552734375,2,-783600.3237884138,-747967.5952721839,-35633.182842926835,10.477022525541527,
13047,5a7b,47,0,13,0.41552734375,2,-783602.1611681812,-747967.5952721839,-35631.320519761895,-74.8401539057565,
13048,5a7b,48,0,13,0.41552734375,2,-783602.8510725148,-747967.5952721839,-35633.23428006644,-46.6173647490073,
13049,5a7b,49,0,13,0.41552734375,2,-783593.0929770415,-747967.5952721839,-35633.80215652459,191.50520487336587,
13050,5a7b,50,0,13,0.41552734375,2,-783594.0962298755,-747967.5952721839,-35633.32722063527,157.417363117438,
13051,5a7b,51,0,13,0.41552734375,2,-783599.7542582833,-747967.5952721839,-35633.24566991792,25.0595241733466,
13052,5a7b,52,0,13,0.41552734375,2,-783580.7420971937,-747967.5952721839,-35633.238279657315,463.3199508847904,
13053,5a7b,53,0,13,0.41552734375,2,-783592.6009799335,-747967.5952721839,-35633.45386125319,194.81904794924066,
13054,5a7b,54,0,13,0.41552734375,2,-783601.1686567608,-747967.5952721839,-35632.69636275039,-20.224603779798436,
13055,5a7b,55,0,13,0.41552734375,2,-783594.843378716,-747967.5952721839,-35633.0190981792,133.08222890686474,
13056,5a7b,56,0,13,0.41552734375,2,-783601.8176482714,-747967.5952721839,-35633.80943443055,-9.522660832826794,
13057,5a7b,57,0,13,0.41552734375,2,-783593.9090602789,-747967.5952721839,-35633.528876321245,166.3838871429116,
13058,5a7b,58,0,13,0.41552734375,2,-783599.8294690195,-747967.5952721839,-35633.72723235354,34.43021697289268,
13059,5a7b,59,0,13,0.41552734375,2,-783594.5401109689,-747967.5952721839,-35633.66975613103,155.08027811540921,
13060,5a7b,60,0,13,0.41552734375,2,-783596.1429867544,-747967.5952721839,-35632.655229108284,94.72153546268203,
13061,5a7b,61,0,13,0.41552734375,2,-783592.8177858238,-747967.5952721839,-35628.47456450932,74.99407462072631,
13062,5a7b,62,0,13,0.41552734375,2,-783598.4828109088,-747967.5952721839,-35633.827914910245,67.80668566152242,
13063,5a7b,63,0,13,0.41552734375,2,-783579.7638936574,-747967.5952721839,-35633.36007423863,488.6865100911226,
13064,5a7b,64,0,13,0.41552734375,2,-783600.5726937004,-747967.5952721839,-35633.8541362452,20.217521933817245,
13065,5a7b,65,0,13,0.41552734375,2,-783585.885606686,-747967.5952721839,-35628.001591341425,223.9469028382387,
13066,5a7b,66,0,13,0.41552734375,2,-783572.7888353411,-747967.5952721839,-35633.744521872926,658.400749073414,
13067,5a7b,67,0,13,0.41552734375,2,-783600.2733287746,-747967.5952721839,-35633.12603564725,10.330642460081823,
13068,5a7b,68,0,13,0.41552734375,2,-783600.0795699453,-747967.5952721839,-35633.39240427489,20.9414336882616,
13069,5a7b,69,0,13,0.41552734375,2,-783591.5924724735,-747967.5952721839,-35628.134024517465,95.39743297297721,
13070,5a7b,70,0,13,0.41552734375,2,-783602.4120989536,-747967.5952721839,-35633.56437023156,-28.882333904366817,
13071,5a7b,71,0,13,0.41552734375,2,-783598.9875019426,-747967.5952721839,-35633.54577328433,49.66189347878358,
13072,5a7b,72,0,13,0.41552734375,2,-783572.4168598301,-747967.5952721839,-35629.45347704167,568.0248635613348,
13073,5a7b,73,0,13,0.41552734375,2,-783602.0577809012,-747967.5952721839,-35633.17132403128,-29.775426210519324,
13074,5a7b,74,0,13,0.41552734375,2,-783590.1453877483,-747967.5952721839,-35628.07138021455,127.32338755086644,
13075,5a7b,75,0,13,0.41552734375,2,-783600.4532114499,-747967.5952721839,-35631.51415647731,-30.988367273011537,
13076,5a7b,76,0,13,0.41552734375,2,-783596.8920443901,-747967.5952721839,-35633.37225689168,93.98290952237713,
13077,5a7b,77,0,13,0.41552734375,2,-783594.941796923,-747967.5952721839,-35633.813910143304,149.14145045103487,
13078,5a7b,78,0,13,0.41552734375,2,-783592.813552687,-747967.5952721839,-35633.54886563287,192.10785684294441,
13079,5a7b,79,0,13,0.41552734375,2,-783600.5468320631,-747967.5952721839,-35630.889122323846,-47.560939893710575,
13080,5a7b,80,0,13,0.41552734375,2,-783600.8067756988,-747967.5952721839,-35631.27781458373,-44.59192608688582,
13081,5a7b,81,0,13,0.41552734375,2,-783601.220930839,-747967.5952721839,-35632.92685093157,-16.11488893217928,
13082,5a7b,82,0,13,0.41552734375,2,-783599.6402072553,-747967.5952721839,-35630.95432837472,-25.149987892636524,
13083,5a7b,83,0,13,0.41552734375,2,-783598.7531848334,-747967.5952721839,-35630.66718317733,-11.316490466395596,
13084,5a7b,84,0,13,0.41552734375,2,-783600.033470849,-747967.5952721839,-35631.10878624196,-30.65697877177513,
13085,5a7b,85,0,13,0.41552734375,2,-783600.3271389103,-747967.5952721839,-35631.074778752256,-38.21335648772952,
13086,5a7b,86,0,13,0.41552734375,2,-783600.6462419573,-747967.5952721839,-35630.408826784944,-60.92926476150087,
13087,5a7b,87,0,13,0.41552734375,2,-783598.9020449155,-747967.5952721839,-35631.19948418603,-2.474132636681479,
13088,5a7b,88,0,13,0.41552734375,2,-783600.4155370243,-747967.5952721839,-35630.46100218768,-54.40588924763803,
13089,5a7b,89,0,13,0.41552734375,2,-783601.4844997171,-747967.5952721839,-35632.23415352576,-38.166913312914815,
13090,5a7b,90,0,13,0.41552734375,2,-783601.2166159395,-747967.5952721839,-35632.14041920171,-34.15093150925167,
13091,5a7b,91,0,13,0.41552734375,2,-783605.0531839364,-747967.5952721839,-35633.2823479341,-96.29078915427634,
13092,5a7b,92,0,13,0.41552734375,2,-783599.2953265257,-747967.5952721839,-35630.650535719345,-24.202474392485428,
13093,5a7b,93,0,13,0.41552734375,2,-783598.5827357119,-747967.5952721839,-35632.90907015078,44.31330143495251,
13094,5a7b,94,0,13,0.41552734375,2,-783605.3897101227,-747967.5952721839,-35632.612464086866,-119.4991558703669,
13095,5a7b,95,0,13,0.41552734375,2,-783593.3904953384,-747967.5952721839,-35633.375668065404,174.809212445812,
13096,5a7b,96,0,13,0.41552734375,2,-783600.4755960354,-747967.5952721839,-35633.03664739604,3.604906576317384,
13097,5a7b,97,0,13,0.41552734375,2,-783600.0038037244,-747967.5952721839,-35633.209042982984,18.460232407460403,
13098,5a7b,98,0,13,0.41552734375,2,-783602.6481615249,-747967.5952721839,-35632.71137513385,-53.996600370641104,
13099,5a7b,99,0,13,0.41552734375,2,-783598.9264673971,-747967.5952721839,-35628.87808300719,-56.57011136167568,
13100,5a7b,100,0,13,0.41552734375,2,-783601.2886109896,-747967.5952721839,-35633.076279358815,-14.22972888907826,
14001,4agn,1,0,14,0.41552734375,2,-783323.9931405849,-747967.5952721839,-35354.32701896044,-47.75492257460773,
14002,4agn,2,0,14,0.41552734375,2,-783313.9543575412,-747967.5952721839,-35353.865131362356,173.0935329188261,
14003,4agn,3,0,14,0.41552734375,2,-783323.3006704656,-747967.5952721839,-35354.28641395179,-32.72255601045324,
14004,4agn,4,0,14,0.41552734375,2,-783323.7262450077,-747967.5952721839,-35354.53874038078,-36.717752410257155,
14005,4agn,5,0,14,0.41552734375,2,-783313.485245458,-747967.5952721839,-35355.100617392985,212.4024992547622,
14006,4agn,6,0,14,0.41552734375,2,-783305.4983701325,-747967.5952721839,-35355.46217332689,404.92189762147075,
14007,4agn,7,0,14,0.41552734375,2,-783299.0676707088,-747967.5952721839,-35355.0526434621,543.7733662326507,
14008,4agn,8,0,14,0.41552734375,2,-783319.5445677259,-747967.5952721839,-35355.044558211346,71.37845283547695,
14009,4agn,9,0,14,0.41552734375,2,-783323.20316144,-747967.5952721839,-35355.47369812342,-3.0945210334843103,
14010,4agn,10,0,14,0.41552734375,2,-783320.9630723662,-747967.5952721839,-35355.557553931154,50.49692106240908,
14011,4agn,11,0,14,0.41552734375,2,-783323.4515883236,-747967.5952721839,-35354.86951403228,-22.756197197217734,
14012,4agn,12,0,14,0.41552734375,2,-783321.3056424179,-747967.5952721839,-35355.564596458455,42.759472538263324,
14013,4agn,13,0,14,0.41552734375,2,-783309.9173854805,-747967.5952721839,-35355.62721292587,306.8228863920051,
14014,4agn,14,0,14,0.41552734375,2,-783321.5507835513,-747967.5952721839,-35355.013279362596,24.39270944659422,
14015,4agn,15,0,14,0.41552734375,2,-783311.4872517644,-747967.5952721839,-35349.617951436914,132.04404787133393,
14016,4agn,16,0,14,0.41552734375,2,-783321.649382896,-747967.5952721839,-35355.45491735556,32.303368601990485,
14017,4agn,17,0,14,0.41552734375,2,-783322.295971728,-747967.5952721839,-35355.195208712496,11.40365232902334,
14018,4agn,18,0,14,0.41552734375,2,-783306.361975736,-747967.5952721839,-35349.50600014535,247.65406275589652,
14019,4agn,19,0,14,0.41552734375,2,-783320.3474623917,-747967.5952721839,-35355.01156495425,52.10241940710602,
14020,4agn,20,0,14,0.41552734375,2,-783325.5366726436,-747967.5952721839,-35355.06070147373,-66.43049675232041,
14021,4agn,21,0,14,0.41552734375,2,-783323.2247933067,-747967.5952721839,-35355.467925115554,-3.726492453973706,
14022,4agn,22,0,14,0.41552734375,2,-783319.5643693722,-747967.5952721839,-35354.96817420331,69.1603589518609,
14023,4agn,23,0,14,0.41552734375,2,-783320.6735268892,-747967.5952721839,-35355.14766101452,47.72164317482791,
14024,4agn,24,0,14,0.41552734375,2,-783325.3691988804,-747967.5952721839,-35355.399837299265,-54.747802099279376,
14025,4agn,25,0,14,0.41552734375,2,-783324.6296058662,-747967.5952721839,-35355.52464948507,-34.814144638595735,
14026,4agn,26,0,14,0.41552734375,2,-783324.1411817736,-747967.5952721839,-35355.42457060424,-25.858691309380973,
14027,4agn,27,0,14,0.41552734375,2,-783319.1678073762,-747967.5952721839,-35347.856520934976,-85.69332452168463,
14028,4agn,28,0,14,0.41552734375,2,-783321.9387727298,-747967.5952721839,-35355.049752338906,16.286553251990007,
14029,4agn,29,0,14,0.41552734375,2,-783323.1422006554,-747967.5952721839,-35355.255986793956,-6.709274471756933,
14030,4agn,30,0,14,0.41552734375,2,-783315.292066834,-747967.5952721839,-35349.849039121546,49.63193657538255,
14031,4agn,31,0,14,0.41552734375,2,-783320.8559830694,-747967.5952721839,-35355.47542796937,51.07258924359591,
14032,4agn,32,0,14,0.41552734375,2,-783307.827344931,-747967.5952721839,-35349.88074879267,222.5037554514349,
14033,4agn,33,0,14,0.41552734375,2,-783325.7553231634,-747967.5952721839,-35355.57012443157,-59.72512503551614,
14034,4agn,34,0,14,0.41552734375,2,-783320.0229770757,-747967.5952721839,-35355.11336462108,61.932784644476705,
14035,4agn,35,0,14,0.41552734375,2,-783316.0439072012,-747967.5952721839,-35349.80519090501,31.282921934259328,
14036,4agn,36,0,14,0.41552734375,2,-783312.252385489,-747967.5952721839,-35349.579065128346,113.50290544088415,
14037,4agn,37,0,14,0.41552734375,2,-783323.7042699374,-747967.5952721839,-35354.97423712823,-26.168201674781354,
14038,4agn,38,0,14,0.41552734375,2,-783320.898267082,-747967.5952721839,-35355.04705445377,40.21896880127712,
14039,4agn,39,0,14,0.41552734375,2,-783322.5860946088,-747967.5952721839,-35355.459472819246,10.807334835131854,
14040,4agn,40,0,14,0.41552734375,2,-783322.3618992337,-747967.5952721839,-35355.07578311779,7.129308293669894,
14041,4agn,41,0,14,0.41552734375,2,-783311.3242743976,-747967.5952721839,-35349.7977382979,139.94837874139768,
14042,4agn,42,0,14,0.41552734375,2,-783322.5035537846,-747967.5952721839,-35354.882842167295,-0.5866472704668515,
14043,4agn,43,0,14,0.41552734375,2,-783316.7175483315,-747967.5952721839,-35349.62766913978,11.654639269543681,
14044,4agn,44,0,14,0.41552734375,2,-783318.9618031152,-747967.5952721839,-35355.60792522051,97.80887587431468,
14045,4agn,45,0,14,0.41552734375,2,-783324.3012618638,-747967.5952721839,-35355.611990912876,-25.228210893689646,
14046,4agn,46,0,14,0.41552734375,2,-783318.4664897984,-747967.5952721839,-35355.51975582448,107.19783773366098,
14047,4agn,47,0,14,0.41552734375,2,-783325.2434057054,-747967.5952721839,-35355.58770583478,-47.51459122222369,
14048,4agn,48,0,14,0.41552734375,2,-783315.9640142389,-747967.5952721839,-35350.00907640078,37.8270086383653,
14049,4agn,49,0,14,0.41552734375,2,-783316.6487228639,-747967.5952721839,-35355.58881120292,150.70899392941314,
14050,4agn,50,0,14,0.41552734375,2,-783316.8751278734,-747967.5952721839,-35349.619960411466,7.843001208334345,
14051,4agn,51,0,14,0.41552734375,2,-783310.3909342645,-747967.5952721839,-35355.032017155565,282.1770514778314,
14052,4agn,52,0,14,0.41552734375,2,-783323.1206767329,-747967.5952721839,-35355.68673203804,3.7203002780846273,
14053,4agn,53,0,14,0.41552734375,2,-783311.6187616057,-747967.5952721839,-35355.56749318453,266.2110509268712,
14054,4agn,54,0,14,0.41552734375,2,-783321.0314692176,-747967.5952721839,-35355.01596335975,36.430276922302376,
14055,4agn,55,0,14,0.41552734375,2,-783321.4751158713,-747967.5952721839,-35355.56788800565,38.9272267411021,
14056,4agn,56,0,14,0.41552734375,2,-783304.7058742859,-747967.5952721839,-35355.612819655915,426.6712728743496,
14057,4agn,57,0,14,0.41552734375,2,-783325.2115399755,-747967.5952721839,-35355.166824503816,-56.48550409632356,
14058,4agn,58,0,14,0.41552734375,2,-783317.9750265843,-747967.5952721839,-35349.61756579486,-17.576486795400502,
14059,4agn,59,0,14,0.41552734375,2,-783322.0809252171,-747967.5952721839,-35354.99654237834,11.781388178741654,
14060,4agn,60,0,14,0.41552734375,2,-783309.9219934114,-747967.5952721839,-35349.858698590775,173.6915242450585,
14061,4agn,61,0,14,0.41552734375,2,-783318.6086589313,-747967.5952721839,-35349.563378020204,-33.43799560947859,
14062,4agn,62,0,14,0.41552734375,2,-783323.0706647403,-747967.5952721839,-35355.50257252065,0.6267848656339932,
14063,4agn,63,0,14,0.41552734375,2,-783323.4906899242,-747967.5952721839,-35355.500892921365,-9.097958458229515,
14064,4agn,64,0,14,0.41552734375,2,-783323.9380254217,-747967.5952721839,-35355.47895960428,-19.91955440177934,
14065,4agn,65,0,14,0.41552734375,2,-783315.7653875119,-747967.5952721839,-35349.6791251144,34.79859235517246,
14066,4agn,66,0,14,0.41552734375,2,-783319.9150038428,-747967.5952721839,-35355.625911637224,76.24232152661942,
14067,4agn,67,0,14,0.41552734375,2,-783322.0790397881,-747967.5952721839,-35349.60232590047,-112.5687198917091,
14068,4agn,68,0,14,0.41552734375,2,-783323.9975350865,-747967.5952721839,-35355.56770263531,-19.245416961098343,
14069,4agn,69,0,14,0.41552734375,2,-783320.9563316173,-747967.5952721839,-35355.50044856878,49.33548548406695,
14070,4agn,70,0,14,0.41552734375,2,-783323.0718592323,-747967.5952721839,-35355.56468240825,2.031527259892086,
14071,4agn,71,0,14,0.41552734375,2,-783313.5369679092,-747967.5952721839,-35354.96552835313,208.09452392933196,
14072,4agn,72,0,14,0.41552734375,2,-783320.6007725068,-747967.5952721839,-35355.6290348015,60.50014232895063,
14073,4agn,73,0,14,0.41552734375,2,-783306.1410479463,-747967.5952721839,-35355.371160074195,388.00257969047505,
14074,4agn,74,0,14,0.41552734375,2,-783324.7421242363,-747967.5952721839,-35355.54648600427,-36.905317799885886,
14075,4agn,75,0,14,0.41552734375,2,-783304.2587551384,-747967.5952721839,-35349.975232048906,306.9762267009158,
14076,4agn,76,0,14,0.41552734375,2,-783319.7275108614,-747967.5952721839,-35355.51037828543,77.90175000781393,
14077,4agn,77,0,14,0.41552734375,2,-783322.2031535275,-747967.5952721839,-35355.257926865546,14.9904058515164,
14078,4agn,78,0,14,0.41552734375,2,-783314.0305913455,-747967.5952721839,-35349.6496760687,74.12483120030326,
14079,4agn,79,0,14,0.41552734375,2,-783321.2030509918,-747967.5952721839,-35349.59555874673,-92.52399262681332,
14080,4agn,80,0,14,0.41552734375,2,-783322.9147610881,-747967.5952721839,-35355.08722118952,-5.356220744062499,
14081,4agn,81,0,14,0.41552734375,2,-783324.0745705134,-747967.5952721839,-35355.196559949836,-29.580649759857177,
14082,4agn,82,0,14,0.41552734375,2,-783316.0426182217,-747967.5952721839,-35355.005579634584,151.2364595421872,
14083,4agn,83,0,14,0.41552734375,2,-783317.0826589671,-747967.5952721839,-35355.608256920255,141.15061855974946,
14084,4agn,84,0,14,0.41552734375,2,-783323.6082358279,-747967.5952721839,-35353.8358093939,-50.20636971892203,
14085,4agn,85,0,14,0.41552734375,2,-783300.5612288631,-747967.5952721839,-35353.70399610612,478.2305501177581,
14086,4agn,86,0,14,0.41552734375,2,-783323.3161586291,-747967.5952721839,-35354.34979878274,-31.618032621326222,
14087,4agn,87,0,14,0.41552734375,2,-783324.2758919804,-747967.5952721839,-35353.84629551975,-65.36107055167878,
14088,4agn,88,0,14,0.41552734375,2,-783322.7449227788,-747967.5952721839,-35354.10918556072,-23.99369368714555,
14089,4agn,89,0,14,0.41552734375,2,-783324.1641260452,-747967.5952721839,-35353.98876093236,-59.49835639525924,
14090,4agn,90,0,14,0.41552734375,2,-783324.1626543767,-747967.5952721839,-35354.17065934745,-55.269741812377575,
14091,4agn,91,0,14,0.41552734375,2,-783322.5501378535,-747967.5952721839,-35353.99367146102,-22.165665021375332,
14092,4agn,92,0,14,0.41552734375,2,-783323.4495915391,-747967.5952721839,-35354.2061498604,-38.007691468173874,
14093,4agn,93,0,14,0.41552734375,2,-783326.2439059085,-747967.5952721839,-35354.11939833971,-104.44664923079183,
14094,4agn,94,0,14,0.41552734375,2,-783323.8880571788,-747967.5952721839,-35354.00056074468,-52.859946961478826,
14095,4agn,95,0,14,0.41552734375,2,-783323.1145959108,-747967.5952721839,-35353.69669143764,-42.03089908374674,
14096,4agn,96,0,14,0.41552734375,2,-783322.926010377,-747967.5952721839,-35353.32447229244,-46.265590763567914,
14097,4agn,97,0,14,0.41552734375,2,-783324.1676514513,-747967.5952721839,-35355.23994962784,-30.72655743464531,
14098,4agn,98,0,14,0.41552734375,2,-783324.703764639,-747967.5952721839,-35354.79863248674,-53.26663628235334,
14099,4agn,99,0,14,0.41552734375,2,-783323.3735475598,-747967.5952721839,-35354.74461720792,-23.836723624394697,
14100,4agn,100,0,14,0.41552734375,2,-783324.8253306218,-747967.5952721839,-35354.9444349847,-52.70772896549331,
15001,4agp,1,0,15,0.41552734375,2,-789615.205205802,-747967.5952721839,-41645.79163090518,-41.931056681999834,
15002,4agp,2,0,15,0.41552734375,2,-789616.9944994339,-747967.5952721839,-41645.871854823075,-81.34314056791986,
15003,4agp,3,0,15,0.41552734375,2,-789616.7121012984,-747967.5952721839,-41646.202227454625,-67.21231098475332,
15004,4agp,4,0,15,0.41552734375,2,-789615.4060536218,-747967.5952721839,-41646.12521437932,-38.87009977624878,
15005,4agp,5,0,15,0.41552734375,2,-789617.2637291591,-747967.5952721839,-41646.569238703756,-71.46967118741034,
15006,4agp,6,0,15,0.41552734375,2,-789615.2801860011,-747967.5952721839,-41645.55670193965,-49.07773179624328,
15007,4agp,7,0,15,0.41552734375,2,-789605.4824422329,-747967.5952721839,-41646.446098964734,197.37358963986324,
15008,4agp,8,0,15,0.41552734375,2,-789608.8851717005,-747967.5952721839,-41646.9983714037,131.640488991818,
15009,4agp,9,0,15,0.41552734375,2,-789585.3351547461,-747967.5952721839,-41646.415622334986,661.2782686088638,
15010,4agp,10,0,15,0.41552734375,2,-789608.44957437,-747967.5952721839,-41646.744328599416,135.82723582627403,
15011,4agp,11,0,15,0.41552734375,2,-789604.3106879024,-747967.5952721839,-41646.6405214481,228.87837540136212,
15012,4agp,12,0,15,0.41552734375,2,-789607.1970152747,-747967.5952721839,-41642.20428470898,60.01603546772241,
15013,4agp,13,0,15,0.41552734375,2,-789571.1277031343,-747967.5952721839,-41641.35102198651,872.1174274740755,
15014,4agp,14,0,15,0.41552734375,2,-789607.4265969584,-747967.5952721839,-41646.98877142007,165.05464071429438,
15015,4agp,15,0,15,0.41552734375,2,-789610.8522252917,-747967.5952721839,-41646.54403672747,75.80194903524857,
15016,4agp,16,0,15,0.41552734375,2,-789607.4828263414,-747967.5952721839,-41646.74218938876,158.07164361130074,
15017,4agp,17,0,15,0.41552734375,2,-789600.6895604919,-747967.5952721839,-41646.219642799406,302.67786504157993,
15018,4agp,18,0,15,0.41552734375,2,-789606.7888154277,-747967.5952721839,-41646.35664878412,165.18513792831027,
15019,4agp,19,0,15,0.41552734375,2,-789590.5909174858,-747967.5952721839,-41646.78162292763,548.5176747365595,
15020,4agp,20,0,15,0.41552734375,2,-789616.4035687787,-747967.5952721839,-41646.02309880782,-64.228186783705,
15021,4agp,21,0,15,0.41552734375,2,-789614.242876921,-747967.5952721839,-41646.821387391596,4.007523216553662,
15022,4agp,22,0,15,0.41552734375,2,-789613.5920546242,-747967.5952721839,-41646.422704976045,9.822007006690567,
15023,4agp,23,0,15,0.41552734375,2,-789614.8567951648,-747967.5952721839,-41646.34199396893,-21.20484276162249,
15024,4agp,24,0,15,0.41552734375,2,-789614.3474741619,-747967.5952721839,-41646.610568743235,-3.2661399847110073,
15025,4agp,25,0,15,0.41552734375,2,-789615.3416448276,-747967.5952721839,-41647.02042542031,-16.740740668391876,
15026,4agp,26,0,15,0.41552734375,2,-789614.7226994225,-747967.5952721839,-41646.4033284597,-16.698114525357692,
15027,4agp,27,0,15,0.41552734375,2,-789611.7962157456,-747967.5952721839,-41646.82064298912,60.411703947058335,
15028,4agp,28,0,15,0.41552734375,2,-789613.1904122126,-747967.5952721839,-41647.142184834964,35.67570074991852,
15029,4agp,29,0,15,0.41552734375,2,-789615.8927119115,-747967.5952721839,-41646.514588158636,-41.11353388059828,
15030,4agp,30,0,15,0.41552734375,2,-789612.9389834442,-747967.5952721839,-41646.634973745786,29.77722030711684,
15031,4agp,31,0,15,0.41552734375,2,-789611.6490043728,-747967.5952721839,-41646.11257288977,47.47799445835124,
15032,4agp,32,0,15,0.41552734375,2,-789607.9198282403,-747967.5952721839,-41641.48557035256,26.773625708418543,
15033,4agp,33,0,15,0.41552734375,2,-789612.8133474629,-747967.5952721839,-41647.019314270525,41.537557917740756,
15034,4agp,34,0,15,0.41552734375,2,-789607.1258198359,-747967.5952721839,-41641.28856472298,40.540836751304845,
15035,4agp,35,0,15,0.41552734375,2,-789614.6983252494,-747967.5952721839,-41646.907787185155,-4.502938172980174,
15036,4agp,36,0,15,0.41552734375,2,-789611.5688498211,-747967.5952721839,-41646.89213959504,67.30363762477002,
15037,4agp,37,0,15,0.41552734375,2,-789610.5679932873,-747967.5952721839,-41646.82140980294,88.752869839514,
15038,4agp,38,0,15,0.41552734375,2,-789608.1386318692,-747967.5952721839,-41642.00125352665,33.61983065950747,
15039,4agp,39,0,15,0.41552734375,2,-789601.3779093204,-747967.5952721839,-41640.917755704366,164.53974301088505,
15040,4agp,40,0,15,0.41552734375,2,-789599.605590154,-747967.5952721839,-41642.562821637875,243.34651556427335,
15041,4agp,41,0,15,0.41552734375,2,-789610.4511913104,-747967.5952721839,-41646.355635982,80.70538793900229,
15042,4agp,42,0,15,0.41552734375,2,-789611.8268003206,-747967.5952721839,-41646.45003608996,51.16000876735767,
15043,4agp,43,0,15,0.41552734375,2,-789608.2154088946,-747967.5952721839,-41642.65373120829,46.8958031797264,
15044,4agp,44,0,15,0.41552734375,2,-789607.5319237453,-747967.5952721839,-41641.30982462693,31.66612315714052,
15045,4agp,45,0,15,0.41552734375,2,-789607.420084376,-747967.5952721839,-41646.871599774866,162.50278210411028,
15046,4agp,46,0,15,0.41552734375,2,-789611.156123344,-747967.5952721839,-41646.45796833559,66.8091091966134,
15047,4agp,47,0,15,0.41552734375,2,-789615.4745437084,-747967.5952721839,-41646.97188250347,-20.924887920215056,
15048,4agp,48,0,15,0.41552734375,2,-789613.3516579759,-747967.5952721839,-41646.407100062854,15.005827566009565,
15049,4agp,49,0,15,0.41552734375,2,-789612.3520094642,-747967.5952721839,-41646.97147421172,51.07304693955909,
15050,4agp,50,0,15,0.41552734375,2,-789617.9747484812,-747967.5952721839,-41646.03975407406,-100.07637190057814,
15051,4agp,51,0,15,0.41552734375,2,-789610.9031835375,-747967.5952721839,-41647.09395394846,87.30821634635981,
15052,4agp,52,0,15,0.41552734375,2,-789616.990121026,-747967.5952721839,-41646.96528534222,-56.02706529814027,
15053,4agp,53,0,15,0.41552734375,2,-789613.4382621687,-747967.5952721839,-41645.86436996987,0.49303416878308687,
15054,4agp,54,0,15,0.41552734375,2,-789597.7746072748,-747967.5952721839,-41640.9474816732,248.31935930800984,
15055,4agp,55,0,15,0.41552734375,2,-789613.4822680829,-747967.5952721839,-41646.452671449624,13.044788091195961,
15056,4agp,56,0,15,0.41552734375,2,-789612.7514960063,-747967.5952721839,-41646.87849972773,39.71662589278838,
15057,4agp,57,0,15,0.41552734375,2,-789608.1073848795,-747967.5952721839,-41646.829660456686,145.68611231656976,
15058,4agp,58,0,15,0.41552734375,2,-789611.7524963507,-747967.5952721839,-41646.119656722985,45.25476982652847,
15059,4agp,59,0,15,0.41552734375,2,-789606.9265990583,-747967.5952721839,-41646.19918410107,158.37655006854007,
15060,4agp,60,0,15,0.41552734375,2,-789606.3810716909,-747967.5952721839,-41641.55709318448,63.90755040097433,
15061,4agp,61,0,15,0.41552734375,2,-789610.5969587454,-747967.5952721839,-41646.963473241834,91.36097123648202,
15062,4agp,62,0,15,0.41552734375,2,-789613.5924055764,-747967.5952721839,-41646.87636015936,20.275450911335444,
15063,4agp,63,0,15,0.41552734375,2,-789614.174707639,-747967.5952721839,-41646.68301878496,2.3886883316672463,
15064,4agp,64,0,15,0.41552734375,2,-789593.6946297031,-747967.5952721839,-41641.85396282006,363.3098290934047,
15065,4agp,65,0,15,0.41552734375,2,-789611.6114980172,-747967.5952721839,-41646.16606257489,49.57641300682337,
15066,4agp,66,0,15,0.41552734375,2,-789603.2028730699,-747967.5952721839,-41641.85908870026,144.16273375262773,
15067,4agp,67,0,15,0.41552734375,2,-789610.2331143348,-747967.5952721839,-41646.96158329769,99.70783952349734,
15068,4agp,68,0,15,0.41552734375,2,-789609.2681443137,-747967.5952721839,-41646.80150834847,118.26916082588045,
15069,4agp,69,0,15,0.41552734375,2,-789578.01455671,-747967.5952721839,-41646.58120117715,833.9136085773889,
15070,4agp,70,0,15,0.41552734375,2,-789602.4508568982,-747967.5952721839,-41646.786705535,275.1381823579758,
15071,4agp,71,0,15,0.41552734375,2,-789602.2775076806,-747967.5952721839,-41646.80800823502,279.6269622152429,
15072,4agp,72,0,15,0.41552734375,2,-789601.2249360275,-747967.5952721839,-41646.44130275775,295.443411966878,
15073,4agp,73,0,15,0.41552734375,2,-789605.2742144208,-747967.5952721839,-41646.93003628781,213.3352968458744,
15074,4agp,74,0,15,0.41552734375,2,-789611.3046120593,-747967.5952721839,-41646.85630033537,72.57063220870151,
15075,4agp,75,0,15,0.41552734375,2,-789615.9535977123,-747967.5952721839,-41647.006689470254,-31.16946796953806,
15076,4agp,76,0,15,0.41552734375,2,-789615.9212371898,-747967.5952721839,-41647.0566443615,-29.271229432621848,
15077,4agp,77,0,15,0.41552734375,2,-789610.9123150598,-747967.5952721839,-41642.32250363758,-22.934619675118373,
15078,4agp,78,0,15,0.41552734375,2,-789617.8054483422,-747967.5952721839,-41646.53699992224,-84.7054562830778,
15079,4agp,79,0,15,0.41552734375,2,-789609.220960441,-747967.5952721839,-41646.98116956278,123.5003328041901,
15080,4agp,80,0,15,0.41552734375,2,-789608.3152914982,-747967.5952721839,-41647.03240637112,145.5671036487519,
15081,4agp,81,0,15,0.41552734375,2,-789613.7949846425,-747967.5952721839,-41644.86671928695,-30.739552793914967,
15082,4agp,82,0,15,0.41552734375,2,-789615.8962694743,-747967.5952721839,-41645.1865534,-71.82078230054292,
15083,4agp,83,0,15,0.41552734375,2,-789614.6478325455,-747967.5952721839,-41644.36171136423,-62.052452008033235,
15084,4agp,84,0,15,0.41552734375,2,-789603.5009391499,-747967.5952721839,-41644.85297958184,206.32993053326834,
15085,4agp,85,0,15,0.41552734375,2,-789615.457957853,-747967.5952721839,-41644.585634034185,-75.57060597029438,
15086,4agp,86,0,15,0.41552734375,2,-789609.0962768683,-747967.5952721839,-41644.139466803514,60.8443818978525,
15087,4agp,87,0,15,0.41552734375,2,-789614.5673031388,-747967.5952721839,-41644.54182986542,-56.04176846203544,
15088,4agp,88,0,15,0.41552734375,2,-789614.8191901189,-747967.5952721839,-41644.84445766736,-54.87165731403572,
15089,4agp,89,0,15,0.41552734375,2,-789613.0300895016,-747967.5952721839,-41644.875013750105,-12.909376947592985,
15090,4agp,90,0,15,0.41552734375,2,-789612.4983005562,-747967.5952721839,-41644.921121697866,0.41724199902244413,
15091,4agp,91,0,15,0.41552734375,2,-789615.304391521,-747967.5952721839,-41645.864373009645,-42.54086092068669,
15092,4agp,92,0,15,0.41552734375,2,-789616.0192563129,-747967.5952721839,-41645.26938746501,-72.7467272559089,
15093,4agp,93,0,15,0.41552734375,2,-789614.1223111489,-747967.5952721839,-41645.30226544669,-28.24394830120928,
15094,4agp,94,0,15,0.41552734375,2,-789613.8739469835,-747967.5952721839,-41645.115382175885,-26.826165190171483,
15095,4agp,95,0,15,0.41552734375,2,-789613.4547225861,-747967.5952721839,-41644.954262834035,-20.874121211440904,
15096,4agp,96,0,15,0.41552734375,2,-789614.7555990261,-747967.5952721839,-41646.378169577605,-18.036975011685467,
15097,4agp,97,0,15,0.41552734375,2,-789614.4264968078,-747967.5952721839,-41646.17911497882,-15.03800566238464,
15098,4agp,98,0,15,0.41552734375,2,-789614.772497628,-747967.5952721839,-41646.35976664349,-18.851047771477905,
15099,4agp,99,0,15,0.41552734375,2,-789613.3921114681,-747967.5952721839,-41646.66063902899,19.91969532974615,
15100,4agp,100,0,15,0.41552734375,2,-789613.9426859361,-747967.5952721839,-41646.3538607173,0.14867054647796946,
16001,1z95,1,0,16,0.39453125,0,-799761.168174055,-747967.5952721839,-51792.39877143973,-27.076090973650825,
16002,1z95,2,0,16,0.39453125,0,-799760.062764686,-747967.5952721839,-51792.59312981838,2.897265342131553,
16003,1z95,3,0,16,0.39453125,0,-799759.8768081334,-747967.5952721839,-51793.22526380887,21.762881438716462,
16004,1z95,4,0,16,0.39453125,0,-799759.7976246594,-747967.5952721839,-51792.99958110323,18.38452890185241,
16005,1z95,5,0,16,0.39453125,0,-799760.1971103518,-747967.5952721839,-51792.67171839347,1.611476284720415,
16006,1z95,6,0,16,0.39453125,0,-799763.1081243871,-747967.5952721839,-51793.0239327299,-57.395846561024335,
16007,1z95,7,0,16,0.39453125,0,-799759.7973304657,-747967.5952721839,-51792.855914478205,15.078282090019648,
16008,1z95,8,0,16,0.39453125,0,-799739.9379586844,-747967.5952721839,-51789.67779648771,399.7571330087353,
16009,1z95,9,0,16,0.39453125,0,-799759.9406014947,-747967.5952721839,-51791.37591338625,-22.35526229731828,
16010,1z95,10,0,16,0.39453125,0,-799742.4436585575,-747967.5952721839,-51774.14090863341,-16.31482426684217,
16011,1z95,11,0,16,0.39453125,0,-799755.5735954611,-747967.5952721839,-51792.47054067721,103.59299421845557,
16012,1z95,12,0,16,0.39453125,0,-799756.1751791505,-747967.5952721839,-51792.028072063826,79.51657615120645,
16013,1z95,13,0,16,0.39453125,0,-799754.801359859,-747967.5952721839,-51791.843134735725,106.93284553526102,
16014,1z95,14,0,16,0.39453125,0,-799760.6964740424,-747967.5952721839,-51792.68190774792,-9.669151891776561,
16015,1z95,15,0,16,0.39453125,0,-799756.5798582403,-747967.5952721839,-51792.031361703775,70.26031554458466,
16016,1z95,16,0,16,0.39453125,0,-799751.686534372,-747967.5952721839,-51792.07650655975,184.14410977031494,
16017,1z95,17,0,16,0.39453125,0,-799761.1821169524,-747967.5952721839,-51792.121975277565,-33.78069296112513,
16018,1z95,18,0,16,0.39453125,0,-799741.2053464769,-747967.5952721839,-51785.003635321795,262.741759065948,
16019,1z95,19,0,16,0.39453125,0,-799755.0457912652,-747967.5952721839,-51792.829355572365,124.03891617478358,
16020,1z95,20,0,16,0.39453125,0,-799757.3432545782,-747967.5952721839,-51792.37431487908,60.564665884431236,
16021,1z95,21,0,16,0.39453125,0,-799758.4486505656,-747967.5952721839,-51792.6222575354,40.79132233048958,
16022,1z95,22,0,16,0.39453125,0,-799758.1373454895,-747967.5952721839,-51792.97164929384,56.02735328536723,
16023,1z95,23,0,16,0.39453125,0,-799759.7893336681,-747967.5952721839,-51793.182396148346,22.791538795478335,
16024,1z95,24,0,16,0.39453125,0,-799737.8878941803,-747967.5952721839,-51792.15517822375,504.16252358111666,
16025,1z95,25,0,16,0.39453125,0,-799747.6000544993,-747967.5952721839,-51791.140708779,256.80056485070537,
16026,1z95,26,0,16,0.39453125,0,-799745.6328466205,-747967.5952721839,-51778.38009280437,7.898661202113139,
16027,1z95,27,0,16,0.39453125,0,-799757.2258289425,-747967.5952721839,-51790.5359227704,20.87823621917791,
16028,1z95,28,0,16,0.39453125,0,-799753.0183098436,-747967.5952721839,-51792.87011766901,171.73374475249918,
16029,1z95,29,0,16,0.39453125,0,-799746.5675345926,-747967.5952721839,-51782.24450085034,75.45961109665461,
16030,1z95,30,0,16,0.39453125,0,-799759.5823800383,-747967.5952721839,-51792.3674286949,8.770406932171818,
16031,1z95,31,0,16,0.39453125,0,-799757.0043491541,-747967.5952721839,-51789.96231806745,12.7580427853768,
16032,1z95,32,0,16,0.39453125,0,-799760.4484981714,-747967.5952721839,-51792.34613547196,-11.69378508850058,
16033,1z95,33,0,16,0.39453125,0,-799755.8765682547,-747967.5952721839,-51792.488281820915,97.01539611369199,
16034,1z95,34,0,16,0.39453125,0,-799757.2030204205,-747967.5952721839,-51792.53743416542,67.5601624896301,
16035,1z95,35,0,16,0.39453125,0,-799759.2027396081,-747967.5952721839,-51792.4690878736,19.869439584286795,
16036,1z95,36,0,16,0.39453125,0,-799758.3380481721,-747967.5952721839,-51792.090806906126,31.086331460380233,
16037,1z95,37,0,16,0.39453125,0,-799759.7828648506,-747967.5952721839,-51793.07657514983,20.500423072579142,
16038,1z95,38,0,16,0.39453125,0,-799751.1857046753,-747967.5952721839,-51783.64881673922,1.3463727398053627,
16039,1z95,39,0,16,0.39453125,0,-799759.0202950205,-747967.5952721839,-51792.61877361407,27.528546900366216,
16040,1z95,40,0,16,0.39453125,0,-799760.29714593,-747967.5952721839,-51793.00106472244,6.899507819969519,
16041,1z95,41,0,16,0.39453125,0,-799758.7810723303,-747967.5952721839,-51792.5076558339,30.482716306096506,
16042,1z95,42,0,16,0.39453125,0,-799759.9590644208,-747967.5952721839,-51793.02235025638,15.186708707636768,
16043,1z95,43,0,16,0.39453125,0,-799750.3167560068,-747967.5952721839,-51785.354836528204,60.72655601527736,
16044,1z95,44,0,16,0.39453125,0,-799758.7838959662,-747967.5952721839,-51792.567144428394,31.789441293285964,
16045,1z95,45,0,16,0.39453125,0,-799758.7335164963,-747967.5952721839,-51792.58717445006,33.413122743399704,
16046,1z95,46,0,16,0.39453125,0,-799760.469081056,-747967.5952721839,-51792.889674727856,0.3658753261989847,
16047,1z95,47,0,16,0.39453125,0,-799758.5256243913,-747967.5952721839,-51793.207042221926,52.5017189757034,
16048,1z95,48,0,16,0.39453125,0,-799760.7830865354,-747967.5952721839,-51792.121630464695,-24.58678451837371,
16049,1z95,49,0,16,0.39453125,0,-799759.5771644084,-747967.5952721839,-51793.00461510291,23.584549854615645,
16050,1z95,50,0,16,0.39453125,0,-799759.320923057,-747967.5952721839,-51792.36819103831,14.817328211712919,
16051,1z95,51,0,16,0.39453125,0,-799756.0623567073,-747967.5952721839,-51790.99078485837,58.197912284521415,
16052,1z95,52,0,16,0.39453125,0,-799757.5117900193,-747967.5952721839,-51792.2213232862,53.15007633701638,
16053,1z95,53,0,16,0.39453125,0,-799758.9232704459,-747967.5952721839,-51792.99433956017,38.42674320830673,
16054,1z95,54,0,16,0.39453125,0,-799746.3407239883,-747967.5952721839,-51783.91034788364,119.10533307626548,
16055,1z95,55,0,16,0.39453125,0,-799754.5678339122,-747967.5952721839,-51792.35093436112,124.02821934949655,
16056,1z95,56,0,16,0.39453125,0,-799752.33712126,-747967.5952721839,-51791.84187710752,163.73053601692254,
16057,1z95,57,0,16,0.39453125,0,-799749.3933692394,-747967.5952721839,-51781.079951380394,-16.560832690635507,
16058,1z95,58,0,16,0.39453125,0,-799757.5596912919,-747967.5952721839,-51792.74153435701,64.04179903092525,
16059,1z95,59,0,16,0.39453125,0,-799753.2886589734,-747967.5952721839,-51792.33573177924,153.17611434272607,
16060,1z95,60,0,16,0.39453125,0,-799755.4985046805,-747967.5952721839,-51791.93113169541,92.88556213154753,
16061,1z95,61,0,16,0.39453125,0,-799755.6426401107,-747967.5952721839,-51791.88660037985,88.53480361626796,
16062,1z95,62,0,16,0.39453125,0,-799757.5718120603,-747967.5952721839,-51792.83393261307,65.8930418742682,
16063,1z95,63,0,16,0.39453125,0,-799755.551676002,-747967.5952721839,-51792.02487200966,93.82110532880009,
16064,1z95,64,0,16,0.39453125,0,-799758.2534864963,-747967.5952721839,-51792.439853285454,41.08557075509552,
16065,1z95,65,0,16,0.39453125,0,-799755.4880664615,-747967.5952721839,-51791.14043224325,74.89231064258871,
16066,1z95,66,0,16,0.39453125,0,-799758.4046995906,-747967.5952721839,-51791.83148977631,23.56931815904053,
16067,1z95,67,0,16,0.39453125,0,-799757.5783978073,-747967.5952721839,-51792.32764944901,54.066003819832716,
16068,1z95,68,0,16,0.39453125,0,-799758.433199671,-747967.5952721839,-51792.58488351574,40.28576305646059,
16069,1z95,69,0,16,0.39453125,0,-799757.7217690615,-747967.5952721839,-51791.987184111975,42.90846696525271,
16070,1z95,70,0,16,0.39453125,0,-799758.6181061981,-747967.5952721839,-51792.69186571711,38.48878541434256,
16071,1z95,71,0,16,0.39453125,0,-799753.458659154,-747967.5952721839,-51792.77094269266,159.292019132061,
16072,1z95,72,0,16,0.39453125,0,-799752.6451141209,-747967.5952721839,-51793.005690564416,183.46622780506993,
16073,1z95,73,0,16,0.39453125,0,-799752.7272064058,-747967.5952721839,-51789.60306367745,103.10669466548865,
16074,1z95,74,0,16,0.39453125,0,-799749.2953006445,-747967.5952721839,-51789.654596750675,183.43670252545738,
16075,1z95,75,0,16,0.39453125,0,-799756.0251595645,-747967.5952721839,-51792.262071316145,88.37226094211775,
16076,1z95,76,0,16,0.39453125,0,-799757.1188801498,-747967.5952721839,-51792.18481901755,61.36898474379629,
16077,1z95,77,0,16,0.39453125,0,-799738.8114676146,-747967.5952721839,-51786.83440357914,360.1644360350841,
16078,1z95,78,0,16,0.39453125,0,-799752.0691923915,-747967.5952721839,-51790.717594121634,143.9825409336613,
16079,1z95,79,0,16,0.39453125,0,-799759.5521611987,-747967.5952721839,-51790.44851679077,-34.7838898188028,
16080,1z95,80,0,16,0.39453125,0,-799760.7950732828,-747967.5952721839,-51792.50714758506,-15.972969486142725,
16081,1z95,81,0,16,0.39453125,0,-799761.3061733512,-747967.5952721839,-51790.71458399763,-69.09671540828438,
16082,1z95,82,0,16,0.39453125,0,-799756.1539339541,-747967.5952721839,-51790.39976671809,42.45688871215385,
16083,1z95,83,0,16,0.39453125,0,-799758.4139199225,-747967.5952721839,-51790.699473147295,-2.748231364424298,
16084,1z95,84,0,16,0.39453125,0,-799761.446003002,-747967.5952721839,-51790.515209292076,-76.91895369126007,
16085,1z95,85,0,16,0.39453125,0,-799758.6314260481,-747967.5952721839,-51791.15709335079,2.7889308143858718,
16086,1z95,86,0,16,0.39453125,0,-799757.7825401394,-747967.5952721839,-51789.95518097752,-5.352052856730955,
16087,1z95,87,0,16,0.39453125,0,-799747.8203442959,-747967.5952721839,-51789.85072949996,221.9729325949867,
16088,1z95,88,0,16,0.39453125,0,-799756.5429097979,-747967.5952721839,-51791.02647623887,47.93915754140515,
16089,1z95,89,0,16,0.39453125,0,-799758.1544314591,-747967.5952721839,-51791.05579069724,11.452592660717444,
16090,1z95,90,0,16,0.39453125,0,-799756.2914887039,-747967.5952721839,-51790.428585414826,39.94937575851713,
16091,1z95,91,0,16,0.39453125,0,-799757.7180022864,-747967.5952721839,-51790.833602015875,16.39309575967712,
16092,1z95,92,0,16,0.39453125,0,-799759.7351712108,-747967.5952721839,-51792.61864927878,11.040243081251363,
16093,1z95,93,0,16,0.39453125,0,-799761.6428122787,-747967.5952721839,-51790.58051765432,-79.95143681893614,
16094,1z95,94,0,16,0.39453125,0,-799758.491800469,-747967.5952721839,-51792.50792971724,37.15979979992336,
16095,1z95,95,0,16,0.39453125,0,-799747.8188962607,-747967.5952721839,-51790.569658611916,238.58522425402467,
16096,1z95,96,0,16,0.39453125,0,-799759.7414842366,-747967.5952721839,-51792.55339371135,9.389832115745568,
16097,1z95,97,0,16,0.39453125,0,-799761.2135965793,-747967.5952721839,-51792.99292707914,-14.422004724423644,
16098,1z95,98,0,16,0.39453125,0,-799760.9900308221,-747967.5952721839,-51792.7249498414,-15.446157796557733,
16099,1z95,99,0,16,0.39453125,0,-799758.8813327666,-747967.5952721839,-51792.529964362286,28.68510260513184,
16100,1z95,100,0,16,0.39453125,0,-799759.5807376773,-747967.5952721839,-51792.8441224741,19.801100373387094,
17001,3b68,1,0,17,0.39453125,0,-792891.0815164923,-747967.5952721839,-44923.41893630801,-1.5521593627301826,
17002,3b68,2,0,17,0.39453125,0,-792890.0077904343,-747967.5952721839,-44924.497063155744,48.07074749461272,
17003,3b68,3,0,17,0.39453125,0,-792889.3528573837,-747967.5952721839,-44923.5128896195,40.478281528234376,
17004,3b68,4,0,17,0.39453125,0,-792890.9464629175,-747967.5952721839,-44924.174837406244,18.993743489888438,
17005,3b68,5,0,17,0.39453125,0,-792891.9112120448,-747967.5952721839,-44924.5032670456,4.31986750308109,
17006,3b68,6,0,17,0.39453125,0,-792890.0872322648,-747967.5952721839,-44924.29223155555,41.515246448696494,
17007,3b68,7,0,17,0.39453125,0,-792891.4519335958,-747967.5952721839,-44924.70790755335,19.630202359704345,
17008,3b68,8,0,17,0.39453125,0,-792882.0675012352,-747967.5952721839,-44923.00481718358,196.76615674372198,
17009,3b68,9,0,17,0.39453125,0,-792874.6432720452,-747967.5952721839,-44922.94090908347,366.4991932854461,
17010,3b68,10,0,17,0.39453125,0,-792886.2755549728,-747967.5952721839,-44923.25899123726,105.58752517502559,
17011,3b68,11,0,17,0.39453125,0,-792870.6178561177,-747967.5952721839,-44923.31964355293,468.06131416837314,
17012,3b68,12,0,17,0.39453125,0,-792885.2821158649,-747967.5952721839,-44923.682894881335,138.27222549939864,
17013,3b68,13,0,17,0.39453125,0,-792888.0142089158,-747967.5952721839,-44922.58613389311,49.97675379510391,
17014,3b68,14,0,17,0.39453125,0,-792887.3500029027,-747967.5952721839,-44923.375094946,83.48758242580323,
17015,3b68,15,0,17,0.39453125,0,-792881.2778670515,-747967.5952721839,-44923.42992955032,224.77887767068012,
17016,3b68,16,0,17,0.39453125,0,-792888.6392228337,-747967.5952721839,-44923.138872321215,48.310041405218485,
17017,3b68,17,0,17,0.39453125,0,-792880.8341464131,-747967.5952721839,-44923.718342896085,241.6622884309516,
17018,3b68,18,0,17,0.39453125,0,-792883.8598835795,-747967.5952721839,-44922.85998683748,152.09297083703532,
17019,3b68,19,0,17,0.39453125,0,-792888.5144031968,-747967.5952721839,-44922.44626801792,35.21661594895834,
17020,3b68,20,0,17,0.39453125,0,-792876.3799614938,-747967.5952721839,-44912.13103678402,77.16860598502953,
17021,3b68,21,0,17,0.39453125,0,-792887.1545759767,-747967.5952721839,-44923.180597777944,83.50902315370993,
17022,3b68,22,0,17,0.39453125,0,-792889.2417239278,-747967.5952721839,-44923.47457354841,42.15749031306706,
17023,3b68,23,0,17,0.39453125,0,-792887.7178787317,-747967.5952721839,-44923.24469726864,71.99712239981632,
17024,3b68,24,0,17,0.39453125,0,-792888.3871745648,-747967.5952721839,-44923.350356634226,58.99935668175931,
17025,3b68,25,0,17,0.39453125,0,-792890.0543643414,-747967.5952721839,-44923.584677930456,25.956624553701847,
17026,3b68,26,0,17,0.39453125,0,-792870.3043969899,-747967.5952721839,-44904.01708203134,30.162210155714092,
17027,3b68,27,0,17,0.39453125,0,-792888.7229678656,-747967.5952721839,-44922.73854595009,37.14708966072808,
17028,3b68,28,0,17,0.39453125,0,-792888.9239538194,-747967.5952721839,-44922.728739168015,32.28609369293019,
17029,3b68,29,0,17,0.39453125,0,-792890.3868606269,-747967.5952721839,-44923.88588255225,25.235021647477527,
17030,3b68,30,0,17,0.39453125,0,-792867.5873818874,-747967.5952721839,-44903.53368082222,81.67057017919466,
17031,3b68,31,0,17,0.39453125,0,-792888.7754371192,-747967.5952721839,-44922.18063926283,23.07148608325722,
17032,3b68,32,0,17,0.39453125,0,-792870.6053940089,-747967.5952721839,-44905.096613224116,48.11563470667891,
17033,3b68,33,0,17,0.39453125,0,-792887.758821684,-747967.5952721839,-44923.824388082605,84.42094323045362,
17034,3b68,34,0,17,0.39453125,0,-792890.3503465235,-747967.5952721839,-44924.01251494465,28.99726921754379,
17035,3b68,35,0,17,0.39453125,0,-792887.6850273188,-747967.5952721839,-44923.916598554286,88.24910571327166,
17036,3b68,36,0,17,0.39453125,0,-792889.6358009757,-747967.5952721839,-44923.84194773015,41.541707589886066,
17037,3b68,37,0,17,0.39453125,0,-792887.4350672989,-747967.5952721839,-44923.69334470807,88.86496470731213,
17038,3b68,38,0,17,0.39453125,0,-792888.6911572396,-747967.5952721839,-44924.17101186094,70.91410877697233,
17039,3b68,39,0,17,0.39453125,0,-792888.0950268533,-747967.5952721839,-44924.06468128744,82.20916078847942,
17040,3b68,40,0,17,0.39453125,0,-792888.4853045078,-747967.5952721839,-44923.4656035262,59.394082902016656,
17041,3b68,41,0,17,0.39453125,0,-792888.8994396954,-747967.5952721839,-44924.11279809056,64.7685598063711,
17042,3b68,42,0,17,0.39453125,0,-792888.0465039641,-747967.5952721839,-44922.94011681852,57.395052470449514,
17043,3b68,43,0,17,0.39453125,0,-792874.1728106316,-747967.5952721839,-44910.332270141276,86.58616981114648,
17044,3b68,44,0,17,0.39453125,0,-792886.4578969659,-747967.5952721839,-44923.76472651538,113.04515149266236,
17045,3b68,45,0,17,0.39453125,0,-792889.0907592801,-747967.5952721839,-44923.627044435125,49.154879966743074,
17046,3b68,46,0,17,0.39453125,0,-792881.5076097577,-747967.5952721839,-44923.76328366575,227.16821352964212,
17047,3b68,47,0,17,0.39453125,0,-792866.841915014,-747967.5952721839,-44898.83424144569,-9.51020185014486,
17048,3b68,48,0,17,0.39453125,0,-792889.2068662675,-747967.5952721839,-44923.95866512832,54.12474408850054,
17049,3b68,49,0,17,0.39453125,0,-792871.6332210331,-747967.5952721839,-44911.66303950129,175.83876769392128,
17050,3b68,50,0,17,0.39453125,0,-792885.3434133559,-747967.5952721839,-44923.34760182676,129.1266302549544,
17051,3b68,51,0,17,0.39453125,0,-792872.5684434648,-747967.5952721839,-44908.870027836,89.86364697719857,
17052,3b68,52,0,17,0.39453125,0,-792886.3154903533,-747967.5952721839,-44922.880468870964,95.9376602911,
17053,3b68,53,0,17,0.39453125,0,-792874.4632512658,-747967.5952721839,-44911.187674399,99.61454047299364,
17054,3b68,54,0,17,0.39453125,0,-792885.0372287362,-747967.5952721839,-44923.00248795328,128.2289003353063,
17055,3b68,55,0,17,0.39453125,0,-792886.6593472238,-747967.5952721839,-44922.368044133815,76.1913373203571,
17056,3b68,56,0,17,0.39453125,0,-792884.60896917,-747967.5952721839,-44923.95999025878,160.18532825934997,
17057,3b68,57,0,17,0.39453125,0,-792888.1062868714,-747967.5952721839,-44923.60652780114,71.38422821781737,
17058,3b68,58,0,17,0.39453125,0,-792885.7002391695,-747967.5952721839,-44923.16821872768,116.76135897573502,
17059,3b68,59,0,17,0.39453125,0,-792885.469215336,-747967.5952721839,-44923.976595159205,140.7304985025767,
17060,3b68,60,0,17,0.39453125,0,-792887.195496309,-747967.5952721839,-44923.23198085603,83.75029980313425,
17061,3b68,61,0,17,0.39453125,0,-792888.6209318369,-747967.5952721839,-44923.20644181548,50.290031365752874,
17062,3b68,62,0,17,0.39453125,0,-792882.5830885648,-747967.5952721839,-44923.28885870752,191.42658361660583,
17063,3b68,63,0,17,0.39453125,0,-792881.761331531,-747967.5952721839,-44923.42413734976,213.49635059981932,
17064,3b68,64,0,17,0.39453125,0,-792887.3076423587,-747967.5952721839,-44924.19129830178,103.28653630171827,
17065,3b68,65,0,17,0.39453125,0,-792868.70484263,-747967.5952721839,-44904.81491767941,85.4473371033848,
17066,3b68,66,0,17,0.39453125,0,-792877.2823871254,-747967.5952721839,-44911.80825775442,48.91471529201285,
17067,3b68,67,0,17,0.39453125,0,-792886.0480831589,-747967.5952721839,-44923.760952706965,122.40865630112675,
17068,3b68,68,0,17,0.39453125,0,-792881.4377562733,-747967.5952721839,-44923.7627788144,228.76743099906193,
17069,3b68,69,0,17,0.39453125,0,-792877.2168376922,-747967.5952721839,-44923.81416463433,327.2891109864174,
17070,3b68,70,0,17,0.39453125,0,-792887.9644567698,-747967.5952721839,-44923.669246669386,76.1012395209217,
17071,3b68,71,0,17,0.39453125,0,-792878.6001472349,-747967.5952721839,-44915.577019538316,105.43615663884138,
17072,3b68,72,0,17,0.39453125,0,-792888.2239238353,-747967.5952721839,-44923.4544160324,65.1636746652553,
17073,3b68,73,0,17,0.39453125,0,-792885.8920814871,-747967.5952721839,-44922.85075124679,105.01639600747306,
17074,3b68,74,0,17,0.39453125,0,-792877.319141525,-747967.5952721839,-44925.47540264902,363.23898725340183,
17075,3b68,75,0,17,0.39453125,0,-792890.8518143322,-747967.5952721839,-44925.31196873966,47.39926322237698,
17076,3b68,76,0,17,0.39453125,0,-792881.8574202092,-747967.5952721839,-44924.95616137561,246.6098063653967,
17077,3b68,77,0,17,0.39453125,0,-792890.8552297085,-747967.5952721839,-44924.93268549023,38.57402325910269,
17078,3b68,78,0,17,0.39453125,0,-792891.1339350968,-747967.5952721839,-44925.11482148943,36.34708024250901,
17079,3b68,79,0,17,0.39453125,0,-792887.0646318521,-747967.5952721839,-44925.44187074486,137.72937735203877,
17080,3b68,80,0,17,0.39453125,0,-792892.3696932079,-747967.5952721839,-44925.2204080182,10.284704411084613,
17081,3b68,81,0,17,0.39453125,0,-792892.3263440012,-747967.5952721839,-44925.080508227926,8.058195060086335,
17082,3b68,82,0,17,0.39453125,0,-792882.4594058126,-747967.5952721839,-44925.18598675308,238.02758767614745,
17083,3b68,83,0,17,0.39453125,0,-792883.0840044196,-747967.5952721839,-44925.18419390503,223.58265756457712,
17084,3b68,84,0,17,0.39453125,0,-792889.8555046798,-747967.5952721839,-44925.31993710574,70.55846450146134,
17085,3b68,85,0,17,0.39453125,0,-792890.9042610704,-747967.5952721839,-44925.44447916327,49.24557566845416,
17086,3b68,86,0,17,0.39453125,0,-792885.4512365937,-747967.5952721839,-44925.078418489065,166.55374775005146,
17087,3b68,87,0,17,0.39453125,0,-792892.3154466774,-747967.5952721839,-44925.036621924075,7.29745110862923,
17088,3b68,88,0,17,0.39453125,0,-792889.3581296386,-747967.5952721839,-44925.02441340264,75.21326693950044,
17089,3b68,89,0,17,0.39453125,0,-792892.5857694625,-747967.5952721839,-44925.363533611875,8.602422205317293,
17090,3b68,90,0,17,0.39453125,0,-792892.591298151,-747967.5952721839,-44925.47701388178,11.09184481321663,
17091,3b68,91,0,17,0.39453125,0,-792890.1515861924,-747967.5952721839,-44925.2999425489,63.26957718442497,
17092,3b68,92,0,17,0.39453125,0,-792891.2100989552,-747967.5952721839,-44924.991566475,31.748371787170747,
17093,3b68,93,0,17,0.39453125,0,-792893.1560634702,-747967.5952721839,-44925.147429819684,-9.532341872005885,
17094,3b68,94,0,17,0.39453125,0,-792890.7081143438,-747967.5952721839,-44925.31184362945,50.71017856759849,
17095,3b68,95,0,17,0.39453125,0,-792883.2202992018,-747967.5952721839,-44925.57403921667,229.42967167712897,
17096,3b68,96,0,17,0.39453125,0,-792891.5628803702,-747967.5952721839,-44925.262098844614,29.851663742346773,
17097,3b68,97,0,17,0.39453125,0,-792892.531258139,-747967.5952721839,-44925.39595347224,10.607102930404519,
17098,3b68,98,0,17,0.39453125,0,-792881.7899872988,-747967.5952721839,-44925.471984322634,260.0600059638893,
17099,3b68,99,0,17,0.39453125,0,-792889.4348318155,-747967.5952721839,-44923.54508852545,39.33043063178804,
17100,3b68,100,0,17,0.39453125,0,-792891.6941880615,-747967.5952721839,-44924.04959582862,-1.1373473493508706,
18001,3b65,1,0,18,0.39453125,0,-785595.1252818763,-747967.5952721839,-37627.77321854127,5.608529291722824,
18002,3b65,2,0,18,0.39453125,0,-785594.8535093872,-747967.5952721839,-37627.60571524394,8.013033975083463,
18003,3b65,3,0,18,0.39453125,0,-785594.939215994,-747967.5952721839,-37627.85735681552,11.839585168544552,
18004,3b65,4,0,18,0.39453125,0,-785594.8601924838,-747967.5952721839,-37627.68039962546,9.581180860344146,
18005,3b65,5,0,18,0.39453125,0,-785595.4138074428,-747967.5952721839,-37627.59537413612,-5.146217745212268,
18006,3b65,6,0,18,0.39453125,0,-785593.2457341615,-747967.5952721839,-37627.43964251771,41.25948342329153,
18007,3b65,7,0,18,0.39453125,0,-785593.8781702279,-747967.5952721839,-37627.41879299176,26.194359773836595,
18008,3b65,8,0,18,0.39453125,0,-785592.2248198896,-747967.5952721839,-37626.662380128066,46.87822930627305,
18009,3b65,9,0,18,0.39453125,0,-785592.4459734918,-747967.5952721839,-37627.53443059221,61.888267525813,
18010,3b65,10,0,18,0.39453125,0,-785595.6987190458,-747967.5952721839,-37627.69017609849,-9.530250208014614,
18011,3b65,11,0,18,0.39453125,0,-785590.5869853852,-747967.5952721839,-37627.41645106566,102.03687915960015,
18012,3b65,12,0,18,0.39453125,0,-785578.7772889346,-747967.5952721839,-37624.29331716792,302.3537703933003,
18013,3b65,13,0,18,0.39453125,0,-785586.7426530778,-747967.5952721839,-37619.7931180884,14.89105345893379,
18014,3b65,14,0,18,0.39453125,0,-785591.1074446054,-747967.5952721839,-37627.771386890556,98.21981898321214,
18015,3b65,15,0,18,0.39453125,0,-785576.4072143344,-747967.5952721839,-37627.48782423032,430.6760719813707,
18016,3b65,16,0,18,0.39453125,0,-785581.8672823668,-747967.5952721839,-37626.415352492455,280.03212615164654,
18017,3b65,17,0,18,0.39453125,0,-785593.2117932051,-747967.5952721839,-37627.516002981814,43.80309460534332,
18018,3b65,18,0,18,0.39453125,0,-785594.0695955369,-747967.5952721839,-37627.282711296226,18.64186882972667,
18019,3b65,19,0,18,0.39453125,0,-785579.4830925969,-747967.5952721839,-37621.76064517987,227.67274776005183,
18020,3b65,20,0,18,0.39453125,0,-785588.990471965,-747967.5952721839,-37627.32808384196,136.81555665741737,
18021,3b65,21,0,18,0.39453125,0,-785585.4169414997,-747967.5952721839,-37617.189427941,-14.57983246420418,
18022,3b65,22,0,18,0.39453125,0,-785594.7851245614,-747967.5952721839,-37627.33280858293,3.296648412561458,
18023,3b65,23,0,18,0.39453125,0,-785592.3677332011,-747967.5952721839,-37626.49338981402,39.685560831189264,
18024,3b65,24,0,18,0.39453125,0,-785592.367632708,-747967.5952721839,-37625.663659482125,20.553842251466694,
18025,3b65,25,0,18,0.39453125,0,-785594.7083629578,-747967.5952721839,-37627.13707819477,0.553163065657289,
18026,3b65,26,0,18,0.39453125,0,-785594.6291637184,-747967.5952721839,-37627.87997534766,19.511156241030022,
18027,3b65,27,0,18,0.39453125,0,-785593.974370396,-747967.5952721839,-37627.56155446065,27.268088876942667,
18028,3b65,28,0,18,0.39453125,0,-785593.1095459969,-747967.5952721839,-37625.93956300509,9.80740175623777,
18029,3b65,29,0,18,0.39453125,0,-785593.577545768,-747967.5952721839,-37627.5288880755,35.66577745418208,
18030,3b65,30,0,18,0.39453125,0,-785590.5794200959,-747967.5952721839,-37626.42521980298,79.3530029303403,
18031,3b65,31,0,18,0.39453125,0,-785593.2451696752,-747967.5952721839,-37625.69840767873,1.1186714968122395,
18032,3b65,32,0,18,0.39453125,0,-785594.2463895291,-747967.5952721839,-37627.4432134916,18.266171070435703,
18033,3b65,33,0,18,0.39453125,0,-785590.725154078,-747967.5952721839,-37625.96423372522,65.36170597041583,
18034,3b65,34,0,18,0.39453125,0,-785595.0440491049,-747967.5952721839,-37627.10995218053,-7.8134841343728265,
18035,3b65,35,0,18,0.39453125,0,-785594.6803082136,-747967.5952721839,-37627.48253705991,9.166591520028328,
18036,3b65,36,0,18,0.39453125,0,-785592.9689005524,-747967.5952721839,-37627.28649964825,44.11185964091418,
18037,3b65,37,0,18,0.39453125,0,-785592.5301545024,-747967.5952721839,-37626.984365968856,47.262215747458015,
18038,3b65,38,0,18,0.39453125,0,-785593.6046015087,-747967.5952721839,-37627.28167101636,29.34089643464016,
18039,3b65,39,0,18,0.39453125,0,-785594.1956137923,-747967.5952721839,-37627.37012979281,17.751737246129256,
18040,3b65,40,0,18,0.39453125,0,-785594.3273426206,-747967.5952721839,-37627.76668774975,23.85884203387459,
18041,3b65,41,0,18,0.39453125,0,-785592.100562936,-747967.5952721839,-37627.48541870609,68.72338322300243,
18042,3b65,42,0,18,0.39453125,0,-785592.160159892,-747967.5952721839,-37627.468400328304,66.95659165341245,
18043,3b65,43,0,18,0.39453125,0,-785586.3653517871,-747967.5952721839,-37616.979108153704,-41.300782774046496,
18044,3b65,44,0,18,0.39453125,0,-785582.5473444074,-747967.5952721839,-37616.96604606406,46.44334007908573,
18045,3b65,45,0,18,0.39453125,0,-785588.6072484761,-747967.5952721839,-37627.60152032867,151.9584954341317,
18046,3b65,46,0,18,0.39453125,0,-785588.5397910537,-747967.5952721839,-37622.50673940673,36.025661412486265,
18047,3b65,47,0,18,0.39453125,0,-785585.0766225366,-747967.5952721839,-37619.29165676129,41.74665752214692,
18048,3b65,48,0,18,0.39453125,0,-785593.009387812,-747967.5952721839,-37627.090917675654,38.66797381984242,
18049,3b65,49,0,18,0.39453125,0,-785593.4816742152,-747967.5952721839,-37627.85051640761,45.29355351997894,
18050,3b65,50,0,18,0.39453125,0,-785588.0728531986,-747967.5952721839,-37622.95392039311,57.1057426798011,
18051,3b65,51,0,18,0.39453125,0,-785592.59421452,-747967.5952721839,-37624.78687158126,-4.890467784754112,
18052,3b65,52,0,18,0.39453125,0,-785591.8690103352,-747967.5952721839,-37624.99431779877,16.61696142633649,
18053,3b65,53,0,18,0.39453125,0,-785586.611777416,-747967.5952721839,-37619.014965980205,-0.03549599151536262,
18054,3b65,54,0,18,0.39453125,0,-785588.1042834732,-747967.5952721839,-37627.24933805957,155.43562787893808,
18055,3b65,55,0,18,0.39453125,0,-785593.5647627023,-747967.5952721839,-37627.46174463523,34.412197435522685,
18056,3b65,56,0,18,0.39453125,0,-785592.914693883,-747967.5952721839,-37627.43705806033,48.83385459470953,
18057,3b65,57,0,18,0.39453125,0,-785592.0938630165,-747967.5952721839,-37627.292027383,64.41817718290093,
18058,3b65,58,0,18,0.39453125,0,-785592.7768048558,-747967.5952721839,-37627.55975523486,54.84311516487558,
18059,3b65,59,0,18,0.39453125,0,-785591.2269947139,-747967.5952721839,-37626.78908249629,72.81045052106403,
18060,3b65,60,0,18,0.39453125,0,-785593.726898825,-747967.5952721839,-37627.57681718365,33.326885629875456,
18061,3b65,61,0,18,0.39453125,0,-785585.3163219899,-747967.5952721839,-37615.31512167946,-55.482020638854344,
18062,3b65,62,0,18,0.39453125,0,-785592.2073995086,-747967.5952721839,-37627.82794245973,74.1584587361332,
18063,3b65,63,0,18,0.39453125,0,-785592.6077273546,-747967.5952721839,-37627.43315181029,55.82259063977166,
18064,3b65,64,0,18,0.39453125,0,-785589.1251559913,-747967.5952721839,-37627.16057988898,129.84693630874546,
18065,3b65,65,0,18,0.39453125,0,-785582.9163805009,-747967.5952721839,-37622.52478274599,166.12067872586502,
18066,3b65,66,0,18,0.39453125,0,-785592.6443956259,-747967.5952721839,-37627.85427781835,64.68839666725971,
18067,3b65,67,0,18,0.39453125,0,-785592.4675221649,-747967.5952721839,-37627.44160398734,59.25071095608,
18068,3b65,68,0,18,0.39453125,0,-785592.1675180256,-747967.5952721839,-37627.72545573012,72.71474745121795,
18069,3b65,69,0,18,0.39453125,0,-785591.9783607334,-747967.5952721839,-37627.61675456062,74.57010971813115,
18070,3b65,70,0,18,0.39453125,0,-785579.753193727,-747967.5952721839,-37619.032718508366,158.5365842430357,
18071,3b65,71,0,18,0.39453125,0,-785592.9451881855,-747967.5952721839,-37627.40206167001,47.323603340194516,
18072,3b65,72,0,18,0.39453125,0,-785585.1904962867,-747967.5952721839,-37619.437535851124,42.48471819016019,
18073,3b65,73,0,18,0.39453125,0,-785592.2867564767,-747967.5952721839,-37627.24597707287,58.90800293649984,
18074,3b65,74,0,18,0.39453125,0,-785590.5804730566,-747967.5952721839,-37627.49581035867,104.01712579501323,
18075,3b65,75,0,18,0.39453125,0,-785592.5491793213,-747967.5952721839,-37627.701746969346,63.36669187575024,
18076,3b65,76,0,18,0.39453125,0,-785589.8048159837,-747967.5952721839,-37625.21036907927,69.20067488709238,
18077,3b65,77,0,18,0.39453125,0,-785573.9607244193,-747967.5952721839,-37627.40944632784,485.2860323148179,
18078,3b65,78,0,18,0.39453125,0,-785593.0919775577,-747967.5952721839,-37627.36375811591,43.05525906026863,
18079,3b65,79,0,18,0.39453125,0,-785590.6166632978,-747967.5952721839,-37627.16428747666,95.53745973144768,
18080,3b65,80,0,18,0.39453125,0,-785593.227498582,-747967.5952721839,-37627.083340614,33.4634887835139,
18081,3b65,81,0,18,0.39453125,0,-785590.48480632,-747967.5952721839,-37627.37212720409,103.37105184817727,
18082,3b65,82,0,18,0.39453125,0,-785584.900117195,-747967.5952721839,-37627.29485472932,230.37509693548404,
18083,3b65,83,0,18,0.39453125,0,-785593.0370744822,-747967.5952721839,-37626.74415495885,30.032965820868853,
18084,3b65,84,0,18,0.39453125,0,-785590.660258463,-747967.5952721839,-37626.747582047145,84.92267584941386,
18085,3b65,85,0,18,0.39453125,0,-785592.5685157388,-747967.5952721839,-37627.68521132961,62.53946258296996,
18086,3b65,86,0,18,0.39453125,0,-785592.4943406496,-747967.5952721839,-37625.61422529712,16.491908317570225,
18087,3b65,87,0,18,0.39453125,0,-785589.4609394134,-747967.5952721839,-37625.784111081484,90.36146186985698,
18088,3b65,88,0,18,0.39453125,0,-785591.6177246332,-747967.5952721839,-37625.96567883984,44.811865124602754,
18089,3b65,89,0,18,0.39453125,0,-785586.0614946694,-747967.5952721839,-37625.86053070322,170.51679832842584,
18090,3b65,90,0,18,0.39453125,0,-785594.4655592653,-747967.5952721839,-37626.039044945384,-19.168899037787167,
18091,3b65,91,0,18,0.39453125,0,-785594.2529266385,-747967.5952721839,-37625.53266277802,-25.942924366340492,
18092,3b65,92,0,18,0.39453125,0,-785564.2855194568,-747967.5952721839,-37625.939488141696,674.5035180628618,
18093,3b65,93,0,18,0.39453125,0,-785591.3208702862,-747967.5952721839,-37625.56578859583,42.43580089301465,
18094,3b65,94,0,18,0.39453125,0,-785594.1303251,-747967.5952721839,-37625.56368926063,-22.400178039143693,
18095,3b65,95,0,18,0.39453125,0,-785591.184547445,-747967.5952721839,-37626.23995950711,61.126230837751685,
18096,3b65,96,0,18,0.39453125,0,-785586.2390771417,-747967.5952721839,-37625.98325177924,169.2516644747409,
18097,3b65,97,0,18,0.39453125,0,-785591.05539701,-747967.5952721839,-37625.41924318567,45.17834263770075,
18098,3b65,98,0,18,0.39453125,0,-785595.3237154696,-747967.5952721839,-37625.797490625526,-44.528826178219454,
18099,3b65,99,0,18,0.39453125,0,-785595.7942475436,-747967.5952721839,-37625.559249310616,-60.8735288139811,
18100,3b65,100,0,18,0.39453125,0,-785595.0434761554,-747967.5952721839,-37627.619813411395,3.957407697037929,
19001,3b5r,1,0,19,0.39453125,0,-799383.0230314704,-747967.5952721839,-51416.04439040029,14.219851293809661,
19002,3b5r,2,0,19,0.39453125,0,-799382.6503600003,-747967.5952721839,-51415.87630375231,18.93768936848026,
19003,3b5r,3,0,19,0.39453125,0,-799383.3819960324,-747967.5952721839,-51416.3355606993,12.656478447935358,
19004,3b5r,4,0,19,0.39453125,0,-799382.731654343,-747967.5952721839,-51416.3040266236,26.92652102322053,
19005,3b5r,5,0,19,0.39453125,0,-799383.5215660753,-747967.5952721839,-51416.1619258126,5.43380118953433,
19006,3b5r,6,0,19,0.39453125,0,-799383.7590150358,-747967.5952721839,-51416.59083273018,9.84892656532987,
19007,3b5r,7,0,19,0.39453125,0,-799382.6238722025,-747967.5952721839,-51416.01017787059,22.635723005493112,
19008,3b5r,8,0,19,0.39453125,0,-799383.2112286061,-747967.5952721839,-51416.31740655505,16.175824339935282,
19009,3b5r,9,0,19,0.39453125,0,-799382.8507715584,-747967.5952721839,-51415.92608227332,15.464009013298046,
19010,3b5r,10,0,19,0.39453125,0,-799378.5353550584,-747967.5952721839,-51415.84536339844,113.11845614493942,
19011,3b5r,11,0,19,0.39453125,0,-799367.5944692614,-747967.5952721839,-51415.56909122069,359.050288607403,
19012,3b5r,12,0,19,0.39453125,0,-799380.9026921066,-747967.5952721839,-51415.326927026144,46.57094015398121,
19013,3b5r,13,0,19,0.39453125,0,-799379.997764361,-747967.5952721839,-51415.738354166344,76.92680495951997,
19014,3b5r,14,0,19,0.39453125,0,-799376.0093987704,-747967.5952721839,-51414.79314782227,147.103724319523,
19015,3b5r,15,0,19,0.39453125,0,-799361.0530806007,-747967.5952721839,-51415.38442786534,505.6398565568141,
19016,3b5r,16,0,19,0.39453125,0,-799380.3206942499,-747967.5952721839,-51415.724606891505,69.16284512016465,
19017,3b5r,17,0,19,0.39453125,0,-799360.0319859954,-747967.5952721839,-51415.43987449014,530.465487085772,
19018,3b5r,18,0,19,0.39453125,0,-799380.3391952632,-747967.5952721839,-51414.83012445772,48.10894667053745,
19019,3b5r,19,0,19,0.39453125,0,-799377.4937308995,-747967.5952721839,-51416.14442100127,144.03531203591763,
19020,3b5r,20,0,19,0.39453125,0,-799372.8948925852,-747967.5952721839,-51415.38100477063,232.48224644666607,
19021,3b5r,21,0,19,0.39453125,0,-799370.4581405789,-747967.5952721839,-51411.69803782304,203.74384718565952,
19022,3b5r,22,0,19,0.39453125,0,-799372.7687767566,-747967.5952721839,-51415.36739571894,235.0767143577038,
19023,3b5r,23,0,19,0.39453125,0,-799382.6205958249,-747967.5952721839,-51416.000470479325,22.487420306581022,
19024,3b5r,24,0,19,0.39453125,0,-799381.2647373201,-747967.5952721839,-51415.63258632027,45.27064996149154,
19025,3b5r,25,0,19,0.39453125,0,-799379.6611300082,-747967.5952721839,-51415.584409435585,81.13972772683633,
19026,3b5r,26,0,19,0.39453125,0,-799368.2171871782,-747967.5952721839,-51414.75817473734,325.98989394996113,
19027,3b5r,27,0,19,0.39453125,0,-799381.4559812369,-747967.5952721839,-51415.91295256217,47.3258596032872,
19028,3b5r,28,0,19,0.39453125,0,-799382.9475686373,-747967.5952721839,-51416.180364777676,19.095709198180806,
19029,3b5r,29,0,19,0.39453125,0,-799380.2568592401,-747967.5952721839,-51413.89921214187,28.540312483597976,
19030,3b5r,30,0,19,0.39453125,0,-799378.6589518903,-747967.5952721839,-51414.670622309095,83.17807241124666,
19031,3b5r,31,0,19,0.39453125,0,-799380.9151216714,-747967.5952721839,-51415.4061799248,48.111922839616106,
19032,3b5r,32,0,19,0.39453125,0,-799380.1945783317,-747967.5952721839,-51413.64503159129,24.11500160774798,
19033,3b5r,33,0,19,0.39453125,0,-799381.2733992756,-747967.5952721839,-51415.91518570979,51.587797261723935,
19034,3b5r,34,0,19,0.39453125,0,-799380.0241466583,-747967.5952721839,-51415.18970598782,63.66628716817956,
19035,3b5r,35,0,19,0.39453125,0,-799381.5033806534,-747967.5952721839,-51415.61171563466,39.28611451524883,
19036,3b5r,36,0,19,0.39453125,0,-799382.2891468974,-747967.5952721839,-51415.783944805495,25.13761349519145,
19037,3b5r,37,0,19,0.39453125,0,-799380.8928405762,-747967.5952721839,-51414.39288862546,25.258684625252155,
19038,3b5r,38,0,19,0.39453125,0,-799381.4249306292,-747967.5952721839,-51415.737320621854,43.99173486663333,
19039,3b5r,39,0,19,0.39453125,0,-799380.8798894556,-747967.5952721839,-51414.26877369483,22.69518626743818,
19040,3b5r,40,0,19,0.39453125,0,-799380.4230958939,-747967.5952721839,-51414.282827218405,33.55317799823967,
19041,3b5r,41,0,19,0.39453125,0,-799379.114750606,-747967.5952721839,-51414.33004583919,64.81322435242087,
19042,3b5r,42,0,19,0.39453125,0,-799377.1239469467,-747967.5952721839,-51414.050457378275,104.27478428352624,
19043,3b5r,43,0,19,0.39453125,0,-799380.4466484605,-747967.5952721839,-51415.10734893878,52.02396548119678,
19044,3b5r,44,0,19,0.39453125,0,-799381.1113122969,-747967.5952721839,-51415.729808469645,51.05071107302785,
19045,3b5r,45,0,19,0.39453125,0,-799382.3283154041,-747967.5952721839,-51415.56138362487,19.10198352085001,
19046,3b5r,46,0,19,0.39453125,0,-799382.1258183987,-747967.5952721839,-51415.38377030695,19.67581498773248,
19047,3b5r,47,0,19,0.39453125,0,-799367.9862050088,-747967.5952721839,-51401.23948775728,19.568141604417235,
19048,3b5r,48,0,19,0.39453125,0,-799346.4581855059,-747967.5952721839,-51389.96982820832,256.13154198535517,
19049,3b5r,49,0,19,0.39453125,0,-799378.6948810936,-747967.5952721839,-51415.01153173049,90.21108331875072,
19050,3b5r,50,0,19,0.39453125,0,-799373.6981534184,-747967.5952721839,-51406.41611223424,7.223278451829851,
19051,3b5r,51,0,19,0.39453125,0,-799373.5071370425,-747967.5952721839,-51415.850661953285,229.19410578112604,
19052,3b5r,52,0,19,0.39453125,0,-799374.1113857151,-747967.5952721839,-51408.33366986119,41.913844682707136,
19053,3b5r,53,0,19,0.39453125,0,-799363.5205965758,-747967.5952721839,-51391.72956939538,-96.75640878337461,
19054,3b5r,54,0,19,0.39453125,0,-799381.3378774942,-747967.5952721839,-51415.214010288364,33.93140487525724,
19055,3b5r,55,0,19,0.39453125,0,-799377.542123449,-747967.5952721839,-51414.85640486081,113.21699551967052,
19056,3b5r,56,0,19,0.39453125,0,-799382.6783883991,-747967.5952721839,-51416.05106242501,22.3213698690457,
19057,3b5r,57,0,19,0.39453125,0,-799381.5778499664,-747967.5952721839,-51415.63355805476,38.07250953647555,
19058,3b5r,58,0,19,0.39453125,0,-799370.8289477945,-747967.5952721839,-51415.72370620573,288.02694794439867,
19059,3b5r,59,0,19,0.39453125,0,-799380.2356530847,-747967.5952721839,-51416.014851351574,77.81713723265364,
19060,3b5r,60,0,19,0.39453125,0,-799377.8601248087,-747967.5952721839,-51415.30938764416,116.32974109606072,
19061,3b5r,61,0,19,0.39453125,0,-799379.6763537497,-747967.5952721839,-51415.365078767136,75.73077453659207,
19062,3b5r,62,0,19,0.39453125,0,-799379.1257338495,-747967.5952721839,-51415.05262204016,81.2229477848072,
19063,3b5r,63,0,19,0.39453125,0,-799379.545758483,-747967.5952721839,-51414.518275757626,59.21463162692107,
19064,3b5r,64,0,19,0.39453125,0,-799381.0328696193,-747967.5952721839,-51415.16529818379,39.84172574448665,
19065,3b5r,65,0,19,0.39453125,0,-799381.1796154202,-747967.5952721839,-51414.564499874905,22.602949046300267,
19066,3b5r,66,0,19,0.39453125,0,-799377.930724156,-747967.5952721839,-51414.73673655594,101.49603366207403,
19067,3b5r,67,0,19,0.39453125,0,-799370.2617609324,-747967.5952721839,-51405.37281574805,62.4093832182221,
19068,3b5r,68,0,19,0.39453125,0,-799380.8106514784,-747967.5952721839,-51415.75187631451,58.493010852830785,
19069,3b5r,69,0,19,0.39453125,0,-799382.467879203,-747967.5952721839,-51415.02635188897,3.545440924238403,
19070,3b5r,70,0,19,0.39453125,0,-799370.8354269982,-747967.5952721839,-51414.976422508604,270.64476251687813,
19071,3b5r,71,0,19,0.39453125,0,-799368.2791094901,-747967.5952721839,-51415.14530607064,333.4893921429266,
19072,3b5r,72,0,19,0.39453125,0,-799379.2063969793,-747967.5952721839,-51415.394281109206,87.2416571253178,
19073,3b5r,73,0,19,0.39453125,0,-799381.794904542,-747967.5952721839,-51415.10455902417,20.868104664840207,
19074,3b5r,74,0,19,0.39453125,0,-799380.3158660055,-747967.5952721839,-51415.023994584924,53.117683475573706,
19075,3b5r,75,0,19,0.39453125,0,-799381.4213750334,-747967.5952721839,-51415.24134208758,32.63619214013244,
19076,3b5r,76,0,19,0.39453125,0,-799380.6625887277,-747967.5952721839,-51415.274018665186,50.887759818698235,
19077,3b5r,77,0,19,0.39453125,0,-799381.0762234301,-747967.5952721839,-51414.879431804016,32.24972779317475,
19078,3b5r,78,0,19,0.39453125,0,-799379.8010562182,-747967.5952721839,-51414.79287212098,59.65966856420771,
19079,3b5r,79,0,19,0.39453125,0,-799382.4144103052,-747967.5952721839,-51414.74151160319,-1.7901100343514749,
19080,3b5r,80,0,19,0.39453125,0,-799381.8383480133,-747967.5952721839,-51415.40735097729,26.848822734498935,
19081,3b5r,81,0,19,0.39453125,0,-799379.3685875208,-747967.5952721839,-51414.9113822182,72.36554141172977,
19082,3b5r,82,0,19,0.39453125,0,-799381.2446278752,-747967.5952721839,-51414.79477783049,26.414062027555513,
19083,3b5r,83,0,19,0.39453125,0,-799380.942422864,-747967.5952721839,-51415.2470964988,43.81379142677124,
19084,3b5r,84,0,19,0.39453125,0,-799382.110175726,-747967.5952721839,-51415.05156417691,12.375688237358842,
19085,3b5r,85,0,19,0.39453125,0,-799382.0121779562,-747967.5952721839,-51416.27354260285,42.81506243526181,
19086,3b5r,86,0,19,0.39453125,0,-799375.6389339984,-747967.5952721839,-51414.971691389925,159.76415739528017,
19087,3b5r,87,0,19,0.39453125,0,-799380.9130376251,-747967.5952721839,-51415.29708751042,45.64425124816731,
19088,3b5r,88,0,19,0.39453125,0,-799382.5608924449,-747967.5952721839,-51415.32407312595,8.266119436401851,
19089,3b5r,89,0,19,0.39453125,0,-799383.351071623,-747967.5952721839,-51414.9157902499,-19.371072086962606,
19090,3b5r,90,0,19,0.39453125,0,-799380.6366220386,-747967.5952721839,-51415.08051713312,47.024314559410875,
19091,3b5r,91,0,19,0.39453125,0,-799380.3329895856,-747967.5952721839,-51415.07897617419,53.9907099068343,
19092,3b5r,92,0,19,0.39453125,0,-799379.8567806603,-747967.5952721839,-51415.20468821131,67.87133704982126,
19093,3b5r,93,0,19,0.39453125,0,-799381.5656136245,-747967.5952721839,-51415.13307412465,26.813252673832576,
19094,3b5r,94,0,19,0.39453125,0,-799374.6783454687,-747967.5952721839,-51415.21082379425,187.43037937795214,
19095,3b5r,95,0,19,0.39453125,0,-799380.6613691868,-747967.5952721839,-51414.98734184106,44.304958483679535,
19096,3b5r,96,0,19,0.39453125,0,-799381.0603844645,-747967.5952721839,-51415.15622331702,38.99794694300376,
19097,3b5r,97,0,19,0.39453125,0,-799379.3903117897,-747967.5952721839,-51414.70308323705,67.06107925164633,
19098,3b5r,98,0,19,0.39453125,0,-799383.713662994,-747967.5952721839,-51415.66820247973,-10.381589525223525,
19099,3b5r,99,0,19,0.39453125,0,-799383.2093246846,-747967.5952721839,-51415.84842987855,5.404870732456614,
19100,3b5r,100,0,19,0.39453125,0,-799384.0950671255,-747967.5952721839,-51416.26691510283,-5.3703366613671175,
20001,3zso,1,0,20,0.3779296875,0,-802149.469968176,-747967.5952721839,-54183.42065650027,35.65069624291474,
20002,3zso,2,0,20,0.3779296875,0,-802158.8740986198,-747967.5952721839,-54190.77341222576,-11.65512856745647,
20003,3zso,3,0,20,0.3779296875,0,-802159.1112703588,-747967.5952721839,-54191.225779173765,-6.692609157081229,
20004,3zso,4,0,20,0.3779296875,0,-802159.3377733582,-747967.5952721839,-54191.71589505485,-0.613551690976143,
20005,3zso,5,0,20,0.3779296875,0,-802159.2281964333,-747967.5952721839,-54191.7882602195,3.5821325684573457,
20006,3zso,6,0,20,0.3779296875,0,-802157.6914450139,-747967.5952721839,-54191.26768088154,27.01561745705059,
20007,3zso,7,0,20,0.3779296875,0,-802159.9389163908,-747967.5952721839,-54190.73074114123,-37.19442829145362,
20008,3zso,8,0,20,0.3779296875,0,-802158.6885019147,-747967.5952721839,-54191.97267031469,20.280381647867692,
20009,3zso,9,0,20,0.3779296875,0,-802158.6113894493,-747967.5952721839,-54191.951884148526,21.579296965530197,
20010,3zso,10,0,20,0.3779296875,0,-802159.0060548693,-747967.5952721839,-54191.61094689182,4.615896256475608,
20011,3zso,11,0,20,0.3779296875,0,-802157.232114857,-747967.5952721839,-54190.66976964274,23.819861789871602,
20012,3zso,12,0,20,0.3779296875,0,-802158.975971749,-747967.5952721839,-54191.026494024176,-8.168173819929034,
20013,3zso,13,0,20,0.3779296875,0,-802155.6718051345,-747967.5952721839,-54190.978186247754,66.91371464631864,
20014,3zso,14,0,20,0.3779296875,0,-802158.9104141205,-747967.5952721839,-54190.93483340553,-8.770123072183479,
20015,3zso,15,0,20,0.3779296875,0,-802158.0713037456,-747967.5952721839,-54191.10436737338,14.48976803821951,
20016,3zso,16,0,20,0.3779296875,0,-802159.1090068724,-747967.5952721839,-54190.66992533006,-19.45870607058638,
20017,3zso,17,0,20,0.3779296875,0,-802157.7469856502,-747967.5952721839,-54190.52308153908,8.563951205813245,
20018,3zso,18,0,20,0.3779296875,0,-802156.4104299754,-747967.5952721839,-54191.30518388561,57.42136584314089,
20019,3zso,19,0,20,0.3779296875,0,-802159.7306597438,-747967.5952721839,-54190.54483258525,-36.6790690698803,
20020,3zso,20,0,20,0.3779296875,0,-802159.0803506131,-747967.5952721839,-54190.888064024824,-13.767479228159983,
20021,3zso,21,0,20,0.3779296875,0,-802157.2441696287,-747967.5952721839,-54191.21925484936,36.21330203839632,
20022,3zso,22,0,20,0.3779296875,0,-802154.1090299845,-747967.5952721839,-54191.30293106846,110.4409592133194,
20023,3zso,23,0,20,0.3779296875,0,-802159.6221530642,-747967.5952721839,-54191.12905043164,-20.704462006263313,
20024,3zso,24,0,20,0.3779296875,0,-802158.8464118745,-747967.5952721839,-54190.80168425836,-10.364688493678745,
20025,3zso,25,0,20,0.3779296875,0,-802157.4600355686,-747967.5952721839,-54189.678985593695,-4.284137634990703,
20026,3zso,26,0,20,0.3779296875,0,-802127.1705672058,-747967.5952721839,-54175.77302384177,373.52850019864786,
20027,3zso,27,0,20,0.3779296875,0,-802131.9992332514,-747967.5952721839,-54181.20928266457,387.5399224968752,
20028,3zso,28,0,20,0.3779296875,0,-802124.7663606011,-747967.5952721839,-54190.73929619588,774.1012610690061,
20029,3zso,29,0,20,0.3779296875,0,-802136.7057504563,-747967.5952721839,-54187.854216216016,432.2408653726738,
20030,3zso,30,0,20,0.3779296875,0,-802131.8415247562,-747967.5952721839,-54187.02707558683,525.3382587479629,
20031,3zso,31,0,20,0.3779296875,0,-802156.2362755147,-747967.5952721839,-54187.984040258336,-15.149928355975982,
20032,3zso,32,0,20,0.3779296875,0,-802137.8644812457,-747967.5952721839,-54186.62758406809,377.2330892622397,
20033,3zso,33,0,20,0.3779296875,0,-802138.7575188337,-747967.5952721839,-54185.58120429315,332.5090624009475,
20034,3zso,34,0,20,0.3779296875,0,-802101.5557268619,-747967.5952721839,-54190.22732925214,1297.5449523953741,
20035,3zso,35,0,20,0.3779296875,0,-802111.8778917845,-747967.5952721839,-54182.60204943815,883.6670446097628,
20036,3zso,36,0,20,0.3779296875,0,-802158.739070242,-747967.5952721839,-54192.19181966594,24.167952413845995,
20037,3zso,37,0,20,0.3779296875,0,-802127.1085085927,-747967.5952721839,-54188.01719033517,657.3167928804132,
20038,3zso,38,0,20,0.3779296875,0,-802143.2740426718,-747967.5952721839,-54178.592368719954,67.18917138959374,
20039,3zso,39,0,20,0.3779296875,0,-802145.2137081083,-747967.5952721839,-54187.21031725207,221.19403814225754,
20040,3zso,40,0,20,0.3779296875,0,-802154.5281647199,-747967.5952721839,-54190.9366770964,92.32946535746926,
20041,3zso,41,0,20,0.3779296875,0,-802152.253122723,-747967.5952721839,-54187.491341231245,65.34184763431652,
20042,3zso,42,0,20,0.3779296875,0,-802152.8353710532,-747967.5952721839,-54189.7539050559,104.09084346394077,
20043,3zso,43,0,20,0.3779296875,0,-802146.1437191274,-747967.5952721839,-54185.728338060784,165.57222252835783,
20044,3zso,44,0,20,0.3779296875,0,-802142.6546911948,-747967.5952721839,-54183.68708634189,198.95873515332812,
20045,3zso,45,0,20,0.3779296875,0,-802134.6168489666,-747967.5952721839,-54179.52948301833,288.4391700078295,
20046,3zso,46,0,20,0.3779296875,0,-802152.4445307463,-747967.5952721839,-54190.34867083839,126.81945983006686,
20047,3zso,47,0,20,0.3779296875,0,-802143.1723253485,-747967.5952721839,-54186.73121577302,257.22110034201194,
20048,3zso,48,0,20,0.3779296875,0,-802141.59027726,-747967.5952721839,-54183.568354396004,220.76667988927798,
20049,3zso,49,0,20,0.3779296875,0,-802140.0455705584,-747967.5952721839,-54189.56984591286,394.7861448465119,
20050,3zso,50,0,20,0.3779296875,0,-802140.9750820159,-747967.5952721839,-54190.32918667606,390.86191541244443,
20051,3zso,51,0,20,0.3779296875,0,-802111.1735083665,-747967.5952721839,-54182.783753631506,904.1007103553566,
20052,3zso,52,0,20,0.3779296875,0,-802135.4080769469,-747967.5952721839,-54181.053682742626,305.3418999691849,
20053,3zso,53,0,20,0.3779296875,0,-802136.6560552476,-747967.5952721839,-54182.073149828124,300.07230615916916,
20054,3zso,54,0,20,0.3779296875,0,-802137.1190531316,-747967.5952721839,-54183.66815471462,326.1770077870007,
20055,3zso,55,0,20,0.3779296875,0,-802157.8803482559,-747967.5952721839,-54191.664250610396,31.804520410061084,
20056,3zso,56,0,20,0.3779296875,0,-802126.0200824045,-747967.5952721839,-54177.583486376316,441.8095678601334,
20057,3zso,57,0,20,0.3779296875,0,-802124.1046625585,-747967.5952721839,-54184.940392909426,655.6344938257539,
20058,3zso,58,0,20,0.3779296875,0,-802123.8387167811,-747967.5952721839,-54188.429690001525,742.2324516337399,
20059,3zso,59,0,20,0.3779296875,0,-802124.1296266373,-747967.5952721839,-54181.12858167103,567.156353108321,
20060,3zso,60,0,20,0.3779296875,0,-802156.97976323,-747967.5952721839,-54189.03246319093,-8.117955191261085,
20061,3zso,61,0,20,0.3779296875,0,-802136.5554983376,-747967.5952721839,-54180.899054912734,275.3159316387616,
20062,3zso,62,0,20,0.3779296875,0,-802140.2352843795,-747967.5952721839,-54189.15980613031,380.95549818408193,
20063,3zso,63,0,20,0.3779296875,0,-802109.6809306946,-747967.5952721839,-54188.21131169598,1063.682831498145,
20064,3zso,64,0,20,0.3779296875,0,-802129.1553735182,-747967.5952721839,-54180.75970551184,442.7533904638154,
20065,3zso,65,0,20,0.3779296875,0,-802120.0803873746,-747967.5952721839,-54171.48462152283,438.1390245294632,
20066,3zso,66,0,20,0.3779296875,0,-802128.751286051,-747967.5952721839,-54189.270285723585,648.3305108690616,
20067,3zso,67,0,20,0.3779296875,0,-802132.8703017588,-747967.5952721839,-54191.46390306752,603.9297698072154,
20068,3zso,68,0,20,0.3779296875,0,-802155.2277929089,-747967.5952721839,-54188.950991986305,30.404669584173018,
20069,3zso,69,0,20,0.3779296875,0,-802159.9938537539,-747967.5952721839,-54190.83916449349,-35.961012081095234,
20070,3zso,70,0,20,0.3779296875,0,-802117.5288297595,-747967.5952721839,-54188.28003501705,884.2907771750579,
20071,3zso,71,0,20,0.3779296875,0,-802131.4364153201,-747967.5952721839,-54190.94450485518,625.0183692896502,
20072,3zso,72,0,20,0.3779296875,0,-802146.3948553109,-747967.5952721839,-54191.158655880005,285.0069883622153,
20073,3zso,73,0,20,0.3779296875,0,-802116.989418751,-747967.5952721839,-54191.33601099052,967.2023706417228,
20074,3zso,74,0,20,0.3779296875,0,-802131.7543270498,-747967.5952721839,-54188.12640285291,552.7001746265441,
20075,3zso,75,0,20,0.3779296875,0,-802153.0627244171,-747967.5952721839,-54189.977505324394,104.00429502830127,
20076,3zso,76,0,20,0.3779296875,0,-802152.3736060463,-747967.5952721839,-54183.6238258759,-26.623586644248803,
20077,3zso,77,0,20,0.3779296875,0,-802152.7906271131,-747967.5952721839,-54188.392164585995,73.72018199605878,
20078,3zso,78,0,20,0.3779296875,0,-802133.9400191217,-747967.5952721839,-54188.615678189315,513.5798753566332,
20079,3zso,79,0,20,0.3779296875,0,-802123.3576575425,-747967.5952721839,-54189.280882594976,772.9549087306508,
20080,3zso,80,0,20,0.3779296875,0,-802151.926905086,-747967.5952721839,-54188.39805567064,93.77393675228538,
20081,3zso,81,0,20,0.3779296875,0,-802153.2369625927,-747967.5952721839,-54189.43144321244,87.39377579425067,
20082,3zso,82,0,20,0.3779296875,0,-802157.7039393991,-747967.5952721839,-54191.25235914997,26.374162564895073,
20083,3zso,83,0,20,0.3779296875,0,-802141.1733715739,-747967.5952721839,-54189.78805482188,373.8104525685091,
20084,3zso,84,0,20,0.3779296875,0,-802154.1469821538,-747967.5952721839,-54189.25476884641,62.334018511286025,
20085,3zso,85,0,20,0.3779296875,0,-802153.2299684645,-747967.5952721839,-54189.15901529591,81.27272722330626,
20086,3zso,86,0,20,0.3779296875,0,-802155.7652188301,-747967.5952721839,-54189.20494615845,23.86765575679597,
20087,3zso,87,0,20,0.3779296875,0,-802159.6404799874,-747967.5952721839,-54191.34510826865,-16.144678809263944,
20088,3zso,88,0,20,0.3779296875,0,-802150.9058841821,-747967.5952721839,-54188.803220508475,126.66256126612925,
20089,3zso,89,0,20,0.3779296875,0,-802144.8645817549,-747967.5952721839,-54188.346548078465,255.4471884322812,
20090,3zso,90,0,20,0.3779296875,0,-802159.3022917272,-747967.5952721839,-54190.78755795769,-21.203287872882203,
20091,3zso,91,0,20,0.3779296875,0,-802159.7881673778,-747967.5952721839,-54190.65852403452,-35.383439511508435,
20092,3zso,92,0,20,0.3779296875,0,-802159.5325409824,-747967.5952721839,-54191.87572324088,-1.4192742745629041,
20093,3zso,93,0,20,0.3779296875,0,-802158.24994891,-747967.5952721839,-54191.20712029733,12.739651398371842,
20094,3zso,94,0,20,0.3779296875,0,-802159.0019892218,-747967.5952721839,-54189.9431025962,-33.75175083844893,
20095,3zso,95,0,20,0.3779296875,0,-802158.7033319529,-747967.5952721839,-54192.22376966277,25.728881369689145,
20096,3zso,96,0,20,0.3779296875,0,-802159.8261517783,-747967.5952721839,-54190.82829713634,-32.3443198618302,
20097,3zso,97,0,20,0.3779296875,0,-802155.9941486926,-747967.5952721839,-54189.5532448272,26.620365822941892,
20098,3zso,98,0,20,0.3779296875,0,-802156.9937845528,-747967.5952721839,-54190.91855156235,35.05293652476943,
20099,3zso,99,0,20,0.3779296875,0,-802159.5332174357,-747967.5952721839,-54191.50146305362,-10.065518608844071,
20100,3zso,100,0,20,0.3779296875,0,-802156.490113264,-747967.5952721839,-54191.01636552623,48.92351596458493,
