mol_id,ligand_pdb,pose_index,label,ligunity_rank,ligunity_score,formal_charge,aimnet_complex_eV,aimnet_pocket_eV,aimnet_ligand_eV,aimnet_interaction_kcal_mol,error
1010,4mme,10,1,1,0.83544921875,0,-496664.6815427727,-462323.9314241536,-34383.48119646458,985.4020645103781,
1011,4mme,11,1,1,0.83544921875,0,-496631.1009730286,-462323.9314241536,-34384.08965575848,1773.8198039238441,
1012,4mme,12,1,1,0.83544921875,0,-496661.63564825384,-462323.9314241536,-34384.7870122507,1085.75488814307,
1013,4mme,13,1,1,0.83544921875,0,-496630.7638490236,-462323.9314241536,-34384.78631135968,1797.6593279781282,
1014,4mme,14,1,1,0.83544921875,0,-496655.6666156536,-462323.9314241536,-34384.701467783794,1221.4313476524705,
1015,4mme,15,1,1,0.83544921875,0,-496657.38244454924,-462323.9314241536,-34384.08843556199,1167.7265344631428,
1016,4mme,16,1,1,0.83544921875,0,-496653.5319251898,-462323.9314241536,-34384.08398747591,1256.4190450228805,
1017,4mme,17,1,1,0.83544921875,0,-496671.6840419657,-462323.9314241536,-34384.703686745444,852.1118925304612,
1018,4mme,18,1,1,0.83544921875,0,-496645.1446405834,-462323.9314241536,-34383.478914143125,1435.8811003247786,
1019,4mme,19,1,1,0.83544921875,0,-496584.8222484178,-462323.9314241536,-34384.53122100387,2851.215282811681,
1020,4mme,20,1,1,0.83544921875,0,-496560.27483082144,-462323.9314241536,-34384.53050300626,3417.2756229932024,
1021,4mme,21,1,1,0.83544921875,0,-496672.22173177067,-462323.9314241536,-34384.555289717,836.2903542924488,
1022,4mme,22,1,1,0.83544921875,0,-496611.4191650039,-462323.9314241536,-34384.55859682111,2238.5071170737624,
1023,4mme,23,1,1,0.83544921875,0,-496683.46959759656,-462323.9314241536,-34384.08700215969,566.1094388083704,
1025,4mme,25,1,1,0.83544921875,0,-496604.42232545046,-462323.9314241536,-34384.78927484302,2405.1776318173324,
1026,4mme,26,1,1,0.83544921875,0,-496698.32666899625,-462323.9314241536,-34384.78716528563,239.6433784277549,
1027,4mme,27,1,1,0.83544921875,0,-496692.9683954305,-462323.9314241536,-34384.7886035159,363.2412686587905,
1028,4mme,28,1,1,0.83544921875,0,-496697.2510927506,-462323.9314241536,-34384.78602412496,264.4204400962927,
1029,4mme,29,1,1,0.83544921875,0,-496690.95750861196,-462323.9314241536,-34384.53130442051,403.67996222316,
1030,4mme,30,1,1,0.83544921875,0,-496687.2120618856,-462323.9314241536,-34383.481677384654,465.8470411380673,
1031,4mme,31,1,1,0.83544921875,0,-496679.7436383998,-462323.9314241536,-34384.70256233362,666.2272539133821,
1032,4mme,32,1,1,0.83544921875,0,-496684.2326802201,-462323.9314241536,-34383.48021367345,534.5194605594537,
1033,4mme,33,1,1,0.83544921875,0,-496678.41533883254,-462323.9314241536,-34384.08785742668,682.6831377097706,
1035,4mme,35,1,1,0.83544921875,0,-496662.91830058757,-462323.9314241536,-34384.53104993848,1050.2735915072592,
1036,4mme,36,1,1,0.83544921875,0,-496684.4106367713,-462323.9314241536,-34384.08638507281,544.3943295473491,
1037,4mme,37,1,1,0.83544921875,0,-496677.94916099665,-462323.9314241536,-34384.7897134736,709.6186389318856,
1038,4mme,38,1,1,0.83544921875,0,-496683.8327108803,-462323.9314241536,-34384.09015447048,557.8085415739993,
1039,4mme,39,1,1,0.83544921875,0,-496674.9891501255,-462323.9314241536,-34384.52983388452,771.8851455115633,
1040,4mme,40,1,1,0.83544921875,0,-496675.4901481158,-462323.9314241536,-34384.787489922324,766.2735467766458,
1041,4mme,41,1,1,0.83544921875,0,-496658.399896819,-462323.9314241536,-34384.527152510025,1154.3805808944235,
1042,4mme,42,1,1,0.83544921875,0,-496652.8308140817,-462323.9314241536,-34384.78397038726,1288.729040672748,
1043,4mme,43,1,1,0.83544921875,0,-496673.48603876296,-462323.9314241536,-34383.48304948358,782.4082952353772,
1044,4mme,44,1,1,0.83544921875,0,-496642.76391128066,-462323.9314241536,-34384.78655412947,1520.936916733195,
1045,4mme,45,1,1,0.83544921875,0,-496696.3427409119,-462323.9314241536,-34384.70348808316,283.46420478022384,
1046,4mme,46,1,1,0.83544921875,0,-496676.731118727,-462323.9314241536,-34384.7048385456,735.7500986139289,
1047,4mme,47,1,1,0.83544921875,0,-496665.1138709671,-462323.9314241536,-34384.53267210869,999.6799438877823,
1048,4mme,48,1,1,0.83544921875,0,-496675.9475018269,-462323.9314241536,-34384.78575742398,755.6867672847826,
1049,4mme,49,1,1,0.83544921875,0,-496664.70239554706,-462323.9314241536,-34384.79258850364,1015.1626069507989,
1050,4mme,50,1,1,0.83544921875,0,-496679.87772824196,-462323.9314241536,-34384.706853719035,663.234030393494,
1051,4mme,51,1,1,0.83544921875,0,-496664.75108169386,-462323.9314241536,-34384.533327938596,1008.0611870732035,
1052,4mme,52,1,1,0.83544921875,0,-496673.33227546874,-462323.9314241536,-34384.532054157535,810.1447834946777,
1053,4mme,53,1,1,0.83544921875,0,-496621.7373494393,-462323.9314241536,-34384.08417686973,1989.623747396205,
1054,4mme,54,1,1,0.83544921875,0,-496677.87405135063,-462323.9314241536,-34384.55908140687,706.0322067103378,
1055,4mme,55,1,1,0.83544921875,0,-496662.3906110412,-462323.9314241536,-34384.531503202,1062.4528540356146,
1056,4mme,56,1,1,0.83544921875,0,-496662.84778918687,-462323.9314241536,-34384.527215422735,1051.8111970019627,
1057,4mme,57,1,1,0.83544921875,0,-496637.51228978095,-462323.9314241536,-34384.786278130094,1642.035820818954,
1058,4mme,58,1,1,0.83544921875,0,-496661.15065335063,-462323.9314241536,-34384.78502610473,1096.8933346918639,
1059,4mme,59,1,1,0.83544921875,0,-496605.2001210339,-462323.9314241536,-34383.480012090484,2357.0489232358623,
1060,4mme,60,1,1,0.83544921875,0,-496658.3000097758,-462323.9314241536,-34384.088455976525,1146.5674484387675,
1061,4mme,61,1,1,0.83544921875,0,-496645.25402361515,-462323.9314241536,-34384.55647012744,1458.2076990063144,
1062,4mme,62,1,1,0.83544921875,0,-496675.579947773,-462323.9314241536,-34384.55542999653,758.8512884675363,
1063,4mme,63,1,1,0.83544921875,0,-496678.92873330775,-462323.9314241536,-34383.48532059936,656.9491505318189,
1064,4mme,64,1,1,0.83544921875,0,-496642.53209102515,-462323.9314241536,-34384.557203413526,1520.9938656687264,
1065,4mme,65,1,1,0.83544921875,0,-496629.02767895523,-462323.9314241536,-34384.70474079404,1835.8152989516032,
1066,4mme,66,1,1,0.83544921875,0,-496623.0146342997,-462323.9314241536,-34383.481197567264,1946.2638257347735,
1067,4mme,67,1,1,0.83544921875,0,-496668.97728045646,-462323.9314241536,-34384.55802640466,911.1722885246096,
1068,4mme,68,1,1,0.83544921875,0,-496634.83959915105,-462323.9314241536,-34384.09162312893,1687.6504060461218,
1069,4mme,69,1,1,0.83544921875,0,-496640.67662468913,-462323.9314241536,-34384.089003296234,1552.9849846593318,
1070,4mme,70,1,1,0.83544921875,0,-496657.3225345793,-462323.9314241536,-34384.09271240381,1169.2067175053262,
1071,4mme,71,1,1,0.83544921875,0,-496655.2525789774,-462323.9314241536,-34383.48313087372,1202.8837436397002,
1073,4mme,73,1,1,0.83544921875,0,-496643.3059671408,-462323.9314241536,-34384.78839439301,1508.4792491284434,
1074,4mme,74,1,1,0.83544921875,0,-496651.5009814686,-462323.9314241536,-34383.47624927912,1289.2389440909224,
1076,4mme,76,1,1,0.83544921875,0,-496659.2974282536,-462323.9314241536,-34384.088693888465,1123.5719183043946,
1077,4mme,77,1,1,0.83544921875,0,-496623.61509999994,-462323.9314241536,-34384.78395000247,1962.4589425767635,
2001,3f3e,1,1,2,0.83544921875,0,-474351.1263915534,-462323.9314241536,-12025.48063293761,-39.53349186206676,
2002,3f3e,2,1,2,0.83544921875,0,-474349.8963711793,-462323.9314241536,-12025.393622792426,-13.175049808186442,
2003,3f3e,3,1,2,0.83544921875,0,-474347.28748323856,-462323.9314241536,-12024.868836498908,34.885475911957904,
2004,3f3e,4,1,2,0.83544921875,0,-474344.20656728104,-462323.9314241536,-12019.416302538577,-19.805334477956734,
2005,3f3e,5,1,2,0.83544921875,0,-474345.8351491178,-462323.9314241536,-12019.415823406636,-57.372372865706176,
2006,3f3e,6,1,2,0.83544921875,0,-474345.8187117214,-462323.9314241536,-12024.796892023745,67.09707272503898,
2007,3f3e,7,1,2,0.83544921875,0,-474336.6323705845,-462323.9314241536,-12019.406172818593,154.62619382833603,
2008,3f3e,8,1,2,0.83544921875,0,-474344.9841689403,-462323.9314241536,-12018.301724291507,-63.44003971155578,
2009,3f3e,9,1,2,0.83544921875,0,-474346.51535061846,-462323.9314241536,-12025.135451949302,58.839575475505264,
2010,3f3e,10,1,2,0.83544921875,0,-474347.19019693974,-462323.9314241536,-12024.600847936335,30.94898819372141,
2011,3f3e,11,1,2,0.83544921875,0,-474344.32121893106,-462323.9314241536,-12025.460258520297,116.92767166561755,
2012,3f3e,12,1,2,0.83544921875,0,-474340.9085241045,-462323.9314241536,-12019.405233359996,55.994086619782976,
2013,3f3e,13,1,2,0.83544921875,0,-474346.450499856,-462323.9314241536,-12024.874485827148,54.317047843571494,
2014,3f3e,14,1,2,0.83544921875,0,-474347.2586691911,-462323.9314241536,-12024.794831133548,33.84333936394532,
2015,3f3e,15,1,2,0.83544921875,0,-474348.15965532593,-462323.9314241536,-12025.13495365446,20.90951716872098,
2016,3f3e,16,1,2,0.83544921875,0,-474346.6456191028,-462323.9314241536,-12024.794290877047,47.968151636574355,
2017,3f3e,17,1,2,0.83544921875,0,-474347.2535640234,-462323.9314241536,-12024.165927327338,19.458201023587094,
2018,3f3e,18,1,2,0.83544921875,0,-474347.7640116002,-462323.9314241536,-12024.678168988887,19.499573601702828,
2019,3f3e,19,1,2,0.83544921875,0,-474345.9360820287,-462323.9314241536,-12024.680973029785,61.717293634271215,
2020,3f3e,20,1,2,0.83544921875,0,-474347.5251021172,-462323.9314241536,-12025.502569890681,44.020093588032545,
2021,3f3e,21,1,2,0.83544921875,0,-474347.40091844747,-462323.9314241536,-12024.465646541777,22.971816559879564,
2022,3f3e,22,1,2,0.83544921875,0,-474346.75835775683,-462323.9314241536,-12025.38042078084,58.8848131946277,
2023,3f3e,23,1,2,0.83544921875,0,-474345.27586796216,-462323.9314241536,-12025.384518123321,93.16632697520244,
2024,3f3e,24,1,2,0.83544921875,0,-474334.6186232204,-462323.9314241536,-12024.572081721488,320.193000580949,
2025,3f3e,25,1,2,0.83544921875,0,-474348.71631472657,-462323.9314241536,-12024.604572034541,-4.15824427968047,
2026,3f3e,26,1,2,0.83544921875,0,-474346.51860082994,-462323.9314241536,-12024.647163010302,47.50441338532113,
2027,3f3e,27,1,2,0.83544921875,0,-474344.72300448356,-462323.9314241536,-12025.124184346847,99.91222216301061,
2028,3f3e,28,1,2,0.83544921875,0,-474344.3952484663,-462323.9314241536,-12025.007945514384,104.78992432029767,
2029,3f3e,29,1,2,0.83544921875,0,-474344.6904530461,-462323.9314241536,-12025.208293295562,102.60247457791294,
2030,3f3e,30,1,2,0.83544921875,0,-474346.8984025354,-462323.9314241536,-12024.653044617835,38.881611081781806,
2031,3f3e,31,1,2,0.83544921875,0,-474346.15269293723,-462323.9314241536,-12024.602110064689,54.9035042393198,
2032,3f3e,32,1,2,0.83544921875,0,-474347.3328227932,-462323.9314241536,-12025.003169513408,36.937713849082634,
2033,3f3e,33,1,2,0.83544921875,0,-474345.0490457649,-462323.9314241536,-12019.425073540866,-39.03108573340342,
2034,3f3e,34,1,2,0.83544921875,0,-474346.1550731595,-462323.9314241536,-12025.502865648928,75.62053224418301,
2035,3f3e,35,1,2,0.83544921875,0,-474345.4171461099,-462323.9314241536,-12023.960586524658,57.07173275295637,
2036,3f3e,36,1,2,0.83544921875,0,-474348.2764213021,-462323.9314241536,-12025.127725458804,18.050143638255953,
2037,3f3e,37,1,2,0.83544921875,0,-474347.6812189157,-462323.9314241536,-12025.005966342154,28.968004806282675,
2038,3f3e,38,1,2,0.83544921875,0,-474344.5450434024,-462323.9314241536,-12019.205698168937,-32.46743140370121,
2039,3f3e,39,1,2,0.83544921875,0,-474347.46036674915,-462323.9314241536,-12025.126240528278,36.834565377947165,
2040,3f3e,40,1,2,0.83544921875,0,-474344.7825166072,-462323.9314241536,-12023.518135107222,61.50346468061367,
2041,3f3e,41,1,2,0.83544921875,0,-474345.5617247308,-462323.9314241536,-12023.521483100116,43.61170502599055,
2042,3f3e,42,1,2,0.83544921875,0,-474348.9921984012,-462323.9314241536,-12025.448409057322,8.939071071118574,
2043,3f3e,43,1,2,0.83544921875,0,-474347.8654174441,-462323.9314241536,-12024.87740281885,21.755540553100534,
2044,3f3e,44,1,2,0.83544921875,0,-474345.1028232212,-462323.9314241536,-12018.309499836627,-65.99696410142555,
2045,3f3e,45,1,2,0.83544921875,0,-474347.84274552116,-462323.9314241536,-12025.124582982718,27.978477507771917,
2046,3f3e,46,1,2,0.83544921875,0,-474347.59910246084,-462323.9314241536,-12024.877027786437,27.888261509460982,
2047,3f3e,47,1,2,0.83544921875,0,-474347.0976901435,-462323.9314241536,-12024.793467915706,37.524167840435084,
2048,3f3e,48,1,2,0.83544921875,0,-474348.5646295036,-462323.9314241536,-12025.503062761489,20.059388444272436,
2049,3f3e,49,1,2,0.83544921875,0,-474347.37552788213,-462323.9314241536,-12024.680826938808,28.519514744206443,
2050,3f3e,50,1,2,0.83544921875,0,-474342.48665314267,-462323.9314241536,-12017.431854403678,-25.90563335761917,
2051,3f3e,51,1,2,0.83544921875,0,-474344.94211901067,-462323.9314241536,-12024.46655485696,79.69402482391021,
2052,3f3e,52,1,2,0.83544921875,0,-474346.38936130056,-462323.9314241536,-12018.2320815689,-97.45054468278335,
2053,3f3e,53,1,2,0.83544921875,0,-474345.7765297229,-462323.9314241536,-12018.292927897632,-81.91516310003702,
2054,3f3e,54,1,2,0.83544921875,0,-474349.040628695,-462323.9314241536,-12025.126752591792,0.4046676561370268,
2055,3f3e,55,1,2,0.83544921875,0,-474347.3169136875,-462323.9314241536,-12025.119858658962,39.99550216470625,
2056,3f3e,56,1,2,0.83544921875,0,-474347.0936609442,-462323.9314241536,-12025.505851841632,54.045046981332376,
2057,3f3e,57,1,2,0.83544921875,0,-474349.2339173937,-462323.9314241536,-12025.134251928988,-3.879736802027878,
2058,3f3e,58,1,2,0.83544921875,0,-474347.6445106055,-462323.9314241536,-12025.212983644667,34.58845095552983,
2059,3f3e,59,1,2,0.83544921875,0,-474347.72054710326,-462323.9314241536,-12025.451256907634,38.32971963909614,
2060,3f3e,60,1,2,0.83544921875,0,-474348.69640762464,-462323.9314241536,-12025.339515543643,13.249024341005379,
2061,3f3e,61,1,2,0.83544921875,0,-474344.1974696303,-462323.9314241536,-12023.967090583506,85.34812770972901,
2062,3f3e,62,1,2,0.83544921875,0,-474348.112810352,-462323.9314241536,-12024.585566318694,9.320614996620364,
2063,3f3e,63,1,2,0.83544921875,0,-474348.61193437217,-462323.9314241536,-12025.506809986286,19.05492531638216,
2064,3f3e,64,1,2,0.83544921875,0,-474350.00598441914,-462323.9314241536,-12025.459891832534,-14.174590798909042,
2065,3f3e,65,1,2,0.83544921875,0,-474346.3306313689,-462323.9314241536,-12018.299853957358,-94.5333318791518,
2066,3f3e,66,1,2,0.83544921875,0,-474347.2695873017,-462323.9314241536,-12024.793661571208,33.56459100374777,
2067,3f3e,67,1,2,0.83544921875,0,-474347.3365906709,-462323.9314241536,-12025.381028092555,45.564450362794,
2068,3f3e,68,1,2,0.83544921875,0,-474346.4788008268,-462323.9314241536,-12024.64643112487,48.405345581722926,
2069,3f3e,69,1,2,0.83544921875,0,-474347.6690219874,-462323.9314241536,-12025.135252631366,32.23068531007542,
2070,3f3e,70,1,2,0.83544921875,0,-474350.23548408697,-462323.9314241536,-12025.565824604693,-17.024111106676,
2071,3f3e,71,1,2,0.83544921875,0,-474348.01161068014,-462323.9314241536,-12025.448525524787,31.554646917955008,
2072,3f3e,72,1,2,0.83544921875,0,-474344.85068362305,-462323.9314241536,-12025.008878803912,94.30886227179386,
2073,3f3e,73,1,2,0.83544921875,0,-474346.94641830877,-462323.9314241536,-12017.811616755187,-119.99273341260516,
2074,3f3e,74,1,2,0.83544921875,0,-474346.0703565712,-462323.9314241536,-12024.598654187384,56.722531523182745,
2075,3f3e,75,1,2,0.83544921875,0,-474344.8351429933,-462323.9314241536,-12017.453462756339,-79.5647954380145,
2076,3f3e,76,1,2,0.83544921875,0,-474344.0046728189,-462323.9314241536,-12019.206318563882,-19.99188306854397,
2077,3f3e,77,1,2,0.83544921875,0,-474348.52862127975,-462323.9314241536,-12024.876763737857,6.446959221537352,
2078,3f3e,78,1,2,0.83544921875,0,-474346.20099627326,-462323.9314241536,-12018.2405703432,-92.91098817516091,
2079,3f3e,79,1,2,0.83544921875,0,-474345.2456005895,-462323.9314241536,-12018.283764994792,-69.88294798350378,
2080,3f3e,80,1,2,0.83544921875,0,-474346.79737860814,-462323.9314241536,-12024.586130059424,39.66819181389892,
2081,3f3e,81,1,2,0.83544921875,0,-474347.7073967095,-462323.9314241536,-12025.127547479331,31.168058169434868,
2082,3f3e,82,1,2,0.83544921875,0,-474343.20930940757,-462323.9314241536,-12019.196278370086,-1.8818994486318632,
2083,3f3e,83,1,2,0.83544921875,0,-474349.4634033972,-462323.9314241536,-12025.411561346702,-2.77690267020465,
2084,3f3e,84,1,2,0.83544921875,0,-474346.3651252027,-462323.9314241536,-12024.604201591674,50.052931579078546,
2085,3f3e,85,1,2,0.83544921875,0,-474347.40341986076,-462323.9314241536,-12024.681967116057,27.902603549122034,
2086,3f3e,86,1,2,0.83544921875,0,-474343.63988699863,-462323.9314241536,-12019.204629934493,-11.618662931624257,
2087,3f3e,87,1,2,0.83544921875,0,-474345.7941121691,-462323.9314241536,-12023.96199170417,48.41109312340767,
2088,3f3e,88,1,2,0.83544921875,0,-474343.9879292483,-462323.9314241536,-12024.602873004142,104.84173463150626,
2089,3f3e,89,1,2,0.83544921875,0,-474344.0991587575,-462323.9314241536,-12018.221340752303,-44.88490851112351,
2090,3f3e,90,1,2,0.83544921875,0,-474343.9785763557,-462323.9314241536,-12024.8671936757,111.15279694861563,
2091,3f3e,91,1,2,0.83544921875,0,-474345.4583228314,-462323.9314241536,-12025.21067497795,84.94989956803023,
2092,3f3e,92,1,2,0.83544921875,0,-474346.33528744534,-462323.9314241536,-12024.603767252627,50.73099051322788,
2093,3f3e,93,1,2,0.83544921875,0,-474345.5686743493,-462323.9314241536,-12024.642910457313,69.31217222631969,
2094,3f3e,94,1,2,0.83544921875,0,-474350.6019908125,-462323.9314241536,-12025.40459421939,-29.19401799349879,
2095,3f3e,95,1,2,0.83544921875,0,-474349.556751334,-462323.9314241536,-12024.679425216369,-21.81301748397909,
2096,3f3e,96,1,2,0.83544921875,0,-474349.53918390814,-462323.9314241536,-12024.684761560622,-21.284843998020644,
2097,3f3e,97,1,2,0.83544921875,0,-474347.8525905247,-462323.9314241536,-12024.567128635108,14.896243686197652,
2098,3f3e,98,1,2,0.83544921875,0,-474348.85721930215,-462323.9314241536,-12024.824375308219,-2.3387970785677057,
2099,3f3e,99,1,2,0.83544921875,0,-474350.55080620287,-462323.9314241536,-12025.330982602301,-29.711197071256095,
2100,3f3e,100,1,2,0.83544921875,0,-474350.86172735045,-462323.9314241536,-12025.419381416503,-34.8426839835642,
3001,3f3c,1,1,3,0.83544921875,0,-480130.97024403536,-462323.9314241536,-17808.166987983826,26.016174479184492,
3002,3f3c,2,1,3,0.83544921875,0,-480124.18747626274,-462323.9314241536,-17807.393381802685,164.5907327813187,
3003,3f3c,3,1,3,0.83544921875,0,-480121.5266585948,-462323.9314241536,-17807.444167940263,227.12180203655998,
3004,3f3c,4,1,3,0.83544921875,0,-480126.02598004066,-462323.9314241536,-17806.770191042073,107.82270813105681,
3005,3f3c,5,1,3,0.83544921875,0,-480122.6458878669,-462323.9314241536,-17807.39341470445,200.14136445127565,
3006,3f3c,6,1,3,0.83544921875,0,-480125.05682240456,-462323.9314241536,-17808.03627988542,159.3687164837067,
3007,3f3c,7,1,3,0.83544921875,0,-480127.1259113104,-462323.9314241536,-17806.455863802083,75.20913212326646,
3008,3f3c,8,1,3,0.83544921875,0,-480126.185297549,-462323.9314241536,-17808.03560706819,133.32994590559633,
3009,3f3c,9,1,3,0.83544921875,0,-480121.6587004218,-462323.9314241536,-17807.303064911015,220.82293201394344,
3010,3f3c,10,1,3,0.83544921875,0,-480130.39301313495,-462323.9314241536,-17807.140392152913,15.653573005892163,
3011,3f3c,11,1,3,0.83544921875,0,-480124.7739434988,-462323.9314241536,-17803.748221842892,67.00709143028605,
3012,3f3c,12,1,3,0.83544921875,0,-480131.62071405374,-462323.9314241536,-17807.422432272084,-6.153883095409162,
3013,3f3c,13,1,3,0.83544921875,0,-480125.42618958687,-462323.9314241536,-17807.30610033715,134.01256651116154,
3014,3f3c,14,1,3,0.83544921875,0,-480122.5770458284,-462323.9314241536,-17806.959660617955,191.72629271481264,
3015,3f3c,15,1,3,0.83544921875,0,-480129.3078101726,-462323.9314241536,-17807.7967344209,55.81456008890076,
3016,3f3c,16,1,3,0.83544921875,0,-480127.90885923826,-462323.9314241536,-17802.60756382192,-31.589981775811456,
3017,3f3c,17,1,3,0.83544921875,0,-480123.7951894704,-462323.9314241536,-17800.061265854485,4.5544705962633385,
3018,3f3c,18,1,3,0.83544921875,0,-480120.8594577167,-462323.9314241536,-17801.22943535293,99.19268171361797,
3019,3f3c,19,1,3,0.83544921875,0,-480129.99911524367,-462323.9314241536,-17807.58791014398,35.057084206115235,
3020,3f3c,20,1,3,0.83544921875,0,-480123.86224183463,-462323.9314241536,-17805.180450527318,121.05940934533861,
3021,3f3c,21,1,3,0.83544921875,0,-480126.0116331133,-462323.9314241536,-17802.394424228318,7.245976231112884,
3022,3f3c,22,1,3,0.83544921875,0,-480121.07172717183,-462323.9314241536,-17807.743286339886,244.51060403672804,
3023,3f3c,23,1,3,0.83544921875,0,-480117.6881226601,-462323.9314241536,-17801.234445540555,172.4409431446197,
3024,3f3c,24,1,3,0.83544921875,0,-480118.5277172032,-462323.9314241536,-17801.098782150395,149.95096092757407,
3025,3f3c,25,1,3,0.83544921875,0,-480119.1612064096,-462323.9314241536,-17807.899387089856,292.16802826601673,
3026,3f3c,26,1,3,0.83544921875,0,-480132.0070851597,-462323.9314241536,-17808.103087513096,0.6324702765888177,
3027,3f3c,27,1,3,0.83544921875,0,-480123.6905634554,-462323.9314241536,-17802.679787723668,67.35175262938102,
3028,3f3c,28,1,3,0.83544921875,0,-480126.3102183494,-462323.9314241536,-17804.293399660237,44.15185089008614,
3029,3f3c,29,1,3,0.83544921875,0,-480127.2699947509,-462323.9314241536,-17806.52731594289,73.53421456187672,
3030,3f3c,30,1,3,0.83544921875,0,-480127.0382311645,-462323.9314241536,-17807.600681154378,103.63119963070865,
3031,3f3c,31,1,3,0.83544921875,0,-480125.9524454029,-462323.9314241536,-17806.81463035787,110.54325212951845,
3032,3f3c,32,1,3,0.83544921875,0,-480127.9309694472,-462323.9314241536,-17807.44256660188,79.39795756213614,
3033,3f3c,33,1,3,0.83544921875,0,-480125.3089190129,-462323.9314241536,-17807.85150453294,149.2942097354214,
3034,3f3c,34,1,3,0.83544921875,0,-480126.436029062,-462323.9314241536,-17805.18156263078,61.732111597372125,
3035,3f3c,35,1,3,0.83544921875,0,-480126.31464052206,-462323.9314241536,-17805.752978174336,77.70855330261364,
3036,3f3c,36,1,3,0.83544921875,0,-480126.3579683158,-462323.9314241536,-17806.989645807393,105.2276237460086,
3037,3f3c,37,1,3,0.83544921875,0,-480127.361833364,-462323.9314241536,-17806.743722049836,76.40680921196616,
3038,3f3c,38,1,3,0.83544921875,0,-480126.85210242897,-462323.9314241536,-17807.898682562954,114.79550597541538,
3039,3f3c,39,1,3,0.83544921875,0,-480124.14095060545,-462323.9314241536,-17802.923760859616,62.59173238429419,
3040,3f3c,40,1,3,0.83544921875,0,-480129.3136435601,-462323.9314241536,-17808.173453538067,64.36738819781024,
3041,3f3c,41,1,3,0.83544921875,0,-480127.5947655293,-462323.9314241536,-17807.48400816167,88.10666916255973,
3042,3f3c,42,1,3,0.83544921875,0,-480124.1059076938,-462323.9314241536,-17807.497609226353,168.8752901557044,
3043,3f3c,43,1,3,0.83544921875,0,-480120.8475013377,-462323.9314241536,-17806.369365303166,217.99800282672598,
3044,3f3c,44,1,3,0.83544921875,0,-480127.7705360505,-462323.9314241536,-17806.454613535054,60.314900628352376,
3045,3f3c,45,1,3,0.83544921875,0,-480123.5564147088,-462323.9314241536,-17807.75366636956,187.45171741743394,
3046,3f3c,46,1,3,0.83544921875,0,-480127.5304439518,-462323.9314241536,-17806.790327160008,73.59329606012275,
3047,3f3c,47,1,3,0.83544921875,0,-480127.2749357076,-462323.9314241536,-17807.75386628354,101.70519619042584,
3048,3f3c,48,1,3,0.83544921875,0,-480125.80072265887,-462323.9314241536,-17804.413571087964,58.6723195878566,
3049,3f3c,49,1,3,0.83544921875,0,-480126.1724268797,-462323.9314241536,-17807.756333677415,127.1865532050024,
3050,3f3c,50,1,3,0.83544921875,0,-480128.3174894902,-462323.9314241536,-17805.75104924882,31.477276796171893,
3051,3f3c,51,1,3,0.83544921875,0,-480125.0397676082,-462323.9314241536,-17806.790907947663,131.04305029281878,
3052,3f3c,52,1,3,0.83544921875,0,-480127.86141730874,-462323.9314241536,-17807.445776788838,81.07589664742999,
3053,3f3c,53,1,3,0.83544921875,0,-480127.51407630765,-462323.9314241536,-17807.02610716069,79.40795888370613,
3054,3f3c,54,1,3,0.83544921875,0,-480126.203929514,-462323.9314241536,-17805.6454429313,77.78178818428941,
3055,3f3c,55,1,3,0.83544921875,0,-480124.8272833975,-462323.9314241536,-17806.335616199616,125.44377546487894,
3056,3f3c,56,1,3,0.83544921875,0,-480126.79064694076,-462323.9314241536,-17808.05633458341,119.84824515890237,
3057,3f3c,57,1,3,0.83544921875,0,-480125.5392084274,-462323.9314241536,-17806.37174519742,109.85954874228261,
3058,3f3c,58,1,3,0.83544921875,0,-480121.793841258,-462323.9314241536,-17808.16937216962,237.68403027042473,
3059,3f3c,59,1,3,0.83544921875,0,-480123.90482856345,-462323.9314241536,-17801.11007729018,26.21229932511088,
3060,3f3c,60,1,3,0.83544921875,0,-480126.5215448889,-462323.9314241536,-17808.03656491483,125.59798650913848,
3061,3f3c,61,1,3,0.83544921875,0,-480125.15896768897,-462323.9314241536,-17805.75446006501,104.39317515743272,
3062,3f3c,62,1,3,0.83544921875,0,-480126.062376276,-462323.9314241536,-17806.456557600148,99.75083201625777,
3063,3f3c,63,1,3,0.83544921875,0,-480127.27785260987,-462323.9314241536,-17807.44478830541,94.51042332860672,
3064,3f3c,64,1,3,0.83544921875,0,-480124.70565708005,-462323.9314241536,-17806.766957609303,138.19551418514266,
3065,3f3c,65,1,3,0.83544921875,0,-480124.11649021535,-462323.9314241536,-17806.74236962045,151.2150123556336,
3066,3f3c,66,1,3,0.83544921875,0,-480126.82039408415,-462323.9314241536,-17807.545267312176,107.37676848306045,
3067,3f3c,67,1,3,0.83544921875,0,-480122.8351332249,-462323.9314241536,-17807.30434581483,193.72328543229995,
3068,3f3c,68,1,3,0.83544921875,0,-480124.0495839122,-462323.9314241536,-17806.372151105053,144.2204665779211,
3069,3f3c,69,1,3,0.83544921875,0,-480123.9140153978,-462323.9314241536,-17807.024060933236,162.38014856280532,
3070,3f3c,70,1,3,0.83544921875,0,-480128.1153462383,-462323.9314241536,-17807.899929492123,85.6931665580782,
3071,3f3c,71,1,3,0.83544921875,0,-480126.83728329855,-462323.9314241536,-17806.536389200333,83.72201199316595,
3072,3f3c,72,1,3,0.83544921875,0,-480126.2141179892,-462323.9314241536,-17802.603780208476,7.4044276604405015,
3073,3f3c,73,1,3,0.83544921875,0,-480120.3201280984,-462323.9314241536,-17806.8130151912,240.39032809884733,
3074,3f3c,74,1,3,0.83544921875,0,-480125.39440265327,-462323.9314241536,-17806.74322518552,121.76538125697778,
3075,3f3c,75,1,3,0.83544921875,0,-480126.26149916666,-462323.9314241536,-17807.028734295014,108.35365711165853,
3076,3f3c,76,1,3,0.83544921875,0,-480127.4139509353,-462323.9314241536,-17804.287553875096,18.564365792714025,
3077,3f3c,77,1,3,0.83544921875,0,-480116.94490535586,-462323.9314241536,-17807.30397304738,329.54657071780565,
3078,3f3c,78,1,3,0.83544921875,0,-480129.7345769558,-462323.9314241536,-17808.046113340504,51.723898776506125,
3079,3f3c,79,1,3,0.83544921875,0,-480129.2816453428,-462323.9314241536,-17807.89963981355,58.790990126978315,
3080,3f3c,80,1,3,0.83544921875,0,-480126.8500094267,-462323.9314241536,-17807.631964771397,108.69311336461882,
3081,3f3c,81,1,3,0.83544921875,0,-480118.8146679256,-462323.9314241536,-17807.143367259152,282.7251640854926,
3082,3f3c,82,1,3,0.83544921875,0,-480126.88400024205,-462323.9314241536,-17807.396961180813,102.48995500064233,
3083,3f3c,83,1,3,0.83544921875,0,-480128.36065153795,-462323.9314241536,-17807.89852163041,80.0038259001912,
3084,3f3c,84,1,3,0.83544921875,0,-480123.1858943852,-462323.9314241536,-17808.059008209355,203.03746916266724,
3085,3f3c,85,1,3,0.83544921875,0,-480127.4497725817,-462323.9314241536,-17806.526749341137,69.37537314943631,
3086,3f3c,86,1,3,0.83544921875,0,-480127.72593584686,-462323.9314241536,-17805.903679816372,48.638572386341906,
3087,3f3c,87,1,3,0.83544921875,0,-480116.94712667185,-462323.9314241536,-17806.745800106175,316.62357214594067,
3088,3f3c,88,1,3,0.83544921875,0,-480128.0103095624,-462323.9314241536,-17807.496290413983,78.80723157957134,
3089,3f3c,89,1,3,0.83544921875,0,-480122.9973036798,-462323.9314241536,-17805.752140848286,154.18884902601377,
3090,3f3c,90,1,3,0.83544921875,0,-480119.1076094809,-462323.9314241536,-17802.379942564614,166.12258833145162,
3091,3f3c,91,1,3,0.83544921875,0,-480130.7247507276,-462323.9314241536,-17806.522031871922,-6.2562044527756,
3092,3f3c,92,1,3,0.83544921875,0,-480129.52177536517,-462323.9314241536,-17806.664415328152,24.768506934117895,
3093,3f3c,93,1,3,0.83544921875,0,-480130.7428301874,-462323.9314241536,-17806.586418716557,-5.188330789499271,
3094,3f3c,94,1,3,0.83544921875,0,-480131.10788343876,-462323.9314241536,-17806.966538040288,-4.840898907572906,
3095,3f3c,95,1,3,0.83544921875,0,-480131.17605933564,-462323.9314241536,-17806.762636510975,-11.11515340804218,
3096,3f3c,96,1,3,0.83544921875,0,-480131.00426624744,-462323.9314241536,-17807.819174377568,17.21083132678961,
3097,3f3c,97,1,3,0.83544921875,0,-480130.38170455425,-462323.9314241536,-17806.846773712285,9.143352977854958,
3098,3f3c,98,1,3,0.83544921875,0,-480130.81948281854,-462323.9314241536,-17808.03429803098,26.432907726416186,
3099,3f3c,99,1,3,0.83544921875,0,-480131.8152096124,-462323.9314241536,-17808.15335115636,6.216332661976543,
3100,3f3c,100,1,3,0.83544921875,0,-480129.72741252213,-462323.9314241536,-17807.671089856274,43.24086754583409,
4001,3f3d,1,1,4,0.83544921875,0,-484117.63203827216,-462323.9314241536,-21791.911501218852,-41.257923597653715,
4002,3f3d,2,1,4,0.83544921875,0,-484117.1454848118,-462323.9314241536,-21791.68909208971,-35.16661061344155,
4003,3f3d,3,1,4,0.83544921875,0,-484117.42616952123,-462323.9314241536,-21791.748460878905,-40.27027697773329,
4004,3f3d,4,1,4,0.83544921875,0,-484116.19419536664,-462323.9314241536,-21791.064259757575,-27.638330743823417,
4005,3f3d,5,1,4,0.83544921875,0,-484117.1909645416,-462323.9314241536,-21791.808524956283,-33.461210765001184,
4006,3f3d,6,1,4,0.83544921875,0,-484117.54239854886,-462323.9314241536,-21791.928504576263,-38.79867573410473,
4007,3f3d,7,1,4,0.83544921875,0,-484117.95457065763,-462323.9314241536,-21791.738367487964,-52.68825578198244,
4008,3f3d,8,1,4,0.83544921875,0,-484117.6976201005,-462323.9314241536,-21791.948276211795,-41.92222500354349,
4009,3f3d,9,1,4,0.83544921875,0,-484111.1013494797,-462323.9314241536,-21788.548856010017,31.798896992166476,
4010,3f3d,10,1,4,0.83544921875,0,-484111.20852077677,-462323.9314241536,-21790.65606283146,77.9208118647985,
4011,3f3d,11,1,4,0.83544921875,0,-484112.2840910321,-462323.9314241536,-21791.23655699688,66.50408601333783,
4012,3f3d,12,1,4,0.83544921875,0,-484094.6523121066,-462323.9314241536,-21774.80679958063,94.22336052046889,
4013,3f3d,13,1,4,0.83544921875,0,-484110.9090470441,-462323.9314241536,-21790.6565843721,84.83886721354199,
4014,3f3d,14,1,4,0.83544921875,0,-484104.9944168694,-462323.9314241536,-21782.928839911994,43.02745851244654,
4015,3f3d,15,1,4,0.83544921875,0,-484115.0563136107,-462323.9314241536,-21791.866745521602,17.107607259468487,
4016,3f3d,16,1,4,0.83544921875,0,-484102.5255653329,-462323.9314241536,-21780.094826062497,34.60661552792879,
4017,3f3d,17,1,4,0.83544921875,0,-484097.17439485266,-462323.9314241536,-21771.57921882468,-38.3670296768573,
4018,3f3d,18,1,4,0.83544921875,0,-484096.62784180715,-462323.9314241536,-21774.79814972478,48.46709295626715,
4019,3f3d,19,1,4,0.83544921875,0,-484112.83659421565,-462323.9314241536,-21791.817961086806,67.17055674738631,
4020,3f3d,20,1,4,0.83544921875,0,-484112.7030943103,-462323.9314241536,-21789.033541192588,6.038889548955808,
4021,3f3d,21,1,4,0.83544921875,0,-484113.01715648844,-462323.9314241536,-21791.575609077987,57.417921728208164,
4022,3f3d,22,1,4,0.83544921875,0,-484114.5536824979,-462323.9314241536,-21785.77735446888,-111.72613755292429,
4023,3f3d,23,1,4,0.83544921875,0,-484114.580833531,-462323.9314241536,-21791.24569629627,13.750703014206936,
4024,3f3d,24,1,4,0.83544921875,0,-484113.2796111025,-462323.9314241536,-21791.327610542354,45.6465924548072,
4025,3f3d,25,1,4,0.83544921875,0,-484109.38869634946,-462323.9314241536,-21790.9567188521,126.82025265862748,
4026,3f3d,26,1,4,0.83544921875,0,-484112.0710868456,-462323.9314241536,-21790.65685450035,58.047822095899,
4027,3f3d,27,1,4,0.83544921875,0,-484114.22488111915,-462323.9314241536,-21791.276597549495,22.67176046066359,
4028,3f3d,28,1,4,0.83544921875,0,-484103.0842988558,-462323.9314241536,-21791.8542837401,292.90145063520606,
4029,3f3d,29,1,4,0.83544921875,0,-484113.3623033978,-462323.9314241536,-21791.815344085273,54.987065518605355,
4030,3f3d,30,1,4,0.83544921875,0,-484114.53335147275,-462323.9314241536,-21790.78614007431,4.248047051732297,
4031,3f3d,31,1,4,0.83544921875,0,-484099.8857964641,-462323.9314241536,-21774.82878380018,-25.956687679495943,
4032,3f3d,32,1,4,0.83544921875,0,-484113.40614270343,-462323.9314241536,-21791.60147379833,49.04414113248659,
4033,3f3d,33,1,4,0.83544921875,0,-484113.75693527533,-462323.9314241536,-21791.099843074855,29.386792957472554,
4034,3f3d,34,1,4,0.83544921875,0,-484114.7209620841,-462323.9314241536,-21791.837837030467,24.174351536657024,
4035,3f3d,35,1,4,0.83544921875,0,-484114.2300855285,-462323.9314241536,-21790.994295050677,16.04169365298384,
4036,3f3d,36,1,4,0.83544921875,0,-484099.7891140647,-462323.9314241536,-21774.808688243207,-24.19055313666167,
4037,3f3d,37,1,4,0.83544921875,0,-484111.1902950473,-462323.9314241536,-21783.211519708213,-93.33413559981739,
4038,3f3d,38,1,4,0.83544921875,0,-484116.2368555434,-462323.9314241536,-21785.787887831506,-150.29812496357712,
4039,3f3d,39,1,4,0.83544921875,0,-484116.6477242774,-462323.9314241536,-21791.773997296867,-21.730019410932943,
4040,3f3d,40,1,4,0.83544921875,0,-484115.39845254197,-462323.9314241536,-21790.9950537582,-10.883993533303682,
4041,3f3d,41,1,4,0.83544921875,0,-484114.6905627318,-462323.9314241536,-21791.32717250782,13.099173603406326,
4042,3f3d,42,1,4,0.83544921875,0,-484113.58131463005,-462323.9314241536,-21790.511251141605,19.86344881866548,
4043,3f3d,43,1,4,0.83544921875,0,-484111.6327732867,-462323.9314241536,-21788.55104737478,19.594506943854885,
4044,3f3d,44,1,4,0.83544921875,0,-484114.95499793364,-462323.9314241536,-21791.662191738662,14.726879980641767,
4045,3f3d,45,1,4,0.83544921875,0,-484113.21823263844,-462323.9314241536,-21790.964408268508,38.68637005246847,
4046,3f3d,46,1,4,0.83544921875,0,-484103.1644330389,-462323.9314241536,-21779.954835971173,16.64572803944075,
4047,3f3d,47,1,4,0.83544921875,0,-484114.81946248474,-462323.9314241536,-21791.717335214194,19.124040437947787,
4048,3f3d,48,1,4,0.83544921875,0,-484099.7462106414,-462323.9314241536,-21772.20120750862,-83.33111088869418,
4049,3f3d,49,1,4,0.83544921875,0,-484114.43418871536,-462323.9314241536,-21790.833063652095,7.616877971601028,
4050,3f3d,50,1,4,0.83544921875,0,-484113.8033865161,-462323.9314241536,-21791.835414995727,45.278293361843524,
4051,3f3d,51,1,4,0.83544921875,0,-484113.87351251306,-462323.9314241536,-21791.328567852554,31.972976667047718,
4052,3f3d,52,1,4,0.83544921875,0,-484115.2650190361,-462323.9314241536,-21791.74459998804,9.47800289601324,
4053,3f3d,53,1,4,0.83544921875,0,-484104.10981722845,-462323.9314241536,-21780.13176440197,-1.075282740906142,
4054,3f3d,54,1,4,0.83544921875,0,-484105.9480368115,-462323.9314241536,-21782.93491392332,21.17653025483418,
4055,3f3d,55,1,4,0.83544921875,0,-484110.9148492581,-462323.9314241536,-21781.564946522292,-124.95308451341806,
4056,3f3d,56,1,4,0.83544921875,0,-484098.4325480081,-462323.9314241536,-21772.21351282793,-52.75356349568496,
4057,3f3d,57,1,4,0.83544921875,0,-484104.5706989981,-462323.9314241536,-21780.110689689693,-12.189463244812643,
4058,3f3d,58,1,4,0.83544921875,0,-484114.43281362136,-462323.9314241536,-21790.996542920646,11.418509884243711,
4059,3f3d,59,1,4,0.83544921875,0,-484115.48280761304,-462323.9314241536,-21791.55082445341,-0.012890984747489473,
4060,3f3d,60,1,4,0.83544921875,0,-484115.17375569715,-462323.9314241536,-21791.691697527942,10.36262577698606,
4061,3f3d,61,1,4,0.83544921875,0,-484110.50682041724,-462323.9314241536,-21781.996964563903,-105.58114320060743,
4062,3f3d,62,1,4,0.83544921875,0,-484115.3521844364,-462323.9314241536,-21791.898643483695,11.020248412131695,
4063,3f3d,63,1,4,0.83544921875,0,-484114.93366653385,-462323.9314241536,-21791.81864958006,18.826797280917752,
4064,3f3d,64,1,4,0.83544921875,0,-484112.80032270326,-462323.9314241536,-21791.741156031665,66.23583104606767,
4065,3f3d,65,1,4,0.83544921875,0,-484115.4275026985,-462323.9314241536,-21791.80553709465,7.1362836885899705,
4066,3f3d,66,1,4,0.83544921875,0,-484114.7149952717,-462323.9314241536,-21785.833121885833,-114.1600713033177,
4067,3f3d,67,1,4,0.83544921875,0,-484115.06633993145,-462323.9314241536,-21791.606540312347,10.875920136283167,
4068,3f3d,68,1,4,0.83544921875,0,-484115.3009790547,-462323.9314241536,-21790.379986872253,-22.819980860612237,
4069,3f3d,69,1,4,0.83544921875,0,-484116.23434740974,-462323.9314241536,-21791.551089932498,-17.337688320125103,
4070,3f3d,70,1,4,0.83544921875,0,-484113.61523125245,-462323.9314241536,-21790.7863427301,25.42507565989045,
4071,3f3d,71,1,4,0.83544921875,0,-484101.1773931151,-462323.9314241536,-21780.086974551257,65.5151452895123,
4072,3f3d,72,1,4,0.83544921875,0,-484105.1005463965,-462323.9314241536,-21782.92644595104,40.524847425645234,
4073,3f3d,73,1,4,0.83544921875,0,-484115.85128805717,-462323.9314241536,-21791.64097504812,-6.431329789935352,
4074,3f3d,74,1,4,0.83544921875,0,-484113.93254325463,-462323.9314241536,-21791.722063650664,39.685924101090805,
4075,3f3d,75,1,4,0.83544921875,0,-484114.5429498917,-462323.9314241536,-21791.719352652606,25.547095550294653,
4076,3f3d,76,1,4,0.83544921875,0,-484111.80326399877,-462323.9314241536,-21791.772162844714,89.94358508641838,
4077,3f3d,77,1,4,0.83544921875,0,-484115.83962389006,-462323.9314241536,-21791.670186211642,-5.488722272952085,
4078,3f3d,78,1,4,0.83544921875,0,-484116.7819531328,-462323.9314241536,-21791.32624857622,-35.150741140371736,
4079,3f3d,79,1,4,0.83544921875,0,-484115.9046142167,-462323.9314241536,-21791.659881641444,-7.225063843021053,
4080,3f3d,80,1,4,0.83544921875,0,-484110.32353142573,-462323.9314241536,-21783.20323144394,-73.53722356152944,
4081,3f3d,81,1,4,0.83544921875,0,-484115.14430103375,-462323.9314241536,-21791.5488429566,7.747561775796008,
4082,3f3d,82,1,4,0.83544921875,0,-484112.8293899663,-462323.9314241536,-21791.57579480606,61.75220358344935,
4083,3f3d,83,1,4,0.83544921875,0,-484116.8055573469,-462323.9314241536,-21791.776275326785,-25.317203841600502,
4084,3f3d,84,1,4,0.83544921875,0,-484115.3469636358,-462323.9314241536,-21791.852750947055,10.082335897361693,
4085,3f3d,85,1,4,0.83544921875,0,-484113.66308385803,-462323.9314241536,-21791.852090229568,48.898289546860475,
4086,3f3d,86,1,4,0.83544921875,0,-484116.115782953,-462323.9314241536,-21791.263014187392,-21.246711492863813,
4087,3f3d,87,1,4,0.83544921875,0,-484112.30575764837,-462323.9314241536,-21791.32567959028,68.05965780071098,
4088,3f3d,88,1,4,0.83544921875,0,-484115.4821959354,-462323.9314241536,-21791.71159206825,3.708603908610182,
4089,3f3d,89,1,4,0.83544921875,0,-484114.26516366674,-462323.9314241536,-21785.83832726377,-103.66666919459134,
4090,3f3d,90,1,4,0.83544921875,0,-484113.82456860616,-462323.9314241536,-21791.548870136317,38.18194132520398,
4091,3f3d,91,1,4,0.83544921875,0,-484114.5417457586,-462323.9314241536,-21790.966469814357,8.212972816758215,
4092,3f3d,92,1,4,0.83544921875,0,-484115.36459495797,-462323.9314241536,-21790.9569588204,-10.98170923332367,
4093,3f3d,93,1,4,0.83544921875,0,-484114.57006583293,-462323.9314241536,-21791.708981980857,24.682633718859634,
4094,3f3d,94,1,4,0.83544921875,0,-484099.5718318589,-462323.9314241536,-21772.225342233953,-78.75328064605631,
4095,3f3d,95,1,4,0.83544921875,0,-484111.18271499034,-462323.9314241536,-21783.206937720355,-93.26499848386027,
4096,3f3d,96,1,4,0.83544921875,0,-484110.29815531446,-462323.9314241536,-21789.032413174686,61.47208758141115,
4097,3f3d,97,1,4,0.83544921875,0,-484116.2623459615,-462323.9314241536,-21791.460972537574,-20.061506758760217,
4098,3f3d,98,1,4,0.83544921875,0,-484117.45170106663,-462323.9314241536,-21791.801964571056,-39.625223949627,
4099,3f3d,99,1,4,0.83544921875,0,-484117.8550176388,-462323.9314241536,-21791.59147881466,-53.779841906607544,
4100,3f3d,100,1,4,0.83544921875,0,-484116.1011406101,-462323.9314241536,-21791.527794470367,-14.803072664697803,
5001,3f3a,1,1,5,0.83544921875,0,-481002.92627721705,-462323.9314241536,-18688.067113170804,209.2112881379556,
5002,3f3a,2,1,5,0.83544921875,0,-481011.4903443274,-462323.9314241536,-18688.55437983054,22.955845027965765,
5003,3f3a,3,1,5,0.83544921875,0,-481005.9598315771,-462323.9314241536,-18687.99434627074,137.57781814214553,
5004,3f3a,4,1,5,0.83544921875,0,-480982.7068166105,-462323.9314241536,-18688.4582424261,684.5027814648754,
5005,3f3a,5,1,5,0.83544921875,0,-481000.70343696745,-462323.9314241536,-18688.512502680005,270.74212811379044,
5006,3f3a,6,1,5,0.83544921875,0,-480996.6432415215,-462323.9314241536,-18688.23745215911,358.0296437039449,
5007,3f3a,7,1,5,0.83544921875,0,-480996.9334847595,-462323.9314241536,-18688.159424553098,349.5371162915306,
5008,3f3a,8,1,5,0.83544921875,0,-480987.2922229288,-462323.9314241536,-18688.105839977445,570.6342062159192,
5009,3f3a,9,1,5,0.83544921875,0,-481007.08818375744,-462323.9314241536,-18688.546348581494,124.28687440698782,
5010,3f3a,10,1,5,0.83544921875,0,-480998.5936386255,-462323.9314241536,-18688.213219890775,312.4936086149306,
5011,3f3a,11,1,5,0.83544921875,0,-480998.3440468873,-462323.9314241536,-18686.739003071965,284.2530833693846,
5012,3f3a,12,1,5,0.83544921875,0,-481002.1969377664,-462323.9314241536,-18688.485598097028,235.68074708214095,
5013,3f3a,13,1,5,0.83544921875,0,-480995.5925461468,-462323.9314241536,-18688.488622436704,388.0513788469674,
5014,3f3a,14,1,5,0.83544921875,0,-480998.48385455884,-462323.9314241536,-18688.021700868787,310.60875576855193,
5015,3f3a,15,1,5,0.83544921875,0,-480997.4452706839,-462323.9314241536,-18687.881236086057,331.3198740519579,
5016,3f3a,16,1,5,0.83544921875,0,-480999.94377174653,-462323.9314241536,-18688.091418037595,278.5499817389788,
5017,3f3a,17,1,5,0.83544921875,0,-481000.76106038364,-462323.9314241536,-18688.514580021085,269.4612051920131,
5018,3f3a,18,1,5,0.83544921875,0,-481006.9694484291,-462323.9314241536,-18686.742393741788,85.42478925949251,
5019,3f3a,19,1,5,0.83544921875,0,-481004.52667776897,-462323.9314241536,-18688.51499641912,182.63360773253,
5020,3f3a,20,1,5,0.83544921875,0,-480998.31524569966,-462323.9314241536,-18688.333513269605,321.68753321361146,
5021,3f3a,21,1,5,0.83544921875,0,-480987.6665745941,-462323.9314241536,-18688.093124280156,561.7082207868277,
5022,3f3a,22,1,5,0.83544921875,0,-480986.8927937565,-462323.9314241536,-18688.015739093007,577.7674859930145,
5023,3f3a,23,1,5,0.83544921875,0,-480999.7222699638,-462323.9314241536,-18688.233313331784,286.9301174123518,
5024,3f3a,24,1,5,0.83544921875,0,-480995.28281618335,-462323.9314241536,-18688.212968001546,388.83717919776075,
5025,3f3a,25,1,5,0.83544921875,0,-480987.86436748184,-462323.9314241536,-18687.617328891934,546.1749061307319,
5026,3f3a,26,1,5,0.83544921875,0,-481007.3032391039,-462323.9314241536,-18688.10401178378,109.12705142345936,
5027,3f3a,27,1,5,0.83544921875,0,-481004.7772084589,-462323.9314241536,-18687.874154458226,162.07806608276277,
5028,3f3a,28,1,5,0.83544921875,0,-481004.9035451678,-462323.9314241536,-18687.48030878085,150.0823752834568,
5029,3f3a,29,1,5,0.83544921875,0,-481004.8039472071,-462323.9314241536,-18687.845592627706,160.80280444240998,
5030,3f3a,30,1,5,0.83544921875,0,-481004.45113022305,-462323.9314241536,-18688.091445098104,174.60845003160875,
5031,3f3a,31,1,5,0.83544921875,0,-481003.8501550968,-462323.9314241536,-18687.518066415967,175.24483915129346,
5032,3f3a,32,1,5,0.83544921875,0,-481005.1930466411,-462323.9314241536,-18688.12373794097,158.24414163373052,
5033,3f3a,33,1,5,0.83544921875,0,-481008.2164376793,-462323.9314241536,-18688.570754060926,98.8315246024551,
5034,3f3a,34,1,5,0.83544921875,0,-481005.795456138,-462323.9314241536,-18688.355356941403,149.693509656121,
5035,3f3a,35,1,5,0.83544921875,0,-481004.86198132887,-462323.9314241536,-18688.03916955966,163.92849590003266,
5036,3f3a,36,1,5,0.83544921875,0,-481005.1888751802,-462323.9314241536,-18688.397132048787,164.64495570787847,
5037,3f3a,37,1,5,0.83544921875,0,-480995.08977013506,-462323.9314241536,-18688.122484932126,391.20233767749824,
5038,3f3a,38,1,5,0.83544921875,0,-481005.761304718,-462323.9314241536,-18687.983845124425,141.9137940853785,
5039,3f3a,39,1,5,0.83544921875,0,-481002.5376537259,-462323.9314241536,-18688.019624242963,217.07803805210256,
5040,3f3a,40,1,5,0.83544921875,0,-481001.56012430467,-462323.9314241536,-18687.984048376264,238.80000305025553,
5041,3f3a,41,1,5,0.83544921875,0,-481006.1637863932,-462323.9314241536,-18688.394660482587,142.10597337978382,
5042,3f3a,42,1,5,0.83544921875,0,-481006.12873118796,-462323.9314241536,-18688.214535722913,138.7605899806662,
5043,3f3a,43,1,5,0.83544921875,0,-481007.7245008911,-462323.9314241536,-18688.394308815183,106.10693240734705,
5044,3f3a,44,1,5,0.83544921875,0,-481003.9502874431,-462323.9314241536,-18688.398263225736,193.23355302143605,
5045,3f3a,45,1,5,0.83544921875,0,-481004.0946574178,-462323.9314241536,-18688.2417165138,186.29424937682472,
5046,3f3a,46,1,5,0.83544921875,0,-480998.66507181205,-462323.9314241536,-18688.086606989087,307.9265573248965,
5047,3f3a,47,1,5,0.83544921875,0,-481000.80601727625,-462323.9314241536,-18688.122334609212,259.37908053777403,
5048,3f3a,48,1,5,0.83544921875,0,-481001.29475579824,-462323.9314241536,-18687.99010468501,245.05920798301838,
5049,3f3a,49,1,5,0.83544921875,0,-481002.37354728254,-462323.9314241536,-18688.319114098715,227.76882268163024,
5050,3f3a,50,1,5,0.83544921875,0,-481003.25403840514,-462323.9314241536,-18688.324316153707,207.58417727235854,
5051,3f3a,51,1,5,0.83544921875,0,-480998.0474281277,-462323.9314241536,-18687.873342404546,317.2517608971241,
5052,3f3a,52,1,5,0.83544921875,0,-481002.2723855343,-462323.9314241536,-18688.319480309667,230.1101130404714,
5053,3f3a,53,1,5,0.83544921875,0,-481004.02685814776,-462323.9314241536,-18687.68261493224,174.96454892267096,
5054,3f3a,54,1,5,0.83544921875,0,-481002.19082420744,-462323.9314241536,-18688.458070168675,235.1869199922624,
5055,3f3a,55,1,5,0.83544921875,0,-481005.4093652184,-462323.9314241536,-18688.434842119397,160.4299495223231,
5056,3f3a,56,1,5,0.83544921875,0,-481002.3183952985,-462323.9314241536,-18687.843246708097,218.06689492509742,
5057,3f3a,57,1,5,0.83544921875,0,-481008.9414394466,-462323.9314241536,-18688.485835085095,80.1543085670073,
5058,3f3a,58,1,5,0.83544921875,0,-481001.18393836595,-462323.9314241536,-18688.237336406888,253.31601762835768,
5059,3f3a,59,1,5,0.83544921875,0,-480999.6528918113,-462323.9314241536,-18688.212544808568,288.05108209458234,
5060,3f3a,60,1,5,0.83544921875,0,-481005.0416713027,-462323.9314241536,-18687.478255400838,146.84975887557945,
5061,3f3a,61,1,5,0.83544921875,0,-480999.1737326351,-462323.9314241536,-18688.208873520078,299.01609327141585,
5062,3f3a,62,1,5,0.83544921875,0,-481000.596425247,-462323.9314241536,-18687.61405933875,252.49128136823836,
5063,3f3a,63,1,5,0.83544921875,0,-481002.6905908252,-462323.9314241536,-18688.121854911016,215.90871996815332,
5064,3f3a,64,1,5,0.83544921875,0,-481001.22669705434,-462323.9314241536,-18687.617360601605,238.0329971380461,
5065,3f3a,65,1,5,0.83544921875,0,-481006.88458686735,-462323.9314241536,-18688.208583722295,121.19288753797991,
5066,3f3a,66,1,5,0.83544921875,0,-481003.5237411228,-462323.9314241536,-18688.550066719235,206.57061656583713,
5067,3f3a,67,1,5,0.83544921875,0,-481002.7368061956,-462323.9314241536,-18688.514841923894,223.90546401683585,
5068,3f3a,68,1,5,0.83544921875,0,-480983.2634397564,-462323.9314241536,-18688.016352424802,661.4765212735628,
5069,3f3a,69,1,5,0.83544921875,0,-481002.31783321174,-462323.9314241536,-18688.1613381006,225.4152187250151,
5070,3f3a,70,1,5,0.83544921875,0,-481000.71190508874,-462323.9314241536,-18688.02330471057,259.2656754249067,
5071,3f3a,71,1,5,0.83544921875,0,-481000.369887289,-462323.9314241536,-18688.123966226758,269.47410296334823,
5072,3f3a,72,1,5,0.83544921875,0,-480986.1985594001,-462323.9314241536,-18688.038769016446,594.3079932254496,
5073,3f3a,73,1,5,0.83544921875,0,-481000.1015118626,-462323.9314241536,-18687.448210368337,260.07968702579484,
5074,3f3a,74,1,5,0.83544921875,0,-481006.0140052853,-462323.9314241536,-18688.453598747434,146.91915645824653,
5075,3f3a,75,1,5,0.83544921875,0,-481001.3437535431,-462323.9314241536,-18687.616712341474,235.31866114639845,
5076,3f3a,76,1,5,0.83544921875,0,-481003.2574131903,-462323.9314241536,-18688.36147559661,208.36326998757676,
5077,3f3a,77,1,5,0.83544921875,0,-481001.1868031291,-462323.9314241536,-18687.684644947232,240.50458677996235,
5078,3f3a,78,1,5,0.83544921875,0,-480993.064339858,-462323.9314241536,-18688.15853644389,438.74123707036284,
5079,3f3a,79,1,5,0.83544921875,0,-481004.85398405447,-462323.9314241536,-18688.518377075376,175.16370526579453,
5080,3f3a,80,1,5,0.83544921875,0,-481004.64723124774,-462323.9314241536,-18688.10581053275,170.4175277649176,
5081,3f3a,81,1,5,0.83544921875,0,-481000.35249876656,-462323.9314241536,-18687.917031417073,265.103061740463,
5082,3f3a,82,1,5,0.83544921875,0,-481007.37671817513,-462323.9314241536,-18686.504970560254,70.55781716787736,
5083,3f3a,83,1,5,0.83544921875,0,-481007.9133163656,-462323.9314241536,-18686.97035552043,68.91560106400092,
5084,3f3a,84,1,5,0.83544921875,0,-481008.33820497664,-462323.9314241536,-18686.983039984883,59.409947626278814,
5085,3f3a,85,1,5,0.83544921875,0,-481006.053057876,-462323.9314241536,-18686.771930823506,107.23839872691494,
5086,3f3a,86,1,5,0.83544921875,0,-481006.8525700984,-462323.9314241536,-18687.184044966878,98.30478679577692,
5087,3f3a,87,1,5,0.83544921875,0,-481003.0802655484,-462323.9314241536,-18687.507128248395,192.7466737704735,
5088,3f3a,88,1,5,0.83544921875,0,-481009.7776819733,-462323.9314241536,-18687.193577895345,31.069939048074023,
5089,3f3a,89,1,5,0.83544921875,0,-481008.3668817845,-462323.9314241536,-18687.114990005673,61.79148449220462,
5090,3f3a,90,1,5,0.83544921875,0,-481007.1660282877,-462323.9314241536,-18686.942540416898,85.50704200216383,
5091,3f3a,91,1,5,0.83544921875,0,-481005.7085528042,-462323.9314241536,-18688.1969037153,148.04352994191527,
5092,3f3a,92,1,5,0.83544921875,0,-481009.87093726965,-462323.9314241536,-18688.54701221961,60.13035779645086,
5093,3f3a,93,1,5,0.83544921875,0,-481005.0944901523,-462323.9314241536,-18688.477170477094,168.66725616217636,
5094,3f3a,94,1,5,0.83544921875,0,-481001.9177145181,-462323.9314241536,-18688.019194374265,231.3642627979275,
5095,3f3a,95,1,5,0.83544921875,0,-481009.1570334997,-462323.9314241536,-18688.28288556117,70.50246438994866,
5096,3f3a,96,1,5,0.83544921875,0,-481009.2871075687,-462323.9314241536,-18688.486680875005,72.20251668213326,
5097,3f3a,97,1,5,0.83544921875,0,-481008.06590617873,-462323.9314241536,-18687.938357482137,87.71945191846929,
5098,3f3a,98,1,5,0.83544921875,0,-481010.4227891383,-462323.9314241536,-18688.111338625135,37.35747962058117,
5099,3f3a,99,1,5,0.83544921875,0,-481007.3772655691,-462323.9314241536,-18688.33121217269,112.65932601658706,
5100,3f3a,100,1,5,0.83544921875,0,-481001.211270642,-462323.9314241536,-18688.186572203816,251.51507003622487,
6001,3pww,1,0,6,0.66455078125,1,-521716.2369220855,-462323.9314241536,-59446.471679460315,1249.10181993805,
6002,3pww,2,0,6,0.66455078125,1,-521739.40931558504,-462323.9314241536,-59439.62362338236,556.8138065598522,
6003,3pww,3,0,6,0.66455078125,1,-521748.57584953326,-462323.9314241536,-59441.92115838459,398.410927817569,
6004,3pww,4,0,6,0.66455078125,1,-521686.16893976915,-462323.9314241536,-59443.791798006896,1880.6864298778542,
6005,3pww,5,0,6,0.66455078125,1,-521707.8319736423,-462323.9314241536,-59447.47888110221,1466.1511571650437,
6006,3pww,6,0,6,0.66455078125,1,-521678.8089343896,-462323.9314241536,-59445.95888109138,2100.3863090889135,
6007,3pww,7,0,6,0.66455078125,1,-521677.30761510157,-462323.9314241536,-59446.13365168503,2139.0378599741293,
6008,3pww,8,0,6,0.66455078125,1,-521726.3744110167,-462323.9314241536,-59445.39299386386,990.4506907668617,
6009,3pww,9,0,6,0.66455078125,1,-521736.03129725176,-462323.9314241536,-59446.35402403414,789.9194860569094,
6010,3pww,10,0,6,0.66455078125,1,-521482.88363827666,-462323.9314241536,-59439.508170794754,6469.774057993108,
6011,3pww,11,0,6,0.66455078125,1,-521491.2105321439,-462323.9314241536,-59448.66331454745,6488.873954092643,
6012,3pww,12,0,6,0.66455078125,1,-521495.3190173208,-462323.9314241536,-59442.833603393345,6259.693702250849,
6013,3pww,13,0,6,0.66455078125,1,-521575.44740901905,-462323.9314241536,-59439.097296785716,4325.727815668033,
6014,3pww,14,0,6,0.66455078125,1,-521422.0023475876,-462323.9314241536,-59443.83723674347,7973.560606290126,
6015,3pww,15,0,6,0.66455078125,1,-521447.13108909153,-462323.9314241536,-59437.471382122545,7247.277965946943,
6016,3pww,16,0,6,0.66455078125,1,-521549.1530782878,-462323.9314241536,-59450.114287983815,5186.1473396438105,
6017,3pww,17,0,6,0.66455078125,1,-521595.46027047955,-462323.9314241536,-59441.33678008258,3915.8639784136963,
6018,3pww,18,0,6,0.66455078125,1,-521539.8508576144,-462323.9314241536,-59448.767255913524,5369.598346926447,
6019,3pww,19,0,6,0.66455078125,1,-521505.60519774276,-462323.9314241536,-59448.39214521284,6150.671766133263,
6020,3pww,20,0,6,0.66455078125,1,-521488.7923613643,-462323.9314241536,-59444.18069283313,6441.266584568433,
6021,3pww,21,0,6,0.66455078125,1,-521511.17256943893,-462323.9314241536,-59443.72784240186,5914.72374677361,
6022,3pww,22,0,6,0.66455078125,1,-521615.10662181576,-462323.9314241536,-59436.97029603651,3362.114839531844,
6023,3pww,23,0,6,0.66455078125,1,-521389.68330092746,-462323.9314241536,-59449.18132133415,8842.09304595083,
6024,3pww,24,0,6,0.66455078125,1,-521496.7512695491,-462323.9314241536,-59447.51272149017,6334.568207912575,
6025,3pww,25,0,6,0.66455078125,1,-521607.26473088574,-462323.9314241536,-59437.48894072719,3554.9133711026934,
6026,3pww,26,0,6,0.66455078125,1,-521294.11724437686,-462323.9314241536,-59446.667558085224,10987.92990638276,
6027,3pww,27,0,6,0.66455078125,1,-521592.94080661255,-462323.9314241536,-59449.29262156422,4157.430258446562,
6028,3pww,28,0,6,0.66455078125,1,-521447.24486719066,-462323.9314241536,-59437.75928534214,7251.2933866159565,
6029,3pww,29,0,6,0.66455078125,1,-521495.6832192095,-462323.9314241536,-59446.9798755163,6346.910313787216,
6030,3pww,30,0,6,0.66455078125,1,-521453.1634429535,-462323.9314241536,-59438.013305615685,7120.665633816172,
6031,3pww,31,0,6,0.66455078125,1,-521429.8991237285,-462323.9314241536,-59448.70322660735,7903.669014384511,
6032,3pww,32,0,6,0.66455078125,1,-521407.150698632,-462323.9314241536,-59447.00086255018,8389.002711628216,
6033,3pww,33,0,6,0.66455078125,1,-521636.45480886125,-462323.9314241536,-59448.729796227126,3140.9944676822965,
6034,3pww,34,0,6,0.66455078125,1,-521528.08322797605,-462323.9314241536,-59447.555913429765,5613.032111769161,
6035,3pww,35,0,6,0.66455078125,1,-521566.6718949379,-462323.9314241536,-59448.66946906979,4748.835514673828,
6036,3pww,36,0,6,0.66455078125,1,-521459.83306333475,-462323.9314241536,-59449.41831178612,7229.86622430381,
6037,3pww,37,0,6,0.66455078125,1,-521491.9108964058,-462323.9314241536,-59449.45670349538,6491.019154313759,
6038,3pww,38,0,6,0.66455078125,1,-521532.571309655,-462323.9314241536,-59450.61576605966,5580.096367470925,
6039,3pww,39,0,6,0.66455078125,1,-521438.95151464664,-462323.9314241536,-59446.643245559244,7647.411629145339,
6040,3pww,40,0,6,0.66455078125,1,-521513.38353809714,-462323.9314241536,-59447.083447974364,5941.119701084382,
6041,3pww,41,0,6,0.66455078125,1,-521687.533707008,-462323.9314241536,-59451.297910642104,2022.3092191349988,
6042,3pww,42,0,6,0.66455078125,1,-521592.95592762425,-462323.9314241536,-59450.39503369858,4182.503787386338,
6043,3pww,43,0,6,0.66455078125,1,-521556.3935887368,-462323.9314241536,-59451.49782396486,5051.082299781806,
6044,3pww,44,0,6,0.66455078125,1,-521613.2865384816,-462323.9314241536,-59448.05367295087,3659.6757017734744,
6045,3pww,45,0,6,0.66455078125,1,-521658.4100744726,-462323.9314241536,-59451.11435769132,2689.683308617786,
6046,3pww,46,0,6,0.66455078125,1,-521628.4862103155,-462323.9314241536,-59444.71700144937,3232.2174696828847,
6047,3pww,47,0,6,0.66455078125,1,-521647.01299570524,-462323.9314241536,-59449.5489380472,2916.40675408368,
6048,3pww,48,0,6,0.66455078125,1,-521579.27176474035,-462323.9314241536,-59447.152842443626,4423.301373581672,
6049,3pww,49,0,6,0.66455078125,1,-521684.87152257573,-462323.9314241536,-59451.444335978624,2087.077299045601,
6050,3pww,50,0,6,0.66455078125,1,-521561.44287599524,-462323.9314241536,-59442.807001899986,4734.227851534118,
6051,3pww,51,0,6,0.66455078125,1,-521616.06254637253,-462323.9314241536,-59442.71249432495,3472.488933851582,
6052,3pww,52,0,6,0.66455078125,1,-521645.1514682173,-462323.9314241536,-59448.273644995,2929.925641328791,
6053,3pww,53,0,6,0.66455078125,1,-521608.29556588846,-462323.9314241536,-59449.96863238156,3818.9302775240153,
6054,3pww,54,0,6,0.66455078125,1,-521631.77313592937,-462323.9314241536,-59443.67556003859,3132.4029548822364,
6055,3pww,55,0,6,0.66455078125,1,-521613.9891994747,-462323.9314241536,-59445.90260745218,3593.867205514372,
6056,3pww,56,0,6,0.66455078125,1,-521614.06548935175,-462323.9314241536,-59450.43427830581,3696.610731628054,
6057,3pww,57,0,6,0.66455078125,1,-521615.68868334615,-462323.9314241536,-59439.03159530102,3396.2268720525853,
6058,3pww,58,0,6,0.66455078125,1,-521633.9836090495,-462323.9314241536,-59440.94258077076,3018.4042346407737,
6059,3pww,59,0,6,0.66455078125,1,-521678.36382360774,-462323.9314241536,-59450.24313766892,2209.448111289333,
6060,3pww,60,0,6,0.66455078125,1,-521597.86697742395,-462323.9314241536,-59443.31535815841,3905.9910921624382,
6061,3pww,61,0,6,0.66455078125,1,-521601.7770786585,-462323.9314241536,-59450.3636748904,3978.360060743647,
6062,3pww,62,0,6,0.66455078125,1,-521585.97718463745,-462323.9314241536,-59451.275175403855,4363.733973723269,
6063,3pww,63,0,6,0.66455078125,1,-521590.3987807783,-462323.9314241536,-59450.168105315475,4236.239901704978,
6064,3pww,64,0,6,0.66455078125,1,-521585.64136621356,-462323.9314241536,-59449.85922003929,4338.825424139184,
6065,3pww,65,0,6,0.66455078125,1,-521615.61453975755,-462323.9314241536,-59447.08795420468,3583.7207136623642,
6066,3pww,66,0,6,0.66455078125,1,-521564.0356670907,-462323.9314241536,-59448.29462040593,4800.984157495645,
6067,3pww,67,0,6,0.66455078125,1,-521544.8452767285,-462323.9314241536,-59446.30111558369,5197.553759026756,
6068,3pww,68,0,6,0.66455078125,1,-521528.48263941705,-462323.9314241536,-59439.37421269361,5415.146963967974,
6069,3pww,69,0,6,0.66455078125,1,-521592.9245142938,-462323.9314241536,-59447.18810151156,4109.274582907639,
6070,3pww,70,0,6,0.66455078125,1,-521599.7874299576,-462323.9314241536,-59451.10266023507,4041.2838566642376,
6071,3pww,71,0,6,0.66455078125,1,-521644.31692792487,-462323.9314241536,-59444.31187291077,2857.8099630167826,
6072,3pww,72,0,6,0.66455078125,1,-521583.49673667544,-462323.9314241536,-59441.35956941182,4192.275156343595,
6073,3pww,73,0,6,0.66455078125,1,-521595.18928898894,-462323.9314241536,-59450.606882315355,4135.8865959727955,
6074,3pww,74,0,6,0.66455078125,1,-521568.79359343543,-462323.9314241536,-59449.89673860004,4728.2094926932805,
6075,3pww,75,0,6,0.66455078125,1,-521619.2944974901,-462323.9314241536,-59449.88910613592,3563.4549704471224,
6076,3pww,76,0,6,0.66455078125,1,-521644.8542803823,-462323.9314241536,-59445.567532669906,2874.374522905399,
6077,3pww,77,0,6,0.66455078125,1,-521623.68314304965,-462323.9314241536,-59450.96875558427,3487.1477073535034,
6078,3pww,78,0,6,0.66455078125,1,-521596.56771317025,-462323.9314241536,-59450.86885426572,4110.140595900413,
6079,3pww,79,0,6,0.66455078125,1,-521508.2988075616,-462323.9314241536,-59450.14555383852,6128.990211548502,
6080,3pww,80,0,6,0.66455078125,1,-521475.13390010584,-462323.9314241536,-59446.36839709809,6806.687842553178,
6081,3pww,81,0,6,0.66455078125,1,-521616.85738712567,-462323.9314241536,-59451.02616645038,3645.877304342637,
6082,3pww,82,0,6,0.66455078125,1,-521477.8878023168,-462323.9314241536,-59450.801009904644,6845.399828536339,
6083,3pww,83,0,6,0.66455078125,1,-521533.2573515477,-462323.9314241536,-59450.89911736181,5570.810101845803,
6084,3pww,84,0,6,0.66455078125,1,-521653.4012566507,-462323.9314241536,-59450.683983218114,2795.2647204505693,
6085,3pww,85,0,6,0.66455078125,1,-521550.08425930166,-462323.9314241536,-59450.6560033673,5177.166048845838,
6086,3pww,86,0,6,0.66455078125,1,-521618.30208817014,-462323.9314241536,-59444.66701386502,3465.916164448877,
6087,3pww,87,0,6,0.66455078125,1,-521555.34480470436,-462323.9314241536,-59451.13641325767,5066.933505226741,
6088,3pww,88,0,6,0.66455078125,1,-521564.8734902894,-462323.9314241536,-59449.14157934133,4801.194832588742,
6089,3pww,89,0,6,0.66455078125,1,-521654.81639441865,-462323.9314241536,-59447.623894941215,2692.0635561901086,
6090,3pww,90,0,6,0.66455078125,1,-521750.15608446207,-462323.9314241536,-59448.40360702207,511.4586615221528,
6091,3pww,91,0,6,0.66455078125,1,-521713.8612555268,-462323.9314241536,-59448.05243189266,1340.3390093200242,
6092,3pww,92,0,6,0.66455078125,1,-521721.2705691904,-462323.9314241536,-59447.74098236505,1162.2939804600826,
6093,3pww,93,0,6,0.66455078125,1,-521751.2456192227,-462323.9314241536,-59446.80003954113,449.3542484677608,
6094,3pww,94,0,6,0.66455078125,1,-521757.59952837136,-462323.9314241536,-59448.874975215695,350.678776002454,
6095,3pww,95,0,6,0.66455078125,1,-521709.2826845797,-462323.9314241536,-59445.00642831257,1375.6808523893972,
6096,3pww,96,0,6,0.66455078125,1,-521712.91728933156,-462323.9314241536,-59447.04318876211,1338.8336874305458,
6097,3pww,97,0,6,0.66455078125,1,-521732.82866987603,-462323.9314241536,-59448.00915832451,901.9421313075574,
6098,3pww,98,0,6,0.66455078125,1,-521718.19629488786,-462323.9314241536,-59448.82587606838,1258.206673194525,
6099,3pww,99,0,6,0.66455078125,1,-521733.23200948554,-462323.9314241536,-59444.6319099777,814.7597019132241,
6100,3pww,100,0,6,0.66455078125,1,-521681.0885682552,-462323.9314241536,-59446.600822162036,2062.6202160598746,
7001,3prs,1,0,7,0.66455078125,0,-542314.258733178,-462323.9314241536,-80039.04244742404,1123.3977791400953,
7002,3prs,2,0,7,0.66455078125,0,-542313.4179772375,-462323.9314241536,-80039.25980672847,1147.7984963567906,
7003,3prs,3,0,7,0.66455078125,0,-542291.6949065125,-462323.9314241536,-80042.18531045923,1716.2081265500274,
7004,3prs,4,0,7,0.66455078125,0,-542309.2186268959,-462323.9314241536,-80042.14055750394,1311.0695068119246,
7005,3prs,5,0,7,0.66455078125,0,-542293.4821121938,-462323.9314241536,-80042.21527526401,1675.6851892666373,
7006,3prs,6,0,7,0.66455078125,0,-542037.6799805847,-462323.9314241536,-80040.9901166917,7546.369652557418,
7007,3prs,7,0,7,0.66455078125,0,-542031.8938543,-462323.9314241536,-80040.97875401993,7679.538865062351,
7008,3prs,8,0,7,0.66455078125,0,-542114.4091689532,-462323.9314241536,-80036.84245464808,5681.3051752381125,
7009,3prs,9,0,7,0.66455078125,0,-542025.5636361189,-462323.9314241536,-80040.88146469604,7823.2736190994965,
7010,3prs,10,0,7,0.66455078125,0,-542198.4028954592,-462323.9314241536,-80037.90112206947,3768.777278381795,
7011,3prs,11,0,7,0.66455078125,0,-541949.9500342109,-462323.9314241536,-80036.24859485634,9460.12818601228,
7012,3prs,12,0,7,0.66455078125,0,-542017.1720330213,-462323.9314241536,-80038.11465082175,7952.984340019728,
7013,3prs,13,0,7,0.66455078125,0,-542004.473074431,-462323.9314241536,-80041.24402604125,8317.994388921908,
7014,3prs,14,0,7,0.66455078125,0,-542017.3405746903,-462323.9314241536,-80039.07193646442,7971.173208152579,
7015,3prs,15,0,7,0.66455078125,0,-542118.9689598926,-462323.9314241536,-80039.54135570534,5638.3920351024935,
7016,3prs,16,0,7,0.66455078125,0,-541971.0442665174,-462323.9314241536,-80037.98614237315,9013.752430578152,
7017,3prs,17,0,7,0.66455078125,0,-542022.088498885,-462323.9314241536,-80034.96122322093,7766.888175793192,
7018,3prs,18,0,7,0.66455078125,0,-542298.0126313056,-462323.9314241536,-80039.69935712822,1513.1904860836178,
7019,3prs,19,0,7,0.66455078125,0,-542061.175103242,-462323.9314241536,-80040.24286208172,6987.327152055445,
7020,3prs,20,0,7,0.66455078125,0,-542001.8755730633,-462323.9314241536,-80040.31741044529,8356.525930180083,
7021,3prs,21,0,7,0.66455078125,0,-542141.0381440318,-462323.9314241536,-80040.49139044296,5151.372880186706,
7022,3prs,22,0,7,0.66455078125,0,-541973.4183940823,-462323.9314241536,-80042.41280887135,9061.0851028225,
7023,3prs,23,0,7,0.66455078125,0,-542060.7692608631,-462323.9314241536,-80041.42768178006,7024.008690971422,
7024,3prs,24,0,7,0.66455078125,0,-542226.8951341454,-462323.9314241536,-80036.44118151671,3078.063616410892,
7025,3prs,25,0,7,0.66455078125,0,-542005.278600613,-462323.9314241536,-80036.3107385398,8185.654201482384,
7026,3prs,26,0,7,0.66455078125,0,-541966.7028222468,-462323.9314241536,-80037.5725409747,9104.330639001726,
7027,3prs,27,0,7,0.66455078125,0,-542128.6525656828,-462323.9314241536,-80040.60286245354,5439.56170774553,
7028,3prs,28,0,7,0.66455078125,0,-541941.8988569482,-462323.9314241536,-80037.04093656546,9664.064578252464,
7029,3prs,29,0,7,0.66455078125,0,-542015.8904455847,-462323.9314241536,-80037.30153176794,7963.787477569972,
7030,3prs,30,0,7,0.66455078125,0,-542169.4366955247,-462323.9314241536,-80042.27584848415,4537.637305173815,
7031,3prs,31,0,7,0.66455078125,0,-542186.5516639003,-462323.9314241536,-80042.47870740901,4147.6347962699765,
7032,3prs,32,0,7,0.66455078125,0,-542197.6528199259,-462323.9314241536,-80038.83148524769,3807.5291156650337,
7033,3prs,33,0,7,0.66455078125,0,-542145.9699224628,-462323.9314241536,-80042.28207871936,5078.937620435164,
7034,3prs,34,0,7,0.66455078125,0,-542181.3253838356,-462323.9314241536,-80035.80357728015,4114.223520065347,
7035,3prs,35,0,7,0.66455078125,0,-542164.7418238915,-462323.9314241536,-80039.87421605598,4590.520657548413,
7036,3prs,36,0,7,0.66455078125,0,-542199.1802159053,-462323.9314241536,-80039.78508028998,3794.2969517098313,
7037,3prs,37,0,7,0.66455078125,0,-542227.7484485751,-462323.9314241536,-80042.19049582492,3190.968055786726,
7038,3prs,38,0,7,0.66455078125,0,-542131.6101354297,-462323.9314241536,-80041.10033390533,5382.830493343486,
7039,3prs,39,0,7,0.66455078125,0,-542170.9619118667,-462323.9314241536,-80041.0974297287,4475.28999869382,
7040,3prs,40,0,7,0.66455078125,0,-542160.820194954,-462323.9314241536,-80037.11133084305,4617.24192263176,
7041,3prs,41,0,7,0.66455078125,0,-542174.5311219938,-462323.9314241536,-80034.05289719127,4230.531278316229,
7042,3prs,42,0,7,0.66455078125,0,-542188.635988244,-462323.9314241536,-80042.89310512553,4109.125373410041,
7043,3prs,43,0,7,0.66455078125,0,-542156.1166058875,-462323.9314241536,-80039.77891669284,4787.225254357068,
7044,3prs,44,0,7,0.66455078125,0,-542150.125643203,-462323.9314241536,-80041.75054214014,4970.846898826102,
7045,3prs,45,0,7,0.66455078125,0,-542139.2870694941,-462323.9314241536,-80042.9473635913,5248.389704574962,
7046,3prs,46,0,7,0.66455078125,0,-542188.3007089134,-462323.9314241536,-80039.29700336464,4033.9290217893645,
7047,3prs,47,0,7,0.66455078125,0,-542231.0779581764,-462323.9314241536,-80033.20505746316,2906.978609254524,
7048,3prs,48,0,7,0.66455078125,0,-542102.936715493,-462323.9314241536,-80037.57719168677,5962.809675615447,
7049,3prs,49,0,7,0.66455078125,0,-542153.8750949003,-462323.9314241536,-80040.47578988098,4854.986003179006,
7050,3prs,50,0,7,0.66455078125,0,-542092.2548652376,-462323.9314241536,-80032.91077104818,6101.528778014469,
7051,3prs,51,0,7,0.66455078125,0,-542187.2037953981,-462323.9314241536,-80042.52837798603,4133.741717388872,
7052,3prs,52,0,7,0.66455078125,0,-542147.9352366581,-462323.9314241536,-80040.7536248923,4998.369415847299,
7053,3prs,53,0,7,0.66455078125,0,-542175.5628081358,-462323.9314241536,-80040.87297091495,4364.014667006322,
7054,3prs,54,0,7,0.66455078125,0,-542214.9246450599,-462323.9314241536,-80041.15184841167,3462.7402117690413,
7055,3prs,55,0,7,0.66455078125,0,-542127.8620726115,-462323.9314241536,-80040.34301421653,5451.798668328058,
7056,3prs,56,0,7,0.66455078125,0,-542098.9410053734,-462323.9314241536,-80041.72636393316,6150.635124991425,
7057,3prs,57,0,7,0.66455078125,0,-542189.0057492054,-462323.9314241536,-80033.2001724901,3877.0741464157663,
7058,3prs,58,0,7,0.66455078125,0,-542125.366264471,-462323.9314241536,-80039.91583642967,5499.502417541927,
7059,3prs,59,0,7,0.66455078125,0,-542114.9878184146,-462323.9314241536,-80039.85237357636,5737.371581068488,
7060,3prs,60,0,7,0.66455078125,0,-542165.5979185645,-462323.9314241536,-80034.92982152708,4456.758198868816,
7061,3prs,61,0,7,0.66455078125,0,-542156.8260798849,-462323.9314241536,-80042.0593420031,4823.452252247698,
7062,3prs,62,0,7,0.66455078125,0,-542178.1286024685,-462323.9314241536,-80042.65853521835,4346.022135095157,
7063,3prs,63,0,7,0.66455078125,0,-542166.6828275868,-462323.9314241536,-80041.60085425385,4585.577271742915,
7064,3prs,64,0,7,0.66455078125,0,-542192.7017972871,-462323.9314241536,-80040.9848057986,3971.359161596864,
7065,3prs,65,0,7,0.66455078125,0,-542202.2042012907,-462323.9314241536,-80041.91405818485,3773.6575886650385,
7066,3prs,66,0,7,0.66455078125,0,-542134.8684535857,-462323.9314241536,-80041.58329365264,5318.829208012791,
7067,3prs,67,0,7,0.66455078125,0,-542168.5160777667,-462323.9314241536,-80040.83595333107,4525.662483968801,
7068,3prs,68,0,7,0.66455078125,0,-542086.4968000307,-462323.9314241536,-80040.73640701777,6414.776368712563,
7069,3prs,69,0,7,0.66455078125,0,-542115.0658009446,-462323.9314241536,-80034.5057275207,5612.276674105433,
7070,3prs,70,0,7,0.66455078125,0,-542152.5645811941,-462323.9314241536,-80037.51142082222,4816.847192716021,
7071,3prs,71,0,7,0.66455078125,0,-542193.7543077564,-462323.9314241536,-80037.71513102065,3871.6872019692146,
7072,3prs,72,0,7,0.66455078125,0,-542168.274160618,-462323.9314241536,-80039.26061842448,4494.913139984678,
7073,3prs,73,0,7,0.66455078125,0,-542087.6240945853,-462323.9314241536,-80039.24441084884,6354.374089700116,
7074,3prs,74,0,7,0.66455078125,0,-542130.2044057186,-462323.9314241536,-80040.75049171459,5407.179838009423,
7075,3prs,75,0,7,0.66455078125,0,-542140.0671893305,-462323.9314241536,-80041.38891563425,5194.461050120489,
7076,3prs,76,0,7,0.66455078125,0,-542091.0654697075,-462323.9314241536,-80040.97857842452,6315.004948417336,
7077,3prs,77,0,7,0.66455078125,0,-542166.7874285525,-462323.9314241536,-80034.34325943004,4415.8010035995685,
7078,3prs,78,0,7,0.66455078125,0,-542055.3492889192,-462323.9314241536,-80042.10517046462,7164.619473437953,
7079,3prs,79,0,7,0.66455078125,0,-542084.1383999833,-462323.9314241536,-80040.87763128291,6472.419074730695,
7080,3prs,80,0,7,0.66455078125,0,-542362.8895652238,-462323.9314241536,-80040.78412721165,42.10824075274318,
7081,3prs,81,0,7,0.66455078125,0,-542328.2636512764,-462323.9314241536,-80038.85878608249,796.2013643181118,
7082,3prs,82,0,7,0.66455078125,0,-542326.9025321986,-462323.9314241536,-80039.26150343429,836.8763986676175,
7083,3prs,83,0,7,0.66455078125,0,-542345.8743902245,-462323.9314241536,-80038.735000825,387.23352062185694,
7084,3prs,84,0,7,0.66455078125,0,-542321.2294258728,-462323.9314241536,-80038.34737954146,946.6211406880251,
7085,3prs,85,0,7,0.66455078125,0,-542332.912642727,-462323.9314241536,-80037.0672263863,647.6787265402859,
7086,3prs,86,0,7,0.66455078125,0,-542293.4258036847,-462323.9314241536,-80040.08921871196,1627.9556655244844,
7087,3prs,87,0,7,0.66455078125,0,-542299.65391166,-462323.9314241536,-80039.52342710503,1471.2846192539848,
7088,3prs,88,0,7,0.66455078125,0,-542356.9033652499,-462323.9314241536,-80037.84956190592,112.48060798130385,
7089,3prs,89,0,7,0.66455078125,0,-542318.9686048276,-462323.9314241536,-80038.31401381515,997.9874806085322,
7090,3prs,90,0,7,0.66455078125,0,-542323.1482220228,-462323.9314241536,-80039.57282087814,930.6319988514456,
7091,3prs,91,0,7,0.66455078125,0,-542298.9505272454,-462323.9314241536,-80038.78908953676,1470.5708225721053,
7092,3prs,92,0,7,0.66455078125,0,-542311.9557960575,-462323.9314241536,-80038.64766798026,1167.4009405134732,
7093,3prs,93,0,7,0.66455078125,0,-542305.0916764833,-462323.9314241536,-80019.16449300073,876.3986097615858,
7094,3prs,94,0,7,0.66455078125,0,-542357.6687466587,-462323.9314241536,-80039.40779445182,130.76418954959843,
7095,3prs,95,0,7,0.66455078125,0,-542335.7514289715,-462323.9314241536,-80039.70705757149,643.0907138788446,
7096,3prs,96,0,7,0.66455078125,0,-542326.438535045,-462323.9314241536,-80039.37352738387,850.1597608681327,
7097,3prs,97,0,7,0.66455078125,0,-542332.4536549993,-462323.9314241536,-80039.55701491855,715.6791225262328,
7098,3prs,98,0,7,0.66455078125,0,-542299.8872102435,-462323.9314241536,-80039.87116203319,1473.9235840527,
7099,3prs,99,0,7,0.66455078125,0,-542300.2946713215,-462323.9314241536,-80041.19783387193,1495.1210877667775,
7100,3prs,100,0,7,0.66455078125,0,-542310.3044842725,-462323.9314241536,-80041.57903299338,1273.079978008447,
8001,2v00,1,0,8,0.66455078125,0,-481504.14119516243,-462323.9314241536,-19186.756926831928,150.98100001345307,
8002,2v00,2,0,8,0.66455078125,0,-481498.67816032394,-462323.9314241536,-19186.72490721675,276.2231863396269,
8003,2v00,3,0,8,0.66455078125,0,-481504.3340690574,-462323.9314241536,-19186.75536691877,146.4972498806722,
8004,2v00,4,0,8,0.66455078125,0,-481498.54811191483,-462323.9314241536,-19186.720708903995,279.12535850596146,
8005,2v00,5,0,8,0.66455078125,0,-481505.16921490355,-462323.9314241536,-19186.778240201187,127.76579957379208,
8006,2v00,6,0,8,0.66455078125,0,-481488.5417480462,-462323.9314241536,-19186.04206543895,494.22770102403723,
8007,2v00,7,0,8,0.66455078125,0,-481467.3657996348,-462323.9314241536,-19186.798913774215,1000.0100094597966,
8008,2v00,8,0,8,0.66455078125,0,-481483.2760166667,-462323.9314241536,-19186.81463783714,633.4742941040505,
8009,2v00,9,0,8,0.66455078125,0,-481499.75914640655,-462323.9314241536,-19186.37248706552,243.16805332340357,
8010,2v00,10,0,8,0.66455078125,0,-481485.91185523494,-462323.9314241536,-19186.048390207015,555.0203226034906,
8011,2v00,11,0,8,0.66455078125,0,-481451.2105897209,-462323.9314241536,-19187.040458378517,1378.1281512925425,
8012,2v00,12,0,8,0.66455078125,0,-481488.30283302005,-462323.9314241536,-19186.049124297824,499.8999935642733,
8013,2v00,13,0,8,0.66455078125,0,-481490.115235939,-462323.9314241536,-19187.039653000546,480.94712389053,
8014,2v00,14,0,8,0.66455078125,0,-481501.9331994198,-462323.9314241536,-19186.047512826648,185.53911584543044,
8015,2v00,15,0,8,0.66455078125,0,-481475.77695827093,-462323.9314241536,-19186.043188807693,788.6166516825574,
8016,2v00,16,0,8,0.66455078125,0,-481477.5269089782,-462323.9314241536,-19186.90952223273,768.2399530821443,
8017,2v00,17,0,8,0.66455078125,0,-481472.3769900345,-462323.9314241536,-19186.07207739086,867.6879683757647,
8018,2v00,18,0,8,0.66455078125,0,-481476.05698694225,-462323.9314241536,-19186.073306677066,782.8535716809447,
8019,2v00,19,0,8,0.66455078125,0,-481498.87383220997,-462323.9314241536,-19186.747352597442,272.2284882277098,
8020,2v00,20,0,8,0.66455078125,0,-481500.8207438432,-462323.9314241536,-19186.80139571162,228.57790320663574,
8021,2v00,21,0,8,0.66455078125,0,-481490.6731834554,-462323.9314241536,-19186.908765730586,465.06221635134597,
8022,2v00,22,0,8,0.66455078125,0,-481491.86551462044,-462323.9314241536,-19187.041758296215,440.63328791131806,
8023,2v00,23,0,8,0.66455078125,0,-481500.11002057703,-462323.9314241536,-19186.072520491805,228.15930921162783,
8024,2v00,24,0,8,0.66455078125,0,-481479.5975789272,-462323.9314241536,-19186.04595148297,700.5747551019284,
8025,2v00,25,0,8,0.66455078125,0,-481488.795750662,-462323.9314241536,-19186.051555928912,488.58911745079723,
8026,2v00,26,0,8,0.66455078125,0,-481459.5821551077,-462323.9314241536,-19186.050011572563,1162.2350213314076,
8027,2v00,27,0,8,0.66455078125,0,-481490.71259711595,-462323.9314241536,-19186.84755134317,462.7416784385231,
8028,2v00,28,0,8,0.66455078125,0,-481487.5144287639,-462323.9314241536,-19187.04149037334,540.9655329733129,
8029,2v00,29,0,8,0.66455078125,0,-481493.47126859357,-462323.9314241536,-19186.37209295961,388.16087208453706,
8030,2v00,30,0,8,0.66455078125,0,-481465.5716802322,-462323.9314241536,-19186.074218628135,1024.6715186783022,
8031,2v00,31,0,8,0.66455078125,0,-481489.48897604557,-462323.9314241536,-19186.84834938976,490.9774540502234,
8032,2v00,32,0,8,0.66455078125,0,-481474.38055811747,-462323.9314241536,-19186.049590167728,820.9660230814254,
8033,2v00,33,0,8,0.66455078125,0,-481469.44689448114,-462323.9314241536,-19186.04538315269,934.6419932756922,
8034,2v00,34,0,8,0.66455078125,0,-481484.0288870774,-462323.9314241536,-19186.748784002983,614.5940644959079,
8035,2v00,35,0,8,0.66455078125,0,-481467.385196372,-462323.9314241536,-19187.04163849088,1005.1600750117141,
8036,2v00,36,0,8,0.66455078125,0,-481458.39107458224,-462323.9314241536,-19186.847319659915,1208.088352043013,
8037,2v00,37,0,8,0.66455078125,0,-481475.49914649065,-462323.9314241536,-19187.039506611538,817.998777899703,
8038,2v00,38,0,8,0.66455078125,0,-481472.9296487264,-462323.9314241536,-19186.99790841075,876.2935266934088,
8039,2v00,39,0,8,0.66455078125,0,-481499.7453950932,-462323.9314241536,-19186.96100175115,257.05663719903674,
8040,2v00,40,0,8,0.66455078125,0,-481498.59285363485,-462323.9314241536,-19186.069534537513,263.07715230711256,
8041,2v00,41,0,8,0.66455078125,0,-481493.47479098965,-462323.9314241536,-19186.373308179092,388.10766732809486,
8042,2v00,42,0,8,0.66455078125,0,-481502.45198969473,-462323.9314241536,-19186.84599846336,191.98904411409336,
8043,2v00,43,0,8,0.66455078125,0,-481496.89287085744,-462323.9314241536,-19186.372288880077,309.2613674544704,
8044,2v00,44,0,8,0.66455078125,0,-481503.44895900716,-462323.9314241536,-19186.909689423766,170.46713403800482,
8045,2v00,45,0,8,0.66455078125,0,-481488.8077572727,-462323.9314241536,-19186.90847885343,508.07335051870814,
8046,2v00,46,0,8,0.66455078125,0,-481498.04827412893,-462323.9314241536,-19186.84687190982,293.56127970557014,
8047,2v00,47,0,8,0.66455078125,0,-481492.1875494859,-462323.9314241536,-19186.906975862705,430.09883073895924,
8048,2v00,48,0,8,0.66455078125,0,-481483.8660861694,-462323.9314241536,-19186.909146306236,622.0463851868151,
8049,2v00,49,0,8,0.66455078125,0,-481501.951828047,-462323.9314241536,-19186.908598360744,204.9666336426369,
8050,2v00,50,0,8,0.66455078125,0,-481500.0416135185,-462323.9314241536,-19186.962032136642,250.2494392887161,
8051,2v00,51,0,8,0.66455078125,0,-481500.66745549353,-462323.9314241536,-19186.80038374397,232.08947999796155,
8052,2v00,52,0,8,0.66455078125,0,-481486.0601167224,-462323.9314241536,-19186.048436102596,551.6023898571481,
8053,2v00,53,0,8,0.66455078125,0,-481496.3564333313,-462323.9314241536,-19186.812042531696,331.7728708003732,
8054,2v00,54,0,8,0.66455078125,0,-481502.569034233,-462323.9314241536,-19186.04529672595,170.82531222770174,
8055,2v00,55,0,8,0.66455078125,0,-481495.78627703997,-462323.9314241536,-19186.047333655086,327.28638160265035,
8056,2v00,56,0,8,0.66455078125,0,-481500.90724396636,-462323.9314241536,-19186.04516124459,209.14398188143952,
8057,2v00,57,0,8,0.66455078125,0,-481484.9081488394,-462323.9314241536,-19186.907387671185,597.9752940552329,
8058,2v00,58,0,8,0.66455078125,0,-481481.63500311895,-462323.9314241536,-19186.042180356708,653.5036728386924,
8059,2v00,59,0,8,0.66455078125,0,-481486.740527614,-462323.9314241536,-19186.372484323707,543.3844714493724,
8060,2v00,60,0,8,0.66455078125,0,-481502.64730305906,-462323.9314241536,-19187.039615330417,191.9499219577139,
8061,2v00,61,0,8,0.66455078125,0,-481485.56443630095,-462323.9314241536,-19187.038493272972,585.8643126577749,
8062,2v00,62,0,8,0.66455078125,0,-481493.1843775205,-462323.9314241536,-19187.04183286163,410.2213064413033,
8063,2v00,63,0,8,0.66455078125,0,-481496.5760607561,-462323.9314241536,-19186.799641964164,326.42217818554775,
8064,2v00,64,0,8,0.66455078125,0,-481495.22482319106,-462323.9314241536,-19186.748524245937,356.4036540986577,
8065,2v00,65,0,8,0.66455078125,0,-481491.5918315195,-462323.9314241536,-19186.800729093266,441.3863046877681,
8066,2v00,66,0,8,0.66455078125,0,-481492.32074099703,-462323.9314241536,-19186.0736432645,407.81025528568284,
8067,2v00,67,0,8,0.66455078125,0,-481498.604508563,-462323.9314241536,-19187.039672193256,285.180289091531,
8068,2v00,68,0,8,0.66455078125,0,-481496.34768359293,-462323.9314241536,-19186.049105820384,314.38090603817886,
8069,2v00,69,0,8,0.66455078125,0,-481496.78418803145,-462323.9314241536,-19186.800051626888,321.632096244495,
8070,2v00,70,0,8,0.66455078125,0,-481485.5802529,-462323.9314241536,-19186.043893453803,562.5635565160804,
8071,2v00,71,0,8,0.66455078125,0,-481501.1280425182,-462323.9314241536,-19186.372698900428,211.6054440940754,
8072,2v00,72,0,8,0.66455078125,0,-481490.8134418421,-462323.9314241536,-19186.908993837562,461.83304138864946,
8073,2v00,73,0,8,0.66455078125,0,-481501.8171354227,-462323.9314241536,-19186.908025262084,208.05950337798632,
8074,2v00,74,0,8,0.66455078125,0,-481503.6173318766,-462323.9314241536,-19186.07145338985,147.25418127557882,
8075,2v00,75,0,8,0.66455078125,0,-481484.77329510363,-462323.9314241536,-19186.814832744327,598.9507277606589,
8076,2v00,76,0,8,0.66455078125,0,-481493.86231447686,-462323.9314241536,-19186.907834229198,391.4976269609602,
8077,2v00,77,0,8,0.66455078125,0,-481499.1034692668,-462323.9314241536,-19186.05273771019,250.9147320638474,
8078,2v00,78,0,8,0.66455078125,0,-481500.374447062,-462323.9314241536,-19186.813248095237,239.14307393645979,
8079,2v00,79,0,8,0.66455078125,0,-481495.30258513894,-462323.9314241536,-19186.91119229528,358.3616353126468,
8080,2v00,80,0,8,0.66455078125,0,-481494.7343731516,-462323.9314241536,-19187.042313453872,374.48864077358394,
8081,2v00,81,0,8,0.66455078125,0,-481488.66996715893,-462323.9314241536,-19186.04468327495,491.33126677391795,
8082,2v00,82,0,8,0.66455078125,0,-481476.7060954713,-462323.9314241536,-19186.847304222312,785.7335808128498,
8083,2v00,83,0,8,0.66455078125,0,-481487.47571481677,-462323.9314241536,-19186.800992605415,536.3122875220298,
8084,2v00,84,0,8,0.66455078125,0,-481477.36803343816,-462323.9314241536,-19186.908331451144,771.8762499960615,
8085,2v00,85,0,8,0.66455078125,0,-481482.8477719717,-462323.9314241536,-19186.909334239674,645.5336022965693,
8086,2v00,86,0,8,0.66455078125,0,-481486.9216758453,-462323.9314241536,-19186.05156916114,531.8066145419689,
8087,2v00,87,0,8,0.66455078125,0,-481490.3932086667,-462323.9314241536,-19186.910148677554,471.55047987265846,
8088,2v00,88,0,8,0.66455078125,0,-481501.501263439,-462323.9314241536,-19186.685647842605,210.2155392482997,
8089,2v00,89,0,8,0.66455078125,0,-481502.2224188291,-462323.9314241536,-19186.533135411468,190.06828066892265,
8090,2v00,90,0,8,0.66455078125,0,-481504.09913641145,-462323.9314241536,-19185.804517624103,129.98781976092656,
8091,2v00,91,0,8,0.66455078125,0,-481501.45491070964,-462323.9314241536,-19185.142669019428,175.70252162763194,
8092,2v00,92,0,8,0.66455078125,0,-481504.1910341822,-462323.9314241536,-19186.722176429954,149.0303216072432,
8093,2v00,93,0,8,0.66455078125,0,-481501.13309569587,-462323.9314241536,-19186.72970878811,219.72175864003432,
8094,2v00,94,0,8,0.66455078125,0,-481497.57263807894,-462323.9314241536,-19186.684669849597,300.789239218312,
8095,2v00,95,0,8,0.66455078125,0,-481500.930028989,-462323.9314241536,-19186.703318354812,223.79601029776885,
8096,2v00,96,0,8,0.66455078125,0,-481504.1476860785,-462323.9314241536,-19186.658748385627,148.56726717607137,
8097,2v00,97,0,8,0.66455078125,0,-481503.87267149915,-462323.9314241536,-19186.768724856105,157.44537169508297,
8098,2v00,98,0,8,0.66455078125,0,-481502.6209181838,-462323.9314241536,-19186.762434360706,186.1664266253422,
8099,2v00,99,0,8,0.66455078125,0,-481498.3465924403,-462323.9314241536,-19186.78618305656,285.28237781344706,
8100,2v00,100,0,8,0.66455078125,0,-481495.79409269925,-462323.9314241536,-19186.73718118402,343.0144101548469,
9001,3uri,1,0,9,0.66455078125,1,-555081.6435671212,-462323.9314241536,-92839.58413823164,1888.013062774238,
9002,3uri,2,0,9,0.66455078125,1,-555106.6555452999,-462323.9314241536,-92836.94780285863,1250.427805680544,
9003,3uri,3,0,9,0.66455078125,1,-555075.5749455156,-462323.9314241536,-92833.039660888,1877.0395687673404,
9004,3uri,4,0,9,0.66455078125,1,-555073.9292140363,-462323.9314241536,-92836.5695184044,1996.391486353935,
9005,3uri,5,0,9,0.66455078125,1,-555065.8701504829,-462323.9314241536,-92838.33547182588,2222.961760241117,
9006,3uri,6,0,9,0.66455078125,1,-555063.5141553337,-462323.9314241536,-92837.87479908971,2266.6689333994163,
9007,3uri,7,0,9,0.66455078125,1,-555106.8755149307,-462323.9314241536,-92837.51344581155,1258.3992218584972,
9008,3uri,8,0,9,0.66455078125,1,-555049.5680821447,-462323.9314241536,-92837.28875024825,2574.7584138847114,
9009,3uri,9,0,9,0.66455078125,1,-555110.755102134,-462323.9314241536,-92837.44660909689,1167.3925243393696,
9010,3uri,10,0,9,0.66455078125,1,-555031.9973091985,-462323.9314241536,-92835.57554204969,2940.442544225452,
9011,3uri,11,0,9,0.66455078125,1,-555083.1379063191,-462323.9314241536,-92839.47006376294,1850.9221624847858,
9012,3uri,12,0,9,0.66455078125,1,-555125.6148765596,-462323.9314241536,-92836.51389833003,803.209164193592,
9013,3uri,13,0,9,0.66455078125,1,-555089.9631909045,-462323.9314241536,-92837.5421607068,1649.068860207559,
9014,3uri,14,0,9,0.66455078125,1,-554719.0775346066,-462323.9314241536,-92834.29331888465,10126.975204722181,
9015,3uri,15,0,9,0.66455078125,1,-554789.0706488701,-462323.9314241536,-92834.34280909805,8514.036916867472,
9016,3uri,16,0,9,0.66455078125,1,-554804.9577479272,-462323.9314241536,-92834.1183042696,8142.494504837329,
9017,3uri,17,0,9,0.66455078125,1,-554656.7542960556,-462323.9314241536,-92834.0411535672,11558.368157920471,
9018,3uri,18,0,9,0.66455078125,1,-554739.9727851058,-462323.9314241536,-92834.12167056112,9641.16097677655,
9019,3uri,19,0,9,0.66455078125,1,-554691.6303230139,-462323.9314241536,-92833.93373479156,10751.630734294631,
9020,3uri,20,0,9,0.66455078125,1,-554665.9390006571,-462323.9314241536,-92834.280254381,11352.077633902236,
9021,3uri,21,0,9,0.66455078125,1,-554949.9340222988,-462323.9314241536,-92834.77635987308,4814.437318104952,
9022,3uri,22,0,9,0.66455078125,1,-554903.3730915242,-462323.9314241536,-92838.03881772069,5963.391954509721,
9023,3uri,23,0,9,0.66455078125,1,-554890.6510551783,-462323.9314241536,-92840.46762211827,6312.778642150706,
9024,3uri,24,0,9,0.66455078125,1,-554878.4916947691,-462323.9314241536,-92838.65788395911,6551.44660107491,
9025,3uri,25,0,9,0.66455078125,1,-554801.0694101664,-462323.9314241536,-92839.33507414369,8352.463274954778,
9026,3uri,26,0,9,0.66455078125,1,-554886.4768605734,-462323.9314241536,-92838.9703287652,6374.509451505134,
9027,3uri,27,0,9,0.66455078125,1,-554869.1706358554,-462323.9314241536,-92837.44512517957,6738.428444144086,
9028,3uri,28,0,9,0.66455078125,1,-554834.8842316924,-462323.9314241536,-92834.25359054118,7455.49317010308,
9029,3uri,29,0,9,0.66455078125,1,-554796.7710479262,-462323.9314241536,-92833.52194889105,8317.532010054329,
9030,3uri,30,0,9,0.66455078125,1,-554854.5788766796,-462323.9314241536,-92834.28879942207,7002.135803449664,
9031,3uri,31,0,9,0.66455078125,1,-554771.0523415866,-462323.9314241536,-92838.68544765023,9029.692577849732,
9032,3uri,32,0,9,0.66455078125,1,-554845.7951252072,-462323.9314241536,-92840.22391863375,7341.561024874658,
9033,3uri,33,0,9,0.66455078125,1,-554858.8965653541,-462323.9314241536,-92833.84884281672,6892.421896914173,
9034,3uri,34,0,9,0.66455078125,1,-554757.4146083946,-462323.9314241536,-92839.1345824769,9354.543471576515,
9035,3uri,35,0,9,0.66455078125,1,-554854.8223360988,-462323.9314241536,-92839.4321646264,7115.130315175251,
9036,3uri,36,0,9,0.66455078125,1,-554899.3656452207,-462323.9314241536,-92838.43302817851,6064.896570787978,
9037,3uri,37,0,9,0.66455078125,1,-554879.1035992863,-462323.9314241536,-92832.83664889849,6403.094878140364,
9038,3uri,38,0,9,0.66455078125,1,-554892.918350404,-462323.9314241536,-92839.83686585931,6245.947987271707,
9039,3uri,39,0,9,0.66455078125,1,-554793.9115963044,-462323.9314241536,-92837.45037682561,8474.06423123156,
9040,3uri,40,0,9,0.66455078125,1,-554912.0215506165,-462323.9314241536,-92838.91538824349,5784.167946419712,
9041,3uri,41,0,9,0.66455078125,1,-554822.3667573693,-462323.9314241536,-92840.55746932543,7889.523883673578,
9042,3uri,42,0,9,0.66455078125,1,-554870.3322897459,-462323.9314241536,-92834.03980578689,6633.1115383059605,
9043,3uri,43,0,9,0.66455078125,1,-554830.080540991,-462323.9314241536,-92840.2872803977,7705.40910281689,
9044,3uri,44,0,9,0.66455078125,1,-554792.2057787089,-462323.9314241536,-92838.9290371707,8547.500037095524,
9045,3uri,45,0,9,0.66455078125,1,-554817.4455144765,-462323.9314241536,-92838.58042498148,7957.418715130876,
9046,3uri,46,0,9,0.66455078125,1,-554870.5037850196,-462323.9314241536,-92839.27666743306,6749.921661817823,
9047,3uri,47,0,9,0.66455078125,1,-554838.5294763508,-462323.9314241536,-92838.8611257842,7477.684118157985,
9048,3uri,48,0,9,0.66455078125,1,-554818.3058441042,-462323.9314241536,-92838.59359021693,7937.88264014427,
9049,3uri,49,0,9,0.66455078125,1,-554880.8600066068,-462323.9314241536,-92838.61905510939,6495.9366181184505,
9050,3uri,50,0,9,0.66455078125,1,-554878.5261342431,-462323.9314241536,-92838.24397786168,6541.107506580494,
9051,3uri,51,0,9,0.66455078125,1,-554789.4054871114,-462323.9314241536,-92838.12064595727,8593.434351176022,
9052,3uri,52,0,9,0.66455078125,1,-554783.0640598296,-462323.9314241536,-92839.85927929192,8779.764975497106,
9053,3uri,53,0,9,0.66455078125,1,-554959.8823969575,-462323.9314241536,-92833.02382536448,4544.6079425904745,
9054,3uri,54,0,9,0.66455078125,1,-554823.0376216377,-462323.9314241536,-92838.21946944502,7820.137828053081,
9055,3uri,55,0,9,0.66455078125,1,-554921.7585060658,-462323.9314241536,-92832.47127731351,5411.0236912291,
9056,3uri,56,0,9,0.66455078125,1,-554795.8720465063,-462323.9314241536,-92839.01158412009,8464.857471069456,
9057,3uri,57,0,9,0.66455078125,1,-554822.0362635913,-462323.9314241536,-92833.27284111289,7729.157733925108,
9058,3uri,58,0,9,0.66455078125,1,-554812.3335721547,-462323.9314241536,-92833.88492055444,7967.022001120482,
9059,3uri,59,0,9,0.66455078125,1,-554939.220718226,-462323.9314241536,-92838.46868266372,5146.638965417796,
9060,3uri,60,0,9,0.66455078125,1,-554886.4567052929,-462323.9314241536,-92839.57423253566,6388.900595098479,
9061,3uri,61,0,9,0.66455078125,1,-554848.4468732389,-462323.9314241536,-92834.0554439596,7138.16185728902,
9062,3uri,62,0,9,0.66455078125,1,-554832.1774832959,-462323.9314241536,-92840.38058789281,7659.204186451575,
9063,3uri,63,0,9,0.66455078125,1,-554781.4800484242,-462323.9314241536,-92839.07095737962,8798.114011109998,
9064,3uri,64,0,9,0.66455078125,1,-554856.9276401459,-462323.9314241536,-92833.42365087777,6928.021231807493,
9065,3uri,65,0,9,0.66455078125,1,-554800.2563228967,-462323.9314241536,-92839.23208363561,8368.838495289661,
9066,3uri,66,0,9,0.66455078125,1,-554734.9276722724,-462323.9314241536,-92840.37007709054,9901.595720218587,
9067,3uri,67,0,9,0.66455078125,1,-555005.6537168535,-462323.9314241536,-92837.07647831945,3582.5526281675384,
9068,3uri,68,0,9,0.66455078125,1,-555116.1006120502,-462323.9314241536,-92828.23488541156,831.6947425897455,
9069,3uri,69,0,9,0.66455078125,1,-555052.9835441473,-462323.9314241536,-92837.62123604333,2503.6632935899697,
9070,3uri,70,0,9,0.66455078125,1,-555110.9375239962,-462323.9314241536,-92836.43941231279,1139.9592666445362,
9071,3uri,71,0,9,0.66455078125,1,-555074.5050835374,-462323.9314241536,-92834.23992450742,1929.3899086922838,
9072,3uri,72,0,9,0.66455078125,1,-555101.2978000699,-462323.9314241536,-92833.28961821119,1289.6206037848128,
9073,3uri,73,0,9,0.66455078125,1,-555064.6929876568,-462323.9314241536,-92835.95454021012,2195.202192489339,
9074,3uri,74,0,9,0.66455078125,1,-555075.9054984802,-462323.9314241536,-92832.06954403428,1847.0454102105518,
9075,3uri,75,0,9,0.66455078125,1,-555156.7127698573,-462323.9314241536,-92832.15984399823,-14.332169804315624,
9076,3uri,76,0,9,0.66455078125,1,-555133.0437015055,-462323.9314241536,-92833.76908655671,568.5995280179909,
9077,3uri,77,0,9,0.66455078125,1,-555022.3403163466,-462323.9314241536,-92831.92766161477,3079.015968536227,
9078,3uri,78,0,9,0.66455078125,1,-555111.5665749961,-462323.9314241536,-92837.76872809438,1156.1077561373381,
9079,3uri,79,0,9,0.66455078125,1,-555094.7783266071,-462323.9314241536,-92836.73196967153,1519.3457439058654,
9080,3uri,80,0,9,0.66455078125,1,-555007.0667765348,-462323.9314241536,-92836.6896959118,3541.0472835877704,
9081,3uri,81,0,9,0.66455078125,1,-555105.6530798437,-462323.9314241536,-92836.69478868163,1267.710562749996,
9082,3uri,82,0,9,0.66455078125,1,-555020.7178077752,-462323.9314241536,-92835.75655599145,3204.7283069636833,
9083,3uri,83,0,9,0.66455078125,1,-555075.2235745253,-462323.9314241536,-92833.64218934087,1899.0370125016918,
9084,3uri,84,0,9,0.66455078125,1,-555067.5342107175,-462323.9314241536,-92830.40431173354,2001.6907229446945,
9085,3uri,85,0,9,0.66455078125,1,-555042.1740368222,-462323.9314241536,-92836.17292233017,2719.5375466315077,
9086,3uri,86,0,9,0.66455078125,1,-555082.3251738454,-462323.9314241536,-92835.50615211038,1778.2542443080479,
9087,3uri,87,0,9,0.66455078125,1,-555058.3214767788,-462323.9314241536,-92831.79893930463,2246.30229039809,
9088,3uri,88,0,9,0.66455078125,1,-555138.8453697922,-462323.9314241536,-92835.03318818119,463.9607549697398,
9089,3uri,89,0,9,0.66455078125,1,-555106.9603577467,-462323.9314241536,-92837.99968011891,1267.6555295439616,
9090,3uri,90,0,9,0.66455078125,1,-555090.518814435,-462323.9314241536,-92836.7153728774,1617.1896969204001,
9091,3uri,91,0,9,0.66455078125,1,-555093.2656616779,-462323.9314241536,-92832.13504250554,1448.2209670711284,
9092,3uri,92,0,9,0.66455078125,1,-555095.5438252299,-462323.9314241536,-92832.46552612094,1403.3064007358894,
9093,3uri,93,0,9,0.66455078125,1,-555108.7482969377,-462323.9314241536,-92836.5750982335,1193.5730336049623,
9094,3uri,94,0,9,0.66455078125,1,-555024.9252421613,-462323.9314241536,-92836.1090340188,3115.8309014695974,
9095,3uri,95,0,9,0.66455078125,1,-555101.7308305862,-462323.9314241536,-92836.51855369119,1354.095703931072,
9096,3uri,96,0,9,0.66455078125,1,-555005.3359490546,-462323.9314241536,-92829.76675756482,3421.3143626026545,
9097,3uri,97,0,9,0.66455078125,1,-555053.5335240279,-462323.9314241536,-92835.01684017685,2430.9216607993803,
9098,3uri,98,0,9,0.66455078125,1,-555085.7190624828,-462323.9314241536,-92827.98931630161,1526.6469613499326,
9099,3uri,99,0,9,0.66455078125,1,-555074.6396311288,-462323.9314241536,-92832.49339468984,1886.011233131087,
9100,3uri,100,0,9,0.66455078125,1,-555080.3764858159,-462323.9314241536,-92837.42244966533,1867.3829292440553,
10001,3wz8,1,0,10,0.66455078125,0,-510133.21142446116,-462323.9314241536,-47832.826168972664,542.987548729941,
10002,3wz8,2,0,10,0.66455078125,0,-510136.2884568782,-462323.9314241536,-47833.168665963894,479.92766374809713,
10003,3wz8,3,0,10,0.66455078125,0,-510141.6629166814,-462323.9314241536,-47833.158167261296,355.74757056008633,
10004,3wz8,4,0,10,0.66455078125,0,-510030.21898861846,-462323.9314241536,-47833.68279572169,2937.803823791209,
10005,3wz8,5,0,10,0.66455078125,0,-509986.7302402319,-462323.9314241536,-47833.674822587185,3940.494321203673,
10006,3wz8,6,0,10,0.66455078125,0,-510016.0923636319,-462323.9314241536,-47833.66223062921,3263.097292680938,
10007,3wz8,7,0,10,0.66455078125,0,-509913.35456839815,-462323.9314241536,-47833.65533437174,5632.1281022053145,
10008,3wz8,8,0,10,0.66455078125,0,-509974.40941885737,-462323.9314241536,-47833.67563189904,4224.637874998405,
10009,3wz8,9,0,10,0.66455078125,0,-510008.98428849,-462323.9314241536,-47833.66233243387,3427.015747144413,
10010,3wz8,10,0,10,0.66455078125,0,-510007.69048978994,-462323.9314241536,-47833.87972189832,3461.864574093912,
10011,3wz8,11,0,10,0.66455078125,0,-509976.73358250275,-462323.9314241536,-47833.661698538475,4170.720077160032,
10012,3wz8,12,0,10,0.66455078125,0,-510008.02067547163,-462323.9314241536,-47833.67886217276,3449.6183760795498,
10013,3wz8,13,0,10,0.66455078125,0,-509892.4530319186,-462323.9314241536,-47833.72694011372,6115.780251562862,
10014,3wz8,14,0,10,0.66455078125,0,-509826.762969798,-462323.9314241536,-47833.661917168385,7629.129606350739,
10015,3wz8,15,0,10,0.66455078125,0,-510052.86192864797,-462323.9314241536,-47833.87762751024,2420.1381499939275,
10016,3wz8,16,0,10,0.66455078125,0,-510020.6199594202,-462323.9314241536,-47833.853401798406,3163.0969653381944,
10017,3wz8,17,0,10,0.66455078125,0,-510007.9620410265,-462323.9314241536,-47833.7785142247,3453.268549416165,
10018,3wz8,18,0,10,0.66455078125,0,-509955.89218867436,-462323.9314241536,-47833.876657861954,4656.291116157158,
10019,3wz8,19,0,10,0.66455078125,0,-509917.45224421343,-462323.9314241536,-47833.65971787613,5537.734539085281,
10020,3wz8,20,0,10,0.66455078125,0,-509987.1691409411,-462323.9314241536,-47833.83598335425,3934.0894859833284,
10021,3wz8,21,0,10,0.66455078125,0,-510106.7156407,-462323.9314241536,-47833.8665216152,1177.985939337449,
10022,3wz8,22,0,10,0.66455078125,0,-510057.3221013756,-462323.9314241536,-47833.86248709608,2316.9349772301957,
10023,3wz8,23,0,10,0.66455078125,0,-509988.626213065,-462323.9314241536,-47833.86887438934,3901.2470898658084,
10024,3wz8,24,0,10,0.66455078125,0,-509994.57084748766,-462323.9314241536,-47833.86067690293,3763.9715248989487,
10025,3wz8,25,0,10,0.66455078125,0,-510053.6148633124,-462323.9314241536,-47833.53776796501,2394.937716853028,
10026,3wz8,26,0,10,0.66455078125,0,-509950.6851291121,-462323.9314241536,-47833.86312623668,4776.0567155578565,
10027,3wz8,27,0,10,0.66455078125,0,-510004.2039189102,-462323.9314241536,-47833.6914808337,3537.9258665570483,
10028,3wz8,28,0,10,0.66455078125,0,-510018.2756589415,-462323.9314241536,-47833.52065362374,3209.484463459058,
10029,3wz8,29,0,10,0.66455078125,0,-510036.0934833201,-462323.9314241536,-47833.87778701227,2806.831363726756,
10030,3wz8,30,0,10,0.66455078125,0,-510029.4401566596,-462323.9314241536,-47833.87181951452,2960.1231076468457,
10031,3wz8,31,0,10,0.66455078125,0,-509907.4180436196,-462323.9314241536,-47833.67785908623,5769.547048064544,
10032,3wz8,32,0,10,0.66455078125,0,-509942.96697773656,-462323.9314241536,-47833.83993603627,4953.5067357914395,
10033,3wz8,33,0,10,0.66455078125,0,-509984.1037596227,-462323.9314241536,-47833.71141220968,4001.9061796575375,
10034,3wz8,34,0,10,0.66455078125,0,-510005.04082693777,-462323.9314241536,-47833.71149416614,3519.0878273670037,
10035,3wz8,35,0,10,0.66455078125,0,-509995.06148473045,-462323.9314241536,-47833.650428134635,3747.8087095164587,
10036,3wz8,36,0,10,0.66455078125,0,-510014.0521652909,-462323.9314241536,-47833.69108648936,3310.810816049543,
10037,3wz8,37,0,10,0.66455078125,0,-510078.1682988765,-462323.9314241536,-47833.83841474693,1835.6551211157134,
10038,3wz8,38,0,10,0.66455078125,0,-510062.2878693553,-462323.9314241536,-47833.723839957005,2199.2243682368685,
10039,3wz8,39,0,10,0.66455078125,0,-510030.62038483337,-462323.9314241536,-47833.67853059216,2928.449050954865,
10040,3wz8,40,0,10,0.66455078125,0,-510041.18331125996,-462323.9314241536,-47833.709269363084,2685.5710337604,
10041,3wz8,41,0,10,0.66455078125,0,-510052.551788366,-462323.9314241536,-47833.67890699547,2422.707550864709,
10042,3wz8,42,0,10,0.66455078125,0,-510045.42578280583,-462323.9314241536,-47833.90407045532,2592.2295356616205,
10043,3wz8,43,0,10,0.66455078125,0,-510024.0192646595,-462323.9314241536,-47833.73685063761,3082.019390657694,
10044,3wz8,44,0,10,0.66455078125,0,-510013.357471353,-462323.9314241536,-47833.876397985616,3331.1042234550896,
10045,3wz8,45,0,10,0.66455078125,0,-510037.83773324505,-462323.9314241536,-47833.83711774986,2765.6701494326585,
10046,3wz8,46,0,10,0.66455078125,0,-509947.70587151364,-462323.9314241536,-47833.84214695144,4844.276234096171,
10047,3wz8,47,0,10,0.66455078125,0,-509956.5690295162,-462323.9314241536,-47833.836265701466,4639.751330201534,
10048,3wz8,48,0,10,0.66455078125,0,-510037.6852619859,-462323.9314241536,-47833.71084757487,2766.274360786342,
10049,3wz8,49,0,10,0.66455078125,0,-510013.1836060645,-462323.9314241536,-47833.66050340574,3330.1350049723496,
10050,3wz8,50,0,10,0.66455078125,0,-510028.3301066072,-462323.9314241536,-47833.80005582023,2984.066559870106,
10051,3wz8,51,0,10,0.66455078125,0,-509984.570500082,-462323.9314241536,-47833.496224958115,3986.180553064923,
10052,3wz8,52,0,10,0.66455078125,0,-509981.33212721965,-462323.9314241536,-47833.83945842425,4068.7743571131186,
10053,3wz8,53,0,10,0.66455078125,0,-510016.02586222306,-462323.9314241536,-47833.83888425272,3268.704580934091,
10054,3wz8,54,0,10,0.66455078125,0,-509942.70386949787,-462323.9314241536,-47833.68521763731,4956.006264874973,
10055,3wz8,55,0,10,0.66455078125,0,-510044.0620636405,-462323.9314241536,-47833.84515776079,2622.319087691164,
10056,3wz8,56,0,10,0.66455078125,0,-510098.81577471516,-462323.9314241536,-47833.62909157912,1354.6859100332517,
10057,3wz8,57,0,10,0.66455078125,0,-510061.10020203004,-462323.9314241536,-47833.69800205868,2226.0167913075697,
10058,3wz8,58,0,10,0.66455078125,0,-510035.8618484201,-462323.9314241536,-47833.65549268175,2807.0467623753166,
10059,3wz8,59,0,10,0.66455078125,0,-509956.63887906686,-462323.9314241536,-47833.87576927586,4639.051535364231,
10060,3wz8,60,0,10,0.66455078125,0,-509939.65346782526,-462323.9314241536,-47833.70224459807,5026.742849591741,
10061,3wz8,61,0,10,0.66455078125,0,-510143.3039932909,-462323.9314241536,-47831.795592564755,286.481725950808,
10062,3wz8,62,0,10,0.66455078125,0,-509903.8981745304,-462323.9314241536,-47833.83786864925,5854.407065734589,
10063,3wz8,63,0,10,0.66455078125,0,-510010.4011684718,-462323.9314241536,-47833.733177918606,3395.9754542441597,
10064,3wz8,64,0,10,0.66455078125,0,-509968.7238285753,-462323.9314241536,-47833.841470259824,4359.575025094739,
10065,3wz8,65,0,10,0.66455078125,0,-509990.1657031985,-462323.9314241536,-47833.84102984112,3865.10349347074,
10066,3wz8,66,0,10,0.66455078125,0,-510016.15933441237,-462323.9314241536,-47833.71493609596,3262.768326731013,
10067,3wz8,67,0,10,0.66455078125,0,-509957.0277049901,-462323.9314241536,-47833.84167184275,4629.298691075867,
10068,3wz8,68,0,10,0.66455078125,0,-509999.11719729623,-462323.9314241536,-47833.85119743983,3658.9116060713727,
10069,3wz8,69,0,10,0.66455078125,0,-510019.7465699972,-462323.9314241536,-47833.85210170191,3183.2078229634694,
10070,3wz8,70,0,10,0.66455078125,0,-509976.9788455577,-462323.9314241536,-47833.65163316179,4164.832063649387,
10071,3wz8,71,0,10,0.66455078125,0,-510001.9045682164,-462323.9314241536,-47833.84149326723,3594.4095221085336,
10072,3wz8,72,0,10,0.66455078125,0,-510107.6985696914,-462323.9314241536,-47830.34485729376,1074.1075497898364,
10073,3wz8,73,0,10,0.66455078125,0,-510127.8863506378,-462323.9314241536,-47828.72978754681,571.3218685310367,
10074,3wz8,74,0,10,0.66455078125,0,-510100.8887743415,-462323.9314241536,-47831.345339853055,1254.2168370850466,
10075,3wz8,75,0,10,0.66455078125,0,-510124.99701756856,-462323.9314241536,-47828.7730949704,638.9501648865963,
10076,3wz8,76,0,10,0.66455078125,0,-510117.82632797083,-462323.9314241536,-47831.92816789786,877.067905486268,
10077,3wz8,77,0,10,0.66455078125,0,-510117.9388120236,-462323.9314241536,-47830.86321480911,849.9155599666269,
10078,3wz8,78,0,10,0.66455078125,0,-510125.8835909279,-462323.9314241536,-47831.34640141178,677.8471538031083,
10079,3wz8,79,0,10,0.66455078125,0,-510098.3109501662,-462323.9314241536,-47829.57811816376,1272.9097744851283,
10080,3wz8,80,0,10,0.66455078125,0,-510126.74091540894,-462323.9314241536,-47830.61482365767,641.2061978106398,
10081,3wz8,81,0,10,0.66455078125,0,-510111.0625071288,-462323.9314241536,-47831.577650505715,1024.9621964445207,
10082,3wz8,82,0,10,0.66455078125,0,-510098.5903075399,-462323.9314241536,-47830.95398219276,1298.1958186560119,
10083,3wz8,83,0,10,0.66455078125,0,-510114.76722451166,-462323.9314241536,-47831.56456138535,939.2275417521894,
10084,3wz8,84,0,10,0.66455078125,0,-510123.27949542424,-462323.9314241536,-47830.88328929583,727.219403619318,
10085,3wz8,85,0,10,0.66455078125,0,-510077.1439597071,-462323.9314241536,-47831.38268675249,1802.6465106511637,
10086,3wz8,86,0,10,0.66455078125,0,-510147.571140519,-462323.9314241536,-47830.88464184452,167.07195054104037,
10087,3wz8,87,0,10,0.66455078125,0,-510125.43160625413,-462323.9314241536,-47830.61794622584,671.4715923327034,
10088,3wz8,88,0,10,0.66455078125,0,-510079.62915513536,-462323.9314241536,-47830.46219976584,1724.109608426439,
10089,3wz8,89,0,10,0.66455078125,0,-510136.51722647867,-462323.9314241536,-47830.81138225239,420.29185765521055,
10090,3wz8,90,0,10,0.66455078125,0,-510090.2923775078,-462323.9314241536,-47831.76769216705,1508.3152288394465,
10091,3wz8,91,0,10,0.66455078125,0,-510130.79798164085,-462323.9314241536,-47831.75122900646,573.8541578185371,
10092,3wz8,92,0,10,0.66455078125,0,-510111.97259444615,-462323.9314241536,-47831.60826821963,1004.6811455890232,
10093,3wz8,93,0,10,0.66455078125,0,-510092.7993343236,-462323.9314241536,-47831.83799405735,1452.1246313824206,
10094,3wz8,94,0,10,0.66455078125,0,-510145.09982240817,-462323.9314241536,-47831.52505345989,238.83014272792687,
10095,3wz8,95,0,10,0.66455078125,0,-510113.26102145633,-462323.9314241536,-47829.53711887045,927.2074742635042,
10096,3wz8,96,0,10,0.66455078125,0,-510130.666446841,-462323.9314241536,-47831.467939991155,570.3546224750592,
10097,3wz8,97,0,10,0.66455078125,0,-510137.8715210469,-462323.9314241536,-47833.28261973303,446.04917311064406,
10098,3wz8,98,0,10,0.66455078125,0,-510127.3918095888,-462323.9314241536,-47822.195561978704,432.04343479650606,
10099,3wz8,99,0,10,0.66455078125,0,-510133.27186649165,-462323.9314241536,-47833.340992469006,553.465834256606,
10100,3wz8,100,0,10,0.66455078125,0,-510139.36361204705,-462323.9314241536,-47833.50420309941,416.7505710531821,
11001,1ps3,1,0,11,0.420654296875,0,-486088.55895113957,-462323.9314241536,-23767.713438449424,71.16280890456234,
11002,1ps3,2,0,11,0.420654296875,0,-486089.1788241418,-462323.9314241536,-23767.950999496516,62.34648577688518,
11003,1ps3,3,0,11,0.420654296875,0,-486060.68102146673,-462323.9314241536,-23767.818606434397,716.4683708912581,
11004,1ps3,4,0,11,0.420654296875,0,-486054.03090079146,-462323.9314241536,-23767.830171881255,870.090502343209,
11005,1ps3,5,0,11,0.420654296875,0,-486066.36634728324,-462323.9314241536,-23767.85911047272,586.2956882801368,
11006,1ps3,6,0,11,0.420654296875,0,-486063.46087551134,-462323.9314241536,-23767.829705474905,652.619363687922,
11007,1ps3,7,0,11,0.420654296875,0,-486049.28823629016,-462323.9314241536,-23767.80312055164,978.835125439688,
11008,1ps3,8,0,11,0.420654296875,0,-486079.64091999835,-462323.9314241536,-23767.814463315543,279.1471813488305,
11009,1ps3,9,0,11,0.420654296875,0,-486056.78905771684,-462323.9314241536,-23767.807207820933,805.956328829673,
11010,1ps3,10,0,11,0.420654296875,0,-486057.91619236785,-462323.9314241536,-23767.8084224444,779.991996181179,
11011,1ps3,11,0,11,0.420654296875,0,-486066.37588919693,-462323.9314241536,-23767.813592730097,585.0259824421408,
11012,1ps3,12,0,11,0.420654296875,0,-486059.8261309565,-462323.9314241536,-23767.853015182547,736.9760989743318,
11013,1ps3,13,0,11,0.420654296875,0,-486047.3544289024,-462323.9314241536,-23767.85457312874,1024.616307815854,
11014,1ps3,14,0,11,0.420654296875,0,-486076.5804646315,-462323.9314241536,-23767.812981842093,349.68879513026894,
11015,1ps3,15,0,11,0.420654296875,0,-486068.0409546345,-462323.9314241536,-23767.817157445486,546.7108655680183,
11016,1ps3,16,0,11,0.420654296875,0,-486061.6732379944,-462323.9314241536,-23767.827208993967,693.7856939337959,
11017,1ps3,17,0,11,0.420654296875,0,-486052.1557976158,-462323.9314241536,-23767.83233058266,913.3811896494117,
11018,1ps3,18,0,11,0.420654296875,0,-486046.4184252323,-462323.9314241536,-23767.81831192785,1045.3648620622207,
11019,1ps3,19,0,11,0.420654296875,0,-486064.0257600694,-462323.9314241536,-23767.81704634243,639.3008897887365,
11020,1ps3,20,0,11,0.420654296875,0,-486080.225927517,-462323.9314241536,-23767.81881123596,265.7568529105736,
11021,1ps3,21,0,11,0.420654296875,0,-486083.8764977903,-462323.9314241536,-23767.859420834106,182.50918209490706,
11022,1ps3,22,0,11,0.420654296875,0,-486068.93701832014,-462323.9314241536,-23767.821506617598,526.1474403773108,
11023,1ps3,23,0,11,0.420654296875,0,-486075.31296582514,-462323.9314241536,-23767.857583938177,379.9465607494976,
11024,1ps3,24,0,11,0.420654296875,0,-486061.86266380554,-462323.9314241536,-23767.804499683913,688.8937418242024,
11025,1ps3,25,0,11,0.420654296875,0,-486064.29133144027,-462323.9314241536,-23767.83158367687,633.5119073839907,
11026,1ps3,26,0,11,0.420654296875,0,-486077.2381308527,-462323.9314241536,-23767.854021249346,335.4690429935431,
11027,1ps3,27,0,11,0.420654296875,0,-486076.0894818007,-462323.9314241536,-23767.812424240645,360.99826958943464,
11028,1ps3,28,0,11,0.420654296875,0,-486078.5871194603,-462323.9314241536,-23767.816830215983,303.5029810816459,
11029,1ps3,29,0,11,0.420654296875,0,-486088.3584291489,-462323.9314241536,-23767.64378529602,74.18071598554751,
11030,1ps3,30,0,11,0.420654296875,0,-486072.67014980334,-462323.9314241536,-23767.827809033923,440.20472042415406,
11031,1ps3,31,0,11,0.420654296875,0,-486080.18871846783,-462323.9314241536,-23767.81777441316,266.59100426665975,
11032,1ps3,32,0,11,0.420654296875,0,-486078.8817293794,-462323.9314241536,-23767.810717700057,296.5681569842377,
11033,1ps3,33,0,11,0.420654296875,0,-486077.8720267416,-462323.9314241536,-23767.814955113452,319.9501700320179,
11034,1ps3,34,0,11,0.420654296875,0,-486061.8748210819,-462323.9314241536,-23767.81306391769,688.810884294512,
11035,1ps3,35,0,11,0.420654296875,0,-486081.63156794,-462323.9314241536,-23767.848260758452,234.02113682517995,
11036,1ps3,36,0,11,0.420654296875,0,-486079.1167719217,-462323.9314241536,-23767.82575267368,291.4946619242317,
11037,1ps3,37,0,11,0.420654296875,0,-486078.3675596716,-462323.9314241536,-23767.816181419414,308.5511884864146,
11038,1ps3,38,0,11,0.420654296875,0,-486080.8688375206,-462323.9314241536,-23767.803335426386,250.57411537478072,
11039,1ps3,39,0,11,0.420654296875,0,-486064.3182392268,-462323.9314241536,-23767.821864185866,632.6672622979759,
11040,1ps3,40,0,11,0.420654296875,0,-486079.7379026564,-462323.9314241536,-23767.826629458006,277.19126603488365,
11041,1ps3,41,0,11,0.420654296875,0,-486076.5375534148,-462323.9314241536,-23767.826874313872,350.99871930482345,
11042,1ps3,42,0,11,0.420654296875,0,-486050.6142082365,-462323.9314241536,-23767.850527284678,949.3507111834246,
11043,1ps3,43,0,11,0.420654296875,0,-486064.9499160349,-462323.9314241536,-23767.851617930464,618.786586702721,
11044,1ps3,44,0,11,0.420654296875,0,-486076.08661009383,-462323.9314241536,-23767.839304504923,361.68436634267675,
11045,1ps3,45,0,11,0.420654296875,0,-486085.1417437346,-462323.9314241536,-23767.858707962554,153.31547826991377,
11046,1ps3,46,0,11,0.420654296875,0,-486082.4562647195,-462323.9314241536,-23767.824495671328,214.45514136781043,
11047,1ps3,47,0,11,0.420654296875,0,-486047.03851690877,-462323.9314241536,-23767.84961861187,1031.7871575815996,
11048,1ps3,48,0,11,0.420654296875,0,-486079.9435471745,-462323.9314241536,-23767.855135915812,273.1063653219896,
11049,1ps3,49,0,11,0.420654296875,0,-486082.28437109303,-462323.9314241536,-23767.80459582619,217.9602012317505,
11050,1ps3,50,0,11,0.420654296875,0,-486083.50218088937,-462323.9314241536,-23767.86690056139,191.31362150092343,
11051,1ps3,51,0,11,0.420654296875,0,-486085.11826156074,-462323.9314241536,-23767.85867297464,153.85618322278378,
11052,1ps3,52,0,11,0.420654296875,0,-486083.9045611621,-462323.9314241536,-23767.81691717916,180.88186779854433,
11053,1ps3,53,0,11,0.420654296875,0,-486081.122150913,-462323.9314241536,-23767.863653121512,246.12352886667946,
11054,1ps3,54,0,11,0.420654296875,0,-486071.7562573255,-462323.9314241536,-23767.830770788725,461.34788130899733,
11055,1ps3,55,0,11,0.420654296875,0,-486081.9556799977,-462323.9314241536,-23767.85189902597,226.63083565853344,
11056,1ps3,56,0,11,0.420654296875,0,-486081.2256873848,-462323.9314241536,-23767.82462376171,242.83588268838614,
11057,1ps3,57,0,11,0.420654296875,0,-486077.80959407997,-462323.9314241536,-23767.814052818354,321.36909399298366,
11058,1ps3,58,0,11,0.420654296875,0,-486075.46013017016,-462323.9314241536,-23767.824489651255,375.7896979457009,
11059,1ps3,59,0,11,0.420654296875,0,-486073.87192527944,-462323.9314241536,-23767.857567964133,413.17737680929525,
11060,1ps3,60,0,11,0.420654296875,0,-486069.6944069565,-462323.9314241536,-23767.85374802166,509.42514794277156,
11061,1ps3,61,0,11,0.420654296875,0,-486069.71774441015,-462323.9314241536,-23767.807143269118,507.8122423512589,
11062,1ps3,62,0,11,0.420654296875,0,-486082.8864899428,-462323.9314241536,-23767.85342567974,205.20105387060798,
11063,1ps3,63,0,11,0.420654296875,0,-486080.3929936885,-462323.9314241536,-23767.861165402464,262.8809257535635,
11064,1ps3,64,0,11,0.420654296875,0,-486081.72935313,-462323.9314241536,-23767.82917362266,231.3259969666294,
11065,1ps3,65,0,11,0.420654296875,0,-486083.73163865524,-462323.9314241536,-23767.817801533263,184.88994922932164,
11066,1ps3,66,0,11,0.420654296875,0,-486072.2964821608,-462323.9314241536,-23767.82890760713,448.8470346675319,
11067,1ps3,67,0,11,0.420654296875,0,-486070.75514239067,-462323.9314241536,-23767.81962680631,484.1771538087418,
11068,1ps3,68,0,11,0.420654296875,0,-486063.6316984148,-462323.9314241536,-23767.856266794737,649.2926125386393,
11069,1ps3,69,0,11,0.420654296875,0,-486071.72060871136,-462323.9314241536,-23767.813251851137,461.765961582934,
11070,1ps3,70,0,11,0.420654296875,0,-486062.7412110122,-462323.9314241536,-23767.815442143015,668.8863010456076,
11071,1ps3,71,0,11,0.420654296875,0,-486079.34347306186,-462323.9314241536,-23767.85263663345,286.8867682782216,
11072,1ps3,72,0,11,0.420654296875,0,-486055.7563572676,-462323.9314241536,-23767.86617040449,831.1306764121233,
11073,1ps3,73,0,11,0.420654296875,0,-486053.63750495034,-462323.9314241536,-23767.821438847106,878.9610374020749,
11074,1ps3,74,0,11,0.420654296875,0,-486084.28220722097,-462323.9314241536,-23767.715400157507,169.83210466181265,
11075,1ps3,75,0,11,0.420654296875,0,-486068.48845420766,-462323.9314241536,-23767.821546671923,536.4924982228724,
11076,1ps3,76,0,11,0.420654296875,0,-486076.8575734349,-462323.9314241536,-23767.838001487788,343.8754810516191,
11077,1ps3,77,0,11,0.420654296875,0,-486075.85340936494,-462323.9314241536,-23767.834434269007,366.94979259716087,
11078,1ps3,78,0,11,0.420654296875,0,-486067.23700274545,-462323.9314241536,-23767.806280789904,564.9996149225348,
11079,1ps3,79,0,11,0.420654296875,0,-486067.58902190614,-462323.9314241536,-23767.81930506044,557.1822070436556,
11080,1ps3,80,0,11,0.420654296875,0,-486074.08939768386,-462323.9314241536,-23767.85951906257,408.207337424278,
11081,1ps3,81,0,11,0.420654296875,0,-486066.094886467,-462323.9314241536,-23767.854885874312,592.4583018640882,
11082,1ps3,82,0,11,0.420654296875,0,-486049.3759874107,-462323.9314241536,-23767.848114607867,977.8491241124498,
11083,1ps3,83,0,11,0.420654296875,0,-486076.5599070936,-462323.9314241536,-23767.815638897948,350.2241363800982,
11084,1ps3,84,0,11,0.420654296875,0,-486086.3417033406,-462323.9314241536,-23767.964096603926,128.07407218632278,
11085,1ps3,85,0,11,0.420654296875,0,-486059.3379953505,-462323.9314241536,-23767.81564223581,747.3709328397208,
11086,1ps3,86,0,11,0.420654296875,0,-486087.87037880736,-462323.9314241536,-23768.741223750643,110.74295620458902,
11087,1ps3,87,0,11,0.420654296875,0,-486088.61928337807,-462323.9314241536,-23768.76164215618,93.94366614879158,
11088,1ps3,88,0,11,0.420654296875,0,-486088.1291387827,-462323.9314241536,-23768.22479253822,92.86662274187034,
11089,1ps3,89,0,11,0.420654296875,0,-486085.69414952415,-462323.9314241536,-23768.426925240095,153.68009984495012,
11090,1ps3,90,0,11,0.420654296875,0,-486087.77377799165,-462323.9314241536,-23768.61289286428,110.01124339265024,
11091,1ps3,91,0,11,0.420654296875,0,-486090.04976180184,-462323.9314241536,-23768.37528592163,52.046463610135866,
11092,1ps3,92,0,11,0.420654296875,0,-486087.7215238662,-462323.9314241536,-23768.67323392444,112.60775005654064,
11093,1ps3,93,0,11,0.420654296875,0,-486088.57723855984,-462323.9314241536,-23768.49351179413,88.73000965168016,
11094,1ps3,94,0,11,0.420654296875,0,-486084.3902309091,-462323.9314241536,-23768.408316550787,183.32005086449914,
11095,1ps3,95,0,11,0.420654296875,0,-486088.7028533667,-462323.9314241536,-23768.66469919496,89.78093863523752,
11096,1ps3,96,0,11,0.420654296875,0,-486088.4975961299,-462323.9314241536,-23768.808533070616,97.83117093088235,
11097,1ps3,97,0,11,0.420654296875,0,-486084.22998128843,-462323.9314241536,-23768.156389532607,181.2059198543692,
11098,1ps3,98,0,11,0.420654296875,0,-486085.86136615294,-462323.9314241536,-23767.807816324766,135.54700202435913,
11099,1ps3,99,0,11,0.420654296875,0,-486088.7724965363,-462323.9314241536,-23767.835954723887,69.06362747610048,
11100,1ps3,100,0,11,0.420654296875,0,-486083.1266624779,-462323.9314241536,-23767.70868456178,196.32473416308153,
12001,3dx1,1,0,12,0.420654296875,1,-475337.4819789768,-462323.9314241536,-13013.74058855296,4.38228191483905,
12002,3dx1,2,0,12,0.420654296875,1,-475337.97583719494,-462323.9314241536,-13013.679887838376,-8.406150878033095,
12003,3dx1,3,0,12,0.420654296875,1,-475337.08222275367,-462323.9314241536,-13013.77501852036,14.394853329128628,
12004,3dx1,4,0,12,0.420654296875,1,-475337.7748047948,-462323.9314241536,-13013.188933498872,-15.091909628090361,
12005,3dx1,5,0,12,0.420654296875,1,-475338.29641551676,-462323.9314241536,-13013.376607127198,-22.792681947913124,
12006,3dx1,6,0,12,0.420654296875,1,-475337.95772811177,-462323.9314241536,-13013.421286888135,-13.952025081370303,
12007,3dx1,7,0,12,0.420654296875,1,-475330.9897014587,-462323.9314241536,-13013.178033299451,141.1249258194737,
12008,3dx1,8,0,12,0.420654296875,1,-475336.4002816767,-462323.9314241536,-13013.362773604405,20.61419455056722,
12009,3dx1,9,0,12,0.420654296875,1,-475322.3961871207,-462323.9314241536,-13013.17696685315,339.27148140855235,
12010,3dx1,10,0,12,0.420654296875,1,-475332.9768706352,-462323.9314241536,-13013.178530163777,95.31117394182431,
12011,3dx1,11,0,12,0.420654296875,1,-475328.47800605884,-462323.9314241536,-13013.177717573648,199.03871691437152,
12012,3dx1,12,0,12,0.420654296875,1,-475335.42180925014,-462323.9314241536,-13013.176785297406,38.88931249409837,
12013,3dx1,13,0,12,0.420654296875,1,-475337.17295431497,-462323.9314241536,-13013.1776757908,-1.4725167663034024,
12014,3dx1,14,0,12,0.420654296875,1,-475335.83952797356,-462323.9314241536,-13013.177912063611,29.282473738971518,
12015,3dx1,15,0,12,0.420654296875,1,-475336.6755713164,-462323.9314241536,-13013.176496930135,9.970222489918141,
12016,3dx1,16,0,12,0.420654296875,1,-475319.55378257635,-462323.9314241536,-13013.176208920491,404.8014090152419,
12017,3dx1,17,0,12,0.420654296875,1,-475315.3490075261,-462323.9314241536,-13013.179763383878,501.84779305086954,
12018,3dx1,18,0,12,0.420654296875,1,-475330.7119564355,-462323.9314241536,-13013.177868254197,147.52607217760567,
12019,3dx1,19,0,12,0.420654296875,1,-475332.630474755,-462323.9314241536,-13013.177817173017,103.28281074700705,
12020,3dx1,20,0,12,0.420654296875,1,-475337.0241079271,-462323.9314241536,-13013.178179628861,1.9715812621640887,
12021,3dx1,21,0,12,0.420654296875,1,-475333.53831296565,-462323.9314241536,-13013.17568010808,82.2982823799161,
12022,3dx1,22,0,12,0.420654296875,1,-475335.5288774014,-462323.9314241536,-13013.176389760984,36.41114098479921,
12023,3dx1,23,0,12,0.420654296875,1,-475337.55019205203,-462323.9314241536,-13013.178866989618,-10.144355948013871,
12024,3dx1,24,0,12,0.420654296875,1,-475336.2187876642,-462323.9314241536,-13013.17433650018,20.454083051170624,
12025,3dx1,25,0,12,0.420654296875,1,-475337.7427309692,-462323.9314241536,-13013.17809534789,-14.602203337891785,
12026,3dx1,26,0,12,0.420654296875,1,-475333.9857926906,-462323.9314241536,-13013.180621690763,72.09311038348251,
12027,3dx1,27,0,12,0.420654296875,1,-475335.5327671557,-462323.9314241536,-13013.176722533708,36.329115041087704,
12028,3dx1,28,0,12,0.420654296875,1,-475336.79634647974,-462323.9314241536,-13013.177931613935,7.218165653159684,
12029,3dx1,29,0,12,0.420654296875,1,-475337.1333119065,-462323.9314241536,-13013.179315156945,-0.5205364277668205,
12030,3dx1,30,0,12,0.420654296875,1,-475335.8394221008,-462323.9314241536,-13013.176539547456,29.253264248147083,
12031,3dx1,31,0,12,0.420654296875,1,-475337.03030292084,-462323.9314241536,-13013.178582079416,1.8380020430337536,
12032,3dx1,32,0,12,0.420654296875,1,-475336.8904111326,-462323.9314241536,-13013.177425034059,5.037301217215786,
12033,3dx1,33,0,12,0.420654296875,1,-475335.9494583548,-462323.9314241536,-13013.175822324765,26.699228401808377,
12034,3dx1,34,0,12,0.420654296875,1,-475335.9222581924,-462323.9314241536,-13013.17734498502,27.361592427731935,
12035,3dx1,35,0,12,0.420654296875,1,-475336.28028481593,-462323.9314241536,-13013.176602847589,19.088188254943095,
12036,3dx1,36,0,12,0.420654296875,1,-475337.34800359013,-462323.9314241536,-13013.180862255109,-5.435767336217761,
12037,3dx1,37,0,12,0.420654296875,1,-475335.4333366693,-462323.9314241536,-13013.178276426805,38.65787015427348,
12038,3dx1,38,0,12,0.420654296875,1,-475335.58293248125,-462323.9314241536,-13013.178872473252,35.221853934856256,
12039,3dx1,39,0,12,0.420654296875,1,-475337.76525681606,-462323.9314241536,-13013.177866823686,-15.126931599757777,
12040,3dx1,40,0,12,0.420654296875,1,-475336.79797154065,-462323.9314241536,-13013.176779217732,7.154115970377329,
12041,3dx1,41,0,12,0.420654296875,1,-475336.63680728676,-462323.9314241536,-13013.176295168412,10.859489513336442,
12042,3dx1,42,0,12,0.420654296875,1,-475335.3289852679,-462323.9314241536,-13013.178818531049,41.076771858009536,
12043,3dx1,43,0,12,0.420654296875,1,-475335.97457724204,-462323.9314241536,-13013.175516731744,26.112925958452994,
12044,3dx1,44,0,12,0.420654296875,1,-475335.0442860663,-462323.9314241536,-13013.175093538774,47.55619105094142,
12045,3dx1,45,0,12,0.420654296875,1,-475335.54214929946,-462323.9314241536,-13013.177442677033,36.12936456503619,
12046,3dx1,46,0,12,0.420654296875,1,-475334.73999717244,-462323.9314241536,-13013.1769558859,54.61620638756052,
12047,3dx1,47,0,12,0.420654296875,1,-475332.6565082012,-462323.9314241536,-13013.178506798757,102.69836836324717,
12048,3dx1,48,0,12,0.420654296875,1,-475332.39349761006,-462323.9314241536,-13013.17805988313,108.75323056128835,
12049,3dx1,49,0,12,0.420654296875,1,-475337.51443404856,-462323.9314241536,-13013.177032775891,-9.362054771895544,
12050,3dx1,50,0,12,0.420654296875,1,-475335.9347747058,-462323.9314241536,-13013.178606398118,27.102043648666037,
12051,3dx1,51,0,12,0.420654296875,1,-475332.2236219137,-462323.9314241536,-13013.17764473678,112.66108368016945,
12052,3dx1,52,0,12,0.420654296875,1,-475328.6774474472,-462323.9314241536,-13013.17762023927,194.43724465448545,
12053,3dx1,53,0,12,0.420654296875,1,-475335.77936095896,-462323.9314241536,-13013.175840623388,30.622189510601082,
12054,3dx1,54,0,12,0.420654296875,1,-475333.43742522004,-462323.9314241536,-13013.175732738984,84.62602276078375,
12055,3dx1,55,0,12,0.420654296875,1,-475335.13544348767,-462323.9314241536,-13013.177441604143,45.50819864945976,
12056,3dx1,56,0,12,0.420654296875,1,-475329.7630770147,-462323.9314241536,-13013.177385754598,169.39662474172007,
12057,3dx1,57,0,12,0.420654296875,1,-475335.9610574782,-462323.9314241536,-13013.177831954968,26.47808943481832,
12058,3dx1,58,0,12,0.420654296875,1,-475334.8975561947,-462323.9314241536,-13013.17563951732,50.952452838238855,
12059,3dx1,59,0,12,0.420654296875,1,-475335.24106731405,-462323.9314241536,-13013.1772369218,43.067735262107846,
12060,3dx1,60,0,12,0.420654296875,1,-475336.5660682112,-462323.9314241536,-13013.176661915792,12.499228743837056,
12061,3dx1,61,0,12,0.420654296875,1,-475328.18617572787,-462323.9314241536,-13013.174988098153,205.70554101995182,
12062,3dx1,62,0,12,0.420654296875,1,-475328.54260423186,-462323.9314241536,-13013.177328116906,197.54006656986567,
12063,3dx1,63,0,12,0.420654296875,1,-475327.5740811764,-462323.9314241536,-13013.178903348451,219.91106451708376,
12064,3dx1,64,0,12,0.420654296875,1,-475329.4217909515,-462323.9314241536,-13013.178097434056,177.28328004413083,
12065,3dx1,65,0,12,0.420654296875,1,-475330.95209642657,-462323.9314241536,-13013.176623888025,141.9596166624257,
12066,3dx1,66,0,12,0.420654296875,1,-475321.9905798972,-462323.9314241536,-13013.176295824063,348.6095318884043,
12067,3dx1,67,0,12,0.420654296875,1,-475311.3735710322,-462323.9314241536,-13013.177748448854,593.4770709612134,
12068,3dx1,68,0,12,0.420654296875,1,-475327.9020465255,-462323.9314241536,-13013.177056140912,212.30540628013998,
12069,3dx1,69,0,12,0.420654296875,1,-475328.5235087216,-462323.9314241536,-13013.179037935743,198.01984885626428,
12070,3dx1,70,0,12,0.420654296875,1,-475338.59897170373,-462323.9314241536,-13013.570494778169,-25.298637920079106,
12071,3dx1,71,0,12,0.420654296875,1,-475338.1471214532,-462323.9314241536,-13013.695441551214,-11.997382569186675,
12072,3dx1,72,0,12,0.420654296875,1,-475338.4459602476,-462323.9314241536,-13013.557987577928,-22.058532806702715,
12073,3dx1,73,0,12,0.420654296875,1,-475338.52889738383,-462323.9314241536,-13013.497144169816,-25.374190926697906,
12074,3dx1,74,0,12,0.420654296875,1,-475338.18875488045,-462323.9314241536,-13013.505601443065,-17.3352891039955,
12075,3dx1,75,0,12,0.420654296875,1,-475338.20621758094,-462323.9314241536,-13013.413870341783,-19.853357992536857,
12076,3dx1,76,0,12,0.420654296875,1,-475338.3797540456,-462323.9314241536,-13013.478427774919,-22.366474162193246,
12077,3dx1,77,0,12,0.420654296875,1,-475337.99644910695,-462323.9314241536,-13013.537806816114,-12.157939070577955,
12078,3dx1,78,0,12,0.420654296875,1,-475338.1430816144,-462323.9314241536,-13013.729000575555,-11.130332187487017,
12079,3dx1,79,0,12,0.420654296875,1,-475339.2180152922,-462323.9314241536,-13013.533503122335,-40.427170049774055,
12080,3dx1,80,0,12,0.420654296875,1,-475338.5560108215,-462323.9314241536,-13013.386004455102,-28.562384359586698,
12081,3dx1,81,0,12,0.420654296875,1,-475339.2298279047,-462323.9314241536,-13013.341736025819,-45.121829667586844,
12082,3dx1,82,0,12,0.420654296875,1,-475337.4834636242,-462323.9314241536,-13013.47143209697,-1.8588501946616807,
12083,3dx1,83,0,12,0.420654296875,1,-475339.2540504872,-462323.9314241536,-13013.472886867528,-42.65600543077496,
12084,3dx1,84,0,12,0.420654296875,1,-475338.40642350324,-462323.9314241536,-13013.672158814681,-18.51394255637646,
12085,3dx1,85,0,12,0.420654296875,1,-475338.1226451487,-462323.9314241536,-13013.625787980565,-13.039195076618515,
12086,3dx1,86,0,12,0.420654296875,1,-475338.75576307776,-462323.9314241536,-13013.08055145265,-40.21269439274263,
12087,3dx1,87,0,12,0.420654296875,1,-475337.98849287024,-462323.9314241536,-13013.413010962015,-14.852324655718236,
12088,3dx1,88,0,12,0.420654296875,1,-475338.91525433364,-462323.9314241536,-13013.431345052732,-35.80115753413992,
12089,3dx1,89,0,12,0.420654296875,1,-475338.2910727203,-462323.9314241536,-13013.274338878402,-25.02783597787089,
12090,3dx1,90,0,12,0.420654296875,1,-475338.13475655916,-462323.9314241536,-13013.818982369912,-8.86332238023447,
12091,3dx1,91,0,12,0.420654296875,1,-475338.16858460894,-462323.9314241536,-13013.689546532636,-12.628277056744512,
12092,3dx1,92,0,12,0.420654296875,1,-475337.8330208153,-462323.9314241536,-13013.572478301538,-7.589649685471475,
12093,3dx1,93,0,12,0.420654296875,1,-475338.4927926749,-462323.9314241536,-13013.347184963235,-27.99973801597404,
12094,3dx1,94,0,12,0.420654296875,1,-475337.584584111,-462323.9314241536,-13013.482892282022,-3.9264658715907688,
12095,3dx1,95,0,12,0.420654296875,1,-475338.3900534748,-462323.9314241536,-13012.741872913843,-39.58934324516857,
12096,3dx1,96,0,12,0.420654296875,1,-475337.40155837836,-462323.9314241536,-13013.399730033887,-1.6235592107038384,
12097,3dx1,97,0,12,0.420654296875,1,-475336.3153156579,-462323.9314241536,-13012.67727348925,6.765549297535114,
12098,3dx1,98,0,12,0.420654296875,1,-475337.63819281163,-462323.9314241536,-13013.72800893308,0.4898123791321695,
12099,3dx1,99,0,12,0.420654296875,1,-475338.89972234657,-462323.9314241536,-13013.78359229089,-27.319967119674928,
12100,3dx1,100,0,12,0.420654296875,1,-475337.12969280186,-462323.9314241536,-13013.564645714772,8.448855866878672,
13001,3dx2,1,0,13,0.420654296875,1,-489289.7626031285,-462323.9314241536,-26968.042340077587,50.99058637008782,
13002,3dx2,2,0,13,0.420654296875,1,-489289.46980961616,-462323.9314241536,-26966.86353740854,30.55872983355,
13003,3dx2,3,0,13,0.420654296875,1,-489289.7655974123,-462323.9314241536,-26968.15138909978,53.436266737466624,
13004,3dx2,4,0,13,0.420654296875,1,-489289.41143711866,-462323.9314241536,-26967.98663858337,57.80415996497401,
13005,3dx2,5,0,13,0.420654296875,1,-489288.9865153676,-462323.9314241536,-26967.20499897761,49.57805081508943,
13006,3dx2,6,0,13,0.420654296875,1,-489290.16993662174,-462323.9314241536,-26967.49585331244,28.99496867992592,
13007,3dx2,7,0,13,0.420654296875,1,-489287.3726345691,-462323.9314241536,-26967.55872023863,94.95203221922102,
13008,3dx2,8,0,13,0.420654296875,1,-489288.7971716916,-462323.9314241536,-26966.628329910465,40.64611510592289,
13009,3dx2,9,0,13,0.420654296875,1,-489289.0770332759,-462323.9314241536,-26968.07509074373,67.55545105002379,
13010,3dx2,10,0,13,0.420654296875,1,-489288.23774800653,-462323.9314241536,-26966.340441204735,46.90786048475783,
13011,3dx2,11,0,13,0.420654296875,1,-489289.2474497501,-462323.9314241536,-26967.459455050655,49.42865745000108,
13012,3dx2,12,0,13,0.420654296875,1,-489289.6858546978,-462323.9314241536,-26966.633294202515,20.267077430191538,
13013,3dx2,13,0,13,0.420654296875,1,-489284.56382846297,-462323.9314241536,-26964.817637540516,96.51377110965132,
13014,3dx2,14,0,13,0.420654296875,1,-489291.54028300405,-462323.9314241536,-26967.420772127934,-4.337382860536003,
13015,3dx2,15,0,13,0.420654296875,1,-489288.53425008984,-462323.9314241536,-26966.943663589784,53.980998673694984,
13016,3dx2,16,0,13,0.420654296875,1,-489288.60124742443,-462323.9314241536,-26966.351671137043,38.784333162976544,
13017,3dx2,17,0,13,0.420654296875,1,-489288.6121510809,-462323.9314241536,-26965.5853526072,20.86116376016494,
13018,3dx2,18,0,13,0.420654296875,1,-489279.95593127067,-462323.9314241536,-26963.893792338797,181.470028248866,
13019,3dx2,19,0,13,0.420654296875,1,-489290.50384261645,-462323.9314241536,-26967.317408330866,17.179874485068158,
13020,3dx2,20,0,13,0.420654296875,1,-489289.4813359028,-462323.9314241536,-26967.088819123932,35.48804712189809,
13021,3dx2,21,0,13,0.420654296875,1,-489287.25086461956,-462323.9314241536,-26967.083127506194,86.79268501115102,
13022,3dx2,22,0,13,0.420654296875,1,-489289.9298438525,-462323.9314241536,-26967.033310659357,23.865152494210847,
13023,3dx2,23,0,13,0.420654296875,1,-489287.96181675233,-462323.9314241536,-26964.82691542072,18.368252635121344,
13024,3dx2,24,0,13,0.420654296875,1,-489287.4986955172,-462323.9314241536,-26966.19298068447,60.55029538388776,
13025,3dx2,25,0,13,0.420654296875,1,-489288.56941073586,-462323.9314241536,-26965.50895414513,20.084989142999564,
13026,3dx2,26,0,13,0.420654296875,1,-489290.3810707873,-462323.9314241536,-26967.387190677353,21.620279261959304,
13027,3dx2,27,0,13,0.420654296875,1,-489288.4661061261,-462323.9314241536,-26967.032243736216,57.59514251288496,
13028,3dx2,28,0,13,0.420654296875,1,-489290.3800326085,-462323.9314241536,-26967.92003224058,33.93183858883989,
13029,3dx2,29,0,13,0.420654296875,1,-489289.58957215596,-462323.9314241536,-26967.035104908176,31.75338058762432,
13030,3dx2,30,0,13,0.420654296875,1,-489288.1051339751,-462323.9314241536,-26964.248032875486,1.7139303418351939,
13031,3dx2,31,0,13,0.420654296875,1,-489287.1530941073,-462323.9314241536,-26965.2326056735,46.37327935154094,
13032,3dx2,32,0,13,0.420654296875,1,-489289.8258428222,-462323.9314241536,-26967.94672272367,47.32725582530725,
13033,3dx2,33,0,13,0.420654296875,1,-489290.77810878505,-462323.9314241536,-26967.09497300547,5.7256659254497855,
13034,3dx2,34,0,13,0.420654296875,1,-489287.72962176264,-462323.9314241536,-26967.172134675213,77.80483709236553,
13035,3dx2,35,0,13,0.420654296875,1,-489290.13994222315,-462323.9314241536,-26967.30222574634,25.22149819386622,
13036,3dx2,36,0,13,0.420654296875,1,-489288.4602390474,-462323.9314241536,-26967.03495914502,57.79305937576585,
13037,3dx2,37,0,13,0.420654296875,1,-489290.8762255406,-462323.9314241536,-26967.308367885766,8.38404263509561,
13038,3dx2,38,0,13,0.420654296875,1,-489289.48355581815,-462323.9314241536,-26967.189519859978,37.7590687983726,
13039,3dx2,39,0,13,0.420654296875,1,-489288.146975005,-462323.9314241536,-26967.637483514973,78.91164186221646,
13040,3dx2,40,0,13,0.420654296875,1,-489287.36005022586,-462323.9314241536,-26966.678560204935,74.94526151328493,
13041,3dx2,41,0,13,0.420654296875,1,-489288.35177391226,-462323.9314241536,-26964.670609943696,5.771136967532159,
13042,3dx2,42,0,13,0.420654296875,1,-489282.14786162437,-462323.9314241536,-26966.281523592897,185.9853042778434,
13043,3dx2,43,0,13,0.420654296875,1,-489283.88770484354,-462323.9314241536,-26967.267970778175,168.61157900289035,
13044,3dx2,44,0,13,0.420654296875,1,-489285.2378233766,-462323.9314241536,-26966.653329111763,123.30313244708012,
13045,3dx2,45,0,13,0.420654296875,1,-489287.9491200691,-462323.9314241536,-26967.72236845655,85.43177833019004,
13046,3dx2,46,0,13,0.420654296875,1,-489288.07909726555,-462323.9314241536,-26967.026405669876,66.38514984401152,
13047,3dx2,47,0,13,0.420654296875,1,-489289.3438970987,-462323.9314241536,-26967.46217188997,47.26718055753465,
13048,3dx2,48,0,13,0.420654296875,1,-489291.0323132819,-462323.9314241536,-26966.802841104694,-6.873150703800607,
13049,3dx2,49,0,13,0.420654296875,1,-489290.98222997243,-462323.9314241536,-26967.166349388786,2.6644980218815104,
13050,3dx2,50,0,13,0.420654296875,1,-489286.67903661187,-462323.9314241536,-26964.673279337712,44.40693317976469,
13051,3dx2,51,0,13,0.420654296875,1,-489291.56659659185,-462323.9314241536,-26967.736529506867,2.3373495293656523,
13052,3dx2,52,0,13,0.420654296875,1,-489285.7857898719,-462323.9314241536,-26967.869143404194,138.70406851701972,
13053,3dx2,53,0,13,0.420654296875,1,-489285.201482082,-462323.9314241536,-26966.804764725395,127.63337082057912,
13054,3dx2,54,0,13,0.420654296875,1,-489285.39247191907,-462323.9314241536,-26968.080183543392,152.64089720460623,
13055,3dx2,55,0,13,0.420654296875,1,-489283.4323451314,-462323.9314241536,-26967.201937414833,177.5896578907528,
13056,3dx2,56,0,13,0.420654296875,1,-489286.805849368,-462323.9314241536,-26966.800927288958,90.54728889814325,
13057,3dx2,57,0,13,0.420654296875,1,-489286.30190827895,-462323.9314241536,-26965.796295322605,79.00108297332368,
13058,3dx2,58,0,13,0.420654296875,1,-489285.4545213228,-462323.9314241536,-26965.85459733767,99.88676681387219,
13059,3dx2,59,0,13,0.420654296875,1,-489288.1858137492,-462323.9314241536,-26967.027726180975,63.95466097768906,
13060,3dx2,60,0,13,0.420654296875,1,-489292.39203303517,-462323.9314241536,-26967.749851890036,-16.390445598740133,
13061,3dx2,61,0,13,0.420654296875,1,-489285.85339709575,-462323.9314241536,-26966.335294701286,101.77361751891063,
13062,3dx2,62,0,13,0.420654296875,1,-489285.3194327003,-462323.9314241536,-26967.08566380305,131.3910515621947,
13063,3dx2,63,0,13,0.420654296875,1,-489278.80497693445,-462323.9314241536,-26968.07053337259,304.32960215598354,
13064,3dx2,64,0,13,0.420654296875,1,-489289.9982178157,-462323.9314241536,-26966.561482451983,11.407794500644867,
13065,3dx2,65,0,13,0.420654296875,1,-489290.30703785474,-462323.9314241536,-26966.837439902254,10.649965200632279,
13066,3dx2,66,0,13,0.420654296875,1,-489288.42772000487,-462323.9314241536,-26967.409295298286,67.17536307900036,
13067,3dx2,67,0,13,0.420654296875,1,-489291.3020383809,-462323.9314241536,-26967.779415764042,9.42718739226512,
13068,3dx2,68,0,13,0.420654296875,1,-489290.889004702,-462323.9314241536,-26966.436087168884,-12.025923020798047,
13069,3dx2,69,0,13,0.420654296875,1,-489287.0344901031,-462323.9314241536,-26965.55258581799,56.48727009034901,
13070,3dx2,70,0,13,0.420654296875,1,-489286.1093643551,-462323.9314241536,-26966.121784903236,90.94721938138821,
13071,3dx2,71,0,13,0.420654296875,1,-489287.2952782604,-462323.9314241536,-26967.14928338689,87.29407297280083,
13072,3dx2,72,0,13,0.420654296875,1,-489289.5654733873,-462323.9314241536,-26967.00158564014,31.536138711078618,
13073,3dx2,73,0,13,0.420654296875,1,-489285.96985437925,-462323.9314241536,-26965.58732125921,81.83937142554333,
13074,3dx2,74,0,13,0.420654296875,1,-489285.24171980674,-462323.9314241536,-26965.275834091135,91.44748882395757,
13075,3dx2,75,0,13,0.420654296875,1,-489287.3544790391,-462323.9314241536,-26968.127520419785,108.48755247159532,
13076,3dx2,76,0,13,0.420654296875,1,-489282.2132112331,-462323.9314241536,-26966.522624410816,190.03822344390818,
13077,3dx2,77,0,13,0.420654296875,1,-489284.51908507396,-462323.9314241536,-26966.575002946087,138.0713871629985,
13078,3dx2,78,0,13,0.420654296875,1,-489290.37054171617,-462323.9314241536,-26967.210152395197,17.78048563733578,
13079,3dx2,79,0,13,0.420654296875,1,-489287.2825847212,-462323.9314241536,-26965.604039408394,51.952620264645724,
13080,3dx2,80,0,13,0.420654296875,1,-489289.53373692394,-462323.9314241536,-26966.532374419403,21.44773114403411,
13081,3dx2,81,0,13,0.420654296875,1,-489282.63758280326,-462323.9314241536,-26967.551269747444,203.97310753800534,
13082,3dx2,82,0,13,0.420654296875,1,-489289.668965975,-462323.9314241536,-26967.158441640564,32.76672824286036,
13083,3dx2,83,0,13,0.420654296875,1,-489284.49323397316,-462323.9314241536,-26965.41845785839,111.99696439640165,
13084,3dx2,84,0,13,0.420654296875,1,-489291.28412061394,-462323.9314241536,-26966.791235812136,-12.947590132521283,
13085,3dx2,85,0,13,0.420654296875,1,-489287.2451775318,-462323.9314241536,-26967.931006379553,106.47638368445669,
13086,3dx2,86,0,13,0.420654296875,1,-489289.06354176457,-462323.9314241536,-26966.766171373554,37.68217495036979,
13087,3dx2,87,0,13,0.420654296875,1,-489292.22292093374,-462323.9314241536,-26967.82066247625,-10.857696984671806,
13088,3dx2,88,0,13,0.420654296875,1,-489291.86346134014,-462323.9314241536,-26967.910584665962,-0.49470687636004773,
13089,3dx2,89,0,13,0.420654296875,1,-489290.7753055637,-462323.9314241536,-26967.71305582685,20.04363821107416,
13090,3dx2,90,0,13,0.420654296875,1,-489291.7398458963,-462323.9314241536,-26968.200292833277,9.036762027799453,
13091,3dx2,91,0,13,0.420654296875,1,-489291.4191592578,-462323.9314241536,-26967.679253675167,4.416523167048823,
13092,3dx2,92,0,13,0.420654296875,1,-489292.00582107366,-462323.9314241536,-26968.40682930512,7.666072916567969,
13093,3dx2,93,0,13,0.420654296875,1,-489291.2384541576,-462323.9314241536,-26968.01327370865,16.28636673152666,
13094,3dx2,94,0,13,0.420654296875,1,-489292.09007520427,-462323.9314241536,-26967.542905934282,-14.19941970737151,
13095,3dx2,95,0,13,0.420654296875,1,-489291.0602358971,-462323.9314241536,-26968.148797162,23.521422530802877,
13096,3dx2,96,0,13,0.420654296875,1,-489290.47124991775,-462323.9314241536,-26967.437928207346,20.71073434845195,
13097,3dx2,97,0,13,0.420654296875,1,-489292.6624154394,-462323.9314241536,-26967.216961778828,-34.91434986158022,
13098,3dx2,98,0,13,0.420654296875,1,-489293.1814939027,-462323.9314241536,-26968.06004349155,-27.4426574313584,
13099,3dx2,99,0,13,0.420654296875,1,-489289.5478117112,-462323.9314241536,-26968.202137418215,59.62880833901462,
13100,3dx2,100,0,13,0.420654296875,1,-489292.6864289439,-462323.9314241536,-26967.75887725515,-22.971246668857585,
14001,3d4z,1,0,14,0.420654296875,0,-481990.50839129346,-462323.9314241536,-19672.05220964616,126.2620917011415,
14002,3d4z,2,0,14,0.420654296875,0,-481986.65174284833,-462323.9314241536,-19672.004514456446,214.09864043223018,
14003,3d4z,3,0,14,0.420654296875,0,-481989.2060533637,-462323.9314241536,-19671.844877780135,151.51353140918465,
14004,3d4z,4,0,14,0.420654296875,0,-481990.3139510181,-462323.9314241536,-19672.154198349173,133.0979063355689,
14005,3d4z,5,0,14,0.420654296875,0,-481958.38379116607,-462323.9314241536,-19671.98110228842,865.4331948542209,
14006,3d4z,6,0,14,0.420654296875,0,-481979.9681578453,-462323.9314241536,-19671.919715166743,366.2702539981363,
14007,3d4z,7,0,14,0.420654296875,0,-481986.69483970344,-462323.9314241536,-19671.922540128882,211.21443044198122,
14008,3d4z,8,0,14,0.420654296875,0,-481984.70121734106,-462323.9314241536,-19672.14796102112,262.3867835533458,
14009,3d4z,9,0,14,0.420654296875,0,-481982.74714148307,-462323.9314241536,-19671.980254650767,303.5814425663012,
14010,3d4z,10,0,14,0.420654296875,0,-481974.1209587928,-462323.9314241536,-19672.143277407344,506.26533516627666,
14011,3d4z,11,0,14,0.420654296875,0,-481966.49242811144,-462323.9314241536,-19672.143502534087,682.1886233672964,
14012,3d4z,12,0,14,0.420654296875,0,-481985.6713224825,-462323.9314241536,-19671.92075932091,234.77623186308583,
14013,3d4z,13,0,14,0.420654296875,0,-481986.76352279144,-462323.9314241536,-19671.922738195117,209.6351283218698,
14014,3d4z,14,0,14,0.420654296875,0,-481974.97995536285,-462323.9314241536,-19671.982511878665,482.74906251263786,
14015,3d4z,15,0,14,0.420654296875,0,-481988.565409022,-462323.9314241536,-19671.91731005972,167.9574689414316,
14016,3d4z,16,0,14,0.420654296875,0,-481979.19970567786,-462323.9314241536,-19672.144612909015,389.17744710387234,
14017,3d4z,17,0,14,0.420654296875,0,-481972.4430836614,-462323.9314241536,-19671.92093795603,539.8307853367141,
14018,3d4z,18,0,14,0.420654296875,0,-481989.21126778686,-462323.9314241536,-19672.144785524066,158.3093208278603,
14019,3d4z,19,0,14,0.420654296875,0,-481990.6554022008,-462323.9314241536,-19672.14178556269,124.9376093480137,
14020,3d4z,20,0,14,0.420654296875,0,-481977.2722164568,-462323.9314241536,-19672.143320441897,433.5965994788396,
14021,3d4z,21,0,14,0.420654296875,0,-481979.82160069305,-462323.9314241536,-19671.98061269587,371.05427260116574,
14022,3d4z,22,0,14,0.420654296875,0,-481977.35874341684,-462323.9314241536,-19671.98192048138,427.87926886932166,
14023,3d4z,23,0,14,0.420654296875,0,-481978.40763016284,-462323.9314241536,-19671.98709583347,403.8107123488311,
14024,3d4z,24,0,14,0.420654296875,0,-481944.1338410403,-462323.9314241536,-19671.92160856789,1192.6728935251986,
14025,3d4z,25,0,14,0.420654296875,0,-481973.96756421286,-462323.9314241536,-19671.91855275695,504.62042466494194,
14026,3d4z,26,0,14,0.420654296875,0,-481990.4512959,-462323.9314241536,-19671.982996583636,125.98265161454455,
14027,3d4z,27,0,14,0.420654296875,0,-481990.199562239,-462323.9314241536,-19671.983156324084,131.79145144659918,
14028,3d4z,28,0,14,0.420654296875,0,-481984.6260736461,-462323.9314241536,-19672.14381748503,264.02408611237206,
14029,3d4z,29,0,14,0.420654296875,0,-481991.18968750787,-462323.9314241536,-19671.92541652982,107.62710903808045,
14030,3d4z,30,0,14,0.420654296875,0,-481981.4856138404,-462323.9314241536,-19672.146876753028,336.51535806846476,
14031,3d4z,31,0,14,0.420654296875,0,-481990.8096267306,-462323.9314241536,-19671.98102450436,117.67386912687705,
14032,3d4z,32,0,14,0.420654296875,0,-481986.76736037695,-462323.9314241536,-19671.98108714884,210.89219033593844,
14033,3d4z,33,0,14,0.420654296875,0,-481988.2745569821,-462323.9314241536,-19671.922450721915,174.78322280505614,
14034,3d4z,34,0,14,0.420654296875,0,-481980.05169090885,-462323.9314241536,-19672.140823603328,369.442817468753,
14035,3d4z,35,0,14,0.420654296875,0,-481981.20460950077,-462323.9314241536,-19671.917701602633,337.7105675658808,
14036,3d4z,36,0,14,0.420654296875,0,-481981.8876189467,-462323.9314241536,-19671.983222127612,323.4709347687519,
14037,3d4z,37,0,14,0.420654296875,0,-481980.4158999796,-462323.9314241536,-19671.922302485164,356.0047400751038,
14038,3d4z,38,0,14,0.420654296875,0,-481987.66855262476,-462323.9314241536,-19671.922058046515,188.74895996317295,
14039,3d4z,39,0,14,0.420654296875,0,-481988.8250045949,-462323.9314241536,-19671.983824730563,163.50491756321674,
14040,3d4z,40,0,14,0.420654296875,0,-481986.5808873948,-462323.9314241536,-19671.98137575453,215.19901486566482,
14041,3d4z,41,0,14,0.420654296875,0,-481983.2810819621,-462323.9314241536,-19671.983575344737,291.34505963274756,
14042,3d4z,42,0,14,0.420654296875,0,-481986.05133240175,-462323.9314241536,-19671.982281804736,227.43173712548509,
14043,3d4z,43,0,14,0.420654296875,0,-481988.57637308777,-462323.9314241536,-19671.981104195762,169.17575930332467,
14044,3d4z,44,0,14,0.420654296875,0,-481987.6707458075,-462323.9314241536,-19671.92183739012,188.69329550976838,
14045,3d4z,45,0,14,0.420654296875,0,-481985.1910990652,-462323.9314241536,-19672.143753290828,250.99281005726286,
14046,3d4z,46,0,14,0.420654296875,0,-481983.6566231127,-462323.9314241536,-19671.985023379977,282.7182674535808,
14047,3d4z,47,0,14,0.420654296875,0,-481988.14105274016,-462323.9314241536,-19672.141229868586,182.90707073800806,
14048,3d4z,48,0,14,0.420654296875,0,-481983.73908522975,-462323.9314241536,-19671.98002678221,280.701421576744,
14049,3d4z,49,0,14,0.420654296875,0,-481982.6527573343,-462323.9314241536,-19671.98420262402,305.849035169579,
14050,3d4z,50,0,14,0.420654296875,0,-481986.4030285354,-462323.9314241536,-19671.9810186035,219.29230150056372,
14051,3d4z,51,0,14,0.420654296875,0,-481981.12916369975,-462323.9314241536,-19672.146230042632,344.7203800901593,
14052,3d4z,52,0,14,0.420654296875,0,-481988.60176421964,-462323.9314241536,-19671.91955047911,167.17076346529763,
14053,3d4z,53,0,14,0.420654296875,0,-481985.92184771853,-462323.9314241536,-19672.14326489037,234.13008300228847,
14054,3d4z,54,0,14,0.420654296875,0,-481982.9464932855,-462323.9314241536,-19671.920820177253,297.613689272433,
14055,3d4z,55,0,14,0.420654296875,0,-481988.80856512726,-462323.9314241536,-19672.14417409962,167.58176498843036,
14056,3d4z,56,0,14,0.420654296875,0,-481985.1086988326,-462323.9314241536,-19672.141949535067,252.8514089653339,
14057,3d4z,57,0,14,0.420654296875,0,-481982.0102579172,-462323.9314241536,-19672.143863797828,324.3472978433162,
14058,3d4z,58,0,14,0.420654296875,0,-481989.91093008476,-462323.9314241536,-19671.983157754596,138.4475000330966,
14059,3d4z,59,0,14,0.420654296875,0,-481988.9235816622,-462323.9314241536,-19671.98236322468,161.1979732624474,
14060,3d4z,60,0,14,0.420654296875,0,-481988.21174636745,-462323.9314241536,-19672.145323992427,181.37124970319093,
14061,3d4z,61,0,14,0.420654296875,0,-481981.18771307427,-462323.9314241536,-19671.9183800227,338.11585315582215,
14062,3d4z,62,0,14,0.420654296875,0,-481979.9027896102,-462323.9314241536,-19671.982212126906,369.218895449632,
14063,3d4z,63,0,14,0.420654296875,0,-481982.11633992434,-462323.9314241536,-19671.92287027901,316.80475703331933,
14064,3d4z,64,0,14,0.420654296875,0,-481986.317397761,-462323.9314241536,-19671.98295402592,221.31162597160562,
14065,3d4z,65,0,14,0.420654296875,0,-481991.52196291345,-462323.9314241536,-19671.91937440699,99.82532149214485,
14066,3d4z,66,0,14,0.420654296875,0,-481970.28485723096,-462323.9314241536,-19672.143733084853,594.738446889267,
14067,3d4z,67,0,14,0.420654296875,0,-481991.1787620956,-462323.9314241536,-19671.983208537753,109.2117703940564,
14068,3d4z,68,0,14,0.420654296875,0,-481988.3313816812,-462323.9314241536,-19671.920408309157,173.4257149563511,
14069,3d4z,69,0,14,0.420654296875,0,-481987.6604657347,-462323.9314241536,-19672.14606589144,194.10119170007644,
14070,3d4z,70,0,14,0.420654296875,0,-481978.31635667634,-462323.9314241536,-19671.919996202643,404.3681747038153,
14071,3d4z,71,0,14,0.420654296875,0,-481965.93858020246,-462323.9314241536,-19671.915099025417,689.6935495266964,
14072,3d4z,72,0,14,0.420654296875,0,-481990.1187245127,-462323.9314241536,-19672.14278996056,137.33685280980285,
14073,3d4z,73,0,14,0.420654296875,0,-481975.6888399746,-462323.9314241536,-19672.145663500483,470.16416079613464,
14074,3d4z,74,0,14,0.420654296875,0,-481990.93437116104,-462323.9314241536,-19672.129210413153,118.21444246021508,
14075,3d4z,75,0,14,0.420654296875,0,-481990.6307013505,-462323.9314241536,-19671.921049416716,120.41692803580312,
14076,3d4z,76,0,14,0.420654296875,0,-481984.47733120876,-462323.9314241536,-19671.98499941891,263.79173659348675,
14077,3d4z,77,0,14,0.420654296875,0,-481967.02212931466,-462323.9314241536,-19671.978038907702,666.1577415639343,
14078,3d4z,78,0,14,0.420654296875,0,-481982.89044772345,-462323.9314241536,-19671.98364752596,300.3549637162714,
14079,3d4z,79,0,14,0.420654296875,0,-481970.56641878426,-462323.9314241536,-19671.981626928504,584.5072264499174,
14080,3d4z,80,0,14,0.420654296875,0,-481986.74517898523,-462323.9314241536,-19672.142936587985,215.1360421132972,
14081,3d4z,81,0,14,0.420654296875,0,-481987.43137450767,-462323.9314241536,-19671.98304516142,195.62481355716744,
14082,3d4z,82,0,14,0.420654296875,0,-481988.6711198266,-462323.9314241536,-19671.981652260478,167.0034862729483,
14083,3d4z,83,0,14,0.420654296875,0,-481984.45127742225,-462323.9314241536,-19671.921437562163,262.9267799457736,
14084,3d4z,84,0,14,0.420654296875,0,-481979.639644089,-462323.9314241536,-19671.982188344653,375.286626896464,
14085,3d4z,85,0,14,0.420654296875,0,-481978.2208767559,-462323.9314241536,-19672.145651043113,411.77371821803075,
14086,3d4z,86,0,14,0.420654296875,0,-481987.7831955578,-462323.9314241536,-19671.922602534945,186.11778732451285,
14087,3d4z,87,0,14,0.420654296875,0,-481976.32785892725,-462323.9314241536,-19672.145548403914,455.4253794834362,
14088,3d4z,88,0,14,0.420654296875,0,-481983.45896277094,-462323.9314241536,-19671.982570291217,287.21985364785763,
14089,3d4z,89,0,14,0.420654296875,0,-481991.0368417229,-462323.9314241536,-19672.037078738864,113.72680828549349,
14090,3d4z,90,0,14,0.420654296875,0,-481990.2836166199,-462323.9314241536,-19672.0363002426,131.07863925056006,
14091,3d4z,91,0,14,0.420654296875,0,-481990.7512812787,-462323.9314241536,-19671.842953742194,115.83535979738333,
14092,3d4z,92,0,14,0.420654296875,0,-481991.6406470712,-462323.9314241536,-19672.096504152472,101.17310876404036,
14093,3d4z,93,0,14,0.420654296875,0,-481987.3129866,-462323.9314241536,-19671.759663880523,193.20360885227254,
14094,3d4z,94,0,14,0.420654296875,0,-481988.71395148593,-462323.9314241536,-19671.881655574496,163.7097863846179,
14095,3d4z,95,0,14,0.420654296875,0,-481992.24348794157,-462323.9314241536,-19672.09580212896,87.25507899144235,
14096,3d4z,96,0,14,0.420654296875,0,-481991.6578064289,-462323.9314241536,-19671.939882398303,97.16562112113584,
14097,3d4z,97,0,14,0.420654296875,0,-481991.29687354225,-462323.9314241536,-19672.043965280707,107.88913950560591,
14098,3d4z,98,0,14,0.420654296875,0,-481990.6476704653,-462323.9314241536,-19671.821833849604,117.73764562196715,
14099,3d4z,99,0,14,0.420654296875,0,-481983.141506719,-462323.9314241536,-19671.569395542796,285.01252806938186,
14100,3d4z,100,0,14,0.420654296875,0,-481991.35124098026,-462323.9314241536,-19671.688055337127,98.42791832345442,
15001,3ejr,1,0,15,0.420654296875,1,-493238.80049101956,-462323.9314241536,-30922.59418260733,178.14540105135578,
15002,3ejr,2,0,15,0.420654296875,1,-493237.16642306687,-462323.9314241536,-30922.1704633204,206.05670434987607,
15003,3ejr,3,0,15,0.420654296875,1,-493235.1741777057,-462323.9314241536,-30921.918136802113,246.18018604714644,
15004,3ejr,4,0,15,0.420654296875,1,-493220.64605675585,-462323.9314241536,-30921.425038245095,569.8354912412073,
15005,3ejr,5,0,15,0.420654296875,1,-493238.5708724404,-462323.9314241536,-30922.521053430235,181.75413239244716,
15006,3ejr,6,0,15,0.420654296875,1,-493232.21260870935,-462323.9314241536,-30922.53541746416,328.7104197736733,
15007,3ejr,7,0,15,0.420654296875,1,-493236.0573155726,-462323.9314241536,-30922.51351341287,239.5442538370823,
15008,3ejr,8,0,15,0.420654296875,1,-493215.0354436183,-462323.9314241536,-30922.7733747033,730.3126812448204,
15009,3ejr,9,0,15,0.420654296875,1,-493180.5195306385,-462323.9314241536,-30920.64791026393,1477.2541690662124,
15010,3ejr,10,0,15,0.420654296875,1,-493172.7285476172,-462323.9314241536,-30918.688781198645,1611.7399161604592,
15011,3ejr,11,0,15,0.420654296875,1,-493189.5833240444,-462323.9314241536,-30914.030043956434,1115.626505182149,
15012,3ejr,12,0,15,0.420654296875,1,-493163.78565256245,-462323.9314241536,-30918.634235289468,1816.7101167673886,
15013,3ejr,13,0,15,0.420654296875,1,-493176.25162318296,-462323.9314241536,-30918.693215456402,1530.5981199785954,
15014,3ejr,14,0,15,0.420654296875,1,-493201.2858102316,-462323.9314241536,-30920.65041032114,998.4300379354922,
15015,3ejr,15,0,15,0.420654296875,1,-493200.0146279032,-462323.9314241536,-30920.646279153025,1027.6489318211607,
15016,3ejr,16,0,15,0.420654296875,1,-493168.3624864215,-462323.9314241536,-30918.640334990396,1711.3064830934773,
15017,3ejr,17,0,15,0.420654296875,1,-493211.51662051625,-462323.9314241536,-30920.648223694956,762.4515232220803,
15018,3ejr,18,0,15,0.420654296875,1,-493174.198244884,-462323.9314241536,-30918.694480654383,1577.9793246141498,
15019,3ejr,19,0,15,0.420654296875,1,-493146.66322267003,-462323.9314241536,-30914.041248646176,2105.6459421049367,
15020,3ejr,20,0,15,0.420654296875,1,-493183.7105576539,-462323.9314241536,-30920.600803729667,1402.5810354624873,
15021,3ejr,21,0,15,0.420654296875,1,-493152.22975757666,-462323.9314241536,-30913.963817921078,1975.4930027002092,
15022,3ejr,22,0,15,0.420654296875,1,-493154.2750450218,-462323.9314241536,-30918.644490179206,2036.2664202324454,
15023,3ejr,23,0,15,0.420654296875,1,-493156.1502971644,-462323.9314241536,-30920.67859562913,2039.929664523929,
15024,3ejr,24,0,15,0.420654296875,1,-493216.05547974946,-462323.9314241536,-30920.646109130754,657.7341797694543,
15025,3ejr,25,0,15,0.420654296875,1,-493208.325898766,-462323.9314241536,-30920.641121205485,835.867527459961,
15026,3ejr,26,0,15,0.420654296875,1,-493212.879112854,-462323.9314241536,-30920.651041385318,731.0966809815598,
15027,3ejr,27,0,15,0.420654296875,1,-493212.8570477957,-462323.9314241536,-30918.69554876963,686.510782317181,
15028,3ejr,28,0,15,0.420654296875,1,-493214.2590335751,-462323.9314241536,-30918.686966922654,653.9823201020898,
15029,3ejr,29,0,15,0.420654296875,1,-493203.23303227074,-462323.9314241536,-30918.694993194735,908.4330407922652,
15030,3ejr,30,0,15,0.420654296875,1,-493213.6768613601,-462323.9314241536,-30921.085552927638,722.7202376051788,
15031,3ejr,31,0,15,0.420654296875,1,-493199.6807128335,-462323.9314241536,-30920.650905069506,1035.4558724255965,
15032,3ejr,32,0,15,0.420654296875,1,-493192.5850486899,-462323.9314241536,-30914.01918369211,1046.1546467754774,
15033,3ejr,33,0,15,0.420654296875,1,-493213.1600734884,-462323.9314241536,-30918.68030440489,679.1713004345365,
15034,3ejr,34,0,15,0.420654296875,1,-493207.4798718834,-462323.9314241536,-30920.600691166306,854.4450319995933,
15035,3ejr,35,0,15,0.420654296875,1,-493190.0548100019,-462323.9314241536,-30914.04607736746,1105.1235199495316,
15036,3ejr,36,0,15,0.420654296875,1,-493205.38176633365,-462323.9314241536,-30920.675826039685,904.5611467246956,
15037,3ejr,37,0,15,0.420654296875,1,-493200.87410522945,-462323.9314241536,-30921.05063497702,1017.1535806490841,
15038,3ejr,38,0,15,0.420654296875,1,-493205.61916281225,-462323.9314241536,-30920.646706101084,898.4151321383063,
15039,3ejr,39,0,15,0.420654296875,1,-493215.9207604671,-462323.9314241536,-30921.25785603801,674.9480990383537,
15040,3ejr,40,0,15,0.420654296875,1,-493204.7537356311,-462323.9314241536,-30914.0069245664,765.2553573771387,
15041,3ejr,41,0,15,0.420654296875,1,-493202.0163359488,-462323.9314241536,-30918.697635796463,936.5516643638163,
15042,3ejr,42,0,15,0.420654296875,1,-493212.53961881937,-462323.9314241536,-30918.691785034323,693.7440746112247,
15043,3ejr,43,0,15,0.420654296875,1,-493197.3773124213,-462323.9314241536,-30920.649541941082,1088.5421133160316,
15044,3ejr,44,0,15,0.420654296875,1,-493188.8558550918,-462323.9314241536,-30918.54891827382,1236.610055095382,
15045,3ejr,45,0,15,0.420654296875,1,-493206.47420759447,-462323.9314241536,-30918.696270909702,833.7192270192159,
15046,3ejr,46,0,15,0.420654296875,1,-493189.45258681424,-462323.9314241536,-30921.082064893628,1281.2648434566727,
15047,3ejr,47,0,15,0.420654296875,1,-493201.1352945114,-462323.9314241536,-30918.724188145792,957.4812742931639,
15048,3ejr,48,0,15,0.420654296875,1,-493192.6379699851,-462323.9314241536,-30921.13943779148,1209.1312129417042,
15049,3ejr,49,0,15,0.420654296875,1,-493211.46967209823,-462323.9314241536,-30918.645131912624,717.3417856058554,
15050,3ejr,50,0,15,0.420654296875,1,-493195.5428889239,-462323.9314241536,-30921.28177117982,1145.4244767187404,
15051,3ejr,51,0,15,0.420654296875,1,-493204.0619692797,-462323.9314241536,-30918.68692385832,889.1312159298382,
15052,3ejr,52,0,15,0.420654296875,1,-493196.87142115773,-462323.9314241536,-30921.046944913043,1109.3725732390008,
15053,3ejr,53,0,15,0.420654296875,1,-493167.9074435676,-462323.9314241536,-30920.645421263373,1768.0384084931623,
15054,3ejr,54,0,15,0.420654296875,1,-493192.1672256136,-462323.9314241536,-30921.314236071492,1224.0177801329555,
15055,3ejr,55,0,15,0.420654296875,1,-493182.35629610665,-462323.9314241536,-30920.652095195448,1434.993857948396,
15056,3ejr,56,0,15,0.420654296875,1,-493186.1918567265,-462323.9314241536,-30914.0516385106,1194.3335817326388,
15057,3ejr,57,0,15,0.420654296875,1,-493194.1737631703,-462323.9314241536,-30921.290869203007,1177.207072044242,
15058,3ejr,58,0,15,0.420654296875,1,-493201.36429394723,-462323.9314241536,-30918.65837382951,950.682707661113,
15059,3ejr,59,0,15,0.420654296875,1,-493233.32902044005,-462323.9314241536,-30922.55343585888,303.38086771234083,
15060,3ejr,60,0,15,0.420654296875,1,-493188.94084139116,-462323.9314241536,-30921.04640203394,1292.2435681810366,
15061,3ejr,61,0,15,0.420654296875,1,-493190.6521634156,-462323.9314241536,-30921.24352121035,1257.325220978205,
15062,3ejr,62,0,15,0.420654296875,1,-493186.352716356,-462323.9314241536,-30918.66215085664,1296.9450110317848,
15063,3ejr,63,0,15,0.420654296875,1,-493197.0688643152,-462323.9314241536,-30916.028929707205,989.1012461928049,
15064,3ejr,64,0,15,0.420654296875,1,-493193.8180849994,-462323.9314241536,-30918.681856688632,1125.2439476386166,
15065,3ejr,65,0,15,0.420654296875,1,-493201.9353363658,-462323.9314241536,-30918.694135334885,938.338836560327,
15066,3ejr,66,0,15,0.420654296875,1,-493181.02430941106,-462323.9314241536,-30918.687058445597,1420.3953768928545,
15067,3ejr,67,0,15,0.420654296875,1,-493121.91321660526,-462323.9314241536,-30914.04428144971,2676.464578880726,
15068,3ejr,68,0,15,0.420654296875,1,-493184.02166737564,-462323.9314241536,-30920.65196281351,1396.5864313441573,
15069,3ejr,69,0,15,0.420654296875,1,-493181.8969800467,-462323.9314241536,-30920.642545398867,1445.3657143773405,
15070,3ejr,70,0,15,0.420654296875,1,-493193.99392950477,-462323.9314241536,-30918.637558755065,1120.1673423959232,
15071,3ejr,71,0,15,0.420654296875,1,-493166.2542041982,-462323.9314241536,-30918.606628265774,1759.1473306086432,
15072,3ejr,72,0,15,0.420654296875,1,-493190.0110146547,-462323.9314241536,-30917.54777887143,1186.8846196695692,
15073,3ejr,73,0,15,0.420654296875,1,-493170.6276207412,-462323.9314241536,-30921.107875761187,1715.9740867395958,
15074,3ejr,74,0,15,0.420654296875,1,-493235.853180691,-462323.9314241536,-30919.42965984025,173.13636322308912,
15075,3ejr,75,0,15,0.420654296875,1,-493154.89950342424,-462323.9314241536,-30921.080216672814,2078.0352546825875,
15076,3ejr,76,0,15,0.420654296875,1,-493172.5863265092,-462323.9314241536,-30921.028923061265,1668.984566177876,
15077,3ejr,77,0,15,0.420654296875,1,-493189.90601456113,-462323.9314241536,-30918.685141590035,1215.534186722904,
15078,3ejr,78,0,15,0.420654296875,1,-493193.3830072576,-462323.9314241536,-30920.602517631436,1179.5685722513701,
15079,3ejr,79,0,15,0.420654296875,1,-493164.84389878757,-462323.9314241536,-30920.65342482606,1838.8699959641642,
15080,3ejr,80,0,15,0.420654296875,1,-493138.1860846722,-462323.9314241536,-30920.626389798297,2452.990350879948,
15081,3ejr,81,0,15,0.420654296875,1,-493175.37205721386,-462323.9314241536,-30918.68768945018,1550.7539603486412,
15082,3ejr,82,0,15,0.420654296875,1,-493183.0001457328,-462323.9314241536,-30922.083006647015,1453.1439348196539,
15083,3ejr,83,0,15,0.420654296875,1,-493193.9322198475,-462323.9314241536,-30920.62938198129,1167.5229356771074,
15084,3ejr,84,0,15,0.420654296875,1,-493190.17480710096,-462323.9314241536,-30920.10973077692,1242.1874905846698,
15085,3ejr,85,0,15,0.420654296875,1,-493156.0052683646,-462323.9314241536,-30918.639864739573,1996.2598569054635,
15086,3ejr,86,0,15,0.420654296875,1,-493236.3523273462,-462323.9314241536,-30918.855027910853,148.3744408134381,
15087,3ejr,87,0,15,0.420654296875,1,-493241.4538397635,-462323.9314241536,-30922.10984986702,105.78874710719724,
15088,3ejr,88,0,15,0.420654296875,1,-493233.8633255209,-462323.9314241536,-30922.719478901996,294.88854337741554,
15089,3ejr,89,0,15,0.420654296875,1,-493215.43228970416,-462323.9314241536,-30921.676360901987,695.8634538647359,
15090,3ejr,90,0,15,0.420654296875,1,-493231.1207660431,-462323.9314241536,-30921.27582209983,324.84195065625653,
15091,3ejr,91,0,15,0.420654296875,1,-493231.0415904666,-462323.9314241536,-30921.906481441652,341.21113274230646,
15092,3ejr,92,0,15,0.420654296875,1,-493242.7889884705,-462323.9314241536,-30922.064915475024,73.96327479180006,
15093,3ejr,93,0,15,0.420654296875,1,-493237.01635968627,-462323.9314241536,-30922.786703285372,223.72807930320118,
15094,3ejr,94,0,15,0.420654296875,1,-493235.26412087627,-462323.9314241536,-30918.677987721345,169.3864344053148,
15095,3ejr,95,0,15,0.420654296875,1,-493239.0832270527,-462323.9314241536,-30921.589717086947,148.4618280586469,
15096,3ejr,96,0,15,0.420654296875,1,-493234.98502205266,-462323.9314241536,-30922.473553237094,263.3504262967905,
15097,3ejr,97,0,15,0.420654296875,1,-493235.543858021,-462323.9314241536,-30920.54482334534,205.98579479878046,
15098,3ejr,98,0,15,0.420654296875,1,-493238.41493038775,-462323.9314241536,-30922.200289246226,177.95324374895097,
15099,3ejr,99,0,15,0.420654296875,1,-493238.1939744348,-462323.9314241536,-30922.265493032133,184.5522440939215,
15100,3ejr,100,0,15,0.420654296875,1,-493232.8882873798,-462323.9314241536,-30922.434710916652,310.8065513195945,
16001,1g2k,1,0,16,0.393310546875,0,-527747.3703448303,-462323.9314241536,-65530.90921006538,2478.323748817925,
16002,1g2k,2,0,16,0.393310546875,0,-527817.5590220359,-462323.9314241536,-65530.370067248165,847.3014722266663,
16003,1g2k,3,0,16,0.393310546875,0,-527788.2015278465,-462323.9314241536,-65530.68301082589,1531.5180215108962,
16004,1g2k,4,0,16,0.393310546875,0,-527776.8192495083,-462323.9314241536,-65531.43740195976,1811.3962683758336,
16005,1g2k,5,0,16,0.393310546875,0,-527800.6230471857,-462323.9314241536,-65530.123166898265,1232.1606729896866,
16006,1g2k,6,0,16,0.393310546875,0,-527800.9618386148,-462323.9314241536,-65530.95438001499,1243.5161868708199,
16007,1g2k,7,0,16,0.393310546875,0,-527811.0076179034,-462323.9314241536,-65530.74335969426,1006.9887688900083,
16008,1g2k,8,0,16,0.393310546875,0,-527673.8078318512,-462323.9314241536,-65530.1338685845,4156.835798609045,
16009,1g2k,9,0,16,0.393310546875,0,-527711.9667947269,-462323.9314241536,-65528.836120257154,3246.942422671876,
16010,1g2k,10,0,16,0.393310546875,0,-527687.527444434,-462323.9314241536,-65529.8204439972,3833.226273738801,
16011,1g2k,11,0,16,0.393310546875,0,-527689.1427436597,-462323.9314241536,-65529.76151759364,3794.617713536589,
16012,1g2k,12,0,16,0.393310546875,0,-527728.9839141046,-462323.9314241536,-65527.59776208745,2825.9611095183022,
16013,1g2k,13,0,16,0.393310546875,0,-527748.3180448242,-462323.9314241536,-65532.76900137402,2499.357074208593,
16014,1g2k,14,0,16,0.393310546875,0,-527724.5527936486,-462323.9314241536,-65530.04644388896,2984.6131185447452,
16015,1g2k,15,0,16,0.393310546875,0,-527693.8770594872,-462323.9314241536,-65529.13538105227,3671.002745290842,
16016,1g2k,16,0,16,0.393310546875,0,-527656.9780683046,-462323.9314241536,-65528.68345798002,4511.492102734523,
16017,1g2k,17,0,16,0.393310546875,0,-527679.6414094544,-462323.9314241536,-65528.24776429869,3978.8157051700787,
16018,1g2k,18,0,16,0.393310546875,0,-527653.8859311907,-462323.9314241536,-65529.64042557217,4604.866675479899,
16019,1g2k,19,0,16,0.393310546875,0,-527629.205795703,-462323.9314241536,-65530.26250101067,5188.349520763822,
16020,1g2k,20,0,16,0.393310546875,0,-527706.7726365305,-462323.9314241536,-65528.60764379249,3361.453763759409,
16021,1g2k,21,0,16,0.393310546875,0,-527734.2826513626,-462323.9314241536,-65532.99725301005,2828.2845442210796,
16022,1g2k,22,0,16,0.393310546875,0,-527708.4030823973,-462323.9314241536,-65527.296938905536,3293.629216124285,
16023,1g2k,23,0,16,0.393310546875,0,-527727.5786629743,-462323.9314241536,-65532.72443521954,2976.5908613982606,
16024,1g2k,24,0,16,0.393310546875,0,-527681.9846319234,-462323.9314241536,-65531.669489363296,4003.686565862014,
16025,1g2k,25,0,16,0.393310546875,0,-527757.3959429689,-462323.9314241536,-65533.31646336056,2302.640543166836,
16026,1g2k,26,0,16,0.393310546875,0,-527769.181312677,-462323.9314241536,-65533.55740011674,2036.4195949019715,
16027,1g2k,27,0,16,0.393310546875,0,-527731.7643306232,-462323.9314241536,-65532.8631334994,2883.265530694144,
16028,1g2k,28,0,16,0.393310546875,0,-527645.380956543,-462323.9314241536,-65530.34770805584,4817.306371684733,
16029,1g2k,29,0,16,0.393310546875,0,-527773.6955542691,-462323.9314241536,-65531.95877094008,1895.4534461555745,
16030,1g2k,30,0,16,0.393310546875,0,-527691.9852458504,-462323.9314241536,-65532.93839020473,3802.328478608399,
16031,1g2k,31,0,16,0.393310546875,0,-527697.5186739392,-462323.9314241536,-65532.49402869679,3664.4773756923655,
16032,1g2k,32,0,16,0.393310546875,0,-527647.4109249985,-462323.9314241536,-65532.86331624733,4828.505490046509,
16033,1g2k,33,0,16,0.393310546875,0,-527735.3026489891,-462323.9314241536,-65533.91869027354,2826.011688254663,
16034,1g2k,34,0,16,0.393310546875,0,-527740.4284403292,-462323.9314241536,-65531.98595632058,2663.2382281224004,
16035,1g2k,35,0,16,0.393310546875,0,-527741.5171668059,-462323.9314241536,-65533.57165158726,2674.6986006725324,
16036,1g2k,36,0,16,0.393310546875,0,-527675.2186510985,-462323.9314241536,-65532.68962211357,4183.23861037526,
16037,1g2k,37,0,16,0.393310546875,0,-527741.943208722,-462323.9314241536,-65531.632571646944,2620.1575949766657,
16038,1g2k,38,0,16,0.393310546875,0,-527753.3815840748,-462323.9314241536,-65531.40329895359,2351.095239138347,
16039,1g2k,39,0,16,0.393310546875,0,-527788.3838252998,-462323.9314241536,-65533.00329000689,1580.8210514039567,
16040,1g2k,40,0,16,0.393310546875,0,-527748.7799430763,-462323.9314241536,-65532.43383575426,2480.976344666631,
16041,1g2k,41,0,16,0.393310546875,0,-527677.320290757,-462323.9314241536,-65532.41655237414,4128.476510721754,
16042,1g2k,42,0,16,0.393310546875,0,-527736.1685766992,-462323.9314241536,-65531.895815769254,2759.3943266170877,
16043,1g2k,43,0,16,0.393310546875,0,-527749.5444420106,-462323.9314241536,-65532.71593607403,2469.8519683437344,
16044,1g2k,44,0,16,0.393310546875,0,-527743.5886087095,-462323.9314241536,-65533.07153595434,2615.3970751024817,
16045,1g2k,45,0,16,0.393310546875,0,-527767.2317757434,-462323.9314241536,-65532.412748226896,2054.9806849508027,
16046,1g2k,46,0,16,0.393310546875,0,-527754.2965098289,-462323.9314241536,-65532.416036436334,2353.3508311857886,
16047,1g2k,47,0,16,0.393310546875,0,-527647.9188746042,-462323.9314241536,-65532.292176881805,4803.621107212139,
16048,1g2k,48,0,16,0.393310546875,0,-527779.703162191,-462323.9314241536,-65531.23238054858,1740.1637559594333,
16049,1g2k,49,0,16,0.393310546875,0,-527715.7687544056,-462323.9314241536,-65532.705982992426,3248.5083043570066,
16050,1g2k,50,0,16,0.393310546875,0,-527735.629135978,-462323.9314241536,-65532.10631925803,2776.688450943299,
16051,1g2k,51,0,16,0.393310546875,0,-527701.563670156,-462323.9314241536,-65533.122519264,3585.6908837442047,
16052,1g2k,52,0,16,0.393310546875,0,-527783.5861404216,-462323.9314241536,-65532.902211258275,1689.1273616974438,
16053,1g2k,53,0,16,0.393310546875,0,-527717.3546277859,-462323.9314241536,-65532.42075080611,3205.3595849418098,
16054,1g2k,54,0,16,0.393310546875,0,-527693.2673395392,-462323.9314241536,-65529.351633722006,3690.0501263468836,
16055,1g2k,55,0,16,0.393310546875,0,-527740.438944248,-462323.9314241536,-65533.37600422837,2695.0512682633744,
16056,1g2k,56,0,16,0.393310546875,0,-527735.3630974566,-462323.9314241536,-65529.65779084907,2726.3590384992767,
16057,1g2k,57,0,16,0.393310546875,0,-527696.9810801722,-462323.9314241536,-65530.458556303754,3629.9354739906003,
16058,1g2k,58,0,16,0.393310546875,0,-527709.4997148034,-462323.9314241536,-65530.09329200727,3332.8257065242037,
16059,1g2k,59,0,16,0.393310546875,0,-527692.8227147288,-462323.9314241536,-65532.91563869454,3782.4913251932994,
16060,1g2k,60,0,16,0.393310546875,0,-527812.6629829233,-462323.9314241536,-65531.581235954625,988.1370302493576,
16061,1g2k,61,0,16,0.393310546875,0,-527747.2800388314,-462323.9314241536,-65532.56597645022,2518.6121950872084,
16062,1g2k,62,0,16,0.393310546875,0,-527727.0682508317,-462323.9314241536,-65525.02698580366,2810.8538445976574,
16063,1g2k,63,0,16,0.393310546875,0,-527707.5975908316,-462323.9314241536,-65532.41798717715,3430.298471513312,
16064,1g2k,64,0,16,0.393310546875,0,-527788.5093646174,-462323.9314241536,-65529.01793129192,1486.0214906968313,
16065,1g2k,65,0,16,0.393310546875,0,-527792.5125476398,-462323.9314241536,-65527.95409602858,1369.1732731605057,
16066,1g2k,66,0,16,0.393310546875,0,-527816.525070068,-462323.9314241536,-65528.379677305,825.2454885522723,
16067,1g2k,67,0,16,0.393310546875,0,-527743.556917367,-462323.9314241536,-65527.391237029806,2485.1370897800457,
16068,1g2k,68,0,16,0.393310546875,0,-527780.5967545486,-462323.9314241536,-65529.07841826425,1669.8854763720424,
16069,1g2k,69,0,16,0.393310546875,0,-527787.0367981471,-462323.9314241536,-65528.98979491927,1519.3308400509238,
16070,1g2k,70,0,16,0.393310546875,0,-527762.2723154394,-462323.9314241536,-65528.818548688745,2086.464346142987,
16071,1g2k,71,0,16,0.393310546875,0,-527806.8663301445,-462323.9314241536,-65527.43409342505,1026.175640250247,
16072,1g2k,72,0,16,0.393310546875,0,-527759.7845264947,-462323.9314241536,-65528.810327360494,2143.6445337622336,
16073,1g2k,73,0,16,0.393310546875,0,-527730.2254706301,-462323.9314241536,-65518.680870840326,2591.701738773769,
16074,1g2k,74,0,16,0.393310546875,0,-527799.7585494188,-462323.9314241536,-65525.79669840075,1152.3257313692138,
16075,1g2k,75,0,16,0.393310546875,0,-527734.1024982608,-462323.9314241536,-65528.46967406012,2728.0305225102265,
16076,1g2k,76,0,16,0.393310546875,0,-527752.6173242157,-462323.9314241536,-65524.55600167261,2210.8170637156713,
16077,1g2k,77,0,16,0.393310546875,0,-527737.1013519295,-462323.9314241536,-65528.55108726956,2660.752747256741,
16078,1g2k,78,0,16,0.393310546875,0,-527736.2273463724,-462323.9314241536,-65514.14756400329,2348.7546569977453,
16079,1g2k,79,0,16,0.393310546875,0,-527739.2013624138,-462323.9314241536,-65526.98192776181,2576.13967715543,
16080,1g2k,80,0,16,0.393310546875,0,-527817.2999005592,-462323.9314241536,-65528.6655290816,813.9693715141897,
16081,1g2k,81,0,16,0.393310546875,0,-527807.454815758,-462323.9314241536,-65528.14965070225,1029.1059824270926,
16082,1g2k,82,0,16,0.393310546875,0,-527801.5471406546,-462323.9314241536,-65528.16722659212,1165.7455163658253,
16083,1g2k,83,0,16,0.393310546875,0,-527800.935073284,-462323.9314241536,-65528.04552281834,1177.0535695464146,
16084,1g2k,84,0,16,0.393310546875,0,-527781.6468609994,-462323.9314241536,-65527.32353974329,1605.2009862664997,
16085,1g2k,85,0,16,0.393310546875,0,-527759.5158329286,-462323.9314241536,-65528.58875472285,2144.731168186444,
16086,1g2k,86,0,16,0.393310546875,0,-527786.9429704663,-462323.9314241536,-65527.19155646306,1480.0261938416852,
16087,1g2k,87,0,16,0.393310546875,0,-527786.7138565606,-462323.9314241536,-65528.55496622063,1516.75066194971,
16088,1g2k,88,0,16,0.393310546875,0,-527795.9862425303,-462323.9314241536,-65528.940837571485,1311.8227665356296,
16089,1g2k,89,0,16,0.393310546875,0,-527793.0491257287,-462323.9314241536,-65528.11527360417,1360.516331668047,
16090,1g2k,90,0,16,0.393310546875,0,-527782.9680414316,-462323.9314241536,-65527.84577495791,1586.7768718620582,
16091,1g2k,91,0,16,0.393310546875,0,-527720.3219644106,-462323.9314241536,-65529.27873308398,3064.474526811518,
16092,1g2k,92,0,16,0.393310546875,0,-527817.1799790985,-462323.9314241536,-65528.811287770135,820.0961013044198,
16093,1g2k,93,0,16,0.393310546875,0,-527794.8248171933,-462323.9314241536,-65527.851837167516,1313.4929251670712,
16094,1g2k,94,0,16,0.393310546875,0,-527798.0392249641,-462323.9314241536,-65528.65983493067,1257.9997920862431,
16095,1g2k,95,0,16,0.393310546875,0,-527790.2255382217,-462323.9314241536,-65525.27129710652,1360.0461503741606,
16096,1g2k,96,0,16,0.393310546875,0,-527781.7720014577,-462323.9314241536,-65529.39780140863,1650.14878908817,
16097,1g2k,97,0,16,0.393310546875,0,-527738.5085875817,-462323.9314241536,-65523.0293121431,2500.9659627764495,
16098,1g2k,98,0,16,0.393310546875,0,-527744.9671264556,-462323.9314241536,-65527.934230098545,2465.138613274872,
16099,1g2k,99,0,16,0.393310546875,0,-527776.5644970066,-462323.9314241536,-65531.464524636045,1817.8964644006935,
16100,1g2k,100,0,16,0.393310546875,0,-527792.4295057034,-462323.9314241536,-65530.07569474922,1420.013494481269,
17001,2qnq,1,0,17,0.391357421875,1,-553286.801005709,-462323.9314241536,-91001.06268836552,880.7539663955164,
17002,2qnq,2,0,17,0.391357421875,1,-553277.175225946,-462323.9314241536,-91000.58891879022,1091.8043350748535,
17003,2qnq,3,0,17,0.391357421875,1,-553263.7786792843,-462323.9314241536,-90999.1853511128,1368.3690005742674,
17004,2qnq,4,0,17,0.391357421875,1,-553243.3557153968,-462323.9314241536,-90998.57066055381,1825.1586351073831,
17005,2qnq,5,0,17,0.391357421875,1,-553279.4418154982,-462323.9314241536,-90999.41733074927,1012.518076238764,
17006,2qnq,6,0,17,0.391357421875,1,-553272.6363591579,-462323.9314241536,-90998.52439629287,1148.864069942103,
17007,2qnq,7,0,17,0.391357421875,1,-553264.6648658691,-462323.9314241536,-90999.31853137905,1351.004262347801,
17008,2qnq,8,0,17,0.391357421875,1,-553261.3466226486,-462323.9314241536,-90997.2533660158,1379.9009242091665,
17009,2qnq,9,0,17,0.391357421875,1,-553263.5810834346,-462323.9314241536,-90999.34710530931,1376.6558095012817,
17010,2qnq,10,0,17,0.391357421875,1,-553250.480470064,-462323.9314241536,-91000.00897474587,1694.0262025451311,
17011,2qnq,11,0,17,0.391357421875,1,-553287.606041777,-462323.9314241536,-90999.80544535065,833.1966809657213,
17012,2qnq,12,0,17,0.391357421875,1,-553249.7903032629,-462323.9314241536,-90997.38117646979,1649.3433592381848,
17013,2qnq,13,0,17,0.391357421875,1,-553255.4622565983,-462323.9314241536,-91000.12114685768,1581.7302262384915,
17014,2qnq,14,0,17,0.391357421875,1,-553155.8690571067,-462323.9314241536,-90969.88280190155,3181.0911665396916,
17015,2qnq,15,0,17,0.391357421875,1,-553205.3586891769,-462323.9314241536,-90990.43770203734,2513.8403968004545,
17016,2qnq,16,0,17,0.391357421875,1,-553126.0593451587,-462323.9314241536,-90983.95272763181,4192.97965000766,
17017,2qnq,17,0,17,0.391357421875,1,-553165.5957871852,-462323.9314241536,-90987.60259427124,3365.4155618171744,
17018,2qnq,18,0,17,0.391357421875,1,-553134.7951302853,-462323.9314241536,-90981.70773606002,3939.756923737837,
17019,2qnq,19,0,17,0.391357421875,1,-553150.4919183878,-462323.9314241536,-90979.21654517943,3520.3321644557655,
17020,2qnq,20,0,17,0.391357421875,1,-553174.9651027052,-462323.9314241536,-90977.73645706469,2921.835484174495,
17021,2qnq,21,0,17,0.391357421875,1,-553137.9589098123,-462323.9314241536,-90987.99307104194,4011.7417026131207,
17022,2qnq,22,0,17,0.391357421875,1,-553158.457733008,-462323.9314241536,-90979.32328163087,3339.0975164420147,
17023,2qnq,23,0,17,0.391357421875,1,-553130.9053575872,-462323.9314241536,-90987.585780397,4165.008135677483,
17024,2qnq,24,0,17,0.391357421875,1,-553171.8016623287,-462323.9314241536,-90978.22524563962,3006.057884597875,
17025,2qnq,25,0,17,0.391357421875,1,-553172.3792036799,-462323.9314241536,-90970.34138531977,2810.933326648437,
17026,2qnq,26,0,17,0.391357421875,1,-553158.5814522234,-462323.9314241536,-90987.01997761428,3513.7345094210327,
17027,2qnq,27,0,17,0.391357421875,1,-553169.5782446591,-462323.9314241536,-90983.27552630374,3173.7933529265238,
17028,2qnq,28,0,17,0.391357421875,1,-553141.2263460485,-462323.9314241536,-90991.65316549683,4020.7966162448083,
17029,2qnq,29,0,17,0.391357421875,1,-553114.7708286521,-462323.9314241536,-90987.86879055196,4543.605581124281,
17030,2qnq,30,0,17,0.391357421875,1,-553188.2475347546,-462323.9314241536,-90991.71008795314,2937.77490806286,
17031,2qnq,31,0,17,0.391357421875,1,-553155.3559426991,-462323.9314241536,-90981.05344775686,3450.5250789226557,
17032,2qnq,32,0,17,0.391357421875,1,-553203.6961235581,-462323.9314241536,-90992.71095964307,2604.60263652155,
17033,2qnq,33,0,17,0.391357421875,1,-553197.288497853,-462323.9314241536,-90994.0661310255,2783.616990058326,
17034,2qnq,34,0,17,0.391357421875,1,-553155.2878113267,-462323.9314241536,-90996.35540115833,3804.967654012393,
17035,2qnq,35,0,17,0.391357421875,1,-553171.6634360729,-462323.9314241536,-90989.15883468086,3261.380010826297,
17036,2qnq,36,0,17,0.391357421875,1,-553175.4961599736,-462323.9314241536,-90995.1633176356,3311.461964369137,
17037,2qnq,37,0,17,0.391357421875,1,-553138.2119286981,-462323.9314241536,-90983.1405140608,3894.0043261293768,
17038,2qnq,38,0,17,0.391357421875,1,-553060.487701672,-462323.9314241536,-90969.6579977423,5375.453368622856,
17039,2qnq,39,0,17,0.391357421875,1,-553111.7348750709,-462323.9314241536,-90994.99774086097,4778.013833478462,
17040,2qnq,40,0,17,0.391357421875,1,-553211.0601491062,-462323.9314241536,-90985.31158810103,2264.150611782024,
17041,2qnq,41,0,17,0.391357421875,1,-553189.6293629884,-462323.9314241536,-90994.5673450976,2971.799107027235,
17042,2qnq,42,0,17,0.391357421875,1,-553205.1329297003,-462323.9314241536,-90981.52843628824,2313.593985064637,
17043,2qnq,43,0,17,0.391357421875,1,-553253.3871193407,-462323.9314241536,-90984.57455615693,1271.071129764322,
17044,2qnq,44,0,17,0.391357421875,1,-553227.7687173216,-462323.9314241536,-90996.14630015189,2128.6962707500493,
17045,2qnq,45,0,17,0.391357421875,1,-553240.8997726319,-462323.9314241536,-90997.7310489788,1862.4321178215207,
17046,2qnq,46,0,17,0.391357421875,1,-553203.5408952263,-462323.9314241536,-90990.35358655453,2553.8199720288335,
17047,2qnq,47,0,17,0.391357421875,1,-553237.3158465652,-462323.9314241536,-90998.71731509262,1967.8232531967672,
17048,2qnq,48,0,17,0.391357421875,1,-553224.0973216025,-462323.9314241536,-90983.8555246591,1929.9286512075403,
17049,2qnq,49,0,17,0.391357421875,1,-553230.118828508,-462323.9314241536,-90989.75251800561,1927.057300326344,
17050,2qnq,50,0,17,0.391357421875,1,-553225.7727438536,-462323.9314241536,-91000.43348759413,2273.589403446845,
17051,2qnq,51,0,17,0.391357421875,1,-553213.8510941891,-462323.9314241536,-90985.26265673334,2198.661505059955,
17052,2qnq,52,0,17,0.391357421875,1,-553239.5430795429,-462323.9314241536,-90991.42581979925,1748.3161646137835,
17053,2qnq,53,0,17,0.391357421875,1,-553211.238324943,-462323.9314241536,-90984.67850544298,2245.4425464584483,
17054,2qnq,54,0,17,0.391357421875,1,-553217.6801022318,-462323.9314241536,-90994.39690172672,2321.0031755141395,
17055,2qnq,55,0,17,0.391357421875,1,-553243.2470625965,-462323.9314241536,-90999.83885940904,1856.909588565696,
17056,2qnq,56,0,17,0.391357421875,1,-553202.8989171116,-462323.9314241536,-90992.13872310513,2609.790565859157,
17057,2qnq,57,0,17,0.391357421875,1,-553278.4506584582,-462323.9314241536,-90998.35154035682,1010.7969902446358,
17058,2qnq,58,0,17,0.391357421875,1,-553183.675062227,-462323.9314241536,-90999.06166449189,3212.750011892756,
17059,2qnq,59,0,17,0.391357421875,1,-553190.0495870886,-462323.9314241536,-90997.44774401182,3028.532085996775,
17060,2qnq,60,0,17,0.391357421875,1,-553188.7012386797,-462323.9314241536,-90999.7700285315,3113.1788922156275,
17061,2qnq,61,0,17,0.391357421875,1,-553207.2382445065,-462323.9314241536,-90997.53624810273,2634.1931822888446,
17062,2qnq,62,0,17,0.391357421875,1,-553148.4714840975,-462323.9314241536,-90997.0796819143,3978.8582051249487,
17063,2qnq,63,0,17,0.391357421875,1,-553175.7039570538,-462323.9314241536,-90992.60650478298,3247.7085447785043,
17064,2qnq,64,0,17,0.391357421875,1,-553268.1368862716,-462323.9314241536,-91000.74609872693,1303.8580548932084,
17065,2qnq,65,0,17,0.391357421875,1,-553266.5116475251,-462323.9314241536,-90996.17772279674,1235.9876990971356,
17066,2qnq,66,0,17,0.391357421875,1,-553291.9005025056,-462323.9314241536,-90981.74834962189,317.75754419096353,
17067,2qnq,67,0,17,0.391357421875,1,-553272.1299770651,-462323.9314241536,-90994.18997441226,1060.5873753160838,
17068,2qnq,68,0,17,0.391357421875,1,-553267.4446855811,-462323.9314241536,-90993.14015509182,1144.4233550306972,
17069,2qnq,69,0,17,0.391357421875,1,-553225.9578672227,-462323.9314241536,-90992.54573475005,2087.424455402219,
17070,2qnq,70,0,17,0.391357421875,1,-553264.0144414034,-462323.9314241536,-90995.18079306185,1270.5848944739937,
17071,2qnq,71,0,17,0.391357421875,1,-553220.0771330921,-462323.9314241536,-90995.12598902726,2282.5394832754837,
17072,2qnq,72,0,17,0.391357421875,1,-553274.6563785551,-462323.9314241536,-90995.09104852373,1023.1064355635064,
17073,2qnq,73,0,17,0.391357421875,1,-553275.5071730342,-462323.9314241536,-90981.53553523117,690.8890861319338,
17074,2qnq,74,0,17,0.391357421875,1,-553242.6779628721,-462323.9314241536,-90993.96306622028,1734.5343301087817,
17075,2qnq,75,0,17,0.391357421875,1,-553254.294783297,-462323.9314241536,-90993.80384884769,1462.9724472242074,
17076,2qnq,76,0,17,0.391357421875,1,-553249.0658582775,-462323.9314241536,-90995.41132701928,1620.6236500017262,
17077,2qnq,77,0,17,0.391357421875,1,-553235.6415414838,-462323.9314241536,-90996.87158050941,1963.8699949698582,
17078,2qnq,78,0,17,0.391357421875,1,-553277.8037848499,-462323.9314241536,-90996.85294951499,991.1559242410491,
17079,2qnq,79,0,17,0.391357421875,1,-553256.693658608,-462323.9314241536,-90994.5890449434,1425.760120496229,
17080,2qnq,80,0,17,0.391357421875,1,-553204.7224642215,-462323.9314241536,-90996.59270295495,2670.449785871783,
17081,2qnq,81,0,17,0.391357421875,1,-553250.307430449,-462323.9314241536,-90996.98789121205,1628.3487495323036,
17082,2qnq,82,0,17,0.391357421875,1,-553296.0099361268,-462323.9314241536,-90998.41933108366,607.4337189956404,
17083,2qnq,83,0,17,0.391357421875,1,-553206.3346504299,-462323.9314241536,-90995.33359514171,2604.2361727507573,
17084,2qnq,84,0,17,0.391357421875,1,-553261.3520557312,-462323.9314241536,-90986.18733939523,1124.5869981699648,
17085,2qnq,85,0,17,0.391357421875,1,-553286.8321030614,-462323.9314241536,-90995.03505738819,741.0363719552611,
17086,2qnq,86,0,17,0.391357421875,1,-553272.4198220995,-462323.9314241536,-90995.5475590676,1085.2100359163264,
17087,2qnq,87,0,17,0.391357421875,1,-553244.7241216181,-462323.9314241536,-90991.54111792141,1631.4973338881982,
17088,2qnq,88,0,17,0.391357421875,1,-553269.250038716,-462323.9314241536,-90994.28572486335,1129.2083892224957,
17089,2qnq,89,0,17,0.391357421875,1,-553263.5829359023,-462323.9314241536,-90993.15214063221,1233.7538113371388,
17090,2qnq,90,0,17,0.391357421875,1,-553263.5414090928,-462323.9314241536,-90994.14423471689,1257.5896754049475,
17091,2qnq,91,0,17,0.391357421875,1,-553237.0166033981,-462323.9314241536,-90995.72047002608,1905.6150755652711,
17092,2qnq,92,0,17,0.391357421875,1,-553258.0115517108,-462323.9314241536,-90996.07992897922,1429.7493861823375,
17093,2qnq,93,0,17,0.391357421875,1,-553260.0507667987,-462323.9314241536,-90989.55881972605,1232.3436172697407,
17094,2qnq,94,0,17,0.391357421875,1,-553264.4520448771,-462323.9314241536,-90996.11862525344,1282.1204427499101,
17095,2qnq,95,0,17,0.391357421875,1,-553266.8657772271,-462323.9314241536,-90994.33255985373,1185.2708058641663,
17096,2qnq,96,0,17,0.391357421875,1,-553207.6472753612,-462323.9314241536,-90971.55368992122,2025.5886809932522,
17097,2qnq,97,0,17,0.391357421875,1,-553271.1624233898,-462323.9314241536,-91000.9059838205,1237.774549313329,
17098,2qnq,98,0,17,0.391357421875,1,-553285.5077682461,-462323.9314241536,-90997.6230553016,831.2569079742768,
17099,2qnq,99,0,17,0.391357421875,1,-553287.4108954547,-462323.9314241536,-91001.31271149212,872.4552450128847,
17100,2qnq,100,0,17,0.391357421875,1,-553270.7162441937,-462323.9314241536,-91000.82636666292,1246.2276707360538,
18001,1syi,1,0,18,0.36865234375,0,-485577.40745235106,-462323.9314241536,-23255.697803933563,51.235365631651106,
18002,1syi,2,0,18,0.36865234375,0,-485569.76103743026,-462323.9314241536,-23255.128748376304,214.44314974917916,
18003,1syi,3,0,18,0.36865234375,0,-485534.7260187923,-462323.9314241536,-23252.600846726837,964.0750758976229,
18004,1syi,4,0,18,0.36865234375,0,-485556.0930303843,-462323.9314241536,-23255.42731185669,536.5199174022191,
18005,1syi,5,0,18,0.36865234375,0,-485523.0926023783,-462323.9314241536,-23253.03626902813,1242.3891083522967,
18006,1syi,6,0,18,0.36865234375,0,-485538.99456176773,-462323.9314241536,-23255.254940588417,926.8449948878097,
18007,1syi,7,0,18,0.36865234375,0,-485546.5637230336,-462323.9314241536,-23253.86482032055,720.2390545513928,
18008,1syi,8,0,18,0.36865234375,0,-485569.1683274569,-462323.9314241536,-23255.703178007545,241.3580284255726,
18009,1syi,9,0,18,0.36865234375,0,-485537.1326589645,-462323.9314241536,-23255.949136335792,985.7900277740728,
18010,1syi,10,0,18,0.36865234375,0,-485553.6401504489,-462323.9314241536,-23255.70770295375,599.550644780034,
18011,1syi,11,0,18,0.36865234375,0,-485559.1320648848,-462323.9314241536,-23252.59614141697,401.1497756017333,
18012,1syi,12,0,18,0.36865234375,0,-485550.0226720931,-462323.9314241536,-23252.315700371208,604.7502396330788,
18013,1syi,13,0,18,0.36865234375,0,-485561.6252118112,-462323.9314241536,-23255.706927974166,415.3928838498852,
18014,1syi,14,0,18,0.36865234375,0,-485533.0799573423,-462323.9314241536,-23255.923074800903,1078.6465541039565,
18015,1syi,15,0,18,0.36865234375,0,-485558.8627004087,-462323.9314241536,-23253.29906304592,423.57122583338594,
18016,1syi,16,0,18,0.36865234375,0,-485545.70759827516,-462323.9314241536,-23252.59023006672,710.5890109792437,
18017,1syi,17,0,18,0.36865234375,0,-485550.50649843225,-462323.9314241536,-23252.31074186081,593.4785932316728,
18018,1syi,18,0,18,0.36865234375,0,-485563.79916725174,-462323.9314241536,-23255.399761516983,358.1768536542692,
18019,1syi,19,0,18,0.36865234375,0,-485537.96112435154,-462323.9314241536,-23252.599348504486,889.4372195837137,
18020,1syi,20,0,18,0.36865234375,0,-485540.9259647043,-462323.9314241536,-23252.320489365997,814.6357323174307,
18021,1syi,21,0,18,0.36865234375,0,-485566.5974728973,-462323.9314241536,-23253.21586092228,243.28444834807422,
18022,1syi,22,0,18,0.36865234375,0,-485525.95829937473,-462323.9314241536,-23253.867794949943,1195.480008989989,
18023,1syi,23,0,18,0.36865234375,0,-485541.9417339921,-462323.9314241536,-23253.864588935317,826.8193180455125,
18024,1syi,24,0,18,0.36865234375,0,-485572.7282131972,-462323.9314241536,-23255.130831320228,146.06648488173605,
18025,1syi,25,0,18,0.36865234375,0,-485556.2261211635,-462323.9314241536,-23253.237205226364,482.9457124188872,
18026,1syi,26,0,18,0.36865234375,0,-485544.59463704244,-462323.9314241536,-23252.59265847915,736.3105072410156,
18027,1syi,27,0,18,0.36865234375,0,-485543.67777163384,-462323.9314241536,-23255.643237073364,827.8019394331233,
18028,1syi,28,0,18,0.36865234375,0,-485563.38178644207,-462323.9314241536,-23255.643982369842,373.4337504377824,
18029,1syi,29,0,18,0.36865234375,0,-485548.2776376369,-462323.9314241536,-23252.601122577133,651.5736826092345,
18030,1syi,30,0,18,0.36865234375,0,-485572.65812299267,-462323.9314241536,-23253.03939898723,99.45322804623957,
18031,1syi,31,0,18,0.36865234375,0,-485573.9360965997,-462323.9314241536,-23255.39968581909,124.41196393572372,
18032,1syi,32,0,18,0.36865234375,0,-485569.7205917003,-462323.9314241536,-23253.86780186409,186.29773308299602,
18033,1syi,33,0,18,0.36865234375,0,-485567.265470794,-462323.9314241536,-23252.600179631652,213.6821030502227,
18034,1syi,34,0,18,0.36865234375,0,-485564.7225544812,-462323.9314241536,-23255.39707883113,336.8211740781197,
18035,1syi,35,0,18,0.36865234375,0,-485567.8864677011,-462323.9314241536,-23252.59504695648,199.2432118696248,
18036,1syi,36,0,18,0.36865234375,0,-485567.98200719676,-462323.9314241536,-23253.23929842228,211.89681050267396,
18037,1syi,37,0,18,0.36865234375,0,-485575.8331110538,-462323.9314241536,-23255.25446208233,77.31683245326728,
18038,1syi,38,0,18,0.36865234375,0,-485567.61348990217,-462323.9314241536,-23253.23786385769,220.36193935549144,
18039,1syi,39,0,18,0.36865234375,0,-485571.3207436859,-462323.9314241536,-23255.407956082763,184.91415170923082,
18040,1syi,40,0,18,0.36865234375,0,-485565.23894709966,-462323.9314241536,-23253.218642194213,274.67693513876844,
18041,1syi,41,0,18,0.36865234375,0,-485563.6276238474,-462323.9314241536,-23254.88823564762,350.3366717581339,
18042,1syi,42,0,18,0.36865234375,0,-485568.57442835585,-462323.9314241536,-23255.64443798774,253.69909001622548,
18043,1syi,43,0,18,0.36865234375,0,-485564.63014223275,-462323.9314241536,-23253.298090536537,290.54843118974077,
18044,1syi,44,0,18,0.36865234375,0,-485565.1575863721,-462323.9314241536,-23255.926179964485,338.9904623424858,
18045,1syi,45,0,18,0.36865234375,0,-485569.0119462819,-462323.9314241536,-23254.89180966133,226.25366543622914,
18046,1syi,46,0,18,0.36865234375,0,-485562.0858901503,-462323.9314241536,-23255.130130488807,391.4681229777009,
18047,1syi,47,0,18,0.36865234375,0,-485573.4837607801,-462323.9314241536,-23255.129374940338,128.6095587905227,
18048,1syi,48,0,18,0.36865234375,0,-485562.52883418516,-462323.9314241536,-23255.126752932014,381.1757025651706,
18049,1syi,49,0,18,0.36865234375,0,-485566.24741221085,-462323.9314241536,-23253.22041137928,251.4619755833303,
18050,1syi,50,0,18,0.36865234375,0,-485537.67405632755,-462323.9314241536,-23252.30909248107,889.3637025704293,
18051,1syi,51,0,18,0.36865234375,0,-485562.7819601059,-462323.9314241536,-23253.302746970596,333.2759034466861,
18052,1syi,52,0,18,0.36865234375,0,-485563.2803913714,-462323.9314241536,-23255.25562318081,366.8162006605718,
18053,1syi,53,0,18,0.36865234375,0,-485555.14943972835,-462323.9314241536,-23255.12798519844,551.376998136126,
18054,1syi,54,0,18,0.36865234375,0,-485574.322466469,-462323.9314241536,-23255.702753860885,122.49097815709155,
18055,1syi,55,0,18,0.36865234375,0,-485562.38386041514,-462323.9314241536,-23254.888147432746,379.01650359431954,
18056,1syi,56,0,18,0.36865234375,0,-485563.5920790495,-462323.9314241536,-23253.865312535705,327.56718692073565,
18057,1syi,57,0,18,0.36865234375,0,-485574.6761176052,-462323.9314241536,-23255.2172599625,103.13983395115527,
18058,1syi,58,0,18,0.36865234375,0,-485561.8562648357,-462323.9314241536,-23255.703154880935,409.97766493071543,
18059,1syi,59,0,18,0.36865234375,0,-485565.8216458022,-462323.9314241536,-23255.011274893226,302.578675936755,
18060,1syi,60,0,18,0.36865234375,0,-485570.6956313909,-462323.9314241536,-23255.93623693699,211.5120295938955,
18061,1syi,61,0,18,0.36865234375,0,-485544.8412083597,-462323.9314241536,-23255.401248891296,795.392071121692,
18062,1syi,62,0,18,0.36865234375,0,-485562.31569859997,-462323.9314241536,-23253.216231305534,342.03305057295717,
18063,1syi,63,0,18,0.36865234375,0,-485551.67742094985,-462323.9314241536,-23252.31275840515,566.5229811258183,
18064,1syi,64,0,18,0.36865234375,0,-485569.2699739249,-462323.9314241536,-23255.729157407226,239.61310437774483,
18065,1syi,65,0,18,0.36865234375,0,-485562.8704820933,-462323.9314241536,-23255.129129965248,373.3519303266317,
18066,1syi,66,0,18,0.36865234375,0,-485566.6821130874,-462323.9314241536,-23255.4288891148,292.36624168084103,
18067,1syi,67,0,18,0.36865234375,0,-485558.58359110943,-462323.9314241536,-23255.006943781318,469.3923045661289,
18068,1syi,68,0,18,0.36865234375,0,-485545.6495350512,-462323.9314241536,-23252.308730561675,705.4364479321871,
18069,1syi,69,0,18,0.36865234375,0,-485564.69416775415,-462323.9314241536,-23255.933983523788,349.85710390013713,
18070,1syi,70,0,18,0.36865234375,0,-485564.24566168204,-462323.9314241536,-23253.297679383697,299.4052819096201,
18071,1syi,71,0,18,0.36865234375,0,-485568.9187607526,-462323.9314241536,-23255.94848080391,252.76999021614137,
18072,1syi,72,0,18,0.36865234375,0,-485566.7795373263,-462323.9314241536,-23252.315376598777,218.32028106240983,
18073,1syi,73,0,18,0.36865234375,0,-485560.7317377241,-462323.9314241536,-23255.009286720695,419.90889627702427,
18074,1syi,74,0,18,0.36865234375,0,-485555.81288073084,-462323.9314241536,-23255.932335097725,554.6264344905277,
18075,1syi,75,0,18,0.36865234375,0,-485565.3284398674,-462323.9314241536,-23255.13312454933,316.76219480845606,
18076,1syi,76,0,18,0.36865234375,0,-485574.2562228801,-462323.9314241536,-23255.402883369865,117.10341380678399,
18077,1syi,77,0,18,0.36865234375,0,-485564.08010009537,-462323.9314241536,-23253.302854378166,303.3425610055581,
18078,1syi,78,0,18,0.36865234375,0,-485544.7754395516,-462323.9314241536,-23255.63666065448,802.3374600907063,
18079,1syi,79,0,18,0.36865234375,0,-485552.30677363864,-462323.9314241536,-23255.642708618583,628.8002395140982,
18080,1syi,80,0,18,0.36865234375,0,-485557.7024443509,-462323.9314241536,-23252.592760999145,434.03965401623856,
18081,1syi,81,0,18,0.36865234375,0,-485557.55370630935,-462323.9314241536,-23255.2554215979,498.87204683257977,
18082,1syi,82,0,18,0.36865234375,0,-485562.73139760515,-462323.9314241536,-23252.5979666304,318.1892816678549,
18083,1syi,83,0,18,0.36865234375,0,-485565.0645573496,-462323.9314241536,-23255.6405247044,334.54839577738096,
18084,1syi,84,0,18,0.36865234375,0,-485573.51160255686,-462323.9314241536,-23255.63033600563,139.51994877275712,
18085,1syi,85,0,18,0.36865234375,0,-485567.5550880792,-462323.9314241536,-23254.672901709022,254.8014763972742,
18086,1syi,86,0,18,0.36865234375,0,-485571.5284419717,-462323.9314241536,-23254.898311693603,168.37183664208757,
18087,1syi,87,0,18,0.36865234375,0,-485571.90205118654,-462323.9314241536,-23254.54590554947,151.62952473053332,
18088,1syi,88,0,18,0.36865234375,0,-485569.3435116472,-462323.9314241536,-23254.9202322554,219.2630270605138,
18089,1syi,89,0,18,0.36865234375,0,-485572.88177496806,-462323.9314241536,-23254.145922858657,119.81273763308229,
18090,1syi,90,0,18,0.36865234375,0,-485572.78573316947,-462323.9314241536,-23253.983139831955,118.27364834995632,
18091,1syi,91,0,18,0.36865234375,0,-485578.1978768765,-462323.9314241536,-23253.976753432693,-6.680624338125081,
18092,1syi,92,0,18,0.36865234375,0,-485571.34326072654,-462323.9314241536,-23255.767780024948,192.69263364536562,
18093,1syi,93,0,18,0.36865234375,0,-485577.7554341615,-462323.9314241536,-23254.602166373672,17.94471209262302,
18094,1syi,94,0,18,0.36865234375,0,-485579.0095537068,-462323.9314241536,-23254.49513049835,-13.444277589028932,
18095,1syi,95,0,18,0.36865234375,0,-485569.99464837305,-462323.9314241536,-23255.753361422958,223.4598724673052,
18096,1syi,96,0,18,0.36865234375,0,-485569.95856327435,-462323.9314241536,-23255.68373628372,222.68642075806176,
18097,1syi,97,0,18,0.36865234375,0,-485573.0818882347,-462323.9314241536,-23255.622094590606,149.2393449068129,
18098,1syi,98,0,18,0.36865234375,0,-485573.0740593435,-462323.9314241536,-23255.747024018707,152.30082447939725,
18099,1syi,99,0,18,0.36865234375,0,-485570.3437697946,-462323.9314241536,-23255.733073790016,214.94109729653496,
18100,1syi,100,0,18,0.36865234375,0,-485573.86790724716,-462323.9314241536,-23255.740271885337,133.83854903211179,
19001,2al5,1,0,19,0.36865234375,0,-485100.644946538,-462323.9314241536,-22779.112289851633,55.316891912460804,
19002,2al5,2,0,19,0.36865234375,0,-485100.9000763074,-462323.9314241536,-22778.838897770376,43.12888849617369,
19003,2al5,3,0,19,0.36865234375,0,-485101.67466058576,-462323.9314241536,-22779.227219527696,34.22146315483952,
19004,2al5,4,0,19,0.36865234375,0,-485101.2739349231,-462323.9314241536,-22778.82580775592,34.20564110247959,
19005,2al5,5,0,19,0.36865234375,0,-485102.67309021216,-462323.9314241536,-22779.10789794299,8.445507888392118,
19006,2al5,6,0,19,0.36865234375,0,-485101.9583602624,-462323.9314241536,-22778.789032643766,17.574363596826334,
19007,2al5,7,0,19,0.36865234375,0,-485101.39034541685,-462323.9314241536,-22778.254601305456,18.348817671689034,
19008,2al5,8,0,19,0.36865234375,0,-485099.1511738524,-462323.9314241536,-22779.208405679197,91.98059201665207,
19009,2al5,9,0,19,0.36865234375,0,-485094.47744711494,-462323.9314241536,-22778.970323627917,194.2689884614811,
19010,2al5,10,0,19,0.36865234375,0,-485085.7010779456,-462323.9314241536,-22778.479198640318,385.3312582032195,
19011,2al5,11,0,19,0.36865234375,0,-485096.81829614186,-462323.9314241536,-22778.99705583427,140.9041868351022,
19012,2al5,12,0,19,0.36865234375,0,-485092.4041178152,-462323.9314241536,-22777.63713116023,211.33694927841898,
19013,2al5,13,0,19,0.36865234375,0,-485081.6209544466,-462323.9314241536,-22778.82962328765,487.5021256470354,
19014,2al5,14,0,19,0.36865234375,0,-485093.7644185797,-462323.9314241536,-22778.65257508132,203.3843615462343,
19015,2al5,15,0,19,0.36865234375,0,-485093.86509128654,-462323.9314241536,-22779.414887851213,218.6421438668123,
19016,2al5,16,0,19,0.36865234375,0,-485095.3330318257,-462323.9314241536,-22778.968110030622,174.4876895491573,
19017,2al5,17,0,19,0.36865234375,0,-485100.98417311173,-462323.9314241536,-22778.93279082152,43.35479531462849,
19018,2al5,18,0,19,0.36865234375,0,-485094.2242408768,-462323.9314241536,-22777.636259144278,169.3438051932782,
19019,2al5,19,0,19,0.36865234375,0,-485079.9358179494,-462323.9314241536,-22777.63881332252,498.9015662836716,
19020,2al5,20,0,19,0.36865234375,0,-485087.59233432263,-462323.9314241536,-22777.845861381025,327.11274589963205,
19021,2al5,21,0,19,0.36865234375,0,-485094.2322131173,-462323.9314241536,-22778.073721354933,179.2480791926705,
19022,2al5,22,0,19,0.36865234375,0,-485097.3065191434,-462323.9314241536,-22778.876015847654,126.85424855545325,
19023,2al5,23,0,19,0.36865234375,0,-485096.98734664166,-462323.9314241536,-22779.21330530021,141.99262085145662,
19024,2al5,24,0,19,0.36865234375,0,-485088.9669992253,-462323.9314241536,-22779.217933481665,327.05295446399504,
19025,2al5,25,0,19,0.36865234375,0,-485069.78829403967,-462323.9314241536,-22779.220203345747,769.3767470362983,
19026,2al5,26,0,19,0.36865234375,0,-485083.0212787614,-462323.9314241536,-22778.99811202857,459.09532247672973,
19027,2al5,27,0,19,0.36865234375,0,-485087.4662313982,-462323.9314241536,-22778.783687418436,351.6475306119636,
19028,2al5,28,0,19,0.36865234375,0,-485096.4195198044,-462323.9314241536,-22779.305103844137,157.20394350420528,
19029,2al5,29,0,19,0.36865234375,0,-485075.35888832074,-462323.9314241536,-22778.78254849288,630.8232305047601,
19030,2al5,30,0,19,0.36865234375,0,-485097.69727563125,-462323.9314241536,-22778.78302842948,115.6988490728828,
19031,2al5,31,0,19,0.36865234375,0,-485085.20438008744,-462323.9314241536,-22778.071378415556,387.38082511905,
19032,2al5,32,0,19,0.36865234375,0,-485099.2860677764,-462323.9314241536,-22778.888531392546,81.49338794312447,
19033,2al5,33,0,19,0.36865234375,0,-485101.1475148425,-462323.9314241536,-22778.82973832461,37.2115984852991,
19034,2al5,34,0,19,0.36865234375,0,-485098.0761048422,-462323.9314241536,-22779.2160514054,116.94858698239945,
19035,2al5,35,0,19,0.36865234375,0,-485098.6666766032,-462323.9314241536,-22777.638874000048,66.95910364657202,
19036,2al5,36,0,19,0.36865234375,0,-485098.04761543125,-462323.9314241536,-22779.30759841773,119.71669266250773,
19037,2al5,37,0,19,0.36865234375,0,-485093.1413815693,-462323.9314241536,-22779.30555803153,232.81008088009818,
19038,2al5,38,0,19,0.36865234375,0,-485097.4443388806,-462323.9314241536,-22778.07584447238,105.22365964162883,
19039,2al5,39,0,19,0.36865234375,0,-485095.4317341073,-462323.9314241536,-22778.781372731657,167.90529644884336,
19040,2al5,40,0,19,0.36865234375,0,-485098.7270466909,-462323.9314241536,-22778.97670478198,96.41804708808765,
19041,2al5,41,0,19,0.36865234375,0,-485099.78942639387,-462323.9314241536,-22778.827758377523,68.48420344896736,
19042,2al5,42,0,19,0.36865234375,0,-485093.2016071454,-462323.9314241536,-22777.84663731429,197.77773512074262,
19043,2al5,43,0,19,0.36865234375,0,-485097.3438849672,-462323.9314241536,-22779.215522592996,133.82178372804202,
19044,2al5,44,0,19,0.36865234375,0,-485097.5109967217,-462323.9314241536,-22779.30809349391,132.10283080913547,
19045,2al5,45,0,19,0.36865234375,0,-485097.0661649183,-462323.9314241536,-22778.479872172804,123.26165849792359,
19046,2al5,46,0,19,0.36865234375,0,-485094.5133231954,-462323.9314241536,-22778.829818671675,190.2015451283899,
19047,2al5,47,0,19,0.36865234375,0,-485096.56856038404,-462323.9314241536,-22778.97640127513,146.1869247744937,
19048,2al5,48,0,19,0.36865234375,0,-485100.7272534892,-462323.9314241536,-22779.416670149298,60.43802494124833,
19049,2al5,49,0,19,0.36865234375,0,-485097.35076508677,-462323.9314241536,-22778.830224221674,124.77793288092614,
19050,2al5,50,0,19,0.36865234375,0,-485100.7415882275,-462323.9314241536,-22778.96893257472,49.78238426864175,
19051,2al5,51,0,19,0.36865234375,0,-485101.00443186605,-462323.9314241536,-22778.68431026313,37.157519539936516,
19052,2al5,52,0,19,0.36865234375,0,-485084.1550604925,-462323.9314241536,-22777.639285391302,401.61440797431504,
19053,2al5,53,0,19,0.36865234375,0,-485094.79927431804,-462323.9314241536,-22778.65444440219,179.56312885776532,
19054,2al5,54,0,19,0.36865234375,0,-485095.3031513915,-462323.9314241536,-22778.89273065898,173.4384591263888,
19055,2al5,55,0,19,0.36865234375,0,-485098.11457448447,-462323.9314241536,-22778.90703255508,108.9353119780408,
19056,2al5,56,0,19,0.36865234375,0,-485094.0738332793,-462323.9314241536,-22778.78175336692,199.22801109998315,
19057,2al5,57,0,19,0.36865234375,0,-485092.13036858296,-462323.9314241536,-22777.842850869627,222.3937657401815,
19058,2al5,58,0,19,0.36865234375,0,-485093.25064807397,-462323.9314241536,-22778.970663374395,222.56748116435895,
19059,2al5,59,0,19,0.36865234375,0,-485095.31149891746,-462323.9314241536,-22778.65337402198,167.72626542858617,
19060,2al5,60,0,19,0.36865234375,0,-485096.8015634939,-462323.9314241536,-22778.97509044978,140.7835170640634,
19061,2al5,61,0,19,0.36865234375,0,-485093.48971594137,-462323.9314241536,-22778.655256932703,209.78099983872949,
19062,2al5,62,0,19,0.36865234375,0,-485099.9666997717,-462323.9314241536,-22779.368422692747,76.86419754184772,
19063,2al5,63,0,19,0.36865234375,0,-485085.6913189515,-462323.9314241536,-22779.366388743852,406.0153957708436,
19064,2al5,64,0,19,0.36865234375,0,-485095.42488697916,-462323.9314241536,-22778.481534307928,161.1487566633202,
19065,2al5,65,0,19,0.36865234375,0,-485091.10950150347,-462323.9314241536,-22779.216751640764,277.61842430295087,
19066,2al5,66,0,19,0.36865234375,0,-485083.4402976112,-462323.9314241536,-22777.84344274375,422.8052119780954,
19067,2al5,67,0,19,0.36865234375,0,-485101.5048814043,-462323.9314241536,-22778.909461205934,30.80898311244002,
19068,2al5,68,0,19,0.36865234375,0,-485095.00117679685,-462323.9314241536,-22778.07053870532,161.4419618366711,
19069,2al5,69,0,19,0.36865234375,0,-485097.6645129249,-462323.9314241536,-22778.827844089003,117.48784868944101,
19070,2al5,70,0,19,0.36865234375,0,-485087.8600715623,-462323.9314241536,-22778.978185838194,347.05060078278956,
19071,2al5,71,0,19,0.36865234375,0,-485091.8313925191,-462323.9314241536,-22778.979108160467,255.4910331639923,
19072,2al5,72,0,19,0.36865234375,0,-485098.75080888724,-462323.9314241536,-22778.072242682905,75.01268632564457,
19073,2al5,73,0,19,0.36865234375,0,-485097.642788224,-462323.9314241536,-22779.21926147315,127.01513150316343,
19074,2al5,74,0,19,0.36865234375,0,-485080.1064144746,-462323.9314241536,-22778.78483206603,521.3953370043325,
19075,2al5,75,0,19,0.36865234375,0,-485100.73781517876,-462323.9314241536,-22779.217359846563,55.59826182464038,
19076,2al5,76,0,19,0.36865234375,0,-485094.5240282044,-462323.9314241536,-22778.873677080603,190.96608069348878,
19077,2al5,77,0,19,0.36865234375,0,-485100.1280015037,-462323.9314241536,-22778.910438602896,62.5831272261025,
19078,2al5,78,0,19,0.36865234375,0,-485099.86967744684,-462323.9314241536,-22778.905975407095,68.43729775496801,
19079,2al5,79,0,19,0.36865234375,0,-485086.61999889446,-462323.9314241536,-22778.684101289244,368.8656050454504,
19080,2al5,80,0,19,0.36865234375,0,-485095.2487805709,-462323.9314241536,-22778.872634714575,174.22885654783204,
19081,2al5,81,0,19,0.36865234375,0,-485099.61091458064,-462323.9314241536,-22778.780879801245,71.51973800566147,
19082,2al5,82,0,19,0.36865234375,0,-485085.7902664468,-462323.9314241536,-22778.90403467986,393.07147431451597,
19083,2al5,83,0,19,0.36865234375,0,-485092.26368924225,-462323.9314241536,-22778.782652562593,240.99166019193075,
19084,2al5,84,0,19,0.36865234375,0,-485096.3473181352,-462323.9314241536,-22779.305871075125,158.8866463175005,
19085,2al5,85,0,19,0.36865234375,0,-485099.952911012,-462323.9314241536,-22779.23407775733,74.08410608563909,
19086,2al5,86,0,19,0.36865234375,0,-485087.9939154909,-462323.9314241536,-22778.782240336866,339.44547585913585,
19087,2al5,87,0,19,0.36865234375,0,-485098.4559012575,-462323.9314241536,-22777.843220418425,76.5320389421487,
19088,2al5,88,0,19,0.36865234375,0,-485074.6466170028,-462323.9314241536,-22777.986095374556,628.8819520709006,
19089,2al5,89,0,19,0.36865234375,0,-485101.4316892699,-462323.9314241536,-22776.949498122663,-12.700988599807538,
19090,2al5,90,0,19,0.36865234375,0,-485101.53031154734,-462323.9314241536,-22777.267157023878,-7.6498840605325205,
19091,2al5,91,0,19,0.36865234375,0,-485099.2738982066,-462323.9314241536,-22777.22363168571,43.380525566625636,
19092,2al5,92,0,19,0.36865234375,0,-485099.58824726194,-462323.9314241536,-22776.776458686323,25.81940979935896,
19093,2al5,93,0,19,0.36865234375,0,-485103.23781911295,-462323.9314241536,-22778.54281944606,-17.608469646190873,
19094,2al5,94,0,19,0.36865234375,0,-485096.1269195453,-462323.9314241536,-22777.031947201223,111.53122828464302,
19095,2al5,95,0,19,0.36865234375,0,-485099.87980034197,-462323.9314241536,-22777.341692512964,32.13063774704382,
19096,2al5,96,0,19,0.36865234375,0,-485102.5019308254,-462323.9314241536,-22776.70306915614,-43.06413215037478,
19097,2al5,97,0,19,0.36865234375,0,-485102.05608492345,-462323.9314241536,-22777.236319488016,-20.485636619102724,
19098,2al5,98,0,19,0.36865234375,0,-485101.5836899207,-462323.9314241536,-22777.55442554328,-2.2562491611953095,
19099,2al5,99,0,19,0.36865234375,0,-485101.8887364193,-462323.9314241536,-22779.203596299623,28.739992574777922,
19100,2al5,100,0,19,0.36865234375,0,-485097.0909582898,-462323.9314241536,-22778.909277981253,132.59224295304492,
20001,1p1q,1,0,20,0.36865234375,0,-480924.3638003253,-462323.9314241536,-18599.381623393765,-24.230934693611218,
20002,1p1q,2,0,20,0.36865234375,0,-480923.1504608327,-462323.9314241536,-18599.42607969689,4.7745254152886005,
20003,1p1q,3,0,20,0.36865234375,0,-480921.07560996036,-462323.9314241536,-18598.464748567814,30.452900715063596,
20004,1p1q,4,0,20,0.36865234375,0,-480910.5519593291,-462323.9314241536,-18597.61671525883,253.577936765979,
20005,1p1q,5,0,20,0.36865234375,0,-480918.6847571664,-462323.9314241536,-18598.462158388367,85.52754496853771,
20006,1p1q,6,0,20,0.36865234375,0,-480922.06126419536,-462323.9314241536,-18597.705569035286,-9.783921837552848,
20007,1p1q,7,0,20,0.36865234375,0,-480919.84923600475,-462323.9314241536,-18590.290340966458,-129.77256150148347,
20008,1p1q,8,0,20,0.36865234375,0,-480918.6565547966,-462323.9314241536,-18595.227772421116,11.59119476598384,
20009,1p1q,9,0,20,0.36865234375,0,-480922.0745344244,-462323.9314241536,-18598.467837042088,7.488377241477422,
20010,1p1q,10,0,20,0.36865234375,0,-480920.15994059376,-462323.9314241536,-18597.86932475018,37.83793851454473,
20011,1p1q,11,0,20,0.36865234375,0,-480919.18622436444,-462323.9314241536,-18598.09735853123,65.55095210909244,
20012,1p1q,12,0,20,0.36865234375,0,-480916.34080454044,-462323.9314241536,-18598.09541577744,131.12309109205748,
20013,1p1q,13,0,20,0.36865234375,0,-480920.49835857085,-462323.9314241536,-18597.85555035519,29.71618947253024,
20014,1p1q,14,0,20,0.36865234375,0,-480917.5831148856,-462323.9314241536,-18597.633008903736,91.81137812849032,
20015,1p1q,15,0,20,0.36865234375,0,-480920.54321915726,-462323.9314241536,-18597.865650719876,28.914599716894777,
20016,1p1q,16,0,20,0.36865234375,0,-480916.45604544214,-462323.9314241536,-18596.771033829922,97.92459951942934,
20017,1p1q,17,0,20,0.36865234375,0,-480919.7593714976,-462323.9314241536,-18597.85764748501,46.80599718376228,
20018,1p1q,18,0,20,0.36865234375,0,-480921.41185066936,-462323.9314241536,-18599.757239825005,52.50456221961112,
20019,1p1q,19,0,20,0.36865234375,0,-480915.0989155702,-462323.9314241536,-18598.101456588978,159.90103551432014,
20020,1p1q,20,0,20,0.36865234375,0,-480918.73609633074,-462323.9314241536,-18599.37665832686,105.43250528688199,
20021,1p1q,21,0,20,0.36865234375,0,-480920.2820073151,-462323.9314241536,-18599.750159210438,78.39608608128177,
20022,1p1q,22,0,20,0.36865234375,0,-480921.2036351495,-462323.9314241536,-18599.354622728104,48.02155535354384,
20023,1p1q,23,0,20,0.36865234375,0,-480920.887076684,-462323.9314241536,-18599.829514986748,66.2728426340822,
20024,1p1q,24,0,20,0.36865234375,0,-480919.53422533796,-462323.9314241536,-18596.59401870417,22.85801902649554,
20025,1p1q,25,0,20,0.36865234375,0,-480921.2863270276,-462323.9314241536,-18599.833352512593,57.15440643701088,
20026,1p1q,26,0,20,0.36865234375,0,-480920.2124075227,-462323.9314241536,-18597.860455817456,36.42349994247417,
20027,1p1q,27,0,20,0.36865234375,0,-480918.5314046226,-462323.9314241536,-18598.815895027394,97.22129932414441,
20028,1p1q,28,0,20,0.36865234375,0,-480917.7017337613,-462323.9314241536,-18599.80871666121,139.24897467882568,
20029,1p1q,29,0,20,0.36865234375,0,-480918.4712774092,-462323.9314241536,-18597.8584494059,76.52864525551803,
20030,1p1q,30,0,20,0.36865234375,0,-480921.13457652257,-462323.9314241536,-18598.435975915665,28.429586365709632,
20031,1p1q,31,0,20,0.36865234375,0,-480916.86899053375,-462323.9314241536,-18597.861232704396,113.54244277266896,
20032,1p1q,32,0,20,0.36865234375,0,-480921.19950179086,-462323.9314241536,-18599.374928719277,48.58514014921904,
20033,1p1q,33,0,20,0.36865234375,0,-480921.0346771562,-462323.9314241536,-18597.861770695916,17.49183354778132,
20034,1p1q,34,0,20,0.36865234375,0,-480921.336832472,-462323.9314241536,-18599.11482436108,39.42007041495381,
20035,1p1q,35,0,20,0.36865234375,0,-480919.3228427551,-462323.9314241536,-18599.168310767884,87.09720245391935,
20036,1p1q,36,0,20,0.36865234375,0,-480922.36263620184,-462323.9314241536,-18599.800897723908,31.58570203709201,
20037,1p1q,37,0,20,0.36865234375,0,-480918.16155543266,-462323.9314241536,-18597.8652070229,83.82683805927857,
20038,1p1q,38,0,20,0.36865234375,0,-480919.25797168247,-462323.9314241536,-18597.70102531361,54.75675852821243,
20039,1p1q,39,0,20,0.36865234375,0,-480917.7529780201,-462323.9314241536,-18598.455190963025,106.85420989424051,
20040,1p1q,40,0,20,0.36865234375,0,-480921.1868220203,-462323.9314241536,-18599.28296954083,46.756913572306914,
20041,1p1q,41,0,20,0.36865234375,0,-480919.67126954434,-462323.9314241536,-18596.602996296162,19.90473273992732,
20042,1p1q,42,0,20,0.36865234375,0,-480922.27856432734,-462323.9314241536,-18598.654601938004,7.090236721383239,
20043,1p1q,43,0,20,0.36865234375,0,-480919.1597646555,-462323.9314241536,-18598.65286321091,78.97136972826124,
20044,1p1q,44,0,20,0.36865234375,0,-480922.3907649301,-462323.9314241536,-18599.78274626183,30.51845549394739,
20045,1p1q,45,0,20,0.36865234375,0,-480915.24571233324,-462323.9314241536,-18595.233680791134,90.38334078473069,
20046,1p1q,46,0,20,0.36865234375,0,-480919.85752927593,-462323.9314241536,-18593.6983072226,-51.374240023338835,
20047,1p1q,47,0,20,0.36865234375,0,-480915.63844849984,-462323.9314241536,-18598.43455798077,155.14061116159937,
20048,1p1q,48,0,20,0.36865234375,0,-480916.74856507115,-462323.9314241536,-18599.351993686432,150.69728484340277,
20049,1p1q,49,0,20,0.36865234375,0,-480923.4580085956,-462323.9314241536,-18599.798345095387,6.2669495457641675,
20050,1p1q,50,0,20,0.36865234375,0,-480922.8223304086,-462323.9314241536,-18599.096970266575,4.75194899524383,
20051,1p1q,51,0,20,0.36865234375,0,-480920.29348322074,-462323.9314241536,-18599.35256958651,68.9628108703676,
20052,1p1q,52,0,20,0.36865234375,0,-480917.8479438507,-462323.9314241536,-18590.297250068663,-83.46234037749225,
20053,1p1q,53,0,20,0.36865234375,0,-480914.60064543126,-462323.9314241536,-18593.68255621838,69.48915453062422,
20054,1p1q,54,0,20,0.36865234375,0,-480918.76269384555,-462323.9314241536,-18599.56700117039,109.2085622720033,
20055,1p1q,55,0,20,0.36865234375,0,-480917.6141649119,-462323.9314241536,-18597.618884510273,90.76963126081371,
20056,1p1q,56,0,20,0.36865234375,0,-480922.44295724557,-462323.9314241536,-18598.419588929886,-2.120282747033775,
20057,1p1q,57,0,20,0.36865234375,0,-480923.22686284117,-462323.9314241536,-18598.841357058758,-10.47137111975765,
20058,1p1q,58,0,20,0.36865234375,0,-480915.9056292855,-462323.9314241536,-18599.811886555428,180.741227348988,
20059,1p1q,59,0,20,0.36865234375,0,-480921.67074292223,-462323.9314241536,-18599.75415635752,46.46325859001527,
20060,1p1q,60,0,20,0.36865234375,0,-480918.0546368592,-462323.9314241536,-18590.29427284646,-88.29745076227351,
20061,1p1q,61,0,20,0.36865234375,0,-480916.8395328455,-462323.9314241536,-18599.754323906174,157.87747340841622,
20062,1p1q,62,0,20,0.36865234375,0,-480911.28250794945,-462323.9314241536,-18596.60034144568,213.2929484320386,
20063,1p1q,63,0,20,0.36865234375,0,-480919.3834381334,-462323.9314241536,-18598.66106171059,74.002398687046,
20064,1p1q,64,0,20,0.36865234375,0,-480921.638852828,-462323.9314241536,-18599.758495992894,47.29873600221265,
20065,1p1q,65,0,20,0.36865234375,0,-480920.83910860954,-462323.9314241536,-18599.358167952767,56.50949188725679,
20066,1p1q,66,0,20,0.36865234375,0,-480917.01252041094,-462323.9314241536,-18598.656208760018,128.56514852963716,
20067,1p1q,67,0,20,0.36865234375,0,-480918.76941084187,-462323.9314241536,-18597.619948214764,64.15355684520993,
20068,1p1q,68,0,20,0.36865234375,0,-480909.9323120497,-462323.9314241536,-18599.747364110226,317.00127223811467,
20069,1p1q,69,0,20,0.36865234375,0,-480922.56927006773,-462323.9314241536,-18599.5612292354,21.293725246587577,
20070,1p1q,70,0,20,0.36865234375,0,-480918.03200935654,-462323.9314241536,-18598.8139560883,108.69291474574895,
20071,1p1q,71,0,20,0.36865234375,0,-480924.0012567423,-462323.9314241536,-18599.039584225888,-23.758091647183527,
20072,1p1q,72,0,20,0.36865234375,0,-480913.8183324121,-462323.9314241536,-18598.6525923078,202.14147628731305,
20073,1p1q,73,0,20,0.36865234375,0,-480918.01637678675,-462323.9314241536,-18597.625352210274,81.64355378825218,
20074,1p1q,74,0,20,0.36865234375,0,-480911.8121030563,-462323.9314241536,-18593.69040299105,133.9754202227836,
20075,1p1q,75,0,20,0.36865234375,0,-480921.2692063085,-462323.9314241536,-18599.166897184128,42.18039461904807,
20076,1p1q,76,0,20,0.36865234375,0,-480920.17746146844,-462323.9314241536,-18592.608753806824,-83.8777503096743,
20077,1p1q,77,0,20,0.36865234375,0,-480918.2790403001,-462323.9314241536,-18598.659587747326,99.43642734528487,
20078,1p1q,78,0,20,0.36865234375,0,-480917.58254926733,-462323.9314241536,-18596.77815759825,72.11108217761296,
20079,1p1q,79,0,20,0.36865234375,0,-480921.07816862385,-462323.9314241536,-18599.82432294535,61.74642649579998,
20080,1p1q,80,0,20,0.36865234375,0,-480914.8387485229,-462323.9314241536,-18588.28780985522,-60.40743974488048,
20081,1p1q,81,0,20,0.36865234375,0,-480909.39892052946,-462323.9314241536,-18597.70762485909,282.2640683407914,
20082,1p1q,82,0,20,0.36865234375,0,-480913.7342844241,-462323.9314241536,-18597.860688871617,185.81794186727862,
20083,1p1q,83,0,20,0.36865234375,0,-480917.64318654756,-462323.9314241536,-18598.10079712319,101.2135453040533,
20084,1p1q,84,0,20,0.36865234375,0,-480919.80630359874,-462323.9314241536,-18597.482817835087,37.079940150435746,
20085,1p1q,85,0,20,0.36865234375,0,-480923.2092899613,-462323.9314241536,-18598.3821987574,-20.65457285373829,
20086,1p1q,86,0,20,0.36865234375,0,-480924.51479824714,-462323.9314241536,-18598.70000267672,-43.43157663992534,
20087,1p1q,87,0,20,0.36865234375,0,-480923.91443472425,-462323.9314241536,-18598.06263012337,-44.285025157107675,
20088,1p1q,88,0,20,0.36865234375,0,-480923.1057622217,-462323.9314241536,-18598.03320861506,-26.315070331768187,
20089,1p1q,89,0,20,0.36865234375,0,-480921.6200390094,-462323.9314241536,-18598.940109795803,28.860158924804814,
20090,1p1q,90,0,20,0.36865234375,0,-480921.6417775833,-462323.9314241536,-18598.819134122605,25.569090203271397,
20091,1p1q,91,0,20,0.36865234375,0,-480921.27323078434,-462323.9314241536,-18597.51265305924,3.9398122365393706,
20092,1p1q,92,0,20,0.36865234375,0,-480921.82020177774,-462323.9314241536,-18597.6709557836,-5.023090971795513,
20093,1p1q,93,0,20,0.36865234375,0,-480920.7205096268,-462323.9314241536,-18598.26640111851,34.067708100395265,
20094,1p1q,94,0,20,0.36865234375,0,-480923.3966180318,-462323.9314241536,-18598.50450242209,-22.154071273210747,
20095,1p1q,95,0,20,0.36865234375,0,-480923.935490065,-462323.9314241536,-18598.353493339295,-38.06310774698578,
20096,1p1q,96,0,20,0.36865234375,0,-480921.07372685603,-462323.9314241536,-18599.77039731192,60.605301445920325,
20097,1p1q,97,0,20,0.36865234375,0,-480922.96923243336,-462323.9314241536,-18599.346954948178,7.129091534195359,
20098,1p1q,98,0,20,0.36865234375,0,-480923.5880556338,-462323.9314241536,-18599.06616229462,-13.616542896644816,
20099,1p1q,99,0,20,0.36865234375,0,-480923.9224406562,-462323.9314241536,-18599.298071390862,-15.979693893427642,
20100,1p1q,100,0,20,0.36865234375,0,-480925.5433492594,-462323.9314241536,-18599.230817860836,-54.90963751225037,
