mol_id,ligand_pdb,pose_index,label,ligunity_rank,ligunity_score,formal_charge,aimnet_complex_eV,aimnet_pocket_eV,aimnet_ligand_eV,aimnet_interaction_kcal_mol,error
1001,1gpn,1,1,1,0.58251953125,1,-660861.8804588743,-638893.3284401357,-21970.587724522706,46.9444906037922,
1002,1gpn,2,1,1,0.58251953125,1,-660845.9513447115,-638893.3284401357,-21970.586704389196,414.2550648169605,
1003,1gpn,3,1,1,0.58251953125,1,-660844.2758561352,-638893.3284401357,-21970.58602644597,452.8771155280303,
1004,1gpn,4,1,1,0.58251953125,1,-660856.6449997107,-638893.3284401357,-21970.589566783066,167.7195305933039,
1005,1gpn,5,1,1,0.58251953125,1,-660863.7510582783,-638893.3284401357,-21970.586475745793,3.77864609671926,
1006,1gpn,6,1,1,0.58251953125,1,-660857.8173454532,-638893.3284401357,-21970.587094680424,140.6275874839049,
1007,1gpn,7,1,1,0.58251953125,1,-660861.3570863283,-638893.3284401357,-21970.58831591998,59.02738617815164,
1008,1gpn,8,1,1,0.58251953125,1,-660859.8700723925,-638893.3284401357,-21970.58953459656,93.34684551921094,
1009,1gpn,9,1,1,0.58251953125,1,-660857.3530861117,-638893.3284401357,-21970.581906453725,151.2140188838461,
1010,1gpn,10,1,1,0.58251953125,1,-660859.4508064073,-638893.3284401357,-21970.58868457472,102.99574685668134,
1011,1gpn,11,1,1,0.58251953125,1,-660857.2160059338,-638893.3284401357,-21970.58795864974,154.51472983856584,
1012,1gpn,12,1,1,0.58251953125,1,-660841.6540590206,-638893.3284401357,-21970.587362364884,513.3680003137088,
1013,1gpn,13,1,1,0.58251953125,1,-660854.2131365516,-638893.3284401357,-21970.588592604752,223.77716220734806,
1014,1gpn,14,1,1,0.58251953125,1,-660859.8594711105,-638893.3284401357,-21970.588758842106,93.57342756727532,
1015,1gpn,15,1,1,0.58251953125,1,-660857.5624807304,-638893.3284401357,-21970.592280999765,146.62450698049543,
1016,1gpn,16,1,1,0.58251953125,1,-660862.1803285906,-638893.3284401357,-21970.59298469221,40.15063305896593,
1017,1gpn,17,1,1,0.58251953125,1,-660858.425383059,-638893.3284401357,-21970.589702264424,126.66603950888563,
1018,1gpn,18,1,1,0.58251953125,1,-660854.1563880871,-638893.3284401357,-21970.587020770665,225.04956553143586,
1019,1gpn,19,1,1,0.58251953125,1,-660863.1178564256,-638893.3284401357,-21970.588239983663,18.42131199851782,
1020,1gpn,20,1,1,0.58251953125,1,-660863.7052113691,-638893.3284401357,-21970.58849503195,4.8824667834552775,
1021,1gpn,21,1,1,0.58251953125,1,-660859.4196823962,-638893.3284401357,-21970.586500243302,103.66311172262897,
1022,1gpn,22,1,1,0.58251953125,1,-660858.9167205968,-638893.3284401357,-21970.58954937851,115.33200108265214,
1023,1gpn,23,1,1,0.58251953125,1,-660860.5942536867,-638893.3284401357,-21970.58507002984,76.5438727917232,
1024,1gpn,24,1,1,0.58251953125,1,-660858.1776880602,-638893.3284401357,-21970.5823398987,132.20824168799606,
1025,1gpn,25,1,1,0.58251953125,1,-660844.9477565862,-638893.3284401357,-21970.58679165041,437.40036907238874,
1026,1gpn,26,1,1,0.58251953125,1,-660858.4623113103,-638893.3284401357,-21970.588483826275,125.78635595030273,
1027,1gpn,27,1,1,0.58251953125,1,-660862.5933546998,-638893.3284401357,-21970.588668481454,30.526490527347075,
1028,1gpn,28,1,1,0.58251953125,1,-660861.7727229277,-638893.3284401357,-21970.588929370995,49.456725013701394,
1029,1gpn,29,1,1,0.58251953125,1,-660863.1543247976,-638893.3284401357,-21970.58593531048,17.527184335934837,
1030,1gpn,30,1,1,0.58251953125,1,-660846.2544697502,-638893.3284401357,-21970.588952199574,407.31667110111226,
1031,1gpn,31,1,1,0.58251953125,1,-660861.7435711749,-638893.3284401357,-21970.591316477403,50.18402838553623,
1032,1gpn,32,1,1,0.58251953125,1,-660858.2018539141,-638893.3284401357,-21970.58670695221,131.75167050555365,
1033,1gpn,33,1,1,0.58251953125,1,-660863.1161575891,-638893.3284401357,-21970.587515608426,18.443783607960533,
1034,1gpn,34,1,1,0.58251953125,1,-660859.0173946746,-638893.3284401357,-21970.584453360196,112.89288472326358,
1035,1gpn,35,1,1,0.58251953125,1,-660861.9224669313,-638893.3284401357,-21970.59249086772,46.08567632313777,
1036,1gpn,36,1,1,0.58251953125,1,-660865.4185939857,-638893.3284401357,-21970.589079097863,-34.6156061197531,
1037,1gpn,37,1,1,0.58251953125,1,-660858.8214714356,-638893.3284401357,-21970.592478767987,117.59605224741208,
1038,1gpn,38,1,1,0.58251953125,1,-660853.1857026346,-638893.3284401357,-21970.589427546616,247.48960540822006,
1039,1gpn,39,1,1,0.58251953125,1,-660859.4039876288,-638893.3284401357,-21970.588100866422,104.06195290456563,
1040,1gpn,40,1,1,0.58251953125,1,-660862.2313950935,-638893.3284401357,-21970.583990053292,38.765590224605525,
1041,1gpn,41,1,1,0.58251953125,1,-660857.4082779564,-638893.3284401357,-21970.587053910847,150.05996789042737,
1042,1gpn,42,1,1,0.58251953125,1,-660859.4235763382,-638893.3284401357,-21970.588023678418,103.60844653547169,
1043,1gpn,43,1,1,0.58251953125,1,-660857.5604496574,-638893.3284401357,-21970.589655593976,146.61080134020585,
1044,1gpn,44,1,1,0.58251953125,1,-660860.5783349255,-638893.3284401357,-21970.590688065644,77.04052313051662,
1045,1gpn,45,1,1,0.58251953125,1,-660864.0067485549,-638893.3284401357,-21970.586478368397,-2.1176512784708645,
1046,1gpn,46,1,1,0.58251953125,1,-660864.7985537626,-638893.3284401357,-21970.588998810406,-20.31899037034431,
1047,1gpn,47,1,1,0.58251953125,1,-660844.2977450317,-638893.3284401357,-21970.58899863158,452.4408858124001,
1048,1gpn,48,1,1,0.58251953125,1,-660836.6785816082,-638893.3284401357,-21970.588637129422,628.1346319298066,
1049,1gpn,49,1,1,0.58251953125,1,-660859.4147249885,-638893.3284401357,-21970.588571504708,103.82519668303053,
1050,1gpn,50,1,1,0.58251953125,1,-660859.7319211491,-638893.3284401357,-21970.587935642357,96.49581611671931,
1051,1gpn,51,1,1,0.58251953125,1,-660852.524881733,-638893.3284401357,-21970.58979667817,262.7370097935168,
1052,1gpn,52,1,1,0.58251953125,1,-660853.9268668422,-638893.3284401357,-21970.585546449776,230.3084525297841,
1053,1gpn,53,1,1,0.58251953125,1,-660859.0172985472,-638893.3284401357,-21970.588517085667,112.98881320916432,
1054,1gpn,54,1,1,0.58251953125,1,-660861.1948686816,-638893.3284401357,-21970.586275176163,62.72115330892775,
1055,1gpn,55,1,1,0.58251953125,1,-660858.9217890775,-638893.3284401357,-21970.58844204341,115.18958338882999,
1056,1gpn,56,1,1,0.58251953125,1,-660855.4456301162,-638893.3284401357,-21970.587267295476,195.3246230519294,
1057,1gpn,57,1,1,0.58251953125,1,-660816.0291157343,-638893.3284401357,-21970.589221195336,1104.3360962728045,
1058,1gpn,58,1,1,0.58251953125,1,-660858.32108256,-638893.3284401357,-21970.586154417153,128.9894508522777,
1059,1gpn,59,1,1,0.58251953125,1,-660856.8492341762,-638893.3284401357,-21970.58637227212,162.9361047606834,
1060,1gpn,60,1,1,0.58251953125,1,-660864.824325932,-638893.3284401357,-21970.586207465287,-20.9776806619502,
1061,1gpn,61,1,1,0.58251953125,1,-660843.9233988203,-638893.3284401357,-21970.591547445412,461.1322915670076,
1062,1gpn,62,1,1,0.58251953125,1,-660863.1502823062,-638893.3284401357,-21970.587793306466,17.663252805626552,
1063,1gpn,63,1,1,0.58251953125,1,-660859.9152200347,-638893.3284401357,-21970.589071945295,92.29504716651498,
1064,1gpn,64,1,1,0.58251953125,1,-660855.4837388077,-638893.3284401357,-21970.586710588093,194.4329777699297,
1065,1gpn,65,1,1,0.58251953125,1,-660857.9432316549,-638893.3284401357,-21970.58597315943,137.69871981884268,
1066,1gpn,66,1,1,0.58251953125,1,-660817.8689526595,-638893.3284401357,-21970.591408506985,1061.9588894620285,
1067,1gpn,67,1,1,0.58251953125,1,-660860.0808247303,-638893.3284401357,-21970.58349074517,88.3474066284781,
1068,1gpn,68,1,1,0.58251953125,1,-660857.5336151102,-638893.3284401357,-21970.588027195092,147.19206892838287,
1069,1gpn,69,1,1,0.58251953125,1,-660859.3013170041,-638893.3284401357,-21970.584385947343,106.34392568528328,
1070,1gpn,70,1,1,0.58251953125,1,-660862.2697394021,-638893.3284401357,-21970.585779086705,37.9226055522886,
1071,1gpn,71,1,1,0.58251953125,1,-660858.533046869,-638893.3284401357,-21970.586417154416,124.10749663182389,
1072,1gpn,72,1,1,0.58251953125,1,-660853.390419198,-638893.3284401357,-21970.588053957577,242.73705359184018,
1073,1gpn,73,1,1,0.58251953125,1,-660845.7701716252,-638893.3284401357,-21970.58640690243,418.42615523097436,
1074,1gpn,74,1,1,0.58251953125,1,-660854.0312681029,-638893.3284401357,-21970.588019446488,227.95793092208015,
1075,1gpn,75,1,1,0.58251953125,1,-660863.1933276033,-638893.3284401357,-21970.586683765992,16.64501806337476,
1076,1gpn,76,1,1,0.58251953125,1,-660860.4575499871,-638893.3284401357,-21970.590394453164,79.81911911357643,
1077,1gpn,77,1,1,0.58251953125,1,-660839.711298389,-638893.3284401357,-21970.589135305043,558.2100097525407,
1078,1gpn,78,1,1,0.58251953125,1,-660859.6462362238,-638893.3284401357,-21970.58870472109,98.48949281224675,
1079,1gpn,79,1,1,0.58251953125,1,-660829.096873117,-638893.3284401357,-21970.590183095082,803.0086340439447,
1080,1gpn,80,1,1,0.58251953125,1,-660857.6234569231,-638893.3284401357,-21970.583236173745,145.00978392905688,
1081,1gpn,81,1,1,0.58251953125,1,-660841.5079590209,-638893.3284401357,-21970.14902575409,506.6288639648725,
1082,1gpn,82,1,1,0.58251953125,1,-660861.1359049508,-638893.3284401357,-21970.032266811486,51.30515285144885,
1083,1gpn,83,1,1,0.58251953125,1,-660842.2353578932,-638893.3284401357,-21970.11736817753,489.124606420718,
1084,1gpn,84,1,1,0.58251953125,1,-660856.265464557,-638893.3284401357,-21970.201415793057,167.52084468893818,
1085,1gpn,85,1,1,0.58251953125,1,-660824.3963136502,-638893.3284401357,-21970.143985823746,901.1165569422409,
1086,1gpn,86,1,1,0.58251953125,1,-660860.7258059211,-638893.3284401357,-21970.133717671986,63.101773561179925,
1087,1gpn,87,1,1,0.58251953125,1,-660862.8157354271,-638893.3284401357,-21970.14826913272,15.242418882818209,
1088,1gpn,88,1,1,0.58251953125,1,-660827.7349526861,-638893.3284401357,-21970.108950273152,823.3177727745827,
1089,1gpn,89,1,1,0.58251953125,1,-660862.2596257158,-638893.3284401357,-21970.183539764043,28.879973559876852,
1090,1gpn,90,1,1,0.58251953125,1,-660857.6733335234,-638893.3284401357,-21970.157951668854,134.052308533545,
1091,1gpn,91,1,1,0.58251953125,1,-660847.8315674787,-638893.3284401357,-21970.069772318944,358.9753610295333,
1092,1gpn,92,1,1,0.58251953125,1,-660846.2020239809,-638893.3284401357,-21970.16669292843,398.7885691536406,
1093,1gpn,93,1,1,0.58251953125,1,-660860.5924148686,-638893.3284401357,-21970.142687873,66.38470205674321,
1094,1gpn,94,1,1,0.58251953125,1,-660857.8574369233,-638893.3284401357,-21970.18975342905,130.540149287306,
1095,1gpn,95,1,1,0.58251953125,1,-660862.8075212068,-638893.3284401357,-21970.16757901108,15.877139676194952,
1096,1gpn,96,1,1,0.58251953125,1,-660841.391002474,-638893.3284401357,-21970.15039356148,509.3574883965263,
1097,1gpn,97,1,1,0.58251953125,1,-660864.5146241165,-638893.3284401357,-21970.18291618025,-23.13590510112614,
1098,1gpn,98,1,1,0.58251953125,1,-660834.1380677054,-638893.3284401357,-21970.19003112709,677.5282015170392,
1099,1gpn,99,1,1,0.58251953125,1,-660861.4204396436,-638893.3284401357,-21970.20931716357,48.82650507218656,
1100,1gpn,100,1,1,0.58251953125,1,-660866.8646646121,-638893.3284401357,-21970.587560252305,-67.99781237643894,
2001,1e66,1,1,2,0.58251953125,0,-673378.2416522045,-638893.3284401357,-34494.08244373111,211.4475053176834,
2002,1e66,2,1,2,0.58251953125,0,-673377.3781018993,-638893.3284401357,-34494.07970603017,231.29831555259514,
2003,1e66,3,1,2,0.58251953125,0,-673373.5365090059,-638893.3284401357,-34494.128464089954,321.01193978531404,
2004,1e66,4,1,2,0.58251953125,0,-673361.9010161449,-638893.3284401357,-34494.1344144216,589.4699973475992,
2005,1e66,5,1,2,0.58251953125,0,-673377.5932368626,-638893.3284401357,-34494.07885109095,226.31747007508318,
2006,1e66,6,1,2,0.58251953125,0,-673359.6638057521,-638893.3284401357,-34494.132652195374,641.0206567166157,
2007,1e66,7,1,2,0.58251953125,0,-673373.1788247662,-638893.3284401357,-34494.12818342658,329.2538620531222,
2008,1e66,8,1,2,0.58251953125,0,-673369.645825087,-638893.3284401357,-34494.07188591568,409.4285186981914,
2009,1e66,9,1,2,0.58251953125,0,-673376.9467775513,-638893.3284401357,-34494.06834116785,240.98281135828614,
2010,1e66,10,1,2,0.58251953125,0,-673377.5037101796,-638893.3284401357,-34494.133809076826,229.6493656919749,
2011,1e66,11,1,2,0.58251953125,0,-673363.5692418803,-638893.3284401357,-34494.125960843885,550.8048538503439,
2012,1e66,12,1,2,0.58251953125,0,-673378.7023050922,-638893.3284401357,-34494.13131423501,201.95157796020308,
2013,1e66,13,1,2,0.58251953125,0,-673378.708831339,-638893.3284401357,-34494.079505535046,200.60634213050574,
2014,1e66,14,1,2,0.58251953125,0,-673377.07702656,-638893.3284401357,-34494.0739874414,238.10940402566865,
2015,1e66,15,1,2,0.58251953125,0,-673374.9330714187,-638893.3284401357,-34494.12824328455,288.8013535744601,
2016,1e66,16,1,2,0.58251953125,0,-673374.2683352222,-638893.3284401357,-34494.1329746416,304.23964211458826,
2017,1e66,17,1,2,0.58251953125,0,-673377.78190264,-638893.3284401357,-34494.128502132575,223.11171411059343,
2018,1e66,18,1,2,0.58251953125,0,-673367.3843678079,-638893.3284401357,-34494.13116499988,462.94597060626626,
2019,1e66,19,1,2,0.58251953125,0,-673375.3577859688,-638893.3284401357,-34494.12917018148,279.02857812750744,
2020,1e66,20,1,2,0.58251953125,0,-673383.0652367611,-638893.3284401357,-34494.084608288686,100.26291881916225,
2021,1e66,21,1,2,0.58251953125,0,-673378.3341849138,-638893.3284401357,-34494.13910703568,210.62033719555257,
2022,1e66,22,1,2,0.58251953125,0,-673380.2240010939,-638893.3284401357,-34494.08291931657,165.74442119922475,
2023,1e66,23,1,2,0.58251953125,0,-673383.8459540297,-638893.3284401357,-34494.12885271224,83.27945155030689,
2024,1e66,24,1,2,0.58251953125,0,-673375.7800302941,-638893.3284401357,-34494.08292547075,268.224964304532,
2025,1e66,25,1,2,0.58251953125,0,-673380.2870793481,-638893.3284401357,-34494.08370155303,164.30784090174598,
2026,1e66,26,1,2,0.58251953125,0,-673378.0258643916,-638893.3284401357,-34494.076713027636,216.2915373379608,
2027,1e66,27,1,2,0.58251953125,0,-673346.7268253999,-638893.3284401357,-34494.113170059645,938.9052421884404,
2028,1e66,28,1,2,0.58251953125,0,-673376.2080712159,-638893.3284401357,-34494.07955831496,258.2764576966412,
2029,1e66,29,1,2,0.58251953125,0,-673356.1200273474,-638893.3284401357,-34494.12530133335,722.5726132141908,
2030,1e66,30,1,2,0.58251953125,0,-673369.538862898,-638893.3284401357,-34494.07680936364,412.0086627801402,
2031,1e66,31,1,2,0.58251953125,0,-673371.9681551891,-638893.3284401357,-34494.13018590423,357.21874397494565,
2032,1e66,32,1,2,0.58251953125,0,-673376.7599630196,-638893.3284401357,-34494.12431881038,246.5817319047884,
2033,1e66,33,1,2,0.58251953125,0,-673387.7318371226,-638893.3284401357,-34494.12952494828,-6.315639245868332,
2034,1e66,34,1,2,0.58251953125,0,-673353.7175641647,-638893.3284401357,-34494.13492594866,778.1966792516724,
2035,1e66,35,1,2,0.58251953125,0,-673361.3657868194,-638893.3284401357,-34494.12391136798,601.5704726388658,
2036,1e66,36,1,2,0.58251953125,0,-673382.9091802676,-638893.3284401357,-34494.075879933516,103.6603864004117,
2037,1e66,37,1,2,0.58251953125,0,-673366.956311508,-638893.3284401357,-34494.137687342445,472.96759217738645,
2038,1e66,38,1,2,0.58251953125,0,-673378.4830677649,-638893.3284401357,-34494.130757453124,206.99447113829038,
2039,1e66,39,1,2,0.58251953125,0,-673343.9717580517,-638893.3284401357,-34494.13087477001,1002.8468848694603,
2040,1e66,40,1,2,0.58251953125,0,-673375.9202979644,-638893.3284401357,-34494.07414645163,264.7878659948968,
2041,1e66,41,1,2,0.58251953125,0,-673380.0002259453,-638893.3284401357,-34494.12631081251,171.90543038502244,
2042,1e66,42,1,2,0.58251953125,0,-673367.7426974317,-638893.3284401357,-34494.13251032142,454.7137170286399,
2043,1e66,43,1,2,0.58251953125,0,-673343.1378686716,-638893.3284401357,-34494.08096257063,1020.9258281435533,
2044,1e66,44,1,2,0.58251953125,0,-673353.9160309422,-638893.3284401357,-34494.07512922792,772.2409814959487,
2045,1e66,45,1,2,0.58251953125,0,-673383.1189711828,-638893.3284401357,-34494.08365743069,99.00184631038739,
2046,1e66,46,1,2,0.58251953125,0,-673371.2384161493,-638893.3284401357,-34494.138464110176,374.2378259700215,
2047,1e66,47,1,2,0.58251953125,0,-673374.4563355584,-638893.3284401357,-34494.080440702164,298.6927899442933,
2048,1e66,48,1,2,0.58251953125,0,-673380.5279509265,-638893.3284401357,-34494.12678210644,159.7466715109701,
2049,1e66,49,1,2,0.58251953125,0,-673378.1024212678,-638893.3284401357,-34494.12429678647,215.62340137940922,
2050,1e66,50,1,2,0.58251953125,0,-673380.2366495869,-638893.3284401357,-34494.13819503991,166.72742848213565,
2051,1e66,51,1,2,0.58251953125,0,-673379.2765601862,-638893.3284401357,-34494.07815480443,187.4830553080794,
2052,1e66,52,1,2,0.58251953125,0,-673381.5410506417,-638893.3284401357,-34494.08147168366,135.33915389902026,
2053,1e66,53,1,2,0.58251953125,0,-673375.5373150845,-638893.3284401357,-34494.0721544346,273.5737240105944,
2054,1e66,54,1,2,0.58251953125,0,-673360.7444394074,-638893.3284401357,-34494.136666493694,616.1932245394452,
2055,1e66,55,1,2,0.58251953125,0,-673368.2220877993,-638893.3284401357,-34494.123187603676,443.4437255479024,
2056,1e66,56,1,2,0.58251953125,0,-673378.5479089905,-638893.3284401357,-34494.12515767125,205.3700629156522,
2057,1e66,57,1,2,0.58251953125,0,-673376.8957345773,-638893.3284401357,-34494.08002515344,242.4293294100917,
2058,1e66,58,1,2,0.58251953125,0,-673353.7526178948,-638893.3284401357,-34494.12142479626,777.0769770608268,
2059,1e66,59,1,2,0.58251953125,0,-673377.2700407346,-638893.3284401357,-34494.131140264,234.97636681990437,
2060,1e66,60,1,2,0.58251953125,0,-673372.4004696597,-638893.3284401357,-34494.126854540984,347.17251238536215,
2061,1e66,61,1,2,0.58251953125,0,-673378.133858173,-638893.3284401357,-34494.12422828583,214.89686945966318,
2062,1e66,62,1,2,0.58251953125,0,-673376.3700482687,-638893.3284401357,-34494.12631420998,255.6193946764078,
2063,1e66,63,1,2,0.58251953125,0,-673374.4159658836,-638893.3284401357,-34494.075874360526,299.5184344210714,
2064,1e66,64,1,2,0.58251953125,0,-673383.2432470758,-638893.3284401357,-34494.08080025224,96.07008803599356,
2065,1e66,65,1,2,0.58251953125,0,-673371.0374479283,-638893.3284401357,-34494.079964803735,377.5232371873641,
2066,1e66,66,1,2,0.58251953125,0,-673376.0132880352,-638893.3284401357,-34494.128159629385,263.8890374881569,
2067,1e66,67,1,2,0.58251953125,0,-673370.0283566851,-638893.3284401357,-34494.12743284019,401.8880729932572,
2068,1e66,68,1,2,0.58251953125,0,-673344.9721555252,-638893.3284401357,-34494.13239550797,979.812240130994,
2069,1e66,69,1,2,0.58251953125,0,-673378.4950131465,-638893.3284401357,-34494.12774041502,206.64942954195834,
2070,1e66,70,1,2,0.58251953125,0,-673366.0897220364,-638893.3284401357,-34495.69371620027,528.8344980380473,
2071,1e66,71,1,2,0.58251953125,0,-673376.9071455585,-638893.3284401357,-34495.60498628231,277.3326249849534,
2072,1e66,72,1,2,0.58251953125,0,-673384.2449352284,-638893.3284401357,-34495.50684717504,105.85603375471572,
2073,1e66,73,1,2,0.58251953125,0,-673349.0332185467,-638893.3284401357,-34495.66341029314,921.4679417651574,
2074,1e66,74,1,2,0.58251953125,0,-673386.2952601751,-638893.3284401357,-34495.484815256874,58.06634914896872,
2075,1e66,75,1,2,0.58251953125,0,-673354.8976099925,-638893.3284401357,-34495.64501005622,785.8075427863498,
2076,1e66,76,1,2,0.58251953125,0,-673361.1811196347,-638893.3284401357,-34495.61196212677,640.1442647823379,
2077,1e66,77,1,2,0.58251953125,0,-673386.8246452351,-638893.3284401357,-34495.62546450106,49.10188827601601,
2078,1e66,78,1,2,0.58251953125,0,-673381.1580990246,-638893.3284401357,-34495.5262701383,177.48807185141555,
2079,1e66,79,1,2,0.58251953125,0,-673371.3719370948,-638893.3284401357,-34495.662110345686,406.29487670951886,
2080,1e66,80,1,2,0.58251953125,0,-673350.6757466932,-638893.3284401357,-34495.62638224868,882.7364558891378,
2081,1e66,81,1,2,0.58251953125,0,-673381.4358882447,-638893.3284401357,-34495.62896286158,173.4502507114493,
2082,1e66,82,1,2,0.58251953125,0,-673385.269386827,-638893.3284401357,-34495.48677233068,81.76868175552606,
2083,1e66,83,1,2,0.58251953125,0,-673387.4205280083,-638893.3284401357,-34495.53048932763,33.17032555437054,
2084,1e66,84,1,2,0.58251953125,0,-673343.511972784,-638893.3284401357,-34495.675823586265,1049.0771511004411,
2085,1e66,85,1,2,0.58251953125,0,-673363.3824753155,-638893.3284401357,-34495.608978839795,589.3110005804855,
2086,1e66,86,1,2,0.58251953125,0,-673385.4343605181,-638893.3284401357,-34495.53715232221,79.1260882654014,
2087,1e66,87,1,2,0.58251953125,0,-673364.0498911577,-638893.3284401357,-34495.56505857619,572.9072002893738,
2088,1e66,88,1,2,0.58251953125,0,-673382.2496661086,-638893.3284401357,-34495.49531342296,151.60205808383182,
2089,1e66,89,1,2,0.58251953125,0,-673379.9550536264,-638893.3284401357,-34495.63552203981,207.75036649731075,
2090,1e66,90,1,2,0.58251953125,0,-673360.907111912,-638893.3284401357,-34495.63478367237,646.9893103196501,
2091,1e66,91,1,2,0.58251953125,0,-673381.2530560185,-638893.3284401357,-34495.49101849111,174.4853892546636,
2092,1e66,92,1,2,0.58251953125,0,-673385.9164303084,-638893.3284401357,-34495.60492301194,69.57212404165398,
2093,1e66,93,1,2,0.58251953125,0,-673362.3140895057,-638893.3284401357,-34495.66529049186,615.2471401942386,
2094,1e66,94,1,2,0.58251953125,0,-673384.2547146818,-638893.3284401357,-34495.54962742535,106.61705021046632,
2095,1e66,95,1,2,0.58251953125,0,-673339.903729363,-638893.3284401357,-34495.5728981516,1129.9117041847644,
2096,1e66,96,1,2,0.58251953125,0,-673378.9504989971,-638893.3284401357,-34495.65243479816,231.30596404823612,
2097,1e66,97,1,2,0.58251953125,0,-673378.9796017695,-638893.3284401357,-34495.51940800456,227.56716743772716,
2098,1e66,98,1,2,0.58251953125,0,-673375.3128645114,-638893.3284401357,-34495.61950394718,314.43240463246804,
2099,1e66,99,1,2,0.58251953125,0,-673376.0072364944,-638893.3284401357,-34494.07858526913,262.8853774267213,
2100,1e66,100,1,2,0.58251953125,0,-673374.7690826495,-638893.3284401357,-34494.07999941913,291.47049446368544,
3001,1h23,1,1,3,0.58251953125,2,-680850.0435799967,-638893.3284401357,-41963.234204414846,150.33319995519335,
3002,1h23,2,1,3,0.58251953125,2,-680844.2767074717,-638893.3284401357,-41963.309205416124,285.0500038279462,
3003,1h23,3,1,3,0.58251953125,2,-680842.2090481521,-638893.3284401357,-41963.53678036062,337.979363357871,
3004,1h23,4,1,3,0.58251953125,2,-680841.7477361719,-638893.3284401357,-41962.94132137636,334.88585995330556,
3005,1h23,5,1,3,0.58251953125,2,-680847.4664329003,-638893.3284401357,-41963.39529252386,213.47840388107957,
3006,1h23,6,1,3,0.58251953125,2,-680811.1165543807,-638893.3284401357,-41963.545530084055,1055.1910765609043,
3007,1h23,7,1,3,0.58251953125,2,-680853.3191366048,-638893.3284401357,-41963.67659330694,84.99880032799106,
3008,1h23,8,1,3,0.58251953125,2,-680802.4116912793,-638893.3284401357,-41963.68379950861,1259.118557149961,
3009,1h23,9,1,3,0.58251953125,2,-680843.5347602974,-638893.3284401357,-41963.21815765238,300.0601008181023,
3010,1h23,10,1,3,0.58251953125,2,-680823.9001297368,-638893.3284401357,-41963.393649581354,756.8923780203208,
3011,1h23,11,1,3,0.58251953125,2,-680844.0610336663,-638893.3284401357,-41963.47780871717,293.9116444224993,
3012,1h23,12,1,3,0.58251953125,2,-680771.8481421928,-638893.3284401357,-41952.07469660381,1696.218469924908,
3013,1h23,13,1,3,0.58251953125,2,-680774.6185201119,-638893.3284401357,-41952.83097833734,1649.7723085025548,
3014,1h23,14,1,3,0.58251953125,2,-680760.5369890492,-638893.3284401357,-41952.92870390741,1976.753734285702,
3015,1h23,15,1,3,0.58251953125,2,-680761.1586991252,-638893.3284401357,-41957.575810435694,2069.5815817108323,
3016,1h23,16,1,3,0.58251953125,2,-680763.0693406026,-638893.3284401357,-41959.259322885075,2064.3438618954788,
3017,1h23,17,1,3,0.58251953125,2,-680791.794820429,-638893.3284401357,-41959.20642388206,1400.6986804136848,
3018,1h23,18,1,3,0.58251953125,2,-680789.1754198087,-638893.3284401357,-41954.115399483126,1343.7016820455167,
3019,1h23,19,1,3,0.58251953125,2,-680852.752747804,-638893.3284401357,-41963.323902371805,89.92679017908453,
3020,1h23,20,1,3,0.58251953125,2,-680777.0427931409,-638893.3284401357,-41937.78859222273,1246.9815798808718,
3021,1h23,21,1,3,0.58251953125,2,-680773.1824538122,-638893.3284401357,-41954.884391251566,1730.2416108186947,
3022,1h23,22,1,3,0.58251953125,2,-680806.268855126,-638893.3284401357,-41956.60447323648,1006.9171036650633,
3023,1h23,23,1,3,0.58251953125,2,-680762.9077709168,-638893.3284401357,-41950.57370895473,1867.774731883717,
3024,1h23,24,1,3,0.58251953125,2,-680780.07515891,-638893.3284401357,-41928.76649058203,968.998957603407,
3025,1h23,25,1,3,0.58251953125,2,-680820.1769704084,-638893.3284401357,-41951.332933310034,564.6237473461168,
3026,1h23,26,1,3,0.58251953125,2,-680724.3180674327,-638893.3284401357,-41933.73263815371,2369.310116122204,
3027,1h23,27,1,3,0.58251953125,2,-680774.4261192532,-638893.3284401357,-41940.00926784007,1358.5335095154364,
3028,1h23,28,1,3,0.58251953125,2,-680763.2285847674,-638893.3284401357,-41952.20511103014,1897.9976143277559,
3029,1h23,29,1,3,0.58251953125,2,-680803.978649215,-638893.3284401357,-41961.476469520145,1172.081409948435,
3030,1h23,30,1,3,0.58251953125,2,-680760.9870283913,-638893.3284401357,-41940.66955966083,1683.6729982494358,
3031,1h23,31,1,3,0.58251953125,2,-680770.5495535136,-638893.3284401357,-41959.3764852318,1894.547882177973,
3032,1h23,32,1,3,0.58251953125,2,-680780.4959531288,-638893.3284401357,-41945.822959605255,1352.6267321260284,
3033,1h23,33,1,3,0.58251953125,2,-680741.8667811315,-638893.3284401357,-41932.75352630358,1942.0483088548667,
3034,1h23,34,1,3,0.58251953125,2,-680743.881821395,-638893.3284401357,-41947.196644994896,2228.646605881368,
3035,1h23,35,1,3,0.58251953125,2,-680763.9327072651,-638893.3284401357,-41922.87553629605,1205.4041027837534,
3036,1h23,36,1,3,0.58251953125,2,-680796.8273361783,-638893.3284401357,-41959.401650789776,1289.1481497109933,
3037,1h23,37,1,3,0.58251953125,2,-680851.1619606626,-638893.3284401357,-41963.48367333743,130.2956191380162,
3038,1h23,38,1,3,0.58251953125,2,-680777.3938700418,-638893.3284401357,-41950.26848933427,1526.6788184759037,
3039,1h23,39,1,3,0.58251953125,2,-680810.1431756765,-638893.3284401357,-41947.77427280275,713.9438898437345,
3040,1h23,40,1,3,0.58251953125,2,-680804.6899463246,-638893.3284401357,-41960.307074550095,1128.7116202908614,
3041,1h23,41,1,3,0.58251953125,2,-680778.0866090667,-638893.3284401357,-41952.65522325373,1565.7432687673604,
3042,1h23,42,1,3,0.58251953125,2,-680823.2822462483,-638893.3284401357,-41957.922027412336,644.9625050190576,
3043,1h23,43,1,3,0.58251953125,2,-680791.2214548886,-638893.3284401357,-41959.407183769625,1418.5504368712348,
3044,1h23,44,1,3,0.58251953125,2,-680807.7433214348,-638893.3284401357,-41961.47890341608,1085.3221331291236,
3045,1h23,45,1,3,0.58251953125,2,-680783.7287730286,-638893.3284401357,-41958.54409921508,1571.4325826313343,
3046,1h23,46,1,3,0.58251953125,2,-680795.3810869175,-638893.3284401357,-41955.12046718928,1223.7730107737111,
3047,1h23,47,1,3,0.58251953125,2,-680787.3839146794,-638893.3284401357,-41959.73164546816,1514.528480935087,
3048,1h23,48,1,3,0.58251953125,2,-680751.4122201066,-638893.3284401357,-41930.27156871883,1664.6899552087102,
3049,1h23,49,1,3,0.58251953125,2,-680761.4995053719,-638893.3284401357,-41958.2174123559,2076.518094726194,
3050,1h23,50,1,3,0.58251953125,2,-680781.7014426155,-638893.3284401357,-41948.10845709173,1377.5323082625487,
3051,1h23,51,1,3,0.58251953125,2,-680803.838507265,-638893.3284401357,-41962.54049396841,1199.8501467713659,
3052,1h23,52,1,3,0.58251953125,2,-680814.7038185011,-638893.3284401357,-41940.192037973204,433.9224788983354,
3053,1h23,53,1,3,0.58251953125,2,-680802.8473703872,-638893.3284401357,-41945.511806729795,830.0154495898154,
3054,1h23,54,1,3,0.58251953125,2,-680807.1141542209,-638893.3284401357,-41960.15788209764,1069.36759846012,
3055,1h23,55,1,3,0.58251953125,2,-680751.4546379298,-638893.3284401357,-41959.18720782129,2330.5222555426326,
3056,1h23,56,1,3,0.58251953125,2,-680822.7093336146,-638893.3284401357,-41961.753466728725,746.5292738285432,
3057,1h23,57,1,3,0.58251953125,2,-680764.8224604736,-638893.3284401357,-41956.10650945049,1951.2103522477112,
3058,1h23,58,1,3,0.58251953125,2,-680818.2210144264,-638893.3284401357,-41958.244783881586,769.1202245264207,
3059,1h23,59,1,3,0.58251953125,2,-680801.2012470813,-638893.3284401357,-41940.01265621511,741.1625313488772,
3060,1h23,60,1,3,0.58251953125,2,-680819.6658844511,-638893.3284401357,-41945.534178409376,442.68720476508264,
3061,1h23,61,1,3,0.58251953125,2,-680803.734295727,-638893.3284401357,-41959.76703286497,1138.2957894952858,
3062,1h23,62,1,3,0.58251953125,2,-680727.6366516812,-638893.3284401357,-41949.7222409877,2661.510746277235,
3063,1h23,63,1,3,0.58251953125,2,-680790.7944954933,-638893.3284401357,-41946.33118379442,1126.8566315667276,
3064,1h23,64,1,3,0.58251953125,2,-680762.2448830763,-638893.3284401357,-41938.983078244724,1615.774994761442,
3065,1h23,65,1,3,0.58251953125,2,-680774.9875994484,-638893.3284401357,-41959.140058640005,1786.7519848961576,
3066,1h23,66,1,3,0.58251953125,2,-680790.7668495191,-638893.3284401357,-41959.07346678106,1421.338189161511,
3067,1h23,67,1,3,0.58251953125,2,-680798.638494596,-638893.3284401357,-41954.41035294859,1132.2797817866463,
3068,1h23,68,1,3,0.58251953125,2,-680801.365736292,-638893.3284401357,-41950.06017977337,969.070717632355,
3069,1h23,69,1,3,0.58251953125,2,-680802.3832512657,-638893.3284401357,-41939.604663554244,704.4963330466009,
3070,1h23,70,1,3,0.58251953125,2,-680821.3298341793,-638893.3284401357,-41961.85717511503,780.7328587416021,
3071,1h23,71,1,3,0.58251953125,2,-680789.8320475519,-638893.3284401357,-41961.45356500475,1497.78160356792,
3072,1h23,72,1,3,0.58251953125,2,-680775.2515853357,-638893.3284401357,-41939.448889199295,1326.57517098747,
3073,1h23,73,1,3,0.58251953125,2,-680790.1043544272,-638893.3284401357,-41960.554129723125,1470.7605875124607,
3074,1h23,74,1,3,0.58251953125,2,-680793.6160522419,-638893.3284401357,-41960.107292536224,1379.4746017692512,
3075,1h23,75,1,3,0.58251953125,2,-680694.9873420597,-638893.3284401357,-41949.925064239185,3419.0989277308536,
3076,1h23,76,1,3,0.58251953125,2,-680767.8039537232,-638893.3284401357,-41938.87721187202,1485.1384436639505,
3077,1h23,77,1,3,0.58251953125,2,-680838.4416563521,-638893.3284401357,-41961.86476409774,386.2998711536279,
3078,1h23,78,1,3,0.58251953125,2,-680839.2392018449,-638893.3284401357,-41962.073160532396,372.7137711196599,
3079,1h23,79,1,3,0.58251953125,2,-680844.090576917,-638893.3284401357,-41961.33425402967,243.79881547573154,
3080,1h23,80,1,3,0.58251953125,2,-680829.9602668594,-638893.3284401357,-41961.14484417776,565.2836114723376,
3081,1h23,81,1,3,0.58251953125,2,-680841.8905606729,-638893.3284401357,-41963.26959121561,339.1623310479412,
3082,1h23,82,1,3,0.58251953125,2,-680823.6137609347,-638893.3284401357,-41961.96669829218,730.5899210217035,
3083,1h23,83,1,3,0.58251953125,2,-680838.5312350988,-638893.3284401357,-41962.615260365885,401.54099126888553,
3084,1h23,84,1,3,0.58251953125,2,-680810.5747552525,-638893.3284401357,-41961.15924811689,1012.6562918322787,
3085,1h23,85,1,3,0.58251953125,2,-680806.3195521693,-638893.3284401357,-41961.630455616476,1121.6499091427368,
3086,1h23,86,1,3,0.58251953125,2,-680854.5705342902,-638893.3284401357,-41963.53076970903,52.77811209475377,
3087,1h23,87,1,3,0.58251953125,2,-680824.069100991,-638893.3284401357,-41961.07039344637,699.4202491058725,
3088,1h23,88,1,3,0.58251953125,2,-680839.150657327,-638893.3284401357,-41961.59689069132,363.77261275873,
3089,1h23,89,1,3,0.58251953125,2,-680812.1819684218,-638893.3284401357,-41961.37703705168,980.6154078144486,
3090,1h23,90,1,3,0.58251953125,2,-680832.6414027674,-638893.3284401357,-41961.577362421434,513.4292562713091,
3091,1h23,91,1,3,0.58251953125,2,-680836.5113520772,-638893.3284401357,-41963.389528397005,465.9756452660217,
3092,1h23,92,1,3,0.58251953125,2,-680821.5669740449,-638893.3284401357,-41962.208278063335,783.3609098603364,
3093,1h23,93,1,3,0.58251953125,2,-680845.8039593707,-638893.3284401357,-41963.68092704153,258.40284268383124,
3094,1h23,94,1,3,0.58251953125,2,-680852.1811140341,-638893.3284401357,-41962.814322832506,91.35779473189886,
3095,1h23,95,1,3,0.58251953125,2,-680845.7608502508,-638893.3284401357,-41963.07946849195,245.52699895381008,
3096,1h23,96,1,3,0.58251953125,2,-680839.6924152832,-638893.3284401357,-41962.93326890806,382.0969912853894,
3097,1h23,97,1,3,0.58251953125,2,-680836.4003310512,-638893.3284401357,-41963.561208728315,472.49489343892225,
3098,1h23,98,1,3,0.58251953125,2,-680840.4349104775,-638893.3284401357,-41963.320573213976,373.90609481452265,
3099,1h23,99,1,3,0.58251953125,2,-680828.2204686701,-638893.3284401357,-41963.11083436338,650.7411215413744,
3100,1h23,100,1,3,0.58251953125,2,-680842.6328348081,-638893.3284401357,-41962.11495530943,295.41854630744297,
4001,1h22,1,1,4,0.58251953125,2,-678699.2543058967,-638893.3284401357,-39822.037999406384,371.55462858260654,
4002,1h22,2,1,4,0.58251953125,2,-678713.3921350966,-638893.3284401357,-39821.717000976125,38.12614244266459,
4003,1h22,3,1,4,0.58251953125,2,-678696.141646785,-638893.3284401357,-39820.86213161051,416.21809736001484,
4004,1h22,4,1,4,0.58251953125,2,-678705.3582129305,-638893.3284401357,-39821.99179245524,229.72963086908268,
4005,1h22,5,1,4,0.58251953125,2,-678706.9042633451,-638893.3284401357,-39822.13078548007,197.2821166327101,
4006,1h22,6,1,4,0.58251953125,2,-678697.2750092873,-638893.3284401357,-39822.300893083135,423.26076492196285,
4007,1h22,7,1,4,0.58251953125,2,-678709.3136240665,-638893.3284401357,-39821.77046252787,133.41169380030638,
4008,1h22,8,1,4,0.58251953125,2,-678684.8682528114,-638893.3284401357,-39821.91924966871,700.5664598451108,
4009,1h22,9,1,4,0.58251953125,2,-678707.7996328152,-638893.3284401357,-39822.04173697524,174.58089883608028,
4010,1h22,10,1,4,0.58251953125,2,-678686.2116405943,-638893.3284401357,-39820.9050806909,646.1999094008252,
4011,1h22,11,1,4,0.58251953125,2,-678712.7327801709,-638893.3284401357,-39822.27393080294,66.17433515459336,
4012,1h22,12,1,4,0.58251953125,2,-678703.1312092667,-638893.3284401357,-39822.097095504396,283.513901378309,
4013,1h22,13,1,4,0.58251953125,2,-678695.736300034,-638893.3284401357,-39822.13031209998,454.81055233420017,
4014,1h22,14,1,4,0.58251953125,2,-678679.3337906281,-638893.3284401357,-39821.74684526018,824.2184496295976,
4015,1h22,15,1,4,0.58251953125,2,-678675.4290746872,-638893.3284401357,-39818.499101653695,839.3685915715979,
4016,1h22,16,1,4,0.58251953125,2,-678609.3724279677,-638893.3284401357,-39812.887592539184,2233.266578438834,
4017,1h22,17,1,4,0.58251953125,2,-678670.7684709405,-638893.3284401357,-39792.73047529154,352.6060264370102,
4018,1h22,18,1,4,0.58251953125,2,-678680.9699694493,-638893.3284401357,-39814.6659255176,623.1973812550262,
4019,1h22,19,1,4,0.58251953125,2,-678652.6388837819,-638893.3284401357,-39806.68873591721,1092.5693750496523,
4020,1h22,20,1,4,0.58251953125,2,-678663.0596445327,-638893.3284401357,-39798.33179928362,659.5453863659357,
4021,1h22,21,1,4,0.58251953125,2,-678672.2413623161,-638893.3284401357,-39819.08209861808,926.3232145582202,
4022,1h22,22,1,4,0.58251953125,2,-678656.458531318,-638893.3284401357,-39817.70525147022,1258.5330941832142,
4023,1h22,23,1,4,0.58251953125,2,-678626.7212107156,-638893.3284401357,-39817.067987456896,1929.5963410293907,
4024,1h22,24,1,4,0.58251953125,2,-678608.759902788,-638893.3284401357,-39812.90637083344,2247.8247823968486,
4025,1h22,25,1,4,0.58251953125,2,-678584.1832438534,-638893.3284401357,-39802.00908459716,2563.278610798893,
4026,1h22,26,1,4,0.58251953125,2,-678652.3641685675,-638893.3284401357,-39801.769806310454,985.4712469187436,
4027,1h22,27,1,4,0.58251953125,2,-678634.0640060131,-638893.3284401357,-39811.790274873376,1638.560515392344,
4028,1h22,28,1,4,0.58251953125,2,-678616.4517290568,-638893.3284401357,-39818.91873122751,2209.0953792627165,
4029,1h22,29,1,4,0.58251953125,2,-678658.2481998927,-638893.3284401357,-39821.56476177268,1306.264778348033,
4030,1h22,30,1,4,0.58251953125,2,-678638.226290656,-638893.3284401357,-39790.6987963467,1056.194901916753,
4031,1h22,31,1,4,0.58251953125,2,-678668.4310976539,-638893.3284401357,-39820.78330267966,1053.4207026785703,
4032,1h22,32,1,4,0.58251953125,2,-678672.8806039518,-638893.3284401357,-39805.61733181774,601.0770534159017,
4033,1h22,33,1,4,0.58251953125,2,-678685.8930372125,-638893.3284401357,-39820.96698154502,654.9745455317517,
4034,1h22,34,1,4,0.58251953125,2,-678600.0218023191,-638893.3284401357,-39776.43985515825,1608.3923372643626,
4035,1h22,35,1,4,0.58251953125,2,-678660.5683423404,-638893.3284401357,-39806.52462036908,905.9271222415929,
4036,1h22,36,1,4,0.58251953125,2,-678685.6234592025,-638893.3284401357,-39808.320596113794,369.55858600601886,
4037,1h22,37,1,4,0.58251953125,2,-678607.8811630736,-638893.3284401357,-39795.18152020876,1859.3442359901096,
4038,1h22,38,1,4,0.58251953125,2,-678649.9801217447,-638893.3284401357,-39804.77204705767,1109.68198905619,
4039,1h22,39,1,4,0.58251953125,2,-678682.073400018,-638893.3284401357,-39820.77814830845,738.7028738673828,
4040,1h22,40,1,4,0.58251953125,2,-678653.6212034352,-638893.3284401357,-39812.96883316337,1214.7390286239213,
4041,1h22,41,1,4,0.58251953125,2,-678668.2024767374,-638893.3284401357,-39801.647344782876,617.4071538948778,
4042,1h22,42,1,4,0.58251953125,2,-678684.0009902696,-638893.3284401357,-39810.186324074784,449.9983173197626,
4043,1h22,43,1,4,0.58251953125,2,-678683.9944092754,-638893.3284401357,-39820.8464666754,695.9788069747473,
4044,1h22,44,1,4,0.58251953125,2,-678679.7740110432,-638893.3284401357,-39819.15087808668,754.2023005192607,
4045,1h22,45,1,4,0.58251953125,2,-678641.6509786076,-638893.3284401357,-39818.273557797,1613.1088269471247,
4046,1h22,46,1,4,0.58251953125,2,-678672.5807443091,-638893.3284401357,-39821.43434681,972.7410118139223,
4047,1h22,47,1,4,0.58251953125,2,-678661.1712610249,-638893.3284401357,-39819.722792878674,1196.3805755144424,
4048,1h22,48,1,4,0.58251953125,2,-678680.6393412775,-638893.3284401357,-39817.70715214305,700.9542000848141,
4049,1h22,49,1,4,0.58251953125,2,-678673.8666849858,-638893.3284401357,-39810.925919428395,700.7564230736267,
4050,1h22,50,1,4,0.58251953125,2,-678666.9363155047,-638893.3284401357,-39809.2048648745,820.8860791170067,
4051,1h22,51,1,4,0.58251953125,2,-678682.8528531615,-638893.3284401357,-39808.321986719944,433.4823472728985,
4052,1h22,52,1,4,0.58251953125,2,-678691.5478610225,-638893.3284401357,-39821.26958586268,531.549431929286,
4053,1h22,53,1,4,0.58251953125,2,-678664.8929517096,-638893.3284401357,-39820.22829510264,1122.213507684073,
4054,1h22,54,1,4,0.58251953125,2,-678693.8091510215,-638893.3284401357,-39821.806752577344,491.79020446477836,
4055,1h22,55,1,4,0.58251953125,2,-678660.2448172395,-638893.3284401357,-39818.13637115061,1181.1611226012146,
4056,1h22,56,1,4,0.58251953125,2,-678684.0852051204,-638893.3284401357,-39817.361529245965,613.5204387694914,
4057,1h22,57,1,4,0.58251953125,2,-678663.3720564521,-638893.3284401357,-39818.682025685834,1121.6283656691057,
4058,1h22,58,1,4,0.58251953125,2,-678693.2524380217,-638893.3284401357,-39822.23834218086,514.5810039202756,
4059,1h22,59,1,4,0.58251953125,2,-678631.6437837456,-638893.3284401357,-39821.208060517885,1911.5514630666796,
4060,1h22,60,1,4,0.58251953125,2,-678615.488989053,-638893.3284401357,-39798.31228877597,1756.1008393967898,
4061,1h22,61,1,4,0.58251953125,2,-678656.5033026015,-638893.3284401357,-39799.81697173409,844.9871133957583,
4062,1h22,62,1,4,0.58251953125,2,-678654.5433651189,-638893.3284401357,-39812.676083281556,1186.7225023579626,
4063,1h22,63,1,4,0.58251953125,2,-678595.826269624,-638893.3284401357,-39802.18158771098,2298.76207442846,
4064,1h22,64,1,4,0.58251953125,2,-678653.8575886464,-638893.3284401357,-39791.97297795116,725.1119327905797,
4065,1h22,65,1,4,0.58251953125,2,-678695.1830483502,-638893.3284401357,-39821.91750504069,462.6613918820911,
4066,1h22,66,1,4,0.58251953125,2,-678633.7421495894,-638893.3284401357,-39821.57454027237,1871.6132210677147,
4067,1h22,67,1,4,0.58251953125,2,-678634.2768599663,-638893.3284401357,-39814.371582642125,1693.1783578894474,
4068,1h22,68,1,4,0.58251953125,2,-678674.4997321047,-638893.3284401357,-39821.19316758208,922.926376846134,
4069,1h22,69,1,4,0.58251953125,2,-678635.3645949191,-638893.3284401357,-39821.3690568357,1829.4601823177366,
4070,1h22,70,1,4,0.58251953125,2,-678660.5723965148,-638893.3284401357,-39819.185138478795,1197.792114188294,
4071,1h22,71,1,4,0.58251953125,2,-678661.8108111147,-638893.3284401357,-39820.725246325135,1204.749325727783,
4072,1h22,72,1,4,0.58251953125,2,-678682.6382049447,-638893.3284401357,-39821.624474659555,745.1949121418676,
4073,1h22,73,1,4,0.58251953125,2,-678622.7589860683,-638893.3284401357,-39815.8118819148,1992.0009300899937,
4074,1h22,74,1,4,0.58251953125,2,-678685.5526050598,-638893.3284401357,-39820.281986728325,647.028741738888,
4075,1h22,75,1,4,0.58251953125,2,-678674.4959472094,-638893.3284401357,-39820.51373530922,907.3455781791027,
4076,1h22,76,1,4,0.58251953125,2,-678679.0958844699,-638893.3284401357,-39820.79161764674,807.6766239011395,
4077,1h22,77,1,4,0.58251953125,2,-678658.38608819,-638893.3284401357,-39820.120555296606,1269.7808061535734,
4078,1h22,78,1,4,0.58251953125,2,-678707.6942694308,-638893.3284401357,-39820.58308292927,143.37327480514332,
4079,1h22,79,1,4,0.58251953125,2,-678698.7256901835,-638893.3284401357,-39820.918627396204,357.9314647406863,
4080,1h22,80,1,4,0.58251953125,2,-678685.566774977,-638893.3284401357,-39820.48516286902,651.3873287959368,
4081,1h22,81,1,4,0.58251953125,2,-678720.6808902449,-638893.3284401357,-39820.95342184596,-147.56509733402024,
4082,1h22,82,1,4,0.58251953125,2,-678704.8941175768,-638893.3284401357,-39820.39072538904,203.5104403116317,
4083,1h22,83,1,4,0.58251953125,2,-678686.1262551371,-638893.3284401357,-39822.31928421557,680.7812528422735,
4084,1h22,84,1,4,0.58251953125,2,-678653.5263158206,-638893.3284401357,-39820.60135819017,1392.9373974478024,
4085,1h22,85,1,4,0.58251953125,2,-678705.9635345166,-638893.3284401357,-39821.05640687041,194.2000794601061,
4086,1h22,86,1,4,0.58251953125,2,-678682.1154649238,-638893.3284401357,-39820.8295530229,738.9182549727459,
4087,1h22,87,1,4,0.58251953125,2,-678707.0126283739,-638893.3284401357,-39822.198892489076,196.35374464023192,
4088,1h22,88,1,4,0.58251953125,2,-678689.5896417027,-638893.3284401357,-39820.64795805513,562.3719644278289,
4089,1h22,89,1,4,0.58251953125,2,-678713.7703471906,-638893.3284401357,-39821.37363578372,21.48617491698498,
4090,1h22,90,1,4,0.58251953125,2,-678699.3304268846,-638893.3284401357,-39821.711164846936,362.2622529097516,
4091,1h22,91,1,4,0.58251953125,2,-678720.2138273839,-638893.3284401357,-39821.85150004923,-116.08419652670548,
4092,1h22,92,1,4,0.58251953125,2,-678676.60010953,-638893.3284401357,-39822.237109914415,898.5644048544011,
4093,1h22,93,1,4,0.58251953125,2,-678699.6447417266,-638893.3284401357,-39822.22570194297,366.87948777578487,
4094,1h22,94,1,4,0.58251953125,2,-678695.5704617928,-638893.3284401357,-39821.42733539633,442.42384512982545,
4095,1h22,95,1,4,0.58251953125,2,-678670.3799715017,-638893.3284401357,-39819.766438022256,985.0291480280256,
4096,1h22,96,1,4,0.58251953125,2,-678719.5128925716,-638893.3284401357,-39821.88057650625,-99.24973673351091,
4097,1h22,97,1,4,0.58251953125,2,-678704.1231179959,-638893.3284401357,-39821.82415987544,254.34589755891903,
4098,1h22,98,1,4,0.58251953125,2,-678699.2730599621,-638893.3284401357,-39821.68711771063,363.03062543291486,
4099,1h22,99,1,4,0.58251953125,2,-678680.3599696283,-638893.3284401357,-39821.71065188944,799.7195607567085,
4100,1h22,100,1,4,0.58251953125,2,-678648.3914603716,-638893.3284401357,-39820.82068575918,1516.407791030381,
5001,1gpk,1,1,5,0.58251953125,1,-659789.2565370535,-638893.3284401357,-20899.046254239256,71.90641605466861,
5002,1gpk,2,1,5,0.58251953125,1,-659787.7720339186,-638893.3284401357,-20899.318013332064,112.40678515873256,
5003,1gpk,3,1,5,0.58251953125,1,-659790.8461472873,-638893.3284401357,-20899.321627459696,41.599390547623436,
5004,1gpk,4,1,5,0.58251953125,1,-659790.7432834243,-638893.3284401357,-20899.31725450533,43.87064485694762,
5005,1gpk,5,1,5,0.58251953125,1,-659788.6896306758,-638893.3284401357,-20899.32046057957,91.30293611872918,
5006,1gpk,6,1,5,0.58251953125,1,-659788.5205896981,-638893.3284401357,-20899.321705184157,95.22981493444426,
5007,1gpk,7,1,5,0.58251953125,1,-659790.1991134171,-638893.3284401357,-20899.315238974265,56.37302408600426,
5008,1gpk,8,1,5,0.58251953125,1,-659790.2204740528,-638893.3284401357,-20899.31720765608,55.92583500460663,
5009,1gpk,9,1,5,0.58251953125,1,-659788.8520590847,-638893.3284401357,-20899.31461890715,87.42253586087126,
5010,1gpk,10,1,5,0.58251953125,1,-659789.1901407875,-638893.3284401357,-20899.31656744259,79.67112087703654,
5011,1gpk,11,1,5,0.58251953125,1,-659788.0434286479,-638893.3284401357,-20899.31746896284,106.13572057100272,
5012,1gpk,12,1,5,0.58251953125,1,-659786.3504888301,-638893.3284401357,-20899.316176734144,145.14604071185434,
5013,1gpk,13,1,5,0.58251953125,1,-659787.8340912793,-638893.3284401357,-20899.31797762888,110.97488509010721,
5014,1gpk,14,1,5,0.58251953125,1,-659792.5891163535,-638893.3284401357,-20899.31960310715,1.3588863492537862,
5015,1gpk,15,1,5,0.58251953125,1,-659776.7195802216,-638893.3284401357,-20899.319356820753,367.3134038710649,
5016,1gpk,16,1,5,0.58251953125,1,-659790.4818117205,-638893.3284401357,-20899.31799366253,49.917370957935155,
5017,1gpk,17,1,5,0.58251953125,1,-659754.1719594931,-638893.3284401357,-20899.314580342943,887.1637419521912,
5018,1gpk,18,1,5,0.58251953125,1,-659777.9160458632,-638893.3284401357,-20899.315823755438,339.64077629334423,
5019,1gpk,19,1,5,0.58251953125,1,-659792.3027165417,-638893.3284401357,-20899.318715832404,7.942961867514625,
5020,1gpk,20,1,5,0.58251953125,1,-659794.8097134714,-638893.3284401357,-20899.317890010054,-49.88880465827132,
5021,1gpk,21,1,5,0.58251953125,1,-659778.2485498522,-638893.3284401357,-20899.316390118773,331.9861128001456,
5022,1gpk,22,1,5,0.58251953125,1,-659791.6959221549,-638893.3284401357,-20899.31748982446,21.907700431792826,
5023,1gpk,23,1,5,0.58251953125,1,-659764.1014816646,-638893.3284401357,-20899.31245180147,658.1344356486679,
5024,1gpk,24,1,5,0.58251953125,1,-659788.606441546,-638893.3284401357,-20899.315262398894,93.10145013204807,
5025,1gpk,25,1,5,0.58251953125,1,-659779.4461188053,-638893.3284401357,-20899.31483372229,304.3336253199096,
5026,1gpk,26,1,5,0.58251953125,1,-659790.0619839467,-638893.3284401357,-20899.313824675257,59.50269028624193,
5027,1gpk,27,1,5,0.58251953125,1,-659779.0890408192,-638893.3284401357,-20899.313091776545,312.52786907491594,
5028,1gpk,28,1,5,0.58251953125,1,-659786.5942292694,-638893.3284401357,-20899.318686685736,139.58313351188187,
5029,1gpk,29,1,5,0.58251953125,1,-659788.2467926479,-638893.3284401357,-20899.318687818224,101.47414279585959,
5030,1gpk,30,1,5,0.58251953125,1,-659789.4933814593,-638893.3284401357,-20899.31891151445,72.73228044306242,
5031,1gpk,31,1,5,0.58251953125,1,-659789.7504930232,-638893.3284401357,-20899.318243704012,66.78774685075325,
5032,1gpk,32,1,5,0.58251953125,1,-659754.002225477,-638893.3284401357,-20899.318079791243,891.1586005429343,
5033,1gpk,33,1,5,0.58251953125,1,-659788.4880603735,-638893.3284401357,-20899.319499633486,95.92909777452488,
5034,1gpk,34,1,5,0.58251953125,1,-659790.4557775147,-638893.3284401357,-20899.316181264097,50.47593910531273,
5035,1gpk,35,1,5,0.58251953125,1,-659787.4936470423,-638893.3284401357,-20899.319143078497,118.85259160756709,
5036,1gpk,36,1,5,0.58251953125,1,-659792.2347185496,-638893.3284401357,-20899.316154322798,9.451963000531565,
5037,1gpk,37,1,5,0.58251953125,1,-659776.028831694,-638893.3284401357,-20899.31956680792,383.2472857482046,
5038,1gpk,38,1,5,0.58251953125,1,-659772.8685974814,-638893.3284401357,-20899.316501162226,456.0533224956313,
5039,1gpk,39,1,5,0.58251953125,1,-659795.4789041315,-638893.3284401357,-20899.31697501915,-65.34180807260856,
5040,1gpk,40,1,5,0.58251953125,1,-659782.2053987866,-638893.3284401357,-20899.31565811413,240.72212826159793,
5041,1gpk,41,1,5,0.58251953125,1,-659791.3491349254,-638893.3284401357,-20899.31473340767,29.841239444172334,
5042,1gpk,42,1,5,0.58251953125,1,-659786.8287601359,-638893.3284401357,-20899.32068850773,134.22088635916876,
5043,1gpk,43,1,5,0.58251953125,1,-659784.2766968791,-638893.3284401357,-20899.319298050574,193.04079845678126,
5044,1gpk,44,1,5,0.58251953125,1,-659788.7356638496,-638893.3284401357,-20899.320151887114,90.23426729540006,
5045,1gpk,45,1,5,0.58251953125,1,-659787.0117656922,-638893.3284401357,-20899.316887638743,129.9130278553298,
5046,1gpk,46,1,5,0.58251953125,1,-659773.5992386229,-638893.3284401357,-20899.31741823929,439.2254858037824,
5047,1gpk,47,1,5,0.58251953125,1,-659790.9482134912,-638893.3284401357,-20899.318722746542,39.178703692884085,
5048,1gpk,48,1,5,0.58251953125,1,-659790.3850483184,-638893.3284401357,-20899.318392775232,52.15799177802182,
5049,1gpk,49,1,5,0.58251953125,1,-659787.8016007129,-638893.3284401357,-20899.31789805668,111.72230037145076,
5050,1gpk,50,1,5,0.58251953125,1,-659791.242588032,-638893.3284401357,-20899.3153445937,32.312363459478156,
5051,1gpk,51,1,5,0.58251953125,1,-659789.5400103811,-638893.3284401357,-20899.318537316492,71.64836275000992,
5052,1gpk,52,1,5,0.58251953125,1,-659789.8657974486,-638893.3284401357,-20899.320433042223,64.17925097321472,
5053,1gpk,53,1,5,0.58251953125,1,-659756.232051078,-638893.3284401357,-20899.317676863844,839.7283088910071,
5054,1gpk,54,1,5,0.58251953125,1,-659760.3982727416,-638893.3284401357,-20899.31706317442,743.6388029305767,
5055,1gpk,55,1,5,0.58251953125,1,-659790.7305549417,-638893.3284401357,-20899.31294276493,44.064739543009985,
5056,1gpk,56,1,5,0.58251953125,1,-659790.8346072321,-638893.3284401357,-20899.312960109884,41.66563670667699,
5057,1gpk,57,1,5,0.58251953125,1,-659765.2639258092,-638893.3284401357,-20899.318223140413,631.4609270893579,
5058,1gpk,58,1,5,0.58251953125,1,-659779.5181514956,-638893.3284401357,-20899.31418516415,302.65755591431144,
5059,1gpk,59,1,5,0.58251953125,1,-659786.8758644942,-638893.3284401357,-20899.31410684364,132.98285727148095,
5060,1gpk,60,1,5,0.58251953125,1,-659786.6635241841,-638893.3284401357,-20899.31772198456,137.9629082789665,
5061,1gpk,61,1,5,0.58251953125,1,-659769.4962974971,-638893.3284401357,-20899.314572534735,533.7759323769725,
5062,1gpk,62,1,5,0.58251953125,1,-659753.9399230517,-638893.3284401357,-20899.317259154494,892.5764042678494,
5063,1gpk,63,1,5,0.58251953125,1,-659747.7547893707,-638893.3284401357,-20899.31667628067,1035.1955339687688,
5064,1gpk,64,1,5,0.58251953125,1,-659786.9541638826,-638893.3284401357,-20899.321967742617,131.35850711684841,
5065,1gpk,65,1,5,0.58251953125,1,-659741.9965514129,-638893.3284401357,-20899.314515016253,1167.9338158741398,
5066,1gpk,66,1,5,0.58251953125,1,-659792.9189871587,-638893.3284401357,-20899.321231386835,-6.210566109121343,
5067,1gpk,67,1,5,0.58251953125,1,-659790.6604655568,-638893.3284401357,-20899.319971761874,45.84313167646338,
5068,1gpk,68,1,5,0.58251953125,1,-659763.9538067018,-638893.3284401357,-20899.31529983061,661.6055783030343,
5069,1gpk,69,1,5,0.58251953125,1,-659735.1603603546,-638893.3284401357,-20899.318439684088,1325.6706317430808,
5070,1gpk,70,1,5,0.58251953125,1,-659793.4122562297,-638893.3284401357,-20899.314444861586,-17.742122104007635,
5071,1gpk,71,1,5,0.58251953125,1,-659788.9447807703,-638893.3284401357,-20899.321481011084,85.44256687000772,
5072,1gpk,72,1,5,0.58251953125,1,-659788.97802465,-638893.3284401357,-20899.31945731419,84.62927723360737,
5073,1gpk,73,1,5,0.58251953125,1,-659764.6287274992,-638893.3284401357,-20899.314756951506,646.0290158843526,
5074,1gpk,74,1,5,0.58251953125,1,-659788.2282912321,-638893.3284401357,-20899.3179072954,101.88279629438848,
5075,1gpk,75,1,5,0.58251953125,1,-659786.699401531,-638893.3284401357,-20899.314107499293,137.05220499490162,
5076,1gpk,76,1,5,0.58251953125,1,-659789.4618771707,-638893.3284401357,-20899.317118308718,73.41743428948205,
5077,1gpk,77,1,5,0.58251953125,1,-659793.5317544674,-638893.3284401357,-20898.62715496796,-36.34709839645278,
5078,1gpk,78,1,5,0.58251953125,1,-659766.3459026404,-638893.3284401357,-20898.594681165392,589.8246742995891,
5079,1gpk,79,1,5,0.58251953125,1,-659747.6726664786,-638893.3284401357,-20898.622814438513,1021.0884986521157,
5080,1gpk,80,1,5,0.58251953125,1,-659788.2019617592,-638893.3284401357,-20898.602378866846,85.98949081256256,
5081,1gpk,81,1,5,0.58251953125,1,-659795.7874813711,-638893.3284401357,-20898.690432987387,-86.90617075785796,
5082,1gpk,82,1,5,0.58251953125,1,-659784.6917101927,-638893.3284401357,-20898.625226459677,167.46469296743092,
5083,1gpk,83,1,5,0.58251953125,1,-659751.399291772,-638893.3284401357,-20898.62026854532,935.0917681329871,
5084,1gpk,84,1,5,0.58251953125,1,-659779.2900987302,-638893.3284401357,-20898.552824757273,290.3591895387944,
5085,1gpk,85,1,5,0.58251953125,1,-659790.8197117334,-638893.3284401357,-20898.640068910296,26.491895375202557,
5086,1gpk,86,1,5,0.58251953125,1,-659788.9581830241,-638893.3284401357,-20898.52047111767,66.66177659676441,
5087,1gpk,87,1,5,0.58251953125,1,-659760.8668149594,-638893.3284401357,-20898.633335194758,717.0668209268067,
5088,1gpk,88,1,5,0.58251953125,1,-659725.4190479403,-638893.3284401357,-20898.579038999254,1533.2596477472523,
5089,1gpk,89,1,5,0.58251953125,1,-659792.5516017709,-638893.3284401357,-20898.649912915404,-13.219429522212545,
5090,1gpk,90,1,5,0.58251953125,1,-659788.7949192859,-638893.3284401357,-20898.534814796614,70.75750093385673,
5091,1gpk,91,1,5,0.58251953125,1,-659766.7761585746,-638893.3284401357,-20898.547042987517,578.8041742690249,
5092,1gpk,92,1,5,0.58251953125,1,-659788.6020669524,-638893.3284401357,-20898.552037797148,75.60195322323446,
5093,1gpk,93,1,5,0.58251953125,1,-659777.3940003549,-638893.3284401357,-20898.564447663004,334.35228738797537,
5094,1gpk,94,1,5,0.58251953125,1,-659767.7691612132,-638893.3284401357,-20898.559118709738,556.183462196221,
5095,1gpk,95,1,5,0.58251953125,1,-659783.4493926201,-638893.3284401357,-20898.689829371146,197.6029953007737,
5096,1gpk,96,1,5,0.58251953125,1,-659789.4927788114,-638893.3284401357,-20898.71217831152,58.75457778714743,
5097,1gpk,97,1,5,0.58251953125,1,-659783.8222068732,-638893.3284401357,-20898.681095323736,188.80428246744233,
5098,1gpk,98,1,5,0.58251953125,1,-659778.6702124961,-638893.3284401357,-20898.627146682913,306.36801001249734,
5099,1gpk,99,1,5,0.58251953125,1,-659790.8822671954,-638893.3284401357,-20899.286302170924,39.95182516800424,
5100,1gpk,100,1,5,0.58251953125,1,-659790.6367587929,-638893.3284401357,-20899.28928401249,45.68214632607054,
6001,3arp,1,0,6,0.357421875,0,-676597.2401707456,-638893.3284401357,-37710.59230081829,154.05760882515395,
6002,3arp,2,0,6,0.357421875,0,-676589.6052486734,-638893.3284401357,-37711.152291582,343.03678824763665,
6003,3arp,3,0,6,0.357421875,0,-676591.1787665919,-638893.3284401357,-37710.999849305605,303.2352006174519,
6004,3arp,4,0,6,0.357421875,0,-676596.4599458709,-638893.3284401357,-37710.98681156429,181.14765579542876,
6005,3arp,5,0,6,0.357421875,0,-676597.3474868671,-638893.3284401357,-37710.87934951576,158.20234049101313,
6006,3arp,6,0,6,0.357421875,0,-676605.5502848462,-638893.3284401357,-37711.01945416726,-27.72778463405134,
6007,3arp,7,0,6,0.357421875,0,-676594.6164191202,-638893.3284401357,-37711.113509760355,226.58212241707838,
6008,3arp,8,0,6,0.357421875,0,-676592.0912203923,-638893.3284401357,-37711.28208015951,288.7019142175807,
6009,3arp,9,0,6,0.357421875,0,-676563.9271555082,-638893.3284401357,-37698.40608371886,641.2531477948525,
6010,3arp,10,0,6,0.357421875,0,-676559.4793628887,-638893.3284401357,-37695.38691373266,674.1979683612732,
6011,3arp,11,0,6,0.357421875,0,-676540.9426906543,-638893.3284401357,-37692.702903733705,1039.7690440847932,
6012,3arp,12,0,6,0.357421875,0,-676574.318260087,-638893.3284401357,-37695.960909769856,345.24153283602004,
6013,3arp,13,0,6,0.357421875,0,-676519.5023919627,-638893.3284401357,-37693.29658173116,1547.884617422134,
6014,3arp,14,0,6,0.357421875,0,-676512.4587462683,-638893.3284401357,-37672.821950436606,1238.1587315770364,
6015,3arp,15,0,6,0.357421875,0,-676554.6072097408,-638893.3284401357,-37690.83867643879,681.6676454070882,
6016,3arp,16,0,6,0.357421875,0,-676550.8201173529,-638893.3284401357,-37693.84460489546,838.3184275078237,
6017,3arp,17,0,6,0.357421875,0,-676487.3963053658,-638893.3284401357,-37676.282822475754,1895.9219539547087,
6018,3arp,18,0,6,0.357421875,0,-676533.3861215551,-638893.3284401357,-37680.440301583185,931.2453438121975,
6019,3arp,19,0,6,0.357421875,0,-676549.1468601065,-638893.3284401357,-37692.730228767854,851.2065322790154,
6020,3arp,20,0,6,0.357421875,0,-676574.7569355352,-638893.3284401357,-37692.6046572486,257.72841488307154,
6021,3arp,21,0,6,0.357421875,0,-676520.3663489954,-638893.3284401357,-37692.04956911596,1499.204500888176,
6022,3arp,22,0,6,0.357421875,0,-676530.026941909,-638893.3284401357,-37695.06684534351,1346.0059786948639,
6023,3arp,23,0,6,0.357421875,0,-676538.0733308034,-638893.3284401357,-37700.732549638604,1291.1060876221989,
6024,3arp,24,0,6,0.357421875,0,-676507.2341008767,-638893.3284401357,-37689.92429916652,1753.0314474295922,
6025,3arp,25,0,6,0.357421875,0,-676516.0506442472,-638893.3284401357,-37696.452876911484,1700.2697066873718,
6026,3arp,26,0,6,0.357421875,0,-676555.2354261122,-638893.3284401357,-37685.88798995415,553.015089252848,
6027,3arp,27,0,6,0.357421875,0,-676553.9066712841,-638893.3284401357,-37709.252697394346,1122.4598569939833,
6028,3arp,28,0,6,0.357421875,0,-676548.4297503367,-638893.3284401357,-37695.27956141623,926.5324838997187,
6029,3arp,29,0,6,0.357421875,0,-676534.4322361187,-638893.3284401357,-37695.56664528044,1255.943141215174,
6030,3arp,30,0,6,0.357421875,0,-676564.3341999338,-638893.3284401357,-37680.93676070968,229.01432152723814,
6031,3arp,31,0,6,0.357421875,0,-676517.5647737818,-638893.3284401357,-37687.27759735391,1453.7660770363195,
6032,3arp,32,0,6,0.357421875,0,-676551.6080920681,-638893.3284401357,-37693.02779574784,801.3112324807419,
6033,3arp,33,0,6,0.357421875,0,-676538.3913444863,-638893.3284401357,-37687.092540816484,969.2264420255993,
6034,3arp,34,0,6,0.357421875,0,-676511.7488225093,-638893.3284401357,-37694.26372899212,1748.9891223301704,
6035,3arp,35,0,6,0.357421875,0,-676516.9648034112,-638893.3284401357,-37696.43496649073,1678.7756714478062,
6036,3arp,36,0,6,0.357421875,0,-676523.9332890197,-638893.3284401357,-37696.13159851832,1511.0827441261083,
6037,3arp,37,0,6,0.357421875,0,-676596.433649896,-638893.3284401357,-37697.81239776405,-122.05514419688184,
6038,3arp,38,0,6,0.357421875,0,-676560.9981608083,-638893.3284401357,-37697.28516976634,682.9484803502929,
6039,3arp,39,0,6,0.357421875,0,-676582.3429792362,-638893.3284401357,-37700.16161255644,257.05762060298287,
6040,3arp,40,0,6,0.357421875,0,-676540.6801461267,-638893.3284401357,-37696.11346460979,1124.472866934582,
6041,3arp,41,0,6,0.357421875,0,-676539.0342139886,-638893.3284401357,-37705.4257682422,1377.1757870592369,
6042,3arp,42,0,6,0.357421875,0,-676512.2691366212,-638893.3284401357,-37683.87740580834,1497.4760913034293,
6043,3arp,43,0,6,0.357421875,0,-676552.8870121376,-638893.3284401357,-37709.97813467786,1162.7027366885636,
6044,3arp,44,0,6,0.357421875,0,-676548.8148823514,-638893.3284401357,-37670.060319201075,336.08158729785697,
6045,3arp,45,0,6,0.357421875,0,-676544.8215840892,-638893.3284401357,-37703.09757967385,1190.026558201235,
6046,3arp,46,0,6,0.357421875,0,-676559.3452754454,-638893.3284401357,-37701.27888487376,813.1621805781333,
6047,3arp,47,0,6,0.357421875,0,-676555.6380274133,-638893.3284401357,-37709.11914531991,1079.4540521651738,
6048,3arp,48,0,6,0.357421875,0,-676576.9623794839,-638893.3284401357,-37706.36040578874,524.0847663739788,
6049,3arp,49,0,6,0.357421875,0,-676550.2721177922,-638893.3284401357,-37696.33697407039,908.4309961590455,
6050,3arp,50,0,6,0.357421875,0,-676537.689210935,-638893.3284401357,-37700.73949585954,1300.1242858801427,
6051,3arp,51,0,6,0.357421875,0,-676558.3184521631,-638893.3284401357,-37706.85975115106,965.5391217157809,
6052,3arp,52,0,6,0.357421875,0,-676578.5827975109,-638893.3284401357,-37707.67135839256,516.9483241797446,
6053,3arp,53,0,6,0.357421875,0,-676532.0470659719,-638893.3284401357,-37702.70962540897,1475.6675063771995,
6054,3arp,54,0,6,0.357421875,0,-676554.2817563103,-638893.3284401357,-37693.966794149055,761.3088878858424,
6055,3arp,55,0,6,0.357421875,0,-676549.7956389176,-638893.3284401357,-37709.319468961214,1218.8023044268168,
6056,3arp,56,0,6,0.357421875,0,-676553.5375596717,-638893.3284401357,-37699.73246438893,911.4299844074347,
6057,3arp,57,0,6,0.357421875,0,-676545.0741332903,-638893.3284401357,-37685.32691685947,774.4014154561244,
6058,3arp,58,0,6,0.357421875,0,-676568.7011341144,-638893.3284401357,-37703.90598236123,657.9932615098935,
6059,3arp,59,0,6,0.357421875,0,-676567.8700948792,-638893.3284401357,-37707.997990415555,771.5214290029742,
6060,3arp,60,0,6,0.357421875,0,-676555.0249100163,-638893.3284401357,-37702.089784220865,931.4919573799779,
6061,3arp,61,0,6,0.357421875,0,-676556.7505830661,-638893.3284401357,-37689.060059742056,591.2244069115847,
6062,3arp,62,0,6,0.357421875,0,-676579.3299599276,-638893.3284401357,-37692.90838240184,159.27603557602862,
6063,3arp,63,0,6,0.357421875,0,-676554.7180316285,-638893.3284401357,-37700.02075885341,890.8558826713363,
6064,3arp,64,0,6,0.357421875,0,-676570.5220684692,-638893.3284401357,-37706.02923594507,664.9649085513333,
6065,3arp,65,0,6,0.357421875,0,-676512.3669794784,-638893.3284401357,-37693.24269819351,1711.1885544100596,
6066,3arp,66,0,6,0.357421875,0,-676580.1939851628,-638893.3284401357,-37708.3876277069,496.3110170526403,
6067,3arp,67,0,6,0.357421875,0,-676585.5206034171,-638893.3284401357,-37705.56509904668,308.38722485164527,
6068,3arp,68,0,6,0.357421875,0,-676523.5562234655,-638893.3284401357,-37673.18833728226,990.6939092510122,
6069,3arp,69,0,6,0.357421875,0,-676579.853384091,-638893.3284401357,-37710.173383579575,545.3459730737346,
6070,3arp,70,0,6,0.357421875,0,-676515.5236283974,-638893.3284401357,-37695.349166885986,1686.9708230657752,
6071,3arp,71,0,6,0.357421875,0,-676563.7188910084,-638893.3284401357,-37708.87893049524,887.5654252630034,
6072,3arp,72,0,6,0.357421875,0,-676546.4627992645,-638893.3284401357,-37707.9173961738,1263.3268460833644,
6073,3arp,73,0,6,0.357421875,0,-676551.5426304475,-638893.3284401357,-37694.87774516734,845.4816603855826,
6074,3arp,74,0,6,0.357421875,0,-676549.3108964101,-638893.3284401357,-37711.76364134349,1286.3446863332392,
6075,3arp,75,0,6,0.357421875,0,-676545.6888223874,-638893.3284401357,-37711.7968654494,1370.6378636650145,
6076,3arp,76,0,6,0.357421875,0,-676585.9799709603,-638893.3284401357,-37711.1486028293,426.552613690755,
6077,3arp,77,0,6,0.357421875,0,-676591.8901370005,-638893.3284401357,-37711.27107207569,293.08515494839804,
6078,3arp,78,0,6,0.357421875,0,-676538.0302072451,-638893.3284401357,-37711.68236683406,1544.6093236728595,
6079,3arp,79,0,6,0.357421875,0,-676584.1367103892,-638893.3284401357,-37710.782291577314,460.61187410821924,
6080,3arp,80,0,6,0.357421875,0,-676530.8774782553,-638893.3284401357,-37710.85040931495,1690.3697765000732,
6081,3arp,81,0,6,0.357421875,0,-676591.0820648061,-638893.3284401357,-37710.393392966114,291.47998135033197,
6082,3arp,82,0,6,0.357421875,0,-676595.5335256895,-638893.3284401357,-37711.73265104095,219.71087962546835,
6083,3arp,83,0,6,0.357421875,0,-676563.2840468424,-638893.3284401357,-37711.117173240644,949.2082738398325,
6084,3arp,84,0,6,0.357421875,0,-676559.5566908851,-638893.3284401357,-37711.36770306628,1040.94049920115,
6085,3arp,85,0,6,0.357421875,0,-676590.8122742162,-638893.3284401357,-37711.65958844217,326.90066149205063,
6086,3arp,86,0,6,0.357421875,0,-676585.65549673,-638893.3284401357,-37711.80263094701,449.1174138891795,
6087,3arp,87,0,6,0.357421875,0,-676551.4811712938,-638893.3284401357,-37711.91575501964,1239.8047832783877,
6088,3arp,88,0,6,0.357421875,0,-676569.745250611,-638893.3284401357,-37711.63480810913,812.1463189337368,
6089,3arp,89,0,6,0.357421875,0,-676547.4912426011,-638893.3284401357,-37711.29902206453,1317.5925249270247,
6090,3arp,90,0,6,0.357421875,0,-676574.3440181301,-638893.3284401357,-37711.32552908458,698.9640768586767,
6091,3arp,91,0,6,0.357421875,0,-676575.0086624163,-638893.3284401357,-37711.10859786079,678.6344626453524,
6092,3arp,92,0,6,0.357421875,0,-676589.7380183622,-638893.3284401357,-37711.87451545986,356.62992476722343,
6093,3arp,93,0,6,0.357421875,0,-676581.2309079901,-638893.3284401357,-37711.30669210943,539.7142328707597,
6094,3arp,94,0,6,0.357421875,0,-676598.25310625,-638893.3284401357,-37711.39357154168,149.17650302061108,
6095,3arp,95,0,6,0.357421875,0,-676585.5193213957,-638893.3284401357,-37711.67237471149,449.2539115505789,
6096,3arp,96,0,6,0.357421875,0,-676566.8884942069,-638893.3284401357,-37711.58946316036,876.9790072696244,
6097,3arp,97,0,6,0.357421875,0,-676547.9829836325,-638893.3284401357,-37711.55492298397,1312.1539227445412,
6098,3arp,98,0,6,0.357421875,0,-676606.0070749507,-638893.3284401357,-37711.01728914775,-38.31154122363552,
6099,3arp,99,0,6,0.357421875,0,-676588.7817947256,-638893.3284401357,-37703.154078290914,177.58290723822032,
6100,3arp,100,0,6,0.357421875,0,-676589.1316572413,-638893.3284401357,-37708.783045397126,299.3219511506968,
7001,3ary,1,0,7,0.357421875,0,-668842.4438980394,-638893.3284401357,-29955.01835738705,136.12409587487156,
7002,3ary,2,0,7,0.357421875,0,-668845.807450551,-638893.3284401357,-29954.933965048058,56.612598731554904,
7003,3ary,3,0,7,0.357421875,0,-668831.1180092418,-638893.3284401357,-29954.87681498216,394.0412508191111,
7004,3ary,4,0,7,0.357421875,0,-668843.4415051362,-638893.3284401357,-29954.938777914507,111.2835834701369,
7005,3ary,5,0,7,0.357421875,0,-668840.2687675826,-638893.3284401357,-29954.96996288584,185.16779210192522,
7006,3ary,6,0,7,0.357421875,0,-668841.7747978003,-638893.3284401357,-29954.88738252805,148.53356194058694,
7007,3ary,7,0,7,0.357421875,0,-668840.2661587023,-638893.3284401357,-29954.985313466055,185.58194709979057,
7008,3ary,8,0,7,0.357421875,0,-668845.9523332885,-638893.3284401357,-29954.890907040102,52.27858218067484,
7009,3ary,9,0,7,0.357421875,0,-668842.7133493894,-638893.3284401357,-29954.98573969887,129.15821837240227,
7010,3ary,10,0,7,0.357421875,0,-668845.1842258753,-638893.3284401357,-29954.993892690403,72.36646543641044,
7011,3ary,11,0,7,0.357421875,0,-668847.6278168731,-638893.3284401357,-29954.86812885688,13.115735454059106,
7012,3ary,12,0,7,0.357421875,0,-668812.2051793805,-638893.3284401357,-29954.88812514232,830.4422869368083,
7013,3ary,13,0,7,0.357421875,0,-668825.8652699911,-638893.3284401357,-29954.993857672674,517.871364113582,
7014,3ary,14,0,7,0.357421875,0,-668843.0082344146,-638893.3284401357,-29954.919055542214,120.82023495913015,
7015,3ary,15,0,7,0.357421875,0,-668839.0549612814,-638893.3284401357,-29954.993368139727,213.6985683455057,
7016,3ary,16,0,7,0.357421875,0,-668846.4602122328,-638893.3284401357,-29954.919602087004,41.22833899557177,
7017,3ary,17,0,7,0.357421875,0,-668843.3907986307,-638893.3284401357,-29954.995061388476,113.75083101005019,
7018,3ary,18,0,7,0.357421875,0,-668826.5625637205,-638893.3284401357,-29954.916639169915,500.01068773834487,
7019,3ary,19,0,7,0.357421875,0,-668849.5250990563,-638893.3284401357,-29954.98913612054,-27.846137287627574,
7020,3ary,20,0,7,0.357421875,0,-668833.6214910916,-638893.3284401357,-29954.893897166712,336.7035124127615,
7021,3ary,21,0,7,0.357421875,0,-668834.9633600139,-638893.3284401357,-29954.98674847768,307.90048204427507,
7022,3ary,22,0,7,0.357421875,0,-668845.3068907143,-638893.3284401357,-29954.919002553685,67.81073946899548,
7023,3ary,23,0,7,0.357421875,0,-668852.38246383,-638893.3284401357,-29954.887334754927,-96.08612958318486,
7024,3ary,24,0,7,0.357421875,0,-668824.0154980144,-638893.3284401357,-29954.99116711901,560.4660736166118,
7025,3ary,25,0,7,0.357421875,0,-668844.8624433153,-638893.3284401357,-29954.894352665407,77.49150004421146,
7026,3ary,26,0,7,0.357421875,0,-668782.4167186649,-638893.3284401357,-29954.81437351392,1515.6797571141572,
7027,3ary,27,0,7,0.357421875,0,-668816.1799248033,-638893.3284401357,-29954.815873703224,737.1163222319278,
7028,3ary,28,0,7,0.357421875,0,-668816.6023949257,-638893.3284401357,-29954.818381568653,727.4317625193078,
7029,3ary,29,0,7,0.357421875,0,-668827.0680524581,-638893.3284401357,-29954.980950495465,489.8368949259163,
7030,3ary,30,0,7,0.357421875,0,-668844.4214787366,-638893.3284401357,-29954.81372957514,85.80117217512506,
7031,3ary,31,0,7,0.357421875,0,-668835.1166826063,-638893.3284401357,-29954.881545773012,301.93874706632755,
7032,3ary,32,0,7,0.357421875,0,-668842.9345844558,-638893.3284401357,-29954.89983018325,122.07529604738231,
7033,3ary,33,0,7,0.357421875,0,-668807.7647386068,-638893.3284401357,-29954.88654663251,932.8048824875461,
7034,3ary,34,0,7,0.357421875,0,-668842.7083785714,-638893.3284401357,-29954.989756485684,129.36547746178007,
7035,3ary,35,0,7,0.357421875,0,-668817.3607467734,-638893.3284401357,-29954.911351135237,712.0876825985421,
7036,3ary,36,0,7,0.357421875,0,-668819.0011575392,-638893.3284401357,-29954.905127069218,674.1153813004453,
7037,3ary,37,0,7,0.357421875,0,-668837.0609940314,-638893.3284401357,-29954.997086337073,259.7662891543116,
7038,3ary,38,0,7,0.357421875,0,-668807.335687417,-638893.3284401357,-29954.892509123547,942.8365362814211,
7039,3ary,39,0,7,0.357421875,0,-668819.8427559161,-638893.3284401357,-29954.799889525635,652.280826269218,
7040,3ary,40,0,7,0.357421875,0,-668830.4139112255,-638893.3284401357,-29954.990055909617,412.88953462446176,
7041,3ary,41,0,7,0.357421875,0,-668819.0967663103,-638893.3284401357,-29954.894539883597,671.666444361514,
7042,3ary,42,0,7,0.357421875,0,-668840.1931380512,-638893.3284401357,-29954.818462571366,183.41817028003356,
7043,3ary,43,0,7,0.357421875,0,-668840.5202015513,-638893.3284401357,-29954.890691628916,177.5415484295075,
7044,3ary,44,0,7,0.357421875,0,-668840.0482928625,-638893.3284401357,-29954.816834470494,186.7208347843236,
7045,3ary,45,0,7,0.357421875,0,-668842.3117003613,-638893.3284401357,-29954.913650742037,136.75805415806238,
7046,3ary,46,0,7,0.357421875,0,-668851.0924946846,-638893.3284401357,-29954.98531903909,-64.0791631332387,
7047,3ary,47,0,7,0.357421875,0,-668834.5712170326,-638893.3284401357,-29954.934425970776,315.736928347682,
7048,3ary,48,0,7,0.357421875,0,-668823.5555637947,-638893.3284401357,-29954.892917564375,568.8067201353801,
7049,3ary,49,0,7,0.357421875,0,-668845.6545738303,-638893.3284401357,-29954.914848527176,59.6971822160844,
7050,3ary,50,0,7,0.357421875,0,-668839.2926732482,-638893.3284401357,-29955.02969603823,209.05454140498878,
7051,3ary,51,0,7,0.357421875,0,-668844.0265742117,-638893.3284401357,-29954.910550466044,97.14062964585693,
7052,3ary,52,0,7,0.357421875,0,-668849.3055290452,-638893.3284401357,-29954.919162979586,-24.396351507568678,
7053,3ary,53,0,7,0.357421875,0,-668816.7503526382,-638893.3284401357,-29954.891024967892,725.6949731953601,
7054,3ary,54,0,7,0.357421875,0,-668830.575103748,-638893.3284401357,-29954.896784505112,407.0214570645862,
7055,3ary,55,0,7,0.357421875,0,-668847.9308126145,-638893.3284401357,-29954.99151693867,8.973884429607645,
7056,3ary,56,0,7,0.357421875,0,-668844.8612398973,-638893.3284401357,-29954.812728962166,75.63696421010144,
7057,3ary,57,0,7,0.357421875,0,-668847.5634218329,-638893.3284401357,-29954.885988315804,15.01256926707528,
7058,3ary,58,0,7,0.357421875,0,-668845.5263337375,-638893.3284401357,-29954.928011020882,62.9580033249721,
7059,3ary,59,0,7,0.357421875,0,-668843.4204058968,-638893.3284401357,-29954.88834961341,110.60723923903117,
7060,3ary,60,0,7,0.357421875,0,-668843.7864219269,-638893.3284401357,-29954.987773349745,104.45947489785232,
7061,3ary,61,0,7,0.357421875,0,-668843.9214918488,-638893.3284401357,-29954.88813759969,99.04703352486443,
7062,3ary,62,0,7,0.357421875,0,-668843.9999455692,-638893.3284401357,-29954.89038165496,97.28959689629383,
7063,3ary,63,0,7,0.357421875,0,-668822.4484571987,-638893.3284401357,-29954.92340680049,595.0403032337819,
7064,3ary,64,0,7,0.357421875,0,-668845.3679059466,-638893.3284401357,-29954.920186868174,66.43100572861091,
7065,3ary,65,0,7,0.357421875,0,-668843.5699473493,-638893.3284401357,-29954.8950031607,107.31216586851045,
7066,3ary,66,0,7,0.357421875,0,-668848.2357848914,-638893.3284401357,-29954.918435653908,0.2557621882288972,
7067,3ary,67,0,7,0.357421875,0,-668843.7746109837,-638893.3284401357,-29954.916434785588,103.08673534870631,
7068,3ary,68,0,7,0.357421875,0,-668817.3139172813,-638893.3284401357,-29954.987497350437,714.9235697784375,
7069,3ary,69,0,7,0.357421875,0,-668850.3850621901,-638893.3284401357,-29955.580774626,-34.03385021396217,
7070,3ary,70,0,7,0.357421875,0,-668845.6218930216,-638893.3284401357,-29955.65339620994,77.48213373138962,
7071,3ary,71,0,7,0.357421875,0,-668845.5678782933,-638893.3284401357,-29955.58306484507,77.10586315305777,
7072,3ary,72,0,7,0.357421875,0,-668846.0156547597,-638893.3284401357,-29955.618867179615,67.60551398105642,
7073,3ary,73,0,7,0.357421875,0,-668843.668636667,-638893.3284401357,-29955.59303378151,121.13330465574695,
7074,3ary,74,0,7,0.357421875,0,-668850.1497096153,-638893.3284401357,-29955.527176907523,-29.842483655185518,
7075,3ary,75,0,7,0.357421875,0,-668849.1311930888,-638893.3284401357,-29955.520185729725,-6.516154970902246,
7076,3ary,76,0,7,0.357421875,0,-668843.5749716035,-638893.3284401357,-29954.95636980818,108.61145232354968,
7077,3ary,77,0,7,0.357421875,0,-668839.6225921088,-638893.3284401357,-29955.512089988453,212.5707005028329,
7078,3ary,78,0,7,0.357421875,0,-668832.7420058878,-638893.3284401357,-29955.576446851952,372.72489268382424,
7079,3ary,79,0,7,0.357421875,0,-668835.319124552,-638893.3284401357,-29955.48567654775,311.20191152199175,
7080,3ary,80,0,7,0.357421875,0,-668842.3597405576,-638893.3284401357,-29955.501239737732,149.20034505347678,
7081,3ary,81,0,7,0.357421875,0,-668853.1723617635,-638893.3284401357,-29955.576320579512,-98.41321809718401,
7082,3ary,82,0,7,0.357421875,0,-668852.645424086,-638893.3284401357,-29955.578548213703,-86.21037611604132,
7083,3ary,83,0,7,0.357421875,0,-668815.8712889426,-638893.3284401357,-29955.50386553095,760.0991027097774,
7084,3ary,84,0,7,0.357421875,0,-668832.4526827505,-638893.3284401357,-29955.598203024132,379.89855197824335,
7085,3ary,85,0,7,0.357421875,0,-668844.1528823697,-638893.3284401357,-29955.579319706423,109.65007938139141,
7086,3ary,86,0,7,0.357421875,0,-668827.9058079751,-638893.3284401357,-29955.582139035923,484.38153084855475,
7087,3ary,87,0,7,0.357421875,0,-668853.5849964791,-638893.3284401357,-29955.49049573229,-109.90796868620198,
7088,3ary,88,0,7,0.357421875,0,-668846.0757598898,-638893.3284401357,-29955.571484914286,65.12679575811302,
7089,3ary,89,0,7,0.357421875,0,-668844.8971927338,-638893.3284401357,-29955.526637723906,91.27099925096091,
7090,3ary,90,0,7,0.357421875,0,-668832.0255338432,-638893.3284401357,-29955.52111425088,387.9711304437506,
7091,3ary,91,0,7,0.357421875,0,-668845.7688637548,-638893.3284401357,-29955.510546138747,70.79870720974334,
7092,3ary,92,0,7,0.357421875,0,-668843.8402614316,-638893.3284401357,-29955.019478252394,103.94903884810871,
7093,3ary,93,0,7,0.357421875,0,-668842.0429127389,-638893.3284401357,-29954.92074065493,143.11994125723683,
7094,3ary,94,0,7,0.357421875,0,-668852.566997263,-638893.3284401357,-29954.93492110656,-99.24420430194891,
7095,3ary,95,0,7,0.357421875,0,-668817.6443011933,-638893.3284401357,-29955.03501566337,708.4005341023549,
7096,3ary,96,0,7,0.357421875,0,-668832.7075621507,-638893.3284401357,-29954.930065831406,358.61328369013523,
7097,3ary,97,0,7,0.357421875,0,-668821.5018146806,-638893.3284401357,-29954.79679395841,613.9506367987968,
7098,3ary,98,0,7,0.357421875,0,-668844.4249762775,-638893.3284401357,-29954.962898811562,89.16044127609703,
7099,3ary,99,0,7,0.357421875,0,-668849.2386102849,-638893.3284401357,-29954.926243474943,-22.689888132926843,
7100,3ary,100,0,7,0.357421875,0,-668846.801387819,-638893.3284401357,-29955.021247407658,35.70463984964999,
8001,3aru,1,0,8,0.357421875,0,-664775.2045448041,-638893.3284401357,-25893.76315968737,274.1220008309423,
8002,3aru,2,0,8,0.357421875,0,-664768.3940117727,-638893.3284401357,-25893.653682226985,428.65201334096,
8003,3aru,3,0,8,0.357421875,0,-664783.9427019721,-638893.3284401357,-25893.594213361586,68.71931467958618,
8004,3aru,4,0,8,0.357421875,0,-664771.6059836812,-638893.3284401357,-25893.61806255087,353.76077227063,
8005,3aru,5,0,8,0.357421875,0,-664778.8701501852,-638893.3284401357,-25893.62269716963,186.35199000247826,
8006,3aru,6,0,8,0.357421875,0,-664783.2408543598,-638893.3284401357,-25893.207688207476,75.99082330818258,
8007,3aru,7,0,8,0.357421875,0,-664781.3286751872,-638893.3284401357,-25893.70580422386,131.5735508001527,
8008,3aru,8,0,8,0.357421875,0,-664766.7899442978,-638893.3284401357,-25893.67599206671,466.1571651967348,
8009,3aru,9,0,8,0.357421875,0,-664773.3227710789,-638893.3284401357,-25884.675165588706,107.94261122960347,
8010,3aru,10,0,8,0.357421875,0,-664775.5675735247,-638893.3284401357,-25888.308980728238,139.97400489177915,
8011,3aru,11,0,8,0.357421875,0,-664769.1703374004,-638893.3284401357,-25893.6907995294,411.6054643990107,
8012,3aru,12,0,8,0.357421875,0,-664781.0114988006,-638893.3284401357,-25893.692196483462,138.57401008570062,
8013,3aru,13,0,8,0.357421875,0,-664779.1125046974,-638893.3284401357,-25893.57320236668,179.6217849107484,
8014,3aru,14,0,8,0.357421875,0,-664779.5214724463,-638893.3284401357,-25890.495901281683,99.22651571708467,
8015,3aru,15,0,8,0.357421875,0,-664781.7582050776,-638893.3284401357,-25890.615414495314,50.40227606709468,
8016,3aru,16,0,8,0.357421875,0,-664781.7228434301,-638893.3284401357,-25893.693457836955,122.19910073500972,
8017,3aru,17,0,8,0.357421875,0,-664773.4329858039,-638893.3284401357,-25888.030968601553,182.78765517954773,
8018,3aru,18,0,8,0.357421875,0,-664747.6877456378,-638893.3284401357,-25893.725142533618,907.7977677565599,
8019,3aru,19,0,8,0.357421875,0,-664748.3649110561,-638893.3284401357,-25872.246512229296,396.8729807700446,
8020,3aru,20,0,8,0.357421875,0,-664748.9220709867,-638893.3284401357,-25893.391009504645,871.6282583140825,
8021,3aru,21,0,8,0.357421875,0,-664778.3501314586,-638893.3284401357,-25890.67632406458,130.39892880392722,
8022,3aru,22,0,8,0.357421875,0,-664775.8948663097,-638893.3284401357,-25884.168842817395,36.95260564920044,
8023,3aru,23,0,8,0.357421875,0,-664761.6594909793,-638893.3284401357,-25886.08846103653,409.49560710234863,
8024,3aru,24,0,8,0.357421875,0,-664754.3383255965,-638893.3284401357,-25893.04972969994,738.8563605613831,
8025,3aru,25,0,8,0.357421875,0,-664763.3140975451,-638893.3284401357,-25893.67235737547,546.2282775167567,
8026,3aru,26,0,8,0.357421875,0,-664747.6914826703,-638893.3284401357,-25876.625876391965,513.3931450137699,
8027,3aru,27,0,8,0.357421875,0,-664763.5890824412,-638893.3284401357,-25893.680069322432,540.0648168900678,
8028,3aru,28,0,8,0.357421875,0,-664749.1537378795,-638893.3284401357,-25893.68406712517,873.0439621279118,
8029,3aru,29,0,8,0.357421875,0,-664745.0085888868,-638893.3284401357,-25892.22039973244,934.8803968198876,
8030,3aru,30,0,8,0.357421875,0,-664780.3260202628,-638893.3284401357,-25893.267188722937,144.58060890374497,
8031,3aru,31,0,8,0.357421875,0,-664773.6556543773,-638893.3284401357,-25893.70810716852,308.57072135741674,
8032,3aru,32,0,8,0.357421875,0,-664756.0881712205,-638893.3284401357,-25893.739340598433,714.4067669628764,
8033,3aru,33,0,8,0.357421875,0,-664760.4652829235,-638893.3284401357,-25893.567030186503,609.4946006789097,
8034,3aru,34,0,8,0.357421875,0,-664751.5724515541,-638893.3284401357,-25893.700487012702,817.6457513469262,
8035,3aru,35,0,8,0.357421875,0,-664780.602857924,-638893.3284401357,-25893.655630285586,147.1542560120251,
8036,3aru,36,0,8,0.357421875,0,-664782.3130953974,-638893.3284401357,-25893.57035457596,105.7487383724633,
8037,3aru,37,0,8,0.357421875,0,-664771.2506522005,-638893.3284401357,-25893.78311162695,365.76103298853036,
8038,3aru,38,0,8,0.357421875,0,-664775.3546322208,-638893.3284401357,-25893.676349396555,268.6590099146168,
8039,3aru,39,0,8,0.357421875,0,-664771.847377724,-638893.3284401357,-25893.70013349756,350.0866943910512,
8040,3aru,40,0,8,0.357421875,0,-664754.8586905516,-638893.3284401357,-25886.404641325324,573.617081324175,
8041,3aru,41,0,8,0.357421875,0,-664778.047208718,-638893.3284401357,-25893.69064884886,206.89647401690658,
8042,3aru,42,0,8,0.357421875,0,-664770.4791391711,-638893.3284401357,-25893.72254263863,382.1557920542275,
8043,3aru,43,0,8,0.357421875,0,-664766.7390844737,-638893.3284401357,-25893.761334533538,469.29806464029076,
8044,3aru,44,0,8,0.357421875,0,-664764.89506068,-638893.3284401357,-25890.66717439398,440.4692356419266,
8045,3aru,45,0,8,0.357421875,0,-664778.7134486055,-638893.3284401357,-25893.704666013567,191.85586072228048,
8046,3aru,46,0,8,0.357421875,0,-664753.821245126,-638893.3284401357,-25888.313991601306,641.5718045484555,
8047,3aru,47,0,8,0.357421875,0,-664776.6705697542,-638893.3284401357,-25893.68432574972,238.49670855738253,
8048,3aru,48,0,8,0.357421875,0,-664782.918832562,-638893.3284401357,-25893.69611620411,94.68023955627027,
8049,3aru,49,0,8,0.357421875,0,-664770.4250200307,-638893.3284401357,-25893.7031316708,382.956181527397,
8050,3aru,50,0,8,0.357421875,0,-664761.5034624856,-638893.3284401357,-25893.563001508563,585.4607077105042,
8051,3aru,51,0,8,0.357421875,0,-664777.9184559351,-638893.3284401357,-25893.486496205176,205.15771192181262,
8052,3aru,52,0,8,0.357421875,0,-664774.1796779997,-638893.3284401357,-25893.688949222415,296.04465681638226,
8053,3aru,53,0,8,0.357421875,0,-664769.7505590533,-638893.3284401357,-25890.560599024146,326.0410967498678,
8054,3aru,54,0,8,0.357421875,0,-664780.5592493041,-638893.3284401357,-25893.04929357274,134.17743790746593,
8055,3aru,55,0,8,0.357421875,0,-664777.1997788762,-638893.3284401357,-25893.700954432334,226.6763228191286,
8056,3aru,56,0,8,0.357421875,0,-664778.7187499768,-638893.3284401357,-25893.67526906237,191.0556983958944,
8057,3aru,57,0,8,0.357421875,0,-664769.2313298499,-638893.3284401357,-25893.76282953724,411.8599965406013,
8058,3aru,58,0,8,0.357421875,0,-664776.4802134853,-638893.3284401357,-25893.602297241527,240.99480606446033,
8059,3aru,59,0,8,0.357421875,0,-664778.7023365562,-638893.3284401357,-25893.719946439112,192.46448565169578,
8060,3aru,60,0,8,0.357421875,0,-664769.0882007993,-638893.3284401357,-25893.708246404974,413.90191392587707,
8061,3aru,61,0,8,0.357421875,0,-664781.6061275518,-638893.3284401357,-25887.60879852876,-15.424944179024571,
8062,3aru,62,0,8,0.357421875,0,-664771.8551778122,-638893.3284401357,-25886.15978419289,176.02223428526662,
8063,3aru,63,0,8,0.357421875,0,-664769.2105246251,-638893.3284401357,-25893.59651851162,408.50455306053937,
8064,3aru,64,0,8,0.357421875,0,-664784.7841671772,-638893.3284401357,-25893.476104969828,46.591021852918715,
8065,3aru,65,0,8,0.357421875,0,-664774.6535045719,-638893.3284401357,-25893.643073613493,284.06003981136473,
8066,3aru,66,0,8,0.357421875,0,-664734.8878562521,-638893.3284401357,-25893.718474502413,1202.8164607095991,
8067,3aru,67,0,8,0.357421875,0,-664776.4897063887,-638893.3284401357,-25893.63699376091,241.57601525711038,
8068,3aru,68,0,8,0.357421875,0,-664769.9768444664,-638893.3284401357,-25893.7168728064,393.60823367895165,
8069,3aru,69,0,8,0.357421875,0,-664781.4659438347,-638893.3284401357,-25893.689947182982,128.042388538016,
8070,3aru,70,0,8,0.357421875,0,-664776.8453437012,-638893.3284401357,-25893.65761625275,233.8503899609149,
8071,3aru,71,0,8,0.357421875,0,-664780.5752497679,-638893.3284401357,-25893.694028849448,148.67640713456638,
8072,3aru,72,0,8,0.357421875,0,-664774.5654218859,-638893.3284401357,-25893.655196244566,286.37082931746085,
8073,3aru,73,0,8,0.357421875,0,-664781.3040286219,-638893.3284401357,-25893.43134921296,125.81283119227567,
8074,3aru,74,0,8,0.357421875,0,-664786.5245093326,-638893.3284401357,-25893.572697336513,8.685251227564205,
8075,3aru,75,0,8,0.357421875,0,-664783.8395191793,-638893.3284401357,-25893.572433407153,70.5965087268249,
8076,3aru,76,0,8,0.357421875,0,-664767.2651097394,-638893.3284401357,-25893.77301769957,457.437054049841,
8077,3aru,77,0,8,0.357421875,0,-664761.9059196477,-638893.3284401357,-25892.994592244475,563.0719960536596,
8078,3aru,78,0,8,0.357421875,0,-664768.2119995131,-638893.3284401357,-25893.568579192,430.8867931506962,
8079,3aru,79,0,8,0.357421875,0,-664779.5557566349,-638893.3284401357,-25893.595642502154,169.91763422220728,
8080,3aru,80,0,8,0.357421875,0,-664781.6366333581,-638893.3284401357,-25893.637286121695,122.8918016983113,
8081,3aru,81,0,8,0.357421875,0,-664789.8236004626,-638893.3284401357,-25893.695903475134,-64.55239652133707,
8082,3aru,82,0,8,0.357421875,0,-664782.1564006131,-638893.3284401357,-25893.725005264132,112.92853553211678,
8083,3aru,83,0,8,0.357421875,0,-664782.2415698534,-638893.3284401357,-25893.632323319758,108.82718978235908,
8084,3aru,84,0,8,0.357421875,0,-664780.6109662867,-638893.3284401357,-25893.717336113303,148.39024291560443,
8085,3aru,85,0,8,0.357421875,0,-664780.3866422987,-638893.3284401357,-25893.719827051013,153.62071936041474,
8086,3aru,86,0,8,0.357421875,0,-664771.458870612,-638893.3284401357,-25893.678469891398,358.5463066048082,
8087,3aru,87,0,8,0.357421875,0,-664779.4947250104,-638893.3284401357,-25893.830164308394,176.7332582496388,
8088,3aru,88,0,8,0.357421875,0,-664772.9462339348,-638893.3284401357,-25893.838452453463,327.9361790808053,
8089,3aru,89,0,8,0.357421875,0,-664788.4796628421,-638893.3284401357,-25893.588564510195,-36.03575407702133,
8090,3aru,90,0,8,0.357421875,0,-664770.7772135359,-638893.3284401357,-25893.701965505927,374.807513955281,
8091,3aru,91,0,8,0.357421875,0,-664782.0740558421,-638893.3284401357,-25893.564645941104,111.12947722389534,
8092,3aru,92,0,8,0.357421875,0,-664768.954413972,-638893.3284401357,-25893.7477340053,417.89771715257746,
8093,3aru,93,0,8,0.357421875,0,-664780.6830644822,-638893.3284401357,-25893.18565427765,134.4667446295314,
8094,3aru,94,0,8,0.357421875,0,-664782.6251744997,-638893.3284401357,-25893.780246491282,103.39224586023641,
8095,3aru,95,0,8,0.357421875,0,-664757.6768002277,-638893.3284401357,-25893.768733794535,678.4499349613126,
8096,3aru,96,0,8,0.357421875,0,-664782.5701852656,-638893.3284401357,-25893.80078458294,105.1339473679414,
8097,3aru,97,0,8,0.357421875,0,-664773.3891161149,-638893.3284401357,-25893.81380170092,317.15461352522686,
8098,3aru,98,0,8,0.357421875,0,-664785.692442618,-638893.3284401357,-25893.715599651186,31.168571161594997,
8099,3aru,99,0,8,0.357421875,0,-664785.6076773619,-638893.3284401357,-25893.754115755404,34.01150686628661,
8100,3aru,100,0,8,0.357421875,0,-664760.6207165188,-638893.3284401357,-25893.710368568747,609.2156784397837,
9001,3arv,1,0,9,0.357421875,0,-669528.7447771814,-638893.3284401357,-30672.43908683652,853.7648923716557,
9002,3arv,2,0,9,0.357421875,0,-669554.248083183,-638893.3284401357,-30671.965061944666,254.7134107927143,
9003,3arv,3,0,9,0.357421875,0,-669548.9596709395,-638893.3284401357,-30671.982594621113,377.07140740526347,
9004,3arv,4,0,9,0.357421875,0,-669550.0701184211,-638893.3284401357,-30671.974095103087,351.26787659991214,
9005,3arv,5,0,9,0.357421875,0,-669551.6896381762,-638893.3284401357,-30671.96423440868,313.6934708091058,
9006,3arv,6,0,9,0.357421875,0,-669535.7734388947,-638893.3284401357,-30671.967836481275,680.8128113910215,
9007,3arv,7,0,9,0.357421875,0,-669546.6593773302,-638893.3284401357,-30671.973698180846,429.9122814199223,
9008,3arv,8,0,9,0.357421875,0,-669546.9274153201,-638893.3284401357,-30671.984173712077,423.97275002352853,
9009,3arv,9,0,9,0.357421875,0,-669533.9201600935,-638893.3284401357,-30671.96708212489,723.533039957956,
9010,3arv,10,0,9,0.357421875,0,-669528.2981454668,-638893.3284401357,-30671.978331816124,853.439201202513,
9011,3arv,11,0,9,0.357421875,0,-669544.126261064,-638893.3284401357,-30671.97489861839,488.35501298569113,
9012,3arv,12,0,9,0.357421875,0,-669552.7391921817,-638893.3284401357,-30671.975193065347,289.7428930907669,
9013,3arv,13,0,9,0.357421875,0,-669538.2450448211,-638893.3284401357,-30671.96659625763,623.7876244700543,
9014,3arv,14,0,9,0.357421875,0,-669554.6024879155,-638893.3284401357,-30671.97212628715,246.70355111329067,
9015,3arv,15,0,9,0.357421875,0,-669562.8962207075,-638893.3284401357,-30671.964187052778,55.262446277182676,
9016,3arv,16,0,9,0.357421875,0,-669533.5582192033,-638893.3284401357,-30671.971988063993,731.9927288116213,
9017,3arv,17,0,9,0.357421875,0,-669552.7518228975,-638893.3284401357,-30671.961836618128,289.14361487650154,
9018,3arv,18,0,9,0.357421875,0,-669565.4117538123,-638893.3284401357,-30671.977152702155,-2.4481302299762504,
9019,3arv,19,0,9,0.357421875,0,-669551.517778286,-638893.3284401357,-30672.4393549382,328.6131937240878,
9020,3arv,20,0,9,0.357421875,0,-669522.4067705362,-638893.3284401357,-30671.977908161225,989.2877648641839,
9021,3arv,21,0,9,0.357421875,0,-669494.5022418883,-638893.3284401357,-30671.973061901273,1632.6697250304094,
9022,3arv,22,0,9,0.357421875,0,-669568.7363594858,-638893.3284401357,-30671.97842853956,-79.08593687062958,
9023,3arv,23,0,9,0.357421875,0,-669552.2304750021,-638893.3284401357,-30671.980336975983,301.592811341536,
9024,3arv,24,0,9,0.357421875,0,-669531.9369363574,-638893.3284401357,-30671.969789323153,769.3296952570456,
9025,3arv,25,0,9,0.357421875,0,-669565.1481061515,-638893.3284401357,-30671.955697354617,3.136957195268754,
9026,3arv,26,0,9,0.357421875,0,-669528.272070804,-638893.3284401357,-30671.97095448965,853.8703720212715,
9027,3arv,27,0,9,0.357421875,0,-669563.0793948704,-638893.3284401357,-30671.974638459018,51.27936488379998,
9028,3arv,28,0,9,0.357421875,0,-669566.1729106394,-638893.3284401357,-30671.963209059777,-20.322371679789413,
9029,3arv,29,0,9,0.357421875,0,-669516.837514275,-638893.3284401357,-30671.98493061656,1117.8798069242462,
9030,3arv,30,0,9,0.357421875,0,-669534.1731546313,-638893.3284401357,-30671.96432205731,717.6351986471981,
9031,3arv,31,0,9,0.357421875,0,-669515.573681676,-638893.3284401357,-30671.98187249595,1146.9539570877675,
9032,3arv,32,0,9,0.357421875,0,-669561.365060055,-638893.3284401357,-30671.993959036412,91.25840799093584,
9033,3arv,33,0,9,0.357421875,0,-669561.0030822691,-638893.3284401357,-30671.993298706355,99.59058646440947,
9034,3arv,34,0,9,0.357421875,0,-669548.1548709958,-638893.3284401357,-30671.98588639194,395.7064450395589,
9035,3arv,35,0,9,0.357421875,0,-669567.1953280354,-638893.3284401357,-30671.967564833096,-43.79943042317193,
9036,3arv,36,0,9,0.357421875,0,-669556.6266077546,-638893.3284401357,-30671.976378914656,200.12430666948023,
9037,3arv,37,0,9,0.357421875,0,-669573.1071923162,-638893.3284401357,-30671.967483830394,-180.1321274057512,
9038,3arv,38,0,9,0.357421875,0,-669501.006673911,-638893.3284401357,-30671.968787816095,1482.5753965145095,
9039,3arv,39,0,9,0.357421875,0,-669520.3060668941,-638893.3284401357,-30672.005671572617,1038.3713811576242,
9040,3arv,40,0,9,0.357421875,0,-669566.11175085,-638893.3284401357,-30671.991644334736,-18.256260411703884,
9041,3arv,41,0,9,0.357421875,0,-669542.5572903986,-638893.3284401357,-30671.966519352736,524.3431056020773,
9042,3arv,42,0,9,0.357421875,0,-669563.7829655198,-638893.3284401357,-30671.972762060093,35.01136948446914,
9043,3arv,43,0,9,0.357421875,0,-669552.7306554852,-638893.3284401357,-30671.950806957415,289.37739698150335,
9044,3arv,44,0,9,0.357421875,0,-669505.8549970477,-638893.3284401357,-30671.98864179546,1371.2282525634448,
9045,3arv,45,0,9,0.357421875,0,-669560.2296528306,-638893.3284401357,-30671.969013389888,116.86626032192152,
9046,3arv,46,0,9,0.357421875,0,-669523.999581152,-638893.3284401357,-30671.971339341926,952.4051989022189,
9047,3arv,47,0,9,0.357421875,0,-669534.1898104785,-638893.3284401357,-30671.991004598072,717.8664196937606,
9048,3arv,48,0,9,0.357421875,0,-669564.4516414641,-638893.3284401357,-30671.967249479832,19.464212766387757,
9049,3arv,49,0,9,0.357421875,0,-669572.1886122462,-638893.3284401357,-30672.442210745754,-148.0017050266357,
9050,3arv,50,0,9,0.357421875,0,-669542.8604645072,-638893.3284401357,-30671.982824173512,517.7277426687053,
9051,3arv,51,0,9,0.357421875,0,-669514.7263786879,-638893.3284401357,-30671.959587585858,1165.9793259357225,
9052,3arv,52,0,9,0.357421875,0,-669534.0994791179,-638893.3284401357,-30671.964427259507,719.3366223678532,
9053,3arv,53,0,9,0.357421875,0,-669554.0483242061,-638893.3284401357,-30671.972160589637,259.4836608740427,
9054,3arv,54,0,9,0.357421875,0,-669529.4164916216,-638893.3284401357,-30671.98070558602,827.7042666425928,
9055,3arv,55,0,9,0.357421875,0,-669560.8702093151,-638893.3284401357,-30672.00066356056,102.82454714845012,
9056,3arv,56,0,9,0.357421875,0,-669540.0229725479,-638893.3284401357,-30671.961678993644,582.6742422841833,
9057,3arv,57,0,9,0.357421875,0,-669519.840317541,-638893.3284401357,-30671.9622853964,1048.1113073989516,
9058,3arv,58,0,9,0.357421875,0,-669530.1246808855,-638893.3284401357,-30671.98475493187,811.4664143847398,
9059,3arv,59,0,9,0.357421875,0,-669499.3558590049,-638893.3284401357,-30671.974707421592,1520.7806019621084,
9060,3arv,60,0,9,0.357421875,0,-669561.0616404501,-638893.3284401357,-30681.376565721574,314.62348054147657,
9061,3arv,61,0,9,0.357421875,0,-669543.484630638,-638893.3284401357,-30680.974085044803,710.6775311354277,
9062,3arv,62,0,9,0.357421875,0,-669561.706140214,-638893.3284401357,-30680.94841836089,289.8876502209023,
9063,3arv,63,0,9,0.357421875,0,-669542.3794414485,-638893.3284401357,-30680.92327642136,734.992124611736,
9064,3arv,64,0,9,0.357421875,0,-669566.5043450085,-638893.3284401357,-30681.371558976116,188.99627345209768,
9065,3arv,65,0,9,0.357421875,0,-669551.0853944208,-638893.3284401357,-30681.47476552123,546.9457204487629,
9066,3arv,66,0,9,0.357421875,0,-669543.9963797418,-638893.3284401357,-30680.96853054756,698.7482267010682,
9067,3arv,67,0,9,0.357421875,0,-669563.9165330614,-638893.3284401357,-30681.006763574413,240.26025282551544,
9068,3arv,68,0,9,0.357421875,0,-669555.833626279,-638893.3284401357,-30681.04892727429,427.62882930906557,
9069,3arv,69,0,9,0.357421875,0,-669551.1642629441,-638893.3284401357,-30681.450748455467,544.5731223997802,
9070,3arv,70,0,9,0.357421875,0,-669505.1842883468,-638893.3284401357,-30680.868140470924,1591.46126655841,
9071,3arv,71,0,9,0.357421875,0,-669546.843267047,-638893.3284401357,-30681.039175864997,634.7265655540901,
9072,3arv,72,0,9,0.357421875,0,-669563.642063999,-638893.3284401357,-30681.4288089245,256.3222567505823,
9073,3arv,73,0,9,0.357421875,0,-669568.9321309711,-638893.3284401357,-30681.313442704024,131.67000606703792,
9074,3arv,74,0,9,0.357421875,0,-669535.8245285839,-638893.3284401357,-30680.91471922094,885.9546725213161,
9075,3arv,75,0,9,0.357421875,0,-669504.3519893225,-638893.3284401357,-30681.30151511424,1620.6483947091433,
9076,3arv,76,0,9,0.357421875,0,-669523.4771749465,-638893.3284401357,-30681.446354281845,1182.9512074097959,
9077,3arv,77,0,9,0.357421875,0,-669529.1032476511,-638893.3284401357,-30681.35879006678,1051.1916099353489,
9078,3arv,78,0,9,0.357421875,0,-669526.5610265672,-638893.3284401357,-30681.01249032909,1101.8307591715784,
9079,3arv,79,0,9,0.357421875,0,-669521.4338778044,-638893.3284401357,-30681.34943855995,1227.8358292453297,
9080,3arv,80,0,9,0.357421875,0,-669562.6146729974,-638893.3284401357,-30680.890273269953,267.5955288631902,
9081,3arv,81,0,9,0.357421875,0,-669514.7921415803,-638893.3284401357,-30681.3995133459,1382.1526571177822,
9082,3arv,82,0,9,0.357421875,0,-669509.8818928687,-638893.3284401357,-30681.377631467523,1494.8810742886972,
9083,3arv,83,0,9,0.357421875,0,-669522.0836526537,-638893.3284401357,-30681.324118730357,1212.267776112533,
9084,3arv,84,0,9,0.357421875,0,-669563.2268244562,-638893.3284401357,-30681.427925240936,265.8775298596485,
9085,3arv,85,0,9,0.357421875,0,-669552.8625611451,-638893.3284401357,-30681.451292765083,505.42198758371086,
9086,3arv,86,0,9,0.357421875,0,-669563.0548096687,-638893.3284401357,-30672.440734219494,62.59473668287483,
9087,3arv,87,0,9,0.357421875,0,-669568.9507533844,-638893.3284401357,-30681.431920778694,133.9727323227311,
9088,3arv,88,0,9,0.357421875,0,-669560.6124017922,-638893.3284401357,-30681.425272849145,326.10638314557247,
9089,3arv,89,0,9,0.357421875,0,-669570.3223927107,-638893.3284401357,-30681.463629317226,103.07319430097446,
9090,3arv,90,0,9,0.357421875,0,-669570.9837957113,-638893.3284401357,-30681.40676928753,86.50965533612151,
9091,3arv,91,0,9,0.357421875,0,-669542.3045659,-638893.3284401357,-30681.208093282512,743.286828628425,
9092,3arv,92,0,9,0.357421875,0,-669559.192293906,-638893.3284401357,-30680.83528108591,345.24931570408364,
9093,3arv,93,0,9,0.357421875,0,-669556.6636307475,-638893.3284401357,-30681.42714239353,417.2103194124486,
9094,3arv,94,0,9,0.357421875,0,-669512.8574441313,-638893.3284401357,-30680.94413648242,1416.2666002364058,
9095,3arv,95,0,9,0.357421875,0,-669541.5679232862,-638893.3284401357,-30672.43931975656,558.0614895463249,
9096,3arv,96,0,9,0.357421875,0,-669549.265790799,-638893.3284401357,-30672.440942001285,380.5818574252968,
9097,3arv,97,0,9,0.357421875,0,-669535.5164468524,-638893.3284401357,-30672.44068632716,697.6433651622716,
9098,3arv,98,0,9,0.357421875,0,-669549.3533171951,-638893.3284401357,-30672.44010483915,378.5441453656249,
9099,3arv,99,0,9,0.357421875,0,-669566.5468999232,-638893.3284401357,-30672.440396097234,-17.942574945700493,
9100,3arv,100,0,9,0.357421875,0,-669565.9192976592,-638893.3284401357,-30672.442698669376,-3.4166243419029696,
10001,3arq,1,0,10,0.357421875,1,-686247.9299186255,-638893.3284401357,-47353.57552644277,-23.659016252748852,
10002,3arq,2,0,10,0.357421875,1,-686245.5097685248,-638893.3284401357,-47354.30110744805,48.88326637943735,
10003,3arq,3,0,10,0.357421875,1,-686219.8583911302,-638893.3284401357,-47354.29473374459,640.2711006143892,
10004,3arq,4,0,10,0.357421875,1,-686207.8266674961,-638893.3284401357,-47353.442181568986,898.068918739938,
10005,3arq,5,0,10,0.357421875,1,-686234.329862648,-638893.3284401357,-47355.15267182553,326.3355616498,
10006,3arq,6,0,10,0.357421875,1,-686228.9448643416,-638893.3284401357,-47354.12919102285,426.9145446582347,
10007,3arq,7,0,10,0.357421875,1,-686250.2902329061,-638893.3284401357,-47354.45307869884,-57.85232084111228,
10008,3arq,8,0,10,0.357421875,1,-686251.7359218387,-638893.3284401357,-47355.808978837376,-59.92289962015976,
10009,3arq,9,0,10,0.357421875,1,-686249.3474598612,-638893.3284401357,-47354.89377252424,-25.948816905847305,
10010,3arq,10,0,10,0.357421875,1,-686186.6641668022,-638893.3284401357,-47355.04071665976,1422.950873127458,
10011,3arq,11,0,10,0.357421875,1,-686250.4312360527,-638893.3284401357,-47354.622605782475,-57.1945432252876,
10012,3arq,12,0,10,0.357421875,1,-686230.3828035529,-638893.3284401357,-47354.737902146226,407.79209067515416,
10013,3arq,13,0,10,0.357421875,1,-686249.7631583001,-638893.3284401357,-47354.133815091496,-53.06008536591242,
10014,3arq,14,0,10,0.357421875,1,-686223.8114230275,-638893.3284401357,-47355.15592412326,568.9715413891247,
10015,3arq,15,0,10,0.357421875,1,-686246.776988739,-638893.3284401357,-47354.67197088572,28.212788059930656,
10016,3arq,16,0,10,0.357421875,1,-686240.618583792,-638893.3284401357,-47355.47287456358,188.6982574721544,
10017,3arq,17,0,10,0.357421875,1,-686247.5468056585,-638893.3284401357,-47353.8297154125,-8.962484457879814,
10018,3arq,18,0,10,0.357421875,1,-686241.761425668,-638893.3284401357,-47354.70314685674,144.59335512716694,
10019,3arq,19,0,10,0.357421875,1,-686240.3644112143,-638893.3284401357,-47355.02083907696,184.13543039842324,
10020,3arq,20,0,10,0.357421875,1,-686216.3106619503,-638893.3284401357,-47353.68715671862,708.0726199908012,
10021,3arq,21,0,10,0.357421875,1,-686247.1344939555,-638893.3284401357,-47355.19975571001,32.13952910007176,
10022,3arq,22,0,10,0.357421875,1,-686225.5859279871,-638893.3284401357,-47354.53454808564,513.7212130566592,
10023,3arq,23,0,10,0.357421875,1,-686239.2349493001,-638893.3284401357,-47355.367748242345,218.18135629451808,
10024,3arq,24,0,10,0.357421875,1,-686195.7448608364,-638893.3284401357,-47341.08441967929,891.705239959468,
10025,3arq,25,0,10,0.357421875,1,-686212.5614151742,-638893.3284401357,-47341.157188427096,505.5843714971798,
10026,3arq,26,0,10,0.357421875,1,-686187.5345724315,-638893.3284401357,-47335.14548338625,944.0838639764589,
10027,3arq,27,0,10,0.357421875,1,-686198.9465842636,-638893.3284401357,-47335.353427958216,685.7119350262831,
10028,3arq,28,0,10,0.357421875,1,-686212.1255698438,-638893.3284401357,-47341.19473905528,516.5011416419783,
10029,3arq,29,0,10,0.357421875,1,-686208.688700312,-638893.3284401357,-47352.50839717353,856.6563900417051,
10030,3arq,30,0,10,0.357421875,1,-686178.4587128853,-638893.3284401357,-47341.16062919468,1292.0907147689147,
10031,3arq,31,0,10,0.357421875,1,-686165.015608081,-638893.3284401357,-47335.69794401194,1476.1235631593665,
10032,3arq,32,0,10,0.357421875,1,-686185.0376837788,-638893.3284401357,-47335.35838536585,1006.5731204629823,
10033,3arq,33,0,10,0.357421875,1,-686158.159134784,-638893.3284401357,-47333.053817462605,1573.262586813004,
10034,3arq,34,0,10,0.357421875,1,-686197.8568376248,-638893.3284401357,-47346.26010460825,962.3560280743762,
10035,3arq,35,0,10,0.357421875,1,-686164.1770719532,-638893.3284401357,-47340.97780958975,1617.2172583389734,
10036,3arq,36,0,10,0.357421875,1,-686207.370480576,-638893.3284401357,-47341.15018163288,625.1285865717701,
10037,3arq,37,0,10,0.357421875,1,-686218.1463771845,-638893.3284401357,-47352.45515142048,637.3293039220201,
10038,3arq,38,0,10,0.357421875,1,-686200.8823522717,-638893.3284401357,-47340.93474201531,769.7802240575448,
10039,3arq,39,0,10,0.357421875,1,-686195.2377280088,-638893.3284401357,-47341.147491824355,904.8544790061063,
10040,3arq,40,0,10,0.357421875,1,-686226.6545954134,-638893.3284401357,-47354.5541258272,489.52863020443493,
10041,3arq,41,0,10,0.357421875,1,-686202.0585263307,-638893.3284401357,-47346.248593908196,865.1973416524603,
10042,3arq,42,0,10,0.357421875,1,-686198.325698638,-638893.3284401357,-47335.12751176629,694.820146543057,
10043,3arq,43,0,10,0.357421875,1,-686176.4996298196,-638893.3284401357,-47334.84729312035,1191.6792549950098,
10044,3arq,44,0,10,0.357421875,1,-686185.8996272172,-638893.3284401357,-47354.5190363344,1428.5513407001752,
10045,3arq,45,0,10,0.357421875,1,-686194.709358358,-638893.3284401357,-47334.99845252598,775.2387577560045,
10046,3arq,46,0,10,0.357421875,1,-686182.2209296023,-638893.3284401357,-47335.24994657607,1069.0283569791904,
10047,3arq,47,0,10,0.357421875,1,-686189.9767877553,-638893.3284401357,-47332.18644411529,819.5279740485859,
10048,3arq,48,0,10,0.357421875,1,-686184.8671964941,-638893.3284401357,-47335.13671354616,1005.3927770448145,
10049,3arq,49,0,10,0.357421875,1,-686179.0023719902,-638893.3284401357,-47332.148692053204,1071.733430477749,
10050,3arq,50,0,10,0.357421875,1,-686213.176933074,-638893.3284401357,-47335.154390302036,352.96237824635523,
10051,3arq,51,0,10,0.357421875,1,-686221.5712650509,-638893.3284401357,-47351.69794933173,540.8880184801006,
10052,3arq,52,0,10,0.357421875,1,-686196.3283798631,-638893.3284401357,-47341.122410756,879.1250665771853,
10053,3arq,53,0,10,0.357421875,1,-686174.2128916321,-638893.3284401357,-47354.381973129195,1694.893113044684,
10054,3arq,54,0,10,0.357421875,1,-686206.0475662291,-638893.3284401357,-47334.88592360589,511.1784942876906,
10055,3arq,55,0,10,0.357421875,1,-686147.7277432767,-638893.3284401357,-47335.25247023667,1864.518327065616,
10056,3arq,56,0,10,0.357421875,1,-686185.8743610765,-638893.3284401357,-47340.97533304656,1116.8087742733248,
10057,3arq,57,0,10,0.357421875,1,-686219.0509247418,-638893.3284401357,-47340.91124395693,350.2611114978907,
10058,3arq,58,0,10,0.357421875,1,-686198.3054199457,-638893.3284401357,-47335.35868867907,700.61885055013,
10059,3arq,59,0,10,0.357421875,1,-686181.5704604032,-638893.3284401357,-47335.17637273344,1082.3318799393066,
10060,3arq,60,0,10,0.357421875,1,-686204.8215647872,-638893.3284401357,-47346.259647768384,801.7350692414541,
10061,3arq,61,0,10,0.357421875,1,-686190.321200752,-638893.3284401357,-47340.99084542362,1014.6199391535986,
10062,3arq,62,0,10,0.357421875,1,-686190.5476922636,-638893.3284401357,-47346.251397859756,1130.7081418868634,
10063,3arq,63,0,10,0.357421875,1,-686179.3105510856,-638893.3284401357,-47340.92823834385,1267.0877988746838,
10064,3arq,64,0,10,0.357421875,1,-686211.2682251869,-638893.3284401357,-47335.43269858921,403.3961693411228,
10065,3arq,65,0,10,0.357421875,1,-686211.2576734957,-638893.3284401357,-47346.38870022858,656.2908969570253,
10066,3arq,66,0,10,0.357421875,1,-686218.8292773013,-638893.3284401357,-47346.454967927646,483.2137346865282,
10067,3arq,67,0,10,0.357421875,1,-686192.0749178175,-638893.3284401357,-47354.37735186184,1282.8784348880936,
10068,3arq,68,0,10,0.357421875,1,-686188.027025008,-638893.3284401357,-47341.209045928365,1072.5567118075653,
10069,3arq,69,0,10,0.357421875,1,-686198.6085192348,-638893.3284401357,-47341.22104014123,828.8182511900721,
10070,3arq,70,0,10,0.357421875,1,-686217.8948209225,-638893.3284401357,-47346.34372211668,502.1974213608701,
10071,3arq,71,0,10,0.357421875,1,-686177.4294091853,-638893.3284401357,-47354.32956044051,1619.5097908466787,
10072,3arq,72,0,10,0.357421875,1,-686210.587766924,-638893.3284401357,-47354.45629678333,857.7825057230951,
10073,3arq,73,0,10,0.357421875,1,-686184.8211397912,-638893.3284401357,-47341.20763487781,1146.4536415907826,
10074,3arq,74,0,10,0.357421875,1,-686194.5541513354,-638893.3284401357,-47354.4245884237,1226.7952527596192,
10075,3arq,75,0,10,0.357421875,1,-686192.7636391463,-638893.3284401357,-47328.82614378306,677.7712877111786,
10076,3arq,76,0,10,0.357421875,1,-686185.3104668941,-638893.3284401357,-47354.52826909388,1442.3506130034154,
10077,3arq,77,0,10,0.357421875,1,-686203.8363774802,-638893.3284401357,-47335.362954762226,573.1703179925748,
10078,3arq,78,0,10,0.357421875,1,-686230.015189225,-638893.3284401357,-47356.718712252085,461.948044657134,
10079,3arq,79,0,10,0.357421875,1,-686228.7342201708,-638893.3284401357,-47357.175201457394,502.01478395437965,
10080,3arq,80,0,10,0.357421875,1,-686189.1666758893,-638893.3284401357,-47356.053321820145,1388.5928723626769,
10081,3arq,81,0,10,0.357421875,1,-686228.4626648213,-638893.3284401357,-47356.704609942084,497.42490093185717,
10082,3arq,82,0,10,0.357421875,1,-686225.0975536645,-638893.3284401357,-47356.450302344296,569.1617351968545,
10083,3arq,83,0,10,0.357421875,1,-686218.1533525081,-638893.3284401357,-47357.31764126989,749.3001288879987,
10084,3arq,84,0,10,0.357421875,1,-686236.217887574,-638893.3284401357,-47354.72637913788,272.9661296259655,
10085,3arq,85,0,10,0.357421875,1,-686210.4707778926,-638893.3284401357,-47356.34638508076,904.0668084650397,
10086,3arq,86,0,10,0.357421875,1,-686223.7279212861,-638893.3284401357,-47355.94216666791,589.0283210981621,
10087,3arq,87,0,10,0.357421875,1,-686206.6381157876,-638893.3284401357,-47356.728641074624,1001.2651288855212,
10088,3arq,88,0,10,0.357421875,1,-686216.6696776833,-638893.3284401357,-47355.79408739174,748.380496071264,
10089,3arq,89,0,10,0.357421875,1,-686236.3324405487,-638893.3284401357,-47354.80793676937,272.2052389357225,
10090,3arq,90,0,10,0.357421875,1,-686218.9021499545,-638893.3284401357,-47355.37577880592,687.2520373297067,
10091,3arq,91,0,10,0.357421875,1,-686222.2786376717,-638893.3284401357,-47356.5412703571,636.2652544882754,
10092,3arq,92,0,10,0.357421875,1,-686234.3124344881,-638893.3284401357,-47352.138881009465,257.23779730041633,
10093,3arq,93,0,10,0.357421875,1,-686225.0081314232,-638893.3284401357,-47354.13734988535,517.8859102604442,
10094,3arq,94,0,10,0.357421875,1,-686239.9761559009,-638893.3284401357,-47354.981337886784,192.17789153782846,
10095,3arq,95,0,10,0.357421875,1,-686240.0696236283,-638893.3284401357,-47354.163810294594,171.16984039650686,
10096,3arq,96,0,10,0.357421875,1,-686232.2469352718,-638893.3284401357,-47353.472684186345,335.62757272949676,
10097,3arq,97,0,10,0.357421875,1,-686236.5510071005,-638893.3284401357,-47355.01827583874,272.0155086834334,
10098,3arq,98,0,10,0.357421875,1,-686246.4178648085,-638893.3284401357,-47354.29736856792,27.85584797075924,
10099,3arq,99,0,10,0.357421875,1,-686237.0530247481,-638893.3284401357,-47355.40283755633,269.3069105912223,
10100,3arq,100,0,10,0.357421875,1,-686245.1716660793,-638893.3284401357,-47354.3070247587,56.81655042014978,
11001,1z95,1,0,11,0.283447265625,0,-690656.3708336218,-638893.3284401357,-51793.09782329669,693.0946767161442,
11002,1z95,2,0,11,0.283447265625,0,-690672.4595207293,-638893.3284401357,-51793.21623617878,324.8114040745197,
11003,1z95,3,0,11,0.283447265625,0,-690674.6742286247,-638893.3284401357,-51793.137302686475,271.9187771467661,
11004,1z95,4,0,11,0.283447265625,0,-690655.4071280075,-638893.3284401357,-51793.15668207878,716.6755718895595,
11005,1z95,5,0,11,0.283447265625,0,-690667.5853858901,-638893.3284401357,-51793.014646356045,432.56285191663284,
11006,1z95,6,0,11,0.283447265625,0,-690660.8870275638,-638893.3284401357,-51793.02283132547,587.2194143666383,
11007,1z95,7,0,11,0.283447265625,0,-690639.5655038669,-638893.3284401357,-51782.612349067866,838.8340073589758,
11008,1z95,8,0,11,0.283447265625,0,-690671.9106219569,-638893.3284401357,-51793.14040843123,335.7206810689587,
11009,1z95,9,0,11,0.283447265625,0,-690628.8780521317,-638893.3284401357,-51785.26016682857,1146.3526274021003,
11010,1z95,10,0,11,0.283447265625,0,-690649.2774039678,-638893.3284401357,-51792.46963811388,842.1867560811717,
11011,1z95,11,0,11,0.283447265625,0,-690655.23161246,-638893.3284401357,-51785.119832490585,535.3889022319629,
11012,1z95,12,0,11,0.283447265625,0,-690644.0845916132,-638893.3284401357,-51791.970013027094,950.4142255499117,
11013,1z95,13,0,11,0.283447265625,0,-690643.8133565646,-638893.3284401357,-51792.33331248635,965.0469389170605,
11014,1z95,14,0,11,0.283447265625,0,-690670.47123188,-638893.3284401357,-51792.53115198483,354.8640173611053,
11015,1z95,15,0,11,0.283447265625,0,-690665.8363292676,-638893.3284401357,-51777.49604586234,115.02962686893792,
11016,1z95,16,0,11,0.283447265625,0,-690674.3505419204,-638893.3284401357,-51791.55662790408,242.93194344869374,
11017,1z95,17,0,11,0.283447265625,0,-690652.6276792897,-638893.3284401357,-51781.22863394489,505.70385747247525,
11018,1z95,18,0,11,0.283447265625,0,-690677.2282973545,-638893.3284401357,-51791.413187240265,173.26150632622787,
11019,1z95,19,0,11,0.283447265625,0,-690634.1781117779,-638893.3284401357,-51792.794140164755,1197.8679009009315,
11020,1z95,20,0,11,0.283447265625,0,-690662.5190793885,-638893.3284401357,-51792.5917698788,539.642892092106,
11021,1z95,21,0,11,0.283447265625,0,-690626.1089125737,-638893.3284401357,-51779.019553874634,1066.2985491141305,
11022,1z95,22,0,11,0.283447265625,0,-690634.7972948719,-638893.3284401357,-51792.69509035816,1181.3050567430578,
11023,1z95,23,0,11,0.283447265625,0,-690647.6091224265,-638893.3284401357,-51791.933653478525,868.298143039738,
11024,1z95,24,0,11,0.283447265625,0,-690639.2585658891,-638893.3284401357,-51790.143317465685,1019.5804222255842,
11025,1z95,25,0,11,0.283447265625,0,-690676.1729785813,-638893.3284401357,-51792.32876773646,218.71152319872215,
11026,1z95,26,0,11,0.283447265625,0,-690664.3951880801,-638893.3284401357,-51792.913578514956,503.79988131850894,
11027,1z95,27,0,11,0.283447265625,0,-690660.8564533901,-638893.3284401357,-51792.260472361944,570.3440562183666,
11028,1z95,28,0,11,0.283447265625,0,-690660.6288255615,-638893.3284401357,-51791.02039039602,546.9963091583332,
11029,1z95,29,0,11,0.283447265625,0,-690654.839672984,-638893.3284401357,-51792.39344063868,712.160629865731,
11030,1z95,30,0,11,0.283447265625,0,-690623.3529683817,-638893.3284401357,-51782.626423572205,1213.0285231506102,
11031,1z95,31,0,11,0.283447265625,0,-690629.9537784469,-638893.3284401357,-51791.927702729605,1275.30281981716,
11032,1z95,32,0,11,0.283447265625,0,-690665.1604631109,-638893.3284401357,-51778.37153995504,150.80484410281528,
11033,1z95,33,0,11,0.283447265625,0,-690635.8474322571,-638893.3284401357,-51792.2149210917,1146.0153470054936,
11034,1z95,34,0,11,0.283447265625,0,-690653.2350609321,-638893.3284401357,-51791.750871513985,734.3458668026112,
11035,1z95,35,0,11,0.283447265625,0,-690657.6004197162,-638893.3284401357,-51780.99353632798,385.6082591772846,
11036,1z95,36,0,11,0.283447265625,0,-690660.4834762973,-638893.3284401357,-51793.084544693134,597.9486717146536,
11037,1z95,37,0,11,0.283447265625,0,-690671.8327522589,-638893.3284401357,-51792.62194839587,325.5604265218407,
11038,1z95,38,0,11,0.283447265625,0,-690674.886779936,-638893.3284401357,-51792.62864712348,255.28735152495878,
11039,1z95,39,0,11,0.283447265625,0,-690645.9122286005,-638893.3284401357,-51792.32272112837,916.4015574264503,
11040,1z95,40,0,11,0.283447265625,0,-690626.522676365,-638893.3284401357,-51792.570223783194,1369.242800977031,
11041,1z95,41,0,11,0.283447265625,0,-690590.032105641,-638893.3284401357,-51790.53697360033,2163.8474894310393,
11042,1z95,42,0,11,0.283447265625,0,-690680.1405565462,-638893.3284401357,-51792.88404551619,140.0220115666955,
11043,1z95,43,0,11,0.283447265625,0,-690660.7196056261,-638893.3284401357,-51792.15064961189,570.9672678455438,
11044,1z95,44,0,11,0.283447265625,0,-690647.8727890858,-638893.3284401357,-51791.94247320765,862.4212332155757,
11045,1z95,45,0,11,0.283447265625,0,-690620.744670452,-638893.3284401357,-51792.65513486137,1504.4448786794242,
11046,1z95,46,0,11,0.283447265625,0,-690633.9185532052,-638893.3284401357,-51784.20145288577,1005.7013877901521,
11047,1z95,47,0,11,0.283447265625,0,-690679.9534258407,-638893.3284401357,-51792.79939893355,142.38535158271807,
11048,1z95,48,0,11,0.283447265625,0,-690649.7866235388,-638893.3284401357,-51792.904306476055,840.4675643638934,
11049,1z95,49,0,11,0.283447265625,0,-690649.5000601722,-638893.3284401357,-51791.84480378499,822.643160103047,
11050,1z95,50,0,11,0.283447265625,0,-690636.4744936097,-638893.3284401357,-51791.60430083146,1117.4737309735638,
11051,1z95,51,0,11,0.283447265625,0,-690625.1534696084,-638893.3284401357,-51792.57461280098,1400.918672031831,
11052,1z95,52,0,11,0.283447265625,0,-690664.6888077868,-638893.3284401357,-51792.62479669323,490.3693830168509,
11053,1z95,53,0,11,0.283447265625,0,-690673.0148863954,-638893.3284401357,-51792.585581068895,297.46111524037144,
11054,1z95,54,0,11,0.283447265625,0,-690661.4894174803,-638893.3284401357,-51790.725953643225,520.3607152309735,
11055,1z95,55,0,11,0.283447265625,0,-690683.7326197338,-638893.3284401357,-51792.25653639903,42.716362607460105,
11056,1z95,56,0,11,0.283447265625,0,-690664.423674406,-638893.3284401357,-51784.40350023379,306.8959037931393,
11057,1z95,57,0,11,0.283447265625,0,-690651.690586121,-638893.3284401357,-51778.51062950963,464.6350680257828,
11058,1z95,58,0,11,0.283447265625,0,-690661.7276445345,-638893.3284401357,-51786.734882717035,422.8307868632504,
11059,1z95,59,0,11,0.283447265625,0,-690666.5469133419,-638893.3284401357,-51791.38615593781,418.95671660484277,
11060,1z95,60,0,11,0.283447265625,0,-690655.0882867438,-638893.3284401357,-51792.62404194941,711.7452529206688,
11061,1z95,61,0,11,0.283447265625,0,-690648.3614540559,-638893.3284401357,-51792.5044977414,864.1129449434333,
11062,1z95,62,0,11,0.283447265625,0,-690659.3544264154,-638893.3284401357,-51792.2177096801,603.9954902410877,
11063,1z95,63,0,11,0.283447265625,0,-690638.7663990867,-638893.3284401357,-51789.74224147668,1021.6810262848227,
11064,1z95,64,0,11,0.283447265625,0,-690667.9886741204,-638893.3284401357,-51792.29445168843,406.65472081240296,
11065,1z95,65,0,11,0.283447265625,0,-690641.6789675816,-638893.3284401357,-51791.88684407347,1003.9713119590759,
11066,1z95,66,0,11,0.283447265625,0,-690631.0860926677,-638893.3284401357,-51793.128931974075,1276.8920380174714,
11067,1z95,67,0,11,0.283447265625,0,-690665.5992387545,-638893.3284401357,-51792.3489719974,463.0136775489761,
11068,1z95,68,0,11,0.283447265625,0,-690649.0107912729,-638893.3284401357,-51792.99747220149,860.507134109237,
11069,1z95,69,0,11,0.283447265625,0,-690638.1890019192,-638893.3284401357,-51786.63427260985,963.3246565725681,
11070,1z95,70,0,11,0.283447265625,0,-690662.2921067793,-638893.3284401357,-51792.507431303166,542.932111044791,
11071,1z95,71,0,11,0.283447265625,0,-690674.4705721748,-638893.3284401357,-51789.469961975716,192.04432057938348,
11072,1z95,72,0,11,0.283447265625,0,-690663.9420091672,-638893.3284401357,-51784.30186906924,315.65969774088467,
11073,1z95,73,0,11,0.283447265625,0,-690644.1159179521,-638893.3284401357,-51792.50200474729,961.959843520245,
11074,1z95,74,0,11,0.283447265625,0,-690650.9862039853,-638893.3284401357,-51791.90988108983,789.8725879183842,
11075,1z95,75,0,11,0.283447265625,0,-690616.3962481183,-638893.3284401357,-51792.79930058589,1608.0464204795157,
11076,1z95,76,0,11,0.283447265625,0,-690671.1299575282,-638893.3284401357,-51792.655834590136,342.54869222706606,
11077,1z95,77,0,11,0.283447265625,0,-690668.0263338697,-638893.3284401357,-51792.90496638888,419.8650698140236,
11078,1z95,78,0,11,0.283447265625,0,-690632.8542009611,-638893.3284401357,-51790.47742021551,1174.9731784156234,
11079,1z95,79,0,11,0.283447265625,0,-690670.5297330183,-638893.3284401357,-51790.67610988488,310.73666199091014,
11080,1z95,80,0,11,0.283447265625,0,-690617.395544813,-638893.3284401357,-51789.730404173075,1514.2316587381065,
11081,1z95,81,0,11,0.283447265625,0,-690668.8449214261,-638893.3284401357,-51790.887087647854,354.45460309041806,
11082,1z95,82,0,11,0.283447265625,0,-690669.7174080036,-638893.3284401357,-51790.63839439025,328.59958187654576,
11083,1z95,83,0,11,0.283447265625,0,-690662.337762193,-638893.3284401357,-51790.42780778279,493.9220145306971,
11084,1z95,84,0,11,0.283447265625,0,-690677.6304145018,-638893.3284401357,-51790.55970859995,144.3067796116288,
11085,1z95,85,0,11,0.283447265625,0,-690684.5496477945,-638893.3284401357,-51791.03027934303,-4.402911557093943,
11086,1z95,86,0,11,0.283447265625,0,-690655.6410006303,-638893.3284401357,-51792.76728055348,702.3025285850428,
11087,1z95,87,0,11,0.283447265625,0,-690643.8560749006,-638893.3284401357,-51790.627934728764,924.7348853387298,
11088,1z95,88,0,11,0.283447265625,0,-690670.7986131174,-638893.3284401357,-51790.60680160397,302.93785267624634,
11089,1z95,89,0,11,0.283447265625,0,-690669.2534209056,-638893.3284401357,-51791.072931324146,349.32003829285145,
11090,1z95,90,0,11,0.283447265625,0,-690669.1644276696,-638893.3284401357,-51790.79412338605,344.94280727515047,
11091,1z95,91,0,11,0.283447265625,0,-690675.475511105,-638893.3284401357,-51791.172835324905,208.1390706294474,
11092,1z95,92,0,11,0.283447265625,0,-690671.0608795149,-638893.3284401357,-51790.675475363634,298.4735003922876,
11093,1z95,93,0,11,0.283447265625,0,-690661.8697867258,-638893.3284401357,-51792.95589855784,563.0129434140364,
11094,1z95,94,0,11,0.283447265625,0,-690667.8783688417,-638893.3284401357,-51790.491406624256,367.6192140241787,
11095,1z95,95,0,11,0.283447265625,0,-690667.9387910678,-638893.3284401357,-51791.02787861699,378.597182437604,
11096,1z95,96,0,11,0.283447265625,0,-690656.8268390307,-638893.3284401357,-51790.60987255448,625.2054350823975,
11097,1z95,97,0,11,0.283447265625,0,-690673.8476522578,-638893.3284401357,-51792.75944316854,282.26643350489536,
11098,1z95,98,0,11,0.283447265625,0,-690659.4529787768,-638893.3284401357,-51792.55222878327,609.437012576938,
11099,1z95,99,0,11,0.283447265625,0,-690647.3383725894,-638893.3284401357,-51792.614391957424,890.2399848598096,
11100,1z95,100,0,11,0.283447265625,0,-690666.4648253632,-638893.3284401357,-51792.582406912945,448.4359131912207,
12001,3b68,1,0,12,0.283447265625,0,-683773.1023853942,-638893.3284401357,-44924.16119539317,1023.5943048010569,
12002,3b68,2,0,12,0.283447265625,0,-683783.2131634727,-638893.3284401357,-44924.23325031575,792.0958493044094,
12003,3b68,3,0,12,0.283447265625,0,-683774.1377154813,-638893.3284401357,-44924.41562419709,1005.5862934074809,
12004,3b68,4,0,12,0.283447265625,0,-683776.1016729696,-638893.3284401357,-44923.51538741168,939.5364043622717,
12005,3b68,5,0,12,0.283447265625,0,-683784.4314147461,-638893.3284401357,-44924.191635306444,763.0426426321808,
12006,3b68,6,0,12,0.283447265625,0,-683781.2861631293,-638893.3284401357,-44923.96784191903,830.4130698669355,
12007,3b68,7,0,12,0.283447265625,0,-683794.214821927,-638893.3284401357,-44924.31294786511,540.2294474517307,
12008,3b68,8,0,12,0.283447265625,0,-683787.3118804317,-638893.3284401357,-44924.09388684806,694.3633929144529,
12009,3b68,9,0,12,0.283447265625,0,-683780.2850553024,-638893.3284401357,-44924.47048711356,865.0904383414328,
12010,3b68,10,0,12,0.283447265625,0,-683789.3263204474,-638893.3284401357,-44924.608063753214,659.7665036962154,
12011,3b68,11,0,12,0.283447265625,0,-683799.1594330443,-638893.3284401357,-44923.53513890086,408.26730545549196,
12012,3b68,12,0,12,0.283447265625,0,-683782.1737292331,-638893.3284401357,-44923.81032079038,806.3127857549935,
12013,3b68,13,0,12,0.283447265625,0,-683767.1816282346,-638893.3284401357,-44924.09344899234,1158.567939356514,
12014,3b68,14,0,12,0.283447265625,0,-683767.1505088435,-638893.3284401357,-44924.09893506345,1159.4120813684176,
12015,3b68,15,0,12,0.283447265625,0,-683767.0782918261,-638893.3284401357,-44912.59720432345,895.8412334880209,
12016,3b68,16,0,12,0.283447265625,0,-683782.7721016927,-638893.3284401357,-44909.53323047933,463.2764650287922,
12017,3b68,17,0,12,0.283447265625,0,-683804.5877454651,-638893.3284401357,-44923.81424885568,289.52387569816733,
12018,3b68,18,0,12,0.283447265625,0,-683795.9451380896,-638893.3284401357,-44921.884143258896,444.3178440297545,
12019,3b68,19,0,12,0.283447265625,0,-683789.0622914059,-638893.3284401357,-44922.665585692506,621.0605498078581,
12020,3b68,20,0,12,0.283447265625,0,-683762.860086225,-638893.3284401357,-44923.97004127082,1255.3792159060379,
12021,3b68,21,0,12,0.283447265625,0,-683779.3526787086,-638893.3284401357,-44922.9986975151,852.6512789472911,
12022,3b68,22,0,12,0.283447265625,0,-683806.5968454108,-638893.3284401357,-44923.41873001632,234.07204919185247,
12023,3b68,23,0,12,0.283447265625,0,-683762.8900113927,-638893.3284401357,-44923.46119558391,1242.9548648440325,
12024,3b68,24,0,12,0.283447265625,0,-683768.9157390817,-638893.3284401357,-44900.05998166975,564.3534704948528,
12025,3b68,25,0,12,0.283447265625,0,-683779.5755170061,-638893.3284401357,-44923.098322387305,849.809909860278,
12026,3b68,26,0,12,0.283447265625,0,-683795.4483243003,-638893.3284401357,-44922.17113920626,462.3929259508129,
12027,3b68,27,0,12,0.283447265625,0,-683776.4567271994,-638893.3284401357,-44923.68535369214,935.2681748552509,
12028,3b68,28,0,12,0.283447265625,0,-683743.9472382738,-638893.3284401357,-44923.01666941818,1669.534573489155,
12029,3b68,29,0,12,0.283447265625,0,-683790.7013003005,-638893.3284401357,-44923.27078061875,597.2202333408749,
12030,3b68,30,0,12,0.283447265625,0,-683734.375157334,-638893.3284401357,-44905.029448683825,1475.4768397548398,
12031,3b68,31,0,12,0.283447265625,0,-683800.060721539,-638893.3284401357,-44923.65253215608,390.1902517912377,
12032,3b68,32,0,12,0.283447265625,0,-683760.7379992827,-638893.3284401357,-44922.79161125001,1277.1404614800556,
12033,3b68,33,0,12,0.283447265625,0,-683787.2994359656,-638893.3284401357,-44923.97032683667,691.8010075680925,
12034,3b68,34,0,12,0.283447265625,0,-683766.0456333981,-638893.3284401357,-44910.531953092184,872.0290777576781,
12035,3b68,35,0,12,0.283447265625,0,-683773.8366742058,-638893.3284401357,-44914.949038084116,794.2238082890808,
12036,3b68,36,0,12,0.283447265625,0,-683757.4899718984,-638893.3284401357,-44898.74662994918,797.5513109562825,
12037,3b68,37,0,12,0.283447265625,0,-683753.163133703,-638893.3284401357,-44922.68029057559,1449.2538957520633,
12038,3b68,38,0,12,0.283447265625,0,-683789.2628180311,-638893.3284401357,-44924.199171896544,651.8016339851529,
12039,3b68,39,0,12,0.283447265625,0,-683793.0558929221,-638893.3284401357,-44909.813195582,232.5827541450824,
12040,3b68,40,0,12,0.283447265625,0,-683782.7001637145,-638893.3284401357,-44924.1177637535,801.2627213738097,
12041,3b68,41,0,12,0.283447265625,0,-683764.4984643534,-638893.3284401357,-44918.961547966566,1102.0987193091605,
12042,3b68,42,0,12,0.283447265625,0,-683781.9616368042,-638893.3284401357,-44923.98190205869,815.1605114016478,
12043,3b68,43,0,12,0.283447265625,0,-683749.2228728161,-638893.3284401357,-44922.73645025071,1541.4135432741284,
12044,3b68,44,0,12,0.283447265625,0,-683762.5009827985,-638893.3284401357,-44922.73734777745,1235.2337503836466,
12045,3b68,45,0,12,0.283447265625,0,-683727.0298739894,-638893.3284401357,-44922.44763946113,2046.5361191957325,
12046,3b68,46,0,12,0.283447265625,0,-683783.7945934908,-638893.3284401357,-44922.832159306374,746.3778283258522,
12047,3b68,47,0,12,0.283447265625,0,-683770.9779708014,-638893.3284401357,-44910.506266798344,757.6943351444887,
12048,3b68,48,0,12,0.283447265625,0,-683793.085443504,-638893.3284401357,-44920.49002670821,478.11487640236476,
12049,3b68,49,0,12,0.283447265625,0,-683778.8090213164,-638893.3284401357,-44923.285815592375,871.8094163991589,
12050,3b68,50,0,12,0.283447265625,0,-683752.3051648812,-638893.3284401357,-44898.22060334262,904.9853394484963,
12051,3b68,51,0,12,0.283447265625,0,-683783.4572695122,-638893.3284401357,-44906.976125295725,388.50787336097767,
12052,3b68,52,0,12,0.283447265625,0,-683788.2252481653,-638893.3284401357,-44923.148326511946,651.4954932493372,
12053,3b68,53,0,12,0.283447265625,0,-683806.6787871642,-638893.3284401357,-44923.29551285085,229.34097213053042,
12054,3b68,54,0,12,0.283447265625,0,-683804.2869004981,-638893.3284401357,-44923.78835564431,295.8644138104762,
12055,3b68,55,0,12,0.283447265625,0,-683775.8370332195,-638893.3284401357,-44923.36230319318,942.1089360349874,
12056,3b68,56,0,12,0.283447265625,0,-683800.6055388823,-638893.3284401357,-44923.9244954544,383.89808803496584,
12057,3b68,57,0,12,0.283447265625,0,-683800.964047037,-638893.3284401357,-44921.57479100999,321.44522185927576,
12058,3b68,58,0,12,0.283447265625,0,-683766.9383240269,-638893.3284401357,-44909.07653975066,817.880513839557,
12059,3b68,59,0,12,0.283447265625,0,-683753.5950821863,-638893.3284401357,-44900.22768222865,921.5234783875894,
12060,3b68,60,0,12,0.283447265625,0,-683794.9745231195,-638893.3284401357,-44923.7280549961,509.2223717836138,
12061,3b68,61,0,12,0.283447265625,0,-683779.7736156209,-638893.3284401357,-44922.85460942563,839.6214928686098,
12062,3b68,62,0,12,0.283447265625,0,-683771.8199428247,-638893.3284401357,-44923.717817600336,1042.9435982163186,
12063,3b68,63,0,12,0.283447265625,0,-683785.9033170567,-638893.3284401357,-44909.993075396385,401.6731990644112,
12064,3b68,64,0,12,0.283447265625,0,-683779.9573713316,-638893.3284401357,-44923.86987226781,858.7965028450824,
12065,3b68,65,0,12,0.283447265625,0,-683800.4358595831,-638893.3284401357,-44923.950407679644,388.4085357404126,
12066,3b68,66,0,12,0.283447265625,0,-683791.8981513906,-638893.3284401357,-44924.080535467234,588.2935819468161,
12067,3b68,67,0,12,0.283447265625,0,-683732.6910546495,-638893.3284401357,-44922.73981788334,1922.7239862855702,
12068,3b68,68,0,12,0.283447265625,0,-683785.8411074799,-638893.3284401357,-44923.116385336485,705.7385025562214,
12069,3b68,69,0,12,0.283447265625,0,-683777.4786029978,-638893.3284401357,-44925.51209491071,953.8288123726202,
12070,3b68,70,0,12,0.283447265625,0,-683777.9863514529,-638893.3284401357,-44925.43727021989,940.3943564776629,
12071,3b68,71,0,12,0.283447265625,0,-683803.4839259908,-638893.3284401357,-44925.12353217181,345.1713480182426,
12072,3b68,72,0,12,0.283447265625,0,-683745.9799706413,-638893.3284401357,-44924.81446629342,1664.1168323323877,
12073,3b68,73,0,12,0.283447265625,0,-683762.9971958918,-638893.3284401357,-44925.16184085187,1279.7009431194015,
12074,3b68,74,0,12,0.283447265625,0,-683754.7391495783,-638893.3284401357,-44925.14652311381,1469.782779689115,
12075,3b68,75,0,12,0.283447265625,0,-683787.1187454236,-638893.3284401357,-44925.34073668298,727.5702322622466,
12076,3b68,76,0,12,0.283447265625,0,-683765.4206473599,-638893.3284401357,-44925.27898007211,1226.5161192148698,
12077,3b68,77,0,12,0.283447265625,0,-683809.8805781974,-638893.3284401357,-44924.801422234144,190.23301222636934,
12078,3b68,78,0,12,0.283447265625,0,-683780.3371396438,-638893.3284401357,-44925.42993473586,886.0147326800699,
12079,3b68,79,0,12,0.283447265625,0,-683807.0810457991,-638893.3284401357,-44925.195460196104,263.878494270711,
12080,3b68,80,0,12,0.283447265625,0,-683767.5394158139,-638893.3284401357,-44924.9382187086,1169.7980142186477,
12081,3b68,81,0,12,0.283447265625,0,-683801.0914399846,-638893.3284401357,-44925.00604182061,397.6339941333864,
12082,3b68,82,0,12,0.283447265625,0,-683798.8472630606,-638893.3284401357,-44925.11536728915,451.90704862593975,
12083,3b68,83,0,12,0.283447265625,0,-683773.175400518,-638893.3284401357,-44925.42625551995,1051.083515607672,
12084,3b68,84,0,12,0.283447265625,0,-683795.0442971659,-638893.3284401357,-44925.3331246334,544.6271291911191,
12085,3b68,85,0,12,0.283447265625,0,-683799.619235806,-638893.3284401357,-44925.416035528746,441.03850852644626,
12086,3b68,86,0,12,0.283447265625,0,-683777.7983976678,-638893.3284401357,-44925.231439407435,939.9821024324115,
12087,3b68,87,0,12,0.283447265625,0,-683783.3368634061,-638893.3284401357,-44924.40344035205,793.1679365457535,
12088,3b68,88,0,12,0.283447265625,0,-683808.4134561791,-638893.3284401357,-44925.38760762986,237.5834060591463,
12089,3b68,89,0,12,0.283447265625,0,-683793.4209363981,-638893.3284401357,-44925.58873092708,587.9571389855145,
12090,3b68,90,0,12,0.283447265625,0,-683809.175696917,-638893.3284401357,-44923.0231975871,165.48112618181264,
12091,3b68,91,0,12,0.283447265625,0,-683775.0919698254,-638893.3284401357,-44923.9238988119,972.2412086979731,
12092,3b68,92,0,12,0.283447265625,0,-683795.8674487247,-638893.3284401357,-44923.08533906516,473.80963668931173,
12093,3b68,93,0,12,0.283447265625,0,-683816.2012245281,-638893.3284401357,-44924.269030268755,32.19819481401137,
12094,3b68,94,0,12,0.283447265625,0,-683754.8977466747,-638893.3284401357,-44923.79576789912,1434.9762885247528,
12095,3b68,95,0,12,0.283447265625,0,-683812.0488857552,-638893.3284401357,-44923.456006165114,109.20462046583634,
12096,3b68,96,0,12,0.283447265625,0,-683795.8861358239,-638893.3284401357,-44923.58611094531,484.92677583839543,
12097,3b68,97,0,12,0.283447265625,0,-683788.9306088317,-638893.3284401357,-44923.996899242964,654.7980419157745,
12098,3b68,98,0,12,0.283447265625,0,-683798.7800446231,-638893.3284401357,-44923.29708838042,411.52663487618287,
12099,3b68,99,0,12,0.283447265625,0,-683798.9782941116,-638893.3284401357,-44923.97784214793,422.6534478809565,
12100,3b68,100,0,12,0.283447265625,0,-683791.1730724196,-638893.3284401357,-44922.92019182023,578.2561400670683,
13001,3b65,1,0,13,0.283447265625,0,-676504.1324077353,-638893.3284401357,-37627.6756525327,389.0702973819512,
13002,3b65,2,0,13,0.283447265625,0,-676485.2066424299,-638893.3284401357,-37627.49318346274,821.3009767230195,
13003,3b65,3,0,13,0.283447265625,0,-676496.3848624482,-638893.3284401357,-37627.24509647384,557.8040774565409,
13004,3b65,4,0,13,0.283447265625,0,-676483.7613171593,-638893.3284401357,-37626.94493493331,841.9880578214328,
13005,3b65,5,0,13,0.283447265625,0,-676517.8338936672,-638893.3284401357,-37627.47327145827,68.43950725256127,
13006,3b65,6,0,13,0.283447265625,0,-676519.8435395319,-638893.3284401357,-37626.93775913012,9.746765009514895,
13007,3b65,7,0,13,0.283447265625,0,-676473.3536433085,-638893.3284401357,-37627.48417326703,1094.4298498495862,
13008,3b65,8,0,13,0.283447265625,0,-676521.7270067737,-638893.3284401357,-37627.6039528538,-18.324229177434464,
13009,3b65,9,0,13,0.283447265625,0,-676471.6989988342,-638893.3284401357,-37627.702227144364,1137.615299759039,
13010,3b65,10,0,13,0.283447265625,0,-676488.6040224243,-638893.3284401357,-37627.088105111245,733.6142041636857,
13011,3b65,11,0,13,0.283447265625,0,-676498.3606310739,-638893.3284401357,-37627.459582655574,517.1879394134437,
13012,3b65,12,0,13,0.283447265625,0,-676512.8397816226,-638893.3284401357,-37625.20781424535,131.36378251102667,
13013,3b65,13,0,13,0.283447265625,0,-676511.9166698859,-638893.3284401357,-37627.35555764926,202.17938436371924,
13014,3b65,14,0,13,0.283447265625,0,-676496.3801988323,-638893.3284401357,-37627.85923400414,572.0739708874698,
13015,3b65,15,0,13,0.283447265625,0,-676484.3122146531,-638893.3284401357,-37625.4529601027,794.8783028716595,
13016,3b65,16,0,13,0.283447265625,0,-676511.0539544777,-638893.3284401357,-37625.74701395524,184.98017550529232,
13017,3b65,17,0,13,0.283447265625,0,-676507.8005684719,-638893.3284401357,-37623.59233048451,210.31685786604837,
13018,3b65,18,0,13,0.283447265625,0,-676488.9635640193,-638893.3284401357,-37625.33244570983,684.8365104148553,
13019,3b65,19,0,13,0.283447265625,0,-676490.6624213114,-638893.3284401357,-37627.134285478736,687.2113427477659,
13020,3b65,20,0,13,0.283447265625,0,-676500.0293327079,-638893.3284401357,-37627.494331507805,479.5080931381637,
13021,3b65,21,0,13,0.283447265625,0,-676498.0574304715,-638893.3284401357,-37611.4596852948,155.21351303461662,
13022,3b65,22,0,13,0.283447265625,0,-676492.4215239843,-638893.3284401357,-37627.423131792704,653.3064256588675,
13023,3b65,23,0,13,0.283447265625,0,-676509.6274034486,-638893.3284401357,-37626.70062175288,239.8679419735838,
13024,3b65,24,0,13,0.283447265625,0,-676510.7536849335,-638893.3284401357,-37627.66405865443,236.1126566688087,
13025,3b65,25,0,13,0.283447265625,0,-676486.030167605,-638893.3284401357,-37618.22829633844,588.6566623576318,
13026,3b65,26,0,13,0.283447265625,0,-676462.4708999206,-638893.3284401357,-37626.916456728104,1332.3000198755494,
13027,3b65,27,0,13,0.283447265625,0,-676503.9769251897,-638893.3284401357,-37627.35646483197,385.295166822299,
13028,3b65,28,0,13,0.283447265625,0,-676488.6479848281,-638893.3284401357,-37618.95864790571,545.1306703233204,
13029,3b65,29,0,13,0.283447265625,0,-676489.2418596402,-638893.3284401357,-37627.30321684373,723.8659229339214,
13030,3b65,30,0,13,0.283447265625,0,-676472.6725265045,-638893.3284401357,-37617.02513152254,868.9455440755015,
13031,3b65,31,0,13,0.283447265625,0,-676490.9075769439,-638893.3284401357,-37627.64789387479,693.402010542044,
13032,3b65,32,0,13,0.283447265625,0,-676488.8986982957,-638893.3284401357,-37627.33533754838,732.5201325789882,
13033,3b65,33,0,13,0.283447265625,0,-676481.5980145738,-638893.3284401357,-37627.19302621377,897.5961214054715,
13034,3b65,34,0,13,0.283447265625,0,-676511.2445035685,-638893.3284401357,-37627.33255752814,217.14951248202794,
13035,3b65,35,0,13,0.283447265625,0,-676479.3607879683,-638893.3284401357,-37627.19810393348,949.3048875485186,
13036,3b65,36,0,13,0.283447265625,0,-676511.6802063093,-638893.3284401357,-37621.44579860461,71.35008286455046,
13037,3b65,37,0,13,0.283447265625,0,-676464.6106876687,-638893.3284401357,-37627.4883809973,1296.144229128325,
13038,3b65,38,0,13,0.283447265625,0,-676443.7372604568,-638893.3284401357,-37627.33666369212,1773.9982115641224,
13039,3b65,39,0,13,0.283447265625,0,-676472.460928376,-638893.3284401357,-37626.890942006256,1101.3361073872597,
13040,3b65,40,0,13,0.283447265625,0,-676508.3738465563,-638893.3284401357,-37627.684447436455,291.463209879314,
13041,3b65,41,0,13,0.283447265625,0,-676496.938343297,-638893.3284401357,-37627.602538495186,553.2833146997411,
13042,3b65,42,0,13,0.283447265625,0,-676492.0193738152,-638893.3284401357,-37620.121972589615,494.2114978474167,
13043,3b65,43,0,13,0.283447265625,0,-676481.6182879909,-638893.3284401357,-37627.29223909869,899.4165087785533,
13044,3b65,44,0,13,0.283447265625,0,-676502.8855324045,-638893.3284401357,-37618.97740575564,217.23758974195127,
13045,3b65,45,0,13,0.283447265625,0,-676512.9764158383,-638893.3284401357,-37627.617111979846,183.77264828890404,
13046,3b65,46,0,13,0.283447265625,0,-676489.7839652855,-638893.3284401357,-37623.25776120913,618.0742466132482,
13047,3b65,47,0,13,0.283447265625,0,-676523.5298628464,-638893.3284401357,-37626.5529775311,-84.13514457085459,
13048,3b65,48,0,13,0.283447265625,0,-676453.6316103444,-638893.3284401357,-37627.17927881968,1542.1997013491925,
13049,3b65,49,0,13,0.283447265625,0,-676468.5657402382,-638893.3284401357,-37627.41795459283,1203.3144787075992,
13050,3b65,50,0,13,0.283447265625,0,-676473.4143557955,-638893.3284401357,-37627.33276721728,1089.5382801877615,
13051,3b65,51,0,13,0.283447265625,0,-676495.5386189326,-638893.3284401357,-37618.05616783991,365.41718824978443,
13052,3b65,52,0,13,0.283447265625,0,-676471.6783739881,-638893.3284401357,-37627.41822901261,1131.5417675080366,
13053,3b65,53,0,13,0.283447265625,0,-676498.8141908154,-638893.3284401357,-37606.100098221425,14.167190869602777,
13054,3b65,54,0,13,0.283447265625,0,-676508.9533640553,-638893.3284401357,-37627.506369917515,273.992653732755,
13055,3b65,55,0,13,0.283447265625,0,-676501.2756418838,-638893.3284401357,-37623.72742840543,363.90067160829494,
13056,3b65,56,0,13,0.283447265625,0,-676506.7507932589,-638893.3284401357,-37624.880840449456,264.2389950537017,
13057,3b65,57,0,13,0.283447265625,0,-676494.2688454047,-638893.3284401357,-37606.566205619696,129.73403807188777,
13058,3b65,58,0,13,0.283447265625,0,-676472.5515327264,-638893.3284401357,-37613.97609719527,801.4233249416274,
13059,3b65,59,0,13,0.283447265625,0,-676512.0884426787,-638893.3284401357,-37620.13627561822,31.73761107945158,
13060,3b65,60,0,13,0.283447265625,0,-676467.6372858242,-638893.3284401357,-37627.620172946634,1229.3884121506119,
13061,3b65,61,0,13,0.283447265625,0,-676505.2805777594,-638893.3284401357,-37627.29695334929,353.8598569923756,
13062,3b65,62,0,13,0.283447265625,0,-676500.89629155,-638893.3284401357,-37610.29529222739,62.896279324956,
13063,3b65,63,0,13,0.283447265625,0,-676492.8231267289,-638893.3284401357,-37627.51208320155,646.0965145766827,
13064,3b65,64,0,13,0.283447265625,0,-676497.3718486384,-638893.3284401357,-37625.85249730838,502.9295355453377,
13065,3b65,65,0,13,0.283447265625,0,-676495.5284981683,-638893.3284401357,-37615.27049046648,301.41133230736483,
13066,3b65,66,0,13,0.283447265625,0,-676495.8033721257,-638893.3284401357,-37627.317653267506,572.8867622619904,
13067,3b65,67,0,13,0.283447265625,0,-676502.676195766,-638893.3284401357,-37627.62898209586,421.5750973122304,
13068,3b65,68,0,13,0.283447265625,0,-676460.2183253423,-638893.3284401357,-37612.69826939595,1056.366434642116,
13069,3b65,69,0,13,0.283447265625,0,-676492.3141084567,-638893.3284401357,-37627.89287587893,666.6160425388081,
13070,3b65,70,0,13,0.283447265625,0,-676485.619065683,-638893.3284401357,-37620.05375388158,640.2329488803994,
13071,3b65,71,0,13,0.283447265625,0,-676437.5229109183,-638893.3284401357,-37627.00626060262,1909.6852400826026,
13072,3b65,72,0,13,0.283447265625,0,-676482.685548763,-638893.3284401357,-37627.145271091584,871.4157279381338,
13073,3b65,73,0,13,0.283447265625,0,-676514.4078287438,-638893.3284401357,-37627.37706395877,145.22784364558493,
13074,3b65,74,0,13,0.283447265625,0,-676477.884740885,-638893.3284401357,-37627.28356745732,985.3141775918605,
13075,3b65,75,0,13,0.283447265625,0,-676479.4079221294,-638893.3284401357,-37627.36261150136,952.0115826093956,
13076,3b65,76,0,13,0.283447265625,0,-676511.6980240152,-638893.3284401357,-37622.02540203822,84.30516950964248,
13077,3b65,77,0,13,0.283447265625,0,-676511.1072842435,-638893.3284401357,-37627.31184551013,219.83623480873806,
13078,3b65,78,0,13,0.283447265625,0,-676496.4940957535,-638893.3284401357,-37627.67886349452,565.2880027221718,
13079,3b65,79,0,13,0.283447265625,0,-676504.339169915,-638893.3284401357,-37627.749310283805,386.0008363418128,
13080,3b65,80,0,13,0.283447265625,0,-676496.0677280084,-638893.3284401357,-37616.557645349625,318.6588935376303,
13081,3b65,81,0,13,0.283447265625,0,-676512.8055806115,-638893.3284401357,-37627.5124157955,185.29785084298018,
13082,3b65,82,0,13,0.283447265625,0,-676511.0401881596,-638893.3284401357,-37619.07480636132,31.43287198678836,
13083,3b65,83,0,13,0.283447265625,0,-676493.2038181082,-638893.3284401357,-37627.17456754937,629.5342669747572,
13084,3b65,84,0,13,0.283447265625,0,-676505.2428597168,-638893.3284401357,-37627.308330624226,354.9920219110895,
13085,3b65,85,0,13,0.283447265625,0,-676476.4027048603,-638893.3284401357,-37626.44868507874,1000.2378952015807,
13086,3b65,86,0,13,0.283447265625,0,-676485.1957807053,-638893.3284401357,-37627.060427217606,811.5718579530651,
13087,3b65,87,0,13,0.283447265625,0,-676499.5293123976,-638893.3284401357,-37626.970489769126,478.95875794923643,
13088,3b65,88,0,13,0.283447265625,0,-676511.4511776075,-638893.3284401357,-37626.03067198289,182.36130203366852,
13089,3b65,89,0,13,0.283447265625,0,-676507.1235465214,-638893.3284401357,-37625.8305011679,277.5427970348126,
13090,3b65,90,0,13,0.283447265625,0,-676515.2044105042,-638893.3284401357,-37626.003036646965,95.17240931454076,
13091,3b65,91,0,13,0.283447265625,0,-676493.8003476217,-638893.3284401357,-37627.7968678762,630.12855604849,
13092,3b65,92,0,13,0.283447265625,0,-676505.7169278518,-638893.3284401357,-37625.96168675912,313.00540574627263,
13093,3b65,93,0,13,0.283447265625,0,-676485.4597408131,-638893.3284401357,-37625.8767217089,778.1878957605475,
13094,3b65,94,0,13,0.283447265625,0,-676500.4631879736,-638893.3284401357,-37625.79106184733,430.22482155749583,
13095,3b65,95,0,13,0.283447265625,0,-676514.667436029,-638893.3284401357,-37625.99520900741,107.37482522851587,
13096,3b65,96,0,13,0.283447265625,0,-676508.7217266666,-638893.3284401357,-37627.593451171044,281.34248022639173,
13097,3b65,97,0,13,0.283447265625,0,-676515.7793775008,-638893.3284401357,-37625.712994187,75.22481736843837,
13098,3b65,98,0,13,0.283447265625,0,-676506.8632912893,-638893.3284401357,-37625.45953795207,274.98981028091754,
13099,3b65,99,0,13,0.283447265625,0,-676510.9512622907,-638893.3284401357,-37627.19103392854,220.6482052569079,
13100,3b65,100,0,13,0.283447265625,0,-676510.5004842833,-638893.3284401357,-37627.71925923121,243.2245579150033,
14001,3b5r,1,0,14,0.283447265625,0,-690250.9132616089,-638893.3284401357,-51416.14786352718,1350.4958323917308,
14002,3b5r,2,0,14,0.283447265625,0,-690297.4107290674,-638893.3284401357,-51415.75149687131,269.09832783662216,
14003,3b5r,3,0,14,0.283447265625,0,-690274.1078589425,-638893.3284401357,-51416.012262245065,812.4886713173303,
14004,3b5r,4,0,14,0.283447265625,0,-690247.9020390675,-638893.3284401357,-51416.46684386332,1427.2921351361585,
14005,3b5r,5,0,14,0.283447265625,0,-690266.2866832928,-638893.3284401357,-51416.34204055865,1000.4541350516058,
14006,3b5r,6,0,14,0.283447265625,0,-690286.584819915,-638893.3284401357,-51416.463245471314,535.1630362891606,
14007,3b5r,7,0,14,0.283447265625,0,-690294.853155078,-638893.3284401357,-51416.181741913206,337.9990715167138,
14008,3b5r,8,0,14,0.283447265625,0,-690291.7855173663,-638893.3284401357,-51416.26762380202,410.72096110065746,
14009,3b5r,9,0,14,0.283447265625,0,-690283.5532673614,-638893.3284401357,-51416.4348479708,604.4174370345737,
14010,3b5r,10,0,14,0.283447265625,0,-690287.9416119775,-638893.3284401357,-51416.02491219838,493.76646262894593,
14011,3b5r,11,0,14,0.283447265625,0,-690276.293129535,-638893.3284401357,-51415.793139954454,757.0420542311217,
14012,3b5r,12,0,14,0.283447265625,0,-690300.5417169348,-638893.3284401357,-51416.22418667872,207.796518277133,
14013,3b5r,13,0,14,0.283447265625,0,-690270.378457533,-638893.3284401357,-51415.84558852513,894.6471236102614,
14014,3b5r,14,0,14,0.283447265625,0,-690272.0565874595,-638893.3284401357,-51416.116125126675,862.1872504127322,
14015,3b5r,15,0,14,0.283447265625,0,-690273.3464230463,-638893.3284401357,-51415.56524135674,819.7392536440508,
14016,3b5r,16,0,14,0.283447265625,0,-690294.4123221055,-638893.3284401357,-51416.054688950375,345.23501043859176,
14017,3b5r,17,0,14,0.283447265625,0,-690277.2428435104,-638893.3284401357,-51415.63729866345,731.5473441330048,
14018,3b5r,18,0,14,0.283447265625,0,-690287.4863739777,-638893.3284401357,-51405.13183424373,253.06415510158206,
14019,3b5r,19,0,14,0.283447265625,0,-690291.3327016995,-638893.3284401357,-51415.544269879705,404.48220071919434,
14020,3b5r,20,0,14,0.283447265625,0,-690267.2539723531,-638893.3284401357,-51415.839739342526,966.5645781921172,
14021,3b5r,21,0,14,0.283447265625,0,-690291.0559109913,-638893.3284401357,-51412.27919962008,335.5708371920675,
14022,3b5r,22,0,14,0.283447265625,0,-690267.3561581839,-638893.3284401357,-51401.45193772514,632.4175295776683,
14023,3b5r,23,0,14,0.283447265625,0,-690263.5425171271,-638893.3284401357,-51408.623764773256,885.7484422520363,
14024,3b5r,24,0,14,0.283447265625,0,-690300.9903670565,-638893.3284401357,-51412.361445983246,108.37348412139933,
14025,3b5r,25,0,14,0.283447265625,0,-690282.4185451434,-638893.3284401357,-51405.162722816065,370.6433717318659,
14026,3b5r,26,0,14,0.283447265625,0,-690255.3809005788,-638893.3284401357,-51405.045004298285,991.431613932195,
14027,3b5r,27,0,14,0.283447265625,0,-690283.1971361205,-638893.3284401357,-51408.451298554784,428.524995381879,
14028,3b5r,28,0,14,0.283447265625,0,-690287.134494038,-638893.3284401357,-51413.78303178151,460.6800538957607,
14029,3b5r,29,0,14,0.283447265625,0,-690291.8456497656,-638893.3284401357,-51415.38293262322,388.93281178600574,
14030,3b5r,30,0,14,0.283447265625,0,-690273.7484341878,-638893.3284401357,-51415.569222410515,810.5604617674207,
14031,3b5r,31,0,14,0.283447265625,0,-690252.3226255642,-638893.3284401357,-51391.75096266473,755.3892282333687,
14032,3b5r,32,0,14,0.283447265625,0,-690251.4914494917,-638893.3284401357,-51391.21960588296,762.303225327178,
14033,3b5r,33,0,14,0.283447265625,0,-690295.6483786568,-638893.3284401357,-51408.55347021425,143.74865576271262,
14034,3b5r,34,0,14,0.283447265625,0,-690258.9297103306,-638893.3284401357,-51410.16287191713,1027.6149479252567,
14035,3b5r,35,0,14,0.283447265625,0,-690277.6869738713,-638893.3284401357,-51411.73766227563,631.3777032575091,
14036,3b5r,36,0,14,0.283447265625,0,-690268.3301429466,-638893.3284401357,-51415.92873205741,943.7997155049122,
14037,3b5r,37,0,14,0.283447265625,0,-690259.6733485624,-638893.3284401357,-51408.228442092775,965.8572314207518,
14038,3b5r,38,0,14,0.283447265625,0,-690287.12542394,-638893.3284401357,-51416.2795945009,518.461319325611,
14039,3b5r,39,0,14,0.283447265625,0,-690261.8765275493,-638893.3284401357,-51415.034890135124,1072.011137650982,
14040,3b5r,40,0,14,0.283447265625,0,-690271.1722610459,-638893.3284401357,-51415.049374063805,857.9804380632886,
14041,3b5r,41,0,14,0.283447265625,0,-690283.9379392132,-638893.3284401357,-51392.855201115206,51.787119252789005,
14042,3b5r,42,0,14,0.283447265625,0,-690281.8837395031,-638893.3284401357,-51415.49206646283,621.1766060062558,
14043,3b5r,43,0,14,0.283447265625,0,-690255.50543596,-638893.3284401357,-51416.12860717381,1244.153714063716,
14044,3b5r,44,0,14,0.283447265625,0,-690262.3060620293,-638893.3284401357,-51415.235441287354,1066.730656669072,
14045,3b5r,45,0,14,0.283447265625,0,-690236.2021052109,-638893.3284401357,-51415.88676102956,1683.721991517772,
14046,3b5r,46,0,14,0.283447265625,0,-690263.4871320298,-638893.3284401357,-51415.53581031163,1046.4212096820493,
14047,3b5r,47,0,14,0.283447265625,0,-690286.6207057998,-638893.3284401357,-51408.90747012699,360.0951694017216,
14048,3b5r,48,0,14,0.283447265625,0,-690275.7954092041,-638893.3284401357,-51415.12922163804,753.2094376380314,
14049,3b5r,49,0,14,0.283447265625,0,-690269.4278444066,-638893.3284401357,-51415.36826445663,905.561428567417,
14050,3b5r,50,0,14,0.283447265625,0,-690307.4203957936,-638893.3284401357,-51416.03565229976,44.82270937710807,
14051,3b5r,51,0,14,0.283447265625,0,-690287.1595147416,-638893.3284401357,-51415.4043576916,497.49172646063,
14052,3b5r,52,0,14,0.283447265625,0,-690286.5126256809,-638893.3284401357,-51408.501919170216,353.2353289165195,
14053,3b5r,53,0,14,0.283447265625,0,-690293.4991804378,-638893.3284401357,-51416.127601583794,367.97396281374483,
14054,3b5r,54,0,14,0.283447265625,0,-690267.337194534,-638893.3284401357,-51398.19780432184,557.8127427384715,
14055,3b5r,55,0,14,0.283447265625,0,-690258.2179794029,-638893.3284401357,-51391.74433874095,619.2863877468294,
14056,3b5r,56,0,14,0.283447265625,0,-690250.3480453953,-638893.3284401357,-51415.53294350703,1349.3496353830528,
14057,3b5r,57,0,14,0.283447265625,0,-690277.4619092809,-638893.3284401357,-51406.613038500145,518.3911843222849,
14058,3b5r,58,0,14,0.283447265625,0,-690299.5119871816,-638893.3284401357,-51413.961457332014,179.36287217475711,
14059,3b5r,59,0,14,0.283447265625,0,-690287.1506008669,-638893.3284401357,-51415.17566867674,492.4235913299545,
14060,3b5r,60,0,14,0.283447265625,0,-690255.2030017838,-638893.3284401357,-51413.761609574154,1196.543750487991,
14061,3b5r,61,0,14,0.283447265625,0,-690256.428137766,-638893.3284401357,-51403.02615194519,920.7259094361996,
14062,3b5r,62,0,14,0.283447265625,0,-690241.0336295536,-638893.3284401357,-51389.88521869977,972.6945827507134,
14063,3b5r,63,0,14,0.283447265625,0,-690275.8758089707,-638893.3284401357,-51415.55229349936,761.1116438693165,
14064,3b5r,64,0,14,0.283447265625,0,-690256.0015261039,-638893.3284401357,-51399.51017530759,849.4834606507264,
14065,3b5r,65,0,14,0.283447265625,0,-690291.4560150371,-638893.3284401357,-51414.85570093,385.7597503980611,
14066,3b5r,66,0,14,0.283447265625,0,-690298.5184708259,-638893.3284401357,-51416.073051651314,250.96842541617914,
14067,3b5r,67,0,14,0.283447265625,0,-690283.4019660666,-638893.3284401357,-51415.087603588945,576.838334272829,
14068,3b5r,68,0,14,0.283447265625,0,-690270.6369921282,-638893.3284401357,-51415.91127612193,890.1999661783769,
14069,3b5r,69,0,14,0.283447265625,0,-690296.2787819819,-638893.3284401357,-51415.81792946656,296.7336197837341,
14070,3b5r,70,0,14,0.283447265625,0,-690287.0599444527,-638893.3284401357,-51415.69844635327,506.5697175193305,
14071,3b5r,71,0,14,0.283447265625,0,-690292.5128662154,-638893.3284401357,-51415.14951070154,368.1635975410476,
14072,3b5r,72,0,14,0.283447265625,0,-690286.0093071029,-638893.3284401357,-51415.11936070521,517.44395809274,
14073,3b5r,73,0,14,0.283447265625,0,-690253.9909982698,-638893.3284401357,-51415.00592823827,1253.1878855651328,
14074,3b5r,74,0,14,0.283447265625,0,-690265.917221548,-638893.3284401357,-51414.976865907505,977.4924499490407,
14075,3b5r,75,0,14,0.283447265625,0,-690239.8304483459,-638893.3284401357,-51397.07932840789,1166.340711564074,
14076,3b5r,76,0,14,0.283447265625,0,-690264.4222087726,-638893.3284401357,-51415.78310157855,1030.5604998186807,
14077,3b5r,77,0,14,0.283447265625,0,-690261.2104090468,-638893.3284401357,-51408.564298470854,938.1568066724371,
14078,3b5r,78,0,14,0.283447265625,0,-690289.216289999,-638893.3284401357,-51415.507747491196,452.44558768064843,
14079,3b5r,79,0,14,0.283447265625,0,-690277.6260934189,-638893.3284401357,-51415.32097740973,715.4148498839818,
14080,3b5r,80,0,14,0.283447265625,0,-690296.6576780394,-638893.3284401357,-51415.062900145844,270.58467936325764,
14081,3b5r,81,0,14,0.283447265625,0,-690273.6329207735,-638893.3284401357,-51415.05737849076,801.4208631914485,
14082,3b5r,82,0,14,0.283447265625,0,-690296.2960772386,-638893.3284401357,-51414.82672836383,273.47714124948624,
14083,3b5r,83,0,14,0.283447265625,0,-690293.0822934523,-638893.3284401357,-51415.14638068283,354.96011356192264,
14084,3b5r,84,0,14,0.283447265625,0,-690259.6384994403,-638893.3284401357,-51415.08288021882,1124.7279695269758,
14085,3b5r,85,0,14,0.283447265625,0,-690295.5291901545,-638893.3284401357,-51415.390864630535,304.1712688948263,
14086,3b5r,86,0,14,0.283447265625,0,-690295.5443585087,-638893.3284401357,-51415.17546298106,298.8541982979688,
14087,3b5r,87,0,14,0.283447265625,0,-690293.9874612406,-638893.3284401357,-51415.417088588125,340.3291210839774,
14088,3b5r,88,0,14,0.283447265625,0,-690284.374168174,-638893.3284401357,-51416.047686179474,576.5588515737267,
14089,3b5r,89,0,14,0.283447265625,0,-690280.1393131779,-638893.3284401357,-51415.55214043458,662.7893714143165,
14090,3b5r,90,0,14,0.283447265625,0,-690267.1347045172,-638893.3284401357,-51415.08332600196,951.8716538058111,
14091,3b5r,91,0,14,0.283447265625,0,-690263.5231829152,-638893.3284401357,-51414.943591286785,1031.9329613678192,
14092,3b5r,92,0,14,0.283447265625,0,-690298.9214327201,-638893.3284401357,-51414.935607989624,215.44582941400907,
14093,3b5r,93,0,14,0.283447265625,0,-690302.6969272959,-638893.3284401357,-51415.183359225586,134.09413539306297,
14094,3b5r,94,0,14,0.283447265625,0,-690282.7852581758,-638893.3284401357,-51415.48114787538,600.1353029261069,
14095,3b5r,95,0,14,0.283447265625,0,-690291.3094933942,-638893.3284401357,-51415.52745046223,404.629531971038,
14096,3b5r,96,0,14,0.283447265625,0,-690284.6295371071,-638893.3284401357,-51415.83374794324,565.7363711484119,
14097,3b5r,97,0,14,0.283447265625,0,-690278.4267085509,-638893.3284401357,-51415.84409495194,709.0156034425434,
14098,3b5r,98,0,14,0.283447265625,0,-690257.5715162775,-638893.3284401357,-51416.05089428027,1194.7166681820277,
14099,3b5r,99,0,14,0.283447265625,0,-690300.6519183383,-638893.3284401357,-51415.24829860533,182.75069994693112,
14100,3b5r,100,0,14,0.283447265625,0,-690267.5828214154,-638893.3284401357,-51416.20925625165,967.5024010183914,
15001,4dld,1,0,15,0.2158203125,-1,-679332.3951532003,-638893.3284401357,-40441.657488489574,59.74470060694437,
15002,4dld,2,0,15,0.2158203125,-1,-679310.2127266297,-638893.3284401357,-40436.659025320834,456.01631055434,
15003,4dld,3,0,15,0.2158203125,-1,-679334.2801480499,-638893.3284401357,-40441.3090702538,8.240971324380608,
15004,4dld,4,0,15,0.2158203125,-1,-679326.8704270928,-638893.3284401357,-40441.818123901314,190.8522518553489,
15005,4dld,5,0,15,0.2158203125,-1,-679329.3122814503,-638893.3284401357,-40441.95002653641,137.5834996747746,
15006,4dld,6,0,15,0.2158203125,-1,-679327.9790887005,-638893.3284401357,-40441.521948183006,158.4559335041895,
15007,4dld,7,0,15,0.2158203125,-1,-679332.5189359842,-638893.3284401357,-40441.387711132,50.668988138492686,
15008,4dld,8,0,15,0.2158203125,-1,-679329.276869586,-638893.3284401357,-40439.982578838295,93.02969491826771,
15009,4dld,9,0,15,0.2158203125,-1,-679335.1190057006,-638893.3284401357,-40440.72758069081,-24.513013531758283,
15010,4dld,10,0,15,0.2158203125,-1,-679327.4537508256,-638893.3284401357,-40441.409978294796,167.988425732649,
15011,4dld,11,0,15,0.2158203125,-1,-679338.3440084516,-638893.3284401357,-40441.828658247425,-73.4918920651799,
15012,4dld,12,0,15,0.2158203125,-1,-679328.2819253416,-638893.3284401357,-40440.94409605307,138.14676797611494,
15013,4dld,13,0,15,0.2158203125,-1,-679329.5153698381,-638893.3284401357,-40441.51208742899,122.80105445947402,
15014,4dld,14,0,15,0.2158203125,-1,-679319.9441649831,-638893.3284401357,-40438.475314939446,273.48864456870854,
15015,4dld,15,0,15,0.2158203125,-1,-679332.7201946734,-638893.3284401357,-40441.26057937188,43.096124475625786,
15016,4dld,16,0,15,0.2158203125,-1,-679332.5697914271,-638893.3284401357,-40441.63810488028,55.27045077408382,
15017,4dld,17,0,15,0.2158203125,-1,-679332.5208005961,-638893.3284401357,-40441.667416835255,57.076155915608545,
15018,4dld,18,0,15,0.2158203125,-1,-679317.474436409,-638893.3284401357,-40438.216559493965,324.47489615476434,
15019,4dld,19,0,15,0.2158203125,-1,-679324.58393777,-638893.3284401357,-40437.69663759513,148.53621615057352,
15020,4dld,20,0,15,0.2158203125,-1,-679323.4783329726,-638893.3284401357,-40441.09987750096,252.5126450894532,
15021,4dld,21,0,15,0.2158203125,-1,-679323.2552216556,-638893.3284401357,-40441.43187274975,265.3137066016801,
15022,4dld,22,0,15,0.2158203125,-1,-679335.6045297448,-638893.3284401357,-40441.25003137631,-23.66146495509526,
15023,4dld,23,0,15,0.2158203125,-1,-679308.2838547586,-638893.3284401357,-40439.683490598625,570.2429787972612,
15024,4dld,24,0,15,0.2158203125,-1,-679318.2499253063,-638893.3284401357,-40441.64078226132,385.55615025470803,
15025,4dld,25,0,15,0.2158203125,-1,-679309.3427958097,-638893.3284401357,-40437.02810301823,484.58852573132157,
15026,4dld,26,0,15,0.2158203125,-1,-679321.3777285882,-638893.3284401357,-40439.77564572734,270.4162228157468,
15027,4dld,27,0,15,0.2158203125,-1,-679318.8453941849,-638893.3284401357,-40437.365941906406,273.24415122471254,
15028,4dld,28,0,15,0.2158203125,-1,-679324.6773284583,-638893.3284401357,-40441.59457083983,236.27105174601027,
15029,4dld,29,0,15,0.2158203125,-1,-679337.2237086352,-638893.3284401357,-40441.33463248057,-59.049669391433774,
15030,4dld,30,0,15,0.2158203125,-1,-679339.2769723003,-638893.3284401357,-40440.72247132105,-120.51582604748543,
15031,4dld,31,0,15,0.2158203125,-1,-679308.8592086493,-638893.3284401357,-40441.72700103564,604.0994730573009,
15032,4dld,32,0,15,0.2158203125,-1,-679327.3173550128,-638893.3284401357,-40441.66960605425,177.12094626386755,
15033,4dld,33,0,15,0.2158203125,-1,-679313.3435166683,-638893.3284401357,-40441.11652859492,486.6110445783361,
15034,4dld,34,0,15,0.2158203125,-1,-679331.1693882562,-638893.3284401357,-40437.99056121153,3.4501598428118907,
15035,4dld,35,0,15,0.2158203125,-1,-679318.0394471495,-638893.3284401357,-40441.449845815136,386.0067928072088,
15036,4dld,36,0,15,0.2158203125,-1,-679329.7550725699,-638893.3284401357,-40440.536953592724,94.78625767428136,
15037,4dld,37,0,15,0.2158203125,-1,-679298.2834953872,-638893.3284401357,-40441.54815080211,843.8568302156327,
15038,4dld,38,0,15,0.2158203125,-1,-679327.0277449705,-638893.3284401357,-40441.81059964941,187.05090204008613,
15039,4dld,39,0,15,0.2158203125,-1,-679331.2355469522,-638893.3284401357,-40441.705215835995,87.58647470913819,
15040,4dld,40,0,15,0.2158203125,-1,-679330.5201538709,-638893.3284401357,-40440.513475442356,76.60164472913775,
15041,4dld,41,0,15,0.2158203125,-1,-679327.843638247,-638893.3284401357,-40441.49749174163,161.01551622969046,
15042,4dld,42,0,15,0.2158203125,-1,-679291.709393821,-638893.3284401357,-40429.07203256534,707.7530924872517,
15043,4dld,43,0,15,0.2158203125,-1,-679289.0569595452,-638893.3284401357,-40436.4261307959,938.5092139670205,
15044,4dld,44,0,15,0.2158203125,-1,-679324.9293861744,-638893.3284401357,-40440.20833876175,198.49119158622915,
15045,4dld,45,0,15,0.2158203125,-1,-679321.0803141203,-638893.3284401357,-40438.04366167826,237.3342623726186,
15046,4dld,46,0,15,0.2158203125,-1,-679325.8740388519,-638893.3284401357,-40440.4558883552,182.41561257327572,
15047,4dld,47,0,15,0.2158203125,-1,-679325.3725689559,-638893.3284401357,-40439.98087897344,183.02580652879237,
15048,4dld,48,0,15,0.2158203125,-1,-679325.7446084975,-638893.3284401357,-40441.62936523003,212.4613670530561,
15049,4dld,49,0,15,0.2158203125,-1,-679254.1860062685,-638893.3284401357,-40401.06791266245,927.2726194329997,
15050,4dld,50,0,15,0.2158203125,-1,-679331.1688517696,-638893.3284401357,-40441.12185337586,75.67184424263026,
15051,4dld,51,0,15,0.2158203125,-1,-679302.8174076882,-638893.3284401357,-40441.62452694221,741.0636043689228,
15052,4dld,52,0,15,0.2158203125,-1,-679320.3647925167,-638893.3284401357,-40440.95352669997,320.937664049732,
15053,4dld,53,0,15,0.2158203125,-1,-679325.243199667,-638893.3284401357,-40441.29341485543,216.27692968965584,
15054,4dld,54,0,15,0.2158203125,-1,-679330.5303623296,-638893.3284401357,-40437.32045837683,2.733509316877227,
15055,4dld,55,0,15,0.2158203125,-1,-679313.0020758865,-638893.3284401357,-40441.0780804996,493.5982219181619,
15056,4dld,56,0,15,0.2158203125,-1,-679323.9483000993,-638893.3284401357,-40440.861676538414,236.1819009946462,
15057,4dld,57,0,15,0.2158203125,-1,-679326.4986315425,-638893.3284401357,-40441.37224444193,189.1438363246964,
15058,4dld,58,0,15,0.2158203125,-1,-679337.7037994779,-638893.3284401357,-40440.98066630406,-78.28348117635623,
15059,4dld,59,0,15,0.2158203125,-1,-679330.2196257918,-638893.3284401357,-40441.9625432138,116.94828352608151,
15060,4dld,60,0,15,0.2158203125,-1,-679309.6066404493,-638893.3284401357,-40441.73466410679,587.0400009021357,
15061,4dld,61,0,15,0.2158203125,-1,-679327.6683379766,-638893.3284401357,-40441.384417498535,162.45048250941863,
15062,4dld,62,0,15,0.2158203125,-1,-679334.8791956072,-638893.3284401357,-40441.64732214255,2.226880337533988,
15063,4dld,63,0,15,0.2158203125,-1,-679324.3534516452,-638893.3284401357,-40441.16745414776,233.89028357802425,
15064,4dld,64,0,15,0.2158203125,-1,-679294.9146281539,-638893.3284401357,-40441.31888159556,916.2576806798685,
15065,4dld,65,0,15,0.2158203125,-1,-679335.2894374039,-638893.3284401357,-40441.60378446621,-8.237522906116213,
15066,4dld,66,0,15,0.2158203125,-1,-679309.3260948427,-638893.3284401357,-40440.59568240685,567.2439943099982,
15067,4dld,67,0,15,0.2158203125,-1,-679327.6863221136,-638893.3284401357,-40439.33547874732,114.7861083822927,
15068,4dld,68,0,15,0.2158203125,-1,-679331.9878013638,-638893.3284401357,-40441.80069210572,72.44081095475836,
15069,4dld,69,0,15,0.2158203125,-1,-679332.5116442051,-638893.3284401357,-40441.21299340767,46.80805412168331,
15070,4dld,70,0,15,0.2158203125,-1,-679322.5017482556,-638893.3284401357,-40440.26639133138,255.8125759879376,
15071,4dld,71,0,15,0.2158203125,-1,-679327.4961226193,-638893.3284401357,-40441.640021408035,172.31622917446293,
15072,4dld,72,0,15,0.2158203125,-1,-679310.9068200944,-638893.3284401357,-40441.741348767704,557.2112979486025,
15073,4dld,73,0,15,0.2158203125,-1,-679334.0205514487,-638893.3284401357,-40441.28911235375,13.767171055249595,
15074,4dld,74,0,15,0.2158203125,-1,-679308.6212341703,-638893.3284401357,-40439.57335495395,559.9230364353308,
15075,4dld,75,0,15,0.2158203125,-1,-679330.6693701801,-638893.3284401357,-40441.712412143184,100.80877202929123,
15076,4dld,76,0,15,0.2158203125,-1,-679333.9658382742,-638893.3284401357,-40441.29251124901,15.107267218830922,
15077,4dld,77,0,15,0.2158203125,-1,-679336.6398213264,-638893.3284401357,-40440.784018540806,-58.28236727242001,
15078,4dld,78,0,15,0.2158203125,-1,-679327.0480858303,-638893.3284401357,-40441.64508273644,182.76491998195903,
15079,4dld,79,0,15,0.2158203125,-1,-679323.1694568305,-638893.3284401357,-40441.6249940042,271.7449723787285,
15080,4dld,80,0,15,0.2158203125,-1,-679333.0356924296,-638893.3284401357,-40440.18734147591,11.07111954375083,
15081,4dld,81,0,15,0.2158203125,-1,-679322.3946126755,-638893.3284401357,-40441.4238453154,284.97470411604166,
15082,4dld,82,0,15,0.2158203125,-1,-679329.7742340927,-638893.3284401357,-40436.86225011391,9.603707126167855,
15083,4dld,83,0,15,0.2158203125,-1,-679326.2461178063,-638893.3284401357,-40441.49102255148,197.7060296939802,
15084,4dld,84,0,15,0.2158203125,-1,-679326.9713994174,-638893.3284401357,-40440.95132454676,168.53490675889253,
15085,4dld,85,0,15,0.2158203125,-1,-679329.9282100853,-638893.3284401357,-40440.74781581206,95.65621001563827,
15086,4dld,86,0,15,0.2158203125,-1,-679333.5466985173,-638893.3284401357,-40441.084765637344,19.98213201693977,
15087,4dld,87,0,15,0.2158203125,-1,-679318.4475954978,-638893.3284401357,-40441.07464143081,367.94224964749395,
15088,4dld,88,0,15,0.2158203125,-1,-679331.7836009325,-638893.3284401357,-40440.82063933653,54.54923100875889,
15089,4dld,89,0,15,0.2158203125,-1,-679328.4347143527,-638893.3284401357,-40442.289576852745,165.6508940129977,
15090,4dld,90,0,15,0.2158203125,-1,-679331.9890356428,-638893.3284401357,-40440.766259217686,48.5577587125114,
15091,4dld,91,0,15,0.2158203125,-1,-679310.6512091962,-638893.3284401357,-40440.17514809413,526.9883797485296,
15092,4dld,92,0,15,0.2158203125,-1,-679322.3628191561,-638893.3284401357,-40440.89069386763,273.4131156282802,
15093,4dld,93,0,15,0.2158203125,-1,-679328.2152009513,-638893.3284401357,-40440.57776638312,131.23770609339684,
15094,4dld,94,0,15,0.2158203125,-1,-679329.741066269,-638893.3284401357,-40438.84128805441,56.006274396218004,
15095,4dld,95,0,15,0.2158203125,-1,-679328.4907175364,-638893.3284401357,-40440.84549864573,131.0581953523735,
15096,4dld,96,0,15,0.2158203125,-1,-679324.3310981153,-638893.3284401357,-40440.51681282563,219.40162289446815,
15097,4dld,97,0,15,0.2158203125,-1,-679324.1983865704,-638893.3284401357,-40441.53975447459,246.0516186462969,
15098,4dld,98,0,15,0.2158203125,-1,-679324.38773816,-638893.3284401357,-40440.88286479754,226.5368314420139,
15099,4dld,99,0,15,0.2158203125,-1,-679326.3216661571,-638893.3284401357,-40439.63539209409,153.1719884178909,
15100,4dld,100,0,15,0.2158203125,-1,-679331.8479314954,-638893.3284401357,-40441.68567397637,73.01390567196421,
16001,3gbb,1,0,16,0.2158203125,-1,-664329.3325269639,-638893.3284401357,-25459.095871538524,532.5092058065883,
16002,3gbb,2,0,16,0.2158203125,-1,-664314.6984686981,-638893.3284401357,-25458.229430169467,849.9979937682763,
16003,3gbb,3,0,16,0.2158203125,-1,-664353.5812966943,-638893.3284401357,-25459.1302678889,-25.88750971297066,
16004,3gbb,4,0,16,0.2158203125,-1,-664323.5388444486,-638893.3284401357,-25457.614454061393,631.952399976946,
16005,3gbb,5,0,16,0.2158203125,-1,-664335.9169396132,-638893.3284401357,-25458.46096751154,366.0278082893313,
16006,3gbb,6,0,16,0.2158203125,-1,-664354.3767230193,-638893.3284401357,-25458.69317343891,-54.31011399549605,
16007,3gbb,7,0,16,0.2158203125,-1,-664349.815517363,-638893.3284401357,-25458.175444812176,38.93468144604438,
16008,3gbb,8,0,16,0.2158203125,-1,-664351.7745585117,-638893.3284401357,-25458.881409794692,10.038058581362145,
16009,3gbb,9,0,16,0.2158203125,-1,-664314.1798829704,-638893.3284401357,-25458.553765446537,869.4362139154272,
16010,3gbb,10,0,16,0.2158203125,-1,-664350.1519344429,-638893.3284401357,-25457.455418259506,14.57251252674035,
16011,3gbb,11,0,16,0.2158203125,-1,-664345.4002552897,-638893.3284401357,-25458.422078818676,146.44055897515562,
16012,3gbb,12,0,16,0.2158203125,-1,-664344.5290296797,-638893.3284401357,-25459.08322700918,181.7779382967063,
16013,3gbb,13,0,16,0.2158203125,-1,-664343.2471352934,-638893.3284401357,-25449.744953856472,-4.006569588105542,
16014,3gbb,14,0,16,0.2158203125,-1,-664344.4260641764,-638893.3284401357,-25453.24903589547,49.61273598089788,
16015,3gbb,15,0,16,0.2158203125,-1,-664346.9787705959,-638893.3284401357,-25459.089022905227,125.41922726539622,
16016,3gbb,16,0,16,0.2158203125,-1,-664346.4590867881,-638893.3284401357,-25455.49340710104,54.48655033755101,
16017,3gbb,17,0,16,0.2158203125,-1,-664345.6158214627,-638893.3284401357,-25458.137533397072,134.90771162799646,
16018,3gbb,18,0,16,0.2158203125,-1,-664345.1973423787,-638893.3284401357,-25458.6781385845,157.02472034369185,
16019,3gbb,19,0,16,0.2158203125,-1,-664340.2258756578,-638893.3284401357,-25455.727103442554,203.61697940912038,
16020,3gbb,20,0,16,0.2158203125,-1,-664335.0062729691,-638893.3284401357,-25441.73941460312,1.420109346664095,
16021,3gbb,21,0,16,0.2158203125,-1,-664340.8361926049,-638893.3284401357,-25452.920578569774,124.82273519206316,
16022,3gbb,22,0,16,0.2158203125,-1,-664347.8798354695,-638893.3284401357,-25457.962100417022,78.65272770691011,
16023,3gbb,23,0,16,0.2158203125,-1,-664347.8352385879,-638893.3284401357,-25456.09291622102,36.576744672119226,
16024,3gbb,24,0,16,0.2158203125,-1,-664350.3463361535,-638893.3284401357,-25458.860884398822,42.500321712802844,
16025,3gbb,25,0,16,0.2158203125,-1,-664341.5489985764,-638893.3284401357,-25446.368858248596,-42.70122084711237,
16026,3gbb,26,0,16,0.2158203125,-1,-664345.7175945471,-638893.3284401357,-25458.87250199974,149.50954716375085,
16027,3gbb,27,0,16,0.2158203125,-1,-664332.1399749488,-638893.3284401357,-25432.76726844966,-139.38409357599815,
16028,3gbb,28,0,16,0.2158203125,-1,-664337.9841259393,-638893.3284401357,-25441.65058882967,-69.29918250341198,
16029,3gbb,29,0,16,0.2158203125,-1,-664348.4815037071,-638893.3284401357,-25458.854652792816,85.36067528907104,
16030,3gbb,30,0,16,0.2158203125,-1,-664325.8135778437,-638893.3284401357,-25447.779491067533,352.696167185449,
16031,3gbb,31,0,16,0.2158203125,-1,-664348.749285397,-638893.3284401357,-25459.11595770776,85.21131731088427,
16032,3gbb,32,0,16,0.2158203125,-1,-664324.9184601132,-638893.3284401357,-25447.085556150083,357.33555306812707,
16033,3gbb,33,0,16,0.2158203125,-1,-664329.2211168229,-638893.3284401357,-25458.319849342708,517.1828877274943,
16034,3gbb,34,0,16,0.2158203125,-1,-664348.0686175952,-638893.3284401357,-25458.02060058773,75.64835445207986,
16035,3gbb,35,0,16,0.2158203125,-1,-664332.2279262961,-638893.3284401357,-25454.749091953632,365.50059249194453,
16036,3gbb,36,0,16,0.2158203125,-1,-664340.4176530513,-638893.3284401357,-25441.721783593897,-123.77586060122191,
16037,3gbb,37,0,16,0.2158203125,-1,-664340.7961209833,-638893.3284401357,-25458.727150172595,259.6495309159482,
16038,3gbb,38,0,16,0.2158203125,-1,-664345.5046864281,-638893.3284401357,-25459.048833162193,158.4856182303989,
16039,3gbb,39,0,16,0.2158203125,-1,-664319.7201049746,-638893.3284401357,-25458.6209000653,743.2238204830315,
16040,3gbb,40,0,16,0.2158203125,-1,-664341.1313290421,-638893.3284401357,-25458.68165180147,250.87023207872735,
16041,3gbb,41,0,16,0.2158203125,-1,-664322.5548564165,-638893.3284401357,-25447.13139990032,412.8987311634458,
16042,3gbb,42,0,16,0.2158203125,-1,-664350.7158935795,-638893.3284401357,-25452.350397974853,-116.15725856797395,
16043,3gbb,43,0,16,0.2158203125,-1,-664347.1046028257,-638893.3284401357,-25455.719934195873,44.824435782579535,
16044,3gbb,44,0,16,0.2158203125,-1,-664341.0307418677,-638893.3284401357,-25446.453743965034,-28.79242610514113,
16045,3gbb,45,0,16,0.2158203125,-1,-664330.4190014272,-638893.3284401357,-25458.613801450127,496.3377091467065,
16046,3gbb,46,0,16,0.2158203125,-1,-664325.8763343372,-638893.3284401357,-25439.99082452119,171.6380506377273,
16047,3gbb,47,0,16,0.2158203125,-1,-664336.8998109968,-638893.3284401357,-25449.691345319745,141.12996372473646,
16048,3gbb,48,0,16,0.2158203125,-1,-664348.0451497558,-638893.3284401357,-25446.45963701666,-190.41261771225072,
16049,3gbb,49,0,16,0.2158203125,-1,-664351.1361264556,-638893.3284401357,-25448.372835487728,-217.57282889062031,
16050,3gbb,50,0,16,0.2158203125,-1,-664348.0388438235,-638893.3284401357,-25455.788554877643,24.862757082329818,
16051,3gbb,51,0,16,0.2158203125,-1,-664349.6131137431,-638893.3284401357,-25459.118553430435,65.35082120434367,
16052,3gbb,52,0,16,0.2158203125,-1,-664345.8996209028,-638893.3284401357,-25451.356877282862,-28.002503580235913,
16053,3gbb,53,0,16,0.2158203125,-1,-664335.1345816969,-638893.3284401357,-25446.959389061336,118.83671045883152,
16054,3gbb,54,0,16,0.2158203125,-1,-664336.3192510585,-638893.3284401357,-25458.35029551447,354.19812907953707,
16055,3gbb,55,0,16,0.2158203125,-1,-664341.0433333636,-638893.3284401357,-25455.75366625249,185.37850983286395,
16056,3gbb,56,0,16,0.2158203125,-1,-664324.0352653984,-638893.3284401357,-25455.680538327102,575.907504628635,
16057,3gbb,57,0,16,0.2158203125,-1,-664336.8284986734,-638893.3284401357,-25447.787368626003,98.86771935603821,
16058,3gbb,58,0,16,0.2158203125,-1,-664318.549226893,-638893.3284401357,-25441.676824831073,379.48525310268803,
16059,3gbb,59,0,16,0.2158203125,-1,-664341.4907493264,-638893.3284401357,-25452.399255455133,97.70630198617081,
16060,3gbb,60,0,16,0.2158203125,-1,-664345.230554444,-638893.3284401357,-25458.323752493267,148.0864945148243,
16061,3gbb,61,0,16,0.2158203125,-1,-664339.9014743536,-638893.3284401357,-25432.782063037757,-318.0273505310693,
16062,3gbb,62,0,16,0.2158203125,-1,-664340.8060186038,-638893.3284401357,-25451.13619157732,84.36962259761614,
16063,3gbb,63,0,16,0.2158203125,-1,-664307.4232100517,-638893.3284401357,-25458.91971585214,1033.687809764502,
16064,3gbb,64,0,16,0.2158203125,-1,-664340.3292447749,-638893.3284401357,-25458.57204181016,266.8390682406031,
16065,3gbb,65,0,16,0.2158203125,-1,-664345.0056964427,-638893.3284401357,-25458.870305151348,165.87564692345703,
16066,3gbb,66,0,16,0.2158203125,-1,-664324.2839730362,-638893.3284401357,-25455.786182433967,572.6083812313146,
16067,3gbb,67,0,16,0.2158203125,-1,-664318.9037577034,-638893.3284401357,-25458.561162323353,760.6716507215607,
16068,3gbb,68,0,16,0.2158203125,-1,-664338.1695201668,-638893.3284401357,-25458.87486705244,323.6268168497598,
16069,3gbb,69,0,16,0.2158203125,-1,-664324.828454715,-638893.3284401357,-25459.117011100654,636.8630692193503,
16070,3gbb,70,0,16,0.2158203125,-1,-664345.5834237913,-638893.3284401357,-25458.921276420955,153.7283631673958,
16071,3gbb,71,0,16,0.2158203125,-1,-664338.2759186001,-638893.3284401357,-25449.63904205024,108.19002647036288,
16072,3gbb,72,0,16,0.2158203125,-1,-664323.5389472668,-638893.3284401357,-25449.685135171418,449.0955914080605,
16073,3gbb,73,0,16,0.2158203125,-1,-664340.1159833343,-638893.3284401357,-25442.27179184616,-104.13570005318172,
16074,3gbb,74,0,16,0.2158203125,-1,-664335.9782881419,-638893.3284401357,-25457.957743555908,353.0084575101521,
16075,3gbb,75,0,16,0.2158203125,-1,-664343.1466470482,-638893.3284401357,-25455.391805023555,128.53022582889744,
16076,3gbb,76,0,16,0.2158203125,-1,-664347.7156116936,-638893.3284401357,-25456.742525548343,54.31575335530702,
16077,3gbb,77,0,16,0.2158203125,-1,-664326.5244294525,-638893.3284401357,-25455.9044341749,523.6691788092926,
16078,3gbb,78,0,16,0.2158203125,-1,-664344.8377224336,-638893.3284401357,-25455.91910415948,101.6929079629712,
16079,3gbb,79,0,16,0.2158203125,-1,-664349.6561036976,-638893.3284401357,-25456.454460710887,2.9240117187480577,
16080,3gbb,80,0,16,0.2158203125,-1,-664341.998537344,-638893.3284401357,-25456.562731177215,182.00846314860252,
16081,3gbb,81,0,16,0.2158203125,-1,-664353.3589991152,-638893.3284401357,-25455.99410238922,-93.08290026607716,
16082,3gbb,82,0,16,0.2158203125,-1,-664332.0060741435,-638893.3284401357,-25454.727229089145,370.1124550362769,
16083,3gbb,83,0,16,0.2158203125,-1,-664338.2682277531,-638893.3284401357,-25455.91257080495,253.03839153108459,
16084,3gbb,84,0,16,0.2158203125,-1,-664353.2793300572,-638893.3284401357,-25456.94951015771,-69.21346160109432,
16085,3gbb,85,0,16,0.2158203125,-1,-664347.4486525477,-638893.3284401357,-25456.988447398548,66.14307009734348,
16086,3gbb,86,0,16,0.2158203125,-1,-664346.3457986395,-638893.3284401357,-25457.397760362033,101.01446656981116,
16087,3gbb,87,0,16,0.2158203125,-1,-664344.1732479753,-638893.3284401357,-25457.119800061588,144.7047582718375,
16088,3gbb,88,0,16,0.2158203125,-1,-664315.9671554539,-638893.3284401357,-25455.144994676713,749.612609943123,
16089,3gbb,89,0,16,0.2158203125,-1,-664336.3433520913,-638893.3284401357,-25456.704845816497,315.69737459788365,
16090,3gbb,90,0,16,0.2158203125,-1,-664321.8585113416,-638893.3284401357,-25455.645239920024,625.2906450667869,
16091,3gbb,91,0,16,0.2158203125,-1,-664327.5816384078,-638893.3284401357,-25458.52463397443,559.7126039317652,
16092,3gbb,92,0,16,0.2158203125,-1,-664343.6668420705,-638893.3284401357,-25457.904991299514,174.48969595894266,
16093,3gbb,93,0,16,0.2158203125,-1,-664339.2175522863,-638893.3284401357,-25457.35544231594,264.41985521844316,
16094,3gbb,94,0,16,0.2158203125,-1,-664318.8974762241,-638893.3284401357,-25456.89521883488,722.3989355755222,
16095,3gbb,95,0,16,0.2158203125,-1,-664342.6029280843,-638893.3284401357,-25457.821203917858,197.0919524031602,
16096,3gbb,96,0,16,0.2158203125,-1,-664328.8645291451,-638893.3284401357,-25457.223501176242,500.1236055964486,
16097,3gbb,97,0,16,0.2158203125,-1,-664331.2868905186,-638893.3284401357,-25457.8394202894,458.4660574474057,
16098,3gbb,98,0,16,0.2158203125,-1,-664329.0314801614,-638893.3284401357,-25457.568233937625,504.22335003257535,
16099,3gbb,99,0,16,0.2158203125,-1,-664315.0764285893,-638893.3284401357,-25458.531391353008,848.2454219347168,
16100,3gbb,100,0,16,0.2158203125,-1,-664339.8230600331,-638893.3284401357,-25456.43471440733,229.22402488593087,
17001,1vso,1,0,17,0.2158203125,0,-677144.2736896684,-638893.3284401357,-38296.22703196069,1044.2227095363892,
17002,1vso,2,0,17,0.2158203125,0,-677175.9172234951,-638893.3284401357,-38297.32862062716,339.90872232896857,
17003,1vso,3,0,17,0.2158203125,0,-677177.0954002698,-638893.3284401357,-38297.63675369283,319.84503776080754,
17004,1vso,4,0,17,0.2158203125,0,-677190.9114640169,-638893.3284401357,-38297.14614482185,-10.074670444186212,
17005,1vso,5,0,17,0.2158203125,0,-677195.8400403223,-638893.3284401357,-38297.50520469209,-115.45022275974226,
17006,1vso,6,0,17,0.2158203125,0,-677173.0919561055,-638893.3284401357,-38297.50739432832,409.1835555860845,
17007,1vso,7,0,17,0.2158203125,0,-677155.1540178916,-638893.3284401357,-38296.98096550962,810.7025007980066,
17008,1vso,8,0,17,0.2158203125,0,-677148.3049634062,-638893.3284401357,-38297.73114259502,985.944943913374,
17009,1vso,9,0,17,0.2158203125,0,-677187.9861135295,-638893.3284401357,-38297.17050851842,57.9473545808436,
17010,1vso,10,0,17,0.2158203125,0,-677173.2162804571,-638893.3284401357,-38296.6396723535,386.3064238266451,
17011,1vso,11,0,17,0.2158203125,0,-677179.1729953547,-638893.3284401357,-38292.87368948718,162.0956869980617,
17012,1vso,12,0,17,0.2158203125,0,-677181.6036702058,-638893.3284401357,-38297.56999696752,214.34241661214077,
17013,1vso,13,0,17,0.2158203125,0,-677182.2203769942,-638893.3284401357,-38297.228605940545,192.24815611376218,
17014,1vso,14,0,17,0.2158203125,0,-677188.1124933033,-638893.3284401357,-38297.73096783423,67.95746662342697,
17015,1vso,15,0,17,0.2158203125,0,-677187.4535026214,-638893.3284401357,-38297.54301585218,78.81987709068652,
17016,1vso,16,0,17,0.2158203125,0,-677185.8063830844,-638893.3284401357,-38291.09884037038,-31.80286097053779,
17017,1vso,17,0,17,0.2158203125,0,-677176.893385183,-638893.3284401357,-38297.55869282743,322.7034900142811,
17018,1vso,18,0,17,0.2158203125,0,-677164.0932017086,-638893.3284401357,-38292.480853452886,500.78497549168287,
17019,1vso,19,0,17,0.2158203125,0,-677175.5017539373,-638893.3284401357,-38295.17226155063,299.7628563132347,
17020,1vso,20,0,17,0.2158203125,0,-677156.3734417073,-638893.3284401357,-38297.23302192947,788.3944786956487,
17021,1vso,21,0,17,0.2158203125,0,-677183.4122460446,-638893.3284401357,-38289.52830184957,-12.810227930657822,
17022,1vso,22,0,17,0.2158203125,0,-677163.8427708265,-638893.3284401357,-38297.39857013484,619.9652895881721,
17023,1vso,23,0,17,0.2158203125,0,-677184.3497423044,-638893.3284401357,-38297.780868723596,155.8793078528883,
17024,1vso,24,0,17,0.2158203125,0,-677180.9317402355,-638893.3284401357,-38296.66279502174,208.9169159675849,
17025,1vso,25,0,17,0.2158203125,0,-677190.3514344356,-638893.3284401357,-38297.5770217326,12.776176111577747,
17026,1vso,26,0,17,0.2158203125,0,-677139.8548135129,-638893.3284401357,-38297.31572426819,1171.2302555081264,
17027,1vso,27,0,17,0.2158203125,0,-677172.4654393604,-638893.3284401357,-38292.47718913814,307.632087569276,
17028,1vso,28,0,17,0.2158203125,0,-677180.6436920426,-638893.3284401357,-38288.46317376157,26.47170683618846,
17029,1vso,29,0,17,0.2158203125,0,-677187.6865029595,-638893.3284401357,-38297.03615982791,61.75838405909181,
17030,1vso,30,0,17,0.2158203125,0,-677143.7279831585,-638893.3284401357,-38289.53826738855,902.5604252644913,
17031,1vso,31,0,17,0.2158203125,0,-677172.3925746641,-638893.3284401357,-38297.338272764886,421.41163886594717,
17032,1vso,32,0,17,0.2158203125,0,-677150.1485228799,-638893.3284401357,-38296.75299657842,920.8748694892209,
17033,1vso,33,0,17,0.2158203125,0,-677146.4412765912,-638893.3284401357,-38296.769707038606,1006.7513522177604,
17034,1vso,34,0,17,0.2158203125,0,-677188.2173737256,-638893.3284401357,-38297.19602651858,53.20282683110016,
17035,1vso,35,0,17,0.2158203125,0,-677174.1530391533,-638893.3284401357,-38297.38695378562,381.9369743151599,
17036,1vso,36,0,17,0.2158203125,0,-677186.8615722916,-638893.3284401357,-38297.67901070377,95.60623055321622,
17037,1vso,37,0,17,0.2158203125,0,-677151.0108551941,-638893.3284401357,-38296.632355108464,898.2069555249255,
17038,1vso,38,0,17,0.2158203125,0,-677178.8623064277,-638893.3284401357,-38297.52273626586,276.4699094677399,
17039,1vso,39,0,17,0.2158203125,0,-677186.3386979512,-638893.3284401357,-38297.351344301904,100.10783255710892,
17040,1vso,40,0,17,0.2158203125,0,-677169.2822257988,-638893.3284401357,-38297.318061127866,492.67189622125875,
17041,1vso,41,0,17,0.2158203125,0,-677173.6814314832,-638893.3284401357,-38297.00973410865,384.11361314468087,
17042,1vso,42,0,17,0.2158203125,0,-677183.334445399,-638893.3284401357,-38296.57339854502,151.4476868954825,
17043,1vso,43,0,17,0.2158203125,0,-677180.6449358723,-638893.3284401357,-38297.95961655644,245.4361967331678,
17044,1vso,44,0,17,0.2158203125,0,-677192.0012498014,-638893.3284401357,-38293.307709410394,-123.7221510529434,
17045,1vso,45,0,17,0.2158203125,0,-677157.2816761843,-638893.3284401357,-38292.399449064935,655.9852558637293,
17046,1vso,46,0,17,0.2158203125,0,-677180.3766545771,-638893.3284401357,-38297.10803379082,231.98494527474335,
17047,1vso,47,0,17,0.2158203125,0,-677170.4485530963,-638893.3284401357,-38297.650414838994,473.44000844430445,
17048,1vso,48,0,17,0.2158203125,0,-677169.0746342501,-638893.3284401357,-38297.4116293337,499.61680514483794,
17049,1vso,49,0,17,0.2158203125,0,-677167.4858576616,-638893.3284401357,-38297.55507768651,539.5628612586938,
17050,1vso,50,0,17,0.2158203125,0,-677158.0296326845,-638893.3284401357,-38296.670325711006,737.2257243893716,
17051,1vso,51,0,17,0.2158203125,0,-677193.6151625476,-638893.3284401357,-38289.511216297426,-248.4890741512096,
17052,1vso,52,0,17,0.2158203125,0,-677183.0176877192,-638893.3284401357,-38297.47844542524,179.62316939141388,
17053,1vso,53,0,17,0.2158203125,0,-677162.6241486034,-638893.3284401357,-38298.082593157495,663.8413312831012,
17054,1vso,54,0,17,0.2158203125,0,-677182.6499144998,-638893.3284401357,-38292.77382160684,79.6130187180828,
17055,1vso,55,0,17,0.2158203125,0,-677191.5928810498,-638893.3284401357,-38297.47923739215,-18.10722337581651,
17056,1vso,56,0,17,0.2158203125,0,-677191.77228662,-638893.3284401357,-38297.52205939552,-21.256915250470858,
17057,1vso,57,0,17,0.2158203125,0,-677182.3023801259,-638893.3284401357,-38297.90119709035,205.86743935523253,
17058,1vso,58,0,17,0.2158203125,0,-677178.6945184735,-638893.3284401357,-38298.043425693744,292.34657506779416,
17059,1vso,59,0,17,0.2158203125,0,-677190.6493128648,-638893.3284401357,-38297.26973272821,-1.1793164357631498,
17060,1vso,60,0,17,0.2158203125,0,-677158.1884981506,-638893.3284401357,-38294.92123611232,693.2272353611805,
17061,1vso,61,0,17,0.2158203125,0,-677172.4960547498,-638893.3284401357,-38297.372762217725,419.8206770762845,
17062,1vso,62,0,17,0.2158203125,0,-677186.7798256543,-638893.3284401357,-38297.27990801593,88.28782616909763,
17063,1vso,63,0,17,0.2158203125,0,-677170.7656211368,-638893.3284401357,-38297.2457599785,456.79668296571265,
17064,1vso,64,0,17,0.2158203125,0,-677188.9838970266,-638893.3284401357,-38297.50375284215,42.622717188212754,
17065,1vso,65,0,17,0.2158203125,0,-677175.9344664327,-638893.3284401357,-38297.62439025899,346.33170048386927,
17066,1vso,66,0,17,0.2158203125,0,-677157.4881088255,-638893.3284401357,-38297.29580707809,764.1375042245105,
17067,1vso,67,0,17,0.2158203125,0,-677176.5774911753,-638893.3284401357,-38289.836594625915,151.91236395912208,
17068,1vso,68,0,17,0.2158203125,0,-677157.442315083,-638893.3284401357,-38290.74105955621,614.0374642684347,
17069,1vso,69,0,17,0.2158203125,0,-677158.1000588647,-638893.3284401357,-38297.24287660381,748.8049953425331,
17070,1vso,70,0,17,0.2158203125,0,-677158.0504332152,-638893.3284401357,-38297.51266004106,756.1707438643331,
17071,1vso,71,0,17,0.2158203125,0,-677194.8034125975,-638893.3284401357,-38297.507727279866,-91.48684727414367,
17072,1vso,72,0,17,0.2158203125,0,-677142.7582189254,-638893.3284401357,-38291.082122847045,960.5258723905996,
17073,1vso,73,0,17,0.2158203125,0,-677112.1577041856,-638893.3284401357,-38297.74283398655,1819.790154009408,
17074,1vso,74,0,17,0.2158203125,0,-677153.2411628483,-638893.3284401357,-38297.45982916617,865.8568442734853,
17075,1vso,75,0,17,0.2158203125,0,-677180.9545324107,-638893.3284401357,-38290.73767612835,71.75482827869013,
17076,1vso,76,0,17,0.2158203125,0,-677174.5115980915,-638893.3284401357,-38292.99915899297,272.48345708518985,
17077,1vso,77,0,17,0.2158203125,0,-677178.9716721735,-638893.3284401357,-38294.65754552146,207.87500725067736,
17078,1vso,78,0,17,0.2158203125,0,-677167.2374460963,-638893.3284401357,-38297.57688732406,545.7943102322581,
17079,1vso,79,0,17,0.2158203125,0,-677141.9340892992,-638893.3284401357,-38297.23430277368,1121.403392516573,
17080,1vso,80,0,17,0.2158203125,0,-677180.0653578601,-638893.3284401357,-38297.59252257606,250.33619491272387,
17081,1vso,81,0,17,0.2158203125,0,-677153.1162288449,-638893.3284401357,-38293.31125606557,773.0695224207303,
17082,1vso,82,0,17,0.2158203125,0,-677167.2817857531,-638893.3284401357,-38297.19925858041,536.063487750017,
17083,1vso,83,0,17,0.2158203125,0,-677175.1032915375,-638893.3284401357,-38289.01001407167,166.84681481074315,
17084,1vso,84,0,17,0.2158203125,0,-677183.2120349668,-638893.3284401357,-38296.8929360654,161.63924879465,
17085,1vso,85,0,17,0.2158203125,0,-677159.3242980649,-638893.3284401357,-38295.116017892564,671.5268416697638,
17086,1vso,86,0,17,0.2158203125,0,-677169.9434667496,-638893.3284401357,-38295.677140071624,439.5827791438402,
17087,1vso,87,0,17,0.2158203125,0,-677182.6537890097,-638893.3284401357,-38295.909665897096,151.8379576437037,
17088,1vso,88,0,17,0.2158203125,0,-677181.1620319596,-638893.3284401357,-38295.2887454774,171.91992741048006,
17089,1vso,89,0,17,0.2158203125,0,-677182.8480690381,-638893.3284401357,-38295.73584236165,143.34928780172106,
17090,1vso,90,0,17,0.2158203125,0,-677188.0552597609,-638893.3284401357,-38297.41520203611,61.99557117277771,
17091,1vso,91,0,17,0.2158203125,0,-677164.425374057,-638893.3284401357,-38297.34446401855,605.2824232424296,
17092,1vso,92,0,17,0.2158203125,0,-677162.8501286022,-638893.3284401357,-38297.41864646932,643.3191343518075,
17093,1vso,93,0,17,0.2158203125,0,-677176.8149564525,-638893.3284401357,-38297.032154932225,312.369847187972,
17094,1vso,94,0,17,0.2158203125,0,-677168.2584052801,-638893.3284401357,-38296.911322727436,506.90214792616564,
17095,1vso,95,0,17,0.2158203125,0,-677188.8825845382,-638893.3284401357,-38296.79090453652,28.520366225638213,
17096,1vso,96,0,17,0.2158203125,0,-677186.9421654752,-638893.3284401357,-38297.52584214469,90.2155567044588,
17097,1vso,97,0,17,0.2158203125,0,-677189.902379345,-638893.3284401357,-38297.51680691501,21.743045824577468,
17098,1vso,98,0,17,0.2158203125,0,-677169.2899730173,-638893.3284401357,-38297.525061443084,497.26678178903035,
17099,1vso,99,0,17,0.2158203125,0,-677187.8762039503,-638893.3284401357,-38297.143150701726,59.85104345027727,
17100,1vso,100,0,17,0.2158203125,0,-677164.1600504182,-638893.3284401357,-38297.2743806388,609.7847705748095,
18004,4mme,4,0,18,0.2083740234375,0,-673276.480060188,-638893.3284401357,-34384.53032988457,31.793804031817533,
18005,4mme,5,0,18,0.2083740234375,0,-673276.8178569813,-638893.3284401357,-34383.47931432871,-0.2329695741536982,
18006,4mme,6,0,18,0.2083740234375,0,-673269.7673005145,-638893.3284401357,-34384.703711272785,190.5919893534367,
18007,4mme,7,0,18,0.2083740234375,0,-673274.2939200831,-638893.3284401357,-34384.70306855587,86.19084087696936,
18008,4mme,8,0,18,0.2083740234375,0,-673276.0300716738,-638893.3284401357,-34383.48342472462,18.028579171254066,
18009,4mme,9,0,18,0.2083740234375,0,-673276.8217279752,-638893.3284401357,-34384.70628002433,27.972264297320145,
18010,4mme,10,0,18,0.2083740234375,0,-673275.1113083493,-638893.3284401357,-34384.08862328679,53.17197515099236,
18011,4mme,11,0,18,0.2083740234375,0,-673279.0593484921,-638893.3284401357,-34384.52973503021,-27.69971494079121,
18012,4mme,12,0,18,0.2083740234375,0,-673268.1876484434,-638893.3284401357,-34384.52666041402,222.93674169812775,
18013,4mme,13,0,18,0.2083740234375,0,-673276.3428743173,-638893.3284401357,-34383.481601031104,10.77312347742344,
18014,4mme,14,0,18,0.2083740234375,0,-673277.6938334834,-638893.3284401357,-34384.52919128687,3.7772702110558862,
18015,4mme,15,0,18,0.2083740234375,0,-673270.6400544476,-638893.3284401357,-34384.70486283449,170.49236117931315,
18016,4mme,16,0,18,0.2083740234375,0,-673273.3239807914,-638893.3284401357,-34383.48156264571,80.38957683965933,
18017,4mme,17,0,18,0.2083740234375,0,-673273.7585741569,-638893.3284401357,-34384.08715260176,84.33285189416002,
18018,4mme,18,0,18,0.2083740234375,0,-673270.3069090378,-638893.3284401357,-34384.56079647095,174.8526275697862,
18019,4mme,19,0,18,0.2083740234375,0,-673283.984962551,-638893.3284401357,-34384.706863464395,-137.20239481427217,
18020,4mme,20,0,18,0.2083740234375,0,-673273.9247198383,-638893.3284401357,-34384.555638821446,91.3049903384077,
18021,4mme,21,0,18,0.2083740234375,0,-673266.1353237617,-638893.3284401357,-34383.48258623628,246.18755066895662,
18022,4mme,22,0,18,0.2083740234375,0,-673234.9254948926,-638893.3284401357,-34384.70660120399,994.1297577982987,
18023,4mme,23,0,18,0.2083740234375,0,-673258.5804189723,-638893.3284401357,-34384.086921574155,434.3440978862554,
18024,4mme,24,0,18,0.2083740234375,0,-673219.4594396034,-638893.3284401357,-34384.53169730457,1346.7520858090195,
18025,4mme,25,0,18,0.2083740234375,0,-673275.7977615434,-638893.3284401357,-34384.78839251546,53.479050202487585,
18026,4mme,26,0,18,0.2083740234375,0,-673242.9429149461,-638893.3284401357,-34384.788012118646,811.1210394682516,
18027,4mme,27,0,18,0.2083740234375,0,-673252.9168869685,-638893.3284401357,-34384.52850511817,575.1314069872046,
18028,4mme,28,0,18,0.2083740234375,0,-673277.7171219119,-638893.3284401357,-34384.70755320939,7.3533499359311865,
18029,4mme,29,0,18,0.2083740234375,0,-673277.5048729021,-638893.3284401357,-34384.55715882925,8.779751583450775,
18030,4mme,30,0,18,0.2083740234375,0,-673244.9054651839,-638893.3284401357,-34384.52821624429,759.8725206532398,
18031,4mme,31,0,18,0.2083740234375,0,-673255.4191815536,-638893.3284401357,-34384.09206429271,507.3625584901961,
18032,4mme,32,0,18,0.2083740234375,0,-673273.0050686727,-638893.3284401357,-34384.704394073764,115.94302764144368,
18033,4mme,33,0,18,0.2083740234375,0,-673262.3440172066,-638893.3284401357,-34384.53056603817,357.78414517172325,
18034,4mme,34,0,18,0.2083740234375,0,-673264.7455070894,-638893.3284401357,-34384.70224794895,306.3635517788456,
18035,4mme,35,0,18,0.2083740234375,0,-673237.5602208806,-638893.3284401357,-34384.531559587995,929.3349775755627,
18036,4mme,36,0,18,0.2083740234375,0,-673278.5301536004,-638893.3284401357,-34384.53040352611,-15.480774947829598,
18037,4mme,37,0,18,0.2083740234375,0,-673252.00645925,-638893.3284401357,-34384.78857809452,602.1237942475,
18038,4mme,38,0,18,0.2083740234375,0,-673274.6581979375,-638893.3284401357,-34384.78775575907,79.74332729088437,
18039,4mme,39,0,18,0.2083740234375,0,-673275.7534160895,-638893.3284401357,-34384.559836776534,49.23106011522207,
18040,4mme,40,0,18,0.2083740234375,0,-673262.536336733,-638893.3284401357,-34384.788984419385,359.3084209734801,
18041,4mme,41,0,18,0.2083740234375,0,-673275.804283305,-638893.3284401357,-34384.08745166806,37.16457487086771,
18042,4mme,42,0,18,0.2083740234375,0,-673245.1769899261,-638893.3284401357,-34384.703770668784,757.6593925504354,
18043,4mme,43,0,18,0.2083740234375,0,-673242.738951994,-638893.3284401357,-34384.70512646584,813.9131483204635,
18044,4mme,44,0,18,0.2083740234375,0,-673276.8262150864,-638893.3284401357,-34384.703290612975,27.7998515905904,
18045,4mme,45,0,18,0.2083740234375,0,-673265.1886654188,-638893.3284401357,-34384.09157484917,282.0616217019047,
18046,4mme,46,0,18,0.2083740234375,0,-673271.0336544644,-638893.3284401357,-34384.08986207993,147.23347484848918,
18047,4mme,47,0,18,0.2083740234375,0,-673283.8225957882,-638893.3284401357,-34384.78633484391,-131.62547476436822,
18048,4mme,48,0,18,0.2083740234375,0,-673272.4475372265,-638893.3284401357,-34384.70474013833,128.8079886625522,
18049,4mme,49,0,18,0.2083740234375,0,-673258.6424800296,-638893.3284401357,-34383.4776742175,418.8633580969685,
18050,4mme,50,0,18,0.2083740234375,0,-673266.8624689858,-638893.3284401357,-34384.70519095809,257.61311811386054,
18052,4mme,52,0,18,0.2083740234375,0,-673277.379456831,-638893.3284401357,-34384.70499083547,15.081001938586962,
18053,4mme,53,0,18,0.2083740234375,0,-673273.2589648644,-638893.3284401357,-34384.53038865475,106.07538208035767,
18054,4mme,54,0,18,0.2083740234375,0,-673279.4849032898,-638893.3284401357,-34384.08724838642,-47.71722612245367,
18055,4mme,55,0,18,0.2083740234375,0,-673272.3035811316,-638893.3284401357,-34384.70217144639,132.06845963032836,
18056,4mme,56,0,18,0.2083740234375,0,-673275.6500321012,-638893.3284401357,-34383.48204437045,26.760668189440292,
18057,4mme,57,0,18,0.2083740234375,0,-673268.5696172843,-638893.3284401357,-34383.484908016006,190.10494996937445,
18058,4mme,58,0,18,0.2083740234375,0,-673268.78121969,-638893.3284401357,-34384.70610714106,213.38680340688512,
18059,4mme,59,0,18,0.2083740234375,0,-673253.0869989973,-638893.3284401357,-34384.53277868182,571.3070811314061,
18060,4mme,60,0,18,0.2083740234375,0,-673281.0735457224,-638893.3284401357,-34384.0852269247,-84.39880693968475,
18061,4mme,61,0,18,0.2083740234375,0,-673274.1542772035,-638893.3284401357,-34384.701424480954,89.37316891292683,
18062,4mme,62,0,18,0.2083740234375,0,-673270.0547651936,-638893.3284401357,-34384.70388111619,183.96681305337398,
18063,4mme,63,0,18,0.2083740234375,0,-673268.7816171627,-638893.3284401357,-34384.55902138502,209.9857593550869,
18064,4mme,64,0,18,0.2083740234375,0,-673259.0290706736,-638893.3284401357,-34383.48215738086,410.0517502627264,
18065,4mme,65,0,18,0.2083740234375,0,-673272.9037375879,-638893.3284401357,-34384.55632597355,114.8652464631873,
18066,4mme,66,0,18,0.2083740234375,0,-673274.2845291783,-638893.3284401357,-34384.70553431062,86.46426194159561,
18067,4mme,67,0,18,0.2083740234375,0,-673272.0045854283,-638893.3284401357,-34383.48085686714,110.79928107741395,
18068,4mme,68,0,18,0.2083740234375,0,-673273.1849378924,-638893.3284401357,-34384.79225504545,113.82126703828465,
18069,4mme,69,0,18,0.2083740234375,0,-673252.8052141052,-638893.3284401357,-34384.788536043445,583.7030999839162,
18070,4mme,70,0,18,0.2083740234375,0,-673256.0513233831,-638893.3284401357,-34383.4798326209,478.66662384480935,
18071,4mme,71,0,18,0.2083740234375,0,-673216.2411189211,-638893.3284401357,-34384.533023656884,1420.9989102483496,
18072,4mme,72,0,18,0.2083740234375,0,-673255.4156942944,-638893.3284401357,-34384.531558425704,517.5779520745183,
18073,4mme,73,0,18,0.2083740234375,0,-673265.4957551043,-638893.3284401357,-34384.531712175885,285.1297731941312,
18074,4mme,74,0,18,0.2083740234375,0,-673256.4297792306,-638893.3284401357,-34384.55887720136,494.82258383077635,
18075,4mme,75,0,18,0.2083740234375,0,-673264.6172731501,-638893.3284401357,-34384.787222744504,311.28026200661327,
18076,4mme,76,0,18,0.2083740234375,0,-673274.4498343746,-638893.3284401357,-34384.70633524803,82.67070361104314,
18077,4mme,77,0,18,0.2083740234375,0,-673268.8888287822,-638893.3284401357,-34384.55903619675,207.51374224212452,
18078,4mme,78,0,18,0.2083740234375,0,-673261.1790160824,-638893.3284401357,-34384.78934028892,390.61718530441715,
18079,4mme,79,0,18,0.2083740234375,0,-673273.9559744131,-638893.3284401357,-34384.55735770018,90.62388100713389,
18080,4mme,80,0,18,0.2083740234375,0,-673270.4908377362,-638893.3284401357,-34384.08730691818,159.692202543656,
18081,4mme,81,0,18,0.2083740234375,0,-673274.9815018902,-638893.3284401357,-34383.48272445945,42.19302432054741,
18082,4mme,82,0,18,0.2083740234375,0,-673262.7903043318,-638893.3284401357,-34384.78591686634,353.3810495607271,
19001,3f3e,1,0,19,0.2083740234375,0,-650921.0005437614,-638893.3284401357,-12025.152617133323,-58.10073876658096,
19002,3f3e,2,0,19,0.2083740234375,0,-650916.8056211652,-638893.3284401357,-12025.187943971816,39.45113065798758,
19003,3f3e,3,0,19,0.2083740234375,0,-650918.7501380177,-638893.3284401357,-12025.231868482295,-4.377569951651627,
19004,3f3e,4,0,19,0.2083740234375,0,-650920.5541268921,-638893.3284401357,-12025.534903443518,-38.9903894585699,
19005,3f3e,5,0,19,0.2083740234375,0,-650919.5360842826,-638893.3284401357,-12025.17124364442,-23.89996335836992,
19006,3f3e,6,0,19,0.2083740234375,0,-650915.9014133993,-638893.3284401357,-12025.400575018588,65.20604551761629,
19007,3f3e,7,0,19,0.2083740234375,0,-650916.1139863463,-638893.3284401357,-12025.397999859515,60.2446123262078,
19008,3f3e,8,0,19,0.2083740234375,0,-650916.2479084767,-638893.3284401357,-12024.767042792502,42.60607900843627,
19009,3f3e,9,0,19,0.2083740234375,0,-650914.3704076587,-638893.3284401357,-12018.291569030944,-63.42569598051214,
19010,3f3e,10,0,19,0.2083740234375,0,-650917.2236540348,-638893.3284401357,-12025.460286713305,36.09143649070088,
19011,3f3e,11,0,19,0.2083740234375,0,-650915.656603712,-638893.3284401357,-12025.380316293898,70.3843137302473,
19012,3f3e,12,0,19,0.2083740234375,0,-650915.183896441,-638893.3284401357,-12025.342040634814,80.40254469581994,
19013,3f3e,13,0,19,0.2083740234375,0,-650916.6217277377,-638893.3284401357,-12024.87735096282,36.52936889846936,
19014,3f3e,14,0,19,0.2083740234375,0,-650917.524194035,-638893.3284401357,-12025.118602371875,21.281391342532885,
19015,3f3e,15,0,19,0.2083740234375,0,-650916.8843700618,-638893.3284401357,-12025.190861678782,37.702421882352084,
19016,3f3e,16,0,19,0.2083740234375,0,-650915.940775577,-638893.3284401357,-12024.603443122569,45.91603392016535,
19017,3f3e,17,0,19,0.2083740234375,0,-650915.7729546308,-638893.3284401357,-12018.284412420455,-95.9342328723307,
19018,3f3e,18,0,19,0.2083740234375,0,-650918.544344756,-638893.3284401357,-12025.338625407878,2.830008590372822,
19019,3f3e,19,0,19,0.2083740234375,0,-650916.600519854,-638893.3284401357,-12024.68040356702,32.47671947441134,
19020,3f3e,20,0,19,0.2083740234375,0,-650916.3202162571,-638893.3284401357,-12024.87301108903,43.382308950951675,
19021,3f3e,21,0,19,0.2083740234375,0,-650902.8642180742,-638893.3284401357,-12025.45983133382,367.21739497888643,
19022,3f3e,22,0,19,0.2083740234375,0,-650898.6005187812,-638893.3284401357,-12025.460450685683,465.55491905423526,
19023,3f3e,23,0,19,0.2083740234375,0,-650917.0635759266,-638893.3284401357,-12025.458638108435,39.74490762989537,
19024,3f3e,24,0,19,0.2083740234375,0,-650880.5166015662,-638893.3284401357,-12025.13429108924,875.0585379815232,
19025,3f3e,25,0,19,0.2083740234375,0,-650919.5600011082,-638893.3284401357,-12025.506866610709,-16.71184899310356,
19026,3f3e,26,0,19,0.2083740234375,0,-650907.6543274852,-638893.3284401357,-12017.43559989995,71.71167500798042,
19027,3f3e,27,0,19,0.2083740234375,0,-650915.4574039312,-638893.3284401357,-12025.135721958342,69.33749042954894,
19028,3f3e,28,0,19,0.2083740234375,0,-650895.627027262,-638893.3284401357,-12024.795741534892,518.7967052919681,
19029,3f3e,29,0,19,0.2083740234375,0,-650918.0380940317,-638893.3284401357,-12024.567529416741,-3.277468352926162,
19030,3f3e,30,0,19,0.2083740234375,0,-650887.9770820469,-638893.3284401357,-12025.1352902419,703.0388120249398,
19031,3f3e,31,0,19,0.2083740234375,0,-650882.3768626483,-638893.3284401357,-12025.210065937701,833.9073078383708,
19032,3f3e,32,0,19,0.2083740234375,0,-650916.0619869418,-638893.3284401357,-12025.390335357848,61.26699947227041,
19033,3f3e,33,0,19,0.2083740234375,0,-650918.6187620192,-638893.3284401357,-12025.46019116706,3.91727873819057,
19034,3f3e,34,0,19,0.2083740234375,0,-650916.1326258362,-638893.3284401357,-12019.398566312257,-78.53544879515562,
19035,3f3e,35,0,19,0.2083740234375,0,-650918.7668383898,-638893.3284401357,-12025.004690921965,-10.001528677270283,
19036,3f3e,36,0,19,0.2083740234375,0,-650904.6612999924,-638893.3284401357,-12025.125383473101,318.0631505619225,
19037,3f3e,37,0,19,0.2083740234375,0,-650919.0269704045,-638893.3284401357,-12025.504765606585,-4.468319262162024,
19038,3f3e,38,0,19,0.2083740234375,0,-650917.0385635528,-638893.3284401357,-12025.3803740508,38.516894627909075,
19039,3f3e,39,0,19,0.2083740234375,0,-650915.647335607,-638893.3284401357,-12024.64943126506,53.743432143364515,
19040,3f3e,40,0,19,0.2083740234375,0,-650915.3588377275,-638893.3284401357,-12017.82914201087,-96.88325527182405,
19041,3f3e,41,0,19,0.2083740234375,0,-650917.8752901583,-638893.3284401357,-12024.79580978221,5.741148443766829,
19042,3f3e,42,0,19,0.2083740234375,0,-650922.0565748543,-638893.3284401357,-12025.007019437018,-85.81095693432896,
19043,3f3e,43,0,19,0.2083740234375,0,-650915.1384908588,-638893.3284401357,-12025.131701803866,76.59909362364726,
19044,3f3e,44,0,19,0.2083740234375,0,-650906.6516801454,-638893.3284401357,-12025.336089647475,277.0228936535183,
19045,3f3e,45,0,19,0.2083740234375,0,-650906.3828934311,-638893.3284401357,-12025.382511532966,284.29177664551213,
19046,3f3e,46,0,19,0.2083740234375,0,-650916.8402261469,-638893.3284401357,-12024.865014410678,31.20618823273727,
19047,3f3e,47,0,19,0.2083740234375,0,-650920.1028942497,-638893.3284401357,-12024.86221090621,-44.09737595763039,
19048,3f3e,48,0,19,0.2083740234375,0,-650913.2690813579,-638893.3284401357,-12023.961240685645,92.7172262351695,
19049,3f3e,49,0,19,0.2083740234375,0,-650917.8751272588,-638893.3284401357,-12025.335962689582,18.20112695163262,
19050,3f3e,50,0,19,0.2083740234375,0,-650894.8246562511,-638893.3284401357,-12025.457087672416,552.5508246032919,
19051,3f3e,51,0,19,0.2083740234375,0,-650908.7121618122,-638893.3284401357,-12018.295491553012,67.14700850816223,
19052,3f3e,52,0,19,0.2083740234375,0,-650918.8738630004,-638893.3284401357,-12025.452393210593,-2.14531478885844,
19053,3f3e,53,0,19,0.2083740234375,0,-650915.385548923,-638893.3284401357,-12025.463022924128,78.54224585806516,
19054,3f3e,54,0,19,0.2083740234375,0,-650917.1051159981,-638893.3284401357,-12025.337878859702,36.0021963931277,
19055,3f3e,55,0,19,0.2083740234375,0,-650917.0101200372,-638893.3284401357,-12025.487449801627,41.64204315180586,
19056,3f3e,56,0,19,0.2083740234375,0,-650915.527038265,-638893.3284401357,-12017.455751753512,-109.37263570272093,
19057,3f3e,57,0,19,0.2083740234375,0,-650914.6599612861,-638893.3284401357,-12025.44839093751,94.93727263755292,
19058,3f3e,58,0,19,0.2083740234375,0,-650918.0372885794,-638893.3284401357,-12019.40549892849,-122.29814515791463,
19059,3f3e,59,0,19,0.2083740234375,0,-650903.0599457653,-638893.3284401357,-12025.122655904952,354.92835709284634,
19060,3f3e,60,0,19,0.2083740234375,0,-650903.6970774423,-638893.3284401357,-12025.50802180833,349.1225004279013,
19061,3f3e,61,0,19,0.2083740234375,0,-650916.3593580454,-638893.3284401357,-12018.225639916123,-110.81234301017666,
19062,3f3e,62,0,19,0.2083740234375,0,-650902.9253140867,-638893.3284401357,-12025.338394976321,363.00809853046314,
19063,3f3e,63,0,19,0.2083740234375,0,-650914.0996344568,-638893.3284401357,-12017.827036536399,-67.89389141507102,
19064,3f3e,64,0,19,0.2083740234375,0,-650915.8692103364,-638893.3284401357,-12025.449724353019,67.08207636746862,
19065,3f3e,65,0,19,0.2083740234375,0,-650908.7042509197,-638893.3284401357,-12025.45542500085,232.44142576058036,
19066,3f3e,66,0,19,0.2083740234375,0,-650913.9013936997,-638893.3284401357,-12019.194448775712,-31.78907560502025,
19067,3f3e,67,0,19,0.2083740234375,0,-650915.9422902496,-638893.3284401357,-12024.599380291167,45.78741362118073,
19068,3f3e,68,0,19,0.2083740234375,0,-650910.2943237759,-638893.3284401357,-12024.873498118583,182.35392190430207,
19069,3f3e,69,0,19,0.2083740234375,0,-650914.4483612209,-638893.3284401357,-12024.876335538092,86.62497516274213,
19070,3f3e,70,0,19,0.2083740234375,0,-650895.7536295683,-638893.3284401357,-12017.455935812655,346.61724582782256,
19071,3f3e,71,0,19,0.2083740234375,0,-650906.9539410652,-638893.3284401357,-12024.795612371627,257.5888891835415,
19072,3f3e,72,0,19,0.2083740234375,0,-650915.397191707,-638893.3284401357,-12025.50431267089,79.22592106093248,
19073,3f3e,73,0,19,0.2083740234375,0,-650919.5226810612,-638893.3284401357,-12025.12244955367,-24.71609619417234,
19074,3f3e,74,0,19,0.2083740234375,0,-650917.8293637517,-638893.3284401357,-12025.289731181327,18.19033458944634,
19075,3f3e,75,0,19,0.2083740234375,0,-650915.1717733325,-638893.3284401357,-12025.449189937774,83.15303184497456,
19076,3f3e,76,0,19,0.2083740234375,0,-650916.2269706167,-638893.3284401357,-12025.336431360904,56.21932984654176,
19077,3f3e,77,0,19,0.2083740234375,0,-650914.0613780654,-638893.3284401357,-12025.377858198348,107.11440602488561,
19078,3f3e,78,0,19,0.2083740234375,0,-650917.0537679079,-638893.3284401357,-12024.572076714698,19.5264944888841,
19079,3f3e,79,0,19,0.2083740234375,0,-650907.6905061187,-638893.3284401357,-12024.4678835637,233.04568968714258,
19080,3f3e,80,0,19,0.2083740234375,0,-650904.2336605527,-638893.3284401357,-12024.704819477263,318.2263141735681,
19081,3f3e,81,0,19,0.2083740234375,0,-650916.4687974929,-638893.3284401357,-12024.526557422343,31.9665329046477,
19082,3f3e,82,0,19,0.2083740234375,0,-650917.1301481754,-638893.3284401357,-12024.638232327166,19.290708342334582,
19083,3f3e,83,0,19,0.2083740234375,0,-650901.9945696475,-638893.3284401357,-12024.623248553935,367.9799069104704,
19084,3f3e,84,0,19,0.2083740234375,0,-650916.1214699484,-638893.3284401357,-12024.710610366526,44.22045807950329,
19085,3f3e,85,0,19,0.2083740234375,0,-650918.8846091657,-638893.3284401357,-12024.606587923232,-21.89786053222469,
19086,3f3e,86,0,19,0.2083740234375,0,-650917.3625041128,-638893.3284401357,-12024.849914348784,18.813956519477856,
19087,3f3e,87,0,19,0.2083740234375,0,-650916.2969441743,-638893.3284401357,-12024.353063142958,31.928691449470147,
19088,3f3e,88,0,19,0.2083740234375,0,-650916.6911433972,-638893.3284401357,-12025.428422308627,47.63661288979188,
19089,3f3e,89,0,19,0.2083740234375,0,-650916.4002534933,-638893.3284401357,-12025.457566238108,55.01676841197181,
19090,3f3e,90,0,19,0.2083740234375,0,-650919.871643129,-638893.3284401357,-12024.657487607661,-43.48562984646517,
19091,3f3e,91,0,19,0.2083740234375,0,-650917.5874408961,-638893.3284401357,-12025.458928979102,27.671002080993304,
19092,3f3e,92,0,19,0.2083740234375,0,-650918.179150749,-638893.3284401357,-12025.495628870192,14.872168309818045,
19093,3f3e,93,0,19,0.2083740234375,0,-650917.0073722487,-638893.3284401357,-12025.045978403748,31.524836374685258,
19094,3f3e,94,0,19,0.2083740234375,0,-650917.5716014535,-638893.3284401357,-12025.401173031989,26.70438452402574,
19095,3f3e,95,0,19,0.2083740234375,0,-650919.9355520785,-638893.3284401357,-12025.475918687049,-26.085936180800136,
19096,3f3e,96,0,19,0.2083740234375,0,-650901.5685108639,-638893.3284401357,-12025.55060801572,399.1904730917243,
19097,3f3e,97,0,19,0.2083740234375,0,-650892.0515498103,-638893.3284401357,-12025.257328427497,611.8936206983609,
19098,3f3e,98,0,19,0.2083740234375,0,-650911.1558716476,-638893.3284401357,-12025.149342811766,168.8472857409948,
19099,3f3e,99,0,19,0.2083740234375,0,-650915.5879298927,-638893.3284401357,-12025.031832969848,63.931753262558274,
19100,3f3e,100,0,19,0.2083740234375,0,-650919.434261296,-638893.3284401357,-12025.45718178815,-14.957979265149962,
20001,3f3c,1,0,20,0.2083740234375,0,-656698.5334324493,-638893.3284401357,-17807.768111555226,59.10693386625335,
20002,3f3c,2,0,20,0.2083740234375,0,-656698.1776933918,-638893.3284401357,-17807.707100240834,65.90351708388901,
20003,3f3c,3,0,20,0.2083740234375,0,-656698.1945983717,-638893.3284401357,-17807.584224788792,62.68010374629461,
20004,3f3c,4,0,20,0.2083740234375,0,-656702.112964581,-638893.3284401357,-17807.767432419903,-23.45469929992939,
20005,3f3c,5,0,20,0.2083740234375,0,-656697.8341667607,-638893.3284401357,-17807.90685841287,78.4319622728838,
20006,3f3c,6,0,20,0.2083740234375,0,-656699.1454544613,-638893.3284401357,-17807.8538202926,46.96986142268613,
20007,3f3c,7,0,20,0.2083740234375,0,-656699.4016182075,-638893.3284401357,-17807.853681532986,41.05938523015546,
20008,3f3c,8,0,20,0.2083740234375,0,-656697.7090410845,-638893.3284401357,-17807.899868337758,81.15623395137986,
20009,3f3c,9,0,20,0.2083740234375,0,-656699.1561607673,-638893.3284401357,-17806.45459768021,14.456128163124001,
20010,3f3c,10,0,20,0.2083740234375,0,-656699.5927200863,-638893.3284401357,-17807.999481765873,40.01470445590076,
20011,3f3c,11,0,20,0.2083740234375,0,-656698.1732947776,-638893.3284401357,-17808.101842491276,75.10792408339803,
20012,3f3c,12,0,20,0.2083740234375,0,-656697.1649436459,-638893.3284401357,-17806.99219152177,72.77189432826097,
20013,3f3c,13,0,20,0.2083740234375,0,-656697.1127747096,-638893.3284401357,-17805.237419097066,33.50892514852001,
20014,3f3c,14,0,20,0.2083740234375,0,-656695.9224576453,-638893.3284401357,-17800.83210173095,-40.63074308717125,
20015,3f3c,15,0,20,0.2083740234375,0,-656699.6956328402,-638893.3284401357,-17807.790307609685,32.81780934031927,
20016,3f3c,16,0,20,0.2083740234375,0,-656701.0753023282,-638893.3284401357,-17807.901511160977,3.5662899340158494,
20017,3f3c,17,0,20,0.2083740234375,0,-656697.446427296,-638893.3284401357,-17806.44447275842,53.65003241180445,
20018,3f3c,18,0,20,0.2083740234375,0,-656697.0608764539,-638893.3284401357,-17800.06943902219,-84.4707243476673,
20019,3f3c,19,0,20,0.2083740234375,0,-656668.0270919601,-638893.3284401357,-17805.901867596753,719.5632497879412,
20020,3f3c,20,0,20,0.2083740234375,0,-656697.4340210066,-638893.3284401357,-17806.33642300809,51.44444180779517,
20021,3f3c,21,0,20,0.2083740234375,0,-656695.1414500725,-638893.3284401357,-17802.387527553678,13.248690982887318,
20022,3f3c,22,0,20,0.2083740234375,0,-656697.473332713,-638893.3284401357,-17807.883777587063,86.22073660049263,
20023,3f3c,23,0,20,0.2083740234375,0,-656697.5045480529,-638893.3284401357,-17802.38356515611,-41.337018080878195,
20024,3f3c,24,0,20,0.2083740234375,0,-656695.0763992325,-638893.3284401357,-17804.419775156624,61.61354204220529,
20025,3f3c,25,0,20,0.2083740234375,0,-656698.4190383657,-638893.3284401357,-17806.98899718964,43.77812000999718,
20026,3f3c,26,0,20,0.2083740234375,0,-656700.3003139893,-638893.3284401357,-17808.05601569856,25.000904871126338,
20027,3f3c,27,0,20,0.2083740234375,0,-656699.5583077321,-638893.3284401357,-17807.544821469433,30.323556683865284,
20028,3f3c,28,0,20,0.2083740234375,0,-656684.6392307237,-638893.3284401357,-17807.838511078007,381.1382888901878,
20029,3f3c,29,0,20,0.2083740234375,0,-656674.2856378659,-638893.3284401357,-17808.059545127995,624.9949784889833,
20030,3f3c,30,0,20,0.2083740234375,0,-656684.7163664052,-638893.3284401357,-17803.74695512498,285.00597606055175,
20031,3f3c,31,0,20,0.2083740234375,0,-656695.8706491241,-638893.3284401357,-17806.991694180615,102.60756609549853,
20032,3f3c,32,0,20,0.2083740234375,0,-656696.9530431436,-638893.3284401357,-17800.821129111893,-64.64964387121884,
20033,3f3c,33,0,20,0.2083740234375,0,-656702.7636822417,-638893.3284401357,-17802.60811459863,-157.4373004287968,
20034,3f3c,34,0,20,0.2083740234375,0,-656693.4717059085,-638893.3284401357,-17807.63141390527,172.68079817058006,
20035,3f3c,35,0,20,0.2083740234375,0,-656697.934504191,-638893.3284401357,-17801.109825520165,-80.62517596783589,
20036,3f3c,36,0,20,0.2083740234375,0,-656703.0000735477,-638893.3284401357,-17808.140378205426,-35.311583932405966,
20037,3f3c,37,0,20,0.2083740234375,0,-656700.2327305776,-638893.3284401357,-17808.171353189588,29.219161097690314,
20038,3f3c,38,0,20,0.2083740234375,0,-656695.7756226311,-638893.3284401357,-17807.025246708043,105.57266874775715,
20039,3f3c,39,0,20,0.2083740234375,0,-656697.3121422479,-638893.3284401357,-17807.852471439488,89.21594011704718,
20040,3f3c,40,0,20,0.2083740234375,0,-656689.4690828577,-638893.3284401357,-17806.95690819467,249.42900728066053,
20041,3f3c,41,0,20,0.2083740234375,0,-656699.1825327977,-638893.3284401357,-17806.769942848332,21.120007027824258,
20042,3f3c,42,0,20,0.2083740234375,0,-656697.5310816864,-638893.3284401357,-17807.839214770444,83.86137067380417,
20043,3f3c,43,0,20,0.2083740234375,0,-656684.7347662249,-638893.3284401357,-17807.393727628834,368.6782378927232,
20044,3f3c,44,0,20,0.2083740234375,0,-656697.0399206833,-638893.3284401357,-17800.055678634293,-84.30479488010309,
20045,3f3c,45,0,20,0.2083740234375,0,-656698.961695785,-638893.3284401357,-17808.099430410504,56.87134103807846,
20046,3f3c,46,0,20,0.2083740234375,0,-656698.958584393,-638893.3284401357,-17805.18337628091,-10.302714289427646,
20047,3f3c,47,0,20,0.2083740234375,0,-656688.3722212116,-638893.3284401357,-17807.79608711446,294.07516335385196,
20048,3f3c,48,0,20,0.2083740234375,0,-656683.8114100652,-638893.3284401357,-17808.139756290562,407.17516641512293,
20049,3f3c,49,0,20,0.2083740234375,0,-656699.3126167163,-638893.3284401357,-17803.74953266824,-51.53211282448436,
20050,3f3c,50,0,20,0.2083740234375,0,-656702.5434762189,-638893.3284401357,-17808.140353290684,-24.782773940604475,
20051,3f3c,51,0,20,0.2083740234375,0,-656701.0366753736,-638893.3284401357,-17807.858371345646,3.462220894623627,
20052,3f3c,52,0,20,0.2083740234375,0,-656697.578662719,-638893.3284401357,-17808.05701884473,87.78680726811783,
20053,3f3c,53,0,20,0.2083740234375,0,-656697.4685505285,-638893.3284401357,-17806.339031903393,50.70833467030832,
20054,3f3c,54,0,20,0.2083740234375,0,-656698.432306538,-638893.3284401357,-17805.75689717973,15.059247477961003,
20055,3f3c,55,0,20,0.2083740234375,0,-656695.2184941272,-638893.3284401357,-17806.373477904446,103.390211590332,
20056,3f3c,56,0,20,0.2083740234375,0,-656698.5644325719,-638893.3284401357,-17805.985213606007,17.277450622492676,
20057,3f3c,57,0,20,0.2083740234375,0,-656702.3211498213,-638893.3284401357,-17807.66601142133,-30.59438877959692,
20058,3f3c,58,0,20,0.2083740234375,0,-656698.1843371639,-638893.3284401357,-17807.789879767544,67.6592492941228,
20059,3f3c,59,0,20,0.2083740234375,0,-656684.1995299854,-638893.3284401357,-17808.06752487863,396.5592124998694,
20060,3f3c,60,0,20,0.2083740234375,0,-656696.5094642744,-638893.3284401357,-17805.755617587216,59.37153536391722,
20061,3f3c,61,0,20,0.2083740234375,0,-656699.473426531,-638893.3284401357,-17806.989039628148,19.464329948638394,
20062,3f3c,62,0,20,0.2083740234375,0,-656698.5163760433,-638893.3284401357,-17805.750062553532,12.962948404773,
20063,3f3c,63,0,20,0.2083740234375,0,-656697.1063592234,-638893.3284401357,-17807.825435130246,93.3379372948913,
20064,3f3c,64,0,20,0.2083740234375,0,-656697.9646106169,-638893.3284401357,-17806.992503373272,54.33832736214708,
20065,3f3c,65,0,20,0.2083740234375,0,-656703.0720779103,-638893.3284401357,-17807.997756449826,-40.26097979666155,
20066,3f3c,66,0,20,0.2083740234375,0,-656695.8819426844,-638893.3284401357,-17805.98162755216,79.05444061117072,
20067,3f3c,67,0,20,0.2083740234375,0,-656689.4875522503,-638893.3284401357,-17805.217337696202,208.88764428562703,
20068,3f3c,68,0,20,0.2083740234375,0,-656694.1336124644,-638893.3284401357,-17805.61304387296,110.8721517093927,
20069,3f3c,69,0,20,0.2083740234375,0,-656684.983074705,-638893.3284401357,-17807.444760648847,364.12895770875144,
20070,3f3c,70,0,20,0.2083740234375,0,-656691.3613437512,-638893.3284401357,-17808.05449542249,231.10339720398625,
20071,3f3c,71,0,20,0.2083740234375,0,-656687.9147960047,-638893.3284401357,-17807.586138455517,299.78210812495854,
20072,3f3c,72,0,20,0.2083740234375,0,-656675.0315832004,-638893.3284401357,-17805.752827613003,554.5989008363506,
20073,3f3c,73,0,20,0.2083740234375,0,-656699.8977404338,-638893.3284401357,-17801.110795406938,-125.8761131266281,
20074,3f3c,74,0,20,0.2083740234375,0,-656699.7793505738,-638893.3284401357,-17801.093785612233,-123.53823328116171,
20075,3f3c,75,0,20,0.2083740234375,0,-656695.4437429259,-638893.3284401357,-17807.60104295457,126.50417344708232,
20076,3f3c,76,0,20,0.2083740234375,0,-656691.2862532393,-638893.3284401357,-17806.768126337178,203.17064972642066,
20077,3f3c,77,0,20,0.2083740234375,0,-656692.9424305513,-638893.3284401357,-17801.098858801968,34.241878446336266,
20078,3f3c,78,0,20,0.2083740234375,0,-656702.3263847331,-638893.3284401357,-17805.6070720836,-78.1953777917407,
20079,3f3c,79,0,20,0.2083740234375,0,-656699.2151835809,-638893.3284401357,-17806.954497186787,24.622986229603917,
20080,3f3c,80,0,20,0.2083740234375,0,-656696.2575325773,-638893.3284401357,-17800.831316320546,-48.375866576789214,
20081,3f3c,81,0,20,0.2083740234375,0,-656697.5419176175,-638893.3284401357,-17806.535310833096,53.54274905102794,
20082,3f3c,82,0,20,0.2083740234375,0,-656688.6059263895,-638893.3284401357,-17802.385682134278,163.9188910920313,
20083,3f3c,83,0,20,0.2083740234375,0,-656697.751270915,-638893.3284401357,-17807.800670830853,77.89484207213748,
20084,3f3c,84,0,20,0.2083740234375,0,-656691.7011428282,-638893.3284401357,-17806.606542436726,189.87685525094224,
20085,3f3c,85,0,20,0.2083740234375,0,-656693.473880167,-638893.3284401357,-17806.79299208367,153.2961920599766,
20086,3f3c,86,0,20,0.2083740234375,0,-656698.970144237,-638893.3284401357,-17806.777038066037,26.18142319642478,
20087,3f3c,87,0,20,0.2083740234375,0,-656699.463248516,-638893.3284401357,-17806.621432273037,11.221813554613798,
20088,3f3c,88,0,20,0.2083740234375,0,-656689.5404560227,-638893.3284401357,-17806.71969076837,242.31273918983703,
20089,3f3c,89,0,20,0.2083740234375,0,-656697.6304928017,-638893.3284401357,-17806.552429525495,51.89492320604109,
20090,3f3c,90,0,20,0.2083740234375,0,-656693.5257959614,-638893.3284401357,-17806.785410015233,151.92413874873083,
20091,3f3c,91,0,20,0.2083740234375,0,-656683.3445025482,-638893.3284401357,-17806.640675394185,383.37268282903693,
20092,3f3c,92,0,20,0.2083740234375,0,-656700.7734246658,-638893.3284401357,-17806.487760870106,-22.074101995856093,
20093,3f3c,93,0,20,0.2083740234375,0,-656695.1732431602,-638893.3284401357,-17806.439335910916,105.95244538542354,
20094,3f3c,94,0,20,0.2083740234375,0,-656682.6813526998,-638893.3284401357,-17806.760409562237,401.4264171377455,
20095,3f3c,95,0,20,0.2083740234375,0,-656698.2167347767,-638893.3284401357,-17806.921283928998,46.88184671396837,
20096,3f3c,96,0,20,0.2083740234375,0,-656690.4906578765,-638893.3284401357,-17806.471840588696,214.6850029692905,
20097,3f3c,97,0,20,0.2083740234375,0,-656691.3428647473,-638893.3284401357,-17806.644602148175,199.0166218693525,
20098,3f3c,98,0,20,0.2083740234375,0,-656682.6659064839,-638893.3284401357,-17806.72303971494,400.9208461865407,
20099,3f3c,99,0,20,0.2083740234375,0,-656691.6867306477,-638893.3284401357,-17807.69075795854,215.2118119286362,
20100,3f3c,100,0,20,0.2083740234375,0,-656697.9586700308,-638893.3284401357,-17807.85640105451,74.39727433085811,
