mol_id,ligand_pdb,pose_index,label,ligunity_rank,ligunity_score,formal_charge,aimnet_complex_eV,aimnet_pocket_eV,aimnet_ligand_eV,aimnet_interaction_kcal_mol,error
1001,3jya,1,1,1,0.72314453125,0,-635713.3557763894,-584354.2218407614,-51359.03390695994,-2.3067158840018,
1002,3jya,2,1,1,0.72314453125,0,-635713.9267980075,-584354.2218407614,-51359.11494913047,-13.605910370574236,
1003,3jya,3,1,1,0.72314453125,0,-635714.8287489911,-584354.2218407614,-51359.11525961106,-34.398234317994294,
1004,3jya,4,1,1,0.72314453125,0,-635714.5882571104,-584354.2218407614,-51359.109998785905,-28.973677310724096,
1005,3jya,5,1,1,0.72314453125,0,-635714.2215407689,-584354.2218407614,-51359.11096363609,-20.49474760152767,
1006,3jya,6,1,1,0.72314453125,0,-635714.2643026328,-584354.2218407614,-51359.115591102294,-21.37414770381912,
1007,3jya,7,1,1,0.72314453125,0,-635713.0037510892,-584354.2218407614,-51359.11242624467,7.621878108679073,
1008,3jya,8,1,1,0.72314453125,0,-635713.8657689308,-584354.2218407614,-51359.11245124882,-12.256148947731281,
1009,3jya,9,1,1,0.72314453125,0,-635716.232702126,-584354.2218407614,-51359.113696389846,-66.81021147486392,
1010,3jya,10,1,1,0.72314453125,0,-635714.3026935374,-584354.2218407614,-51359.113448076896,-22.30888233680561,
1011,3jya,11,1,1,0.72314453125,0,-635713.95772325,-584354.2218407614,-51359.11296408718,-14.364839591925367,
1012,3jya,12,1,1,0.72314453125,0,-635713.4659596744,-584354.2218407614,-51359.11292599981,-3.02538045137161,
1013,3jya,13,1,1,0.72314453125,0,-635713.711911415,-584354.2218407614,-51359.11376132911,-8.67789917690205,
1014,3jya,14,1,1,0.72314453125,0,-635714.6143485522,-584354.2218407614,-51359.113624894075,-29.491740210170022,
1015,3jya,15,1,1,0.72314453125,0,-635706.7989449104,-584354.2218407614,-51359.115415685825,150.77704592557984,
1016,3jya,16,1,1,0.72314453125,0,-635713.3006744894,-584354.2218407614,-51359.11117752736,0.7458657326104077,
1017,3jya,17,1,1,0.72314453125,0,-635713.8856817682,-584354.2218407614,-51359.11176734512,-12.731121081405643,
1018,3jya,18,1,1,0.72314453125,0,-635713.813110373,-584354.2218407614,-51359.1124895448,-11.040930631082617,
1019,3jya,19,1,1,0.72314453125,0,-635713.9019498726,-584354.2218407614,-51359.11408834999,-13.052748837991961,
1020,3jya,20,1,1,0.72314453125,0,-635714.5250518831,-584354.2218407614,-51359.11428134983,-27.417371871536197,
1021,3jya,21,1,1,0.72314453125,0,-635713.3418728907,-584354.2218407614,-51359.10956617539,-0.24135063166136908,
1022,3jya,22,1,1,0.72314453125,0,-635713.9582674718,-584354.2218407614,-51359.11319773739,-14.372001541201884,
1023,3jya,23,1,1,0.72314453125,0,-635713.7879721125,-584354.2218407614,-51359.115229749135,-10.398037960540476,
1024,3jya,24,1,1,0.72314453125,0,-635713.0916594627,-584354.2218407614,-51359.11314158981,5.611159109004378,
1025,3jya,25,1,1,0.72314453125,0,-635714.3573814828,-584354.2218407614,-51359.112342649154,-23.595508086894167,
1026,3jya,26,1,1,0.72314453125,0,-635714.167442075,-584354.2218407614,-51359.11494093483,-19.155483395826366,
1027,3jya,27,1,1,0.72314453125,0,-635714.4461200734,-584354.2218407614,-51359.112628960065,-25.635266113277424,
1028,3jya,28,1,1,0.72314453125,0,-635712.3459652873,-584354.2218407614,-51359.11486109441,22.84692802492073,
1029,3jya,29,1,1,0.72314453125,0,-635712.7711780567,-584354.2218407614,-51359.11134135073,12.960121400017316,
1030,3jya,30,1,1,0.72314453125,0,-635714.2477715826,-584354.2218407614,-51359.112839036636,-21.056396771623476,
1031,3jya,31,1,1,0.72314453125,0,-635713.5654649189,-584354.2218407614,-51359.111843847684,-5.3449809202835645,
1032,3jya,32,1,1,0.72314453125,0,-635714.0205705677,-584354.2218407614,-51359.11223366206,-15.830977170300713,
1033,3jya,33,1,1,0.72314453125,0,-635713.1971344252,-584354.2218407614,-51359.11352344697,3.1876545264840073,
1034,3jya,34,1,1,0.72314453125,0,-635713.2753593838,-584354.2218407614,-51359.11025732105,1.308425473760167,
1035,3jya,35,1,1,0.72314453125,0,-635714.5719746252,-584354.2218407614,-51359.11155926531,-28.5622087716999,
1036,3jya,36,1,1,0.72314453125,0,-635714.3485513242,-584354.2218407614,-51359.1148648495,-23.333716469922315,
1037,3jya,37,1,1,0.72314453125,0,-635711.8915183146,-584354.2218407614,-51359.116440766506,33.36315227925718,
1038,3jya,38,1,1,0.72314453125,0,-635693.6984095788,-584354.2218407614,-51359.112244748525,452.80944399638344,
1039,3jya,39,1,1,0.72314453125,0,-635714.5061528286,-584354.2218407614,-51359.11628904288,-26.935250819639045,
1040,3jya,40,1,1,0.72314453125,0,-635712.8092774065,-584354.2218407614,-51359.11268776005,12.112578457590212,
1041,3jya,41,1,1,0.72314453125,0,-635713.4833087076,-584354.2218407614,-51359.11309572404,-3.421544726529494,
1042,3jya,42,1,1,0.72314453125,0,-635713.2992807841,-584354.2218407614,-51359.11049380248,0.7622382690529271,
1043,3jya,43,1,1,0.72314453125,0,-635713.698052754,-584354.2218407614,-51359.11329632347,-8.369034148161909,
1044,3jya,44,1,1,0.72314453125,0,-635712.8849477383,-584354.2218407614,-51359.11106070226,10.330058309675278,
1045,3jya,45,1,1,0.72314453125,0,-635714.4049145777,-584354.2218407614,-51359.11446126645,-24.642790819485903,
1046,3jya,46,1,1,0.72314453125,0,-635713.1704515731,-584354.2218407614,-51359.11514239853,3.8403096227398894,
1047,3jya,47,1,1,0.72314453125,0,-635696.4575786641,-584354.2218407614,-51359.11240535324,389.18519696476545,
1048,3jya,48,1,1,0.72314453125,0,-635696.2433978232,-584354.2218407614,-51359.11244707649,394.12528665126376,
1049,3jya,49,1,1,0.72314453125,0,-635714.1604764063,-584354.2218407614,-51359.11106073206,-19.08433086257605,
1050,3jya,50,1,1,0.72314453125,0,-635711.3476621425,-584354.2218407614,-51359.11426880305,45.85468688239727,
1051,3jya,51,1,1,0.72314453125,0,-635706.5519040724,-584354.2218407614,-51359.11577137654,156.48214540927626,
1052,3jya,52,1,1,0.72314453125,0,-635713.9527682873,-584354.2218407614,-51359.11389505213,-14.229106874554477,
1053,3jya,53,1,1,0.72314453125,0,-635713.4073477585,-584354.2218407614,-51359.11140402501,-1.7088551337465803,
1054,3jya,54,1,1,0.72314453125,0,-635708.9633758282,-584354.2218407614,-51358.323180072955,82.59469597536622,
1055,3jya,55,1,1,0.72314453125,0,-635711.2415272197,-584354.2218407614,-51358.333414458684,30.295287389674638,
1056,3jya,56,1,1,0.72314453125,0,-635713.4304732297,-584354.2218407614,-51358.31995012706,-20.493501637889437,
1057,3jya,57,1,1,0.72314453125,0,-635703.1455455322,-584354.2218407614,-51358.328029000215,216.86886870570288,
1058,3jya,58,1,1,0.72314453125,0,-635712.2366186893,-584354.2218407614,-51358.323946439676,7.12959525370135,
1059,3jya,59,1,1,0.72314453125,0,-635706.5823240628,-584354.2218407614,-51358.32624479478,137.57372826286206,
1060,3jya,60,1,1,0.72314453125,0,-635716.1681617709,-584354.2218407614,-51358.31570913737,-83.72389873257883,
1061,3jya,61,1,1,0.72314453125,0,-635711.8952397157,-584354.2218407614,-51358.326243215255,15.054946305050823,
1062,3jya,62,1,1,0.72314453125,0,-635704.4082651949,-584354.2218407614,-51358.30410324877,187.19812059338247,
1063,3jya,63,1,1,0.72314453125,0,-635703.4036904474,-584354.2218407614,-51358.32206203883,210.7783041426384,
1064,3jya,64,1,1,0.72314453125,0,-635716.9022102269,-584354.2218407614,-51358.323119365625,-100.48057433803828,
1065,3jya,65,1,1,0.72314453125,0,-635698.3624897201,-584354.2218407614,-51358.32872917598,327.18490247427997,
1066,3jya,66,1,1,0.72314453125,0,-635704.405775032,-584354.2218407614,-51358.316619896344,187.54418586301267,
1067,3jya,67,1,1,0.72314453125,0,-635716.193804135,-584354.2218407614,-51358.32481118386,-84.10532751688187,
1068,3jya,68,1,1,0.72314453125,0,-635710.8266530546,-584354.2218407614,-51358.31086158102,39.34243120322839,
1069,3jya,69,1,1,0.72314453125,0,-635675.6837994058,-584354.2218407614,-51358.31473212784,849.8451456047173,
1070,3jya,70,1,1,0.72314453125,0,-635700.0721221484,-584354.2218407614,-51358.32757898515,287.7333180592682,
1071,3jya,71,1,1,0.72314453125,0,-635703.4169147512,-584354.2218407614,-51358.327786588125,210.6053556969137,
1072,3jya,72,1,1,0.72314453125,0,-635705.5844557496,-584354.2218407614,-51358.32778959816,160.6207422408157,
1073,3jya,73,1,1,0.72314453125,0,-635688.4600475926,-584354.2218407614,-51358.355721169166,556.1630929446263,
1074,3jya,74,1,1,0.72314453125,0,-635708.3825990176,-584354.2218407614,-51358.32469990199,96.02277548633546,
1075,3jya,75,1,1,0.72314453125,0,-635710.9348498186,-584354.2218407614,-51358.30999546593,36.827381462886954,
1076,3jya,76,1,1,0.72314453125,0,-635704.4559660467,-584354.2218407614,-51358.3485802347,187.12377648017153,
1077,3jya,77,1,1,0.72314453125,0,-635699.4189543326,-584354.2218407614,-51358.326818757705,302.77819445479844,
1078,3jya,78,1,1,0.72314453125,0,-635680.1300946092,-584354.2218407614,-51358.32828503197,747.6236797913814,
1079,3jya,79,1,1,0.72314453125,0,-635714.4765505394,-584354.2218407614,-51358.32814221924,-44.42770333785818,
1080,3jya,80,1,1,0.72314453125,0,-635684.1290245268,-584354.2218407614,-51358.32800855582,655.3997894643846,
1081,3jya,81,1,1,0.72314453125,0,-635689.4290200074,-584354.2218407614,-51358.32264798229,533.0553724203212,
1082,3jya,82,1,1,0.72314453125,0,-635714.0490818238,-584354.2218407614,-51358.284421973876,-35.57825338534209,
1083,3jya,83,1,1,0.72314453125,0,-635708.2118703624,-584354.2218407614,-51358.320868127994,99.87150899771565,
1084,3jya,84,1,1,0.72314453125,0,-635713.552060387,-584354.2218407614,-51358.32595735138,-23.158838209437288,
1085,3jya,85,1,1,0.72314453125,0,-635701.0212662716,-584354.2218407614,-51358.32609274333,265.81126105665584,
1086,3jya,86,1,1,0.72314453125,0,-635702.1587650841,-584354.2218407614,-51358.319700234584,239.43250052965558,
1087,3jya,87,1,1,0.72314453125,0,-635711.9536960026,-584354.2218407614,-51358.32399215644,13.655001655374587,
1088,3jya,88,1,1,0.72314453125,0,-635715.5731907104,-584354.2218407614,-51358.32023104375,-69.89926249535571,
1089,3jya,89,1,1,0.72314453125,0,-635711.600292464,-584354.2218407614,-51358.32222529595,21.763936089626704,
1090,3jya,90,1,1,0.72314453125,0,-635702.1118147736,-584354.2218407614,-51358.329332792215,240.73733246585107,
1091,3jya,91,1,1,0.72314453125,0,-635708.4014175435,-584354.2218407614,-51358.326444947175,95.6290516665972,
1092,3jya,92,1,1,0.72314453125,0,-635715.7396519099,-584354.2218407614,-51358.317782931976,-73.79440374750072,
1093,3jya,93,1,1,0.72314453125,0,-635721.2294900625,-584354.2218407614,-51358.323678367786,-200.25712706706656,
1094,3jya,94,1,1,0.72314453125,0,-635713.6501821196,-584354.2218407614,-51358.333303206615,-25.252179671019505,
1095,3jya,95,1,1,0.72314453125,0,-635696.5779567859,-584354.2218407614,-51358.32448323909,368.23929592796026,
1096,3jya,96,1,1,0.72314453125,0,-635680.733243904,-584354.2218407614,-51358.33552139347,733.8816010916728,
1097,3jya,97,1,1,0.72314453125,0,-635710.380094012,-584354.2218407614,-51358.322107248954,49.899658626515794,
1098,3jya,98,1,1,0.72314453125,0,-635676.4414856945,-584354.2218407614,-51358.32460057085,832.6000564061495,
1099,3jya,99,1,1,0.72314453125,0,-635714.501669159,-584354.2218407614,-51358.32483705228,-45.083171428943345,
1100,3jya,100,1,1,0.72314453125,0,-635715.343123934,-584354.2218407614,-51359.033975237064,-48.134464485351714,
2001,3bgz,1,1,2,0.72314453125,-1,-611942.0456375211,-584354.2218407614,-27611.096630593805,536.6842977852345,
2002,3bgz,2,1,2,0.72314453125,-1,-611964.1335350609,-584354.2218407614,-27611.099930441058,27.401376375404862,
2003,3bgz,3,1,2,0.72314453125,-1,-611943.408657509,-584354.2218407614,-27611.097821077383,505.2797633627139,
2004,3bgz,4,1,2,0.72314453125,-1,-611964.2491272273,-584354.2218407614,-27611.095203524506,24.62675240732143,
2005,3bgz,5,1,2,0.72314453125,-1,-611966.3280033796,-584354.2218407614,-27611.096901347904,-23.274117798711355,
2006,3bgz,6,1,2,0.72314453125,-1,-611955.2869954889,-584354.2218407614,-27611.097921675122,231.3611020679765,
2007,3bgz,7,1,2,0.72314453125,-1,-611964.8822119861,-584354.2218407614,-27611.099294444597,10.121809905363081,
2008,3bgz,8,1,2,0.72314453125,-1,-611964.0290086451,-584354.2218407614,-27611.094652181542,29.690093230878965,
2009,3bgz,9,1,2,0.72314453125,-1,-611956.2947745352,-584354.2218407614,-27611.097802331715,208.11841304347328,
2010,3bgz,10,1,2,0.72314453125,-1,-611960.5416527723,-584354.2218407614,-27611.095112105882,110.12103624420254,
2011,3bgz,11,1,2,0.72314453125,-1,-611966.2285631333,-584354.2218407614,-27611.095964586413,-21.002573474531346,
2012,3bgz,12,1,2,0.72314453125,-1,-611967.8754108581,-584354.2218407614,-27611.10123721329,-58.85819453769866,
2013,3bgz,13,1,2,0.72314453125,-1,-611967.6867711573,-584354.2218407614,-27611.099454259544,-54.5491755856726,
2014,3bgz,14,1,2,0.72314453125,-1,-611965.7495097703,-584354.2218407614,-27611.097176393545,-9.92739554799215,
2015,3bgz,15,1,2,0.72314453125,-1,-611957.3306952148,-584354.2218407614,-27611.098300924576,184.2410124880544,
2016,3bgz,16,1,2,0.72314453125,-1,-611946.4847636255,-584354.2218407614,-27611.098795225895,434.36553552888427,
2017,3bgz,17,1,2,0.72314453125,-1,-611959.1882152885,-584354.2218407614,-27611.097181072502,141.3797575809614,
2018,3bgz,18,1,2,0.72314453125,-1,-611953.5229194348,-584354.2218407614,-27611.100151365674,272.0930801759283,
2019,3bgz,19,1,2,0.72314453125,-1,-611963.749107856,-584354.2218407614,-27611.096563151157,36.1888267729817,
2020,3bgz,20,1,2,0.72314453125,-1,-611969.2035104069,-584354.2218407614,-27611.09754759637,-89.56998229443644,
2021,3bgz,21,1,2,0.72314453125,-1,-611964.0477970272,-584354.2218407614,-27611.0950546768,29.266104608826375,
2022,3bgz,22,1,2,0.72314453125,-1,-611964.9738842583,-584354.2218407614,-27611.09661672083,7.9460473108480265,
2023,3bgz,23,1,2,0.72314453125,-1,-611964.1043955415,-584354.2218407614,-27611.100042959726,28.075944399255842,
2024,3bgz,24,1,2,0.72314453125,-1,-611965.3373107049,-584354.2218407614,-27611.099856501496,-0.360054526112776,
2025,3bgz,25,1,2,0.72314453125,-1,-611966.1711795061,-584354.2218407614,-27611.098099162846,-19.630051093674286,
2026,3bgz,26,1,2,0.72314453125,-1,-611965.9487867688,-584354.2218407614,-27611.09517033962,-14.569093006444998,
2027,3bgz,27,1,2,0.72314453125,-1,-611963.8589818507,-584354.2218407614,-27611.096591612375,33.655728593693794,
2028,3bgz,28,1,2,0.72314453125,-1,-611966.1875297758,-584354.2218407614,-27611.096972843683,-20.033070806295225,
2029,3bgz,29,1,2,0.72314453125,-1,-611965.4521011143,-584354.2218407614,-27611.096394499808,-3.087019909356147,
2030,3bgz,30,1,2,0.72314453125,-1,-611961.997343812,-584354.2218407614,-27611.099023660696,76.6422059939559,
2031,3bgz,31,1,2,0.72314453125,-1,-611963.4474805623,-584354.2218407614,-27609.937409600294,16.413801503535776,
2032,3bgz,32,1,2,0.72314453125,-1,-611968.7521747979,-584354.2218407614,-27611.098197883046,-79.1469399294104,
2033,3bgz,33,1,2,0.72314453125,-1,-611965.4307449042,-584354.2218407614,-27611.097459321885,-2.569978624119358,
2034,3bgz,34,1,2,0.72314453125,-1,-611964.9746562279,-584354.2218407614,-27611.09418991772,7.872281860718999,
2035,3bgz,35,1,2,0.72314453125,-1,-611962.4152880638,-584354.2218407614,-27611.097902720845,66.97833309791777,
2036,3bgz,36,1,2,0.72314453125,-1,-611964.3881283286,-584354.2218407614,-27611.092799326456,21.365868739174363,
2037,3bgz,37,1,2,0.72314453125,-1,-611963.4219166372,-584354.2218407614,-27611.09901138213,43.79049306983976,
2038,3bgz,38,1,2,0.72314453125,-1,-611967.8813389575,-584354.2218407614,-27611.097719734586,-59.076014743093424,
2039,3bgz,39,1,2,0.72314453125,-1,-611966.1641436248,-584354.2218407614,-27611.096909632957,-19.495231027755413,
2040,3bgz,40,1,2,0.72314453125,-1,-611967.2935508522,-584354.2218407614,-27611.097973978198,-45.51543603086764,
2041,3bgz,41,1,2,0.72314453125,-1,-611962.4012330506,-584354.2218407614,-27611.095904162197,67.2563615445789,
2042,3bgz,42,1,2,0.72314453125,-1,-611967.4086462593,-584354.2218407614,-27611.09940457908,-48.13660873178574,
2043,3bgz,43,1,2,0.72314453125,-1,-611968.3556541234,-584354.2218407614,-27611.098171090758,-70.00357379231201,
2044,3bgz,44,1,2,0.72314453125,-1,-611959.8554486814,-584354.2218407614,-27611.097758119977,126.00629703964215,
2045,3bgz,45,1,2,0.72314453125,-1,-611969.912962082,-584354.2218407614,-27611.096726154952,-105.94926946994255,
2046,3bgz,46,1,2,0.72314453125,-1,-611967.2413037454,-584354.2218407614,-27611.098879834688,-44.28969957866557,
2047,3bgz,47,1,2,0.72314453125,-1,-611967.6789710551,-584354.2218407614,-27611.099944537556,-54.35799487545811,
2048,3bgz,48,1,2,0.72314453125,-1,-611971.4178290102,-584354.2218407614,-27611.094773879326,-140.69734579214284,
2049,3bgz,49,1,2,0.72314453125,-1,-611964.2465858493,-584354.2218407614,-27611.0987299588,24.766679483532982,
2050,3bgz,50,1,2,0.72314453125,-1,-611961.3881431258,-584354.2218407614,-27611.09680894581,90.63963501836291,
2051,3bgz,51,1,2,0.72314453125,-1,-611960.9152975708,-584354.2218407614,-27611.095750665343,101.51930802974569,
2052,3bgz,52,1,2,0.72314453125,-1,-611966.0204580459,-584354.2218407614,-27611.094717910564,-16.232305180869098,
2053,3bgz,53,1,2,0.72314453125,-1,-611966.9139692961,-584354.2218407614,-27611.095957553058,-36.80857726980491,
2054,3bgz,54,1,2,0.72314453125,-1,-611963.8410211391,-584354.2218407614,-27611.094279578007,34.016595663825974,
2055,3bgz,55,1,2,0.72314453125,-1,-611959.73632336,-584354.2218407614,-27611.095428085006,128.69966032851684,
2056,3bgz,56,1,2,0.72314453125,-1,-611947.6874682936,-584354.2218407614,-27611.09899010328,406.6350009846059,
2057,3bgz,57,1,2,0.72314453125,-1,-611967.7191106259,-584354.2218407614,-27611.09834917453,-55.32042531395417,
2058,3bgz,58,1,2,0.72314453125,-1,-611964.1885780429,-584354.2218407614,-27611.09989351598,26.131203544084876,
2059,3bgz,59,1,2,0.72314453125,-1,-611955.045334879,-584354.2218407614,-27611.09749742416,236.9241446631207,
2060,3bgz,60,1,2,0.72314453125,-1,-611966.6899226042,-584354.2218407614,-27611.094160577333,-31.68337705953281,
2061,3bgz,61,1,2,0.72314453125,-1,-611964.4631539314,-584354.2218407614,-27611.09610976842,19.712077841927186,
2062,3bgz,62,1,2,0.72314453125,-1,-611962.7061341441,-584354.2218407614,-27611.097575729764,60.26372255865546,
2063,3bgz,63,1,2,0.72314453125,-1,-611964.6897677808,-584354.2218407614,-27611.096379717863,14.492463510776648,
2064,3bgz,64,1,2,0.72314453125,-1,-611960.152272183,-584354.2218407614,-27611.096465116418,119.13156711362524,
2065,3bgz,65,1,2,0.72314453125,-1,-611966.3269284695,-584354.2218407614,-27611.098303830295,-23.21698776921809,
2066,3bgz,66,1,2,0.72314453125,-1,-611966.7280938213,-584354.2218407614,-27611.09703928796,-32.497241592603615,
2067,3bgz,67,1,2,0.72314453125,-1,-611948.9123068332,-584354.2218407614,-27611.098429208672,378.3766187202255,
2068,3bgz,68,1,2,0.72314453125,-1,-611963.6287579867,-584354.2218407614,-27611.09577656356,38.94602154831535,
2069,3bgz,69,1,2,0.72314453125,-1,-611965.5824930851,-584354.2218407614,-27611.096692463427,-6.087058983099012,
2070,3bgz,70,1,2,0.72314453125,-1,-611964.3820836281,-584354.2218407614,-27611.098431682265,21.635148054919867,
2071,3bgz,71,1,2,0.72314453125,-1,-611938.2964964543,-584354.2218407614,-27611.097179731405,623.1542080938134,
2072,3bgz,72,1,2,0.72314453125,-1,-611964.5566005441,-584354.2218407614,-27611.095802923715,17.550071753006456,
2073,3bgz,73,1,2,0.72314453125,-1,-611964.1932626247,-584354.2218407614,-27611.09882376161,25.99850540029624,
2074,3bgz,74,1,2,0.72314453125,-1,-611967.6781773901,-584354.2218407614,-27611.09804176358,-54.38357153723179,
2075,3bgz,75,1,2,0.72314453125,-1,-611967.0909980267,-584354.2218407614,-27611.095801373995,-40.89455835191991,
2076,3bgz,76,1,2,0.72314453125,-1,-611948.026046786,-584354.2218407614,-27611.096771931327,398.7760432056816,
2077,3bgz,77,1,2,0.72314453125,-1,-611956.5746835802,-584354.2218407614,-27611.099239295392,201.6966942933374,
2078,3bgz,78,1,2,0.72314453125,-1,-611963.5700326895,-584354.2218407614,-27611.097627615607,40.34294534792235,
2079,3bgz,79,1,2,0.72314453125,-1,-611966.6656394779,-584354.2218407614,-27611.0974414554,-31.047736017366837,
2080,3bgz,80,1,2,0.72314453125,-1,-611964.8640102181,-584354.2218407614,-27611.09611467091,10.468225324829813,
2081,3bgz,81,1,2,0.72314453125,-1,-611953.6492977171,-584354.2218407614,-27611.096478274136,269.0940242485777,
2082,3bgz,82,1,2,0.72314453125,-1,-611966.3597524649,-584354.2218407614,-27611.097616946376,-23.989767005853388,
2083,3bgz,83,1,2,0.72314453125,-1,-611966.6657717262,-584354.2218407614,-27611.09700193075,-31.06092141417896,
2084,3bgz,84,1,2,0.72314453125,-1,-611966.4908789131,-584354.2218407614,-27611.096545150554,-27.03833093437075,
2085,3bgz,85,1,2,0.72314453125,-1,-611965.1338070963,-584354.2218407614,-27611.09906258252,4.314541966930247,
2086,3bgz,86,1,2,0.72314453125,-1,-611963.6028583979,-584354.2218407614,-27608.894938295758,-11.209255886834468,
2087,3bgz,87,1,2,0.72314453125,-1,-611964.1520068675,-584354.2218407614,-27608.907204320705,-23.59005918073884,
2088,3bgz,88,1,2,0.72314453125,-1,-611933.6884837332,-584354.2218407614,-27608.86871073214,678.0277899052536,
2089,3bgz,89,1,2,0.72314453125,-1,-611952.2381964951,-584354.2218407614,-27608.689650377302,246.13202163824093,
2090,3bgz,90,1,2,0.72314453125,-1,-611965.8838115667,-584354.2218407614,-27608.847367843664,-64.90628622278011,
2091,3bgz,91,1,2,0.72314453125,-1,-611964.936287406,-584354.2218407614,-27608.670981397903,-47.12342806276485,
2092,3bgz,92,1,2,0.72314453125,-1,-611960.7805005941,-584354.2218407614,-27608.48416625527,44.40323295606853,
2093,3bgz,93,1,2,0.72314453125,-1,-611963.2464272707,-584354.2218407614,-27608.975529884963,-1.1312726326458102,
2094,3bgz,94,1,2,0.72314453125,-1,-611953.0489486492,-584354.2218407614,-27608.780337451077,229.52692641234836,
2095,3bgz,95,1,2,0.72314453125,-1,-611960.6665089458,-584354.2218407614,-27609.024008644796,59.48100405877976,
2096,3bgz,96,1,2,0.72314453125,-1,-611964.6542635295,-584354.2218407614,-27608.803375026262,-37.56673336882587,
2097,3bgz,97,1,2,0.72314453125,-1,-611954.9926174908,-584354.2218407614,-27605.115507789,100.19187840995464,
2098,3bgz,98,1,2,0.72314453125,-1,-611954.6864688284,-584354.2218407614,-27609.39724137453,205.99095643105767,
2099,3bgz,99,1,2,0.72314453125,-1,-611963.7062444418,-584354.2218407614,-27610.51064850954,23.665767967628344,
2100,3bgz,100,1,2,0.72314453125,-1,-611963.0685424092,-584354.2218407614,-27610.704141041315,42.83356997539235,
3001,2c3i,1,1,3,0.72314453125,0,-611334.5287670401,-584354.2218407614,-26982.018114813727,39.460945058123876,
3002,2c3i,2,1,3,0.72314453125,0,-611332.507751531,-584354.2218407614,-26982.711966225084,102.06726353220168,
3003,2c3i,3,1,3,0.72314453125,0,-611330.2265588698,-584354.2218407614,-26982.33751852171,146.0378468316615,
3004,2c3i,4,1,3,0.72314453125,0,-611332.3936110203,-584354.2218407614,-26982.494005629,99.67311548684624,
3005,2c3i,5,1,3,0.72314453125,0,-611326.9219082054,-584354.2218407614,-26982.77591181652,232.35449108622154,
3006,2c3i,6,1,3,0.72314453125,0,-611335.286108858,-584354.2218407614,-26981.43993742126,8.66314043018683,
3007,2c3i,7,1,3,0.72314453125,0,-611336.2713177559,-584354.2218407614,-26982.739253708285,15.90662889951743,
3008,2c3i,8,1,3,0.72314453125,0,-611315.6993409757,-584354.2218407614,-26982.722300895628,489.91674226239707,
3009,2c3i,9,1,3,0.72314453125,0,-611321.3742358742,-584354.2218407614,-26982.336577364367,350.1555610813511,
3010,2c3i,10,1,3,0.72314453125,0,-611335.7596866256,-584354.2218407614,-26982.77882886785,28.617747912791103,
3011,2c3i,11,1,3,0.72314453125,0,-611334.8832443116,-584354.2218407614,-26981.430083521765,17.726181251085972,
3012,2c3i,12,1,3,0.72314453125,0,-611336.3767290179,-584354.2218407614,-26982.155003019747,0.0026465017417980794,
3013,2c3i,13,1,3,0.72314453125,0,-611334.150690293,-584354.2218407614,-26982.446000048083,58.046869880222204,
3014,2c3i,14,1,3,0.72314453125,0,-611336.9198300308,-584354.2218407614,-26982.44856209415,-5.751927304968351,
3015,2c3i,15,1,3,0.72314453125,0,-611335.075336164,-584354.2218407614,-26982.151051768225,29.92236063217923,
3016,2c3i,16,1,3,0.72314453125,0,-611333.9624868844,-584354.2218407614,-26982.77102369922,69.88216703963027,
3017,2c3i,17,1,3,0.72314453125,0,-611320.9899647889,-584354.2218407614,-26982.772994884413,369.0810899181125,
3018,2c3i,18,1,3,0.72314453125,0,-611335.3068125909,-584354.2218407614,-26982.631211587366,35.657135892715615,
3019,2c3i,19,1,3,0.72314453125,0,-611334.912232658,-584354.2218407614,-26982.122886368197,33.03410727840062,
3020,2c3i,20,1,3,0.72314453125,0,-611332.0689955716,-584354.2218407614,-26981.83737785476,92.01672937371539,
3021,2c3i,21,1,3,0.72314453125,0,-611329.7322006581,-584354.2218407614,-26981.732821651858,143.49337692910916,
3022,2c3i,22,1,3,0.72314453125,0,-611332.4739630586,-584354.2218407614,-26982.07121539968,88.07037915966526,
3023,2c3i,23,1,3,0.72314453125,0,-611334.9461661931,-584354.2218407614,-26982.12442196266,32.28699301869351,
3024,2c3i,24,1,3,0.72314453125,0,-611335.3398157571,-584354.2218407614,-26982.66662699836,35.712763579165866,
3025,2c3i,25,1,3,0.72314453125,0,-611312.3287432847,-584354.2218407614,-26982.781028756064,568.9988681690319,
3026,2c3i,26,1,3,0.72314453125,0,-611335.8954200214,-584354.2218407614,-26982.639116832193,22.265825365631592,
3027,2c3i,27,1,3,0.72314453125,0,-611335.5043877866,-584354.2218407614,-26982.764979013366,34.1856937677431,
3028,2c3i,28,1,3,0.72314453125,0,-611336.5359907214,-584354.2218407614,-26982.716675647673,9.282462872230926,
3029,2c3i,29,1,3,0.72314453125,0,-611336.3781890032,-584354.2218407614,-26981.836319872302,-7.38002952294425,
3030,2c3i,30,1,3,0.72314453125,0,-611338.0952062374,-584354.2218407614,-26982.4476298179,-32.87824533810908,
3031,2c3i,31,1,3,0.72314453125,0,-611334.8269576635,-584354.2218407614,-26981.846821495456,28.634388165373263,
3032,2c3i,32,1,3,0.72314453125,0,-611338.0931474332,-584354.2218407614,-26982.782531031546,-25.10776273068275,
3033,2c3i,33,1,3,0.72314453125,0,-611335.9826461432,-584354.2218407614,-26982.02786094801,6.158447657720954,
3034,2c3i,34,1,3,0.72314453125,0,-611334.8926441735,-584354.2218407614,-26982.699561544832,46.78427395670832,
3035,2c3i,35,1,3,0.72314453125,0,-611331.7014637198,-584354.2218407614,-26982.45017588989,114.62367361987826,
3036,2c3i,36,1,3,0.72314453125,0,-611336.5034926896,-584354.2218407614,-26982.34852785724,1.5421955602223003,
3037,2c3i,37,1,3,0.72314453125,0,-611335.9227566776,-584354.2218407614,-26982.63877035038,21.627437036597218,
3038,2c3i,38,1,3,0.72314453125,0,-611335.0652934378,-584354.2218407614,-26982.451406785425,37.08030263987341,
3039,2c3i,39,1,3,0.72314453125,0,-611337.2528079059,-584354.2218407614,-26982.72239608423,-7.115817695129646,
3040,2c3i,40,1,3,0.72314453125,0,-611335.5226436023,-584354.2218407614,-26982.447089084562,26.43398874799522,
3041,2c3i,41,1,3,0.72314453125,0,-611335.3204645274,-584354.2218407614,-26982.357640930575,29.033625543676138,
3042,2c3i,42,1,3,0.72314453125,0,-611335.8556644088,-584354.2218407614,-26982.44656122583,18.742173801162263,
3043,2c3i,43,1,3,0.72314453125,0,-611335.2152170595,-584354.2218407614,-26982.115979560775,25.887846233506867,
3044,2c3i,44,1,3,0.72314453125,0,-611333.3774372403,-584354.2218407614,-26982.336031922277,73.34258366285043,
3045,2c3i,45,1,3,0.72314453125,0,-611339.3182071802,-584354.2218407614,-26982.730172285002,-54.565733000693214,
3046,2c3i,46,1,3,0.72314453125,0,-611334.9801581269,-584354.2218407614,-26982.428680845675,38.51949692807133,
3047,2c3i,47,1,3,0.72314453125,0,-611306.8005984483,-584354.2218407614,-26982.497111150187,689.9336210537384,
3048,2c3i,48,1,3,0.72314453125,0,-611336.542901433,-584354.2218407614,-26982.51774252313,4.535591244921187,
3049,2c3i,49,1,3,0.72314453125,0,-611335.8840150294,-584354.2218407614,-26981.72214812891,1.383030087070776,
3050,2c3i,50,1,3,0.72314453125,0,-611335.0940943127,-584354.2218407614,-26982.14935398954,29.450635738635604,
3051,2c3i,51,1,3,0.72314453125,0,-611337.1062044855,-584354.2218407614,-26982.778247901362,-2.44708900702123,
3052,2c3i,52,1,3,0.72314453125,0,-611337.7328342859,-584354.2218407614,-26982.764857658323,-17.206301831744074,
3053,2c3i,53,1,3,0.72314453125,0,-611334.4297831116,-584354.2218407614,-26982.66498191015,56.660678294313904,
3054,2c3i,54,1,3,0.72314453125,0,-611332.4989860123,-584354.2218407614,-26982.776031562265,103.74678296699263,
3055,2c3i,55,1,3,0.72314453125,0,-611337.7778251227,-584354.2218407614,-26982.769621976775,-18.133947381232602,
3056,2c3i,56,1,3,0.72314453125,0,-611326.9187236939,-584354.2218407614,-26982.767323204454,232.22986956533722,
3057,2c3i,57,1,3,0.72314453125,0,-611335.7433871386,-584354.2218407614,-26982.779432901305,29.007552354191123,
3058,2c3i,58,1,3,0.72314453125,0,-611329.7872677213,-584354.2218407614,-26982.51504690307,160.26204310435978,
3059,2c3i,59,1,3,0.72314453125,0,-611336.2974520382,-584354.2218407614,-26982.777194091243,16.178884049940972,
3060,2c3i,60,1,3,0.72314453125,0,-611332.9750070934,-584354.2218407614,-26982.73947865623,91.9265460200699,
3061,2c3i,61,1,3,0.72314453125,0,-611324.9539399204,-584354.2218407614,-26982.503940292758,271.46510551857835,
3062,2c3i,62,1,3,0.72314453125,0,-611335.4778059786,-584354.2218407614,-26982.16968859094,21.070961562956498,
3063,2c3i,63,1,3,0.72314453125,0,-611334.5539124664,-584354.2218407614,-26982.76597935812,56.127243849528966,
3064,2c3i,64,1,3,0.72314453125,0,-611337.322837836,-584354.2218407614,-26982.450984724936,-14.989640880474104,
3065,2c3i,65,1,3,0.72314453125,0,-611333.7800854204,-584354.2218407614,-26982.09358287708,58.466288245252926,
3066,2c3i,66,1,3,0.72314453125,0,-611330.4335544771,-584354.2218407614,-26981.740939446863,127.50697444002591,
3067,2c3i,67,1,3,0.72314453125,0,-611338.3818976042,-584354.2218407614,-26981.8429196562,-53.43445292264184,
3068,2c3i,68,1,3,0.72314453125,0,-611336.9932036166,-584354.2218407614,-26982.695596405443,-1.7472158389313626,
3069,2c3i,69,1,3,0.72314453125,0,-611338.6003051904,-584354.2218407614,-26982.023540147704,-54.30584402763398,
3070,2c3i,70,1,3,0.72314453125,0,-611334.7964057988,-584354.2218407614,-26982.422257074293,42.60879059333999,
3071,2c3i,71,1,3,0.72314453125,0,-611324.2791199144,-584354.2218407614,-26982.111221262378,277.97050856015534,
3072,2c3i,72,1,3,0.72314453125,0,-611337.8025822405,-584354.2218407614,-26982.49824590343,-24.962941000991144,
3073,2c3i,73,1,3,0.72314453125,0,-611333.0554400143,-584354.2218407614,-26981.448210069102,60.29435778373927,
3074,2c3i,74,1,3,0.72314453125,0,-611336.3369658357,-584354.2218407614,-26982.686186143335,13.168981097059877,
3075,2c3i,75,1,3,0.72314453125,0,-611311.6653146354,-584354.2218407614,-26982.715344258708,582.7831757755449,
3076,2c3i,76,1,3,0.72314453125,0,-611336.9937327568,-584354.2218407614,-26982.766050049242,-0.13471847994220545,
3077,2c3i,77,1,3,0.72314453125,0,-611319.2773743925,-584354.2218407614,-26982.71508187906,407.2388570387167,
3078,2c3i,78,1,3,0.72314453125,0,-611336.8709883159,-584354.2218407614,-26982.633764394697,-0.35474409319213135,
3079,2c3i,79,1,3,0.72314453125,0,-611330.4311053809,-584354.2218407614,-26982.77130324499,151.32420558928234,
3080,2c3i,80,1,3,0.72314453125,0,-611335.9156704907,-584354.2218407614,-26982.173128136572,11.05288384515288,
3081,2c3i,81,1,3,0.72314453125,0,-611335.0057147202,-584354.2218407614,-26982.75861472742,45.53860394638755,
3082,2c3i,82,1,3,0.72314453125,0,-611318.5030523455,-584354.2218407614,-26981.738401719507,402.57236810558544,
3083,2c3i,83,1,3,0.72314453125,0,-611320.2099691984,-584354.2218407614,-26982.72603476898,385.9852895512512,
3084,2c3i,84,1,3,0.72314453125,0,-611332.5909046148,-584354.2218407614,-26981.72521109241,77.39459393171003,
3085,2c3i,85,1,3,0.72314453125,0,-611336.3450826762,-584354.2218407614,-26982.66635293619,12.524437686444298,
3086,2c3i,86,1,3,0.72314453125,0,-611331.5688763326,-584354.2218407614,-26982.719299801764,123.88735624684344,
3087,2c3i,87,1,3,0.72314453125,0,-611340.8812574502,-584354.2218407614,-26982.33821869747,-99.64919296552887,
3088,2c3i,88,1,3,0.72314453125,0,-611335.3461725925,-584354.2218407614,-26982.362053998884,28.542551250809733,
3089,2c3i,89,1,3,0.72314453125,0,-611316.8777627406,-584354.2218407614,-26982.730941900176,462.94095708771016,
3090,2c3i,90,1,3,0.72314453125,0,-611335.3410150474,-584354.2218407614,-26982.44925762075,30.6724503591096,
3091,2c3i,91,1,3,0.72314453125,0,-611336.0158712325,-584354.2218407614,-26982.783520587844,22.818184164565814,
3092,2c3i,92,1,3,0.72314453125,0,-611324.4234172766,-584354.2218407614,-26982.78976494926,290.2905214840592,
3093,2c3i,93,1,3,0.72314453125,0,-611332.4030708579,-584354.2218407614,-26982.49537135021,99.48646072934613,
3094,2c3i,94,1,3,0.72314453125,0,-611300.7145592934,-584354.2218407614,-26982.337448367056,826.5991068373155,
3095,2c3i,95,1,3,0.72314453125,0,-611335.6371768471,-584354.2218407614,-26981.980529674453,13.033673786612477,
3096,2c3i,96,1,3,0.72314453125,0,-611338.9227974628,-584354.2218407614,-26982.02448607343,-61.72087893392768,
3097,2c3i,97,1,3,0.72314453125,0,-611334.2323250083,-584354.2218407614,-26981.593338200015,36.50147929500428,
3098,2c3i,98,1,3,0.72314453125,0,-611337.6473203814,-584354.2218407614,-26981.94335860866,-34.178522472699015,
3099,2c3i,99,1,3,0.72314453125,0,-611337.2293647882,-584354.2218407614,-26981.985016890925,-23.579574713774523,
3100,2c3i,100,1,3,0.72314453125,0,-611333.1329988156,-584354.2218407614,-26982.140098043856,74.46112507245067,
4001,5dwr,1,1,4,0.72314453125,1,-625811.6865963986,-584354.2218407614,-41456.21103183145,-28.911557789351182,
4002,5dwr,2,1,4,0.72314453125,1,-625815.5980190086,-584354.2218407614,-41458.6023142707,-63.96682290741393,
4003,5dwr,3,1,4,0.72314453125,1,-625788.7322256317,-584354.2218407614,-41459.023276127555,565.2807013036736,
4004,5dwr,4,1,4,0.72314453125,1,-625814.9656309239,-584354.2218407614,-41458.473987556594,-52.34289155943495,
4005,5dwr,5,1,4,0.72314453125,1,-625800.8996974876,-584354.2218407614,-41459.27109227296,290.40691066779294,
4006,5dwr,6,1,4,0.72314453125,1,-625793.7031981547,-584354.2218407614,-41458.86905423512,447.09091034580416,
4007,5dwr,7,1,4,0.72314453125,1,-625809.4232259438,-584354.2218407614,-41458.53542635555,76.88481594162242,
4008,5dwr,8,1,4,0.72314453125,1,-625802.9768457463,-584354.2218407614,-41458.39567647089,222.31916592182012,
4009,5dwr,9,1,4,0.72314453125,1,-625801.6085673029,-584354.2218407614,-41459.052433646866,269.0175966798789,
4010,5dwr,10,1,4,0.72314453125,1,-625810.6969820756,-584354.2218407614,-41459.12596068498,61.129346889983964,
4011,5dwr,11,1,4,0.72314453125,1,-625800.531371211,-584354.2218407614,-41453.68080417035,169.98561020800474,
4012,5dwr,12,1,4,0.72314453125,1,-625798.4856614373,-584354.2218407614,-41458.37965235819,325.51881167844266,
4013,5dwr,13,1,4,0.72314453125,1,-625792.6371408309,-584354.2218407614,-41458.4462982785,461.9257922937776,
4014,5dwr,14,1,4,0.72314453125,1,-625799.4994475592,-584354.2218407614,-41448.36235598435,71.13600616021553,
4015,5dwr,15,1,4,0.72314453125,1,-625786.2278141282,-584354.2218407614,-41442.10764432665,232.95006633908486,
4016,5dwr,16,1,4,0.72314453125,1,-625783.958867838,-584354.2218407614,-41459.2387771975,680.3265197486512,
4017,5dwr,17,1,4,0.72314453125,1,-625785.3469725455,-584354.2218407614,-41459.244501568006,648.4480718680868,
4018,5dwr,18,1,4,0.72314453125,1,-625800.1148359528,-584354.2218407614,-41459.17401675095,306.2676329137163,
4019,5dwr,19,1,4,0.72314453125,1,-625814.3524909816,-584354.2218407614,-41458.93569359895,-27.556354320012066,
4020,5dwr,20,1,4,0.72314453125,1,-625798.5187856754,-584354.2218407614,-41459.163315571444,342.82665161286735,
4021,5dwr,21,1,4,0.72314453125,1,-625798.3963836184,-584354.2218407614,-41459.08324531431,343.80284610957955,
4022,5dwr,22,1,4,0.72314453125,1,-625812.7761136341,-584354.2218407614,-41459.24148676511,15.847528834737991,
4023,5dwr,23,1,4,0.72314453125,1,-625803.4341274848,-584354.2218407614,-41459.065650321194,227.22396253875294,
4024,5dwr,24,1,4,0.72314453125,1,-625781.7015005997,-584354.2218407614,-41458.962133682864,726.0030939171877,
4025,5dwr,25,1,4,0.72314453125,1,-625807.2019308256,-584354.2218407614,-41459.12771651862,141.76763389621522,
4026,5dwr,26,1,4,0.72314453125,1,-625803.9712796111,-584354.2218407614,-41458.51469860186,202.13169176145973,
4027,5dwr,27,1,4,0.72314453125,1,-625800.4585164234,-584354.2218407614,-41458.507869161316,282.98044463002594,
4028,5dwr,28,1,4,0.72314453125,1,-625805.5995056828,-584354.2218407614,-41458.37684199919,161.4048577760617,
4029,5dwr,29,1,4,0.72314453125,1,-625800.0659046518,-584354.2218407614,-41459.23989728806,308.91525679779954,
4030,5dwr,30,1,4,0.72314453125,1,-625795.2616509844,-584354.2218407614,-41453.44330281724,286.0313342353531,
4031,5dwr,31,1,4,0.72314453125,1,-625808.3476574763,-584354.2218407614,-41458.50916413183,101.082392765151,
4032,5dwr,32,1,4,0.72314453125,1,-625813.2772407583,-584354.2218407614,-41459.16367856373,2.4969630688162283,
4033,5dwr,33,1,4,0.72314453125,1,-625809.5434547564,-584354.2218407614,-41459.05017373676,85.98263026395459,
4034,5dwr,34,1,4,0.72314453125,1,-625802.0123982477,-584354.2218407614,-41458.51437322017,247.2970656563684,
4035,5dwr,35,1,4,0.72314453125,1,-625810.6393217196,-584354.2218407614,-41459.16589579696,63.37995184591501,
4036,5dwr,36,1,4,0.72314453125,1,-625778.4269285253,-584354.2218407614,-41456.88455299248,753.6063709814363,
4037,5dwr,37,1,4,0.72314453125,1,-625754.9979569669,-584354.2218407614,-41442.139309592196,953.857899521139,
4038,5dwr,38,1,4,0.72314453125,1,-625755.4293693054,-584354.2218407614,-41458.22242317315,1314.7947046530935,
4039,5dwr,39,1,4,0.72314453125,1,-625814.404682373,-584354.2218407614,-41458.44685659523,-40.03276550508973,
4040,5dwr,40,1,4,0.72314453125,1,-625797.9094455293,-584354.2218407614,-41458.44710878243,340.3622482816403,
4041,5dwr,41,1,4,0.72314453125,1,-625805.2518260832,-584354.2218407614,-41458.50598565454,172.40066325485597,
4042,5dwr,42,1,4,0.72314453125,1,-625811.541816448,-584354.2218407614,-41459.12573680993,41.641840755073034,
4043,5dwr,43,1,4,0.72314453125,1,-625793.1863091638,-584354.2218407614,-41458.46144447441,449.6109492600678,
4044,5dwr,44,1,4,0.72314453125,1,-625793.5702401748,-584354.2218407614,-41458.390570260184,439.12289161107765,
4045,5dwr,45,1,4,0.72314453125,1,-625799.2438757623,-584354.2218407614,-41458.22298697347,304.42118437178647,
4046,5dwr,46,1,4,0.72314453125,1,-625798.2470129925,-584354.2218407614,-41442.16556311365,-42.88360499999657,
4047,5dwr,47,1,4,0.72314453125,1,-625810.0990090718,-584354.2218407614,-41458.431985355564,58.91548066718183,
4048,5dwr,48,1,4,0.72314453125,1,-625777.1528243772,-584354.2218407614,-41458.50821337809,820.4304086140378,
4049,5dwr,49,1,4,0.72314453125,1,-625802.1276773268,-584354.2218407614,-41448.361908234336,10.51726253522035,
4050,5dwr,50,1,4,0.72314453125,1,-625800.7221924562,-584354.2218407614,-41458.356512106555,273.4095542609616,
4051,5dwr,51,1,4,0.72314453125,1,-625800.0391989097,-584354.2218407614,-41459.24009511585,309.5356678583404,
4052,5dwr,52,1,4,0.72314453125,1,-625808.0757571509,-584354.2218407614,-41458.26409385313,101.70110834120415,
4053,5dwr,53,1,4,0.72314453125,1,-625766.3914949348,-584354.2218407614,-41458.03082147954,1057.58364223056,
4054,5dwr,54,1,4,0.72314453125,1,-625785.8869245399,-584354.2218407614,-41458.40966603865,616.7447184187993,
4055,5dwr,55,1,4,0.72314453125,1,-625759.7804727003,-584354.2218407614,-41458.3736534488,1217.9433297045853,
4056,5dwr,56,1,4,0.72314453125,1,-625788.7245351424,-584354.2218407614,-41458.50936166157,553.6068990761586,
4057,5dwr,57,1,4,0.72314453125,1,-625813.4508682842,-584354.2218407614,-41459.08424786443,-3.338698237680586,
4058,5dwr,58,1,4,0.72314453125,1,-625781.5261132616,-584354.2218407614,-41459.17517600175,734.9604946021786,
4059,5dwr,59,1,4,0.72314453125,1,-625807.8219592317,-584354.2218407614,-41458.36845628137,109.96048216297915,
4060,5dwr,60,1,4,0.72314453125,1,-625816.5742499582,-584354.2218407614,-41459.050944424765,-76.13358628625343,
4061,5dwr,61,1,4,0.72314453125,1,-625791.2414579586,-584354.2218407614,-41459.065890766346,508.3991461277262,
4062,5dwr,62,1,4,0.72314453125,1,-625781.0723826039,-584354.2218407614,-41458.43370661851,728.3250819590723,
4063,5dwr,63,1,4,0.72314453125,1,-625780.6673360219,-584354.2218407614,-41459.17393705956,754.7357975281709,
4064,5dwr,64,1,4,0.72314453125,1,-625784.1616517506,-584354.2218407614,-41458.60036728491,660.9281293095831,
4065,5dwr,65,1,4,0.72314453125,1,-625786.181224143,-584354.2218407614,-41442.104803688475,233.95895024733747,
4066,5dwr,66,1,4,0.72314453125,1,-625806.41542009,-584354.2218407614,-41459.1724689376,160.9370176330257,
4067,5dwr,67,1,4,0.72314453125,1,-625790.6267392536,-584354.2218407614,-41458.51860008352,509.95407325697204,
4068,5dwr,68,1,4,0.72314453125,1,-625790.6449095955,-584354.2218407614,-41459.06305364479,522.0904526110337,
4069,5dwr,69,1,4,0.72314453125,1,-625783.9385471692,-584354.2218407614,-41458.29556534406,659.044143443216,
4070,5dwr,70,1,4,0.72314453125,1,-625803.3857130159,-584354.2218407614,-41458.59606961121,217.51163829114384,
4071,5dwr,71,1,4,0.72314453125,1,-625808.3195625292,-584354.2218407614,-41459.11872676725,115.78712594657237,
4072,5dwr,72,1,4,0.72314453125,1,-625775.6245945146,-584354.2218407614,-41458.26542083134,850.073297318741,
4073,5dwr,73,1,4,0.72314453125,1,-625769.1095818924,-584354.2218407614,-41458.46815452693,1004.9882075946994,
4074,5dwr,74,1,4,0.72314453125,1,-625788.329039206,-584354.2218407614,-41459.16623202671,577.8750425080096,
4075,5dwr,75,1,4,0.72314453125,1,-625775.9667936161,-584354.2218407614,-41458.36161950941,844.4003927887011,
4076,5dwr,76,1,4,0.72314453125,1,-625805.6389713635,-584354.2218407614,-41458.64616719593,166.70554413966968,
4077,5dwr,77,1,4,0.72314453125,1,-625794.798615699,-584354.2218407614,-41459.05210957641,426.05133812311806,
4078,5dwr,78,1,4,0.72314453125,1,-625812.4182131189,-584354.2218407614,-41458.43496224996,5.502013625851994,
4079,5dwr,79,1,4,0.72314453125,1,-625793.4073731055,-584354.2218407614,-41458.46811441297,444.6669060957637,
4080,5dwr,80,1,4,0.72314453125,1,-625799.3141480437,-584354.2218407614,-41458.59080848803,311.282832694549,
4081,5dwr,81,1,4,0.72314453125,1,-625808.1277805323,-584354.2218407614,-41459.06336424465,118.93303375785776,
4082,5dwr,82,1,4,0.72314453125,1,-625797.8830140579,-584354.2218407614,-41458.53946451064,343.1015461813771,
4083,5dwr,83,1,4,0.72314453125,1,-625796.1428034654,-584354.2218407614,-41459.120953537175,396.6412112947134,
4084,5dwr,84,1,4,0.72314453125,1,-625776.2732615075,-584354.2218407614,-41458.04446349253,830.0192838226741,
4085,5dwr,85,1,4,0.72314453125,1,-625772.5536547954,-584354.2218407614,-41458.456019319245,925.2861551453365,
4086,5dwr,86,1,4,0.72314453125,1,-625813.8881062317,-584354.2218407614,-41458.538054622375,-26.017160222173235,
4087,5dwr,87,1,4,0.72314453125,1,-625801.1757102361,-584354.2218407614,-41458.60954169149,268.7861866532552,
4088,5dwr,88,1,4,0.72314453125,1,-625806.0007154248,-584354.2218407614,-41458.45596656908,153.97739726036903,
4089,5dwr,89,1,4,0.72314453125,1,-625795.1318947728,-584354.2218407614,-41456.870402909466,368.0543891575237,
4090,5dwr,90,1,4,0.72314453125,1,-625812.2957705009,-584354.2218407614,-41457.27537152883,-18.415189813535093,
4091,5dwr,91,1,4,0.72314453125,1,-625803.1282474747,-584354.2218407614,-41457.133492178866,189.72109788525955,
4092,5dwr,92,1,4,0.72314453125,1,-625802.7091242274,-584354.2218407614,-41457.277446336644,202.70597131662143,
4093,5dwr,93,1,4,0.72314453125,1,-625812.7835296,-584354.2218407614,-41457.728261984535,-19.219279832468995,
4094,5dwr,94,1,4,0.72314453125,1,-625803.1561450857,-584354.2218407614,-41457.74794546481,203.2473930820619,
4095,5dwr,95,1,4,0.72314453125,1,-625811.1659836819,-584354.2218407614,-41457.745895303415,18.488849173430175,
4096,5dwr,96,1,4,0.72314453125,1,-625803.3398322216,-584354.2218407614,-41458.02497253527,205.3998631068065,
4097,5dwr,97,1,4,0.72314453125,1,-625805.4154322202,-584354.2218407614,-41457.026995516964,134.52149329771555,
4098,5dwr,98,1,4,0.72314453125,1,-625808.9494768429,-584354.2218407614,-41457.735524035656,69.36354403558204,
4099,5dwr,99,1,4,0.72314453125,1,-625812.653804188,-584354.2218407614,-41459.096598781296,15.326855385895948,
4100,5dwr,100,1,4,0.72314453125,1,-625802.6535637877,-584354.2218407614,-41458.46940288653,231.47439652460676,
5001,4k18,1,1,5,0.72314453125,0,-620644.5037279613,-584354.2218407614,-36288.9020900639,-31.818877852704826,
5002,4k18,2,1,5,0.72314453125,0,-620634.7306870561,-584354.2218407614,-36289.5938175829,209.5044149309378,
5003,4k18,3,1,5,0.72314453125,0,-620629.3214410426,-584354.2218407614,-36289.3289639862,328.13692231798007,
5004,4k18,4,1,5,0.72314453125,0,-620640.4212188317,-584354.2218407614,-36289.262905350486,70.64661737502023,
5005,4k18,5,1,5,0.72314453125,0,-620643.2026193622,-584354.2218407614,-36289.255608430714,6.337726438303303,
5006,4k18,6,1,5,0.72314453125,0,-620633.5069844018,-584354.2218407614,-36289.591603776986,237.67261694238698,
5007,4k18,7,1,5,0.72314453125,0,-620642.9048079582,-584354.2218407614,-36289.69722061471,23.389239456090838,
5008,4k18,8,1,5,0.72314453125,0,-620642.2133230756,-584354.2218407614,-36290.12898697571,49.2920284851815,
5009,4k18,9,1,5,0.72314453125,0,-620623.7194091864,-584354.2218407614,-36289.81177960953,468.45683866164603,
5010,4k18,10,1,5,0.72314453125,0,-620635.1374533813,-584354.2218407614,-36289.8128896864,205.17608335308702,
5011,4k18,11,1,5,0.72314453125,0,-620642.5658651771,-584354.2218407614,-36289.80745386199,33.747484742704465,
5012,4k18,12,1,5,0.72314453125,0,-620627.8530464957,-584354.2218407614,-36289.80551075057,372.9883344540325,
5013,4k18,13,1,5,0.72314453125,0,-620632.4936698265,-584354.2218407614,-36289.809165528626,266.0572993535157,
5014,4k18,14,1,5,0.72314453125,0,-620615.443302561,-584354.2218407614,-36289.66060178595,655.8221479174553,
5015,4k18,15,1,5,0.72314453125,0,-620641.9352298559,-584354.2218407614,-36289.65242367105,44.71519959606829,
5016,4k18,16,1,5,0.72314453125,0,-620640.0520483297,-584354.2218407614,-36289.803713312904,91.63121927727823,
5017,4k18,17,1,5,0.72314453125,0,-620641.0816689769,-584354.2218407614,-36289.815054288716,68.14913221035182,
5018,4k18,18,1,5,0.72314453125,0,-620613.5200149904,-584354.2218407614,-36289.81247674542,703.6765326982535,
5019,4k18,19,1,5,0.72314453125,0,-620631.9886003615,-584354.2218407614,-36289.81052123622,277.7357412693873,
5020,4k18,20,1,5,0.72314453125,0,-620631.6135873091,-584354.2218407614,-36289.80995683984,286.37073241091167,
5021,4k18,21,1,5,0.72314453125,0,-620615.0060219648,-584354.2218407614,-36289.6631832035,665.9656069224151,
5022,4k18,22,1,5,0.72314453125,0,-620612.5916913341,-584354.2218407614,-36289.808395376975,724.9900661821731,
5023,4k18,23,1,5,0.72314453125,0,-620641.5094302924,-584354.2218407614,-36289.809096625606,58.14733495942158,
5024,4k18,24,1,5,0.72314453125,0,-620604.324944515,-584354.2218407614,-36289.65897338704,912.1800236626899,
5025,4k18,25,1,5,0.72314453125,0,-620637.574463684,-584354.2218407614,-36289.81367855391,148.99548242150732,
5026,4k18,26,1,5,0.72314453125,0,-620630.7728059482,-584354.2218407614,-36289.80120252686,305.5577319477653,
5027,4k18,27,1,5,0.72314453125,0,-620650.5489111723,-584354.2218407614,-36289.79586469249,-150.6131818620779,
5028,4k18,28,1,5,0.72314453125,0,-620646.8864889184,-584354.2218407614,-36289.8147107871,-65.72111703472666,
5029,4k18,29,1,5,0.72314453125,0,-620640.042861063,-584354.2218407614,-36289.660391918034,88.5380127988224,
5030,4k18,30,1,5,0.72314453125,0,-620639.3315661888,-584354.2218407614,-36289.666110208804,105.07272918477591,
5031,4k18,31,1,5,0.72314453125,0,-620638.4041513832,-584354.2218407614,-36289.8021733077,129.5971122687953,
5032,4k18,32,1,5,0.72314453125,0,-620630.039097477,-584354.2218407614,-36289.812553456584,322.7392098988434,
5033,4k18,33,1,5,0.72314453125,0,-620646.7507265396,-584354.2218407614,-36289.81410347542,-62.604367144588714,
5034,4k18,34,1,5,0.72314453125,0,-620638.280235071,-584354.2218407614,-36289.80338888484,132.4827221889179,
5035,4k18,35,1,5,0.72314453125,0,-620610.5858108582,-584354.2218407614,-36289.661648622314,767.8627082860679,
5036,4k18,36,1,5,0.72314453125,0,-620630.4348941336,-584354.2218407614,-36289.65677528695,310.0195922361581,
5037,4k18,37,1,5,0.72314453125,0,-620642.8162814565,-584354.2218407614,-36289.65874522051,24.543445413913226,
5038,4k18,38,1,5,0.72314453125,0,-620623.7458822917,-584354.2218407614,-36289.812485268885,467.8626272418456,
5039,4k18,39,1,5,0.72314453125,0,-620646.4188484134,-584354.2218407614,-36289.811407259265,-55.01325196193066,
5040,4k18,40,1,5,0.72314453125,0,-620642.9101697395,-584354.2218407614,-36289.65867232398,22.376649138905027,
5041,4k18,41,1,5,0.72314453125,0,-620645.1347328313,-584354.2218407614,-36289.65527140221,-29.001421560028255,
5042,4k18,42,1,5,0.72314453125,0,-620644.7869991105,-584354.2218407614,-36289.6596155675,-20.88231262805592,
5043,4k18,43,1,5,0.72314453125,0,-620636.7451313318,-584354.2218407614,-36289.810558906356,168.0484000141177,
5044,4k18,44,1,5,0.72314453125,0,-620636.5670693559,-584354.2218407614,-36289.80906896905,172.12024795754763,
5045,4k18,45,1,5,0.72314453125,0,-620646.4636726268,-584354.2218407614,-36289.65059029183,-59.75545024789888,
5046,4k18,46,1,5,0.72314453125,0,-620636.3443593275,-584354.2218407614,-36289.65281056481,173.65265881506852,
5047,4k18,47,1,5,0.72314453125,0,-620611.4985755117,-584354.2218407614,-36289.81402724103,750.32778975976,
5048,4k18,48,1,5,0.72314453125,0,-620638.5720373137,-584354.2218407614,-36289.65053116397,122.22861982963693,
5049,4k18,49,1,5,0.72314453125,0,-620603.367368001,-584354.2218407614,-36289.658801964135,934.2583095588519,
5050,4k18,50,1,5,0.72314453125,0,-620641.7376043389,-584354.2218407614,-36289.6630265029,49.517059395228884,
5051,4k18,51,1,5,0.72314453125,0,-620640.1200529815,-584354.2218407614,-36289.8126575859,90.26925458671936,
5052,4k18,52,1,5,0.72314453125,0,-620645.0788323325,-584354.2218407614,-36289.65908693389,-27.624337183841416,
5053,4k18,53,1,5,0.72314453125,0,-620646.6856116834,-584354.2218407614,-36289.81418966374,-61.10079533817626,
5054,4k18,54,1,5,0.72314453125,0,-620646.6701184999,-584354.2218407614,-36289.80707495528,-60.90758311346481,
5055,4k18,55,1,5,0.72314453125,0,-620635.9670158358,-584354.2218407614,-36289.80838470773,185.94203141683784,
5056,4k18,56,1,5,0.72314453125,0,-620628.9547489474,-584354.2218407614,-36289.80306326465,347.52603200514784,
5057,4k18,57,1,5,0.72314453125,0,-620639.3053446296,-584354.2218407614,-36289.65567021684,105.4366607723632,
5058,4k18,58,1,5,0.72314453125,0,-620603.2206640582,-584354.2218407614,-36289.65799235421,937.622712800192,
5059,4k18,59,1,5,0.72314453125,0,-620647.173862669,-584354.2218407614,-36289.8067328246,-72.53208934108379,
5060,4k18,60,1,5,0.72314453125,0,-620639.2180377436,-584354.2218407614,-36289.81426959352,111.10739390424914,
5061,4k18,61,1,5,0.72314453125,0,-620610.1486592478,-584354.2218407614,-36289.81049655995,781.3761788919153,
5062,4k18,62,1,5,0.72314453125,0,-620647.3841999661,-584354.2218407614,-36289.65921186524,-80.78449677989292,
5063,4k18,63,1,5,0.72314453125,0,-620630.9298349799,-584354.2218407614,-36289.655869713584,298.5851021577576,
5064,4k18,64,1,5,0.72314453125,0,-620644.1483019779,-584354.2218407614,-36289.80412965135,-2.821032910039461,
5065,4k18,65,1,5,0.72314453125,0,-620641.5190475173,-584354.2218407614,-36289.813127330155,58.018506739256495,
5066,4k18,66,1,5,0.72314453125,0,-620621.2756751965,-584354.2218407614,-36289.65128295737,521.1095424958819,
5067,4k18,67,1,5,0.72314453125,0,-620639.3835516454,-584354.2218407614,-36289.65089922269,103.52314240329632,
5068,4k18,68,1,5,0.72314453125,0,-620639.3675358484,-584354.2218407614,-36289.81575434522,107.69412489517158,
5069,4k18,69,1,5,0.72314453125,0,-620633.007345546,-584354.2218407614,-36289.66385125241,250.86062903736126,
5070,4k18,70,1,5,0.72314453125,0,-620640.2361050885,-584354.2218407614,-36289.80358689147,87.38385424065255,
5071,4k18,71,1,5,0.72314453125,0,-620643.7324356468,-584354.2218407614,-36289.66067974881,3.4610391703016896,
5072,4k18,72,1,5,0.72314453125,0,-620635.4794631196,-584354.2218407614,-36289.655403128425,193.6574251211465,
5073,4k18,73,1,5,0.72314453125,0,-620647.253667552,-584354.2218407614,-36289.813623300404,-74.21353551559228,
5074,4k18,74,1,5,0.72314453125,0,-620637.445274521,-584354.2218407614,-36289.81282322722,151.95493099160257,
5075,4k18,75,1,5,0.72314453125,0,-620636.3792915525,-584354.2218407614,-36289.81253593282,176.5304570580859,
5076,4k18,76,1,5,0.72314453125,0,-620622.7054163112,-584354.2218407614,-36289.66118299083,488.36722933211246,
5077,4k18,77,1,5,0.72314453125,0,-620642.1779309101,-584354.2218407614,-36289.81400721392,42.844585346217265,
5078,4k18,78,1,5,0.72314453125,0,-620644.5195958506,-584354.2218407614,-36289.80636637526,-11.33169294210122,
5079,4k18,79,1,5,0.72314453125,0,-620638.8903365912,-584354.2218407614,-36289.6566167386,115.02880080224722,
5080,4k18,80,1,5,0.72314453125,0,-620642.8791359852,-584354.2218407614,-36289.81018035726,26.586162763503257,
5081,4k18,81,1,5,0.72314453125,0,-620634.4895675071,-584354.2218407614,-36289.805130413384,219.93775345879908,
5082,4k18,82,1,5,0.72314453125,0,-620639.7864789258,-584354.2218407614,-36289.80527388173,97.79138278990445,
5083,4k18,83,1,5,0.72314453125,0,-620640.1565854134,-584354.2218407614,-36287.57184176759,37.7523563371431,
5084,4k18,84,1,5,0.72314453125,0,-620631.593994428,-584354.2218407614,-36288.128759017745,248.05321219321115,
5085,4k18,85,1,5,0.72314453125,0,-620636.4178230204,-584354.2218407614,-36287.54127871117,123.2654645041313,
5086,4k18,86,1,5,0.72314453125,0,-620636.8784963677,-584354.2218407614,-36289.39229588824,155.3275548904005,
5087,4k18,87,1,5,0.72314453125,0,-620643.9202069523,-584354.2218407614,-36289.899943611184,4.648485742297333,
5088,4k18,88,1,5,0.72314453125,0,-620636.2537333558,-584354.2218407614,-36290.077667078534,185.53996732539406,
5089,4k18,89,1,5,0.72314453125,0,-620642.8098084964,-584354.2218407614,-36289.90747298917,30.428514026216508,
5090,4k18,90,1,5,0.72314453125,0,-620646.3119245957,-584354.2218407614,-36289.256464055354,-65.34482444769944,
5091,4k18,91,1,5,0.72314453125,0,-620644.834560755,-584354.2218407614,-36289.8033514233,-18.664482629989326,
5092,4k18,92,1,5,0.72314453125,0,-620645.4904973103,-584354.2218407614,-36289.80017988996,-33.86387623234275,
5093,4k18,93,1,5,0.72314453125,0,-620645.7330397256,-584354.2218407614,-36289.48888646683,-46.635634074079654,
5094,4k18,94,1,5,0.72314453125,0,-620644.3266450356,-584354.2218407614,-36289.90413542705,-4.627533549541139,
5095,4k18,95,1,5,0.72314453125,0,-620636.8588789733,-584354.2218407614,-36289.836248627464,166.01773613032788,
5096,4k18,96,1,5,0.72314453125,0,-620644.9032544384,-584354.2218407614,-36289.703901460925,-22.541967215079794,
5097,4k18,97,1,5,0.72314453125,0,-620644.811321307,-584354.2218407614,-36289.787370732636,-18.49709170736689,
5098,4k18,98,1,5,0.72314453125,0,-620643.4744571339,-584354.2218407614,-36289.75306864696,11.54070361121002,
5099,4k18,99,1,5,0.72314453125,0,-620645.6302556874,-584354.2218407614,-36289.856445780555,-35.78925871088487,
5100,4k18,100,1,5,0.72314453125,0,-620643.0068108181,-584354.2218407614,-36289.657147458354,20.112888686913305,
6001,4eky,1,0,6,0.312255859375,0,-617535.3700757402,-584354.2218407614,-33208.0736281973,620.9143181738253,
6002,4eky,2,0,6,0.312255859375,0,-617565.2169663687,-584354.2218407614,-33208.56722022112,-55.98882828746113,
6003,4eky,3,0,6,0.312255859375,0,-617556.1710687948,-584354.2218407614,-33207.95492358022,138.49462941300908,
6004,4eky,4,0,6,0.312255859375,0,-617566.8988522677,-584354.2218407614,-33211.2105979424,-33.81630012935459,
6005,4eky,5,0,6,0.312255859375,0,-617543.239661433,-584354.2218407614,-33211.50052500783,518.4634787058126,
6006,4eky,6,0,6,0.312255859375,0,-617562.7508631726,-584354.2218407614,-33211.49739332016,68.45225932489011,
6007,4eky,7,0,6,0.312255859375,0,-617562.2888895941,-584354.2218407614,-33211.428047905494,77.5064798751258,
6008,4eky,8,0,6,0.312255859375,0,-617559.9726895777,-584354.2218407614,-33209.04822994285,76.03941518318454,
6009,4eky,9,0,6,0.312255859375,0,-617560.4220106674,-584354.2218407614,-33207.141870449115,21.716130416163676,
6010,4eky,10,0,6,0.312255859375,0,-617561.0749506138,-584354.2218407614,-33209.188716064054,53.86035875709826,
6011,4eky,11,0,6,0.312255859375,0,-617560.0045730991,-584354.2218407614,-33209.18929619603,78.55722879283978,
6012,4eky,12,0,6,0.312255859375,0,-617540.5581683604,-584354.2218407614,-33208.5148234468,511.44826430908665,
6013,4eky,13,0,6,0.312255859375,0,-617561.411031909,-584354.2218407614,-33209.363815019715,50.148017814548396,
6014,4eky,14,0,6,0.312255859375,0,-617562.5145383556,-584354.2218407614,-33209.565155635435,29.34357952078341,
6015,4eky,15,0,6,0.312255859375,0,-617567.591397397,-584354.2218407614,-33210.63334835582,-63.09846191084126,
6016,4eky,16,0,6,0.312255859375,0,-617557.5639613358,-584354.2218407614,-33207.13066906743,87.36600373130463,
6017,4eky,17,0,6,0.312255859375,0,-617561.5944711787,-584354.2218407614,-33205.37802601873,-45.99667013754279,
6018,4eky,18,0,6,0.312255859375,0,-617540.2235601027,-584354.2218407614,-33209.40771109875,539.7549924438729,
6019,4eky,19,0,6,0.312255859375,0,-617548.7188891841,-584354.2218407614,-33210.89914275222,378.2412808083458,
6020,4eky,20,0,6,0.312255859375,0,-617529.856677198,-584354.2218407614,-33209.421636472274,779.1421182662592,
6021,4eky,21,0,6,0.312255859375,0,-617558.415439673,-584354.2218407614,-33211.49865920364,168.4586922693319,
6022,4eky,22,0,6,0.312255859375,0,-617559.7021583994,-584354.2218407614,-33209.565267274935,94.20117648767695,
6023,4eky,23,0,6,0.312255859375,0,-617561.3854908717,-584354.2218407614,-33211.13112695031,91.49218943451902,
6024,4eky,24,0,6,0.312255859375,0,-617565.4632576193,-584354.2218407614,-33209.04154891782,-50.730159853897796,
6025,4eky,25,0,6,0.312255859375,0,-617567.7867444829,-584354.2218407614,-33210.87904347001,-61.93740879721463,
6026,4eky,26,0,6,0.312255859375,0,-617558.1065211822,-584354.2218407614,-33211.338056991655,171.87894691046853,
6027,4eky,27,0,6,0.312255859375,0,-617566.1072789801,-584354.2218407614,-33210.50866133981,-31.74922906805398,
6028,4eky,28,0,6,0.312255859375,0,-617565.0647898997,-584354.2218407614,-33211.26007593684,9.619172487576808,
6029,4eky,29,0,6,0.312255859375,0,-617563.9740892726,-584354.2218407614,-33211.00767828046,28.95089824239099,
6030,4eky,30,0,6,0.312255859375,0,-617536.4344156911,-584354.2218407614,-33211.32727325972,671.4008934134803,
6031,4eky,31,0,6,0.312255859375,0,-617567.2858463897,-584354.2218407614,-33211.360143313934,-39.291998398259416,
6032,4eky,32,0,6,0.312255859375,0,-617559.8950310586,-584354.2218407614,-33211.49564392381,134.26897034774436,
6033,4eky,33,0,6,0.312255859375,0,-617526.984088056,-584354.2218407614,-33211.24848944961,887.5138280351275,
6034,4eky,34,0,6,0.312255859375,0,-617560.6716946145,-584354.2218407614,-33210.62748504694,96.33846396450987,
6035,4eky,35,0,6,0.312255859375,0,-617562.6277733219,-584354.2218407614,-33211.24579090886,65.48868927314233,
6036,4eky,36,0,6,0.312255859375,0,-617514.61043016,-584354.2218407614,-33211.43276227527,1177.1065900971066,
6037,4eky,37,0,6,0.312255859375,0,-617548.8296343168,-584354.2218407614,-33210.885927806485,375.3826934885641,
6038,4eky,38,0,6,0.312255859375,0,-617555.3966565363,-584354.2218407614,-33210.93733287867,225.12899261878303,
6039,4eky,39,0,6,0.312255859375,0,-617556.0433181596,-584354.2218407614,-33206.96952189021,118.71672624044855,
6040,4eky,40,0,6,0.312255859375,0,-617554.9780102755,-584354.2218407614,-33211.26017100625,242.22802882154082,
6041,4eky,41,0,6,0.312255859375,0,-617566.9009898377,-584354.2218407614,-33209.04671819024,-83.76584619033459,
6042,4eky,42,0,6,0.312255859375,0,-617560.0700799008,-584354.2218407614,-33210.70470632132,111.99279373596107,
6043,4eky,43,0,6,0.312255859375,0,-617563.7348047865,-584354.2218407614,-33208.937896917465,-13.261362542351383,
6044,4eky,44,0,6,0.312255859375,0,-617552.279166558,-584354.2218407614,-33210.87552190833,295.59462453747017,
6045,4eky,45,0,6,0.312255859375,0,-617558.234354146,-584354.2218407614,-33211.42016423761,170.82448680623813,
6046,4eky,46,0,6,0.312255859375,0,-617564.305303403,-584354.2218407614,-33211.3594071966,29.42398044038318,
6047,4eky,47,0,6,0.312255859375,0,-617560.2228755874,-584354.2218407614,-33206.98955650144,22.795851377104242,
6048,4eky,48,0,6,0.312255859375,0,-617564.2095775096,-584354.2218407614,-33210.87648893409,20.495112292673806,
6049,4eky,49,0,6,0.312255859375,0,-617558.2985087705,-584354.2218407614,-33211.49222225957,171.00674348209765,
6050,4eky,50,0,6,0.312255859375,0,-617562.7511274298,-584354.2218407614,-33211.0820031267,58.8670399845512,
6051,4eky,51,0,6,0.312255859375,0,-617559.8194229377,-584354.2218407614,-33211.44648558908,134.87891690636368,
6052,4eky,52,0,6,0.312255859375,0,-617566.9119186489,-584354.2218407614,-33211.19776428752,-34.41356915057436,
6053,4eky,53,0,6,0.312255859375,0,-617554.0786935764,-584354.2218407614,-33211.26031733571,262.9701390141862,
6054,4eky,54,0,6,0.312255859375,0,-617563.4939740379,-584354.2218407614,-33211.11913389977,42.59284621453036,
6055,4eky,55,0,6,0.312255859375,0,-617564.104660697,-584354.2218407614,-33211.19647188001,30.293533494978554,
6056,4eky,56,0,6,0.312255859375,0,-617558.2785488154,-584354.2218407614,-33210.53711606078,149.44175880153614,
6057,4eky,57,0,6,0.312255859375,0,-617561.0830385165,-584354.2218407614,-33211.488613675225,106.71074615843658,
6058,4eky,58,0,6,0.312255859375,0,-617564.9972163965,-584354.2218407614,-33211.419114361364,14.844967686741029,
6059,4eky,59,0,6,0.312255859375,0,-617563.8377755058,-584354.2218407614,-33209.40683795028,-4.821886623844949,
6060,4eky,60,0,6,0.312255859375,0,-617564.5297120897,-584354.2218407614,-33211.20315832906,20.645808702731216,
6061,4eky,61,0,6,0.312255859375,0,-617560.0798010903,-584354.2218407614,-33210.9293022853,116.94792375043997,
6062,4eky,62,0,6,0.312255859375,0,-617564.7458514501,-584354.2218407614,-33211.43080158051,20.911094731392403,
6063,4eky,63,0,6,0.312255859375,0,-617558.5560035778,-584354.2218407614,-33210.88486827426,151.0628565351773,
6064,4eky,64,0,6,0.312255859375,0,-617560.2966388551,-584354.2218407614,-33209.07776505761,69.25006330370996,
6065,4eky,65,0,6,0.312255859375,0,-617562.0046456537,-584354.2218407614,-33211.01501108228,74.53644544286405,
6066,4eky,66,0,6,0.312255859375,0,-617564.1522689839,-584354.2218407614,-33211.33675683554,32.43070824608255,
6067,4eky,67,0,6,0.312255859375,0,-617562.295195706,-584354.2218407614,-33209.08650864177,23.363879293637066,
6068,4eky,68,0,6,0.312255859375,0,-617537.1838353662,-584354.2218407614,-33211.44540859275,656.8431306486825,
6069,4eky,69,0,6,0.312255859375,0,-617539.3143445032,-584354.2218407614,-33207.96234835206,527.3911455126521,
6070,4eky,70,0,6,0.312255859375,0,-617564.4955422361,-584354.2218407614,-33211.48934019621,28.03329488056097,
6071,4eky,71,0,6,0.312255859375,0,-617513.7723471893,-584354.2218407614,-33211.000367949535,1186.4619924987512,
6072,4eky,72,0,6,0.312255859375,0,-617549.8640458669,-584354.2218407614,-33211.07427377515,355.8719576815696,
6073,4eky,73,0,6,0.312255859375,0,-617554.9570414798,-584354.2218407614,-33210.311350117314,220.8312512469335,
6074,4eky,74,0,6,0.312255859375,0,-617563.0811575435,-584354.2218407614,-33211.482124338705,60.4833791097253,
6075,4eky,75,0,6,0.312255859375,0,-617528.5982088072,-584354.2218407614,-33209.04319549613,799.4360325540237,
6076,4eky,76,0,6,0.312255859375,0,-617510.3596067516,-584354.2218407614,-33209.5518148046,1231.757227511077,
6077,4eky,77,0,6,0.312255859375,0,-617560.9143774735,-584354.2218407614,-33211.352175067055,107.45381315648316,
6078,4eky,78,0,6,0.312255859375,0,-617544.4709843178,-584354.2218407614,-33211.32613069828,486.04687010935874,
6079,4eky,79,0,6,0.312255859375,0,-617558.9392964167,-584354.2218407614,-33210.87840474658,142.07486120066696,
6080,4eky,80,0,6,0.312255859375,0,-617533.8349126066,-584354.2218407614,-33209.073887179424,679.3825411424639,
6081,4eky,81,0,6,0.312255859375,0,-617564.8952208238,-584354.2218407614,-33209.4084415537,-29.170174983815823,
6082,4eky,82,0,6,0.312255859375,0,-617557.6644660314,-584354.2218407614,-33209.9096725684,149.13365354779287,
6083,4eky,83,0,6,0.312255859375,0,-617569.1740182412,-584354.2218407614,-33209.23362649493,-131.8729185098026,
6084,4eky,84,0,6,0.312255859375,0,-617563.5176834698,-584354.2218407614,-33209.65997732692,8.397143786272915,
6085,4eky,85,0,6,0.312255859375,0,-617566.6745254176,-584354.2218407614,-33209.24941087781,-73.8692481822677,
6086,4eky,86,0,6,0.312255859375,0,-617564.7386799089,-584354.2218407614,-33209.37642283257,-26.298624978373294,
6087,4eky,87,0,6,0.312255859375,0,-617565.0388377977,-584354.2218407614,-33208.33686346822,-57.19323877392314,
6088,4eky,88,0,6,0.312255859375,0,-617565.1760996665,-584354.2218407614,-33209.721224556495,-28.434447573758064,
6089,4eky,89,0,6,0.312255859375,0,-617566.2363772166,-584354.2218407614,-33210.023438583004,-45.915807718906805,
6090,4eky,90,0,6,0.312255859375,0,-617565.182262965,-584354.2218407614,-33209.468853364546,-34.39639455666769,
6091,4eky,91,0,6,0.312255859375,0,-617556.6554921044,-584354.2218407614,-33209.73181701713,168.29969860427465,
6092,4eky,92,0,6,0.312255859375,0,-617542.0519526538,-584354.2218407614,-33209.96504391246,510.4436585754378,
6093,4eky,93,0,6,0.312255859375,0,-617563.1032067316,-584354.2218407614,-33208.25338400422,-14.4816081641573,
6094,4eky,94,0,6,0.312255859375,0,-617549.0870308359,-584354.2218407614,-33207.87889851149,300.1032458638234,
6095,4eky,95,0,6,0.312255859375,0,-617564.8158827645,-584354.2218407614,-33207.985103021194,-60.1635621806739,
6096,4eky,96,0,6,0.312255859375,0,-617566.1872406093,-584354.2218407614,-33209.491720448066,-57.04440211859122,
6097,4eky,97,0,6,0.312255859375,0,-617564.246226467,-584354.2218407614,-33207.96458352624,-47.50016667847889,
6098,4eky,98,0,6,0.312255859375,0,-617560.1871432592,-584354.2218407614,-33208.428992400724,56.81403884511683,
6099,4eky,99,0,6,0.312255859375,0,-617565.001963712,-584354.2218407614,-33208.20315183215,-59.42636573676124,
6100,4eky,100,0,6,0.312255859375,0,-617555.7154462723,-584354.2218407614,-33206.132061968376,106.96534699754304,
7001,3g2n,1,0,7,0.312255859375,0,-611901.6146092395,-584354.2218407614,-27548.67627498606,29.598363216879445,
7002,3g2n,2,0,7,0.312255859375,0,-611898.0444298227,-584354.2218407614,-27548.458322675026,106.9025567284182,
7003,3g2n,3,0,7,0.312255859375,0,-611902.0713575463,-584354.2218407614,-27548.337713153145,11.258075700912753,
7004,3g2n,4,0,7,0.312255859375,0,-611904.2240489112,-584354.2218407614,-27548.544853420055,-33.60739845320467,
7005,3g2n,5,0,7,0.312255859375,0,-611903.3021318003,-584354.2218407614,-27548.57638612488,-11.62032337321686,
7006,3g2n,6,0,7,0.312255859375,0,-611903.1872643967,-584354.2218407614,-27548.705002994335,-6.005442647601322,
7007,3g2n,7,0,7,0.312255859375,0,-611902.3014042507,-584354.2218407614,-27548.288135440147,4.809783448628546,
7008,3g2n,8,0,7,0.312255859375,0,-611890.0033706265,-584354.2218407614,-27548.65557143191,296.88245132456535,
7009,3g2n,9,0,7,0.312255859375,0,-611896.8511373083,-584354.2218407614,-27547.707290978226,117.10133346677571,
7010,3g2n,10,0,7,0.312255859375,0,-611899.9814629246,-584354.2218407614,-27547.913447649276,49.668395639185434,
7011,3g2n,11,0,7,0.312255859375,0,-611902.476027755,-584354.2218407614,-27548.069570810578,-4.257350318459148,
7012,3g2n,12,0,7,0.312255859375,0,-611897.6552566575,-584354.2218407614,-27544.007308990753,13.234289157914873,
7013,3g2n,13,0,7,0.312255859375,0,-611901.3752070646,-584354.2218407614,-27547.973576099666,18.91448724283688,
7014,3g2n,14,0,7,0.312255859375,0,-611871.0594702949,-584354.2218407614,-27548.255982668197,724.5244352222126,
7015,3g2n,15,0,7,0.312255859375,0,-611877.9065945278,-584354.2218407614,-27547.774039120457,555.512117112666,
7016,3g2n,16,0,7,0.312255859375,0,-611899.6663684534,-584354.2218407614,-27548.26167628268,64.9649898203003,
7017,3g2n,17,0,7,0.312255859375,0,-611900.8740648011,-584354.2218407614,-27548.08753946522,33.099160020519946,
7018,3g2n,18,0,7,0.312255859375,0,-611901.379001065,-584354.2218407614,-27548.283735246456,25.97943535284541,
7019,3g2n,19,0,7,0.312255859375,0,-611902.2448405306,-584354.2218407614,-27548.385588021076,8.361483725361497,
7020,3g2n,20,0,7,0.312255859375,0,-611900.0618333804,-584354.2218407614,-27548.449390561378,60.17414605925578,
7021,3g2n,21,0,7,0.312255859375,0,-611895.8432011286,-584354.2218407614,-27541.536156387123,-1.9648504597818368,
7022,3g2n,22,0,7,0.312255859375,0,-611898.5842633535,-584354.2218407614,-27541.686168582237,-61.71588360186613,
7023,3g2n,23,0,7,0.312255859375,0,-611898.4523091892,-584354.2218407614,-27543.521049113057,-16.359598041424572,
7024,3g2n,24,0,7,0.312255859375,0,-611902.6049788283,-584354.2218407614,-27548.540600688255,3.6311743096155964,
7025,3g2n,25,0,7,0.312255859375,0,-611892.6120044569,-584354.2218407614,-27547.7101600478,214.9242216621555,
7026,3g2n,26,0,7,0.312255859375,0,-611899.2075562467,-584354.2218407614,-27547.57079014281,59.613237785370785,
7027,3g2n,27,0,7,0.312255859375,0,-611901.3384014348,-584354.2218407614,-27548.60838362672,34.40225456854088,
7028,3g2n,28,0,7,0.312255859375,0,-611896.8524638849,-584354.2218407614,-27548.068878383434,125.4091455370032,
7029,3g2n,29,0,7,0.312255859375,0,-611897.0666035692,-584354.2218407614,-27547.997726948055,118.83017602516202,
7030,3g2n,30,0,7,0.312255859375,0,-611885.4122905572,-584354.2218407614,-27548.644236655033,402.4938866927167,
7031,3g2n,31,0,7,0.312255859375,0,-611898.0113369505,-584354.2218407614,-27548.380369694016,105.86805804443898,
7032,3g2n,32,0,7,0.312255859375,0,-611858.5335348832,-584354.2218407614,-27547.756211311615,1001.8543666337963,
7033,3g2n,33,0,7,0.312255859375,0,-611902.6230396907,-584354.2218407614,-27548.278425664696,-2.8312187405515306,
7034,3g2n,34,0,7,0.312255859375,0,-611899.579087912,-584354.2218407614,-27548.26329997281,67.01517010439338,
7035,3g2n,35,0,7,0.312255859375,0,-611900.7695516924,-584354.2218407614,-27547.893685431263,31.038909341077378,
7036,3g2n,36,0,7,0.312255859375,0,-611897.2272116231,-584354.2218407614,-27541.706650585926,-29.949201038878723,
7037,3g2n,37,0,7,0.312255859375,0,-611901.8002752046,-584354.2218407614,-27548.23490336636,15.138533001426461,
7038,3g2n,38,0,7,0.312255859375,0,-611871.3944081058,-584354.2218407614,-27547.79065504769,706.069875964127,
7039,3g2n,39,0,7,0.312255859375,0,-611883.3456588666,-584354.2218407614,-27548.201747329018,439.9474993749467,
7040,3g2n,40,0,7,0.312255859375,0,-611902.2009397434,-584354.2218407614,-27548.258356065548,6.439821330774984,
7041,3g2n,41,0,7,0.312255859375,0,-611884.8391693066,-584354.2218407614,-27541.70988503197,255.80042942713456,
7042,3g2n,42,0,7,0.312255859375,0,-611901.1172787537,-584354.2218407614,-27547.701981158054,18.599327251459258,
7043,3g2n,43,0,7,0.312255859375,0,-611904.4234857539,-584354.2218407614,-27548.543824822686,-38.23024132223694,
7044,3g2n,44,0,7,0.312255859375,0,-611896.7310723054,-584354.2218407614,-27547.7299683998,120.3930519746118,
7045,3g2n,45,0,7,0.312255859375,0,-611901.8921688184,-584354.2218407614,-27548.23612001637,13.0474725406971,
7046,3g2n,46,0,7,0.312255859375,0,-611880.5124180902,-584354.2218407614,-27548.63615706662,515.301310345045,
7047,3g2n,47,0,7,0.312255859375,0,-611903.2918169483,-584354.2218407614,-27548.37659642198,-15.989717235186445,
7048,3g2n,48,0,7,0.312255859375,0,-611901.0538183438,-584354.2218407614,-27548.28744289378,33.56382742840442,
7049,3g2n,49,0,7,0.312255859375,0,-611901.440095065,-584354.2218407614,-27548.54332235554,30.556795188856725,
7050,3g2n,50,0,7,0.312255859375,0,-611901.4618922162,-584354.2218407614,-27548.445997715986,27.80978143574679,
7051,3g2n,51,0,7,0.312255859375,0,-611900.4922535698,-584354.2218407614,-27548.431745947382,49.84152622938981,
7052,3g2n,52,0,7,0.312255859375,0,-611903.2760346519,-584354.2218407614,-27548.627964527404,-9.829082615336684,
7053,3g2n,53,0,7,0.312255859375,0,-611901.4861231426,-584354.2218407614,-27548.458995432647,27.550737464960417,
7054,3g2n,54,0,7,0.312255859375,0,-611904.3462857296,-584354.2218407614,-27548.260634631908,-42.980487406883064,
7055,3g2n,55,0,7,0.312255859375,0,-611902.2425105259,-584354.2218407614,-27547.921065480492,-2.296929355268257,
7056,3g2n,56,0,7,0.312255859375,0,-611901.1698867517,-584354.2218407614,-27548.431014509,34.198066456439584,
7057,3g2n,57,0,7,0.312255859375,0,-611902.4110750536,-584354.2218407614,-27548.604590357336,9.578338405625255,
7058,3g2n,58,0,7,0.312255859375,0,-611898.3628794242,-584354.2218407614,-27547.982814223564,88.59344907187212,
7059,3g2n,59,0,7,0.312255859375,0,-611899.2364287953,-584354.2218407614,-27548.067725033543,70.40701181377113,
7060,3g2n,60,0,7,0.312255859375,0,-611901.3655467915,-584354.2218407614,-27548.25911679963,25.721983401600994,
7061,3g2n,61,0,7,0.312255859375,0,-611904.4339862744,-584354.2218407614,-27548.73090383509,-34.158244563062716,
7062,3g2n,62,0,7,0.312255859375,0,-611900.4538076808,-584354.2218407614,-27547.958465785778,39.81400968802428,
7063,3g2n,63,0,7,0.312255859375,0,-611886.542560933,-584354.2218407614,-27548.385122926018,370.4539280869188,
7064,3g2n,64,0,7,0.312255859375,0,-611873.4979102301,-584354.2218407614,-27548.38915988902,671.3638141348431,
7065,3g2n,65,0,7,0.312255859375,0,-611902.0470550637,-584354.2218407614,-27548.723253996166,20.70928731456747,
7066,3g2n,66,0,7,0.312255859375,0,-611896.4552737762,-584354.2218407614,-27547.790659220016,128.1526807102715,
7067,3g2n,67,0,7,0.312255859375,0,-611887.887839137,-584354.2218407614,-27548.259762258313,336.5401900454682,
7068,3g2n,68,0,7,0.312255859375,0,-611890.4336495983,-584354.2218407614,-27548.459452600277,282.4373748176703,
7069,3g2n,69,0,7,0.312255859375,0,-611898.757189406,-584354.2218407614,-27547.731214673313,73.69842141546515,
7070,3g2n,70,0,7,0.312255859375,0,-611902.4742968519,-584354.2218407614,-27548.26407763461,0.2679991731084069,
7071,3g2n,71,0,7,0.312255859375,0,-611871.4265206436,-584354.2218407614,-27548.101640791676,712.5008448721136,
7072,3g2n,72,0,7,0.312255859375,0,-611903.3773734855,-584354.2218407614,-27548.17894938687,-22.52054675893156,
7073,3g2n,73,0,7,0.312255859375,0,-611894.01514679,-584354.2218407614,-27548.72515723208,205.9733818940884,
7074,3g2n,74,0,7,0.312255859375,0,-611902.0133387287,-584354.2218407614,-27548.649593503273,19.788153150021838,
7075,3g2n,75,0,7,0.312255859375,0,-611880.5780980567,-584354.2218407614,-27548.589495212815,512.7106464251701,
7076,3g2n,76,0,7,0.312255859375,0,-611897.4539214062,-584354.2218407614,-27548.265169651306,116.06578977002367,
7077,3g2n,77,0,7,0.312255859375,0,-611902.9311180393,-584354.2218407614,-27547.83473858336,-20.167341395863644,
7078,3g2n,78,0,7,0.312255859375,0,-611889.4442359795,-584354.2218407614,-27548.464212508,305.36356097817554,
7079,3g2n,79,0,7,0.312255859375,0,-611894.4642755821,-584354.2218407614,-27548.258240492127,184.84887008590798,
7080,3g2n,80,0,7,0.312255859375,0,-611884.4160602676,-584354.2218407614,-27547.433878810203,397.55598796286586,
7081,3g2n,81,0,7,0.312255859375,0,-611863.7686651478,-584354.2218407614,-27548.29750540951,893.6119332011411,
7082,3g2n,82,0,7,0.312255859375,0,-611899.5439063896,-584354.2218407614,-27548.188828797138,66.10912917519173,
7083,3g2n,83,0,7,0.312255859375,0,-611874.4531407788,-584354.2218407614,-27548.627032429955,654.8211454840907,
7084,3g2n,84,0,7,0.312255859375,0,-611844.5706564175,-584354.2218407614,-27548.385811061657,1338.3649084940835,
7085,3g2n,85,0,7,0.312255859375,0,-611878.551692752,-584354.2218407614,-27548.097203404697,548.0881440900263,
7086,3g2n,86,0,7,0.312255859375,0,-611902.3915818919,-584354.2218407614,-27548.239554674423,1.609938567695469,
7087,3g2n,87,0,7,0.312255859375,0,-611894.3469116072,-584354.2218407614,-27547.470877558982,169.39832706325757,
7088,3g2n,88,0,7,0.312255859375,0,-611902.3536698507,-584354.2218407614,-27548.202750892437,1.6354956318811409,
7089,3g2n,89,0,7,0.312255859375,0,-611901.5111356954,-584354.2218407614,-27548.772700936588,34.20815507452575,
7090,3g2n,90,0,7,0.312255859375,0,-611900.0897019495,-584354.2218407614,-27547.861775309837,45.98075197369509,
7091,3g2n,91,0,7,0.312255859375,0,-611906.0181426982,-584354.2218407614,-27547.273309082768,-104.30269304904475,
7092,3g2n,92,0,7,0.312255859375,0,-611899.4285545485,-584354.2218407614,-27547.979468912876,63.941252199078754,
7093,3g2n,93,0,7,0.312255859375,0,-611892.9483108501,-584354.2218407614,-27548.015561373028,214.211533865162,
7094,3g2n,94,0,7,0.312255859375,0,-611903.2076835026,-584354.2218407614,-27547.593797654903,-32.10132229518187,
7095,3g2n,95,0,7,0.312255859375,0,-611887.1056800614,-584354.2218407614,-27548.45059988,358.97802692248445,
7096,3g2n,96,0,7,0.312255859375,0,-611901.9714445757,-584354.2218407614,-27548.62430873612,20.171174686679034,
7097,3g2n,97,0,7,0.312255859375,0,-611902.6515530482,-584354.2218407614,-27548.204038650783,-5.204157677496926,
7098,3g2n,98,0,7,0.312255859375,0,-611902.6744412769,-584354.2218407614,-27548.53291991452,1.8522093413492786,
7099,3g2n,99,0,7,0.312255859375,0,-611894.4111954257,-584354.2218407614,-27548.79920634725,198.54789654923988,
7100,3g2n,100,0,7,0.312255859375,0,-611890.5936924802,-584354.2218407614,-27548.588306100166,281.71813058049315,
8001,3ebp,1,1,8,0.312255859375,1,-630722.6137458573,-584354.2218407614,-46384.59123077122,373.5653245596456,
8002,3ebp,2,1,8,0.312255859375,1,-630742.5134354127,-584354.2218407614,-46385.12372057771,-73.0529115953512,
8003,3ebp,3,1,8,0.312255859375,1,-630740.414997239,-584354.2218407614,-46385.406191847,-18.147835505939433,
8004,3ebp,4,1,8,0.312255859375,1,-630739.9681753558,-584354.2218407614,-46384.572656235374,-27.0656659370433,
8005,3ebp,5,1,8,0.312255859375,1,-630727.1663621853,-584354.2218407614,-46380.55447348086,175.48966339829786,
8006,3ebp,6,1,8,0.312255859375,1,-630737.5247180652,-584354.2218407614,-46384.57314788436,29.293135480926633,
8007,3ebp,7,1,8,0.312255859375,1,-630715.3983724903,-584354.2218407614,-46380.55277996389,446.82689919997534,
8008,3ebp,8,1,8,0.312255859375,1,-630738.4669741733,-584354.2218407614,-46384.57619463531,7.634453176029264,
8009,3ebp,9,1,8,0.312255859375,1,-630732.7876252717,-584354.2218407614,-46384.57330440608,138.53669989915383,
8010,3ebp,10,1,8,0.312255859375,1,-630735.2352440248,-584354.2218407614,-46380.52556183075,-11.249890691601621,
8011,3ebp,11,1,8,0.312255859375,1,-630735.2673313807,-584354.2218407614,-46380.55119376508,-11.39875625102683,
8012,3ebp,12,1,8,0.312255859375,1,-630734.1792511088,-584354.2218407614,-46384.56815197197,106.3262277677389,
8013,3ebp,13,1,8,0.312255859375,1,-630731.0899287353,-584354.2218407614,-46380.55199935166,84.95301453027251,
8014,3ebp,14,1,8,0.312255859375,1,-630728.9465076071,-584354.2218407614,-46380.55549435948,134.46207677249436,
8015,3ebp,15,1,8,0.312255859375,1,-630738.0565991293,-584354.2218407614,-46384.67273153988,19.324120411619035,
8016,3ebp,16,1,8,0.312255859375,1,-630713.4194815649,-584354.2218407614,-46380.464198014415,490.4184597543013,
8017,3ebp,17,1,8,0.312255859375,1,-630741.2856530136,-584354.2218407614,-46384.57038696734,-57.499753044799945,
8018,3ebp,18,1,8,0.312255859375,1,-630741.0524265657,-584354.2218407614,-46384.53768440222,-52.87556245366715,
8019,3ebp,19,1,8,0.312255859375,1,-630747.7063576024,-584354.2218407614,-46384.54285629717,-206.1995906563401,
8020,3ebp,20,1,8,0.312255859375,1,-630737.5037563485,-584354.2218407614,-46384.57516565052,29.82305494360191,
8021,3ebp,21,1,8,0.312255859375,1,-630736.8065263818,-584354.2218407614,-46380.546390584386,-47.00420017058917,
8022,3ebp,22,1,8,0.312255859375,1,-630740.5658601116,-584354.2218407614,-46384.56984456514,-40.91344249175149,
8023,3ebp,23,1,8,0.312255859375,1,-630737.505123828,-584354.2218407614,-46384.67534758774,32.10177047339523,
8024,3ebp,24,1,8,0.312255859375,1,-630739.3872769517,-584354.2218407614,-46383.317642173446,-42.6111423072569,
8025,3ebp,25,1,8,0.312255859375,1,-630726.0005756802,-584354.2218407614,-46384.673634848274,297.3634565946685,
8026,3ebp,26,1,8,0.312255859375,1,-630735.8044929692,-584354.2218407614,-46384.67286162709,71.26192211990895,
8027,3ebp,27,1,8,0.312255859375,1,-630737.3902982663,-584354.2218407614,-46380.56207310287,-60.104652169041174,
8028,3ebp,28,1,8,0.312255859375,1,-630737.218505968,-584354.2218407614,-46384.57331948606,36.35851142331185,
8029,3ebp,29,1,8,0.312255859375,1,-630741.1952065721,-584354.2218407614,-46384.5760919067,-55.28244952620356,
8030,3ebp,30,1,8,0.312255859375,1,-630739.8833013665,-584354.2218407614,-46380.55227538084,-117.82061023955637,
8031,3ebp,31,1,8,0.312255859375,1,-630740.837704305,-584354.2218407614,-46380.556970170415,-139.72140043262058,
8032,3ebp,32,1,8,0.312255859375,1,-630691.3139538957,-584354.2218407614,-46383.33131053177,1066.301223233035,
8033,3ebp,33,1,8,0.312255859375,1,-630740.0322736389,-584354.2218407614,-46384.57105546323,-28.580722142112876,
8034,3ebp,34,1,8,0.312255859375,1,-630741.1089811812,-584354.2218407614,-46384.67893760537,-50.9223666218396,
8035,3ebp,35,1,8,0.312255859375,1,-630737.7276643108,-584354.2218407614,-46384.54405533401,23.942193726730004,
8036,3ebp,36,1,8,0.312255859375,1,-630736.8066179348,-584354.2218407614,-46384.540518483795,45.10046603106278,
8037,3ebp,37,1,8,0.312255859375,1,-630731.9555666039,-584354.2218407614,-46380.46791338054,63.0518624976119,
8038,3ebp,38,1,8,0.312255859375,1,-630728.6529987941,-584354.2218407614,-46380.54956885313,141.09390537112094,
8039,3ebp,39,1,8,0.312255859375,1,-630738.0010949861,-584354.2218407614,-46384.53965940205,17.535359962145666,
8040,3ebp,40,1,8,0.312255859375,1,-630736.5468664808,-584354.2218407614,-46384.67119469372,54.103941849340046,
8041,3ebp,41,1,8,0.312255859375,1,-630737.8112569342,-584354.2218407614,-46384.57196595398,22.658136224442497,
8042,3ebp,42,1,8,0.312255859375,1,-630735.0834140072,-584354.2218407614,-46380.557231149425,-7.018295471290558,
8043,3ebp,43,1,8,0.312255859375,1,-630734.9289617579,-584354.2218407614,-46383.32990338532,60.482798725478524,
8044,3ebp,44,1,8,0.312255859375,1,-630739.3889330071,-584354.2218407614,-46384.57004233328,-13.768298064213207,
8045,3ebp,45,1,8,0.312255859375,1,-630738.4227369024,-584354.2218407614,-46384.57038276521,8.5205639703142,
8046,3ebp,46,1,8,0.312255859375,1,-630732.6317530314,-584354.2218407614,-46380.55916627382,49.56297475464877,
8047,3ebp,47,1,8,0.312255859375,1,-630738.6675354432,-584354.2218407614,-46380.55679749576,-89.68009956795063,
8048,3ebp,48,1,8,0.312255859375,1,-630737.0785690291,-584354.2218407614,-46384.534659883655,38.69402228532584,
8049,3ebp,49,1,8,0.312255859375,1,-630709.7132208387,-584354.2218407614,-46384.57146548358,670.6027004295855,
8050,3ebp,50,1,8,0.312255859375,1,-630742.5702156016,-584354.2218407614,-46384.67470656966,-84.71680286706643,
8051,3ebp,51,1,8,0.312255859375,1,-630728.2680063437,-584354.2218407614,-46384.57451423136,242.78948759737779,
8052,3ebp,52,1,8,0.312255859375,1,-630736.2968641712,-584354.2218407614,-46380.465422234214,-37.11828489768046,
8053,3ebp,53,1,8,0.312255859375,1,-630732.7985774911,-584354.2218407614,-46384.539640477575,137.5078270870463,
8054,3ebp,54,1,8,0.312255859375,1,-630724.8299177478,-584354.2218407614,-46384.54052802061,321.2899534723739,
8055,3ebp,55,1,8,0.312255859375,1,-630727.9478272687,-584354.2218407614,-46384.67715223757,252.53988112229283,
8056,3ebp,56,1,8,0.312255859375,1,-630736.0248139097,-584354.2218407614,-46383.31821574894,34.94232446719232,
8057,3ebp,57,1,8,0.312255859375,1,-630721.1752191673,-584354.2218407614,-46384.5765333089,406.39960656733024,
8058,3ebp,58,1,8,0.312255859375,1,-630739.5874383637,-584354.2218407614,-46384.67259638642,-15.980987686086808,
8059,3ebp,59,1,8,0.312255859375,1,-630727.9103782367,-584354.2218407614,-46384.673595330394,253.32145208942953,
8060,3ebp,60,1,8,0.312255859375,1,-630736.8409925443,-584354.2218407614,-46383.32151879994,16.19696819005513,
8061,3ebp,61,1,8,0.312255859375,1,-630736.0379637817,-584354.2218407614,-46384.53781231371,62.763646129218344,
8062,3ebp,62,1,8,0.312255859375,1,-630733.7467728148,-584354.2218407614,-46380.535771152725,23.31050339890858,
8063,3ebp,63,1,8,0.312255859375,1,-630737.6740274321,-584354.2218407614,-46384.67177789537,28.12444176941988,
8064,3ebp,64,1,8,0.312255859375,1,-630719.4345517947,-584354.2218407614,-46380.465153268255,351.72967369304257,
8065,3ebp,65,1,8,0.312255859375,1,-630722.3818156908,-584354.2218407614,-46384.57540579764,378.5488286969544,
8066,3ebp,66,1,8,0.312255859375,1,-630722.0975898096,-584354.2218407614,-46384.66959338521,387.2752505937019,
8067,3ebp,67,1,8,0.312255859375,1,-630740.2228163223,-584354.2218407614,-46384.53575583426,-33.78876959040537,
8068,3ebp,68,1,8,0.312255859375,1,-630736.5771444929,-584354.2218407614,-46384.57874395577,51.27374963992846,
8069,3ebp,69,1,8,0.312255859375,1,-630738.2469805664,-584354.2218407614,-46384.67160557834,14.907854885905298,
8070,3ebp,70,1,8,0.312255859375,1,-630713.0961058327,-584354.2218407614,-46384.54623799657,592.009759548265,
8071,3ebp,71,1,8,0.312255859375,1,-630732.8639768701,-584354.2218407614,-46384.540113351024,136.01058630023255,
8072,3ebp,72,1,8,0.312255859375,1,-630727.444960226,-584354.2218407614,-46384.54174782959,261.0137707882354,
8073,3ebp,73,1,8,0.312255859375,1,-630737.0592487796,-584354.2218407614,-46383.32257344452,11.188180519881884,
8074,3ebp,74,1,8,0.312255859375,1,-630736.3212664018,-584354.2218407614,-46383.32461508249,28.2535397304172,
8075,3ebp,75,1,8,0.312255859375,1,-630736.2427603196,-584354.2218407614,-46384.57789292065,58.96520652540547,
8076,3ebp,76,1,8,0.312255859375,1,-630734.7413549465,-584354.2218407614,-46384.541030636705,92.73837248284786,
8077,3ebp,77,1,8,0.312255859375,1,-630737.7247902191,-584354.2218407614,-46384.575666001714,24.737431171195446,
8078,3ebp,78,1,8,0.312255859375,1,-630740.0192333648,-584354.2218407614,-46384.58033805226,-28.06594469071165,
8079,3ebp,79,1,8,0.312255859375,1,-630739.1917817335,-584354.2218407614,-46383.79101463286,-27.186687236377374,
8080,3ebp,80,1,8,0.312255859375,1,-630730.6437026156,-584354.2218407614,-46384.396889111675,183.908497519976,
8081,3ebp,81,1,8,0.312255859375,1,-630741.4114348477,-584354.2218407614,-46384.91750898091,-52.39552724990857,
8082,3ebp,82,1,8,0.312255859375,1,-630708.5534102658,-584354.2218407614,-46384.34957285856,692.2316021269902,
8083,3ebp,83,1,8,0.312255859375,1,-630737.8903136741,-584354.2218407614,-46383.965823909915,6.857076892737746,
8084,3ebp,84,1,8,0.312255859375,1,-630737.1701211524,-584354.2218407614,-46383.80891247717,19.846647386576446,
8085,3ebp,85,1,8,0.312255859375,1,-630737.3792073915,-584354.2218407614,-46384.23240842549,24.791052741152992,
8086,3ebp,86,1,8,0.312255859375,1,-630731.327397574,-584354.2218407614,-46384.161337337246,162.71016427087102,
8087,3ebp,87,1,8,0.312255859375,1,-630741.044606496,-584354.2218407614,-46384.22465117899,-59.913944979674405,
8088,3ebp,88,1,8,0.312255859375,1,-630736.3164102031,-584354.2218407614,-46383.820426187194,39.799202027205915,
8089,3ebp,89,1,8,0.312255859375,1,-630743.1398701108,-584354.2218407614,-46384.13481756178,-110.30348421265553,
8090,3ebp,90,1,8,0.312255859375,1,-630743.556621317,-584354.2218407614,-46384.231149754276,-117.6925222056929,
8091,3ebp,91,1,8,0.312255859375,1,-630737.3612276207,-584354.2218407614,-46384.11409642426,22.47733654200196,
8092,3ebp,92,1,8,0.312255859375,1,-630741.8450980975,-584354.2218407614,-46383.909199050344,-85.64821874416242,
8093,3ebp,93,1,8,0.312255859375,1,-630739.1292953829,-584354.2218407614,-46384.226319453395,-15.707350123482943,
8094,3ebp,94,1,8,0.312255859375,1,-630729.9539472053,-584354.2218407614,-46384.252998432865,196.49643726967332,
8095,3ebp,95,1,8,0.312255859375,1,-630736.5777544271,-584354.2218407614,-46383.884734830535,35.255453595508214,
8096,3ebp,96,1,8,0.312255859375,1,-630740.5841283245,-584354.2218407614,-46384.46036638943,-43.859344196752076,
8097,3ebp,97,1,8,0.312255859375,1,-630738.1205088983,-584354.2218407614,-46384.72573270527,19.072562037647547,
8098,3ebp,98,1,8,0.312255859375,1,-630737.1164253243,-584354.2218407614,-46383.55074443554,15.131406125708237,
8099,3ebp,99,1,8,0.312255859375,1,-630737.4744655829,-584354.2218407614,-46384.63471343247,31.871720519379316,
8100,3ebp,100,1,8,0.312255859375,1,-630744.7772335899,-584354.2218407614,-46385.54993524281,-115.42859406982531,
9001,3l7b,1,0,9,0.312255859375,0,-612391.7090389121,-584354.2218407614,-28038.388899343227,20.793723478798213,
9002,3l7b,2,0,9,0.312255859375,0,-612393.7327837347,-584354.2218407614,-28039.026461200927,-11.172415085171838,
9003,3l7b,3,0,9,0.312255859375,0,-612392.9203564372,-584354.2218407614,-28038.65476103327,-1.0090060279041349,
9004,3l7b,4,0,9,0.312255859375,0,-612392.768765494,-584354.2218407614,-28038.757958965514,4.866565021429659,
9005,3l7b,5,0,9,0.312255859375,0,-612392.2270419146,-584354.2218407614,-28038.891707973693,20.443332935587033,
9006,3l7b,6,0,9,0.312255859375,0,-612392.0972914845,-584354.2218407614,-28038.72109927437,19.50111886434447,
9007,3l7b,7,0,9,0.312255859375,0,-612393.1680987921,-584354.2218407614,-28039.027229743217,1.8672520490609545,
9008,3l7b,8,0,9,0.312255859375,0,-612392.4172515271,-584354.2218407614,-28038.89080633423,16.03620276914735,
9009,3l7b,9,0,9,0.312255859375,0,-612360.7483969327,-584354.2218407614,-28038.6546151211,740.8906401154279,
9010,3l7b,10,0,9,0.312255859375,0,-612392.7860517352,-584354.2218407614,-28038.561084466193,-0.07209897812537094,
9011,3l7b,11,0,9,0.312255859375,0,-612392.4831252244,-584354.2218407614,-28038.65101631186,8.987429941915018,
9012,3l7b,12,0,9,0.312255859375,0,-612391.6718351094,-584354.2218407614,-28038.75235618851,30.033177516095098,
9013,3l7b,13,0,9,0.312255859375,0,-612395.3003412333,-584354.2218407614,-28038.890606539462,-50.45403267713689,
9014,3l7b,14,0,9,0.312255859375,0,-612394.5835837722,-584354.2218407614,-28038.892242090915,-33.88749625045946,
9015,3l7b,15,0,9,0.312255859375,0,-612367.502806529,-584354.2218407614,-28038.545911984656,582.6235006744998,
9016,3l7b,16,0,9,0.312255859375,0,-612380.7487766889,-584354.2218407614,-28038.71949030659,281.1669834348206,
9017,3l7b,17,0,9,0.312255859375,0,-612391.1775555157,-584354.2218407614,-28038.80387671492,42.61962729171339,
9018,3l7b,18,0,9,0.312255859375,0,-612389.9956373423,-584354.2218407614,-28037.237284081195,33.7488234985729,
9019,3l7b,19,0,9,0.312255859375,0,-612392.7238543477,-584354.2218407614,-28037.23548169634,-29.20691922843079,
9020,3l7b,20,0,9,0.312255859375,0,-612353.7031096963,-584354.2218407614,-28036.71872712872,858.7161857690984,
9021,3l7b,21,0,9,0.312255859375,0,-612382.2423579987,-584354.2218407614,-28038.754924195026,247.5413050803898,
9022,3l7b,22,0,9,0.312255859375,0,-612385.7264934927,-584354.2218407614,-28038.524704771255,161.88624583957616,
9023,3l7b,23,0,9,0.312255859375,0,-612386.18126519,-584354.2218407614,-28036.157981293414,96.82102139965767,
9024,3l7b,24,0,9,0.312255859375,0,-612372.3300235865,-584354.2218407614,-28039.026649015163,482.39129011801447,
9025,3l7b,25,0,9,0.312255859375,0,-612360.4380438473,-584354.2218407614,-28035.956095652793,685.8182150148828,
9026,3l7b,26,0,9,0.312255859375,0,-612391.4874328821,-584354.2218407614,-28036.739438193057,-12.133397814774026,
9027,3l7b,27,0,9,0.312255859375,0,-612393.1394024042,-584354.2218407614,-28038.542791621898,-8.642401993088225,
9028,3l7b,28,0,9,0.312255859375,0,-612394.840358868,-584354.2218407614,-28038.65516574881,-45.27598095610757,
9029,3l7b,29,0,9,0.312255859375,0,-612396.5424145904,-584354.2218407614,-28038.892157273505,-79.06116396122617,
9030,3l7b,30,0,9,0.312255859375,0,-612392.2870965153,-584354.2218407614,-28038.122494595264,1.3199590383695674,
9031,3l7b,31,0,9,0.312255859375,0,-612391.4632053223,-584354.2218407614,-28038.893641905997,38.102420745952465,
9032,3l7b,32,0,9,0.312255859375,0,-612394.5031991897,-584354.2218407614,-28039.028199629996,-28.89852840762846,
9033,3l7b,33,0,9,0.312255859375,0,-612392.783828362,-584354.2218407614,-28036.29175771973,-52.35274475520312,
9034,3l7b,34,0,9,0.312255859375,0,-612392.7734553366,-584354.2218407614,-28038.270790474628,-6.475957603343357,
9035,3l7b,35,0,9,0.312255859375,0,-612385.6127006111,-584354.2218407614,-28038.17633511326,156.4767768676615,
9036,3l7b,36,0,9,0.312255859375,0,-612392.2531597165,-584354.2218407614,-28038.543383913253,11.808498459328918,
9037,3l7b,37,0,9,0.312255859375,0,-612384.5312703397,-584354.2218407614,-28038.721540229533,193.9878800276866,
9038,3l7b,38,0,9,0.312255859375,0,-612390.2581283301,-584354.2218407614,-28036.162636594985,2.9136777630214232,
9039,3l7b,39,0,9,0.312255859375,0,-612392.4156696645,-584354.2218407614,-28038.87674434683,15.748404253545377,
9040,3l7b,40,0,9,0.312255859375,0,-612392.3197698144,-584354.2218407614,-28038.8942386677,18.363335957593357,
9041,3l7b,41,0,9,0.312255859375,0,-612390.5689610379,-584354.2218407614,-28038.89515246651,58.75901819085317,
9042,3l7b,42,0,9,0.312255859375,0,-612372.0591594875,-584354.2218407614,-28038.890892522548,485.50694553806414,
9043,3l7b,43,0,9,0.312255859375,0,-612395.6303966485,-584354.2218407614,-28038.65592290661,-63.477224508397164,
9044,3l7b,44,0,9,0.312255859375,0,-612388.6892286687,-584354.2218407614,-28037.681354360793,74.11582712624445,
9045,3l7b,45,0,9,0.312255859375,0,-612392.1487657272,-584354.2218407614,-28038.522893207286,13.743354138085579,
9046,3l7b,46,0,9,0.312255859375,0,-612394.5097615868,-584354.2218407614,-28038.89003367922,-32.236043396637044,
9047,3l7b,47,0,9,0.312255859375,0,-612384.525029346,-584354.2218407614,-28037.874010818217,174.58730823478928,
9048,3l7b,48,0,9,0.312255859375,0,-612382.0579546837,-584354.2218407614,-28038.525966720794,246.51386176198992,
9049,3l7b,49,0,9,0.312255859375,0,-612398.7633904951,-584354.2218407614,-28039.024494545672,-127.2263150482152,
9050,3l7b,50,0,9,0.312255859375,0,-612394.0092227011,-584354.2218407614,-28038.886615889285,-20.772158589936435,
9051,3l7b,51,0,9,0.312255859375,0,-612392.3477707353,-584354.2218407614,-28038.188417332385,1.4409927190839045,
9052,3l7b,52,0,9,0.312255859375,0,-612392.3487525282,-584354.2218407614,-28039.032314615462,20.879085696932485,
9053,3l7b,53,0,9,0.312255859375,0,-612392.2572005533,-584354.2218407614,-28038.5244615247,11.278953902203593,
9054,3l7b,54,0,9,0.312255859375,0,-612394.1922017186,-584354.2218407614,-28038.757096724723,-27.978537864274138,
9055,3l7b,55,0,9,0.312255859375,0,-612389.170135304,-584354.2218407614,-28038.885785894607,90.80070765528858,
9056,3l7b,56,0,9,0.312255859375,0,-612390.4721487311,-584354.2218407614,-28038.649106400226,55.317605942022766,
9057,3l7b,57,0,9,0.312255859375,0,-612396.648470326,-584354.2218407614,-28038.721063750003,-85.45237770721694,
9058,3l7b,58,0,9,0.312255859375,0,-612392.4005504249,-584354.2218407614,-28038.719577090953,12.472699179254542,
9059,3l7b,59,0,9,0.312255859375,0,-612389.3264878688,-584354.2218407614,-28038.72049148581,83.3833522358475,
9060,3l7b,60,0,9,0.312255859375,0,-612394.4541397688,-584354.2218407614,-28038.80353744528,-32.94802434353083,
9061,3l7b,61,0,9,0.312255859375,0,-612388.6298022411,-584354.2218407614,-28038.720805840705,99.45655367210819,
9062,3l7b,62,0,9,0.312255859375,0,-612392.6945622414,-584354.2218407614,-28038.71886266968,5.676150676195673,
9063,3l7b,63,0,9,0.312255859375,0,-612392.353497937,-584354.2218407614,-28038.649935858462,11.951790355662276,
9064,3l7b,64,0,9,0.312255859375,0,-612390.7869468776,-584354.2218407614,-28038.12169893286,35.895883100583326,
9065,3l7b,65,0,9,0.312255859375,0,-612393.0068673629,-584354.2218407614,-28038.87463797829,2.0664874402638356,
9066,3l7b,66,0,9,0.312255859375,0,-612391.9910245687,-584354.2218407614,-28038.891923563693,25.89099385346009,
9067,3l7b,67,0,9,0.312255859375,0,-612393.8311156478,-584354.2218407614,-28038.647907929633,-22.169648690037285,
9068,3l7b,68,0,9,0.312255859375,0,-612392.923255637,-584354.2218407614,-28038.878027157996,4.072775983686585,
9069,3l7b,69,0,9,0.312255859375,0,-612380.6768709265,-584354.2218407614,-28038.75362290642,283.61228615944697,
9070,3l7b,70,0,9,0.312255859375,0,-612393.5533273667,-584354.2218407614,-28038.147763745998,-27.297297616078794,
9071,3l7b,71,0,9,0.312255859375,0,-612392.2531882968,-584354.2218407614,-28035.96202494404,-47.719712595795215,
9072,3l7b,72,0,9,0.312255859375,0,-612382.2970708755,-584354.2218407614,-28038.753285186503,246.2417997337155,
9073,3l7b,73,0,9,0.312255859375,0,-612365.4005181484,-584354.2218407614,-28038.559255557273,631.4111325239707,
9074,3l7b,74,0,9,0.312255859375,0,-612394.4655978531,-584354.2218407614,-28039.023382382606,-28.142509350243323,
9075,3l7b,75,0,9,0.312255859375,0,-612388.4099975672,-584354.2218407614,-28035.959374504302,40.84525045437526,
9076,3l7b,76,0,9,0.312255859375,0,-612392.2385588733,-584354.2218407614,-28039.029099302505,23.34606486801249,
9077,3l7b,77,0,9,0.312255859375,0,-612389.5997728548,-584354.2218407614,-28036.10374863646,16.737727106175683,
9078,3l7b,78,0,9,0.312255859375,0,-612391.4772835523,-584354.2218407614,-28038.419113593314,26.83488619770937,
9079,3l7b,79,0,9,0.312255859375,0,-612392.1773084548,-584354.2218407614,-28039.026557522033,24.699918224278235,
9080,3l7b,80,0,9,0.312255859375,0,-612391.5257195381,-584354.2218407614,-28038.167347448085,19.912060596041556,
9081,3l7b,81,0,9,0.312255859375,0,-612393.0860345506,-584354.2218407614,-28038.4241617491,-10.147379907648165,
9082,3l7b,82,0,9,0.312255859375,0,-612392.2992634624,-584354.2218407614,-28038.54591782591,10.803754235163238,
9083,3l7b,83,0,9,0.312255859375,0,-612379.4694661644,-584354.2218407614,-28039.02679272196,317.7551470252399,
9084,3l7b,84,0,9,0.312255859375,0,-612391.3203446714,-584354.2218407614,-28038.877685921405,41.0289118732626,
9085,3l7b,85,0,9,0.312255859375,0,-612391.3407130684,-584354.2218407614,-28038.352132456515,28.4396546653085,
9086,3l7b,86,0,9,0.312255859375,0,-612391.7495133578,-584354.2218407614,-28038.16378964684,14.669207667683326,
9087,3l7b,87,0,9,0.312255859375,0,-612393.7055164721,-584354.2218407614,-28038.88823069832,-13.731288189393652,
9088,3l7b,88,0,9,0.312255859375,0,-612392.7984379081,-584354.2218407614,-28038.656996386264,1.854050509742434,
9089,3l7b,89,0,9,0.312255859375,0,-612393.2606005209,-584354.2218407614,-28038.890316801284,-3.423175938311189,
9090,3l7b,90,0,9,0.312255859375,0,-612393.3015732318,-584354.2218407614,-28038.422790365432,-15.149444834653602,
9091,3l7b,91,0,9,0.312255859375,0,-612389.6810361587,-584354.2218407614,-28036.346673088286,20.465721740941824,
9092,3l7b,92,0,9,0.312255859375,0,-612393.1483316272,-584354.2218407614,-28038.751509206508,-4.0351729254489435,
9093,3l7b,93,0,9,0.312255859375,0,-612392.30935274,-584354.2218407614,-28038.890888648246,18.526306116883898,
9094,3l7b,94,0,9,0.312255859375,0,-612392.4396469444,-584354.2218407614,-28038.889936702464,15.499697991725759,
9095,3l7b,95,0,9,0.312255859375,0,-612393.7079800513,-584354.2218407614,-28037.686124639724,-41.50932393662516,
9096,3l7b,96,0,9,0.312255859375,0,-612392.7683481721,-584354.2218407614,-28038.72199948332,4.046943334459881,
9097,3l7b,97,0,9,0.312255859375,0,-612395.1009522814,-584354.2218407614,-28039.02751429579,-42.6988463522578,
9098,3l7b,98,0,9,0.312255859375,0,-612391.1175496131,-584354.2218407614,-28038.557726340507,38.327033794818895,
9099,3l7b,99,0,9,0.312255859375,0,-612393.6435609895,-584354.2218407614,-28037.858103232596,-36.05786451491384,
9100,3l7b,100,0,9,0.312255859375,0,-612392.9417281598,-584354.2218407614,-28038.282573716853,-10.084693070666612,
10001,3syr,1,0,10,0.312255859375,0,-614982.7985817767,-584354.2218407614,-30627.49740064185,-24.89018030762203,
10002,3syr,2,0,10,0.312255859375,0,-614980.9987989053,-584354.2218407614,-30627.51182079356,16.946335280927997,
10003,3syr,3,0,10,0.312255859375,0,-614972.7743427434,-584354.2218407614,-30627.410966515952,204.28104508924832,
10004,3syr,4,0,10,0.312255859375,0,-614983.0583030117,-584354.2218407614,-30627.620841324737,-28.03288449851088,
10005,3syr,5,0,10,0.312255859375,0,-614969.9140612758,-584354.2218407614,-30627.54292577546,273.28375549903916,
10006,3syr,6,0,10,0.312255859375,0,-614978.1127602144,-584354.2218407614,-30627.94816571515,93.56232148889684,
10007,3syr,7,0,10,0.312255859375,0,-614981.4371513405,-584354.2218407614,-30628.055318236762,19.37103676608544,
10008,3syr,8,0,10,0.312255859375,0,-614980.5013934356,-584354.2218407614,-30628.05528271239,40.94930747833191,
10009,3syr,9,0,10,0.312255859375,0,-614980.7709763324,-584354.2218407614,-30627.646517157962,25.306220574661705,
10010,3syr,10,0,10,0.312255859375,0,-614982.4588018939,-584354.2218407614,-30627.948081016948,-6.661733721945043,
10011,3syr,11,0,10,0.312255859375,0,-614981.6142710128,-584354.2218407614,-30627.550449073726,3.644000608899649,
10012,3syr,12,0,10,0.312255859375,0,-614982.0719889534,-584354.2218407614,-30628.08009177487,5.302624990571406,
10013,3syr,13,0,10,0.312255859375,0,-614980.5862763501,-584354.2218407614,-30625.718350351264,-14.899079520732185,
10014,3syr,14,0,10,0.312255859375,0,-614979.2837897225,-584354.2218407614,-30628.08222901862,69.64931272798574,
10015,3syr,15,0,10,0.312255859375,0,-614970.9696884432,-584354.2218407614,-30627.55269473832,249.16569234787073,
10016,3syr,16,0,10,0.312255859375,0,-614982.928775875,-584354.2218407614,-30627.560628831794,-26.434450841167216,
10017,3syr,17,0,10,0.312255859375,0,-614980.5955416241,-584354.2218407614,-30627.552015185764,27.172573805348947,
10018,3syr,18,0,10,0.312255859375,0,-614981.831866531,-584354.2218407614,-30627.81352740567,4.692859210305355,
10019,3syr,19,0,10,0.312255859375,0,-614982.0667911747,-584354.2218407614,-30627.947895408084,2.3739679754188665,
10020,3syr,20,0,10,0.312255859375,0,-614980.5079447759,-584354.2218407614,-30627.680675745418,32.15958810423054,
10021,3syr,21,0,10,0.312255859375,0,-614981.1971729969,-584354.2218407614,-30628.05598759692,24.920504648851704,
10022,3syr,22,0,10,0.312255859375,0,-614983.3000051811,-584354.2218407614,-30627.293411612918,-41.157377467578726,
10023,3syr,23,0,10,0.312255859375,0,-614980.8836112448,-584354.2218407614,-30625.634425759727,-23.69113214062447,
10024,3syr,24,0,10,0.312255859375,0,-614941.5147327763,-584354.2218407614,-30627.803645313194,934.2001640883898,
10025,3syr,25,0,10,0.312255859375,0,-614982.0503803766,-584354.2218407614,-30627.81198954623,-0.38165365857163813,
10026,3syr,26,0,10,0.312255859375,0,-614981.9371365145,-584354.2218407614,-30628.07983613055,8.406500810542754,
10027,3syr,27,0,10,0.312255859375,0,-614980.6261808851,-584354.2218407614,-30627.278018594196,20.147504156114795,
10028,3syr,28,0,10,0.312255859375,0,-614977.3171437663,-584354.2218407614,-30627.737735808303,107.05704371200223,
10029,3syr,29,0,10,0.312255859375,0,-614970.5741285062,-584354.2218407614,-30627.94874936383,267.4207578299516,
10030,3syr,30,0,10,0.312255859375,0,-614947.5408826455,-584354.2218407614,-30623.531260967662,696.7103232443552,
10031,3syr,31,0,10,0.312255859375,0,-614975.7941059151,-584354.2218407614,-30627.380773544723,133.94738557455787,
10032,3syr,32,0,10,0.312255859375,0,-614960.8460511548,-584354.2218407614,-30627.487475455215,481.1183218607337,
10033,3syr,33,0,10,0.312255859375,0,-614969.0442119809,-584354.2218407614,-30627.641113996917,295.60723094661535,
10034,3syr,34,0,10,0.312255859375,0,-614984.3985025866,-584354.2218407614,-30627.80252152722,-54.74897589983339,
10035,3syr,35,0,10,0.312255859375,0,-614984.8051245785,-584354.2218407614,-30627.810831368377,-63.93427230334104,
10036,3syr,36,0,10,0.312255859375,0,-614981.3011776191,-584354.2218407614,-30627.813344717433,16.926623355757656,
10037,3syr,37,0,10,0.312255859375,0,-614980.9406472126,-584354.2218407614,-30626.67670357268,-0.9709154435904269,
10038,3syr,38,0,10,0.312255859375,0,-614969.38558027,-584354.2218407614,-30627.07745492499,274.73680420006565,
10039,3syr,39,0,10,0.312255859375,0,-614983.7428440729,-584354.2218407614,-30627.928941488677,-36.71381781450928,
10040,3syr,40,0,10,0.312255859375,0,-614963.8826972825,-584354.2218407614,-30627.49155974429,411.18578453176906,
10041,3syr,41,0,10,0.312255859375,0,-614982.6771278358,-584354.2218407614,-30627.135445475986,-30.436270309933832,
10042,3syr,42,0,10,0.312255859375,0,-614977.5471365585,-584354.2218407614,-30627.735880613734,101.71050212538124,
10043,3syr,43,0,10,0.312255859375,0,-614979.5772660503,-584354.2218407614,-30627.682163775375,53.65586415667376,
10044,3syr,44,0,10,0.312255859375,0,-614979.3343755287,-584354.2218407614,-30626.219619214942,25.529973855865343,
10045,3syr,45,0,10,0.312255859375,0,-614982.95338395,-584354.2218407614,-30627.94661480229,-18.10087859797275,
10046,3syr,46,0,10,0.312255859375,0,-614976.6668338015,-584354.2218407614,-30626.217238009383,86.99003554123895,
10047,3syr,47,0,10,0.312255859375,0,-614981.6366221288,-584354.2218407614,-30627.794587672164,8.75854145724134,
10048,3syr,48,0,10,0.312255859375,0,-614979.737849353,-584354.2218407614,-30628.07909530442,59.10618373434362,
10049,3syr,49,0,10,0.312255859375,0,-614982.1626263531,-584354.2218407614,-30628.05434924405,2.6188400362594324,
10050,3syr,50,0,10,0.312255859375,0,-614977.6473438725,-584354.2218407614,-30627.68324822228,98.18593478710103,
10051,3syr,51,0,10,0.312255859375,0,-614979.9934737214,-584354.2218407614,-30627.946497917586,50.15357737803139,
10052,3syr,52,0,10,0.312255859375,0,-614982.5322224182,-584354.2218407614,-30627.755196512153,-12.802873584410046,
10053,3syr,53,0,10,0.312255859375,0,-614981.8439717568,-584354.2218407614,-30627.809962869098,4.331505907907051,
10054,3syr,54,0,10,0.312255859375,0,-614982.3647524698,-584354.2218407614,-30627.81121367257,-7.649138421722194,
10055,3syr,55,0,10,0.312255859375,0,-614983.8807806501,-584354.2218407614,-30627.93089264672,-39.84971607726462,
10056,3syr,56,0,10,0.312255859375,0,-614981.2823454273,-584354.2218407614,-30627.928693831374,20.020917775351847,
10057,3syr,57,0,10,0.312255859375,0,-614982.3346834154,-584354.2218407614,-30627.94763010781,-3.8098918234989414,
10058,3syr,58,0,10,0.312255859375,0,-614976.4546906933,-584354.2218407614,-30626.681125402858,102.57966926118624,
10059,3syr,59,0,10,0.312255859375,0,-614980.9971270836,-584354.2218407614,-30627.644218326022,20.038048035084852,
10060,3syr,60,0,10,0.312255859375,0,-614981.0051531178,-584354.2218407614,-30627.554654598644,17.787574669910214,
10061,3syr,61,0,10,0.312255859375,0,-614982.1365365661,-584354.2218407614,-30627.92831534188,0.3140739884373635,
10062,3syr,62,0,10,0.312255859375,0,-614963.9985626324,-584354.2218407614,-30627.81348788779,415.9377054400451,
10063,3syr,63,0,10,0.312255859375,0,-614965.1033599356,-584354.2218407614,-30627.496289253642,383.1457001116414,
10064,3syr,64,0,10,0.312255859375,0,-614979.9130941612,-584354.2218407614,-30627.557454824855,43.03562722346052,
10065,3syr,65,0,10,0.312255859375,0,-614967.7859512842,-584354.2218407614,-30627.814900219848,328.6310174315529,
10066,3syr,66,0,10,0.312255859375,0,-614981.1468825623,-584354.2218407614,-30627.79880529683,20.149464889425953,
10067,3syr,67,0,10,0.312255859375,0,-614981.2808245401,-584354.2218407614,-30627.46306437295,9.318319871200252,
10068,3syr,68,0,10,0.312255859375,0,-614975.6632325632,-584354.2218407614,-30628.08105099242,153.1141783440399,
10069,3syr,69,0,10,0.312255859375,0,-614979.5158738771,-584354.2218407614,-30627.755776048114,56.769140638938,
10070,3syr,70,0,10,0.312255859375,0,-614962.9943626507,-584354.2218407614,-30627.080741703918,422.19757872841245,
10071,3syr,71,0,10,0.312255859375,0,-614981.4863393137,-584354.2218407614,-30627.9498717789,15.805082073645053,
10072,3syr,72,0,10,0.312255859375,0,-614977.5150214416,-584354.2218407614,-30627.46160674136,96.12618856056392,
10073,3syr,73,0,10,0.312255859375,0,-614966.132955966,-584354.2218407614,-30627.734907687118,364.90532340298716,
10074,3syr,74,0,10,0.312255859375,0,-614976.0115432425,-584354.2218407614,-30625.838515520503,93.36784675182706,
10075,3syr,75,0,10,0.312255859375,0,-614955.0053160021,-584354.2218407614,-30627.138127983024,607.7527301238871,
10076,3syr,76,0,10,0.312255859375,0,-614982.2567934674,-584354.2218407614,-30627.927780390193,-2.471452316516297,
10077,3syr,77,0,10,0.312255859375,0,-614983.027746287,-584354.2218407614,-30627.927363455703,-20.25966142612311,
10078,3syr,78,0,10,0.312255859375,0,-614985.2629504487,-584354.2218407614,-30627.953283965995,-71.20695273875569,
10079,3syr,79,0,10,0.312255859375,0,-614981.3135892132,-584354.2218407614,-30627.73662966531,14.87131406886803,
10080,3syr,80,0,10,0.312255859375,0,-614980.9735634607,-584354.2218407614,-30627.92792612355,27.123895321592062,
10081,3syr,81,0,10,0.312255859375,0,-614960.0139419264,-584354.2218407614,-30625.627086580207,457.40562988593183,
10082,3syr,82,0,10,0.312255859375,0,-614979.7779279783,-584354.2218407614,-30627.924908578803,54.62631831733836,
10083,3syr,83,0,10,0.312255859375,0,-614966.71071708,-584354.2218407614,-30623.529656231814,254.60643327427886,
10084,3syr,84,0,10,0.312255859375,0,-614976.5450639707,-584354.2218407614,-30627.759243846347,125.35761390752302,
10085,3syr,85,0,10,0.312255859375,0,-614979.7202530778,-584354.2218407614,-30627.326799333503,42.16360626004356,
10086,3syr,86,0,10,0.312255859375,0,-614961.3750042006,-584354.2218407614,-30627.162486851623,461.4259596094641,
10087,3syr,87,0,10,0.312255859375,0,-614981.3279155174,-584354.2218407614,-30626.91886138957,-4.317242791323566,
10088,3syr,88,0,10,0.312255859375,0,-614971.6394759399,-584354.2218407614,-30627.294570088794,227.76752991776053,
10089,3syr,89,0,10,0.312255859375,0,-614983.7928139841,-584354.2218407614,-30626.891555190494,-61.78884769051384,
10090,3syr,90,0,10,0.312255859375,0,-614977.6185980424,-584354.2218407614,-30626.938497424533,81.67446798273618,
10091,3syr,91,0,10,0.312255859375,0,-614981.1973190883,-584354.2218407614,-30626.890721559932,-1.9545374786757874,
10092,3syr,92,0,10,0.312255859375,0,-614980.4155532998,-584354.2218407614,-30626.995010137965,18.478361620013533,
10093,3syr,93,0,10,0.312255859375,0,-614982.0891311741,-584354.2218407614,-30626.870487928798,-22.986811359416517,
10094,3syr,94,0,10,0.312255859375,0,-614973.283468394,-584354.2218407614,-30626.839832306316,179.369660914816,
10095,3syr,95,0,10,0.312255859375,0,-614981.0293630341,-584354.2218407614,-30626.74406462949,-1.4633680162810194,
10096,3syr,96,0,10,0.312255859375,0,-614981.6977895779,-584354.2218407614,-30626.23079705279,-28.713881803729937,
10097,3syr,97,0,10,0.312255859375,0,-614983.6039774688,-584354.2218407614,-30627.51776117127,-42.99352122574804,
10098,3syr,98,0,10,0.312255859375,0,-614982.7659475788,-584354.2218407614,-30627.630104542186,-21.077393186135666,
10099,3syr,99,0,10,0.312255859375,0,-614982.1471259268,-584354.2218407614,-30627.701963067462,-5.149929921843136,
10100,3syr,100,0,10,0.312255859375,0,-614980.2924345565,-584354.2218407614,-30627.418411195686,31.081407631829972,
11001,2xj7,1,0,11,0.295166015625,1,-606211.0215580801,-584354.2218407614,-21856.42665968039,-8.60291351257011,
11002,2xj7,2,0,11,0.295166015625,1,-606211.9684345772,-584354.2218407614,-21856.434176898983,-30.26505308526771,
11003,2xj7,3,0,11,0.295166015625,1,-606211.3579995075,-584354.2218407614,-21856.314472294827,-18.948539711003164,
11004,2xj7,4,0,11,0.295166015625,1,-606197.2996670206,-584354.2218407614,-21855.889117486266,295.4353941139186,
11005,2xj7,5,0,11,0.295166015625,1,-606212.0526746253,-584354.2218407614,-21856.80298847654,-23.702677718488207,
11006,2xj7,6,0,11,0.295166015625,1,-606212.637423729,-584354.2218407614,-21857.056615806607,-31.338527215699973,
11007,2xj7,7,0,11,0.295166015625,1,-606196.7316004678,-584354.2218407614,-21856.99153617718,333.957698975675,
11008,2xj7,8,0,11,0.295166015625,1,-606211.5516681868,-584354.2218407614,-21855.145326889542,-50.375779093611435,
11009,2xj7,9,0,11,0.295166015625,1,-606210.7464855361,-584354.2218407614,-21855.663235403088,-19.864572016586152,
11010,2xj7,10,0,11,0.295166015625,1,-606209.8204987098,-584354.2218407614,-21855.282165802506,-7.298482269112082,
11011,2xj7,11,0,11,0.295166015625,1,-606204.5303257743,-584354.2218407614,-21855.664234078904,123.5065075038294,
11012,2xj7,12,0,11,0.295166015625,1,-606204.153988277,-584354.2218407614,-21855.28546873429,123.45052001656948,
11013,2xj7,13,0,11,0.295166015625,1,-606210.2811685845,-584354.2218407614,-21855.288739717984,-17.77018385596604,
11014,2xj7,14,0,11,0.295166015625,1,-606211.0169322392,-584354.2218407614,-21855.661809421566,-26.134105063467548,
11015,2xj7,15,0,11,0.295166015625,1,-606209.9502054944,-584354.2218407614,-21855.663266933938,-1.50119091004269,
11016,2xj7,16,0,11,0.295166015625,1,-606207.1067093362,-584354.2218407614,-21855.289057589558,55.441915768806794,
11017,2xj7,17,0,11,0.295166015625,1,-606211.8301848213,-584354.2218407614,-21855.665405250573,-44.805233344528965,
11018,2xj7,18,0,11,0.295166015625,1,-606210.7558157494,-584354.2218407614,-21855.286347008732,-28.770984691570533,
11019,2xj7,19,0,11,0.295166015625,1,-606209.7366935948,-584354.2218407614,-21855.14822713234,-8.45458951680141,
11020,2xj7,20,0,11,0.295166015625,1,-606210.5241429855,-584354.2218407614,-21854.911815560845,-32.06538420573906,
11021,2xj7,21,0,11,0.295166015625,1,-606208.9299891337,-584354.2218407614,-21854.71153721907,0.07814866168024394,
11022,2xj7,22,0,11,0.295166015625,1,-606210.812207376,-584354.2218407614,-21854.710611439732,-43.34818412066317,
11023,2xj7,23,0,11,0.295166015625,1,-606211.2255575701,-584354.2218407614,-21855.664047635575,-30.893505045061666,
11024,2xj7,24,0,11,0.295166015625,1,-606210.5716315258,-584354.2218407614,-21855.28528831103,-24.54800974149021,
11025,2xj7,25,0,11,0.295166015625,1,-606212.3344654778,-584354.2218407614,-21855.658449507737,-56.594624785926406,
11026,2xj7,26,0,11,0.295166015625,1,-606210.7422810545,-584354.2218407614,-21855.283386326817,-28.52714215914314,
11027,2xj7,27,0,11,0.295166015625,1,-606211.7268514077,-584354.2218407614,-21855.661199785252,-42.519288551855105,
11028,2xj7,28,0,11,0.295166015625,1,-606212.9934685875,-584354.2218407614,-21855.28238145211,-80.46393290135859,
11029,2xj7,29,0,11,0.295166015625,1,-606211.653478388,-584354.2218407614,-21855.284406579518,-49.516324264786185,
11030,2xj7,30,0,11,0.295166015625,1,-606211.0395435145,-584354.2218407614,-21855.27970174649,-35.46714577691287,
11031,2xj7,31,0,11,0.295166015625,1,-606210.3793843427,-584354.2218407614,-21855.27995590069,-20.23765268494706,
11032,2xj7,32,0,11,0.295166015625,1,-606213.0770664559,-584354.2218407614,-21855.661739862946,-73.64353276454547,
11033,2xj7,33,0,11,0.295166015625,1,-606185.7551862339,-584354.2218407614,-21855.661065317177,556.3984375211919,
11034,2xj7,34,0,11,0.295166015625,1,-606212.3287627597,-584354.2218407614,-21855.66576347449,-56.29445290082989,
11035,2xj7,35,0,11,0.295166015625,1,-606210.2901594379,-584354.2218407614,-21855.28332642414,-18.102351383389895,
11036,2xj7,36,0,11,0.295166015625,1,-606211.9596361865,-584354.2218407614,-21854.713866747406,-69.73345190863958,
11037,2xj7,37,0,11,0.295166015625,1,-606187.697261248,-584354.2218407614,-21855.659034884953,511.5663008881325,
11038,2xj7,38,0,11,0.295166015625,1,-606211.2483226111,-584354.2218407614,-21855.660232044247,-31.506468987762428,
11039,2xj7,39,0,11,0.295166015625,1,-606204.4372170905,-584354.2218407614,-21855.28543785908,116.91839641526191,
11040,2xj7,40,0,11,0.295166015625,1,-606210.9270417738,-584354.2218407614,-21855.662813282994,-24.038032092753156,
11041,2xj7,41,0,11,0.295166015625,1,-606206.2169511358,-584354.2218407614,-21854.91811404326,67.40606591458011,
11042,2xj7,42,0,11,0.295166015625,1,-606210.9479211917,-584354.2218407614,-21855.28103695014,-33.32349429210296,
11043,2xj7,43,0,11,0.295166015625,1,-606211.4408106842,-584354.2218407614,-21855.28199658492,-44.667666306259484,
11044,2xj7,44,0,11,0.295166015625,1,-606189.1982188273,-584354.2218407614,-21854.912285841492,459.7329548062392,
11045,2xj7,45,0,11,0.295166015625,1,-606211.2170057932,-584354.2218407614,-21854.916983581566,-47.92400273540617,
11046,2xj7,46,0,11,0.295166015625,1,-606212.7011898955,-584354.2218407614,-21855.285621262577,-73.64911434016348,
11047,2xj7,47,0,11,0.295166015625,1,-606209.7733422705,-584354.2218407614,-21854.70941732027,-19.41892271507773,
11048,2xj7,48,0,11,0.295166015625,1,-606204.7481240381,-584354.2218407614,-21855.66023901799,118.39183193155014,
11049,2xj7,49,0,11,0.295166015625,1,-606213.374512647,-584354.2218407614,-21855.286940074944,-89.14589332174316,
11050,2xj7,50,0,11,0.295166015625,1,-606178.9987676939,-584354.2218407614,-21855.666484213856,712.3301131531933,
11051,2xj7,51,0,11,0.295166015625,1,-606214.7542604099,-584354.2218407614,-21854.909135020753,-129.6760241230535,
11052,2xj7,52,0,11,0.295166015625,1,-606210.2431629051,-584354.2218407614,-21855.28406546214,-17.001542969254817,
11053,2xj7,53,0,11,0.295166015625,1,-606212.1184878389,-584354.2218407614,-21855.66314295628,-51.50582861771877,
11054,2xj7,54,0,11,0.295166015625,1,-606211.14033479,-584354.2218407614,-21854.914073504,-46.22303538074609,
11055,2xj7,55,0,11,0.295166015625,1,-606210.7993089893,-584354.2218407614,-21854.91310284235,-38.38117758210682,
11056,2xj7,56,0,11,0.295166015625,1,-606212.4252070535,-584354.2218407614,-21854.913971699265,-75.85524134357959,
11057,2xj7,57,0,11,0.295166015625,1,-606210.5900851975,-584354.2218407614,-21855.66376969912,-16.24557336767499,
11058,2xj7,58,0,11,0.295166015625,1,-606206.691461136,-584354.2218407614,-21855.661171651867,73.59892088298656,
11059,2xj7,59,0,11,0.295166015625,1,-606210.5645388111,-584354.2218407614,-21855.28513774969,-24.387919882830847,
11060,2xj7,60,0,11,0.295166015625,1,-606190.8515926648,-584354.2218407614,-21855.285339153794,430.208062094363,
11061,2xj7,61,0,11,0.295166015625,1,-606208.2517934183,-584354.2218407614,-21855.283797539258,28.9143498807857,
11062,2xj7,62,0,11,0.295166015625,1,-606191.9683511307,-584354.2218407614,-21854.912245608357,395.8512585267701,
11063,2xj7,63,0,11,0.295166015625,1,-606208.7829168036,-584354.2218407614,-21854.7094677458,3.421993977576567,
11064,2xj7,64,0,11,0.295166015625,1,-606203.8293217171,-584354.2218407614,-21855.283887959507,130.90105521561287,
11065,2xj7,65,0,11,0.295166015625,1,-606212.9102833907,-584354.2218407614,-21855.663601435208,-69.75449503630148,
11066,2xj7,66,0,11,0.295166015625,1,-606211.2115652313,-584354.2218407614,-21855.66155794957,-30.62824757032111,
11067,2xj7,67,0,11,0.295166015625,1,-606209.9410645405,-584354.2218407614,-21854.9149603615,-18.54675501136479,
11068,2xj7,68,0,11,0.295166015625,1,-606210.3805122721,-584354.2218407614,-21855.283363617447,-20.185079540142027,
11069,2xj7,69,0,11,0.295166015625,1,-606211.3542643229,-584354.2218407614,-21855.283087349915,-42.646706162887284,
11070,2xj7,70,0,11,0.295166015625,1,-606204.3088108053,-584354.2218407614,-21855.66372267106,128.60297069696256,
11071,2xj7,71,0,11,0.295166015625,1,-606210.4359071895,-584354.2218407614,-21855.658741093655,-12.806106437260139,
11072,2xj7,72,0,11,0.295166015625,1,-606188.3704024005,-584354.2218407614,-21855.28087244132,487.3226640254033,
11073,2xj7,73,0,11,0.295166015625,1,-606198.7622832994,-584354.2218407614,-21855.925073213362,262.5358202235402,
11074,2xj7,74,0,11,0.295166015625,1,-606192.8847453495,-584354.2218407614,-21856.881825454024,420.1382960495978,
11075,2xj7,75,0,11,0.295166015625,1,-606211.5579449275,-584354.2218407614,-21856.729237384578,-13.994680442386368,
11076,2xj7,76,0,11,0.295166015625,1,-606212.5615039219,-584354.2218407614,-21857.131933368233,-27.850910641014483,
11077,2xj7,77,0,11,0.295166015625,1,-606208.9575030694,-584354.2218407614,-21856.432613707566,39.13262891463618,
11078,2xj7,78,0,11,0.295166015625,1,-606212.7025961329,-584354.2218407614,-21856.310186363247,-50.05451043463708,
11079,2xj7,79,0,11,0.295166015625,1,-606215.6862508098,-584354.2218407614,-21856.27174035408,-119.74580785546021,
11080,2xj7,80,0,11,0.295166015625,1,-606214.5537930776,-584354.2218407614,-21856.062473065642,-98.45653046981296,
11081,2xj7,81,0,11,0.295166015625,1,-606211.9729431609,-584354.2218407614,-21856.212669588112,-35.4771034322715,
11082,2xj7,82,0,11,0.295166015625,1,-606212.2529932609,-584354.2218407614,-21856.401448584584,-37.581865079453294,
11083,2xj7,83,0,11,0.295166015625,1,-606215.2822654733,-584354.2218407614,-21856.434930420895,-106.66643233807025,
11084,2xj7,84,0,11,0.295166015625,1,-606211.3790673363,-584354.2218407614,-21856.206108159808,-21.933311705121728,
11085,2xj7,85,0,11,0.295166015625,1,-606205.5186839441,-584354.2218407614,-21857.071949161076,133.17710763982606,
11086,2xj7,86,0,11,0.295166015625,1,-606211.7810123017,-584354.2218407614,-21856.95530758002,-13.925433739502383,
11087,2xj7,87,0,11,0.295166015625,1,-606210.5447654166,-584354.2218407614,-21856.97347889044,15.002137056290788,
11088,2xj7,88,0,11,0.295166015625,1,-606212.4049365271,-584354.2218407614,-21856.866609431294,-30.35889608444431,
11089,2xj7,89,0,11,0.295166015625,1,-606205.6439453403,-584354.2218407614,-21856.24615845778,111.24532521067229,
11090,2xj7,90,0,11,0.295166015625,1,-606212.2649490883,-584354.2218407614,-21856.350538528946,-39.03158678387061,
11091,2xj7,91,0,11,0.295166015625,1,-606211.4990694561,-584354.2218407614,-21856.389534271737,-20.47071970106006,
11092,2xj7,92,0,11,0.295166015625,1,-606211.1265679051,-584354.2218407614,-21856.32345274785,-13.404506008264589,
11093,2xj7,93,0,11,0.295166015625,1,-606212.2309271733,-584354.2218407614,-21856.451062626624,-35.92888202188157,
11094,2xj7,94,0,11,0.295166015625,1,-606211.2074677398,-584354.2218407614,-21856.481698847798,-11.620858760109604,
11095,2xj7,95,0,11,0.295166015625,1,-606213.7064350883,-584354.2218407614,-21856.327648795625,-72.80089342337388,
11096,2xj7,96,0,11,0.295166015625,1,-606212.5164758314,-584354.2218407614,-21856.166492558506,-49.07613217718287,
11097,2xj7,97,0,11,0.295166015625,1,-606206.4991586248,-584354.2218407614,-21856.47230992415,96.73881506543384,
11098,2xj7,98,0,11,0.295166015625,1,-606212.225101312,-584354.2218407614,-21856.634992040184,-31.553021431210993,
11099,2xj7,99,0,11,0.295166015625,1,-606211.8443282882,-584354.2218407614,-21856.209643698712,-32.58095267602809,
11100,2xj7,100,0,11,0.295166015625,1,-606212.3569348204,-584354.2218407614,-21856.5991366277,-35.42001981139351,
12001,2wca,1,0,12,0.295166015625,0,-621181.3100013769,-584354.2218407614,-36826.582166632616,-11.668498445022367,
12002,2wca,2,0,12,0.295166015625,0,-621176.964900303,-584354.2218407614,-36826.80557294746,93.68378470645789,
12003,2wca,3,0,12,0.295166015625,0,-621149.7885899427,-584354.2218407614,-36825.791886350125,697.0082213672063,
12004,2wca,4,0,12,0.295166015625,0,-621174.142616812,-584354.2218407614,-36826.820360621474,159.10820000678558,
12005,2wca,5,0,12,0.295166015625,0,-621173.1061120218,-584354.2218407614,-36826.80180712601,182.58271452795287,
12006,2wca,6,0,12,0.295166015625,0,-621174.3975085353,-584354.2218407614,-36826.68243332764,150.04957827385945,
12007,2wca,7,0,12,0.295166015625,0,-621180.5051905094,-584354.2218407614,-36826.42091258426,3.1722743652533505,
12008,2wca,8,0,12,0.295166015625,0,-621138.0964921302,-584354.2218407614,-36826.67494316955,986.9981762350915,
12009,2wca,9,0,12,0.295166015625,0,-621176.3914831913,-584354.2218407614,-36826.396527489625,97.47428509397557,
12010,2wca,10,0,12,0.295166015625,0,-621167.5422977095,-584354.2218407614,-36826.70482023617,308.65074978618134,
12011,2wca,11,0,12,0.295166015625,0,-621175.1947850762,-584354.2218407614,-36826.938579043344,137.57080499703596,
12012,2wca,12,0,12,0.295166015625,0,-621169.8284142202,-584354.2218407614,-36826.52825125118,251.85987311992747,
12013,2wca,13,0,12,0.295166015625,0,-621176.2949665076,-584354.2218407614,-36826.83158334156,109.73263897740779,
12014,2wca,14,0,12,0.295166015625,0,-621180.2530692553,-584354.2218407614,-36826.65806873699,14.455279408030487,
12015,2wca,15,0,12,0.295166015625,0,-621148.7907425938,-584354.2218407614,-36826.81717332263,743.662807154205,
12016,2wca,16,0,12,0.295166015625,0,-621181.0697538442,-584354.2218407614,-36826.46197553535,-8.899931272757158,
12017,2wca,17,0,12,0.295166015625,0,-621182.5298986322,-584354.2218407614,-36826.95641430279,-31.169641150805816,
12018,2wca,18,0,12,0.295166015625,0,-621148.4723725201,-584354.2218407614,-36826.65840049644,747.3432071135769,
12019,2wca,19,0,12,0.295166015625,0,-621171.2165432754,-584354.2218407614,-36826.80801971814,226.30047076247348,
12020,2wca,20,0,12,0.295166015625,0,-621163.6650961376,-584354.2218407614,-36826.46684726145,392.57335491904854,
12021,2wca,21,0,12,0.295166015625,0,-621185.6310904211,-584354.2218407614,-36826.79677828213,-106.36611682085858,
12022,2wca,22,0,12,0.295166015625,0,-621177.6232264226,-584354.2218407614,-36826.49019410273,71.2296148051259,
12023,2wca,23,0,12,0.295166015625,0,-621163.9800815461,-584354.2218407614,-36826.72883029838,391.3510911928315,
12024,2wca,24,0,12,0.295166015625,0,-621176.9765082783,-584354.2218407614,-36826.587399205164,88.38489241880956,
12025,2wca,25,0,12,0.295166015625,0,-621151.1121933645,-584354.2218407614,-36826.81723328499,690.1302633845469,
12026,2wca,26,0,12,0.295166015625,0,-621159.4821259563,-584354.2218407614,-36826.49082704445,489.5879257900546,
12027,2wca,27,0,12,0.295166015625,0,-621162.0165081052,-584354.2218407614,-36825.721206387476,413.39581105318007,
12028,2wca,28,0,12,0.295166015625,0,-621140.5683883316,-584354.2218407614,-36826.75507684608,931.8428221314625,
12029,2wca,29,0,12,0.295166015625,0,-621155.9270435161,-584354.2218407614,-36825.881520232164,557.519125557209,
12030,2wca,30,0,12,0.295166015625,0,-621151.3343326931,-584354.2218407614,-36826.62241860291,680.515075477893,
12031,2wca,31,0,12,0.295166015625,0,-621158.916511613,-584354.2218407614,-36825.96203406711,490.4370466629854,
12032,2wca,32,0,12,0.295166015625,0,-621174.8134023583,-584354.2218407614,-36826.933474739984,146.24799137241328,
12033,2wca,33,0,12,0.295166015625,0,-621184.7799363917,-584354.2218407614,-36826.77081318764,-87.33680791869058,
12034,2wca,34,0,12,0.295166015625,0,-621182.9391081219,-584354.2218407614,-36826.52849872967,-50.47420370231679,
12035,2wca,35,0,12,0.295166015625,0,-621177.2465389399,-584354.2218407614,-36826.82450838943,87.62570511601655,
12036,2wca,36,0,12,0.295166015625,0,-621154.846984405,-584354.2218407614,-36826.37933011909,593.90564905704,
12037,2wca,37,0,12,0.295166015625,0,-621184.7309148497,-584354.2218407614,-36826.53908427624,-91.55013994807501,
12038,2wca,38,0,12,0.295166015625,0,-621181.0533393805,-584354.2218407614,-36826.7731414642,-1.3457479634982017,
12039,2wca,39,0,12,0.295166015625,0,-621147.9990377603,-584354.2218407614,-36826.50683971305,754.7634912878466,
12040,2wca,40,0,12,0.295166015625,0,-621178.2125527448,-584354.2218407614,-36826.245081862406,51.98700442249243,
12041,2wca,41,0,12,0.295166015625,0,-621146.2958278245,-584354.2218407614,-36826.27354248425,788.6604835744087,
12042,2wca,42,0,12,0.295166015625,0,-621164.5921649819,-584354.2218407614,-36826.425555905305,370.2424381989317,
12043,2wca,43,0,12,0.295166015625,0,-621174.0672985641,-584354.2218407614,-36826.66340520044,157.22560207079616,
12044,2wca,44,0,12,0.295166015625,0,-621168.789577592,-584354.2218407614,-36826.48526301046,274.8246824914498,
12045,2wca,45,0,12,0.295166015625,0,-621169.7836741096,-584354.2218407614,-36826.743386944734,257.85275153254406,
12046,2wca,46,0,12,0.295166015625,0,-621182.1498882954,-584354.2218407614,-36826.40496792456,-35.1230501851813,
12047,2wca,47,0,12,0.295166015625,0,-621174.0207096813,-584354.2218407614,-36826.24987109561,148.76364422718342,
12048,2wca,48,0,12,0.295166015625,0,-621175.5697432047,-584354.2218407614,-36826.92687424083,128.65414598088248,
12049,2wca,49,0,12,0.295166015625,0,-621164.5615419036,-584354.2218407614,-36826.3116073217,368.3209063967656,
12050,2wca,50,0,12,0.295166015625,0,-621173.833311904,-584354.2218407614,-36826.55280139109,160.0708782029222,
12051,2wca,51,0,12,0.295166015625,0,-621175.1451870529,-584354.2218407614,-36826.34929867645,125.12543449905733,
12052,2wca,52,0,12,0.295166015625,0,-621155.6097594089,-584354.2218407614,-36826.73394103904,584.4931616761933,
12053,2wca,53,0,12,0.295166015625,0,-621179.2625868655,-584354.2218407614,-36826.74134989639,39.21685509322821,
12054,2wca,54,0,12,0.295166015625,0,-621182.8951738959,-584354.2218407614,-36826.96994145771,-39.28114523690536,
12055,2wca,55,0,12,0.295166015625,0,-621180.8781417487,-584354.2218407614,-36826.86386605163,4.786564092795856,
12056,2wca,56,0,12,0.295166015625,0,-621181.4866229034,-584354.2218407614,-36826.091020723776,-27.067581326938562,
12057,2wca,57,0,12,0.295166015625,0,-621172.7527997381,-584354.2218407614,-36826.506089588605,183.91088093097807,
12058,2wca,58,0,12,0.295166015625,0,-621161.965987969,-584354.2218407614,-36826.82098050972,439.9222268205906,
12059,2wca,59,0,12,0.295166015625,0,-621170.0133202253,-584354.2218407614,-36826.72271796127,252.08034821593913,
12060,2wca,60,0,12,0.295166015625,0,-621180.0907147712,-584354.2218407614,-36826.867033084825,23.01809509184225,
12061,2wca,61,0,12,0.295166015625,0,-621181.2149419374,-584354.2218407614,-36826.37334819695,-14.291843216419203,
12062,2wca,62,0,12,0.295166015625,0,-621149.9973442738,-584354.2218407614,-36826.846726378404,716.5194210556526,
12063,2wca,63,0,12,0.295166015625,0,-621153.8823287962,-584354.2218407614,-36826.58532746692,620.9015475554331,
12064,2wca,64,0,12,0.295166015625,0,-621169.7934743053,-584354.2218407614,-36826.54853042026,253.13325544823581,
12065,2wca,65,0,12,0.295166015625,0,-621183.1928006,-584354.2218407614,-36825.73002823254,-74.73765831727549,
12066,2wca,66,0,12,0.295166015625,0,-621172.5910251623,-584354.2218407614,-36826.55404158493,188.74729057946774,
12067,2wca,67,0,12,0.295166015625,0,-621173.7096906481,-584354.2218407614,-36826.69135352035,166.11674009037975,
12068,2wca,68,0,12,0.295166015625,0,-621175.282087285,-584354.2218407614,-36826.08291604181,115.82551066232601,
12069,2wca,69,0,12,0.295166015625,0,-621162.692485202,-584354.2218407614,-36826.22821356913,409.49927224350984,
12070,2wca,70,0,12,0.295166015625,0,-621173.9399718826,-584354.2218407614,-36826.74769111534,162.10550447202428,
12071,2wca,71,0,12,0.295166015625,0,-621177.0522352634,-584354.2218407614,-36826.60099943538,86.95221541588828,
12072,2wca,72,0,12,0.295166015625,0,-621159.6895731873,-584354.2218407614,-36826.6155236568,487.67965119224294,
12073,2wca,73,0,12,0.295166015625,0,-621174.8483324976,-584354.2218407614,-36826.45385511784,134.38219198708666,
12074,2wca,74,0,12,0.295166015625,0,-621152.1715554032,-584354.2218407614,-36826.78500457671,664.9575827541404,
12075,2wca,75,0,12,0.295166015625,0,-621153.2020891486,-584354.2218407614,-36826.54497846027,635.6577762879806,
12076,2wca,76,0,12,0.295166015625,0,-621143.9975282885,-584354.2218407614,-36825.86645956893,832.2729749136428,
12077,2wca,77,0,12,0.295166015625,0,-621167.5294774658,-584354.2218407614,-36826.74660929104,309.9100701283043,
12078,2wca,78,0,12,0.295166015625,0,-621175.5588526016,-584354.2218407614,-36825.89300437828,105.06368384051221,
12079,2wca,79,0,12,0.295166015625,0,-621180.4162881849,-584354.2218407614,-36826.727428397135,12.29083323382951,
12080,2wca,80,0,12,0.295166015625,0,-621171.4830613023,-584354.2218407614,-36826.52442606349,213.6145940170608,
12081,2wca,81,0,12,0.295166015625,0,-621173.4083335734,-584354.2218407614,-36826.26278599163,163.18319733227375,
12082,2wca,82,0,12,0.295166015625,0,-621176.5443891769,-584354.2218407614,-36826.639881214105,99.5600595026603,
12083,2wca,83,0,12,0.295166015625,0,-621172.0236720322,-584354.2218407614,-36826.347864231066,197.07620184223086,
12084,2wca,84,0,12,0.295166015625,0,-621170.8694275207,-584354.2218407614,-36826.46440525909,226.38121255896198,
12085,2wca,85,0,12,0.295166015625,0,-621171.7576795107,-584354.2218407614,-36826.78698333172,213.33646212919587,
12086,2wca,86,0,12,0.295166015625,0,-621163.3295744245,-584354.2218407614,-36826.29586406609,396.36770327535424,
12087,2wca,87,0,12,0.295166015625,0,-621183.7448934047,-584354.2218407614,-36826.69290574451,-65.26473792693558,
12088,2wca,88,0,12,0.295166015625,0,-621182.0472913868,-584354.2218407614,-36826.158689698175,-38.43642008417289,
12089,2wca,89,0,12,0.295166015625,0,-621161.7178774512,-584354.2218407614,-36826.28363939186,433.25241073254057,
12090,2wca,90,0,12,0.295166015625,0,-621181.3891069179,-584354.2218407614,-36826.640708526575,-12.14270741103522,
12091,2wca,91,0,12,0.295166015625,0,-621158.1504951147,-584354.2218407614,-36826.9061170425,529.8728773689536,
12092,2wca,92,0,12,0.295166015625,0,-621178.3894637114,-584354.2218407614,-36826.60358842273,56.174698296630446,
12093,2wca,93,0,12,0.295166015625,0,-621169.2576634175,-584354.2218407614,-36825.17878516583,233.902272099297,
12094,2wca,94,0,12,0.295166015625,0,-621173.8179103618,-584354.2218407614,-36825.22604783436,129.83038234880644,
12095,2wca,95,0,12,0.295166015625,0,-621159.5511833606,-584354.2218407614,-36824.42550214191,440.3679005143846,
12096,2wca,96,0,12,0.295166015625,0,-621177.1180348581,-584354.2218407614,-36826.28801246543,78.21718972330022,
12097,2wca,97,0,12,0.295166015625,0,-621184.6535586006,-584354.2218407614,-36824.52683623692,-136.16980462378356,
12098,2wca,98,0,12,0.295166015625,0,-621175.4260685479,-584354.2218407614,-36824.343459209405,72.39239637903447,
12099,2wca,99,0,12,0.295166015625,0,-621177.1585666863,-584354.2218407614,-36826.20450981517,75.35688670046103,
12100,2wca,100,0,12,0.295166015625,0,-621167.1390766985,-584354.2218407614,-36826.22702958246,306.9311329747357,
13001,2w66,1,0,13,0.295166015625,1,-607221.9854114363,-584354.2218407614,-22866.29862332694,-33.78248838760692,
13002,2w66,2,0,13,0.295166015625,1,-607222.2578773663,-584354.2218407614,-22865.63560136013,-55.355351776323396,
13003,2w66,3,0,13,0.295166015625,1,-607222.1823565369,-584354.2218407614,-22866.59328317992,-31.529132665648344,
13004,2w66,4,0,13,0.295166015625,1,-607221.7621586933,-584354.2218407614,-22865.526185367034,-46.44700034954164,
13005,2w66,5,0,13,0.295166015625,1,-607204.6148782079,-584354.2218407614,-22866.098465297146,362.1757701491866,
13006,2w66,6,0,13,0.295166015625,1,-607222.6471748367,-584354.2218407614,-22865.84965721123,-59.39651952122521,
13007,2w66,7,0,13,0.295166015625,1,-607223.1562754666,-584354.2218407614,-22865.848744604507,-71.1577041570528,
13008,2w66,8,0,13,0.295166015625,1,-607220.5957516741,-584354.2218407614,-22865.965250167774,-9.423940656671604,
13009,2w66,9,0,13,0.295166015625,1,-607220.0851417338,-584354.2218407614,-22865.45079946868,-9.512510656418003,
13010,2w66,10,0,13,0.295166015625,1,-607219.6867111191,-584354.2218407614,-22864.84583217256,-14.275359679020072,
13011,2w66,11,0,13,0.295166015625,1,-607218.4714088445,-584354.2218407614,-22865.614856842676,31.484306743025204,
13012,2w66,12,0,13,0.295166015625,1,-607222.2535011485,-584354.2218407614,-22865.738623682188,-52.87868261275185,
13013,2w66,13,0,13,0.295166015625,1,-607220.9689725046,-584354.2218407614,-22865.838458571357,-20.954501142493722,
13014,2w66,14,0,13,0.295166015625,1,-607220.9455389098,-584354.2218407614,-22865.81988820784,-20.842352363794785,
13015,2w66,15,0,13,0.295166015625,1,-607220.92112133,-584354.2218407614,-22865.960989568153,-17.025394929439788,
13016,2w66,16,0,13,0.295166015625,1,-607218.0712071374,-584354.2218407614,-22865.555529240297,39.34505033755934,
13017,2w66,17,0,13,0.295166015625,1,-607213.7862676983,-584354.2218407614,-22865.84777266137,144.89739461530107,
13018,2w66,18,0,13,0.295166015625,1,-607221.8024381712,-584354.2218407614,-22865.731745902227,-42.635528623531684,
13019,2w66,19,0,13,0.295166015625,1,-607220.0280469065,-584354.2218407614,-22865.269498262325,-12.376777801590245,
13020,2w66,20,0,13,0.295166015625,1,-607219.443766208,-584354.2218407614,-22864.638807955907,-13.447008786076234,
13021,2w66,21,0,13,0.295166015625,1,-607220.4483670006,-584354.2218407614,-22865.762306812925,-10.705154283247303,
13022,2w66,22,0,13,0.295166015625,1,-607218.9606165454,-584354.2218407614,-22865.942382219957,27.75582378485647,
13023,2w66,23,0,13,0.295166015625,1,-607222.9770866046,-584354.2218407614,-22865.425729367653,-76.78047393727594,
13024,2w66,24,0,13,0.295166015625,1,-607222.5798558012,-584354.2218407614,-22865.76221943252,-59.86046876064787,
13025,2w66,25,0,13,0.295166015625,1,-607221.1031990056,-584354.2218407614,-22865.390575412435,-34.378268797518295,
13026,2w66,26,0,13,0.295166015625,1,-607221.8965958074,-584354.2218407614,-22865.789177242445,-43.48245712788267,
13027,2w66,27,0,13,0.295166015625,1,-607218.1272639488,-584354.2218407614,-22863.488247845093,-9.620291935445325,
13028,2w66,28,0,13,0.295166015625,1,-607203.1964524701,-584354.2218407614,-22865.640443581866,384.32321304639777,
13029,2w66,29,0,13,0.295166015625,1,-607220.3431592588,-584354.2218407614,-22864.024997923298,-48.342300868832645,
13030,2w66,30,0,13,0.295166015625,1,-607220.2601365462,-584354.2218407614,-22866.215576354192,4.088187048786666,
13031,2w66,31,0,13,0.295166015625,1,-607221.5701040331,-584354.2218407614,-22865.840746674457,-34.764158596971455,
13032,2w66,32,0,13,0.295166015625,1,-607221.2368340208,-584354.2218407614,-22866.003830466198,-23.31796795835033,
13033,2w66,33,0,13,0.295166015625,1,-607203.2395498459,-584354.2218407614,-22865.788105610533,386.7345312257824,
13034,2w66,34,0,13,0.295166015625,1,-607216.1642999366,-584354.2218407614,-22865.59643596761,84.26270659228457,
13035,2w66,35,0,13,0.295166015625,1,-607210.4787724618,-584354.2218407614,-22866.213673297087,229.60791582763324,
13036,2w66,36,0,13,0.295166015625,1,-607219.2393612876,-584354.2218407614,-22864.577575031446,-10.145384124436763,
13037,2w66,37,0,13,0.295166015625,1,-607219.1331337397,-584354.2218407614,-22866.028759930057,25.769400089452468,
13038,2w66,38,0,13,0.295166015625,1,-607216.2291516528,-584354.2218407614,-22866.09115830414,94.17575859430276,
13039,2w66,39,0,13,0.295166015625,1,-607223.2440269892,-584354.2218407614,-22865.960328552643,-70.60811536946413,
13040,2w66,40,0,13,0.295166015625,1,-607218.7297539428,-584354.2218407614,-22862.275695685075,-51.47615834330431,
13041,2w66,41,0,13,0.295166015625,1,-607213.1397662763,-584354.2218407614,-22866.706472877187,179.60816897724345,
13042,2w66,42,0,13,0.295166015625,1,-607220.7717359975,-584354.2218407614,-22865.979013267683,-13.164850939531622,
13043,2w66,43,0,13,0.295166015625,1,-607193.7712018345,-584354.2218407614,-22865.108297709146,589.4030807934832,
13044,2w66,44,0,13,0.295166015625,1,-607215.4704258457,-584354.2218407614,-22866.189872536586,113.9487956374377,
13045,2w66,45,0,13,0.295166015625,1,-607222.8620974426,-584354.2218407614,-22865.061988029403,-82.51683539663573,
13046,2w66,46,0,13,0.295166015625,1,-607222.2001307622,-584354.2218407614,-22865.564982238935,-55.65219907281404,
13047,2w66,47,0,13,0.295166015625,1,-607210.8782660076,-584354.2218407614,-22865.426414672056,202.2407606273552,
13048,2w66,48,0,13,0.295166015625,1,-607215.1553479001,-584354.2218407614,-22865.909679922985,114.7532705043417,
13049,2w66,49,0,13,0.295166015625,1,-607214.5210944419,-584354.2218407614,-22865.371325317545,116.96475058615414,
13050,2w66,50,0,13,0.295166015625,1,-607220.6502385751,-584354.2218407614,-22866.02604902141,-9.278383569101255,
13051,2w66,51,0,13,0.295166015625,1,-607222.984319598,-584354.2218407614,-22865.76819491736,-69.04982753760342,
13052,2w66,52,0,13,0.295166015625,1,-607213.8952430204,-584354.2218407614,-22865.572428021358,136.03476574668377,
13053,2w66,53,0,13,0.295166015625,1,-607219.2106910949,-584354.2218407614,-22866.22500425927,28.50638673137198,
13054,2w66,54,0,13,0.295166015625,1,-607221.0229747609,-584354.2218407614,-22866.363571051286,-10.090441295834014,
13055,2w66,55,0,13,0.295166015625,1,-607219.9123032842,-584354.2218407614,-22864.856590155283,-19.229553615546635,
13056,2w66,56,0,13,0.295166015625,1,-607216.1497120574,-584354.2218407614,-22865.819261375593,89.73758705652635,
13057,2w66,57,0,13,0.295166015625,1,-607209.3411912327,-584354.2218407614,-22865.551957551164,240.58163456324374,
13058,2w66,58,0,13,0.295166015625,1,-607217.2464770094,-584354.2218407614,-22865.549936894105,58.23481633597315,
13059,2w66,59,0,13,0.295166015625,1,-607214.3329888885,-584354.2218407614,-22865.694304112116,128.75063563775942,
13060,2w66,60,0,13,0.295166015625,1,-607222.23234369,-584354.2218407614,-22865.493423286604,-58.04523547854715,
13061,2w66,61,0,13,0.295166015625,1,-607219.9645276819,-584354.2218407614,-22865.466890785618,-6.360009961489078,
13062,2w66,62,0,13,0.295166015625,1,-607217.6989867702,-584354.2218407614,-22865.91955545895,56.323299945589746,
13063,2w66,63,0,13,0.295166015625,1,-607221.9609230766,-584354.2218407614,-22866.22627818934,-34.88609190362107,
13064,2w66,64,0,13,0.295166015625,1,-607221.870799364,-584354.2218407614,-22865.640264574216,-46.32158472063258,
13065,2w66,65,0,13,0.295166015625,1,-607223.436969683,-584354.2218407614,-22866.725384447498,-57.41487153268044,
13066,2w66,66,0,13,0.295166015625,1,-607213.0914788261,-584354.2218407614,-22866.33996448271,172.26981967150917,
13067,2w66,67,0,13,0.295166015625,1,-607222.7481155399,-584354.2218407614,-22867.199937883535,-30.586055406561194,
13068,2w66,68,0,13,0.295166015625,1,-607201.2951027766,-584354.2218407614,-22866.880198273586,456.75880096357855,
13069,2w66,69,0,13,0.295166015625,1,-607222.7852652674,-584354.2218407614,-22866.0544372832,-57.85861985758131,
13070,2w66,70,0,13,0.295166015625,1,-607197.2105997816,-584354.2218407614,-22866.65822863929,545.8309362758163,
13071,2w66,71,0,13,0.295166015625,1,-607223.1826718757,-584354.2218407614,-22866.58783513657,-54.72258724681645,
13072,2w66,72,0,13,0.295166015625,1,-607221.0548615769,-584354.2218407614,-22866.882021669076,1.1299865274257803,
13073,2w66,73,0,13,0.295166015625,1,-607210.8482889687,-584354.2218407614,-22866.78838813655,234.33990179027123,
13074,2w66,74,0,13,0.295166015625,1,-607221.5639016643,-584354.2218407614,-22866.796743396448,-12.575320442050609,
13075,2w66,75,0,13,0.295166015625,1,-607221.4667038623,-584354.2218407614,-22867.162272695223,-1.9045800012071779,
13076,2w66,76,0,13,0.295166015625,1,-607213.021684037,-584354.2218407614,-22866.067627195047,167.59907869501015,
13077,2w66,77,0,13,0.295166015625,1,-607213.5709299748,-584354.2218407614,-22866.611603978796,167.47756911766,
13078,2w66,78,0,13,0.295166015625,1,-607215.9698668733,-584354.2218407614,-22867.072675291227,122.78932707933336,
13079,2w66,79,0,13,0.295166015625,1,-607222.3600267475,-584354.2218407614,-22866.938549939314,-27.66426443589843,
13080,2w66,80,0,13,0.295166015625,1,-607221.6292344347,-584354.2218407614,-22866.313623253034,-25.222945092681712,
13081,2w66,81,0,13,0.295166015625,1,-607224.7653898601,-584354.2218407614,-22866.511865380926,-92.97283521333962,
13082,2w66,82,0,13,0.295166015625,1,-607222.883992286,-584354.2218407614,-22866.740717265533,-44.309326636464256,
13083,2w66,83,0,13,0.295166015625,1,-607197.4084704821,-584354.2218407614,-22866.582872155825,539.5301677312405,
13084,2w66,84,0,13,0.295166015625,1,-607220.0955583766,-584354.2218407614,-22866.33842337482,10.716369395357031,
13085,2w66,85,0,13,0.295166015625,1,-607221.5957991788,-584354.2218407614,-22866.569390032215,-18.55378773065599,
13086,2w66,86,0,13,0.295166015625,1,-607219.7362337426,-584354.2218407614,-22866.116898569988,13.894108948703575,
13087,2w66,87,0,13,0.295166015625,1,-607218.1635401552,-584354.2218407614,-22866.74369627587,64.61558312038702,
13088,2w66,88,0,13,0.295166015625,1,-607222.8995705559,-584354.2218407614,-22866.056901935266,-60.437726204207436,
13089,2w66,89,0,13,0.295166015625,1,-607221.4491375242,-584354.2218407614,-22866.974607381744,-5.827155559671007,
13090,2w66,90,0,13,0.295166015625,1,-607221.9086962357,-584354.2218407614,-22866.893805090116,-18.288176318190676,
13091,2w66,91,0,13,0.295166015625,1,-607211.955861107,-584354.2218407614,-22866.5615337526,203.56729514728065,
13092,2w66,92,0,13,0.295166015625,1,-607221.3913153723,-584354.2218407614,-22866.41178426497,-17.472754464130986,
13093,2w66,93,0,13,0.295166015625,1,-607223.6002306053,-584354.2218407614,-22866.671357933206,-62.42563885723338,
13094,2w66,94,0,13,0.295166015625,1,-607212.6052103356,-584354.2218407614,-22866.996632579492,198.62656351108194,
13095,2w66,95,0,13,0.295166015625,1,-607195.344477714,-584354.2218407614,-22866.80280822865,592.1988180082408,
13096,2w66,96,0,13,0.295166015625,1,-607222.3556216073,-584354.2218407614,-22866.580465141462,-35.820311098398314,
13097,2w66,97,0,13,0.295166015625,1,-607222.384664536,-584354.2218407614,-22867.064034942312,-25.338672423166415,
13098,2w66,98,0,13,0.295166015625,1,-607224.9741168931,-584354.2218407614,-22866.455609444307,-99.0834876583974,
13099,2w66,99,0,13,0.295166015625,1,-607218.967660517,-584354.2218407614,-22866.661717179933,44.18164419247012,
13100,2w66,100,0,13,0.295166015625,1,-607223.5271337643,-584354.2218407614,-22866.224192980455,-71.05185444037723,
14001,2w4x,1,0,14,0.295166015625,0,-611709.5086932481,-584354.2218407614,-27355.59605863982,7.130463281713929,
14002,2w4x,2,0,14,0.295166015625,0,-611705.9908555457,-584354.2218407614,-27354.987611624536,74.22260638017738,
14003,2w4x,3,0,14,0.295166015625,0,-611713.9978852575,-584354.2218407614,-27355.169116589368,-106.23828134545748,
14004,2w4x,4,0,14,0.295166015625,0,-611708.1397455641,-584354.2218407614,-27355.22553399497,30.154645532716177,
14005,2w4x,5,0,14,0.295166015625,0,-611709.494625837,-584354.2218407614,-27355.16297212535,-2.5323467914882185,
14006,2w4x,6,0,14,0.295166015625,0,-611692.7158417114,-584354.2218407614,-27355.126361223993,383.55133963418996,
14007,2w4x,7,0,14,0.295166015625,0,-611698.6483262186,-584354.2218407614,-27355.430335077584,253.75480049124332,
14008,2w4x,8,0,14,0.295166015625,0,-611708.6306923338,-584354.2218407614,-27354.238120648202,-3.9371486442914128,
14009,2w4x,9,0,14,0.295166015625,0,-611707.1828358173,-584354.2218407614,-27354.55850997859,36.83956928324037,
14010,2w4x,10,0,14,0.295166015625,0,-611690.5294971623,-584354.2218407614,-27355.13651219302,434.2037295888064,
14011,2w4x,11,0,14,0.295166015625,0,-611708.0953167533,-584354.2218407614,-27354.74359640771,20.065453467428245,
14012,2w4x,12,0,14,0.295166015625,0,-611709.17488961,-584354.2218407614,-27354.215415033636,-17.010239872933962,
14013,2w4x,13,0,14,0.295166015625,0,-611692.7659004028,-584354.2218407614,-27354.693141850767,372.4066827090862,
14014,2w4x,14,0,14,0.295166015625,0,-611708.0903862724,-584354.2218407614,-27354.495756897268,14.463838172036636,
14015,2w4x,15,0,14,0.295166015625,0,-611709.079841822,-584354.2218407614,-27354.673379692373,-4.257469894115556,
14016,2w4x,16,0,14,0.295166015625,0,-611709.5158169875,-584354.2218407614,-27354.517795893487,-17.899143685931417,
14017,2w4x,17,0,14,0.295166015625,0,-611688.0768357817,-584354.2218407614,-27354.171237918672,468.503691096012,
14018,2w4x,18,0,14,0.295166015625,0,-611707.6060082922,-584354.2218407614,-27354.31329760247,21.426248458496865,
14019,2w4x,19,0,14,0.295166015625,0,-611706.7242562776,-584354.2218407614,-27354.49519017631,45.95447536552512,
14020,2w4x,20,0,14,0.295166015625,0,-611704.1920481332,-584354.2218407614,-27354.523308846292,104.99701432867448,
14021,2w4x,21,0,14,0.295166015625,0,-611702.1463690702,-584354.2218407614,-27354.26772186452,146.2775183906406,
14022,2w4x,22,0,14,0.295166015625,0,-611701.4909650096,-584354.2218407614,-27354.69150212699,171.16410009116439,
14023,2w4x,23,0,14,0.295166015625,0,-611695.0470320438,-584354.2218407614,-27353.493757817087,292.14408451772624,
14024,2w4x,24,0,14,0.295166015625,0,-611703.727331058,-584354.2218407614,-27354.368440064725,112.14228572490435,
14025,2w4x,25,0,14,0.295166015625,0,-611708.3608921919,-584354.2218407614,-27354.22864422494,2.066058921216523,
14026,2w4x,26,0,14,0.295166015625,0,-611703.3463517735,-584354.2218407614,-27355.313796731767,142.72831937554216,
14027,2w4x,27,0,14,0.295166015625,0,-611706.2807245855,-584354.2218407614,-27354.246921989263,50.457358761736714,
14028,2w4x,28,0,14,0.295166015625,0,-611689.8753051766,-584354.2218407614,-27354.35655042821,431.30340958254476,
14029,2w4x,29,0,14,0.295166015625,0,-611708.4292494948,-584354.2218407614,-27354.414958330926,4.786207420217619,
14030,2w4x,30,0,14,0.295166015625,0,-611685.3917320231,-584354.2218407614,-27354.325278016862,533.9759038032448,
14031,2w4x,31,0,14,0.295166015625,0,-611707.5678389968,-584354.2218407614,-27354.24151304656,20.651062135865793,
14032,2w4x,32,0,14,0.295166015625,0,-611710.9240442375,-584354.2218407614,-27354.15995893174,-58.625551912387635,
14033,2w4x,33,0,14,0.295166015625,0,-611708.4768400792,-584354.2218407614,-27354.704929026902,10.375625576921504,
14034,2w4x,34,0,14,0.295166015625,0,-611707.778830857,-584354.2218407614,-27354.17878720456,14.338981971042621,
14035,2w4x,35,0,14,0.295166015625,0,-611707.189128935,-584354.2218407614,-27354.371721121606,32.38699317196336,
14036,2w4x,36,0,14,0.295166015625,0,-611707.5067746053,-584354.2218407614,-27354.54717287713,29.10792359987064,
14037,2w4x,37,0,14,0.295166015625,0,-611706.1404686273,-584354.2218407614,-27354.441956254777,58.189335002640256,
14038,2w4x,38,0,14,0.295166015625,0,-611684.3372818539,-584354.2218407614,-27354.378065022764,559.5093996396392,
14039,2w4x,39,0,14,0.295166015625,0,-611707.6561262612,-584354.2218407614,-27354.565755817235,26.092325372894184,
14040,2w4x,40,0,14,0.295166015625,0,-611710.1716916569,-584354.2218407614,-27354.243386182126,-39.35201114536378,
14041,2w4x,41,0,14,0.295166015625,0,-611701.5218255669,-584354.2218407614,-27354.724326643285,171.20939006067798,
14042,2w4x,42,0,14,0.295166015625,0,-611709.0734977582,-584354.2218407614,-27354.55354747468,-6.874568895421521,
14043,2w4x,43,0,14,0.295166015625,0,-611699.0582092558,-584354.2218407614,-27354.53362003261,223.62393292162588,
14044,2w4x,44,0,14,0.295166015625,0,-611702.9892110237,-584354.2218407614,-27354.12044087344,123.44474086890824,
14045,2w4x,45,0,14,0.295166015625,0,-611712.2786397339,-584354.2218407614,-27353.83954170638,-97.2522629002716,
14046,2w4x,46,0,14,0.295166015625,0,-611705.974769623,-584354.2218407614,-27354.237790140447,57.302262372158815,
14047,2w4x,47,0,14,0.295166015625,0,-611706.901334763,-584354.2218407614,-27353.826569828332,26.452196966093506,
14048,2w4x,48,0,14,0.295166015625,0,-611686.607683421,-584354.2218407614,-27354.411560746965,507.9251254567819,
14049,2w4x,49,0,14,0.295166015625,0,-611709.2960555855,-584354.2218407614,-27354.53224161559,-12.498199098350108,
14050,2w4x,50,0,14,0.295166015625,0,-611702.6659546951,-584354.2218407614,-27354.11768350297,130.83562242215055,
14051,2w4x,51,0,14,0.295166015625,0,-611707.0622850363,-584354.2218407614,-27354.151442143262,30.232329048161827,
14052,2w4x,52,0,14,0.295166015625,0,-611698.5098208197,-584354.2218407614,-27354.13865933114,227.16206053433152,
14053,2w4x,53,0,14,0.295166015625,0,-611706.7882058622,-584354.2218407614,-27354.691697630224,49.011332450914836,
14054,2w4x,54,0,14,0.295166015625,0,-611707.1166533241,-584354.2218407614,-27354.47143754655,36.357835850157244,
14055,2w4x,55,0,14,0.295166015625,0,-611683.6530026798,-584354.2218407614,-27354.443802568254,576.8051960750131,
14056,2w4x,56,0,14,0.295166015625,0,-611704.7594041236,-584354.2218407614,-27354.143082651433,83.14525002185002,
14057,2w4x,57,0,14,0.295166015625,0,-611694.0599297882,-584354.2218407614,-27354.043351027307,327.58112380778175,
14058,2w4x,58,0,14,0.295166015625,0,-611697.4419236191,-584354.2218407614,-27354.53927412921,261.0267517191164,
14059,2w4x,59,0,14,0.295166015625,0,-611704.3984875088,-584354.2218407614,-27354.706581088838,104.46276755044354,
14060,2w4x,60,0,14,0.295166015625,0,-611681.7015706905,-584354.2218407614,-27354.706754657564,627.8701060356271,
14061,2w4x,61,0,14,0.295166015625,0,-611706.4706872259,-584354.2218407614,-27354.07618931228,42.13952714284011,
14062,2w4x,62,0,14,0.295166015625,0,-611709.0064654062,-584354.2218407614,-27354.31417712861,-10.84877744861765,
14063,2w4x,63,0,14,0.295166015625,0,-611688.2183351513,-584354.2218407614,-27354.388130161104,470.2422920451566,
14064,2w4x,64,0,14,0.295166015625,0,-611708.0089590559,-584354.2218407614,-27354.149750503835,8.36249740808448,
14065,2w4x,65,0,14,0.295166015625,0,-611687.0145927073,-584354.2218407614,-27354.200740250883,493.6799382642788,
14066,2w4x,66,0,14,0.295166015625,0,-611708.0872500846,-584354.2218407614,-27354.70818570548,19.434885072996483,
14067,2w4x,67,0,14,0.295166015625,0,-611711.14419964,-584354.2218407614,-27354.67601803237,-51.80185052965908,
14068,2w4x,68,0,14,0.295166015625,0,-611700.5519519456,-584354.2218407614,-27354.82628879243,195.9265101102819,
14069,2w4x,69,0,14,0.295166015625,0,-611702.4819362612,-584354.2218407614,-27354.808494242963,151.00966243056115,
14070,2w4x,70,0,14,0.295166015625,0,-611704.2279967079,-584354.2218407614,-27354.063094916877,93.55523517171252,
14071,2w4x,71,0,14,0.295166015625,0,-611677.8138282304,-584354.2218407614,-27354.39446786338,710.3220724363233,
14072,2w4x,72,0,14,0.295166015625,0,-611706.923471243,-584354.2218407614,-27354.87827876502,50.19470184942452,
14073,2w4x,73,0,14,0.295166015625,0,-611709.0943329633,-584354.2218407614,-27355.210130962667,7.786134790393431,
14074,2w4x,74,0,14,0.295166015625,0,-611695.0036221156,-584354.2218407614,-27354.219890031156,309.89014789752434,
14075,2w4x,75,0,14,0.295166015625,0,-611709.2280579512,-584354.2218407614,-27354.912542554677,-2.160188404495141,
14076,2w4x,76,0,14,0.295166015625,0,-611663.493418605,-584354.2218407614,-27355.028238269624,1055.1736563241516,
14077,2w4x,77,0,14,0.295166015625,0,-611695.1121542753,-584354.2218407614,-27354.859938415822,322.1472032259828,
14078,2w4x,78,0,14,0.295166015625,0,-611710.6205422886,-584354.2218407614,-27354.47845468217,-44.28194421811545,
14079,2w4x,79,0,14,0.295166015625,0,-611706.3241965179,-584354.2218407614,-27355.0966653555,69.05041972595733,
14080,2w4x,80,0,14,0.295166015625,0,-611705.4735965588,-584354.2218407614,-27355.234214457807,91.83767842130179,
14081,2w4x,81,0,14,0.295166015625,0,-611703.5150501137,-584354.2218407614,-27354.051877352533,109.7374910294564,
14082,2w4x,82,0,14,0.295166015625,0,-611709.1566437194,-584354.2218407614,-27354.586131903467,-8.040545531218317,
14083,2w4x,83,0,14,0.295166015625,0,-611709.9969933634,-584354.2218407614,-27355.028537604154,-17.217350868892943,
14084,2w4x,84,0,14,0.295166015625,0,-611708.4324032672,-584354.2218407614,-27354.56516781741,8.177392747647284,
14085,2w4x,85,0,14,0.295166015625,0,-611708.7859522701,-584354.2218407614,-27354.98777899438,9.770004315960641,
14086,2w4x,86,0,14,0.295166015625,0,-611708.999358953,-584354.2218407614,-27355.15143433505,8.622711110492434,
14087,2w4x,87,0,14,0.295166015625,0,-611711.4765568082,-584354.2218407614,-27354.964593741235,-52.81147496666772,
14088,2w4x,88,0,14,0.295166015625,0,-611709.9514298,-584354.2218407614,-27355.233899745283,-11.43086665870878,
14089,2w4x,89,0,14,0.295166015625,0,-611708.0452023745,-584354.2218407614,-27354.67964503461,19.746364798505862,
14090,2w4x,90,0,14,0.295166015625,0,-611702.7273801873,-584354.2218407614,-27354.914188775358,147.78696485325747,
14091,2w4x,91,0,14,0.295166015625,0,-611709.8312889044,-584354.2218407614,-27355.03149155074,-13.327995640930991,
14092,2w4x,92,0,14,0.295166015625,0,-611709.8738087424,-584354.2218407614,-27355.417351636228,-5.4103814408138,
14093,2w4x,93,0,14,0.295166015625,0,-611706.0638428032,-584354.2218407614,-27355.362801524934,81.19156488120348,
14094,2w4x,94,0,14,0.295166015625,0,-611711.5437935599,-584354.2218407614,-27354.581302198705,-63.200904244051365,
14095,2w4x,95,0,14,0.295166015625,0,-611710.2776948516,-584354.2218407614,-27355.02338627273,-23.809273489667817,
14096,2w4x,96,0,14,0.295166015625,0,-611709.8518498548,-584354.2218407614,-27355.24266389304,-8.932392520721459,
14097,2w4x,97,0,14,0.295166015625,0,-611708.6146417265,-584354.2218407614,-27355.11551353627,16.666147814976373,
14098,2w4x,98,0,14,0.295166015625,0,-611708.4347306201,-584354.2218407614,-27354.88434604102,15.484147407319398,
14099,2w4x,99,0,14,0.295166015625,0,-611710.7733543818,-584354.2218407614,-27355.20216003352,-31.116832931086943,
14100,2w4x,100,0,14,0.295166015625,0,-611708.2547480174,-584354.2218407614,-27355.149270984468,25.74395915574106,
15001,2vvn,1,0,15,0.295166015625,0,-615966.1889008797,-584354.2218407614,-31612.395464563684,9.879241202901094,
15002,2vvn,2,0,15,0.295166015625,0,-615966.5099833531,-584354.2218407614,-31611.799286657886,-11.273285644339692,
15003,2vvn,3,0,15,0.295166015625,0,-615966.062191821,-584354.2218407614,-31612.264539534168,9.78201860504144,
15004,2vvn,4,0,15,0.295166015625,0,-615961.2721137028,-584354.2218407614,-31611.76611887844,108.74999079126991,
15005,2vvn,5,0,15,0.295166015625,0,-615965.6480102754,-584354.2218407614,-31612.040131473856,14.158299139723955,
15006,2vvn,6,0,15,0.295166015625,0,-615965.9433838499,-584354.2218407614,-31611.966306561546,5.644379776088119,
15007,2vvn,7,0,15,0.295166015625,0,-615966.5971440593,-584354.2218407614,-31612.13905923993,-5.447917398202061,
15008,2vvn,8,0,15,0.295166015625,0,-615940.4018932205,-584354.2218407614,-31612.192912155704,599.8707952441773,
15009,2vvn,9,0,15,0.295166015625,0,-615966.660671792,-584354.2218407614,-31612.146310741024,-6.74567812975565,
15010,2vvn,10,0,15,0.295166015625,0,-615961.3192534817,-584354.2218407614,-31611.802169198112,108.49426178747906,
15011,2vvn,11,0,15,0.295166015625,0,-615966.6821403572,-584354.2218407614,-31612.284561330383,-4.052620676258851,
15012,2vvn,12,0,15,0.295166015625,0,-615941.7754421752,-584354.2218407614,-31611.909968549327,561.6711693078221,
15013,2vvn,13,0,15,0.295166015625,0,-615938.1252280691,-584354.2218407614,-31612.07667192252,649.6913774040783,
15014,2vvn,14,0,15,0.295166015625,0,-615966.9125684423,-584354.2218407614,-31612.47679113777,-4.933493886035684,
15015,2vvn,15,0,15,0.295166015625,0,-615967.884237937,-584354.2218407614,-31612.516550654487,-26.4238485084696,
15016,2vvn,16,0,15,0.295166015625,0,-615963.0231701058,-584354.2218407614,-31612.461069190816,84.3956057760338,
15017,2vvn,17,0,15,0.295166015625,0,-615940.273897461,-584354.2218407614,-31612.345196003036,606.3341965230486,
15018,2vvn,18,0,15,0.295166015625,0,-615960.7094628138,-584354.2218407614,-31612.47937803896,138.17317551672681,
15019,2vvn,19,0,15,0.295166015625,0,-615965.7569079915,-584354.2218407614,-31612.585911685543,24.23304882695863,
15020,2vvn,20,0,15,0.295166015625,0,-615966.3316329342,-584354.2218407614,-31612.47745817335,8.478579391572351,
15021,2vvn,21,0,15,0.295166015625,0,-615965.2906995924,-584354.2218407614,-31612.51625427039,33.377731758210594,
15022,2vvn,22,0,15,0.295166015625,0,-615966.3529891594,-584354.2218407614,-31612.34706103237,4.979063631252617,
15023,2vvn,23,0,15,0.295166015625,0,-615955.8234229902,-584354.2218407614,-31612.347682947224,247.810969610134,
15024,2vvn,24,0,15,0.295166015625,0,-615967.1946110945,-584354.2218407614,-31612.479961508827,-11.364441465202031,
15025,2vvn,25,0,15,0.295166015625,0,-615970.0818997538,-584354.2218407614,-31612.34680616291,-81.01753491557066,
15026,2vvn,26,0,15,0.295166015625,0,-615967.5220662277,-584354.2218407614,-31612.482224756794,-18.863544488745074,
15027,2vvn,27,0,15,0.295166015625,0,-615968.0762140965,-584354.2218407614,-31612.513076716976,-30.931034818219615,
15028,2vvn,28,0,15,0.295166015625,0,-615968.1156691235,-584354.2218407614,-31612.47961645754,-32.61250126801011,
15029,2vvn,29,0,15,0.295166015625,0,-615966.4629453933,-584354.2218407614,-31612.518102372007,6.3877196343056175,
15030,2vvn,30,0,15,0.295166015625,0,-615966.4671796781,-584354.2218407614,-31612.51539921196,6.227738354169844,
15031,2vvn,31,0,15,0.295166015625,0,-615962.6662191367,-584354.2218407614,-31612.581289881782,95.39944566607146,
15032,2vvn,32,0,15,0.295166015625,0,-615967.263994984,-584354.2218407614,-31612.460387373285,-13.415862255139306,
15033,2vvn,33,0,15,0.295166015625,0,-615964.9928639298,-584354.2218407614,-31612.478892261104,39.384396899325054,
15034,2vvn,34,0,15,0.295166015625,0,-615955.6875523549,-584354.2218407614,-31612.34426682623,250.86544327210538,
15035,2vvn,35,0,15,0.295166015625,0,-615967.1774457906,-584354.2218407614,-31612.58050500782,-8.65001198534132,
15036,2vvn,36,0,15,0.295166015625,0,-615967.8933025073,-584354.2218407614,-31612.480357760505,-27.467510428285095,
15037,2vvn,37,0,15,0.295166015625,0,-615965.3754109652,-584354.2218407614,-31612.582485312538,32.95156521073206,
15038,2vvn,38,0,15,0.295166015625,0,-615967.3633015973,-584354.2218407614,-31612.580245459394,-12.941934033970794,
15039,2vvn,39,0,15,0.295166015625,0,-615965.983063213,-584354.2218407614,-31612.580921078043,18.90269938232483,
15040,2vvn,40,0,15,0.295166015625,0,-615967.4945224148,-584354.2218407614,-31612.346778029518,-21.351844804692714,
15041,2vvn,41,0,15,0.295166015625,0,-615966.3061898263,-584354.2218407614,-31612.582260215597,11.48210390439653,
15042,2vvn,42,0,15,0.295166015625,0,-615965.6592303436,-584354.2218407614,-31612.325394803596,20.47788688002341,
15043,2vvn,43,0,15,0.295166015625,0,-615965.5885795569,-584354.2218407614,-31611.598036760406,5.33385778202017,
15044,2vvn,44,0,15,0.295166015625,0,-615965.0255279165,-584354.2218407614,-31611.60131054552,18.39363234491075,
15045,2vvn,45,0,15,0.295166015625,0,-615963.176939211,-584354.2218407614,-31611.601042563037,61.0169207850285,
15046,2vvn,46,0,15,0.295166015625,0,-615960.0781626028,-584354.2218407614,-31611.600599313097,132.4661853866001,
15047,2vvn,47,0,15,0.295166015625,0,-615953.5733549813,-584354.2218407614,-31611.804579758948,287.17451350130386,
15048,2vvn,48,0,15,0.295166015625,0,-615969.3570520502,-584354.2218407614,-31612.37963970931,-63.54499020981013,
15049,2vvn,49,0,15,0.295166015625,0,-615944.6829053975,-584354.2218407614,-31612.26800268324,502.87993787480303,
15050,2vvn,50,0,15,0.295166015625,0,-615964.0108925921,-584354.2218407614,-31612.38279449375,59.813126740026185,
15051,2vvn,51,0,15,0.295166015625,0,-615965.2169151077,-584354.2218407614,-31612.385587150173,32.06598702251261,
15052,2vvn,52,0,15,0.295166015625,0,-615936.7664219659,-584354.2218407614,-31612.37981205614,688.0167680909768,
15053,2vvn,53,0,15,0.295166015625,0,-615966.7797185095,-584354.2218407614,-31612.38331984909,-4.025400780640292,
15054,2vvn,54,0,15,0.295166015625,0,-615964.9403527303,-584354.2218407614,-31612.413726413564,39.092573782780406,
15055,2vvn,55,0,15,0.295166015625,0,-615955.5208292372,-584354.2218407614,-31612.161710703687,250.50032550661072,
15056,2vvn,56,0,15,0.295166015625,0,-615952.5138854902,-584354.2218407614,-31612.268030518608,322.2938887841143,
15057,2vvn,57,0,15,0.295166015625,0,-615966.3477174855,-584354.2218407614,-31612.385526234226,5.987659946579063,
15058,2vvn,58,0,15,0.295166015625,0,-615946.6859690321,-584354.2218407614,-31612.16120579274,454.2253983194016,
15059,2vvn,59,0,15,0.295166015625,0,-615967.1947033325,-584354.2218407614,-31612.377810502356,-13.722226693646927,
15060,2vvn,60,0,15,0.295166015625,0,-615949.6662972193,-584354.2218407614,-31612.26542952092,387.90085387561993,
15061,2vvn,61,0,15,0.295166015625,0,-615964.9078834868,-584354.2218407614,-31612.379206800775,39.04529114394101,
15062,2vvn,62,0,15,0.295166015625,0,-615967.112591408,-584354.2218407614,-31612.41443743737,-10.984043543558919,
15063,2vvn,63,0,15,0.295166015625,0,-615963.507658563,-584354.2218407614,-31612.267647707777,68.76263117408453,
15064,2vvn,64,0,15,0.295166015625,0,-615966.2928798419,-584354.2218407614,-31612.161131435947,2.077579071880966,
15065,2vvn,65,0,15,0.295166015625,0,-615964.2741601827,-584354.2218407614,-31612.37992730172,53.67591285699794,
15066,2vvn,66,0,15,0.295166015625,0,-615960.3365266842,-584354.2218407614,-31612.399865115003,144.93967538440407,
15067,2vvn,67,0,15,0.295166015625,0,-615964.1103110829,-584354.2218407614,-31612.03460722597,49.49109273558124,
15068,2vvn,68,0,15,0.295166015625,0,-615960.7947344702,-584354.2218407614,-31612.388185137825,134.1038061473675,
15069,2vvn,69,0,15,0.295166015625,0,-615966.9340169942,-584354.2218407614,-31611.98939918907,-16.667634588507536,
15070,2vvn,70,0,15,0.295166015625,0,-615965.5952432377,-584354.2218407614,-31612.207198971824,19.22780396579214,
15071,2vvn,71,0,15,0.295166015625,0,-615949.3544446443,-584354.2218407614,-31612.16125028761,392.689914905829,
15072,2vvn,72,0,15,0.295166015625,0,-615965.9768104475,-584354.2218407614,-31612.122349077777,8.47197003253188,
15073,2vvn,73,0,15,0.295166015625,0,-615965.9873143352,-584354.2218407614,-31611.939199024753,4.006204070689522,
15074,2vvn,74,0,15,0.295166015625,0,-615966.7099253756,-584354.2218407614,-31612.128421658592,-8.294024792476968,
15075,2vvn,75,0,15,0.295166015625,0,-615970.6412140349,-584354.2218407614,-31611.862867707317,-105.07551454943902,
15076,2vvn,76,0,15,0.295166015625,0,-615952.3088813644,-584354.2218407614,-31612.152923816757,324.36697262971495,
15077,2vvn,77,0,15,0.295166015625,0,-615968.477165333,-584354.2218407614,-31612.482085579948,-40.89186258271435,
15078,2vvn,78,0,15,0.295166015625,0,-615966.6654132229,-584354.2218407614,-31611.937107736187,-11.67935402234962,
15079,2vvn,79,0,15,0.295166015625,0,-615962.0392616604,-584354.2218407614,-31612.22306352289,101.5965324516416,
15080,2vvn,80,0,15,0.295166015625,0,-615959.720961712,-584354.2218407614,-31612.327011639194,157.4548998069673,
15081,2vvn,81,0,15,0.295166015625,0,-615966.7902315469,-584354.2218407614,-31612.30750509532,-6.016166936357581,
15082,2vvn,82,0,15,0.295166015625,0,-615967.3024824781,-584354.2218407614,-31612.30013363989,-17.998943837929616,
15083,2vvn,83,0,15,0.295166015625,0,-615967.6157617783,-584354.2218407614,-31612.232352489547,-26.7864065846715,
15084,2vvn,84,0,15,0.295166015625,0,-615967.1046363931,-584354.2218407614,-31612.1524649504,-16.841825609903886,
15085,2vvn,85,0,15,0.295166015625,0,-615965.6816796282,-584354.2218407614,-31612.33542194398,20.19142543008179,
15086,2vvn,86,0,15,0.295166015625,0,-615946.1910743637,-584354.2218407614,-31612.190674954967,466.31751551757384,
15087,2vvn,87,0,15,0.295166015625,0,-615967.5706765269,-584354.2218407614,-31612.38442974718,-22.23973111360531,
15088,2vvn,88,0,15,0.295166015625,0,-615967.7538057786,-584354.2218407614,-31612.07095741661,-33.69163565434934,
15089,2vvn,89,0,15,0.295166015625,0,-615965.4026569346,-584354.2218407614,-31612.16171663435,22.620102001315374,
15090,2vvn,90,0,15,0.295166015625,0,-615969.0733871085,-584354.2218407614,-31612.32010238798,-58.3764845007463,
15091,2vvn,91,0,15,0.295166015625,0,-615965.511464558,-584354.2218407614,-31612.0228979531,16.909703759105668,
15092,2vvn,92,0,15,0.295166015625,0,-615966.0930076163,-584354.2218407614,-31611.975967938022,2.4167703881865794,
15093,2vvn,93,0,15,0.295166015625,0,-615966.687106988,-584354.2218407614,-31611.99274783762,-10.896532911650782,
15094,2vvn,94,0,15,0.295166015625,0,-615961.6362351701,-584354.2218407614,-31611.68670302065,98.5217770930685,
15095,2vvn,95,0,15,0.295166015625,0,-615966.8585748292,-584354.2218407614,-31611.821656757907,-18.796129290697017,
15096,2vvn,96,0,15,0.295166015625,0,-615961.0504734736,-584354.2218407614,-31611.936194652633,117.78317642410889,
15097,2vvn,97,0,15,0.295166015625,0,-615967.4927713192,-584354.2218407614,-31612.21314709814,-24.3930660673261,
15098,2vvn,98,0,15,0.295166015625,0,-615945.163794942,-584354.2218407614,-31612.139954859333,488.8375085654484,
15099,2vvn,99,0,15,0.295166015625,0,-615966.3686244109,-584354.2218407614,-31612.106073791103,-0.9387916384067025,
15100,2vvn,100,0,15,0.295166015625,0,-615966.9318447035,-584354.2218407614,-31612.12838518055,-13.412447270729189,
16001,4k77,1,0,16,0.2354736328125,0,-606120.1788518454,-584354.2218407614,-21763.86704785187,-48.19569708046263,
16002,4k77,2,0,16,0.2354736328125,0,-606119.0383363253,-584354.2218407614,-21764.44420657117,-8.585188124844993,
16003,4k77,3,0,16,0.2354736328125,0,-606118.648307535,-584354.2218407614,-21763.829799002,-13.75948568627698,
16004,4k77,4,0,16,0.2354736328125,0,-606117.8662551079,-584354.2218407614,-21763.83109832365,4.305034783189361,
16005,4k77,5,0,16,0.2354736328125,0,-606119.1894755091,-584354.2218407614,-21764.529959117957,-10.09303979481085,
16006,4k77,6,0,16,0.2354736328125,0,-606118.6669185794,-584354.2218407614,-21763.735294794627,-16.367985359925367,
16007,4k77,7,0,16,0.2354736328125,0,-606119.0103763366,-584354.2218407614,-21764.46036127765,-7.567879086995224,
16008,4k77,8,0,16,0.2354736328125,0,-606115.3595499132,-584354.2218407614,-21764.526152020284,78.13934883913896,
16009,4k77,9,0,16,0.2354736328125,0,-606119.2895254369,-584354.2218407614,-21764.461555814334,-13.977663595975741,
16010,4k77,10,0,16,0.2354736328125,0,-606110.923445437,-584354.2218407614,-21763.73703685958,162.24092038733792,
16011,4k77,11,0,16,0.2354736328125,0,-606117.7486496443,-584354.2218407614,-21763.653952872344,2.9320100488688,
16012,4k77,12,0,16,0.2354736328125,0,-606116.5633858178,-584354.2218407614,-21763.873480027505,35.32725967375442,
16013,4k77,13,0,16,0.2354736328125,0,-606118.63223246,-584354.2218407614,-21764.461247419902,1.1727607937449709,
16014,4k77,14,0,16,0.2354736328125,0,-606121.6531235314,-584354.2218407614,-21764.527426695415,-66.96451190132302,
16015,4k77,15,0,16,0.2354736328125,0,-606117.0355327452,-584354.2218407614,-21763.738365059682,21.323467693734038,
16016,4k77,16,0,16,0.2354736328125,0,-606117.1659170125,-584354.2218407614,-21763.733070736715,18.194645073098435,
16017,4k77,17,0,16,0.2354736328125,0,-606108.6630817528,-584354.2218407614,-21764.464750772306,231.14762673173723,
16018,4k77,18,0,16,0.2354736328125,0,-606119.1814904845,-584354.2218407614,-21764.53097907264,-9.885380039457699,
16019,4k77,19,0,16,0.2354736328125,0,-606116.6598245824,-584354.2218407614,-21763.833981579133,32.19247307218211,
16020,4k77,20,0,16,0.2354736328125,0,-606118.0828564797,-584354.2218407614,-21763.735571062156,-2.8928224934253683,
16021,4k77,21,0,16,0.2354736328125,0,-606118.8087284591,-584354.2218407614,-21763.733112936803,-19.688513709990445,
16022,4k77,22,0,16,0.2354736328125,0,-606118.5633257366,-584354.2218407614,-21763.873116111346,-10.800842586948411,
16023,4k77,23,0,16,0.2354736328125,0,-606120.8967303062,-584354.2218407614,-21763.87639642317,-64.53478448594355,
16024,4k77,24,0,16,0.2354736328125,0,-606117.8810377304,-584354.2218407614,-21763.65627718527,-0.06733181249231177,
16025,4k77,25,0,16,0.2354736328125,0,-606117.6087200376,-584354.2218407614,-21763.7357050832,8.0441142056855,
16026,4k77,26,0,16,0.2354736328125,0,-606116.2008919152,-584354.2218407614,-21763.654503172227,38.636841407138775,
16027,4k77,27,0,16,0.2354736328125,0,-606120.1595040287,-584354.2218407614,-21763.65766260583,-52.578064309198,
16028,4k77,28,0,16,0.2354736328125,0,-606118.5880059036,-584354.2218407614,-21763.655114984103,-16.39720618245103,
16029,4k77,29,0,16,0.2354736328125,0,-606118.8177633316,-584354.2218407614,-21763.8751161154,-16.622191727773497,
16030,4k77,30,0,16,0.2354736328125,0,-606121.1533190644,-584354.2218407614,-21764.460504954644,-56.98199908891271,
16031,4k77,31,0,16,0.2354736328125,0,-606105.3389107013,-584354.2218407614,-21763.87425068576,294.1875767722216,
16032,4k77,32,0,16,0.2354736328125,0,-606108.8284970705,-584354.2218407614,-21763.737946754285,210.5725600664463,
16033,4k77,33,0,16,0.2354736328125,0,-606116.6433725681,-584354.2218407614,-21763.73762253482,30.34977318524288,
16034,4k77,34,0,16,0.2354736328125,0,-606118.9802869296,-584354.2218407614,-21763.87395269234,-20.396904107616166,
16035,4k77,35,0,16,0.2354736328125,0,-606117.4022990192,-584354.2218407614,-21763.735765492507,12.8056890468911,
16036,4k77,36,0,16,0.2354736328125,0,-606116.6134754453,-584354.2218407614,-21763.86731452305,34.02998551247501,
16037,4k77,37,0,16,0.2354736328125,0,-606118.5836413833,-584354.2218407614,-21763.873391723228,-11.262976770169958,
16038,4k77,38,0,16,0.2354736328125,0,-606120.9005424413,-584354.2218407614,-21763.871282821485,-64.74061686554505,
16039,4k77,39,0,16,0.2354736328125,0,-606118.6252897412,-584354.2218407614,-21763.83333489854,-13.147143040640353,
16040,4k77,40,0,16,0.2354736328125,0,-606112.2688489887,-584354.2218407614,-21763.735153591224,131.17174823172553,
16041,4k77,41,0,16,0.2354736328125,0,-606117.7579560603,-584354.2218407614,-21763.831338619777,6.808011509975508,
16042,4k77,42,0,16,0.2354736328125,0,-606117.1555972731,-584354.2218407614,-21764.156547492334,28.198229894025353,
16043,4k77,43,0,16,0.2354736328125,0,-606117.5867752462,-584354.2218407614,-21763.831022506543,10.748245118147345,
16044,4k77,44,0,16,0.2354736328125,0,-606115.1343898509,-584354.2218407614,-21763.65584779341,63.26197097460703,
16045,4k77,45,0,16,0.2354736328125,0,-606117.9146280917,-584354.2218407614,-21763.660469686576,-0.7452625703622554,
16046,4k77,46,0,16,0.2354736328125,0,-606119.2521321508,-584354.2218407614,-21764.528411095926,-11.573634513860883,
16047,4k77,47,0,16,0.2354736328125,0,-606118.0660078258,-584354.2218407614,-21764.457800006458,14.150711810537747,
16048,4k77,48,0,16,0.2354736328125,0,-606109.7989538643,-584354.2218407614,-21763.832287168094,190.36883638075025,
16049,4k77,49,0,16,0.2354736328125,0,-606113.437404159,-584354.2218407614,-21764.530502056667,122.5653971637099,
16050,4k77,50,0,16,0.2354736328125,0,-606117.7434653374,-584354.2218407614,-21764.5270902868,23.186590114384835,
16051,4k77,51,0,16,0.2354736328125,0,-606120.0388431131,-584354.2218407614,-21763.876281505414,-44.754085902690925,
16052,4k77,52,0,16,0.2354736328125,0,-606120.1185051235,-584354.2218407614,-21763.83599317629,-47.52020644512177,
16053,4k77,53,0,16,0.2354736328125,0,-606120.7164109077,-584354.2218407614,-21764.460119610616,-46.915543887511824,
16054,4k77,54,0,16,0.2354736328125,0,-606118.1408900357,-584354.2218407614,-21764.528277909347,14.049146078446036,
16055,4k77,55,0,16,0.2354736328125,0,-606120.3274555529,-584354.2218407614,-21763.73288971741,-54.716340060179036,
16056,4k77,56,0,16,0.2354736328125,0,-606119.6514493559,-584354.2218407614,-21764.461152857133,-22.33311985361149,
16057,4k77,57,0,16,0.2354736328125,0,-606115.8737285468,-584354.2218407614,-21763.830383365937,50.23730153353365,
16058,4k77,58,0,16,0.2354736328125,0,-606122.8024450871,-584354.2218407614,-21763.6607150789,-113.45534129829724,
16059,4k77,59,0,16,0.2354736328125,0,-606119.0701344043,-584354.2218407614,-21763.829272305557,-23.49919029205522,
16060,4k77,60,0,16,0.2354736328125,0,-606118.169874582,-584354.2218407614,-21763.73256996829,-4.968714472042713,
16061,4k77,61,0,16,0.2354736328125,0,-606117.4653978082,-584354.2218407614,-21763.86856288273,14.41297697235094,
16062,4k77,62,0,16,0.2354736328125,0,-606120.6150693032,-584354.2218407614,-21763.658665662595,-63.060518072360516,
16063,4k77,63,0,16,0.2354736328125,0,-606120.856121856,-584354.2218407614,-21764.52835661728,-48.56377213809554,
16064,4k77,64,0,16,0.2354736328125,0,-606117.7971169385,-584354.2218407614,-21763.6581100579,1.9101946691478708,
16065,4k77,65,0,16,0.2354736328125,0,-606116.5196457829,-584354.2218407614,-21764.527202403136,51.41112495229306,
16066,4k77,66,0,16,0.2354736328125,0,-606100.3026231861,-584354.2218407614,-21763.830316310712,409.31397514784584,
16067,4k77,67,0,16,0.2354736328125,0,-606120.4048746253,-584354.2218407614,-21763.655268466064,-58.291654861328134,
16068,4k77,68,0,16,0.2354736328125,0,-606110.9408978556,-584354.2218407614,-21764.457230096647,178.4465086447686,
16069,4k77,69,0,16,0.2354736328125,0,-606118.2870894994,-584354.2218407614,-21763.830652719327,-5.409912710468953,
16070,4k77,70,0,16,0.2354736328125,0,-606115.9423995501,-584354.2218407614,-21764.52810881097,64.74364157439278,
16071,4k77,71,0,16,0.2354736328125,0,-606119.3152548998,-584354.2218407614,-21763.831882452556,-29.09161178172229,
16072,4k77,72,0,16,0.2354736328125,0,-606111.7391936217,-584354.2218407614,-21763.832887088844,145.63967915313592,
16073,4k77,73,0,16,0.2354736328125,0,-606090.3970960404,-584354.2218407614,-21763.83323956091,637.8082694301961,
16074,4k77,74,0,16,0.2354736328125,0,-606119.5129540599,-584354.2218407614,-21764.389172172137,-20.79925648494875,
16075,4k77,75,0,16,0.2354736328125,0,-606092.8037640477,-584354.2218407614,-21763.876601314136,583.3091325206885,
16076,4k77,76,0,16,0.2354736328125,0,-606102.3304162357,-584354.2218407614,-21764.457454925367,377.0141165570905,
16077,4k77,77,0,16,0.2354736328125,0,-606119.1243108537,-584354.2218407614,-21764.461136108228,-10.177403448721003,
16078,4k77,78,0,16,0.2354736328125,0,-606113.3475928641,-584354.2218407614,-21763.87202334959,109.45161510603106,
16079,4k77,79,0,16,0.2354736328125,0,-606118.355986687,-584354.2218407614,-21763.87655824978,-5.940112919666445,
16080,4k77,80,0,16,0.2354736328125,0,-606115.7811117057,-584354.2218407614,-21764.456573581287,66.81338603931941,
16081,4k77,81,0,16,0.2354736328125,0,-606121.9046262533,-584354.2218407614,-21764.525545990058,-72.80767254551375,
16082,4k77,82,0,16,0.2354736328125,0,-606117.1257526166,-584354.2218407614,-21763.652955776044,17.273363164132128,
16083,4k77,83,0,16,0.2354736328125,0,-606113.1737796689,-584354.2218407614,-21764.460756218024,127.03634507950476,
16084,4k77,84,0,16,0.2354736328125,0,-606118.0389762555,-584354.2218407614,-21763.311710601636,-11.655374907124301,
16085,4k77,85,0,16,0.2354736328125,0,-606101.1622651252,-584354.2218407614,-21763.67990488369,386.0215911880323,
16086,4k77,86,0,16,0.2354736328125,0,-606118.1101495656,-584354.2218407614,-21763.11572430093,-17.816221892008283,
16087,4k77,87,0,16,0.2354736328125,0,-606117.6206815571,-584354.2218407614,-21763.63177791793,5.371657647860885,
16088,4k77,88,0,16,0.2354736328125,0,-606118.3432639274,-584354.2218407614,-21763.044489478656,-24.8346808076862,
16089,4k77,89,0,16,0.2354736328125,0,-606121.7535536613,-584354.2218407614,-21763.292157417127,-97.76647199141878,
16090,4k77,90,0,16,0.2354736328125,0,-606112.3355791903,-584354.2218407614,-21763.735071456023,129.63101914340976,
16091,4k77,91,0,16,0.2354736328125,0,-606122.251277181,-584354.2218407614,-21763.27046880681,-109.74440025911056,
16092,4k77,92,0,16,0.2354736328125,0,-606121.937820885,-584354.2218407614,-21763.712356870958,-92.32574551361766,
16093,4k77,93,0,16,0.2354736328125,0,-606113.6324314203,-584354.2218407614,-21763.72112671096,99.40332280422902,
16094,4k77,94,0,16,0.2354736328125,0,-606112.8209477997,-584354.2218407614,-21763.287231331655,108.11071450173095,
16095,4k77,95,0,16,0.2354736328125,0,-606119.2232816542,-584354.2218407614,-21764.295575117656,-16.277651469957952,
16096,4k77,96,0,16,0.2354736328125,0,-606114.4096475575,-584354.2218407614,-21764.152621334382,91.43079529806735,
16097,4k77,97,0,16,0.2354736328125,0,-606108.3376091453,-584354.2218407614,-21764.382161414214,236.7486475222159,
16098,4k77,98,0,16,0.2354736328125,0,-606119.2641329202,-584354.2218407614,-21764.49061033685,-12.722085042808292,
16099,4k77,99,0,16,0.2354736328125,0,-606118.3736531467,-584354.2218407614,-21763.95314682085,-4.5813367513075285,
16100,4k77,100,0,16,0.2354736328125,0,-606120.9453207585,-584354.2218407614,-21764.459703331777,-52.20393006930428,
17001,4e5w,1,0,17,0.2354736328125,1,-617600.9798548871,-584354.2218407614,-33253.5160874796,155.844873819264,
17002,4e5w,2,0,17,0.2354736328125,1,-617600.6636900653,-584354.2218407614,-33254.00668091292,174.44916115044887,
17003,4e5w,3,0,17,0.2354736328125,1,-617603.4071705542,-584354.2218407614,-33254.780907399705,129.03708504424495,
17004,4e5w,4,0,17,0.2354736328125,1,-617607.7989572042,-584354.2218407614,-33254.75977028126,27.2726454079347,
17005,4e5w,5,0,17,0.2354736328125,1,-617598.9005901268,-584354.2218407614,-33254.758530266234,232.4452695862319,
17006,4e5w,6,0,17,0.2354736328125,1,-617603.2492751975,-584354.2218407614,-33254.853988595045,134.36353086914895,
17007,4e5w,7,0,17,0.2354736328125,1,-617593.2149733355,-584354.2218407614,-33254.806677944674,364.66901938899997,
17008,4e5w,8,0,17,0.2354736328125,1,-617603.4944665188,-584354.2218407614,-33254.606137521216,122.99370313507217,
17009,4e5w,9,0,17,0.2354736328125,1,-617605.7033551539,-584354.2218407614,-33254.28121352912,64.56259585044292,
17010,4e5w,10,0,17,0.2354736328125,1,-617610.1923048247,-584354.2218407614,-33254.78366983656,-27.368125031887747,
17011,4e5w,11,0,17,0.2354736328125,1,-617607.528066819,-584354.2218407614,-33253.46513224358,3.6644637028230016,
17012,4e5w,12,0,17,0.2354736328125,1,-617606.7373531663,-584354.2218407614,-33254.71391732211,50.69642174287221,
17013,4e5w,13,0,17,0.2354736328125,1,-617609.7230346849,-584354.2218407614,-33254.78560138465,-16.50195597006984,
17014,4e5w,14,0,17,0.2354736328125,1,-617592.8095354188,-584354.2218407614,-33254.48875290874,366.68711436290783,
17015,4e5w,15,0,17,0.2354736328125,1,-617610.7197193851,-584354.2218407614,-33251.94631416321,-104.96156994710512,
17016,4e5w,16,0,17,0.2354736328125,1,-617592.9421181136,-584354.2218407614,-33254.700864083716,368.521084682123,
17017,4e5w,17,0,17,0.2354736328125,1,-617609.2334068621,-584354.2218407614,-33254.84142626048,-3.923517924674772,
17018,4e5w,18,0,17,0.2354736328125,1,-617603.4822306683,-584354.2218407614,-33254.85938835854,129.11597159680895,
17019,4e5w,19,0,17,0.2354736328125,1,-617606.5067109218,-584354.2218407614,-33254.29588378197,46.37507580832229,
17020,4e5w,20,0,17,0.2354736328125,1,-617585.9177632086,-584354.2218407614,-33254.78487802262,532.443964404798,
17021,4e5w,21,0,17,0.2354736328125,1,-617605.9005894711,-584354.2218407614,-33252.0629304123,8.859440527711783,
17022,4e5w,22,0,17,0.2354736328125,1,-617603.5744382192,-584354.2218407614,-33254.250843830145,112.95624475509484,
17023,4e5w,23,0,17,0.2354736328125,1,-617583.6358603886,-584354.2218407614,-33254.65662283422,582.1082586233482,
17024,4e5w,24,0,17,0.2354736328125,1,-617580.2310440296,-584354.2218407614,-33253.1517611217,625.9222536256018,
17025,4e5w,25,0,17,0.2354736328125,1,-617597.3224436393,-584354.2218407614,-33254.40460837602,260.67655946675046,
17026,4e5w,26,0,17,0.2354736328125,1,-617604.2937444946,-584354.2218407614,-33254.71321762318,107.03124095715104,
17027,4e5w,27,0,17,0.2354736328125,1,-617610.12322483,-584354.2218407614,-33254.69794357538,-27.751997056380677,
17028,4e5w,28,0,17,0.2354736328125,1,-617609.2658563458,-584354.2218407614,-33254.791596598574,-5.820920095931537,
17029,4e5w,29,0,17,0.2354736328125,1,-617608.3696522763,-584354.2218407614,-33254.578177042014,9.924464822498564,
17030,4e5w,30,0,17,0.2354736328125,1,-617611.733981048,-584354.2218407614,-33254.84224344019,-61.569283929996324,
17031,4e5w,31,0,17,0.2354736328125,1,-617594.0468046715,-584354.2218407614,-33251.94835901974,279.57213279408995,
17032,4e5w,32,0,17,0.2354736328125,1,-617609.8670665675,-584354.2218407614,-33254.71555275435,-21.43876987812103,
17033,4e5w,33,0,17,0.2354736328125,1,-617610.2019389326,-584354.2218407614,-33251.94981152535,-92.9406179694402,
17034,4e5w,34,0,17,0.2354736328125,1,-617594.9584408748,-584354.2218407614,-33254.750420994795,323.16638672396397,
17035,4e5w,35,0,17,0.2354736328125,1,-617580.6276783993,-584354.2218407614,-33254.3398354125,644.1732917803598,
17036,4e5w,36,0,17,0.2354736328125,1,-617606.4163266474,-584354.2218407614,-33254.404084808775,50.95456164462459,
17037,4e5w,37,0,17,0.2354736328125,1,-617610.8312278743,-584354.2218407614,-33254.85511583806,-40.45445664132864,
17038,4e5w,38,0,17,0.2354736328125,1,-617611.4672285068,-584354.2218407614,-33254.695651359594,-58.798317881245495,
17039,4e5w,39,0,17,0.2354736328125,1,-617614.2054671695,-584354.2218407614,-33254.28183979513,-131.48632290967709,
17040,4e5w,40,0,17,0.2354736328125,1,-617593.7671114558,-584354.2218407614,-33254.59925300593,347.1530791358798,
17041,4e5w,41,0,17,0.2354736328125,1,-617606.4639399553,-584354.2218407614,-33254.80448961974,59.09012697410516,
17042,4e5w,42,0,17,0.2354736328125,1,-617590.589734887,-584354.2218407614,-33254.57681382421,419.9076636529172,
17043,4e5w,43,0,17,0.2354736328125,1,-617600.6687976768,-584354.2218407614,-33254.34017354965,182.02189973087135,
17044,4e5w,44,0,17,0.2354736328125,1,-617595.0579287314,-584354.2218407614,-33254.70216829295,319.7594085090935,
17045,4e5w,45,0,17,0.2354736328125,1,-617586.7306715602,-584354.2218407614,-33254.78909677977,513.7951393333539,
17046,4e5w,46,0,17,0.2354736328125,1,-617605.5408474853,-584354.2218407614,-33254.551888234564,74.55201870661269,
17047,4e5w,47,0,17,0.2354736328125,1,-617604.4832403413,-584354.2218407614,-33253.961556739756,85.32765116490549,
17048,4e5w,48,0,17,0.2354736328125,1,-617610.94408912,-584354.2218407614,-33254.843452222296,-43.32606816641877,
17049,4e5w,49,0,17,0.2354736328125,1,-617596.5605681891,-584354.2218407614,-33254.74168277503,286.0189450266282,
17050,4e5w,50,0,17,0.2354736328125,1,-617608.6142298031,-584354.2218407614,-33254.68581724886,6.766615205523064,
17051,4e5w,51,0,17,0.2354736328125,1,-617584.7650464227,-584354.2218407614,-33252.06020969869,496.1939007747334,
17052,4e5w,52,0,17,0.2354736328125,1,-617598.8020872527,-584354.2218407614,-33254.27479506249,223.5616010208729,
17053,4e5w,53,0,17,0.2354736328125,1,-617591.196152782,-584354.2218407614,-33254.7518048358,409.958723373894,
17054,4e5w,54,0,17,0.2354736328125,1,-617609.3121996869,-584354.2218407614,-33254.3522992802,-17.020059752634726,
17055,4e5w,55,0,17,0.2354736328125,1,-617585.6276108375,-584354.2218407614,-33254.48142255066,532.1371876126525,
17056,4e5w,56,0,17,0.2354736328125,1,-617610.4684725606,-584354.2218407614,-33254.78903389687,-33.613006145964455,
17057,4e5w,57,0,17,0.2354736328125,1,-617599.6889095063,-584354.2218407614,-33254.74636108399,213.98556481899607,
17058,4e5w,58,0,17,0.2354736328125,1,-617600.2482535591,-584354.2218407614,-33254.60662568326,197.8644096432868,
17059,4e5w,59,0,17,0.2354736328125,1,-617592.6034873178,-584354.2218407614,-33251.99949533468,314.0350531010321,
17060,4e5w,60,0,17,0.2354736328125,1,-617585.2198648207,-584354.2218407614,-33254.7592228126,547.9462603623556,
17061,4e5w,61,0,17,0.2354736328125,1,-617612.6150210107,-584354.2218407614,-33254.42271120072,-91.56119140648238,
17062,4e5w,62,0,17,0.2354736328125,1,-617611.6306086975,-584354.2218407614,-33254.750491447485,-61.301312114315394,
17063,4e5w,63,0,17,0.2354736328125,1,-617605.0558803728,-584354.2218407614,-33254.784509010315,91.09998852723739,
17064,4e5w,64,0,17,0.2354736328125,1,-617602.9726075882,-584354.2218407614,-33254.76021409745,138.58114622052412,
17065,4e5w,65,0,17,0.2354736328125,1,-617608.1148403193,-584354.2218407614,-33254.845312542864,21.960859139607944,
17066,4e5w,66,0,17,0.2354736328125,1,-617612.3449976493,-584354.2218407614,-33254.78641707415,-76.94704807429314,
17067,4e5w,67,0,17,0.2354736328125,1,-617595.1794156781,-584354.2218407614,-33254.40469784255,310.0980214140721,
17068,4e5w,68,0,17,0.2354736328125,1,-617596.1048396134,-584354.2218407614,-33254.66289187188,294.71133425372307,
17069,4e5w,69,0,17,0.2354736328125,1,-617603.8685889298,-584354.2218407614,-33254.70575351239,116.66343471056588,
17070,4e5w,70,0,17,0.2354736328125,1,-617599.8173295012,-584354.2218407614,-33254.809354252764,212.47678636701255,
17071,4e5w,71,0,17,0.2354736328125,1,-617555.7028796724,-584354.2218407614,-33254.744284279295,1228.2796174287548,
17072,4e5w,72,0,17,0.2354736328125,1,-617586.7288962507,-584354.2218407614,-33254.67945302243,511.3076338311455,
17073,4e5w,73,0,17,0.2354736328125,1,-617578.5451838722,-584354.2218407614,-33254.213592000015,689.2855141776207,
17074,4e5w,74,0,17,0.2354736328125,1,-617575.5628413309,-584354.2218407614,-33254.76324046377,770.7351616878002,
17075,4e5w,75,0,17,0.2354736328125,1,-617614.3486615767,-584354.2218407614,-33254.41834414726,-131.6405992450293,
17076,4e5w,76,0,17,0.2354736328125,1,-617602.5380604619,-584354.2218407614,-33254.855905361124,150.8087339740317,
17077,4e5w,77,0,17,0.2354736328125,1,-617577.8226152117,-584354.2218407614,-33254.41091240168,710.4986598948257,
17078,4e5w,78,0,17,0.2354736328125,1,-617611.8768186617,-584354.2218407614,-33254.27784705881,-77.87848730104272,
17079,4e5w,79,0,17,0.2354736328125,1,-617599.8316201916,-584354.2218407614,-33254.294537730275,200.27528417614863,
17080,4e5w,80,0,17,0.2354736328125,1,-617590.2790759855,-584354.2218407614,-33254.55279625172,426.5177697299527,
17081,4e5w,81,0,17,0.2354736328125,1,-617586.3492513796,-584354.2218407614,-33254.74631053925,521.6042235045163,
17082,4e5w,82,0,17,0.2354736328125,1,-617604.9493824142,-584354.2218407614,-33254.69787574533,91.55807924306258,
17083,4e5w,83,0,17,0.2354736328125,1,-617607.0958126833,-584354.2218407614,-33254.25178611995,31.773150214184447,
17084,4e5w,84,0,17,0.2354736328125,1,-617610.6982069367,-584354.2218407614,-33254.550889737555,-44.40254149024321,
17085,4e5w,85,0,17,0.2354736328125,1,-617609.1377804031,-584354.2218407614,-33254.23017252202,-15.814165465669477,
17086,4e5w,86,0,17,0.2354736328125,1,-617605.3218101759,-584354.2218407614,-33253.94373822931,65.57886677251176,
17087,4e5w,87,0,17,0.2354736328125,1,-617608.635080283,-584354.2218407614,-33253.81826556443,-13.720425399046613,
17088,4e5w,88,0,17,0.2354736328125,1,-617595.8952444845,-584354.2218407614,-33253.55704844708,274.0433575579364,
17089,4e5w,89,0,17,0.2354736328125,1,-617608.186295485,-584354.2218407614,-33253.31811440707,-14.90496178509609,
17090,4e5w,90,0,17,0.2354736328125,1,-617611.7114503133,-584354.2218407614,-33253.55288053278,-90.78312784316202,
17091,4e5w,91,0,17,0.2354736328125,1,-617587.2208252599,-584354.2218407614,-33253.063872940555,462.7073196327907,
17092,4e5w,92,0,17,0.2354736328125,1,-617594.698918795,-584354.2218407614,-33246.67897338385,143.01910436472852,
17093,4e5w,93,0,17,0.2354736328125,1,-617609.8411310518,-584354.2218407614,-33253.79870945931,-41.983591334826556,
17094,4e5w,94,0,17,0.2354736328125,1,-617607.2441407938,-584354.2218407614,-33253.68783468718,15.347593738765195,
17095,4e5w,95,0,17,0.2354736328125,1,-617607.5383273414,-584354.2218407614,-33253.818904168555,11.586024830319317,
17096,4e5w,96,0,17,0.2354736328125,1,-617613.5777106636,-584354.2218407614,-33253.899175949045,-125.8343519033418,
17097,4e5w,97,0,17,0.2354736328125,1,-617592.265566816,-584354.2218407614,-33241.71424651862,84.64421272372043,
17098,4e5w,98,0,17,0.2354736328125,1,-617615.3927013624,-584354.2218407614,-33253.71445573095,-171.94878115038335,
17099,4e5w,99,0,17,0.2354736328125,1,-617600.4916356852,-584354.2218407614,-33253.89060998677,175.74017026704047,
17100,4e5w,100,0,17,0.2354736328125,1,-617589.9375422949,-584354.2218407614,-33252.191414124914,379.93895825827167,
18001,4ivb,1,0,18,0.2354736328125,0,-611806.8894046426,-584354.2218407614,-27452.55660112743,-2.558861892069225,
18002,4ivb,2,0,18,0.2354736328125,0,-611810.8071440046,-584354.2218407614,-27454.736992081464,-42.62306795223566,
18003,4ivb,3,0,18,0.2354736328125,0,-611791.1340545889,-584354.2218407614,-27454.858579626143,413.8530268857799,
18004,4ivb,4,0,18,0.2354736328125,0,-611807.4052860326,-584354.2218407614,-27454.915433307946,39.940592962955435,
18005,4ivb,5,0,18,0.2354736328125,0,-611808.8974192024,-584354.2218407614,-27454.863819172428,4.340934390637215,
18006,4ivb,6,0,18,0.2354736328125,0,-611785.5428979131,-584354.2218407614,-27454.952058395207,544.943834459694,
18007,4ivb,7,0,18,0.2354736328125,0,-611807.2561227556,-584354.2218407614,-27454.57304452902,35.48470703383168,
18008,4ivb,8,0,18,0.2354736328125,0,-611808.1425052918,-584354.2218407614,-27451.630876203835,-52.803773228591595,
18009,4ivb,9,0,18,0.2354736328125,0,-611792.2334664051,-584354.2218407614,-27454.918488940046,389.88152971104614,
18010,4ivb,10,0,18,0.2354736328125,0,-611796.9062641147,-584354.2218407614,-27451.258888145745,197.73185546836297,
18011,4ivb,11,0,18,0.2354736328125,0,-611786.0439154978,-584354.2218407614,-27454.81750609523,530.2872447344538,
18012,4ivb,12,0,18,0.2354736328125,0,-611806.5326356479,-584354.2218407614,-27451.795922925532,-11.873229483718598,
18013,4ivb,13,0,18,0.2354736328125,0,-611783.9282277997,-584354.2218407614,-27454.57580949907,573.5025061754873,
18014,4ivb,14,0,18,0.2354736328125,0,-611807.704658437,-584354.2218407614,-27454.91163988954,32.94942300400762,
18015,4ivb,15,0,18,0.2354736328125,0,-611808.7881699677,-584354.2218407614,-27454.86342837459,6.851269579835768,
18016,4ivb,16,0,18,0.2354736328125,0,-611778.7591929025,-584354.2218407614,-27454.60142399913,693.2939670650745,
18017,4ivb,17,0,18,0.2354736328125,0,-611806.931505847,-584354.2218407614,-27454.656067749307,44.88511172280055,
18018,4ivb,18,0,18,0.2354736328125,0,-611807.3958884064,-584354.2218407614,-27454.837842991412,38.3680321647937,
18019,4ivb,19,0,18,0.2354736328125,0,-611808.2508976634,-584354.2218407614,-27454.832589467824,18.529901166634026,
18020,4ivb,20,0,18,0.2354736328125,0,-611808.6129123159,-584354.2218407614,-27454.920844903052,12.21686364352898,
18021,4ivb,21,0,18,0.2354736328125,0,-611808.484288517,-584354.2218407614,-27450.68025251274,-82.60738473817358,
18022,4ivb,22,0,18,0.2354736328125,0,-611806.6264674994,-584354.2218407614,-27454.79778875953,55.187627262819596,
18023,4ivb,23,0,18,0.2354736328125,0,-611808.2737246032,-584354.2218407614,-27454.946146091283,20.62217737581627,
18024,4ivb,24,0,18,0.2354736328125,0,-611808.59662712,-584354.2218407614,-27454.915361216128,12.465952356305507,
18025,4ivb,25,0,18,0.2354736328125,0,-611808.6005859856,-584354.2218407614,-27454.65506454353,6.372074879713652,
18026,4ivb,26,0,18,0.2354736328125,0,-611809.2788330201,-584354.2218407614,-27454.65699385649,-9.22418228772508,
18027,4ivb,27,0,18,0.2354736328125,0,-611810.7419001635,-584354.2218407614,-27454.948824157775,-36.233545504936124,
18028,4ivb,28,0,18,0.2354736328125,0,-611809.3499929793,-584354.2218407614,-27454.614834656775,-11.837384171740679,
18029,4ivb,29,0,18,0.2354736328125,0,-611807.5724283337,-584354.2218407614,-27454.79369156605,33.27876867196547,
18030,4ivb,30,0,18,0.2354736328125,0,-611810.4100593212,-584354.2218407614,-27454.85725154525,-30.692828500844684,
18031,4ivb,31,0,18,0.2354736328125,0,-611810.2280806776,-584354.2218407614,-27454.795782288373,-27.913816023401452,
18032,4ivb,32,0,18,0.2354736328125,0,-611808.5537180192,-584354.2218407614,-27454.81921859628,11.23835824605141,
18033,4ivb,33,0,18,0.2354736328125,0,-611793.5440577448,-584354.2218407614,-27454.760998627007,356.0267625384506,
18034,4ivb,34,0,18,0.2354736328125,0,-611810.0149558964,-584354.2218407614,-27454.832942744553,-22.142101336676358,
18035,4ivb,35,0,18,0.2354736328125,0,-611805.1980618413,-584354.2218407614,-27454.656395187438,84.86683103100069,
18036,4ivb,36,0,18,0.2354736328125,0,-611808.907259483,-584354.2218407614,-27452.047040304005,-60.842451695083426,
18037,4ivb,37,0,18,0.2354736328125,0,-611800.9748656929,-584354.2218407614,-27450.690381666467,90.79760331219566,
18038,4ivb,38,0,18,0.2354736328125,0,-611809.5552707794,-584354.2218407614,-27454.76517619735,-13.104244412020998,
18039,4ivb,39,0,18,0.2354736328125,0,-611808.4765666898,-584354.2218407614,-27454.914409508765,15.212664757656976,
18040,4ivb,40,0,18,0.2354736328125,0,-611808.8667174466,-584354.2218407614,-27454.916069021285,6.253843836973139,
18041,4ivb,41,0,18,0.2354736328125,0,-611807.5627901729,-584354.2218407614,-27454.75713401085,32.65799269024171,
18042,4ivb,42,0,18,0.2354736328125,0,-611804.879078913,-584354.2218407614,-27450.67344709283,0.3737870635046113,
18043,4ivb,43,0,18,0.2354736328125,0,-611809.8811639424,-584354.2218407614,-27454.65668817407,-23.121312534574592,
18044,4ivb,44,0,18,0.2354736328125,0,-611807.5283398218,-584354.2218407614,-27454.663772782147,31.299475577834873,
18045,4ivb,45,0,18,0.2354736328125,0,-611805.4101432741,-584354.2218407614,-27450.803120424793,-8.882509962751245,
18046,4ivb,46,0,18,0.2354736328125,0,-611808.1013573292,-584354.2218407614,-27454.79414226657,21.091769673591273,
18047,4ivb,47,0,18,0.2354736328125,0,-611809.3393643971,-584354.2218407614,-27454.860715737403,-5.9221308228339735,
18048,4ivb,48,0,18,0.2354736328125,0,-611804.5323528833,-584354.2218407614,-27451.79636176473,34.26450675795847,
18049,4ivb,49,0,18,0.2354736328125,0,-611802.0529063523,-584354.2218407614,-27454.755851646707,159.6893600553796,
18050,4ivb,50,0,18,0.2354736328125,0,-611809.231305379,-584354.2218407614,-27454.824186852038,-4.272606774361864,
18051,4ivb,51,0,18,0.2354736328125,0,-611810.4302086111,-584354.2218407614,-27454.948488553822,-29.0535067633991,
18052,4ivb,52,0,18,0.2354736328125,0,-611802.4118940122,-584354.2218407614,-27451.319703837693,72.17145705047544,
18053,4ivb,53,0,18,0.2354736328125,0,-611808.8905365944,-584354.2218407614,-27454.827625026748,3.6649942725346536,
18054,4ivb,54,0,18,0.2354736328125,0,-611807.0070249473,-584354.2218407614,-27454.759861012757,45.537129414553505,
18055,4ivb,55,0,18,0.2354736328125,0,-611805.1995071645,-584354.2218407614,-27451.878107180655,20.7646576179077,
18056,4ivb,56,0,18,0.2354736328125,0,-611807.6841499098,-584354.2218407614,-27454.94839536196,34.26996220833234,
18057,4ivb,57,0,18,0.2354736328125,0,-611791.008622038,-584354.2218407614,-27450.812719872043,323.4458278500888,
18058,4ivb,58,0,18,0.2354736328125,0,-611809.698852468,-584354.2218407614,-27454.836350371897,-14.774001353983168,
18059,4ivb,59,0,18,0.2354736328125,0,-611803.9423315998,-584354.2218407614,-27454.833876212895,117.91746800490886,
18060,4ivb,60,0,18,0.2354736328125,0,-611805.5287597664,-584354.2218407614,-27454.863608470023,82.01920752679665,
18061,4ivb,61,0,18,0.2354736328125,0,-611809.0738608122,-584354.2218407614,-27454.914695849464,1.4453382514197843,
18062,4ivb,62,0,18,0.2354736328125,0,-611807.868381131,-584354.2218407614,-27454.82947265154,27.279066467963595,
18063,4ivb,63,0,18,0.2354736328125,0,-611807.5650931622,-584354.2218407614,-27454.60518716818,29.10090706075415,
18064,4ivb,64,0,18,0.2354736328125,0,-611806.3847270794,-584354.2218407614,-27454.604952117264,56.31537516825376,
18065,4ivb,65,0,18,0.2354736328125,0,-611809.1422350288,-584354.2218407614,-27454.567292144344,-8.142728398319635,
18066,4ivb,66,0,18,0.2354736328125,0,-611807.13177349,-584354.2218407614,-27454.602269878447,39.02622178903337,
18067,4ivb,67,0,18,0.2354736328125,0,-611803.0926727231,-584354.2218407614,-27454.86501412636,138.22912451259566,
18068,4ivb,68,0,18,0.2354736328125,0,-611805.0226300545,-584354.2218407614,-27451.32807131654,12.1594123209764,
18069,4ivb,69,0,18,0.2354736328125,0,-611805.1471681927,-584354.2218407614,-27451.797247072504,20.10694459056525,
18070,4ivb,70,0,18,0.2354736328125,0,-611807.3554428997,-584354.2218407614,-27454.158680399716,23.638866275764386,
18071,4ivb,71,0,18,0.2354736328125,0,-611794.5839500602,-584354.2218407614,-27454.602249553263,328.3854354523653,
18072,4ivb,72,0,18,0.2354736328125,0,-611783.6533174849,-584354.2218407614,-27454.918804040015,587.7517306566934,
18073,4ivb,73,0,18,0.2354736328125,0,-611794.8868716095,-584354.2218407614,-27454.946469833896,329.3378068215922,
18074,4ivb,74,0,18,0.2354736328125,0,-611808.3885257875,-584354.2218407614,-27454.755858709872,13.586667914265727,
18075,4ivb,75,0,18,0.2354736328125,0,-611801.3606038268,-584354.2218407614,-27451.883218964398,109.40975218795784,
18076,4ivb,76,0,18,0.2354736328125,0,-611805.5466280766,-584354.2218407614,-27452.05295451528,16.791934545775096,
18077,4ivb,77,0,18,0.2354736328125,0,-611801.2819214494,-584354.2218407614,-27450.801940074012,86.2893273470217,
18078,4ivb,78,0,18,0.2354736328125,0,-611807.0797846499,-584354.2218407614,-27454.663346042693,41.63356272978698,
18079,4ivb,79,0,18,0.2354736328125,0,-611807.8216934975,-584354.2218407614,-27454.757585992873,26.6979631427256,
18080,4ivb,80,0,18,0.2354736328125,0,-611810.0815667398,-584354.2218407614,-27454.913519373,-21.82004268282173,
18081,4ivb,81,0,18,0.2354736328125,0,-611809.6202627302,-584354.2218407614,-27454.86085616593,-12.396561909140374,
18082,4ivb,82,0,18,0.2354736328125,0,-611808.7457596543,-584354.2218407614,-27454.79995428568,6.365527376902636,
18083,4ivb,83,0,18,0.2354736328125,0,-611808.1712114688,-584354.2218407614,-27454.800872018397,19.63608671042277,
18084,4ivb,84,0,18,0.2354736328125,0,-611803.4367555565,-584354.2218407614,-27451.87778978592,61.40735609216601,
18085,4ivb,85,0,18,0.2354736328125,0,-611809.5969892923,-584354.2218407614,-27454.863614966915,-11.796244220014795,
18086,4ivb,86,0,18,0.2354736328125,0,-611809.1235184255,-584354.2218407614,-27454.9488116706,1.0869360105361663,
18087,4ivb,87,0,18,0.2354736328125,0,-611807.8951418276,-584354.2218407614,-27454.65599148518,22.661379407889292,
18088,4ivb,88,0,18,0.2354736328125,0,-611809.1472988016,-584354.2218407614,-27454.857314457953,-1.5714283378639067,
18089,4ivb,89,0,18,0.2354736328125,0,-611806.1382059783,-584354.2218407614,-27454.658483734176,63.23475522367699,
18090,4ivb,90,0,18,0.2354736328125,0,-611794.2918549662,-584354.2218407614,-27454.30411805755,328.246232721631,
18091,4ivb,91,0,18,0.2354736328125,0,-611806.1223876502,-584354.2218407614,-27453.338982214987,33.171106640318186,
18092,4ivb,92,0,18,0.2354736328125,0,-611807.8691827395,-584354.2218407614,-27454.02974160558,8.81834489866612,
18093,4ivb,93,0,18,0.2354736328125,0,-611803.4564846634,-584354.2218407614,-27454.071986695573,111.55177486320068,
18094,4ivb,94,0,18,0.2354736328125,0,-611807.2411891553,-584354.2218407614,-27454.201776167214,27.267432222927035,
18095,4ivb,95,0,18,0.2354736328125,0,-611805.2476062353,-584354.2218407614,-27454.035021742642,69.39509811866392,
18096,4ivb,96,0,18,0.2354736328125,0,-611807.358061243,-584354.2218407614,-27454.296023716986,26.745697983827615,
18097,4ivb,97,0,18,0.2354736328125,0,-611807.3800748468,-584354.2218407614,-27454.174959143445,23.446236831138407,
18098,4ivb,98,0,18,0.2354736328125,0,-611803.0649866494,-584354.2218407614,-27453.770459284842,113.62654626280961,
18099,4ivb,99,0,18,0.2354736328125,0,-611808.9354971226,-584354.2218407614,-27454.70639072901,-0.16754945897173584,
18100,4ivb,100,0,18,0.2354736328125,0,-611793.8783405459,-584354.2218407614,-27454.4316300357,340.72259786009505,
19001,4ivd,1,0,19,0.2354736328125,0,-613937.0521358312,-584354.2218407614,-29588.436860301914,129.29046569968583,
19002,4ivd,2,0,19,0.2354736328125,0,-613945.4163658981,-584354.2218407614,-29595.753196576035,105.12546077020744,
19003,4ivd,3,0,19,0.2354736328125,0,-613940.2947336052,-584354.2218407614,-29588.936571100177,66.03798940126316,
19004,4ivd,4,0,19,0.2354736328125,0,-613946.7565558322,-584354.2218407614,-29595.186726370277,61.15683341766668,
19005,4ivd,5,0,19,0.2354736328125,0,-613922.3993456729,-584354.2218407614,-29589.40382603685,489.4905935780026,
19006,4ivd,6,0,19,0.2354736328125,0,-613947.439279682,-584354.2218407614,-29594.77268899361,35.86491869642448,
19007,4ivd,7,0,19,0.2354736328125,0,-613949.8651842241,-584354.2218407614,-29595.986889192285,7.92235272852309,
19008,4ivd,8,0,19,0.2354736328125,0,-613941.3215928148,-584354.2218407614,-29588.92801497263,42.16074449616348,
19009,4ivd,9,0,19,0.2354736328125,0,-613945.6848318048,-584354.2218407614,-29592.235420653047,17.812649957680325,
19010,4ivd,10,0,19,0.2354736328125,0,-613949.2996440594,-584354.2218407614,-29595.664904722395,13.538880478304677,
19011,4ivd,11,0,19,0.2354736328125,0,-613950.4406564891,-584354.2218407614,-29594.768846669616,-33.437080817812245,
19012,4ivd,12,0,19,0.2354736328125,0,-613947.9638082455,-584354.2218407614,-29595.970711597623,51.39606023160743,
19013,4ivd,13,0,19,0.2354736328125,0,-613947.2613378231,-584354.2218407614,-29592.89018882195,-3.4431298053532933,
19014,4ivd,14,0,19,0.2354736328125,0,-613948.5887285834,-584354.2218407614,-29595.984193900025,37.295964167928744,
19015,4ivd,15,0,19,0.2354736328125,0,-613925.1269141798,-584354.2218407614,-29595.984894582452,578.3544155370382,
19016,4ivd,16,0,19,0.2354736328125,0,-613946.9031961033,-584354.2218407614,-29595.7348066656,70.41426029822775,
19017,4ivd,17,0,19,0.2354736328125,0,-613942.9907983907,-584354.2218407614,-29591.942846903028,73.19162540510749,
19018,4ivd,18,0,19,0.2354736328125,0,-613930.3182994936,-584354.2218407614,-29595.896923133554,456.60955639435167,
19019,4ivd,19,0,19,0.2354736328125,0,-613941.3362267077,-584354.2218407614,-29591.72277505082,106.2719773668037,
19020,4ivd,20,0,19,0.2354736328125,0,-613912.0525080333,-584354.2218407614,-29595.80652792138,875.7441509144875,
19021,4ivd,21,0,19,0.2354736328125,0,-613955.5565697615,-584354.2218407614,-29595.737320133867,-129.07931488755577,
19022,4ivd,22,0,19,0.2354736328125,0,-613945.7454595929,-584354.2218407614,-29595.56431842724,93.18074629601387,
19023,4ivd,23,0,19,0.2354736328125,0,-613950.9953891997,-584354.2218407614,-29595.818792888345,-22.017186026974322,
19024,4ivd,24,0,19,0.2354736328125,0,-613950.4229853073,-584354.2218407614,-29595.731811353387,-10.823080534919765,
19025,4ivd,25,0,19,0.2354736328125,0,-613947.8822787472,-584354.2218407614,-29595.689846345605,46.79926854940515,
19026,4ivd,26,0,19,0.2354736328125,0,-613948.4058669573,-584354.2218407614,-29595.667943694985,34.21995046433715,
19027,4ivd,27,0,19,0.2354736328125,0,-613924.010576344,-584354.2218407614,-29591.569097527685,502.2670784025989,
19028,4ivd,28,0,19,0.2354736328125,0,-613949.9081100294,-584354.2218407614,-29595.819075712385,3.0625893619292555,
19029,4ivd,29,0,19,0.2354736328125,0,-613943.2170722247,-584354.2218407614,-29590.901754626455,43.96546859317086,
19030,4ivd,30,0,19,0.2354736328125,0,-613951.0063882237,-584354.2218407614,-29595.964609870112,-18.90821006417158,
19031,4ivd,31,0,19,0.2354736328125,0,-613949.2482405071,-584354.2218407614,-29595.751276323022,16.71605098212585,
19032,4ivd,32,0,19,0.2354736328125,0,-613951.2445467928,-584354.2218407614,-29595.712001630487,-30.22556153021019,
19033,4ivd,33,0,19,0.2354736328125,0,-613945.0529453222,-584354.2218407614,-29595.85504383725,115.85479198107899,
19034,4ivd,34,0,19,0.2354736328125,0,-613945.2898683017,-584354.2218407614,-29595.68893665949,106.56069576306898,
19035,4ivd,35,0,19,0.2354736328125,0,-613953.2690139477,-584354.2218407614,-29595.791446217718,-75.07884748292862,
19036,4ivd,36,0,19,0.2354736328125,0,-613937.7906681964,-584354.2218407614,-29595.75212080163,280.95341941504927,
19037,4ivd,37,0,19,0.2354736328125,0,-613935.7375025813,-584354.2218407614,-29595.642073282423,325.76278720525335,
19038,4ivd,38,0,19,0.2354736328125,0,-613948.3938578134,-584354.2218407614,-29595.983661839164,41.7775212648386,
19039,4ivd,39,0,19,0.2354736328125,0,-613946.8439814661,-584354.2218407614,-29595.972016283693,77.24996601436172,
19040,4ivd,40,0,19,0.2354736328125,0,-613949.4681713352,-584354.2218407614,-29595.88710857314,14.77669170247575,
19041,4ivd,41,0,19,0.2354736328125,0,-613943.3951959969,-584354.2218407614,-29595.81636680049,153.19148593412277,
19042,4ivd,42,0,19,0.2354736328125,0,-613947.3852332,-584354.2218407614,-29592.891005703605,-6.2813873323945035,
19043,4ivd,43,0,19,0.2354736328125,0,-613948.3329618637,-584354.2218407614,-29591.161727079572,-68.01464193366748,
19044,4ivd,44,0,19,0.2354736328125,0,-613942.3207471737,-584354.2218407614,-29589.087318816604,22.7933315241877,
19045,4ivd,45,0,19,0.2354736328125,0,-613949.746031589,-584354.2218407614,-29595.898022779646,8.620769610250791,
19046,4ivd,46,0,19,0.2354736328125,0,-613945.6812406097,-584354.2218407614,-29594.773414709987,76.42299822790316,
19047,4ivd,47,0,19,0.2354736328125,0,-613944.1476279258,-584354.2218407614,-29591.787732431116,42.937477879238045,
19048,4ivd,48,0,19,0.2354736328125,0,-613950.3818249772,-584354.2218407614,-29595.887086042585,-6.293181377724119,
19049,4ivd,49,0,19,0.2354736328125,0,-613943.4260056828,-584354.2218407614,-29591.580512591998,54.79987911948272,
19050,4ivd,50,0,19,0.2354736328125,0,-613950.4375170238,-584354.2218407614,-29595.736763635075,-11.043987548935378,
19051,4ivd,51,0,19,0.2354736328125,0,-613949.1733129388,-584354.2218407614,-29592.543481656732,-55.529580577607625,
19052,4ivd,52,0,19,0.2354736328125,0,-613949.6238291928,-584354.2218407614,-29591.94020969552,-79.8305141192117,
19053,4ivd,53,0,19,0.2354736328125,0,-613948.1173085631,-584354.2218407614,-29595.791787931146,43.73018104684472,
19054,4ivd,54,0,19,0.2354736328125,0,-613948.4084317897,-584354.2218407614,-29595.71524969617,35.251706325939594,
19055,4ivd,55,0,19,0.2354736328125,0,-613940.7121840183,-584354.2218407614,-29589.091298439922,59.979451401761466,
19056,4ivd,56,0,19,0.2354736328125,0,-613925.6742230126,-584354.2218407614,-29591.151757427873,454.2783834933434,
19057,4ivd,57,0,19,0.2354736328125,0,-613948.3101266985,-584354.2218407614,-29595.968934276523,43.36878098406451,
19058,4ivd,58,0,19,0.2354736328125,0,-613948.3378698145,-584354.2218407614,-29592.22003943602,-43.72255925132343,
19059,4ivd,59,0,19,0.2354736328125,0,-613949.2538086687,-584354.2218407614,-29595.68915639204,15.155126485405122,
19060,4ivd,60,0,19,0.2354736328125,0,-613941.5020453105,-584354.2218407614,-29588.9323212294,38.09871572822989,
19061,4ivd,61,0,19,0.2354736328125,0,-613951.5377944921,-584354.2218407614,-29595.909790524664,-32.4268938709665,
19062,4ivd,62,0,19,0.2354736328125,0,-613941.6090923613,-584354.2218407614,-29595.68716342131,191.40051354696286,
19063,4ivd,63,0,19,0.2354736328125,0,-613942.0101230507,-584354.2218407614,-29595.908966073217,187.26741681666996,
19064,4ivd,64,0,19,0.2354736328125,0,-613950.6125137279,-584354.2218407614,-29595.981921562376,-9.426031305380299,
19065,4ivd,65,0,19,0.2354736328125,0,-613948.3862286569,-584354.2218407614,-29595.556283542337,32.097876139281155,
19066,4ivd,66,0,19,0.2354736328125,0,-613944.6503913766,-584354.2218407614,-29595.748744794524,122.68659234029458,
19067,4ivd,67,0,19,0.2354736328125,0,-613952.7818241183,-584354.2218407614,-29595.618267783346,-67.83757268968898,
19068,4ivd,68,0,19,0.2354736328125,0,-613944.7003780672,-584354.2218407614,-29592.222255000295,40.21108529607557,
19069,4ivd,69,0,19,0.2354736328125,0,-613947.9544650384,-584354.2218407614,-29595.65853033344,44.41244873164562,
19070,4ivd,70,0,19,0.2354736328125,0,-613950.4241406386,-584354.2218407614,-29595.65610630194,-12.595523066747194,
19071,4ivd,71,0,19,0.2354736328125,0,-613948.8023925786,-584354.2218407614,-29595.898004182996,30.381173296049013,
19072,4ivd,72,0,19,0.2354736328125,0,-613946.8080924521,-584354.2218407614,-29595.817028531255,74.50348386050796,
19073,4ivd,73,0,19,0.2354736328125,0,-613932.2440457408,-584354.2218407614,-29595.908571371237,412.46940769403903,
19074,4ivd,74,0,19,0.2354736328125,0,-613940.2723055546,-584354.2218407614,-29595.898704358733,227.10579954779783,
19075,4ivd,75,0,19,0.2354736328125,0,-613948.4284310703,-584354.2218407614,-29595.56361780447,31.293797468491668,
19076,4ivd,76,0,19,0.2354736328125,0,-613941.0280883082,-584354.2218407614,-29595.696125754537,205.00546161782742,
19077,4ivd,77,0,19,0.2354736328125,0,-613938.3649752353,-584354.2218407614,-29595.783665606203,268.43702494936684,
19078,4ivd,78,0,19,0.2354736328125,0,-613939.6954648858,-584354.2218407614,-29591.72617805878,144.18731906672062,
19079,4ivd,79,0,19,0.2354736328125,0,-613935.5964021747,-584354.2218407614,-29595.56037784499,327.1326983392214,
19080,4ivd,80,0,19,0.2354736328125,0,-613954.3623870382,-584354.2218407614,-29595.688363441648,-102.66977522105395,
19081,4ivd,81,0,19,0.2354736328125,0,-613949.3474107146,-584354.2218407614,-29595.886491247813,17.547261908976033,
19082,4ivd,82,0,19,0.2354736328125,0,-613922.3871503238,-584354.2218407614,-29595.698898115552,634.9396357770606,
19083,4ivd,83,0,19,0.2354736328125,0,-613947.1456744884,-584354.2218407614,-29595.764298388185,65.50267117994213,
19084,4ivd,84,0,19,0.2354736328125,0,-613942.9570041666,-584354.2218407614,-29591.53111905736,64.47626904917797,
19085,4ivd,85,0,19,0.2354736328125,0,-613940.4210897745,-584354.2218407614,-29595.55466783923,215.74108331560308,
19086,4ivd,86,0,19,0.2354736328125,0,-613936.4505584155,-584354.2218407614,-29595.556400784648,307.34367430267406,
19087,4ivd,87,0,19,0.2354736328125,0,-613949.9244073544,-584354.2218407614,-29595.428842732133,-6.312222187519973,
19088,4ivd,88,0,19,0.2354736328125,0,-613953.4393616685,-584354.2218407614,-29595.610237607183,-83.18592907798768,
19089,4ivd,89,0,19,0.2354736328125,0,-613950.4840226535,-584354.2218407614,-29595.710216232957,-12.728630485271859,
19090,4ivd,90,0,19,0.2354736328125,0,-613947.2136617368,-584354.2218407614,-29595.28385556618,52.85557330920486,
19091,4ivd,91,0,19,0.2354736328125,0,-613946.7985146408,-584354.2218407614,-29594.928139635744,54.226088546122035,
19092,4ivd,92,0,19,0.2354736328125,0,-613948.6734763898,-584354.2218407614,-29594.551410981836,2.3008743085427437,
19093,4ivd,93,0,19,0.2354736328125,0,-613949.1781088476,-584354.2218407614,-29595.0071905939,1.1743009241424096,
19094,4ivd,94,0,19,0.2354736328125,0,-613940.8999811177,-584354.2218407614,-29594.79515249411,187.1827466451577,
19095,4ivd,95,0,19,0.2354736328125,0,-613945.7847885553,-584354.2218407614,-29594.503701337995,67.81538775982081,
19096,4ivd,96,0,19,0.2354736328125,0,-613949.2104013332,-584354.2218407614,-29594.170857497873,-18.856680847560533,
19097,4ivd,97,0,19,0.2354736328125,0,-613944.1261559193,-584354.2218407614,-29594.73749352378,111.45574088002725,
19098,4ivd,98,0,19,0.2354736328125,0,-613952.6482247476,-584354.2218407614,-29595.712788352168,-62.577001912804455,
19099,4ivd,99,0,19,0.2354736328125,0,-613949.7996244644,-584354.2218407614,-29595.33144308013,-5.6807497160843115,
19100,4ivd,100,0,19,0.2354736328125,0,-613942.0561364063,-584354.2218407614,-29595.71787388009,181.7996329692524,
20001,4ivc,1,0,20,0.2354736328125,0,-612877.1972605116,-584354.2218407614,-28524.710587039233,40.013908262779914,
20002,4ivc,2,0,20,0.2354736328125,0,-612871.3320027415,-584354.2218407614,-28525.07853664421,183.75508507289757,
20003,4ivc,3,0,20,0.2354736328125,0,-612878.6974283427,-584354.2218407614,-28525.247691705466,17.805144085919014,
20004,4ivc,4,0,20,0.2354736328125,0,-612872.4044323693,-584354.2218407614,-28525.340853407622,165.0734386163493,
20005,4ivc,5,0,20,0.2354736328125,0,-612861.6046359508,-584354.2218407614,-28525.33918024564,414.08407645462177,
20006,4ivc,6,0,20,0.2354736328125,0,-612878.7542091582,-584354.2218407614,-28525.438415601482,20.89394489865227,
20007,4ivc,7,0,20,0.2354736328125,0,-612878.3144644767,-584354.2218407614,-28525.390629097463,29.93271520002141,
20008,4ivc,8,0,20,0.2354736328125,0,-612879.1032262575,-584354.2218407614,-28525.38144846225,11.531725948760165,
20009,4ivc,9,0,20,0.2354736328125,0,-612866.1329080431,-584354.2218407614,-28525.38398469949,310.6928565301311,
20010,4ivc,10,0,20,0.2354736328125,0,-612878.4933830772,-584354.2218407614,-28525.39435963296,25.89278244654146,
20011,4ivc,11,0,20,0.2354736328125,0,-612880.0592879325,-584354.2218407614,-28525.38419698143,-10.452197678083527,
20012,4ivc,12,0,20,0.2354736328125,0,-612876.883447064,-584354.2218407614,-28523.020256086827,8.270660503588203,
20013,4ivc,13,0,20,0.2354736328125,0,-612884.3099519135,-584354.2218407614,-28525.411246046067,-107.85107147672336,
20014,4ivc,14,0,20,0.2354736328125,0,-612878.6440815751,-584354.2218407614,-28523.02081368827,-32.31767725779795,
20015,4ivc,15,0,20,0.2354736328125,0,-612874.8486841291,-584354.2218407614,-28522.59940312767,45.48830869349951,
20016,4ivc,16,0,20,0.2354736328125,0,-612878.5955844056,-584354.2218407614,-28525.57037802005,27.59504425964178,
20017,4ivc,17,0,20,0.2354736328125,0,-612874.376387489,-584354.2218407614,-28522.449787988902,52.92952088770595,
20018,4ivc,18,0,20,0.2354736328125,0,-612859.6155807349,-584354.2218407614,-28525.574158712854,465.3715115797776,
20019,4ivc,19,0,20,0.2354736328125,0,-612878.5278569281,-584354.2218407614,-28525.16224254632,19.745049381217072,
20020,4ivc,20,0,20,0.2354736328125,0,-612879.9383293667,-584354.2218407614,-28525.482645406963,-5.39255226162832,
20021,4ivc,21,0,20,0.2354736328125,0,-612873.6794963903,-584354.2218407614,-28525.574537172557,141.05863941149627,
20022,4ivc,22,0,20,0.2354736328125,0,-612874.0839908246,-584354.2218407614,-28522.47850389742,60.33455273415045,
20023,4ivc,23,0,20,0.2354736328125,0,-612856.3173452138,-584354.2218407614,-28521.189228072406,440.31172680205134,
20024,4ivc,24,0,20,0.2354736328125,0,-612872.3080138395,-584354.2218407614,-28525.337584837915,167.2215277252961,
20025,4ivc,25,0,20,0.2354736328125,0,-612877.6450885957,-584354.2218407614,-28523.017194315435,-9.363816594008934,
20026,4ivc,26,0,20,0.2354736328125,0,-612875.4005011444,-584354.2218407614,-28520.61245609783,-13.056980999623507,
20027,4ivc,27,0,20,0.2354736328125,0,-612886.5192884177,-584354.2218407614,-28525.574241980554,-155.04080606020347,
20028,4ivc,28,0,20,0.2354736328125,0,-612879.8150552044,-584354.2218407614,-28525.2492744174,-7.931445412790849,
20029,4ivc,29,0,20,0.2354736328125,0,-612882.7810074209,-584354.2218407614,-28525.571250989677,-68.90297221746316,
20030,4ivc,30,0,20,0.2354736328125,0,-612882.8763747341,-584354.2218407614,-28525.253025158872,-78.44065669825666,
20031,4ivc,31,0,20,0.2354736328125,0,-612878.2282079726,-584354.2218407614,-28525.573480799438,36.13849785687378,
20032,4ivc,32,0,20,0.2354736328125,0,-612873.7755972277,-584354.2218407614,-28525.25206868315,131.40620142886323,
20033,4ivc,33,0,20,0.2354736328125,0,-612875.1622983785,-584354.2218407614,-28520.61166171694,-7.582213583682239,
20034,4ivc,34,0,20,0.2354736328125,0,-612875.7651406053,-584354.2218407614,-28521.211617543926,-7.6487755432690525,
20035,4ivc,35,0,20,0.2354736328125,0,-612877.5363335877,-584354.2218407614,-28525.411261006833,48.352622915752704,
20036,4ivc,36,0,20,0.2354736328125,0,-612878.4972141067,-584354.2218407614,-28525.330693944932,24.336271163131514,
20037,4ivc,37,0,20,0.2354736328125,0,-612866.9434056403,-584354.2218407614,-28525.43723006511,293.23020522371803,
20038,4ivc,38,0,20,0.2354736328125,0,-612876.835126144,-584354.2218407614,-28522.10272397064,-11.773825861564399,
20039,4ivc,39,0,20,0.2354736328125,0,-612875.3913297772,-584354.2218407614,-28525.164526000262,92.1277414647087,
20040,4ivc,40,0,20,0.2354736328125,0,-612860.3067070376,-584354.2218407614,-28525.37151832843,444.7607621419338,
20041,4ivc,41,0,20,0.2354736328125,0,-612881.9996465865,-584354.2218407614,-28525.37408794427,-55.431051162494896,
20042,4ivc,42,0,20,0.2354736328125,0,-612880.4070663874,-584354.2218407614,-28525.451875879993,-16.911446894088343,
20043,4ivc,43,0,20,0.2354736328125,0,-612864.3484552025,-584354.2218407614,-28525.41237007046,352.4978988165047,
20044,4ivc,44,0,20,0.2354736328125,0,-612874.0446241925,-584354.2218407614,-28521.855782523395,46.88207280620694,
20045,4ivc,45,0,20,0.2354736328125,0,-612868.8290390199,-584354.2218407614,-28522.167089327813,174.335229597877,
20046,4ivc,46,0,20,0.2354736328125,0,-612873.8195072238,-584354.2218407614,-28521.857900932064,52.122245095687504,
20047,4ivc,47,0,20,0.2354736328125,0,-612872.9058702111,-584354.2218407614,-28522.115597203017,79.13383230918339,
20048,4ivc,48,0,20,0.2354736328125,0,-612883.1965775918,-584354.2218407614,-28525.438754155875,-81.54169759532529,
20049,4ivc,49,0,20,0.2354736328125,0,-612881.2627577903,-584354.2218407614,-28525.484115376712,-35.900698963202416,
20050,4ivc,50,0,20,0.2354736328125,0,-612881.287590203,-584354.2218407614,-28525.286800369253,-41.02354017162067,
20051,4ivc,51,0,20,0.2354736328125,0,-612877.54363164,-584354.2218407614,-28521.363457336665,-45.1602443134967,
20052,4ivc,52,0,20,0.2354736328125,0,-612843.8203882257,-584354.2218407614,-28520.920072331668,722.2915223306404,
20053,4ivc,53,0,20,0.2354736328125,0,-612852.758526933,-584354.2218407614,-28525.02019272709,610.7241696439801,
20054,4ivc,54,0,20,0.2354736328125,0,-612877.4697885936,-584354.2218407614,-28525.34101612829,48.26730155431085,
20055,4ivc,55,0,20,0.2354736328125,0,-612880.0365723788,-584354.2218407614,-28525.337197705747,-11.012193611762449,
20056,4ivc,56,0,20,0.2354736328125,0,-612880.9653478096,-584354.2218407614,-28525.22294880414,-35.06490611708762,
20057,4ivc,57,0,20,0.2354736328125,0,-612877.9075639071,-584354.2218407614,-28525.33084122801,37.937324223530325,
20058,4ivc,58,0,20,0.2354736328125,0,-612876.8495275053,-584354.2218407614,-28525.054711535206,55.96852128429938,
20059,4ivc,59,0,20,0.2354736328125,0,-612879.8911394,-584354.2218407614,-28525.57345877552,-2.210119746365344,
20060,4ivc,60,0,20,0.2354736328125,0,-612878.1262394617,-584354.2218407614,-28525.24875761533,31.00165306064948,
20061,4ivc,61,0,20,0.2354736328125,0,-612878.7742716788,-584354.2218407614,-28525.479678645373,21.382840581938922,
20062,4ivc,62,0,20,0.2354736328125,0,-612876.8933598226,-584354.2218407614,-28525.370704277982,62.24468979528231,
20063,4ivc,63,0,20,0.2354736328125,0,-612878.8948241889,-584354.2218407614,-28525.36959589982,16.06426523663584,
20064,4ivc,64,0,20,0.2354736328125,0,-612865.441666765,-584354.2218407614,-28525.370479121448,326.321813057403,
20065,4ivc,65,0,20,0.2354736328125,0,-612872.9668073184,-584354.2218407614,-28525.383061125518,153.07809730109875,
20066,4ivc,66,0,20,0.2354736328125,0,-612870.3797175115,-584354.2218407614,-28522.59517003559,148.44750970966768,
20067,4ivc,67,0,20,0.2354736328125,0,-612876.8088940054,-584354.2218407614,-28525.22387005353,60.80644015671636,
20068,4ivc,68,0,20,0.2354736328125,0,-612842.3761803781,-584354.2218407614,-28525.429571404697,859.5872655429148,
20069,4ivc,69,0,20,0.2354736328125,0,-612866.2111873155,-584354.2218407614,-28525.283072158338,306.560595142413,
20070,4ivc,70,0,20,0.2354736328125,0,-612877.515971062,-584354.2218407614,-28522.588366910448,-16.27529041656551,
20071,4ivc,71,0,20,0.2354736328125,0,-612857.904630047,-584354.2218407614,-28525.13292576337,494.6518982173632,
20072,4ivc,72,0,20,0.2354736328125,0,-612876.4480074624,-584354.2218407614,-28525.1987074461,68.5484180294291,
20073,4ivc,73,0,20,0.2354736328125,0,-612872.7799489619,-584354.2218407614,-28522.447195544482,89.68448471216296,
20074,4ivc,74,0,20,0.2354736328125,0,-612878.6906463626,-584354.2218407614,-28525.569187238445,25.375403376740817,
20075,4ivc,75,0,20,0.2354736328125,0,-612883.401602906,-584354.2218407614,-28525.47906483674,-85.34010727388973,
20076,4ivc,76,0,20,0.2354736328125,0,-612870.9811480471,-584354.2218407614,-28523.025177642347,144.49440305827306,
20077,4ivc,77,0,20,0.2354736328125,0,-612868.5214124443,-584354.2218407614,-28525.472439363242,257.6524495469762,
20078,4ivc,78,0,20,0.2354736328125,0,-612872.4439714077,-584354.2218407614,-28522.327999934187,94.68359509849458,
20079,4ivc,79,0,20,0.2354736328125,0,-612876.8208171546,-584354.2218407614,-28525.430278047563,65.29136722264514,
20080,4ivc,80,0,20,0.2354736328125,0,-612873.4680970141,-584354.2218407614,-28521.855167820693,60.16292999839125,
20081,4ivc,81,0,20,0.2354736328125,0,-612853.03678557,-584354.2218407614,-28525.385621085406,612.7343511730921,
20082,4ivc,82,0,20,0.2354736328125,0,-612874.3045572314,-584354.2218407614,-28525.340268537035,121.24203091377323,
20083,4ivc,83,0,20,0.2354736328125,0,-612873.0067524731,-584354.2218407614,-28525.221621408702,148.43405183951887,
20084,4ivc,84,0,20,0.2354736328125,0,-612875.2240381369,-584354.2218407614,-28525.449669733287,102.56114903161746,
20085,4ivc,85,0,20,0.2354736328125,0,-612876.7630367107,-584354.2218407614,-28521.82282917166,-16.565931435880348,
20086,4ivc,86,0,20,0.2354736328125,0,-612862.7670932537,-584354.2218407614,-28521.451093092193,297.61575444813644,
20087,4ivc,87,0,20,0.2354736328125,0,-612876.9365567684,-584354.2218407614,-28525.346956982852,60.70091892531422,
20088,4ivc,88,0,20,0.2354736328125,0,-612881.2756947111,-584354.2218407614,-28522.461878254653,-105.89347515416131,
20089,4ivc,89,0,20,0.2354736328125,0,-612879.726096672,-584354.2218407614,-28522.460136279107,-70.19906636501489,
20090,4ivc,90,0,20,0.2354736328125,0,-612877.7207871501,-584354.2218407614,-28525.24811471962,40.336779958563554,
20091,4ivc,91,0,20,0.2354736328125,0,-612878.5709857165,-584354.2218407614,-28525.331655874492,22.65724004922635,
20092,4ivc,92,0,20,0.2354736328125,0,-612880.2037242929,-584354.2218407614,-28525.13149721885,-19.61037423862259,
20093,4ivc,93,0,20,0.2354736328125,0,-612877.9041782735,-584354.2218407614,-28525.44740582967,40.70344236055859,
20094,4ivc,94,0,20,0.2354736328125,0,-612877.5556878273,-584354.2218407614,-28525.38326482438,47.26069624385753,
20095,4ivc,95,0,20,0.2354736328125,0,-612875.4633505463,-584354.2218407614,-28524.19865061307,68.19328750888248,
20096,4ivc,96,0,20,0.2354736328125,0,-612881.8144910763,-584354.2218407614,-28523.85390503669,-86.21751431490361,
20097,4ivc,97,0,20,0.2354736328125,0,-612877.609138173,-584354.2218407614,-28524.43985064292,24.272454133249443,
20098,4ivc,98,0,20,0.2354736328125,0,-612878.4349488291,-584354.2218407614,-28524.350907161464,3.177722591617343,
20099,4ivc,99,0,20,0.2354736328125,0,-612876.3509854644,-584354.2218407614,-28524.433283879996,53.13471169865263,
20100,4ivc,100,0,20,0.2354736328125,0,-612877.6192404161,-584354.2218407614,-28524.532631411792,26.179066232602644,
