mol_id,ligand_pdb,pose_index,label,ligunity_rank,ligunity_score,formal_charge,aimnet_complex_eV,aimnet_pocket_eV,aimnet_ligand_eV,aimnet_interaction_kcal_mol,error
1001,3pyy,1,0,1,0.4541015625,0,-659454.3288737127,-627801.5951645803,-31670.624581426888,412.57331627817945,
1002,3pyy,2,0,1,0.4541015625,0,-659462.6387742806,-627801.5951645803,-31670.6070162957,220.53739521729864,
1003,3pyy,3,0,1,0.4541015625,0,-659470.3128101563,-627801.5951645803,-31670.605717808518,43.539980025843505,
1004,3pyy,4,0,1,0.4541015625,0,-659454.0056264,-627801.5951645803,-31670.423426956448,415.3888441065339,
1005,3pyy,5,0,1,0.4541015625,0,-659470.1241285094,-627801.5951645803,-31670.601879328995,47.8025647267528,
1006,3pyy,6,0,1,0.4541015625,0,-659453.2824381936,-627801.5951645803,-31669.30399778536,406.25131038872695,
1007,3pyy,7,0,1,0.4541015625,0,-659456.5098795033,-627801.5951645803,-31669.406733602787,334.1938899271836,
1008,3pyy,8,0,1,0.4541015625,0,-659439.7145108031,-627801.5951645803,-31670.764231056484,752.8089281312969,
1009,3pyy,9,0,1,0.4541015625,0,-659438.6226028093,-627801.5951645803,-31669.730569512158,754.1521231647407,
1010,3pyy,10,0,1,0.4541015625,0,-659460.6238071519,-627801.5951645803,-31670.77795913866,270.94567667068776,
1011,3pyy,11,0,1,0.4541015625,0,-659458.2417086548,-627801.5951645803,-31670.638399273666,322.6598460589363,
1012,3pyy,12,0,1,0.4541015625,0,-659470.085611661,-627801.5951645803,-31670.566726714882,47.88014581392818,
1013,3pyy,13,0,1,0.4541015625,0,-659469.2793354878,-627801.5951645803,-31669.604463667183,44.28300303393261,
1014,3pyy,14,0,1,0.4541015625,0,-659460.0617255765,-627801.5951645803,-31669.407495290547,252.30393860519595,
1015,3pyy,15,0,1,0.4541015625,0,-659425.1149518377,-627801.5951645803,-31670.775277287277,1089.737488092844,
1016,3pyy,16,0,1,0.4541015625,0,-659463.3361912565,-627801.5951645803,-31670.63767901114,205.16167670086622,
1017,3pyy,17,0,1,0.4541015625,0,-659451.7910758444,-627801.5951645803,-31670.774056941777,474.54331266404176,
1018,3pyy,18,0,1,0.4541015625,0,-659472.4457181591,-627801.5951645803,-31665.856465071945,-115.16641688297733,
1019,3pyy,19,0,1,0.4541015625,0,-659458.4039409048,-627801.5951645803,-31670.23649635962,309.6505801260626,
1020,3pyy,20,0,1,0.4541015625,0,-659450.5321288751,-627801.5951645803,-31670.63512250832,500.3714153175269,
1021,3pyy,21,0,1,0.4541015625,0,-659459.3026915082,-627801.5951645803,-31670.386848360806,292.3920983626167,
1022,3pyy,22,0,1,0.4541015625,0,-659468.043557902,-627801.5951645803,-31670.676479429512,97.50198192089196,
1023,3pyy,23,0,1,0.4541015625,0,-659474.5252513922,-627801.5951645803,-31670.76229277304,-49.99051811976672,
1024,3pyy,24,0,1,0.4541015625,0,-659472.4622860746,-627801.5951645803,-31669.40217319182,-33.78251040049698,
1025,3pyy,25,0,1,0.4541015625,0,-659471.8079688885,-627801.5951645803,-31670.636770576744,9.776894412546694,
1026,3pyy,26,0,1,0.4541015625,0,-659446.1759571332,-627801.5951645803,-31670.598144740372,599.9743945450731,
1027,3pyy,27,0,1,0.4541015625,0,-659466.7321195041,-627801.5951645803,-31670.23944076946,117.66611889752245,
1028,3pyy,28,0,1,0.4541015625,0,-659469.6818212019,-627801.5951645803,-31669.291767150673,27.790508995548095,
1029,3pyy,29,0,1,0.4541015625,0,-659458.6114943215,-627801.5951645803,-31670.773407489567,317.2457494252584,
1030,3pyy,30,0,1,0.4541015625,0,-659463.0316825557,-627801.5951645803,-31670.591834992676,211.12662598115415,
1031,3pyy,31,0,1,0.4541015625,0,-659471.8758848644,-627801.5951645803,-31670.59658917835,7.284109744211587,
1032,3pyy,32,0,1,0.4541015625,0,-659454.152620946,-627801.5951645803,-31670.382794470104,411.0620619515756,
1033,3pyy,33,0,1,0.4541015625,0,-659457.7608769574,-627801.5951645803,-31670.203239113598,323.7130567289265,
1034,3pyy,34,0,1,0.4541015625,0,-659473.4253569144,-627801.5951645803,-31670.205172151833,-37.473855639702265,
1035,3pyy,35,0,1,0.4541015625,0,-659462.0872737503,-627801.5951645803,-31669.402399868282,205.47618483091233,
1036,3pyy,36,0,1,0.4541015625,0,-659455.0005850242,-627801.5951645803,-31669.405561060223,368.9720079776224,
1037,3pyy,37,0,1,0.4541015625,0,-659467.5217828193,-627801.5951645803,-31670.448761791497,104.2831076886381,
1038,3pyy,38,0,1,0.4541015625,0,-659471.9640801597,-627801.5951645803,-31670.594034761696,5.191371670971272,
1039,3pyy,39,0,1,0.4541015625,0,-659464.2467211223,-627801.5951645803,-31670.44749018601,179.77850068137184,
1040,3pyy,40,0,1,0.4541015625,0,-659466.3900475102,-627801.5951645803,-31670.589553386482,133.62827522706218,
1041,3pyy,41,0,1,0.4541015625,0,-659468.245001901,-627801.5951645803,-31670.392820686608,86.31524693671936,
1042,3pyy,42,0,1,0.4541015625,0,-659436.6268293905,-627801.5951645803,-31670.554500490933,819.176051293376,
1043,3pyy,43,0,1,0.4541015625,0,-659472.6235338037,-627801.5951645803,-31670.592892438675,-10.042333224792602,
1044,3pyy,44,0,1,0.4541015625,0,-659463.4403622942,-627801.5951645803,-31669.220243365082,170.07259299129612,
1045,3pyy,45,0,1,0.4541015625,0,-659442.520165328,-627801.5951645803,-31670.59285756996,684.157031279829,
1046,3pyy,46,0,1,0.4541015625,0,-659465.2863916206,-627801.5951645803,-31670.566550881176,158.54873428190723,
1047,3pyy,47,0,1,0.4541015625,0,-659464.8418392873,-627801.5951645803,-31670.540495962414,168.1995139274652,
1048,3pyy,48,0,1,0.4541015625,0,-659468.076884185,-627801.5951645803,-31670.568134516987,94.23496654070013,
1049,3pyy,49,0,1,0.4541015625,0,-659455.1519352832,-627801.5951645803,-31669.10421183756,358.5325099286048,
1050,3pyy,50,0,1,0.4541015625,0,-659460.3335368383,-627801.5951645803,-31670.27935186079,266.1413121417237,
1051,3pyy,51,0,1,0.4541015625,0,-659451.0555693543,-627801.5951645803,-31665.721798331047,374.99664391348267,
1052,3pyy,52,0,1,0.4541015625,0,-659460.9499547677,-627801.5951645803,-31670.671582907948,260.9714398204476,
1053,3pyy,53,0,1,0.4541015625,0,-659464.5829094687,-627801.5951645803,-31670.445248455315,171.9741177016866,
1054,3pyy,54,0,1,0.4541015625,0,-659438.7990992415,-627801.5951645803,-31670.49669757536,767.7493515947633,
1055,3pyy,55,0,1,0.4541015625,0,-659452.3405135757,-627801.5951645803,-31670.248903900894,449.762660764445,
1056,3pyy,56,0,1,0.4541015625,0,-659447.9016896831,-627801.5951645803,-31670.635365397247,561.0363852732135,
1057,3pyy,57,0,1,0.4541015625,0,-659465.0155104735,-627801.5951645803,-31670.387712508946,160.67129109479808,
1058,3pyy,58,0,1,0.4541015625,0,-659469.113502388,-627801.5951645803,-31670.633143038063,71.82911499705916,
1059,3pyy,59,0,1,0.4541015625,0,-659458.5609505362,-627801.5951645803,-31669.731074899944,294.3745562659497,
1060,3pyy,60,0,1,0.4541015625,0,-659466.8232395994,-627801.5951645803,-31670.251059800896,115.83278081344302,
1061,3pyy,61,0,1,0.4541015625,0,-659453.1032039264,-627801.5951645803,-31670.673396915703,441.9636449251805,
1062,3pyy,62,0,1,0.4541015625,0,-659459.4060758251,-627801.5951645803,-31670.67513594082,296.6560689057037,
1063,3pyy,63,0,1,0.4541015625,0,-659451.8330102301,-627801.5951645803,-31670.10434600761,458.1323817276964,
1064,3pyy,64,0,1,0.4541015625,0,-659462.599310969,-627801.5951645803,-31670.593320161614,221.13160044565393,
1065,3pyy,65,0,1,0.4541015625,0,-659466.0147726127,-627801.5951645803,-31670.5680538719,141.78652936464394,
1066,3pyy,66,0,1,0.4541015625,0,-659467.8027966815,-627801.5951645803,-31670.282711774616,93.97356972108173,
1067,3pyy,67,0,1,0.4541015625,0,-659446.2012320197,-627801.5951645803,-31670.3856945937,594.4923250466982,
1068,3pyy,68,0,1,0.4541015625,0,-659461.0834898399,-627801.5951645803,-31670.35844501904,250.6709166359916,
1069,3pyy,69,0,1,0.4541015625,0,-659450.4606662133,-627801.5951645803,-31670.380649060517,496.15108633436546,
1070,3pyy,70,0,1,0.4541015625,0,-659443.871471827,-627801.5951645803,-31665.727904767304,540.8066863268273,
1071,3pyy,71,0,1,0.4541015625,0,-659457.8580043202,-627801.5951645803,-31670.543346256527,329.31630357192665,
1072,3pyy,72,0,1,0.4541015625,0,-659456.8068746822,-627801.5951645803,-31670.56709936312,354.1036885155895,
1073,3pyy,73,0,1,0.4541015625,0,-659470.0125679412,-627801.5951645803,-31670.101095229893,38.826856875894805,
1074,3pyy,74,0,1,0.4541015625,0,-659467.3633435714,-627801.5951645803,-31670.129756540566,100.58036769505942,
1075,3pyy,75,0,1,0.4541015625,0,-659467.40557361,-627801.5951645803,-31669.096710116173,75.7839033901329,
1076,3pyy,76,0,1,0.4541015625,0,-659447.4337957846,-627801.5951645803,-31669.111871809277,536.6936781438893,
1077,3pyy,77,0,1,0.4541015625,0,-659452.7987155357,-627801.5951645803,-31669.099931091576,412.70033012529046,
1078,3pyy,78,0,1,0.4541015625,0,-659460.8205498654,-627801.5951645803,-31669.171506971627,229.3630148813238,
1079,3pyy,79,0,1,0.4541015625,0,-659459.1661455518,-627801.5951645803,-31669.120753020557,266.3440707685906,
1080,3pyy,80,0,1,0.4541015625,0,-659450.7655098783,-627801.5951645803,-31669.066638619217,458.81942378561314,
1081,3pyy,81,0,1,0.4541015625,0,-659462.6732816586,-627801.5951645803,-31669.02437624386,183.24508956216712,
1082,3pyy,82,0,1,0.4541015625,0,-659453.0382363099,-627801.5951645803,-31669.025665253906,405.46423895314064,
1083,3pyy,83,0,1,0.4541015625,0,-659455.3048339819,-627801.5951645803,-31669.194111019875,357.0797065678195,
1084,3pyy,84,0,1,0.4541015625,0,-659457.3616984533,-627801.5951645803,-31669.111911923203,307.7517288433757,
1085,3pyy,85,0,1,0.4541015625,0,-659450.7802131512,-627801.5951645803,-31669.09100487879,459.0422575505881,
1086,3pyy,86,0,1,0.4541015625,0,-659472.0331461626,-627801.5951645803,-31669.044126719742,-32.143056728414365,
1087,3pyy,87,0,1,0.4541015625,0,-659456.4434616155,-627801.5951645803,-31669.029425651344,327.02459474463734,
1088,3pyy,88,0,1,0.4541015625,0,-659468.8742065327,-627801.5951645803,-31669.093847603115,41.85041251035907,
1089,3pyy,89,0,1,0.4541015625,0,-659469.1497909167,-627801.5951645803,-31669.030621439724,34.03725567709892,
1090,3pyy,90,0,1,0.4541015625,0,-659471.4013241577,-627801.5951645803,-31669.160570234566,-14.88764392048868,
1091,3pyy,91,0,1,0.4541015625,0,-659470.1372326349,-627801.5951645803,-31669.133670598778,13.642678765189522,
1092,3pyy,92,0,1,0.4541015625,0,-659440.4167908626,-627801.5951645803,-31669.17979940823,700.0761034207859,
1093,3pyy,93,0,1,0.4541015625,0,-659449.3171222248,-627801.5951645803,-31669.096330613404,492.90475019741206,
1094,3pyy,94,0,1,0.4541015625,0,-659444.396742602,-627801.5951645803,-31669.132275194435,607.2003015648382,
1095,3pyy,95,0,1,0.4541015625,0,-659447.5801994539,-627801.5951645803,-31669.115114063527,533.3922974854758,
1096,3pyy,96,0,1,0.4541015625,0,-659469.6540898131,-627801.5951645803,-31669.1821050351,25.901141552149856,
1097,3pyy,97,0,1,0.4541015625,0,-659469.2113727072,-627801.5951645803,-31668.754527599125,26.25027063612138,
1098,3pyy,98,0,1,0.4541015625,0,-659448.2472327399,-627801.5951645803,-31669.016691476612,515.74046571437,
1099,3pyy,99,0,1,0.4541015625,0,-659466.5492378508,-627801.5951645803,-31669.094228953632,95.47425815593104,
1100,3pyy,100,0,1,0.4541015625,0,-659447.4917241978,-627801.5951645803,-31670.594308943066,569.5436296312581,
2001,4k77,1,0,2,0.354736328125,0,-649567.9297063138,-627801.5951645803,-21764.44708338935,-43.52582342340926,
2002,4k77,2,0,2,0.354736328125,0,-649563.6661839136,-627801.5951645803,-21764.35929024774,52.76878087134614,
2003,4k77,3,0,2,0.354736328125,0,-649565.8262802896,-627801.5951645803,-21764.456603353807,5.199868611550436,
2004,4k77,4,0,2,0.354736328125,0,-649567.5365941322,-627801.5951645803,-21764.43875384886,-34.65252492443017,
2005,4k77,5,0,2,0.354736328125,0,-649567.1263544644,-627801.5951645803,-21764.17297164161,-31.321256747137678,
2006,4k77,6,0,2,0.354736328125,0,-649562.3927197555,-627801.5951645803,-21763.877711033405,71.0300814924975,
2007,4k77,7,0,2,0.354736328125,0,-649550.5452204583,-627801.5951645803,-21764.461226051637,357.69608169739433,
2008,4k77,8,0,2,0.354736328125,0,-649566.4550882077,-627801.5951645803,-21764.428311472722,-9.953212738614587,
2009,4k77,9,0,2,0.354736328125,0,-649563.2242100324,-627801.5951645803,-21763.90153042037,52.4047483050054,
2010,4k77,10,0,2,0.354736328125,0,-649566.2361721345,-627801.5951645803,-21764.457227474035,-4.238069330154983,
2011,4k77,11,0,2,0.354736328125,0,-649554.1909855839,-627801.5951645803,-21764.14435646493,266.315554378178,
2012,4k77,12,0,2,0.354736328125,0,-649559.5251495339,-627801.5951645803,-21762.998616700956,116.88542484560249,
2013,4k77,13,0,2,0.354736328125,0,-649549.4350073125,-627801.5951645803,-21764.38729107935,381.5932240846076,
2014,4k77,14,0,2,0.354736328125,0,-649565.0573634902,-627801.5951645803,-21763.832217430652,8.532829794772677,
2015,4k77,15,0,2,0.354736328125,0,-649568.9245528664,-627801.5951645803,-21763.834044372627,-80.60454550119873,
2016,4k77,16,0,2,0.354736328125,0,-649543.9535938002,-627801.5951645803,-21763.775311117955,493.8850293922954,
2017,4k77,17,0,2,0.354736328125,0,-649533.3629449095,-627801.5951645803,-21763.85731152255,740.0021689460318,
2018,4k77,18,0,2,0.354736328125,0,-649556.2624657103,-627801.5951645803,-21764.449314719022,225.57859224906016,
2019,4k77,19,0,2,0.354736328125,0,-649557.1837150839,-627801.5951645803,-21764.389167254758,202.94704352905805,
2020,4k77,20,0,2,0.354736328125,0,-649561.3175300008,-627801.5951645803,-21763.823889410087,94.58339013927215,
2021,4k77,21,0,2,0.354736328125,0,-649529.5949388976,-627801.5951645803,-21755.026358729192,623.2478425270018,
2022,4k77,22,0,2,0.354736328125,0,-649552.4012985626,-627801.5951645803,-21763.900685643734,301.9675349072438,
2023,4k77,23,0,2,0.354736328125,0,-649567.0631452438,-627801.5951645803,-21763.833066409417,-37.70201835580842,
2024,4k77,24,0,2,0.354736328125,0,-649561.6163977629,-627801.5951645803,-21763.833558386155,87.91430770169455,
2025,4k77,25,0,2,0.354736328125,0,-649564.614237168,-627801.5951645803,-21763.48196834881,10.674629839234493,
2026,4k77,26,0,2,0.354736328125,0,-649562.3404288986,-627801.5951645803,-21764.456299459518,85.57850337502843,
2027,4k77,27,0,2,0.354736328125,0,-649561.9099345591,-627801.5951645803,-21763.93687326271,83.52768602452437,
2028,4k77,28,0,2,0.354736328125,0,-649562.0788159765,-627801.5951645803,-21764.138483947107,84.28244085224541,
2029,4k77,29,0,2,0.354736328125,0,-649567.1210357781,-627801.5951645803,-21762.63462216217,-66.67378667655848,
2030,4k77,30,0,2,0.354736328125,0,-649562.7796498338,-627801.5951645803,-21764.131850099147,67.96784799667553,
2031,4k77,31,0,2,0.354736328125,0,-649565.0867374327,-627801.5951645803,-21762.628821199723,-19.895525754321476,
2032,4k77,32,0,2,0.354736328125,0,-649561.7857523359,-627801.5951645803,-21763.82131675441,83.72659973608539,
2033,4k77,33,0,2,0.354736328125,0,-649562.0928245272,-627801.5951645803,-21762.98560256321,57.373319703078295,
2034,4k77,34,0,2,0.354736328125,0,-649559.3410440483,-627801.5951645803,-21763.823230033697,140.1470334027114,
2035,4k77,35,0,2,0.354736328125,0,-649564.8997134502,-627801.5951645803,-21763.835877453876,12.25272822322455,
2036,4k77,36,0,2,0.354736328125,0,-649567.4407662846,-627801.5951645803,-21764.012744253465,-42.26669691217015,
2037,4k77,37,0,2,0.354736328125,0,-649554.7151107426,-627801.5951645803,-21763.77763784487,245.77220880911395,
2038,4k77,38,0,2,0.354736328125,0,-649561.0252516816,-627801.5951645803,-21763.467770731033,93.11119646844406,
2039,4k77,39,0,2,0.354736328125,0,-649566.3055110661,-627801.5951645803,-21762.195977425166,-57.98272798743251,
2040,4k77,40,0,2,0.354736328125,0,-649541.9033785409,-627801.5951645803,-21763.819631939718,542.1861788728337,
2041,4k77,41,0,2,0.354736328125,0,-649553.8151445623,-627801.5951645803,-21755.722373103687,80.76710410409399,
2042,4k77,42,0,2,0.354736328125,0,-649556.9557275722,-627801.5951645803,-21763.807116990865,194.78216249628585,
2043,4k77,43,0,2,0.354736328125,0,-649530.0092828508,-627801.5951645803,-21755.725645458293,629.81877904121,
2044,4k77,44,0,2,0.354736328125,0,-649556.2474261619,-627801.5951645803,-21764.010971790143,215.81698439652615,
2045,4k77,45,0,2,0.354736328125,0,-649540.4102691497,-627801.5951645803,-21763.82953373153,576.8464401483214,
2046,4k77,46,0,2,0.354736328125,0,-649549.6025562085,-627801.5951645803,-21763.971591925205,368.14320452603516,
2047,4k77,47,0,2,0.354736328125,0,-649556.889991724,-627801.5951645803,-21764.443353509494,210.97002983627172,
2048,4k77,48,0,2,0.354736328125,0,-649561.2043937541,-627801.5951645803,-21764.01681227047,101.64128081681018,
2049,4k77,49,0,2,0.354736328125,0,-649552.6685370888,-627801.5951645803,-21763.816643452235,293.8668091161886,
2050,4k77,50,0,2,0.354736328125,0,-649561.8886374184,-627801.5951645803,-21764.387724941553,94.41569646176771,
2051,4k77,51,0,2,0.354736328125,0,-649562.4628261562,-627801.5951645803,-21763.914564883304,70.26325945558042,
2052,4k77,52,0,2,0.354736328125,0,-649561.1125273503,-627801.5951645803,-21764.45726246197,113.91679312412552,
2053,4k77,53,0,2,0.354736328125,0,-649560.1680052067,-627801.5951645803,-21764.269196009227,131.36107576431945,
2054,4k77,54,0,2,0.354736328125,0,-649559.9055288978,-627801.5951645803,-21764.186717068733,135.5119136894365,
2055,4k77,55,0,2,0.354736328125,0,-649570.7354091045,-627801.5951645803,-21764.453391378713,-108.08140113723024,
2056,4k77,56,0,2,0.354736328125,0,-649524.3290502824,-627801.5951645803,-21764.39019266326,960.6172591249085,
2057,4k77,57,0,2,0.354736328125,0,-649564.9311968471,-627801.5951645803,-21763.846962785312,11.782337659229398,
2058,4k77,58,0,2,0.354736328125,0,-649516.5815169463,-627801.5951645803,-21763.823166465343,1126.2036874318878,
2059,4k77,59,0,2,0.354736328125,0,-649551.7017085488,-627801.5951645803,-21762.99529889781,297.2217495233978,
2060,4k77,60,0,2,0.354736328125,0,-649555.3397758849,-627801.5951645803,-21763.860170399734,233.27033434672552,
2061,4k77,61,0,2,0.354736328125,0,-649561.8479037072,-627801.5951645803,-21763.58801469762,76.91328182663459,
2062,4k77,62,0,2,0.354736328125,0,-649560.6018452296,-627801.5951645803,-21763.689608937086,107.99089176655035,
2063,4k77,63,0,2,0.354736328125,0,-649565.6822372165,-627801.5951645803,-21763.82173330147,-6.118870420683133,
2064,4k77,64,0,2,0.354736328125,0,-649558.2234423257,-627801.5951645803,-21755.028825825044,-36.884237513234005,
2065,4k77,65,0,2,0.354736328125,0,-649566.8067305769,-627801.5951645803,-21763.85046491582,-31.387736576471443,
2066,4k77,66,0,2,0.354736328125,0,-649559.4516760209,-627801.5951645803,-21763.89810804087,139.32252737398215,
2067,4k77,67,0,2,0.354736328125,0,-649562.582267293,-627801.5951645803,-21761.60450229604,14.237572621327299,
2068,4k77,68,0,2,0.354736328125,0,-649563.1246466137,-627801.5951645803,-21764.06054032404,58.36759077218196,
2069,4k77,69,0,2,0.354736328125,0,-649552.09742763,-627801.5951645803,-21763.34146410782,296.0790101074406,
2070,4k77,70,0,2,0.354736328125,0,-649563.8587909589,-627801.5951645803,-21762.985997533382,16.658274566041634,
2071,4k77,71,0,2,0.354736328125,0,-649562.8166539754,-627801.5951645803,-21763.744177019187,58.17455861625017,
2072,4k77,72,0,2,0.354736328125,0,-649564.4497439213,-627801.5951645803,-21763.586497193166,16.878426637594032,
2073,4k77,73,0,2,0.354736328125,0,-649564.1692000563,-627801.5951645803,-21764.26872802336,39.080538544750524,
2074,4k77,74,0,2,0.354736328125,0,-649563.1875062085,-627801.5951645803,-21764.455679630817,66.03014296285232,
2075,4k77,75,0,2,0.354736328125,0,-649565.6599319513,-627801.5951645803,-21764.27136061151,4.764153303158785,
2076,4k77,76,0,2,0.354736328125,0,-649560.0293605424,-627801.5951645803,-21761.604998743125,73.12044919208151,
2077,4k77,77,0,2,0.354736328125,0,-649561.7662733878,-627801.5951645803,-21764.05624932606,89.59346875566203,
2078,4k77,78,0,2,0.354736328125,0,-649565.8199306229,-627801.5951645803,-21763.17128992635,-24.293736368683287,
2079,4k77,79,0,2,0.354736328125,0,-649565.5007320131,-627801.5951645803,-21763.37177000005,-12.309661231437273,
2080,4k77,80,0,2,0.354736328125,0,-649563.2389841325,-627801.5951645803,-21763.523437028714,43.34500871894771,
2081,4k77,81,0,2,0.354736328125,0,-649548.6012698199,-627801.5951645803,-21763.609051292726,382.8730315868443,
2082,4k77,82,0,2,0.354736328125,0,-649563.8355448642,-627801.5951645803,-21764.41524792272,50.15363921001555,
2083,4k77,83,0,2,0.354736328125,0,-649566.6449589815,-627801.5951645803,-21763.19486359317,-42.77572062280712,
2084,4k77,84,0,2,0.354736328125,0,-649565.852008874,-627801.5951645803,-21763.121380871125,-26.1844085656314,
2085,4k77,85,0,2,0.354736328125,0,-649543.5384558822,-627801.5951645803,-21763.64734066088,500.5072683595579,
2086,4k77,86,0,2,0.354736328125,0,-649563.0639578203,-627801.5951645803,-21763.447461998046,45.62918553526989,
2087,4k77,87,0,2,0.354736328125,0,-649562.8175004807,-627801.5951645803,-21763.423935746738,50.77009856005707,
2088,4k77,88,0,2,0.354736328125,0,-649562.5592047073,-627801.5951645803,-21763.622217541524,61.29902740988754,
2089,4k77,89,0,2,0.354736328125,0,-649564.079313689,-627801.5951645803,-21763.882268553563,32.241400329868874,
2090,4k77,90,0,2,0.354736328125,0,-649564.9590216825,-627801.5951645803,-21763.593889212192,5.304666474334543,
2091,4k77,91,0,2,0.354736328125,0,-649555.9080011335,-627801.5951645803,-21763.15269452889,203.85196766420327,
2092,4k77,92,0,2,0.354736328125,0,-649533.4477401472,-627801.5951645803,-21763.241338198968,723.8420620191655,
2093,4k77,93,0,2,0.354736328125,0,-649569.3511307623,-627801.5951645803,-21764.48910651166,-75.335573683391,
2094,4k77,94,0,2,0.354736328125,0,-649568.1301114061,-627801.5951645803,-21764.389399593652,-49.47749457027645,
2095,4k77,95,0,2,0.354736328125,0,-649565.5788430508,-627801.5951645803,-21764.06594291885,1.8970632463247008,
2096,4k77,96,0,2,0.354736328125,0,-649563.7350152083,-627801.5951645803,-21763.895756965467,40.492162081694964,
2097,4k77,97,0,2,0.354736328125,0,-649565.3013264026,-627801.5951645803,-21763.687426274606,-0.4320519939336718,
2098,4k77,98,0,2,0.354736328125,0,-649557.1632576534,-627801.5951645803,-21764.36235648948,202.80053214876858,
2099,4k77,99,0,2,0.354736328125,0,-649567.2402695204,-627801.5951645803,-21764.48083353598,-26.848736404019682,
2100,4k77,100,0,2,0.354736328125,0,-649565.3223060168,-627801.5951645803,-21763.7972131427,1.6158919315381945,
3001,4e5w,1,0,3,0.354736328125,1,-661054.5006930636,-627801.5951645803,-33254.214620120474,30.188370313019437,
3002,4e5w,2,0,3,0.354736328125,1,-661057.4949556413,-627801.5951645803,-33254.40940899369,-34.369026950521544,
3003,4e5w,3,0,3,0.354736328125,1,-661048.7327819575,-627801.5951645803,-33254.39003223902,167.24465980810288,
3004,4e5w,4,0,3,0.354736328125,1,-661029.8287811684,-627801.5951645803,-33254.321559376665,601.6022524765137,
3005,4e5w,5,0,3,0.354736328125,1,-661053.3047388004,-627801.5951645803,-33254.21547455306,57.78743448645816,
3006,4e5w,6,0,3,0.354736328125,1,-661049.3587549302,-627801.5951645803,-33253.298687643975,127.64237589641361,
3007,4e5w,7,0,3,0.354736328125,1,-661052.2679915536,-627801.5951645803,-33254.2055400086,81.46629792078878,
3008,4e5w,8,0,3,0.354736328125,1,-661049.1356991488,-627801.5951645803,-33254.277826554724,155.36564409751384,
3009,4e5w,9,0,3,0.354736328125,1,-661053.3428578483,-627801.5951645803,-33253.80952066893,47.54686939767529,
3010,4e5w,10,0,3,0.354736328125,1,-661046.8694642308,-627801.5951645803,-33251.93105054614,153.508322423818,
3011,4e5w,11,0,3,0.354736328125,1,-661053.2104929198,-627801.5951645803,-33251.199408359586,-9.591342590772696,
3012,4e5w,12,0,3,0.354736328125,1,-661040.012314986,-627801.5951645803,-33244.5009303164,140.2952976215581,
3013,4e5w,13,0,3,0.354736328125,1,-661038.2623086231,-627801.5951645803,-33245.18156025524,196.34710231697457,
3014,4e5w,14,0,3,0.354736328125,1,-661045.9913472953,-627801.5951645803,-33253.59260094878,212.07444254869162,
3015,4e5w,15,0,3,0.354736328125,1,-661022.3486149568,-627801.5951645803,-33252.5912398172,734.1968662169792,
3016,4e5w,16,0,3,0.354736328125,1,-661036.7943693656,-627801.5951645803,-33253.76393211598,428.11278257193266,
3017,4e5w,17,0,3,0.354736328125,1,-661048.3015427397,-627801.5951645803,-33246.68859065289,-0.4101896460689075,
3018,4e5w,18,0,3,0.354736328125,1,-661046.3150464866,-627801.5951645803,-33250.451053447694,132.1639554560168,
3019,4e5w,19,0,3,0.354736328125,1,-661055.7212168385,-627801.5951645803,-33254.3034489823,4.090865641327149,
3020,4e5w,20,0,3,0.354736328125,1,-661032.6483057248,-627801.5951645803,-33253.593568868586,519.7946116522792,
3021,4e5w,21,0,3,0.354736328125,1,-661052.7796013014,-627801.5951645803,-33251.694149799296,11.754262818582239,
3022,4e5w,22,0,3,0.354736328125,1,-661022.4361585054,-627801.5951645803,-33249.84321475741,668.8071006974039,
3023,4e5w,23,0,3,0.354736328125,1,-661041.6994341124,-627801.5951645803,-33253.75379610783,314.7655604639901,
3024,4e5w,24,0,3,0.354736328125,1,-661034.891305651,-627801.5951645803,-33254.18595070357,481.7304542094857,
3025,4e5w,25,0,3,0.354736328125,1,-661048.2380275832,-627801.5951645803,-33251.404174752184,109.79845732958836,
3026,4e5w,26,0,3,0.354736328125,1,-661040.4296344492,-627801.5951645803,-33249.34259439227,242.32310818086637,
3027,4e5w,27,0,3,0.354736328125,1,-661043.0117461939,-627801.5951645803,-33251.60132808214,234.86583308069842,
3028,4e5w,28,0,3,0.354736328125,1,-661049.0857855189,-627801.5951645803,-33250.44638217206,68.16147330011887,
3029,4e5w,29,0,3,0.354736328125,1,-661035.0179725693,-627801.5951645803,-33252.50860912318,440.1290299390292,
3030,4e5w,30,0,3,0.354736328125,1,-661041.0930802646,-627801.5951645803,-33253.7344389033,328.30202463209355,
3031,4e5w,31,0,3,0.354736328125,1,-661052.4292740185,-627801.5951645803,-33251.59450466162,17.535130419020177,
3032,4e5w,32,0,3,0.354736328125,1,-661051.3842902887,-627801.5951645803,-33245.36340413208,-102.05956409575153,
3033,4e5w,33,0,3,0.354736328125,1,-661037.2817174451,-627801.5951645803,-33232.29858417029,-78.12841412950304,
3034,4e5w,34,0,3,0.354736328125,1,-661047.6953853491,-627801.5951645803,-33254.27134907958,188.43069524019032,
3035,4e5w,35,0,3,0.354736328125,1,-661040.8506215322,-627801.5951645803,-33248.25265125161,207.48022948960246,
3036,4e5w,36,0,3,0.354736328125,1,-661033.4323411691,-627801.5951645803,-33251.691371149966,457.8486033154913,
3037,4e5w,37,0,3,0.354736328125,1,-661032.0137891428,-627801.5951645803,-33251.81931246037,493.51158687561315,
3038,4e5w,38,0,3,0.354736328125,1,-661016.4338744405,-627801.5951645803,-33244.4670609009,683.2460063157866,
3039,4e5w,39,0,3,0.354736328125,1,-661057.5083836425,-627801.5951645803,-33251.19684816128,-108.76209674907534,
3040,4e5w,40,0,3,0.354736328125,1,-661026.9347925144,-627801.5951645803,-33245.79777110333,471.7759890784522,
3041,4e5w,41,0,3,0.354736328125,1,-661022.8792314039,-627801.5951645803,-33252.034677393385,709.1259258638772,
3042,4e5w,42,0,3,0.354736328125,1,-661028.1267681989,-627801.5951645803,-33250.50249374625,552.7818583302607,
3043,4e5w,43,0,3,0.354736328125,1,-661052.4734852421,-627801.5951645803,-33253.94906312948,70.81300355061443,
3044,4e5w,44,0,3,0.354736328125,1,-661030.9051913428,-627801.5951645803,-33251.40043372626,509.41688638466087,
3045,4e5w,45,0,3,0.354736328125,1,-661036.287155162,-627801.5951645803,-33251.89372266049,396.6813653726601,
3046,4e5w,46,0,3,0.354736328125,1,-661044.7670548233,-627801.5951645803,-33251.6431244683,195.35130203515888,
3047,4e5w,47,0,3,0.354736328125,1,-661053.9733037758,-627801.5951645803,-33254.18894416811,41.758154682894286,
3048,4e5w,48,0,3,0.354736328125,1,-661035.1995747793,-627801.5951645803,-33252.03027511353,424.9105391824721,
3049,4e5w,49,0,3,0.354736328125,1,-661056.3136622118,-627801.5951645803,-33254.32132292504,-9.15906631519611,
3050,4e5w,50,0,3,0.354736328125,1,-661050.297609416,-627801.5951645803,-33254.17498601195,126.19979755041021,
3051,4e5w,51,0,3,0.354736328125,1,-661019.5245666016,-627801.5951645803,-33231.008746124564,301.6168402854745,
3052,4e5w,52,0,3,0.354736328125,1,-661056.0469443309,-627801.5951645803,-33251.526411659666,-67.46059078409785,
3053,4e5w,53,0,3,0.354736328125,1,-661039.4585372315,-627801.5951645803,-33254.20225430245,376.7835618156846,
3054,4e5w,54,0,3,0.354736328125,1,-661056.276425508,-627801.5951645803,-33254.16327363965,-11.945070631663974,
3055,4e5w,55,0,3,0.354736328125,1,-661041.61498576,-627801.5951645803,-33254.318802304326,329.7423381539791,
3056,4e5w,56,0,3,0.354736328125,1,-661019.5274549234,-627801.5951645803,-33231.032547182986,302.0990994495275,
3057,4e5w,57,0,3,0.354736328125,1,-661038.626469578,-627801.5951645803,-33253.75215578789,385.59197941495125,
3058,4e5w,58,0,3,0.354736328125,1,-661034.3363872293,-627801.5951645803,-33251.95454216716,443.06967373348397,
3059,4e5w,59,0,3,0.354736328125,1,-661027.3211378116,-627801.5951645803,-33246.06332773691,468.990536323347,
3060,4e5w,60,0,3,0.354736328125,1,-661041.129624139,-627801.5951645803,-33251.54570013995,276.98578792707195,
3061,4e5w,61,0,3,0.354736328125,1,-661048.2695863055,-627801.5951645803,-33252.021333761164,123.30272075116947,
3062,4e5w,62,0,3,0.354736328125,1,-661035.701949102,-627801.5951645803,-33249.90104765412,364.224360414185,
3063,4e5w,63,0,3,0.354736328125,1,-661051.8013532419,-627801.5951645803,-33251.61244148737,32.42896054996262,
3064,4e5w,64,0,3,0.354736328125,1,-661044.872884016,-627801.5951645803,-33254.16182298178,250.99339041676097,
3065,4e5w,65,0,3,0.354736328125,1,-661045.1653764652,-627801.5951645803,-33253.77714122052,235.3773821474325,
3066,4e5w,66,0,3,0.354736328125,1,-661035.4369360182,-627801.5951645803,-33232.292364872665,-35.730164206753244,
3067,4e5w,67,0,3,0.354736328125,1,-661035.807500254,-627801.5951645803,-33254.18731970316,460.6340746262237,
3068,4e5w,68,0,3,0.354736328125,1,-660997.4161638129,-627801.5951645803,-33245.86939031596,1154.1433164236214,
3069,4e5w,69,0,3,0.354736328125,1,-661047.6467157559,-627801.5951645803,-33254.13200057263,186.3395898118892,
3070,4e5w,70,0,3,0.354736328125,1,-661030.3694180223,-627801.5951645803,-33251.66826296565,527.9484016531909,
3071,4e5w,71,0,3,0.354736328125,1,-661041.3874371458,-627801.5951645803,-33253.673402793465,320.10646756419004,
3072,4e5w,72,0,3,0.354736328125,1,-661035.8946922827,-627801.5951645803,-33252.99122745509,431.0408361827196,
3073,4e5w,73,0,3,0.354736328125,1,-661043.3363186227,-627801.5951645803,-33253.5478823852,272.26962367182267,
3074,4e5w,74,0,3,0.354736328125,1,-661057.0834354582,-627801.5951645803,-33253.33993292567,-49.54185010546712,
3075,4e5w,75,0,3,0.354736328125,1,-661049.4145061482,-627801.5951645803,-33253.61482054716,133.64692020199013,
3076,4e5w,76,0,3,0.354736328125,1,-661051.8450900721,-627801.5951645803,-33253.74079806323,80.50143390247207,
3077,4e5w,77,0,3,0.354736328125,1,-660996.2969925808,-627801.5951645803,-33253.36235231871,1352.7438268096753,
3078,4e5w,78,0,3,0.354736328125,1,-661028.9114454362,-627801.5951645803,-33253.21427149301,597.2218518036537,
3079,4e5w,79,0,3,0.354736328125,1,-661030.5053935009,-627801.5951645803,-33253.897247738896,576.2143426030913,
3080,4e5w,80,0,3,0.354736328125,1,-661028.0883463429,-627801.5951645803,-33253.537030763575,623.645973410217,
3081,4e5w,81,0,3,0.354736328125,1,-661052.7704261647,-627801.5951645803,-33253.80178410525,60.569048218872936,
3082,4e5w,82,0,3,0.354736328125,1,-661052.0717722449,-627801.5951645803,-33253.37847835538,66.91872786285712,
3083,4e5w,83,0,3,0.354736328125,1,-661041.1939455975,-627801.5951645803,-33253.82317776209,328.0223814963637,
3084,4e5w,84,0,3,0.354736328125,1,-661056.0852243858,-627801.5951645803,-33253.48946041579,-23.074370087295613,
3085,4e5w,85,0,3,0.354736328125,1,-661044.6249884026,-627801.5951645803,-33253.56385267491,242.92047620430205,
3086,4e5w,86,0,3,0.354736328125,1,-661046.6121907505,-627801.5951645803,-33253.95329976794,206.0753647265283,
3087,4e5w,87,0,3,0.354736328125,1,-661055.3600445796,-627801.5951645803,-33253.39876533276,-8.442804780074416,
3088,4e5w,88,0,3,0.354736328125,1,-661054.3969866442,-627801.5951645803,-33253.4191237163,14.235314279346643,
3089,4e5w,89,0,3,0.354736328125,1,-661023.3958517717,-627801.5951645803,-33253.61266566033,733.6016510687888,
3090,4e5w,90,0,3,0.354736328125,1,-661053.9057621929,-627801.5951645803,-33253.83029807326,35.04512516042024,
3091,4e5w,91,0,3,0.354736328125,1,-661057.6006973494,-627801.5951645803,-33253.396539635716,-60.164810943008774,
3092,4e5w,92,0,3,0.354736328125,1,-661054.5026113796,-627801.5951645803,-33253.93173284049,23.62059724423638,
3093,4e5w,93,0,3,0.354736328125,1,-661033.849858682,-627801.5951645803,-33253.61394477601,492.55602179988597,
3094,4e5w,94,0,3,0.354736328125,1,-661054.0665913939,-627801.5951645803,-33254.259831733674,41.24159719918512,
3095,4e5w,95,0,3,0.354736328125,1,-661052.8685390461,-627801.5951645803,-33253.906130201874,60.7127895763234,
3096,4e5w,96,0,3,0.354736328125,1,-661053.5627155113,-627801.5951645803,-33252.67854381318,16.39588536592607,
3097,4e5w,97,0,3,0.354736328125,1,-661037.0386816071,-627801.5951645803,-33254.20043820853,432.54487806546877,
3098,4e5w,98,0,3,0.354736328125,1,-661053.9236559841,-627801.5951645803,-33254.27223647353,44.82382615019106,
3099,4e5w,99,0,3,0.354736328125,1,-661057.3496464301,-627801.5951645803,-33253.83663756376,-44.22653989081206,
3100,4e5w,100,0,3,0.354736328125,1,-661054.3865226763,-627801.5951645803,-33251.15784228558,-37.669769479589846,
4001,4ivb,1,0,4,0.354736328125,0,-655241.742125013,-627801.5951645803,-27454.765262326062,337.1060500129722,
4002,4ivb,2,0,4,0.354736328125,0,-655242.0211602249,-627801.5951645803,-27439.441833486617,-22.695318518354775,
4003,4ivb,3,0,4,0.354736328125,0,-655260.5325331178,-627801.5951645803,-27453.444735338748,-126.66313059661489,
4004,4ivb,4,0,4,0.354736328125,0,-655231.4205235186,-627801.5951645803,-27453.01280166751,534.7151321265085,
4005,4ivb,5,0,4,0.354736328125,0,-655235.0289708461,-627801.5951645803,-27451.97901116854,427.662584687781,
4006,4ivb,6,0,4,0.354736328125,0,-655246.0701332786,-627801.5951645803,-27454.50330962783,231.25903566625342,
4007,4ivb,7,0,4,0.354736328125,0,-655243.7198665675,-627801.5951645803,-27446.101467570126,91.7063929349967,
4008,4ivb,8,0,4,0.354736328125,0,-655245.696986446,-627801.5951645803,-27441.436345835984,-61.46733747625028,
4009,4ivb,9,0,4,0.354736328125,0,-655250.3250186379,-627801.5951645803,-27445.63068225032,-71.46859969843034,
4010,4ivb,10,0,4,0.354736328125,0,-655244.8410786786,-627801.5951645803,-27446.09525122291,65.70727504665146,
4011,4ivb,11,0,4,0.354736328125,0,-655223.2738941845,-627801.5951645803,-27439.863948812545,419.3611173636015,
4012,4ivb,12,0,4,0.354736328125,0,-655232.024810681,-627801.5951645803,-27452.3051799739,504.46179520251735,
4013,4ivb,13,0,4,0.354736328125,0,-655245.0632852699,-627801.5951645803,-27452.94859196788,218.62486136913975,
4014,4ivb,14,0,4,0.354736328125,0,-655223.1461180099,-627801.5951645803,-27453.055146654904,726.5039547358514,
4015,4ivb,15,0,4,0.354736328125,0,-655248.6983309772,-627801.5951645803,-27454.684170981705,174.8221188306059,
4016,4ivb,16,0,4,0.354736328125,0,-655255.5202884021,-627801.5951645803,-27452.944065471947,-22.623743002040182,
4017,4ivb,17,0,4,0.354736328125,0,-655243.8407779123,-627801.5951645803,-27453.449348917067,258.3642803405232,
4018,4ivb,18,0,4,0.354736328125,0,-655238.9332574853,-627801.5951645803,-27439.443881561816,48.56064004159648,
4019,4ivb,19,0,4,0.354736328125,0,-655232.1041479196,-627801.5951645803,-27440.60721470958,232.87074751901534,
4020,4ivb,20,0,4,0.354736328125,0,-655259.0301729682,-627801.5951645803,-27454.502508899033,-67.62504472619004,
4021,4ivb,21,0,4,0.354736328125,0,-655253.2512337501,-627801.5951645803,-27454.61918254739,68.33101776989193,
4022,4ivb,22,0,4,0.354736328125,0,-655244.8502077707,-627801.5951645803,-27446.813925823033,82.06978317251071,
4023,4ivb,23,0,4,0.354736328125,0,-655252.0683535871,-627801.5951645803,-27454.504174848855,92.95674181542715,
4024,4ivb,24,0,4,0.354736328125,0,-655250.9180153998,-627801.5951645803,-27453.013152828276,85.1003859814169,
4025,4ivb,25,0,4,0.354736328125,0,-655251.8613083746,-627801.5951645803,-27454.508828719914,97.83863865765002,
4026,4ivb,26,0,4,0.354736328125,0,-655245.6032815077,-627801.5951645803,-27452.948691626847,206.17455048835376,
4027,4ivb,27,0,4,0.354736328125,0,-655236.3091134217,-627801.5951645803,-27439.85654061085,118.59098347183846,
4028,4ivb,28,0,4,0.354736328125,0,-655238.9295548293,-627801.5951645803,-27440.912950834096,82.52356753766915,
4029,4ivb,29,0,4,0.354736328125,0,-655244.9807935144,-627801.5951645803,-27452.308036824525,205.75561392062815,
4030,4ivb,30,0,4,0.354736328125,0,-655209.1162147322,-627801.5951645803,-27441.418699046433,781.6983536778382,
4031,4ivb,31,0,4,0.354736328125,0,-655240.6517689761,-627801.5951645803,-27440.923939009965,43.06175918448444,
4032,4ivb,32,0,4,0.354736328125,0,-655249.7539425882,-627801.5951645803,-27452.781473716557,106.60189549456926,
4033,4ivb,33,0,4,0.354736328125,0,-655244.4518349107,-627801.5951645803,-27450.384295364678,173.59115715405088,
4034,4ivb,34,0,4,0.354736328125,0,-655254.7138459333,-627801.5951645803,-27452.305554350674,-18.751154130679414,
4035,4ivb,35,0,4,0.354736328125,0,-655254.7148210343,-627801.5951645803,-27453.45845588094,7.812900388250429,
4036,4ivb,36,0,4,0.354736328125,0,-655248.0087801608,-627801.5951645803,-27452.30594926125,135.88044267813123,
4037,4ivb,37,0,4,0.354736328125,0,-655261.890140229,-627801.5951645803,-27453.068678309977,-166.64237541905632,
4038,4ivb,38,0,4,0.354736328125,0,-655254.3486740091,-627801.5951645803,-27453.253657063306,11.533678447476927,
4039,4ivb,39,0,4,0.354736328125,0,-655252.5885567453,-627801.5951645803,-27452.31229986793,30.414734166354407,
4040,4ivb,40,0,4,0.354736328125,0,-655253.3279330971,-627801.5951645803,-27452.63204287535,20.737759356544476,
4041,4ivb,41,0,4,0.354736328125,0,-655238.9969420667,-627801.5951645803,-27452.311333259404,343.82252403587097,
4042,4ivb,42,0,4,0.354736328125,0,-655235.3118317523,-627801.5951645803,-27440.58963017708,158.49429211597266,
4043,4ivb,43,0,4,0.354736328125,0,-655222.410844439,-627801.5951645803,-27440.112039228738,444.9846182102214,
4044,4ivb,44,0,4,0.354736328125,0,-655233.7484315577,-627801.5951645803,-27440.596741398633,194.71114574739053,
4045,4ivb,45,0,4,0.354736328125,0,-655250.476130956,-627801.5951645803,-27454.499507745564,129.56664199810308,
4046,4ivb,46,0,4,0.354736328125,0,-655247.302954937,-627801.5951645803,-27440.919929107487,-110.41070334409912,
4047,4ivb,47,0,4,0.354736328125,0,-655246.7251474496,-627801.5951645803,-27453.256309291184,187.3975391373844,
4048,4ivb,48,0,4,0.354736328125,0,-655234.3055350723,-627801.5951645803,-27452.315436145127,452.10355421466176,
4049,4ivb,49,0,4,0.354736328125,0,-655230.7294346626,-627801.5951645803,-27452.84345786816,546.7468589599082,
4050,4ivb,50,0,4,0.354736328125,0,-655251.5632251152,-627801.5951645803,-27454.506041457713,104.64832612466044,
4051,4ivb,51,0,4,0.354736328125,0,-655252.6427933064,-627801.5951645803,-27453.452772756875,55.46393896093886,
4052,4ivb,52,0,4,0.354736328125,0,-655247.9739727172,-627801.5951645803,-27451.981568386615,129.20272072173304,
4053,4ivb,53,0,4,0.354736328125,0,-655242.1322748597,-627801.5951645803,-27453.25477494842,293.2763143929644,
4054,4ivb,54,0,4,0.354736328125,0,-655249.5967900702,-627801.5951645803,-27453.619907220662,129.5606545779142,
4055,4ivb,55,0,4,0.354736328125,0,-655238.7241481778,-627801.5951645803,-27446.098283013165,206.83695818199874,
4056,4ivb,56,0,4,0.354736328125,0,-655230.2473611328,-627801.5951645803,-27446.819500347436,418.94797811677654,
4057,4ivb,57,0,4,0.354736328125,0,-655224.903749698,-627801.5951645803,-27452.134401490748,664.7391172276057,
4058,4ivb,58,0,4,0.354736328125,0,-655243.1551730135,-627801.5951645803,-27454.50682293421,298.5606350551243,
4059,4ivb,59,0,4,0.354736328125,0,-655224.2441777524,-627801.5951645803,-27453.008319934666,700.1022457017519,
4060,4ivb,60,0,4,0.354736328125,0,-655245.2417407277,-627801.5951645803,-27445.62185545808,45.55102302255807,
4061,4ivb,61,0,4,0.354736328125,0,-655247.7165723827,-627801.5951645803,-27453.617728551686,172.86926319142938,
4062,4ivb,62,0,4,0.354736328125,0,-655243.801054562,-627801.5951645803,-27440.5994486714,-37.04541667336944,
4063,4ivb,63,0,4,0.354736328125,0,-655244.0524894531,-627801.5951645803,-27453.214575966642,248.06810337457037,
4064,4ivb,64,0,4,0.354736328125,0,-655245.5708852353,-627801.5951645803,-27450.380414387047,147.69574614704064,
4065,4ivb,65,0,4,0.354736328125,0,-655239.3266204532,-627801.5951645803,-27449.072845270694,261.5386526738823,
4066,4ivb,66,0,4,0.354736328125,0,-655229.2454768367,-627801.5951645803,-27452.316294988454,568.8110745813467,
4067,4ivb,67,0,4,0.354736328125,0,-655255.2729083833,-627801.5951645803,-27453.61937757379,-1.3459572206871822,
4068,4ivb,68,0,4,0.354736328125,0,-655232.5283765289,-627801.5951645803,-27453.460365911782,519.4885114555341,
4069,4ivb,69,0,4,0.354736328125,0,-655244.0105106768,-627801.5951645803,-27452.628810157836,235.52807650267945,
4070,4ivb,70,0,4,0.354736328125,0,-655246.8651571819,-627801.5951645803,-27454.506502022803,212.9989672957979,
4071,4ivb,71,0,4,0.354736328125,0,-655236.3032424982,-627801.5951645803,-27449.1992276216,334.17385086231224,
4072,4ivb,72,0,4,0.354736328125,0,-655229.2006513419,-627801.5951645803,-27454.50251795894,620.26027442646,
4073,4ivb,73,0,4,0.354736328125,0,-655243.3202616806,-627801.5951645803,-27450.139232059777,194.0345616847612,
4074,4ivb,74,0,4,0.354736328125,0,-655251.3161199043,-627801.5951645803,-27453.01044624096,75.85746262875288,
4075,4ivb,75,0,4,0.354736328125,0,-655250.9879594531,-627801.5951645803,-27452.946487447083,81.95009758302955,
4076,4ivb,76,0,4,0.354736328125,0,-655241.2675446662,-627801.5951645803,-27453.01162796265,307.61036368583706,
4077,4ivb,77,0,4,0.354736328125,0,-655223.6386135902,-627801.5951645803,-27453.612174233258,727.9920979652592,
4078,4ivb,78,0,4,0.354736328125,0,-655230.8527075001,-627801.5951645803,-27440.10944898969,250.2508989773068,
4079,4ivb,79,0,4,0.354736328125,0,-655239.3777768548,-627801.5951645803,-27453.255302091897,356.80870360201,
4080,4ivb,80,0,4,0.354736328125,0,-655236.5297645571,-627801.5951645803,-27439.84444498068,113.22371555130734,
4081,4ivb,81,0,4,0.354736328125,0,-655241.1106472547,-627801.5951645803,-27440.929741045296,32.613572805312934,
4082,4ivb,82,0,4,0.354736328125,0,-655227.7803606787,-627801.5951645803,-27452.838337739766,614.6360476568449,
4083,4ivb,83,0,4,0.354736328125,0,-655234.189947122,-627801.5951645803,-27451.97826622969,446.9937527100057,
4084,4ivb,84,0,4,0.354736328125,0,-655244.2960713747,-627801.5951645803,-27454.194735398352,265.0539842783381,
4085,4ivb,85,0,4,0.354736328125,0,-655254.2311422761,-627801.5951645803,-27453.87965907699,28.679973976669356,
4086,4ivb,86,0,4,0.354736328125,0,-655258.0106406161,-627801.5951645803,-27453.951437016785,-56.822089654323186,
4087,4ivb,87,0,4,0.354736328125,0,-655249.195479342,-627801.5951645803,-27454.222704997122,152.7159467759512,
4088,4ivb,88,0,4,0.354736328125,0,-655243.1220753285,-627801.5951645803,-27454.022857090295,288.1633683103438,
4089,4ivb,89,0,4,0.354736328125,0,-655254.0329699452,-627801.5951645803,-27454.18466844207,40.283619543342134,
4090,4ivb,90,0,4,0.354736328125,0,-655256.787896181,-627801.5951645803,-27454.174630334437,-23.477972947540692,
4091,4ivb,91,0,4,0.354736328125,0,-655256.2672936704,-627801.5951645803,-27454.196851661265,-10.960157882234073,
4092,4ivb,92,0,4,0.354736328125,0,-655252.7419622781,-627801.5951645803,-27454.193478485406,70.25812802548501,
4093,4ivb,93,0,4,0.354736328125,0,-655225.5503664698,-627801.5951645803,-27454.208569010556,697.659219532279,
4094,4ivb,94,0,4,0.354736328125,0,-655226.8281034925,-627801.5951645803,-27453.851667484105,659.9635590831882,
4095,4ivb,95,0,4,0.354736328125,0,-655242.1401956913,-627801.5951645803,-27454.190095266164,314.66265460226924,
4096,4ivb,96,0,4,0.354736328125,0,-655247.218864912,-627801.5951645803,-27454.23077692634,198.4839014906233,
4097,4ivb,97,0,4,0.354736328125,0,-655255.223909923,-627801.5951645803,-27454.61628659612,22.773242308702695,
4098,4ivb,98,0,4,0.354736328125,0,-655245.7866935679,-627801.5951645803,-27454.53821997887,238.60036249267912,
4099,4ivb,99,0,4,0.354736328125,0,-655236.1311510738,-627801.5951645803,-27454.489186247647,460.1317173026855,
4100,4ivb,100,0,4,0.354736328125,0,-655262.1008797231,-627801.5951645803,-27454.418001910508,-140.386002172805,
5001,4ivd,1,0,5,0.354736328125,0,-657381.3752284915,-627801.5951645803,-29595.38811615986,359.9302354224159,
5002,4ivd,2,0,5,0.354736328125,0,-657392.5798048062,-627801.5951645803,-29595.72625089568,109.3441396450156,
5003,4ivd,3,0,5,0.354736328125,0,-657380.906006855,-627801.5951645803,-29595.39843840282,370.98877999244195,
5004,4ivd,4,0,5,0.354736328125,0,-657385.8179296382,-627801.5951645803,-29595.371960112276,257.10654582364464,
5005,4ivd,5,0,5,0.354736328125,0,-657375.3316180379,-627801.5951645803,-29592.05247188491,422.37741900900244,
5006,4ivd,6,0,5,0.354736328125,0,-657339.6459850356,-627801.5951645803,-29583.910048702182,1057.5389264624052,
5007,4ivd,7,0,5,0.354736328125,0,-657380.3681952186,-627801.5951645803,-29595.384957381906,383.08013122861854,
5008,4ivd,8,0,5,0.354736328125,0,-657353.5612650932,-627801.5951645803,-29593.091323026838,948.3701608278067,
5009,4ivd,9,0,5,0.354736328125,0,-657393.5490706385,-627801.5951645803,-29591.60083264989,-8.142066220485562,
5010,4ivd,10,0,5,0.354736328125,0,-657388.1512315852,-627801.5951645803,-29592.776410707655,143.4445334798867,
5011,4ivd,11,0,5,0.354736328125,0,-657381.3036503466,-627801.5951645803,-29593.1050741462,308.9326671014443,
5012,4ivd,12,0,5,0.354736328125,0,-657396.4159817524,-627801.5951645803,-29592.722541430416,-48.387388104737916,
5013,4ivd,13,0,5,0.354736328125,0,-657383.5922334314,-627801.5951645803,-29595.036992201032,300.7077761178315,
5014,4ivd,14,0,5,0.354736328125,0,-657378.7229699626,-627801.5951645803,-29584.11745692176,161.18519364359446,
5015,4ivd,15,0,5,0.354736328125,0,-657383.5258511283,-627801.5951645803,-29577.783740171613,-95.63085526374633,
5016,4ivd,16,0,5,0.354736328125,0,-657387.5242585661,-627801.5951645803,-29587.311305844607,31.874562681644477,
5017,4ivd,17,0,5,0.354736328125,0,-657374.1288390727,-627801.5951645803,-29582.945943870964,240.11263603001908,
5018,4ivd,18,0,5,0.354736328125,0,-657393.3427282107,-627801.5951645803,-29593.482316443147,40.004350211301336,
5019,4ivd,19,0,5,0.354736328125,0,-657366.646035743,-627801.5951645803,-29582.813922175574,409.6256875006679,
5020,4ivd,20,0,5,0.354736328125,0,-657392.1796116062,-627801.5951645803,-29593.89800758046,76.41252165802854,
5021,4ivd,21,0,5,0.354736328125,0,-657391.0133290114,-627801.5951645803,-29595.61768932027,142.96444023337452,
5022,4ivd,22,0,5,0.354736328125,0,-657394.6106383485,-627801.5951645803,-29593.530192622366,11.869698755081199,
5023,4ivd,23,0,5,0.354736328125,0,-657384.950323549,-627801.5951645803,-29593.51439679544,234.27758982586937,
5024,4ivd,24,0,5,0.354736328125,0,-657392.0029670274,-627801.5951645803,-29592.784059324684,54.79778538348276,
5025,4ivd,25,0,5,0.354736328125,0,-657380.5887420893,-627801.5951645803,-29577.773728707256,-28.1303816403736,
5026,4ivd,26,0,5,0.354736328125,0,-657363.3970481587,-627801.5951645803,-29578.03438113016,374.3302862023988,
5027,4ivd,27,0,5,0.354736328125,0,-657382.6590520712,-627801.5951645803,-29577.792718091416,-75.43495839865471,
5028,4ivd,28,0,5,0.354736328125,0,-657361.6685237711,-627801.5951645803,-29593.476681330623,770.2989079061473,
5029,4ivd,29,0,5,0.354736328125,0,-657394.544936356,-627801.5951645803,-29593.896472760858,21.83144334843505,
5030,4ivd,30,0,5,0.354736328125,0,-657396.221352829,-627801.5951645803,-29593.8221493153,-18.541578282401087,
5031,4ivd,31,0,5,0.354736328125,0,-657358.279631076,-627801.5951645803,-29578.03893862051,492.44582583039465,
5032,4ivd,32,0,5,0.354736328125,0,-657395.1601763936,-627801.5951645803,-29593.2513055293,-7.2342387671071435,
5033,4ivd,33,0,5,0.354736328125,0,-657378.13985039,-627801.5951645803,-29593.11840785426,382.1991099386781,
5034,4ivd,34,0,5,0.354736328125,0,-657385.6260117429,-627801.5951645803,-29583.92500639838,-2.440746005460564,
5035,4ivd,35,0,5,0.354736328125,0,-657374.8311087014,-627801.5951645803,-29593.681009360957,471.4744048628062,
5036,4ivd,36,0,5,0.354736328125,0,-657371.701154811,-627801.5951645803,-29592.996001371564,527.8561967575865,
5037,4ivd,37,0,5,0.354736328125,0,-657389.0589082213,-627801.5951645803,-29593.17566699666,131.72008174707338,
5038,4ivd,38,0,5,0.354736328125,0,-657396.3474301827,-627801.5951645803,-29594.170833924236,-13.408133026076797,
5039,4ivd,39,0,5,0.354736328125,0,-657383.0131553531,-627801.5951645803,-29593.321501800227,274.5014853986907,
5040,4ivd,40,0,5,0.354736328125,0,-657386.4051430797,-627801.5951645803,-29593.52969543022,201.0814493520489,
5041,4ivd,41,0,5,0.354736328125,0,-657393.7648049565,-627801.5951645803,-29595.246652611913,70.95758783631562,
5042,4ivd,42,0,5,0.354736328125,0,-657392.4489085955,-627801.5951645803,-29595.319091358604,102.97335599257309,
5043,4ivd,43,0,5,0.354736328125,0,-657387.6939386249,-627801.5951645803,-29579.29952085893,-156.7945033019493,
5044,4ivd,44,0,5,0.354736328125,0,-657378.9867995506,-627801.5951645803,-29579.056600221815,38.39501081838245,
5045,4ivd,45,0,5,0.354736328125,0,-657377.556858194,-627801.5951645803,-29589.342642733278,308.5720171917151,
5046,4ivd,46,0,5,0.354736328125,0,-657395.4680377973,-627801.5951645803,-29593.025723525705,-19.53573597543121,
5047,4ivd,47,0,5,0.354736328125,0,-657388.5944936546,-627801.5951645803,-29586.55795610826,-10.1783023941938,
5048,4ivd,48,0,5,0.354736328125,0,-657396.91675478,-627801.5951645803,-29592.743674734058,-59.44814289912912,
5049,4ivd,49,0,5,0.354736328125,0,-657386.546565053,-627801.5951645803,-29594.79646251482,227.03252411580974,
5050,4ivd,50,0,5,0.354736328125,0,-657371.7188046259,-627801.5951645803,-29595.464875766458,584.382778426916,
5051,4ivd,51,0,5,0.354736328125,0,-657383.9316314579,-627801.5951645803,-29589.546567746806,166.26887595779007,
5052,4ivd,52,0,5,0.354736328125,0,-657368.4474435871,-627801.5951645803,-29591.815537521066,575.666416975128,
5053,4ivd,53,0,5,0.354736328125,0,-657394.1981864991,-627801.5951645803,-29593.30133558196,16.10349563017509,
5054,4ivd,54,0,5,0.354736328125,0,-657389.1625755714,-627801.5951645803,-29593.692515381994,141.2482627719463,
5055,4ivd,55,0,5,0.354736328125,0,-657353.1806934895,-627801.5951645803,-29587.55768150966,829.537545612595,
5056,4ivd,56,0,5,0.354736328125,0,-657386.8713004412,-627801.5951645803,-29594.26626981181,207.31741397768099,
5057,4ivd,57,0,5,0.354736328125,0,-657384.8614917517,-627801.5951645803,-29579.01265306157,-98.09205526719836,
5058,4ivd,58,0,5,0.354736328125,0,-657377.3988485021,-627801.5951645803,-29578.75778360051,68.12315693707767,
5059,4ivd,59,0,5,0.354736328125,0,-657386.0579784932,-627801.5951645803,-29584.520595380473,1.3324722968902911,
5060,4ivd,60,0,5,0.354736328125,0,-657372.9641984679,-627801.5951645803,-29593.110208102884,501.3633878846115,
5061,4ivd,61,0,5,0.354736328125,0,-657382.124896911,-627801.5951645803,-29578.681808718862,-42.61413083816856,
5062,4ivd,62,0,5,0.354736328125,0,-657372.3548982871,-627801.5951645803,-29579.361561843576,198.3628691782166,
5063,4ivd,63,0,5,0.354736328125,0,-657354.5926948906,-627801.5951645803,-29587.74050671737,801.1920692133745,
5064,4ivd,64,0,5,0.354736328125,0,-657383.201032889,-627801.5951645803,-29594.720039972486,302.41998291195307,
5065,4ivd,65,0,5,0.354736328125,0,-657374.2933169723,-627801.5951645803,-29592.85648287219,464.86214422258246,
5066,4ivd,66,0,5,0.354736328125,0,-657376.4079531269,-627801.5951645803,-29589.675178119363,342.7348456184486,
5067,4ivd,67,0,5,0.354736328125,0,-657401.299815801,-627801.5951645803,-29594.660537966894,-116.32001495247913,
5068,4ivd,68,0,5,0.354736328125,0,-657381.7765813597,-627801.5951645803,-29584.58357817811,101.51625349288241,
5069,4ivd,69,0,5,0.354736328125,0,-657374.5108398617,-627801.5951645803,-29593.17094329876,467.09757693561096,
5070,4ivd,70,0,5,0.354736328125,0,-657396.6640523506,-627801.5951645803,-29591.835319229784,-74.56786199198606,
5071,4ivd,71,0,5,0.354736328125,0,-657379.612074119,-627801.5951645803,-29577.59943617265,-9.627164527341606,
5072,4ivd,72,0,5,0.354736328125,0,-657388.5742323973,-627801.5951645803,-29594.208875426473,166.7233241848664,
5073,4ivd,73,0,5,0.354736328125,0,-657391.6806857706,-627801.5951645803,-29592.856370398225,63.89730069054694,
5074,4ivd,74,0,5,0.354736328125,0,-657364.2025696622,-627801.5951645803,-29593.4637393443,711.5639721339697,
5075,4ivd,75,0,5,0.354736328125,0,-657371.0404475452,-627801.5951645803,-29593.904966184306,564.0536948013405,
5076,4ivd,76,0,5,0.354736328125,0,-657377.9727800613,-627801.5951645803,-29577.82769120616,33.439540617292856,
5077,4ivd,77,0,5,0.354736328125,0,-657378.1477974326,-627801.5951645803,-29578.69833619279,49.481094512712076,
5078,4ivd,78,0,5,0.354736328125,0,-657379.0916346301,-627801.5951645803,-29577.79448116702,6.872299621829091,
5079,4ivd,79,0,5,0.354736328125,0,-657387.450445083,-627801.5951645803,-29590.026874550986,96.19924408043296,
5080,4ivd,80,0,5,0.354736328125,0,-657390.6157795911,-627801.5951645803,-29595.392030963125,146.92834231570615,
5081,4ivd,81,0,5,0.354736328125,0,-657392.2104533435,-627801.5951645803,-29595.230427989187,106.42763886605236,
5082,4ivd,82,0,5,0.354736328125,0,-657388.6147448552,-627801.5951645803,-29592.831779488744,134.0324979710967,
5083,4ivd,83,0,5,0.354736328125,0,-657390.7255818518,-627801.5951645803,-29593.817020723032,108.07564305680832,
5084,4ivd,84,0,5,0.354736328125,0,-657394.9725753342,-627801.5951645803,-29595.20948774499,42.24869908055506,
5085,4ivd,85,0,5,0.354736328125,0,-657382.1839833081,-627801.5951645803,-29594.92648518962,330.6344432204778,
5086,4ivd,86,0,5,0.354736328125,0,-657390.4832168355,-627801.5951645803,-29594.61214513463,132.00071763151016,
5087,4ivd,87,0,5,0.354736328125,0,-657398.0138502248,-627801.5951645803,-29594.680233457508,-40.08965980974401,
5088,4ivd,88,0,5,0.354736328125,0,-657393.7294070246,-627801.5951645803,-29594.868467816534,63.05273497610584,
5089,4ivd,89,0,5,0.354736328125,0,-657395.7111348183,-627801.5951645803,-29594.783951768102,15.404020024997282,
5090,4ivd,90,0,5,0.354736328125,0,-657378.1071940054,-627801.5951645803,-29595.085582294883,428.31630433760165,
5091,4ivd,91,0,5,0.354736328125,0,-657395.0437365891,-627801.5951645803,-29594.946781107592,34.54952258133384,
5092,4ivd,92,0,5,0.354736328125,0,-657393.7232099898,-627801.5951645803,-29595.217031189623,71.2337043290353,
5093,4ivd,93,0,5,0.354736328125,0,-657387.5852902503,-627801.5951645803,-29594.866188654127,204.68687499347163,
5094,4ivd,94,0,5,0.354736328125,0,-657399.1847133025,-627801.5951645803,-29594.942744085016,-61.03676493544394,
5095,4ivd,95,0,5,0.354736328125,0,-657396.2483153619,-627801.5951645803,-29595.15676225108,11.613556379098013,
5096,4ivd,96,0,5,0.354736328125,0,-657377.1364587665,-627801.5951645803,-29595.114013263406,451.3576244538118,
5097,4ivd,97,0,5,0.354736328125,0,-657393.0480033726,-627801.5951645803,-29594.379298814954,67.48577132568089,
5098,4ivd,98,0,5,0.354736328125,0,-657394.8867837925,-627801.5951645803,-29595.173545190515,43.39824403546257,
5099,4ivd,99,0,5,0.354736328125,0,-657387.7827348532,-627801.5951645803,-29595.00705129783,203.38206401562132,
5100,4ivd,100,0,5,0.354736328125,0,-657393.154200715,-627801.5951645803,-29595.409002968492,88.78234431598709,
6001,4ivc,1,0,6,0.354736328125,0,-656296.5079772356,-627801.5951645803,-28525.026193454505,694.4310582611143,
6002,4ivc,2,0,6,0.354736328125,0,-656295.3395242583,-627801.5951645803,-28524.629514053107,712.228579723061,
6003,4ivc,3,0,6,0.354736328125,0,-656322.7255619197,-627801.5951645803,-28524.842277481795,85.59798956366986,
6004,4ivc,4,0,6,0.354736328125,0,-656308.5501261983,-627801.5951645803,-28525.189342155696,420.49480454988054,
6005,4ivc,5,0,6,0.354736328125,0,-656325.1627890497,-627801.5951645803,-28525.231943741084,38.3801141700009,
6006,4ivc,6,0,6,0.354736328125,0,-656311.2630164819,-627801.5951645803,-28525.144852503778,356.9081126607331,
6007,4ivc,7,0,6,0.354736328125,0,-656311.0390797585,-627801.5951645803,-28520.950821056605,265.35555339176057,
6008,4ivc,8,0,6,0.354736328125,0,-656314.0191112194,-627801.5951645803,-28519.120961323024,154.43682743928727,
6009,4ivc,9,0,6,0.354736328125,0,-656315.092431623,-627801.5951645803,-28514.013576045276,11.906368448072016,
6010,4ivc,10,0,6,0.354736328125,0,-656328.9669098151,-627801.5951645803,-28523.94377817178,-79.05079841907029,
6011,4ivc,11,0,6,0.354736328125,0,-656309.5837561367,-627801.5951645803,-28524.377235725166,377.93111273195194,
6012,4ivc,12,0,6,0.354736328125,0,-656308.3567798471,-627801.5951645803,-28522.220275297404,356.4851690332484,
6013,4ivc,13,0,6,0.354736328125,0,-656327.4892706304,-627801.5951645803,-28524.319445833207,-36.31252724951204,
6014,4ivc,14,0,6,0.354736328125,0,-656313.7437171983,-627801.5951645803,-28519.119652762653,160.75738831803773,
6015,4ivc,15,0,6,0.354736328125,0,-656309.5619993984,-627801.5951645803,-28518.638942494632,246.10464952750192,
6016,4ivc,16,0,6,0.354736328125,0,-656303.6397782598,-627801.5951645803,-28511.067942455054,208.08290481957303,
6017,4ivc,17,0,6,0.354736328125,0,-656324.9540241688,-627801.5951645803,-28524.56716178322,27.864110554974825,
6018,4ivc,18,0,6,0.354736328125,0,-656300.8597183125,-627801.5951645803,-28507.097629859687,180.63502669790122,
6019,4ivc,19,0,6,0.354736328125,0,-656296.4060667335,-627801.5951645803,-28506.87675403023,278.2451543260435,
6020,4ivc,20,0,6,0.354736328125,0,-656320.5004893575,-627801.5951645803,-28524.95921559596,139.60603878650053,
6021,4ivc,21,0,6,0.354736328125,0,-656321.9913377939,-627801.5951645803,-28521.805582984925,32.501761444394226,
6022,4ivc,22,0,6,0.354736328125,0,-656316.8553906273,-627801.5951645803,-28511.281552746535,-91.75038594813262,
6023,4ivc,23,0,6,0.354736328125,0,-656317.2181472061,-627801.5951645803,-28521.834302290918,143.2364342275651,
6024,4ivc,24,0,6,0.354736328125,0,-656325.8459875616,-627801.5951645803,-28522.1917560246,-47.483212042665066,
6025,4ivc,25,0,6,0.354736328125,0,-656321.1180341422,-627801.5951645803,-28523.057136490585,81.50213155475191,
6026,4ivc,26,0,6,0.354736328125,0,-656321.2370265173,-627801.5951645803,-28523.422183230163,87.17627999588471,
6027,4ivc,27,0,6,0.354736328125,0,-656321.0313480973,-627801.5951645803,-28520.97018451953,35.37490349144278,
6028,4ivc,28,0,6,0.354736328125,0,-656326.2438182716,-627801.5951645803,-28524.108286574126,-12.461161751336375,
6029,4ivc,29,0,6,0.354736328125,0,-656304.6277568965,-627801.5951645803,-28511.27778102422,190.13856857202646,
6030,4ivc,30,0,6,0.354736328125,0,-656322.3767587139,-627801.5951645803,-28521.852379038573,24.692886517752797,
6031,4ivc,31,0,6,0.354736328125,0,-656322.3635771155,-627801.5951645803,-28524.96158100629,96.69676208951586,
6032,4ivc,32,0,6,0.354736328125,0,-656313.3583442006,-627801.5951645803,-28511.182426228763,-13.39249136515202,
6033,4ivc,33,0,6,0.354736328125,0,-656321.9468071639,-627801.5951645803,-28523.400565459968,70.30983182204099,
6034,4ivc,34,0,6,0.354736328125,0,-656323.8405312197,-627801.5951645803,-28523.053533509017,18.636770750598476,
6035,4ivc,35,0,6,0.354736328125,0,-656321.9956308483,-627801.5951645803,-28521.350101366283,21.899105604030048,
6036,4ivc,36,0,6,0.354736328125,0,-656321.6446888034,-627801.5951645803,-28522.194860174895,49.47262232952423,
6037,4ivc,37,0,6,0.354736328125,0,-656323.9508771478,-627801.5951645803,-28521.392662927152,-22.20845229618082,
6038,4ivc,38,0,6,0.354736328125,0,-656292.1411532955,-627801.5951645803,-28507.11327786708,382.0507639093815,
6039,4ivc,39,0,6,0.354736328125,0,-656318.5465737461,-627801.5951645803,-28513.758048787357,-73.64063974897235,
6040,4ivc,40,0,6,0.354736328125,0,-656305.5241097693,-627801.5951645803,-28521.83267398143,412.86979416441466,
6041,4ivc,41,0,6,0.354736328125,0,-656308.006498653,-627801.5951645803,-28511.080317720414,107.66932072837035,
6042,4ivc,42,0,6,0.354736328125,0,-656314.6076367537,-627801.5951645803,-28523.060936733724,231.72309761689138,
6043,4ivc,43,0,6,0.354736328125,0,-656314.286178726,-627801.5951645803,-28507.14676947856,-127.85331933200165,
6044,4ivc,44,0,6,0.354736328125,0,-656320.9238918605,-627801.5951645803,-28518.62658067012,-16.19188548714751,
6045,4ivc,45,0,6,0.354736328125,0,-656311.3620482414,-627801.5951645803,-28513.139010324718,77.76308821597912,
6046,4ivc,46,0,6,0.354736328125,0,-656318.890672897,-627801.5951645803,-28523.281542107106,138.0412185389514,
6047,4ivc,47,0,6,0.354736328125,0,-656331.8065137594,-627801.5951645803,-28524.378410383702,-134.51076408556867,
6048,4ivc,48,0,6,0.354736328125,0,-656297.994324315,-627801.5951645803,-28523.057190522195,614.7487940446946,
6049,4ivc,49,0,6,0.354736328125,0,-656313.7088341295,-627801.5951645803,-28516.713992312194,106.08596311158452,
6050,4ivc,50,0,6,0.354736328125,0,-656292.375406255,-627801.5951645803,-28519.125273778678,653.6519685932127,
6051,4ivc,51,0,6,0.354736328125,0,-656323.5477399259,-627801.5951645803,-28524.530707463266,59.453139012157905,
6052,4ivc,52,0,6,0.354736328125,0,-656308.414008591,-627801.5951645803,-28521.81098736787,345.7270389714081,
6053,4ivc,53,0,6,0.354736328125,0,-656314.898440349,-627801.5951645803,-28524.56748913193,259.758931035612,
6054,4ivc,54,0,6,0.354736328125,0,-656323.8254771428,-627801.5951645803,-28524.94603736663,62.626101739334345,
6055,4ivc,55,0,6,0.354736328125,0,-656318.8963866263,-627801.5951645803,-28523.420857920886,141.12215579827065,
6056,4ivc,56,0,6,0.354736328125,0,-656292.1989137862,-627801.5951645803,-28524.492306723834,781.4887015520728,
6057,4ivc,57,0,6,0.354736328125,0,-656318.4008609682,-627801.5951645803,-28523.94730807805,164.6894779686439,
6058,4ivc,58,0,6,0.354736328125,0,-656309.3231542604,-627801.5951645803,-28523.207307591678,356.96155108451916,
6059,4ivc,59,0,6,0.354736328125,0,-656318.3165312588,-627801.5951645803,-28523.272549226524,151.07385849625194,
6060,4ivc,60,0,6,0.354736328125,0,-656310.3278007392,-627801.5951645803,-28511.225072666646,57.476951300815884,
6061,4ivc,61,0,6,0.354736328125,0,-656311.0780032157,-627801.5951645803,-28523.05894161725,313.07237216526005,
6062,4ivc,62,0,6,0.354736328125,0,-656319.7680406468,-627801.5951645803,-28519.118013336898,21.795383229862107,
6063,4ivc,63,0,6,0.354736328125,0,-656314.7731086045,-627801.5951645803,-28514.021077438832,19.443118435496917,
6064,4ivc,64,0,6,0.354736328125,0,-656310.3077068959,-627801.5951645803,-28507.114919617416,-36.84205464666715,
6065,4ivc,65,0,6,0.354736328125,0,-656306.7195130616,-627801.5951645803,-28509.18374307418,93.61186317241125,
6066,4ivc,66,0,6,0.354736328125,0,-656320.6388660567,-627801.5951645803,-28523.169699027778,95.14776388216205,
6067,4ivc,67,0,6,0.354736328125,0,-656323.8602507144,-627801.5951645803,-28524.518634631873,51.96806292196373,
6068,4ivc,68,0,6,0.354736328125,0,-656310.7895583395,-627801.5951645803,-28516.90053224528,177.70777514659193,
6069,4ivc,69,0,6,0.354736328125,0,-656305.598268333,-627801.5951645803,-28513.759610220433,224.9903840580577,
6070,4ivc,70,0,6,0.354736328125,0,-656299.5919967787,-627801.5951645803,-28523.2608006742,582.6009534260018,
6071,4ivc,71,0,6,0.354736328125,0,-656319.4545638888,-627801.5951645803,-28522.44984863663,105.85827629379203,
6072,4ivc,72,0,6,0.354736328125,0,-656322.0088051889,-627801.5951645803,-28523.27131275797,65.89948528334956,
6073,4ivc,73,0,6,0.354736328125,0,-656319.5527596651,-627801.5951645803,-28522.272337361814,99.50032065600978,
6074,4ivc,74,0,6,0.354736328125,0,-656315.8468250826,-627801.5951645803,-28513.74405653739,-11.705625511404769,
6075,4ivc,75,0,6,0.354736328125,0,-656313.4235436795,-627801.5951645803,-28524.534960701705,293.02073280691184,
6076,4ivc,76,0,6,0.354736328125,0,-656318.0783706489,-627801.5951645803,-28524.53042353654,185.57324332210644,
6077,4ivc,77,0,6,0.354736328125,0,-656310.1474474698,-627801.5951645803,-28522.400836303474,319.35522838805105,
6078,4ivc,78,0,6,0.354736328125,0,-656322.9489689367,-627801.5951645803,-28523.225411429645,43.16028443225732,
6079,4ivc,79,0,6,0.354736328125,0,-656318.9168862432,-627801.5951645803,-28523.379686131717,139.6999793897192,
6080,4ivc,80,0,6,0.354736328125,0,-656328.283817399,-627801.5951645803,-28524.320361062528,-54.61410531945355,
6081,4ivc,81,0,6,0.354736328125,0,-656324.9525857895,-627801.5951645803,-28521.899739160777,-33.614946599966714,
6082,4ivc,82,0,6,0.354736328125,0,-656321.6252985643,-627801.5951645803,-28523.115781947614,71.15673245217877,
6083,4ivc,83,0,6,0.354736328125,0,-656294.2524692296,-627801.5951645803,-28518.671374126912,599.8986934561933,
6084,4ivc,84,0,6,0.354736328125,0,-656301.2879967276,-627801.5951645803,-28516.701700970174,392.2338330333801,
6085,4ivc,85,0,6,0.354736328125,0,-656315.5093028578,-627801.5951645803,-28522.423802062513,196.23750873614688,
6086,4ivc,86,0,6,0.354736328125,0,-656323.097503368,-627801.5951645803,-28520.971130624057,-12.249951267403228,
6087,4ivc,87,0,6,0.354736328125,0,-656303.6796908259,-627801.5951645803,-28521.76375766063,453.81385731611454,
6088,4ivc,88,0,6,0.354736328125,0,-656315.5181072836,-627801.5951645803,-28520.944516256095,161.92133275912676,
6089,4ivc,89,0,6,0.354736328125,0,-656325.9287079158,-627801.5951645803,-28524.75196500087,9.649032826379745,
6090,4ivc,90,0,6,0.354736328125,0,-656319.6487472843,-627801.5951645803,-28524.706093325854,153.41053938796213,
6091,4ivc,91,0,6,0.354736328125,0,-656310.5142234743,-627801.5951645803,-28524.7669654634,365.46140745792883,
6092,4ivc,92,0,6,0.354736328125,0,-656318.6963633483,-627801.5951645803,-28524.644463523866,173.95181770142807,
6093,4ivc,93,0,6,0.354736328125,0,-656325.0658535837,-627801.5951645803,-28525.188162073136,39.60586987079284,
6094,4ivc,94,0,6,0.354736328125,0,-656312.9690141277,-627801.5951645803,-28524.724970653297,307.8841668533449,
6095,4ivc,95,0,6,0.354736328125,0,-656320.3618001073,-627801.5951645803,-28524.29155339265,127.4076327006116,
6096,4ivc,96,0,6,0.354736328125,0,-656311.811915252,-627801.5951645803,-28524.621280744315,332.1763547162626,
6097,4ivc,97,0,6,0.354736328125,0,-656319.6977751884,-627801.5951645803,-28525.180543973685,163.22102091908198,
6098,4ivc,98,0,6,0.354736328125,0,-656312.0630984496,-627801.5951645803,-28524.759491636993,329.57115147503987,
6099,4ivc,99,0,6,0.354736328125,0,-656323.3284730492,-627801.5951645803,-28524.887475117685,72.73681086899339,
6100,4ivc,100,0,6,0.354736328125,0,-656323.0991486793,-627801.5951645803,-28524.849225178004,77.14309190684442,
7001,1nvq,1,0,7,0.30859375,1,-671415.9454241636,-627801.5951645803,-43647.219052797205,757.9723780433643,
7002,1nvq,2,0,7,0.30859375,1,-671427.4146245081,-627801.5951645803,-43647.09394796753,490.6013490109389,
7003,1nvq,3,0,7,0.30859375,1,-671414.7308956329,-627801.5951645803,-43640.08702689974,621.511646979937,
7004,1nvq,4,0,7,0.30859375,1,-671435.3201486113,-627801.5951645803,-43641.30957048202,174.90471862802033,
7005,1nvq,5,0,7,0.30859375,1,-671445.5909752492,-627801.5951645803,-43644.36927716995,8.612342110234758,
7006,1nvq,6,0,7,0.30859375,1,-671425.8228355605,-627801.5951645803,-43644.432335412144,465.93063053288654,
7007,1nvq,7,0,7,0.30859375,1,-671432.6459266786,-627801.5951645803,-43647.227018555684,373.03333575627613,
7008,1nvq,8,0,7,0.30859375,1,-671418.3998051527,-627801.5951645803,-43644.36486137474,635.5537900348069,
7009,1nvq,9,0,7,0.30859375,1,-671422.0722631905,-627801.5951645803,-43644.26304475034,548.5169486600179,
7010,1nvq,10,0,7,0.30859375,1,-671401.8949007649,-627801.5951645803,-43641.256225129604,944.4790722893275,
7011,1nvq,11,0,7,0.30859375,1,-671379.8497631047,-627801.5951645803,-43644.262758186145,1522.1843230903166,
7012,1nvq,12,0,7,0.30859375,1,-671442.5950119438,-627801.5951645803,-43641.25667898918,5.922677986903945,
7013,1nvq,13,0,7,0.30859375,1,-671423.771790335,-627801.5951645803,-43641.253287782914,439.91827715055587,
7014,1nvq,14,0,7,0.30859375,1,-671427.3534444381,-627801.5951645803,-43640.08805649543,330.4524995539214,
7015,1nvq,15,0,7,0.30859375,1,-671434.9462156984,-627801.5951645803,-43644.36152545182,253.90757001041982,
7016,1nvq,16,0,7,0.30859375,1,-671408.4863279405,-627801.5951645803,-43641.31217606927,793.7674099555189,
7017,1nvq,17,0,7,0.30859375,1,-671405.2398276571,-627801.5951645803,-43644.25115545655,936.4079597557864,
7018,1nvq,18,0,7,0.30859375,1,-671416.9733033587,-627801.5951645803,-43641.3120110836,598.0493027277046,
7019,1nvq,19,0,7,0.30859375,1,-671443.4403266701,-627801.5951645803,-43644.4265326318,59.52781885235374,
7020,1nvq,20,0,7,0.30859375,1,-671433.130594829,-627801.5951645803,-43647.489696880824,367.9141287723139,
7021,1nvq,21,0,7,0.30859375,1,-671412.8235510233,-627801.5951645803,-43641.25993659163,692.5439986303513,
7022,1nvq,22,0,7,0.30859375,1,-671434.5034910997,-627801.5951645803,-43644.37657532656,264.46410015051913,
7023,1nvq,23,0,7,0.30859375,1,-671413.3462217394,-627801.5951645803,-43641.25774632959,680.4404169379934,
7024,1nvq,24,0,7,0.30859375,1,-671423.4909122529,-627801.5951645803,-43644.24605630899,515.4103613374535,
7025,1nvq,25,0,7,0.30859375,1,-671421.9803300593,-627801.5951645803,-43641.254788836486,481.2649476415237,
7026,1nvq,26,0,7,0.30859375,1,-671448.5234405657,-627801.5951645803,-43647.17388491893,5.663876559004406,
7027,1nvq,27,0,7,0.30859375,1,-671416.1262647305,-627801.5951645803,-43640.09004015295,589.4031584334053,
7028,1nvq,28,0,7,0.30859375,1,-671435.2798850628,-627801.5951645803,-43644.2586272564,243.84008291463326,
7029,1nvq,29,0,7,0.30859375,1,-671434.5984929148,-627801.5951645803,-43647.226956149585,328.00464955376555,
7030,1nvq,30,0,7,0.30859375,1,-671438.0929081697,-627801.5951645803,-43641.25469916129,109.69800149246385,
7031,1nvq,31,0,7,0.30859375,1,-671434.6916606966,-627801.5951645803,-43644.37024963467,259.97893223929424,
7032,1nvq,32,0,7,0.30859375,1,-671430.910575861,-627801.5951645803,-43647.22590928341,413.025895861061,
7033,1nvq,33,0,7,0.30859375,1,-671421.8599840496,-627801.5951645803,-43641.25740708972,484.1005709090236,
7034,1nvq,34,0,7,0.30859375,1,-671430.107285287,-627801.5951645803,-43641.24792208346,293.6945568093408,
7035,1nvq,35,0,7,0.30859375,1,-671425.0345587973,-627801.5951645803,-43644.36042447953,482.4504190352086,
7036,1nvq,36,0,7,0.30859375,1,-671426.4790316167,-627801.5951645803,-43640.08750695551,350.60426555337256,
7037,1nvq,37,0,7,0.30859375,1,-671449.9884376767,-627801.5951645803,-43647.22406800652,-26.962509899275748,
7038,1nvq,38,0,7,0.30859375,1,-671440.5455961485,-627801.5951645803,-43644.367428278565,124.918911737706,
7039,1nvq,39,0,7,0.30859375,1,-671445.6735526714,-627801.5951645803,-43641.31792955665,-63.65768606985977,
7040,1nvq,40,0,7,0.30859375,1,-671417.3751621785,-627801.5951645803,-43641.31264858509,588.79691932417,
7041,1nvq,41,0,7,0.30859375,1,-671424.6517130974,-627801.5951645803,-43644.43379840816,492.9710936002678,
7042,1nvq,42,0,7,0.30859375,1,-671403.8424720574,-627801.5951645803,-43647.223947634935,1037.1859616186873,
7043,1nvq,43,0,7,0.30859375,1,-671391.9665598515,-627801.5951645803,-43644.26780278055,1242.8806832663038,
7044,1nvq,44,0,7,0.30859375,1,-671436.9703320059,-627801.5951645803,-43641.25938477183,135.69327555838748,
7045,1nvq,45,0,7,0.30859375,1,-671421.6030430141,-627801.5951645803,-43644.42687340642,563.1154015417615,
7046,1nvq,46,0,7,0.30859375,1,-671436.3824803788,-627801.5951645803,-43647.22225817108,286.75658335219015,
7047,1nvq,47,0,7,0.30859375,1,-671418.4417205844,-627801.5951645803,-43647.226629993005,700.5811493180437,
7048,1nvq,48,0,7,0.30859375,1,-671440.5075551512,-627801.5951645803,-43647.23316680456,191.88165832252977,
7049,1nvq,49,0,7,0.30859375,1,-671409.6912739667,-627801.5951645803,-43647.17442064548,901.1672659294908,
7050,1nvq,50,0,7,0.30859375,1,-671449.752168994,-627801.5951645803,-43644.369920497775,-87.332229783539,
7051,1nvq,51,0,7,0.30859375,1,-671430.0483536068,-627801.5951645803,-43647.22872369556,432.9741152798168,
7052,1nvq,52,0,7,0.30859375,1,-671402.1302554103,-627801.5951645803,-43644.43370874787,1012.3261781917267,
7053,1nvq,53,0,7,0.30859375,1,-671411.0226910654,-627801.5951645803,-43644.25433104301,803.1251922936204,
7054,1nvq,54,0,7,0.30859375,1,-671405.2412372341,-627801.5951645803,-43647.168135782726,1003.6426184713299,
7055,1nvq,55,0,7,0.30859375,1,-671426.9152604286,-627801.5951645803,-43641.252981772705,367.4210779397085,
7056,1nvq,56,0,7,0.30859375,1,-671428.4525194111,-627801.5951645803,-43644.35529088045,403.51199120924787,
7057,1nvq,57,0,7,0.30859375,1,-671445.9226952883,-627801.5951645803,-43647.17663671637,65.70194537948679,
7058,1nvq,58,0,7,0.30859375,1,-671435.6052980829,-627801.5951645803,-43644.25791080856,236.31935872040538,
7059,1nvq,59,0,7,0.30859375,1,-671436.7606650386,-627801.5951645803,-43641.25822689204,140.50160934339698,
7060,1nvq,60,0,7,0.30859375,1,-671413.8783288988,-627801.5951645803,-43647.172369113214,804.5641759399625,
7061,1nvq,61,0,7,0.30859375,1,-671422.3115829917,-627801.5951645803,-43647.17050748134,610.0457863113592,
7062,1nvq,62,0,7,0.30859375,1,-671440.5190778185,-627801.5951645803,-43644.36824909413,125.5493674111069,
7063,1nvq,63,0,7,0.30859375,1,-671421.5185635332,-627801.5951645803,-43644.43220827548,565.1865696541735,
7064,1nvq,64,0,7,0.30859375,1,-671446.0638904813,-627801.5951645803,-43647.172055741794,62.34026709601336,
7065,1nvq,65,0,7,0.30859375,1,-671429.500462571,-627801.5951645803,-43644.36510909165,379.5722611746701,
7066,1nvq,66,0,7,0.30859375,1,-671423.9256892313,-627801.5951645803,-43641.255122175455,436.4115863882613,
7067,1nvq,67,0,7,0.30859375,1,-671373.6563275699,-627801.5951645803,-43641.255005618616,1595.647917531046,
7068,1nvq,68,0,7,0.30859375,1,-671418.379130328,-627801.5951645803,-43647.17900364662,700.9262252818,
7069,1nvq,69,0,7,0.30859375,1,-671411.7850463334,-627801.5951645803,-43647.22968556548,854.1581674503371,
7070,1nvq,70,0,7,0.30859375,1,-671434.2897656967,-627801.5951645803,-43647.22552987003,335.0911775448746,
7071,1nvq,71,0,7,0.30859375,1,-671417.002302656,-627801.5951645803,-43644.43239254324,669.3382689450655,
7072,1nvq,72,0,7,0.30859375,1,-671425.7418976965,-627801.5951645803,-43644.368271818406,466.319760449972,
7073,1nvq,73,0,7,0.30859375,1,-671385.9779635611,-627801.5951645803,-43641.25541212226,1311.5136156007316,
7074,1nvq,74,0,7,0.30859375,1,-671415.398939218,-627801.5951645803,-43647.22387983465,770.6859343974169,
7075,1nvq,75,0,7,0.30859375,1,-671442.7176684532,-627801.5951645803,-43645.580642512126,102.80711932400797,
7076,1nvq,76,0,7,0.30859375,1,-671400.0776397231,-627801.5951645803,-43647.0350932684,1119.6499725869896,
7077,1nvq,77,0,7,0.30859375,1,-671415.4152726921,-627801.5951645803,-43646.53279303575,754.3724353560536,
7078,1nvq,78,0,7,0.30859375,1,-671431.6690058667,-627801.5951645803,-43647.042234232664,391.30043714434913,
7079,1nvq,79,0,7,0.30859375,1,-671430.6708662454,-627801.5951645803,-43647.06438737182,414.8289471490638,
7080,1nvq,80,0,7,0.30859375,1,-671420.0249839219,-627801.5951645803,-43647.07998993064,660.6886292231233,
7081,1nvq,81,0,7,0.30859375,1,-671432.6654067729,-627801.5951645803,-43647.13596357966,370.48433647982085,
7082,1nvq,82,0,7,0.30859375,1,-671421.5428924669,-627801.5951645803,-43647.171365192175,627.7919902083801,
7083,1nvq,83,0,7,0.30859375,1,-671420.8340450916,-627801.5951645803,-43646.20897196798,621.945084031222,
7084,1nvq,84,0,7,0.30859375,1,-671440.1883880439,-627801.5951645803,-43647.455501785524,204.3689931303442,
7085,1nvq,85,0,7,0.30859375,1,-671432.9902745726,-627801.5951645803,-43646.56869622136,349.9112109958912,
7086,1nvq,86,0,7,0.30859375,1,-671408.1632427532,-627801.5951645803,-43647.07813950443,934.1842069553759,
7087,1nvq,87,0,7,0.30859375,1,-671425.405886108,-627801.5951645803,-43646.40883155732,521.1247972176161,
7088,1nvq,88,0,7,0.30859375,1,-671403.5869542899,-627801.5951645803,-43646.606407007224,1028.837516135239,
7089,1nvq,89,0,7,0.30859375,1,-671395.690982649,-627801.5951645803,-43646.98388402725,1219.6277747057022,
7090,1nvq,90,0,7,0.30859375,1,-671412.5058116574,-627801.5951645803,-43646.98857094908,831.9766890783169,
7091,1nvq,91,0,7,0.30859375,1,-671415.0761376712,-627801.5951645803,-43646.62922920851,764.4169457000529,
7092,1nvq,92,0,7,0.30859375,1,-671429.8869491759,-627801.5951645803,-43646.885990699775,428.79257923813714,
7093,1nvq,93,0,7,0.30859375,1,-671444.6590994839,-627801.5951645803,-43647.03277119065,91.52353902960577,
7094,1nvq,94,0,7,0.30859375,1,-671439.6204164434,-627801.5951645803,-43647.149766853094,210.41631435621977,
7095,1nvq,95,0,7,0.30859375,1,-671405.9037400726,-627801.5951645803,-43647.121218225046,987.2829954924779,
7096,1nvq,96,0,7,0.30859375,1,-671437.2930291685,-627801.5951645803,-43647.01085796023,260.8838247624226,
7097,1nvq,97,0,7,0.30859375,1,-671427.3542484435,-627801.5951645803,-43647.384898653276,498.7031363419264,
7098,1nvq,98,0,7,0.30859375,1,-671399.6891061325,-627801.5951645803,-43647.360648041606,1136.1172414556536,
7099,1nvq,99,0,7,0.30859375,1,-671424.4557466451,-627801.5951645803,-43647.37078656821,565.2187432882382,
7100,1nvq,100,0,7,0.30859375,1,-671441.9581300559,-627801.5951645803,-43647.33775000835,160.8423523245932,
8001,2brb,1,0,8,0.30859375,0,-657391.736841739,-627801.5951645803,-29600.517633763586,239.27524357382052,
8002,2brb,2,0,8,0.30859375,0,-657388.1983208377,-627801.5951645803,-29600.757985261713,326.4181112877081,
8003,2brb,3,0,8,0.30859375,0,-657370.0248690406,-627801.5951645803,-29601.059987810884,752.4722099324424,
8004,2brb,4,0,8,0.30859375,0,-657395.8932568742,-627801.5951645803,-29601.00440069798,154.6511457191298,
8005,2brb,5,0,8,0.30859375,0,-657387.5254797348,-627801.5951645803,-29600.841436830793,343.85863462460895,
8006,2brb,6,0,8,0.30859375,0,-657403.5884776134,-627801.5951645803,-29600.742829290662,-28.836840154669954,
8007,2brb,7,0,8,0.30859375,0,-657395.0594142685,-627801.5951645803,-29600.779444483553,168.69239946850996,
8008,2brb,8,0,8,0.30859375,0,-657385.476200105,-627801.5951645803,-29600.71598830584,388.2232338341112,
8009,2brb,9,0,8,0.30859375,0,-657399.3738041528,-627801.5951645803,-29600.840364692245,70.60505856679752,
8010,2brb,10,0,8,0.30859375,0,-657383.3296525795,-627801.5951645803,-29599.833546963964,417.37421494543185,
8011,2brb,11,0,8,0.30859375,0,-657384.2414836744,-627801.5951645803,-29600.99502017859,423.1310989883008,
8012,2brb,12,0,8,0.30859375,0,-657384.9064952148,-627801.5951645803,-29594.354281959568,254.65650722249492,
8013,2brb,13,0,8,0.30859375,0,-657392.8397353896,-627801.5951645803,-29600.22893830899,207.18443645441934,
8014,2brb,14,0,8,0.30859375,0,-657381.777153017,-627801.5951645803,-29600.673177150522,472.53803744066914,
8015,2brb,15,0,8,0.30859375,0,-657396.7932028184,-627801.5951645803,-29600.926874545847,132.11010368856225,
8016,2brb,16,0,8,0.30859375,0,-657385.7620578868,-627801.5951645803,-29600.965653923784,387.3886227091304,
8017,2brb,17,0,8,0.30859375,0,-657387.3319527366,-627801.5951645803,-29599.82467189196,324.8743167178298,
8018,2brb,18,0,8,0.30859375,0,-657395.8181069811,-627801.5951645803,-29595.37433537606,26.55175277685771,
8019,2brb,19,0,8,0.30859375,0,-657389.6092265109,-627801.5951645803,-29599.891288546358,273.8953524680294,
8020,2brb,20,0,8,0.30859375,0,-657398.8708175136,-627801.5951645803,-29600.137367275987,65.9927004774856,
8021,2brb,21,0,8,0.30859375,0,-657391.9405864485,-627801.5951645803,-29600.203650203977,227.336146060972,
8022,2brb,22,0,8,0.30859375,0,-657396.3528227975,-627801.5951645803,-29600.853375819956,140.57058733985912,
8023,2brb,23,0,8,0.30859375,0,-657393.4958499828,-627801.5951645803,-29599.09827247027,165.98030083985986,
8024,2brb,24,0,8,0.30859375,0,-657389.0114247961,-627801.5951645803,-29600.17983457211,294.3350169332981,
8025,2brb,25,0,8,0.30859375,0,-657391.3604626068,-627801.5951645803,-29600.015332189832,236.371403089064,
8026,2brb,26,0,8,0.30859375,0,-657403.1769340504,-627801.5951645803,-29600.918145505224,-15.303532184155827,
8027,2brb,27,0,8,0.30859375,0,-657352.7969867447,-627801.5951645803,-29599.96633913878,1124.5364761231506,
8028,2brb,28,0,8,0.30859375,0,-657399.8848436935,-627801.5951645803,-29600.373492089544,48.05386881119756,
8029,2brb,29,0,8,0.30859375,0,-657400.3942701825,-627801.5951645803,-29600.75379588965,45.07622886778531,
8030,2brb,30,0,8,0.30859375,0,-657382.878526481,-627801.5951645803,-29600.300897685323,438.5547935814891,
8031,2brb,31,0,8,0.30859375,0,-657391.6419449756,-627801.5951645803,-29600.15831324223,233.17748685703256,
8032,2brb,32,0,8,0.30859375,0,-657385.7506196512,-627801.5951645803,-29594.16805329684,230.89600029809432,
8033,2brb,33,0,8,0.30859375,0,-657403.612448708,-627801.5951645803,-29600.631032673155,-31.967717974360127,
8034,2brb,34,0,8,0.30859375,0,-657391.5040006954,-627801.5951645803,-29600.390126732622,241.70430361079022,
8035,2brb,35,0,8,0.30859375,0,-657371.6779427836,-627801.5951645803,-29599.25174149636,672.6522731891215,
8036,2brb,36,0,8,0.30859375,0,-657403.2689810408,-627801.5951645803,-29600.62914880875,-24.090608351024315,
8037,2brb,37,0,8,0.30859375,0,-657388.6169311414,-627801.5951645803,-29598.92870047453,274.58041902707726,
8038,2brb,38,0,8,0.30859375,0,-657397.1769393106,-627801.5951645803,-29600.556722072397,114.72501113604415,
8039,2brb,39,0,8,0.30859375,0,-657380.8118094065,-627801.5951645803,-29584.395672915,119.43122495726011,
8040,2brb,40,0,8,0.30859375,0,-657371.9227998569,-627801.5951645803,-29599.323893634115,668.6696027625285,
8041,2brb,41,0,8,0.30859375,0,-657379.6938516357,-627801.5951645803,-29601.07816847924,529.9194304971431,
8042,2brb,42,0,8,0.30859375,0,-657392.4805211592,-627801.5951645803,-29600.659784463678,225.40366175211034,
8043,2brb,43,0,8,0.30859375,0,-657378.1484585265,-627801.5951645803,-29599.890676049028,538.1728162237199,
8044,2brb,44,0,8,0.30859375,0,-657389.3023863597,-627801.5951645803,-29600.69922724131,299.6027633703042,
8045,2brb,45,0,8,0.30859375,0,-657380.4330012212,-627801.5951645803,-29599.99338724974,487.85858669850387,
8046,2brb,46,0,8,0.30859375,0,-657367.6463712623,-627801.5951645803,-29585.431011346613,446.90891241649643,
8047,2brb,47,0,8,0.30859375,0,-657400.4355208882,-627801.5951645803,-29600.256308404227,32.652631042766465,
8048,2brb,48,0,8,0.30859375,0,-657371.2184814378,-627801.5951645803,-29599.665602115427,692.7915561315625,
8049,2brb,49,0,8,0.30859375,0,-657387.2444324204,-627801.5951645803,-29601.064452198778,355.48259622149857,
8050,2brb,50,0,8,0.30859375,0,-657400.2240450404,-627801.5951645803,-29600.528459993635,43.80534468965879,
8051,2brb,51,0,8,0.30859375,0,-657389.8957543978,-627801.5951645803,-29590.559874264036,52.1003370405595,
8052,2brb,52,0,8,0.30859375,0,-657396.7268855436,-627801.5951645803,-29600.112687674795,114.86382109353032,
8053,2brb,53,0,8,0.30859375,0,-657378.270145581,-627801.5951645803,-29600.52418347958,549.975674485978,
8054,2brb,54,0,8,0.30859375,0,-657397.9823143502,-627801.5951645803,-29600.913531569277,104.3808439834915,
8055,2brb,55,0,8,0.30859375,0,-657375.402828888,-627801.5951645803,-29599.600165752207,594.7892132308381,
8056,2brb,56,0,8,0.30859375,0,-657396.8641165955,-627801.5951645803,-29600.757901219164,126.5781756577191,
8057,2brb,57,0,8,0.30859375,0,-657398.1586702027,-627801.5951645803,-29600.72639658812,95.99854622769813,
8058,2brb,58,0,8,0.30859375,0,-657386.1304837187,-627801.5951645803,-29600.971937147413,379.0374157696568,
8059,2brb,59,0,8,0.30859375,0,-657397.326807023,-627801.5951645803,-29599.653307167326,90.4357369566045,
8060,2brb,60,0,8,0.30859375,0,-657394.0506042404,-627801.5951645803,-29600.303056148325,180.97033538268843,
8061,2brb,61,0,8,0.30859375,0,-657374.0423125484,-627801.5951645803,-29599.71649619702,628.8461091425968,
8062,2brb,62,0,8,0.30859375,0,-657389.7808391172,-627801.5951645803,-29599.63592031363,264.0489404049544,
8063,2brb,63,0,8,0.30859375,0,-657398.5679598162,-627801.5951645803,-29600.709637132917,86.17362130106122,
8064,2brb,64,0,8,0.30859375,0,-657386.8814333243,-627801.5951645803,-29600.703240302835,355.52381003499005,
8065,2brb,65,0,8,0.30859375,0,-657380.5831945994,-627801.5951645803,-29599.5028199828,473.0822951930372,
8066,2brb,66,0,8,0.30859375,0,-657390.8498776872,-627801.5951645803,-29600.33987584475,255.62992552639977,
8067,2brb,67,0,8,0.30859375,0,-657397.6946531245,-627801.5951645803,-29600.22614940766,95.16306022075035,
8068,2brb,68,0,8,0.30859375,0,-657384.4762307716,-627801.5951645803,-29600.847299305235,414.31117805857014,
8069,2brb,69,0,8,0.30859375,0,-657397.2189829209,-627801.5951645803,-29600.246082512174,106.5919440144643,
8070,2brb,70,0,8,0.30859375,0,-657397.1768172254,-627801.5951645803,-29594.62957212094,-21.95549846689458,
8071,2brb,71,0,8,0.30859375,0,-657398.0063603977,-627801.5951645803,-29600.84560313586,102.25986206767293,
8072,2brb,72,0,8,0.30859375,0,-657398.9321686787,-627801.5951645803,-29600.815377024446,80.21318523245476,
8073,2brb,73,0,8,0.30859375,0,-657402.4104059049,-627801.5951645803,-29599.972758201395,-19.428122359138513,
8074,2brb,74,0,8,0.30859375,0,-657373.6996560715,-627801.5951645803,-29600.528170255457,655.4656036648296,
8075,2brb,75,0,8,0.30859375,0,-657385.8416442433,-627801.5951645803,-29584.41405644778,3.864412459149075,
8076,2brb,76,0,8,0.30859375,0,-657383.4119848473,-627801.5951645803,-29599.99175223473,419.1238879599818,
8077,2brb,77,0,8,0.30859375,0,-657390.7223588236,-627801.5951645803,-29600.975886431967,273.2373329454844,
8078,2brb,78,0,8,0.30859375,0,-657399.1767397543,-627801.5951645803,-29600.102085081373,58.1243392764985,
8079,2brb,79,0,8,0.30859375,0,-657386.8864313671,-627801.5951645803,-29599.971466985975,338.53345885461783,
8080,2brb,80,0,8,0.30859375,0,-657390.0872303856,-627801.5951645803,-29599.66258969668,257.59840048885815,
8081,2brb,81,0,8,0.30859375,0,-657396.3216485389,-627801.5951645803,-29601.018336561952,145.0935679014985,
8082,2brb,82,0,8,0.30859375,0,-657378.7442845274,-627801.5951645803,-29600.05371209744,528.192442823616,
8083,2brb,83,0,8,0.30859375,0,-657393.0440571168,-627801.5951645803,-29599.910037127767,195.1186295470164,
8084,2brb,84,0,8,0.30859375,0,-657395.6427322341,-627801.5951645803,-29601.003869203363,160.41612460747194,
8085,2brb,85,0,8,0.30859375,0,-657401.7069159903,-627801.5951645803,-29599.305435208116,-18.594093341582802,
8086,2brb,86,0,8,0.30859375,0,-657401.0224725626,-627801.5951645803,-29600.17537817124,17.250908371617943,
8087,2brb,87,0,8,0.30859375,0,-657391.7775881896,-627801.5951645803,-29599.740586427484,220.41647084137637,
8088,2brb,88,0,8,0.30859375,0,-657402.7423666728,-627801.5951645803,-29600.786433664594,-8.319517589158036,
8089,2brb,89,0,8,0.30859375,0,-657385.1201735296,-627801.5951645803,-29600.242835251127,385.52223305646004,
8090,2brb,90,0,8,0.30859375,0,-657393.6353613307,-627801.5951645803,-29596.116031733785,93.99098758338869,
8091,2brb,91,0,8,0.30859375,0,-657384.2305462518,-627801.5951645803,-29601.061440495287,424.9150108361091,
8092,2brb,92,0,8,0.30859375,0,-657362.581768991,-627801.5951645803,-29600.024806050096,900.2423161268921,
8093,2brb,93,0,8,0.30859375,0,-657397.6332487472,-627801.5951645803,-29600.86721881989,111.36249064488372,
8094,2brb,94,0,8,0.30859375,0,-657390.051701786,-627801.5951645803,-29600.99161001805,289.06564614886753,
8095,2brb,95,0,8,0.30859375,0,-657387.646578745,-627801.5951645803,-29600.989367691313,344.47739179167684,
8096,2brb,96,0,8,0.30859375,0,-657378.6457861675,-627801.5951645803,-29600.327414301668,536.775591735367,
8097,2brb,97,0,8,0.30859375,0,-657398.9717005946,-627801.5951645803,-29601.1156841791,86.22680509848703,
8098,2brb,98,0,8,0.30859375,0,-657381.6607152689,-627801.5951645803,-29600.925780264173,481.04832188395,
8099,2brb,99,0,8,0.30859375,0,-657395.2883840213,-627801.5951645803,-29599.772711602483,140.19641977601196,
8100,2brb,100,0,8,0.30859375,0,-657396.3981315208,-627801.5951645803,-29600.812247780595,138.57730823912337,
9001,2br1,1,0,9,0.30859375,0,-663641.7966689634,-627801.5951645803,-35835.546229435415,-107.3531905962344,
9002,2br1,2,0,9,0.30859375,0,-663619.0544603346,-627801.5951645803,-35836.21226842547,432.45382324936696,
9003,2br1,3,0,9,0.30859375,0,-663631.3311245459,-627801.5951645803,-35835.83685166983,140.68990495442364,
9004,2br1,4,0,9,0.30859375,0,-663619.5483886179,-627801.5951645803,-35836.08450354478,418.1172383042809,
9005,2br1,5,0,9,0.30859375,0,-663628.4729925859,-627801.5951645803,-35836.078959299535,212.18312829994645,
9006,2br1,6,0,9,0.30859375,0,-663623.7704549311,-627801.5951645803,-35836.241425706394,324.37278715957973,
9007,2br1,7,0,9,0.30859375,0,-663630.1105615067,-627801.5951645803,-35836.25997902302,178.59430586651604,
9008,2br1,8,0,9,0.30859375,0,-663576.4772198373,-627801.5951645803,-35835.89290691754,1406.9436629051781,
9009,2br1,9,0,9,0.30859375,0,-663635.2966043521,-627801.5951645803,-35835.615064515085,44.12923492234366,
9010,2br1,10,0,9,0.30859375,0,-663625.0240542917,-627801.5951645803,-35835.36031986619,275.14531577245947,
9011,2br1,11,0,9,0.30859375,0,-663602.4248631321,-627801.5951645803,-35835.86970425984,808.0417276155998,
9012,2br1,12,0,9,0.30859375,0,-663620.3667623869,-627801.5951645803,-35835.50407470605,385.86008386452386,
9013,2br1,13,0,9,0.30859375,0,-663625.1050272752,-627801.5951645803,-35835.93508232972,286.53237169498027,
9014,2br1,14,0,9,0.30859375,0,-663608.0599655693,-627801.5951645803,-35835.910108341224,679.0249185827265,
9015,2br1,15,0,9,0.30859375,0,-663582.7721855658,-627801.5951645803,-35829.669702126,1118.2677928750013,
9016,2br1,16,0,9,0.30859375,0,-663592.9437084964,-627801.5951645803,-35825.05166990897,777.2125489992836,
9017,2br1,17,0,9,0.30859375,0,-663629.9451208877,-627801.5951645803,-35836.10984887025,178.94737360501674,
9018,2br1,18,0,9,0.30859375,0,-663615.7959102725,-627801.5951645803,-35836.07210726882,504.3655797573402,
9019,2br1,19,0,9,0.30859375,0,-663628.9551286864,-627801.5951645803,-35836.30934108643,206.3775359088113,
9020,2br1,20,0,9,0.30859375,0,-663625.729017871,-627801.5951645803,-35836.16667426965,277.48344372238336,
9021,2br1,21,0,9,0.30859375,0,-663621.5053719003,-627801.5951645803,-35836.02387697837,371.59004988348573,
9022,2br1,22,0,9,0.30859375,0,-663632.5629554873,-627801.5951645803,-35835.51254327441,104.80447934660394,
9023,2br1,23,0,9,0.30859375,0,-663601.277444573,-627801.5951645803,-35823.46628625533,548.4722140223893,
9024,2br1,24,0,9,0.30859375,0,-663635.4600240758,-627801.5951645803,-35835.17375744721,30.183903819856877,
9025,2br1,25,0,9,0.30859375,0,-663632.4246757048,-627801.5951645803,-35835.08191354415,98.06272939279212,
9026,2br1,26,0,9,0.30859375,0,-663622.7534165262,-627801.5951645803,-35835.361478580446,327.53418715328473,
9027,2br1,27,0,9,0.30859375,0,-663635.4872439969,-627801.5951645803,-35834.58633144049,16.00983200203354,
9028,2br1,28,0,9,0.30859375,0,-663633.2299877726,-627801.5951645803,-35835.75525517604,95.01941884203943,
9029,2br1,29,0,9,0.30859375,0,-663591.5593662132,-627801.5951645803,-35836.40564991376,1070.965239404257,
9030,2br1,30,0,9,0.30859375,0,-663620.9389405278,-627801.5951645803,-35835.628187967784,375.5274622854725,
9031,2br1,31,0,9,0.30859375,0,-663634.7256365884,-627801.5951645803,-35833.91643483779,18.124733426234524,
9032,2br1,32,0,9,0.30859375,0,-663621.0599719753,-627801.5951645803,-35836.02178712031,381.81302288597806,
9033,2br1,33,0,9,0.30859375,0,-663599.8292785751,-627801.5951645803,-35836.08899368188,872.9542636446007,
9034,2br1,34,0,9,0.30859375,0,-663605.9089683472,-627801.5951645803,-35835.00921298409,707.8529524318601,
9035,2br1,35,0,9,0.30859375,0,-663625.0086944122,-627801.5951645803,-35835.75983066706,284.71246094010473,
9036,2br1,36,0,9,0.30859375,0,-663625.0479549345,-627801.5951645803,-35836.310828997106,296.513415131249,
9037,2br1,37,0,9,0.30859375,0,-663622.80032696,-627801.5951645803,-35836.145413412065,344.53037353159436,
9038,2br1,38,0,9,0.30859375,0,-663635.8263654886,-627801.5951645803,-35834.05446554566,-4.0756142837335965,
9039,2br1,39,0,9,0.30859375,0,-663638.3669368494,-627801.5951645803,-35836.21943522839,-12.737194747257162,
9040,2br1,40,0,9,0.30859375,0,-663618.0079220709,-627801.5951645803,-35835.70074160239,444.7914801651491,
9041,2br1,41,0,9,0.30859375,0,-663614.4196333009,-627801.5951645803,-35836.37309767148,543.0442842675379,
9042,2br1,42,0,9,0.30859375,0,-663627.4605040132,-627801.5951645803,-35836.07126577044,235.35425246130336,
9043,2br1,43,0,9,0.30859375,0,-663609.998613866,-627801.5951645803,-35835.701383365675,629.5053145266018,
9044,2br1,44,0,9,0.30859375,0,-663628.4101913747,-627801.5951645803,-35836.29599745414,218.63637737855532,
9045,2br1,45,0,9,0.30859375,0,-663610.6856722849,-627801.5951645803,-35836.177321208925,624.636758394425,
9046,2br1,46,0,9,0.30859375,0,-663622.9213682596,-627801.5951645803,-35832.33639921094,253.90114068140008,
9047,2br1,47,0,9,0.30859375,0,-663623.9041554201,-627801.5951645803,-35835.43614174275,302.7192912756433,
9048,2br1,48,0,9,0.30859375,0,-663630.6258937296,-627801.5951645803,-35835.73318220517,154.56223927619726,
9049,2br1,49,0,9,0.30859375,0,-663621.4798028189,-627801.5951645803,-35835.680744303674,364.26685945159227,
9050,2br1,50,0,9,0.30859375,0,-663630.3271051972,-627801.5951645803,-35834.65523268128,136.59435996378548,
9051,2br1,51,0,9,0.30859375,0,-663618.5117486438,-627801.5951645803,-35831.52913577697,336.9734477145603,
9052,2br1,52,0,9,0.30859375,0,-663637.0864660314,-627801.5951645803,-35835.74408711335,5.82937585498155,
9053,2br1,53,0,9,0.30859375,0,-663596.4024078865,-627801.5951645803,-35818.061819805116,536.2632736342791,
9054,2br1,54,0,9,0.30859375,0,-663627.396816272,-627801.5951645803,-35836.15009112502,238.64068252234674,
9055,2br1,55,0,9,0.30859375,0,-663627.530673208,-627801.5951645803,-35826.36836574814,9.981922330204284,
9056,2br1,56,0,9,0.30859375,0,-663625.7020625046,-627801.5951645803,-35835.09613568923,253.41784309954855,
9057,2br1,57,0,9,0.30859375,0,-663629.2569914031,-627801.5951645803,-35834.39791227719,155.33782081237888,
9058,2br1,58,0,9,0.30859375,0,-663619.4403586565,-627801.5951645803,-35836.4118968978,428.1583384746752,
9059,2br1,59,0,9,0.30859375,0,-663608.7199102065,-627801.5951645803,-35835.81391109368,661.5878724826116,
9060,2br1,60,0,9,0.30859375,0,-663621.2034293285,-627801.5951645803,-35835.133927060575,358.0302783556411,
9061,2br1,61,0,9,0.30859375,0,-663627.4973969775,-627801.5951645803,-35836.16211630246,236.59854353314984,
9062,2br1,62,0,9,0.30859375,0,-663616.6215778468,-627801.5951645803,-35835.72102434779,477.22906867504673,
9063,2br1,63,0,9,0.30859375,0,-663636.582257511,-627801.5951645803,-35834.58621497302,-9.244465317566828,
9064,2br1,64,0,9,0.30859375,0,-663603.4090402898,-627801.5951645803,-35835.279350294084,771.7321773311506,
9065,2br1,65,0,9,0.30859375,0,-663634.6993951964,-627801.5951645803,-35836.32361753127,74.24082594197371,
9066,2br1,66,0,9,0.30859375,0,-663615.5438481597,-627801.5951645803,-35836.09960950757,510.81248685780866,
9067,2br1,67,0,9,0.30859375,0,-663596.367977606,-627801.5951645803,-35834.46495701222,915.3225848999126,
9068,2br1,68,0,9,0.30859375,0,-663636.0829596692,-627801.5951645803,-35835.9414200916,33.52138890240924,
9069,2br1,69,0,9,0.30859375,0,-663603.4953345377,-627801.5951645803,-35835.96474875352,785.5478486571079,
9070,2br1,70,0,9,0.30859375,0,-663591.2671531616,-627801.5951645803,-35836.19620211268,1072.873851422198,
9071,2br1,71,0,9,0.30859375,0,-663624.4542386255,-627801.5951645803,-35835.97505147597,302.4616248875238,
9072,2br1,72,0,9,0.30859375,0,-663632.6274556688,-627801.5951645803,-35836.13275392196,117.61946712953807,
9073,2br1,73,0,9,0.30859375,0,-663602.7298394757,-627801.5951645803,-35835.38701154134,789.877647533219,
9074,2br1,74,0,9,0.30859375,0,-663615.9303301005,-627801.5951645803,-35826.3450543418,276.95461561096096,
9075,2br1,75,0,9,0.30859375,0,-663632.1652727294,-627801.5951645803,-35836.29602725653,132.042831451563,
9076,2br1,76,0,9,0.30859375,0,-663627.4909670827,-627801.5951645803,-35836.14170719525,236.27617523740466,
9077,2br1,77,0,9,0.30859375,0,-663633.574559288,-627801.5951645803,-35834.65593691012,61.72252947936754,
9078,2br1,78,0,9,0.30859375,0,-663618.9936417369,-627801.5951645803,-35826.454953117616,208.84729707479278,
9079,2br1,79,0,9,0.30859375,0,-663635.6454749575,-627801.5951645803,-35836.75247092387,62.31330253104339,
9080,2br1,80,0,9,0.30859375,0,-663636.4831561618,-627801.5951645803,-35836.986539257974,48.39365906637044,
9081,2br1,81,0,9,0.30859375,0,-663628.792388426,-627801.5951645803,-35836.55064584157,215.69503531448933,
9082,2br1,82,0,9,0.30859375,0,-663616.2610235541,-627801.5951645803,-35836.14004452372,495.206482996083,
9083,2br1,83,0,9,0.30859375,0,-663619.3659041094,-627801.5951645803,-35836.71826036124,436.940210419664,
9084,2br1,84,0,9,0.30859375,0,-663626.0862754756,-627801.5951645803,-35836.56504554889,278.43154758292667,
9085,2br1,85,0,9,0.30859375,0,-663635.1604881006,-627801.5951645803,-35836.73732729098,73.14814467191542,
9086,2br1,86,0,9,0.30859375,0,-663618.8267950444,-627801.5951645803,-35836.85679770852,452.5671079241704,
9087,2br1,87,0,9,0.30859375,0,-663626.6965201369,-627801.5951645803,-35836.474612249345,262.2735299522335,
9088,2br1,88,0,9,0.30859375,0,-663625.5421986749,-627801.5951645803,-35836.77517171046,295.8238810683702,
9089,2br1,89,0,9,0.30859375,0,-663639.4303601849,-627801.5951645803,-35836.583596242876,-28.86256694571292,
9090,2br1,90,0,9,0.30859375,0,-663622.2384795136,-627801.5951645803,-35835.83148880149,350.2476099473525,
9091,2br1,91,0,9,0.30859375,0,-663620.9187691528,-627801.5951645803,-35836.35345811991,392.717752277066,
9092,2br1,92,0,9,0.30859375,0,-663614.8340825164,-627801.5951645803,-35836.18399633309,529.1260778510401,
9093,2br1,93,0,9,0.30859375,0,-663614.8613182324,-627801.5951645803,-35836.062926722974,525.7060757845574,
9094,2br1,94,0,9,0.30859375,0,-663600.8528469835,-627801.5951645803,-35836.27920748139,853.7366498280887,
9095,2br1,95,0,9,0.30859375,0,-663638.8608821797,-627801.5951645803,-35835.92691238074,-30.87358178138145,
9096,2br1,96,0,9,0.30859375,0,-663629.0760281709,-627801.5951645803,-35836.16910369536,200.3555764996071,
9097,2br1,97,0,9,0.30859375,0,-663633.9818015861,-627801.5951645803,-35836.24543447635,88.98598363731794,
9098,2br1,98,0,9,0.30859375,0,-663642.3380871294,-627801.5951645803,-35836.373874916084,-100.7526319162508,
9099,2br1,99,0,9,0.30859375,0,-663632.9459585267,-627801.5951645803,-35835.022742761656,84.67715128537043,
9100,2br1,100,0,9,0.30859375,0,-663626.6286196285,-627801.5951645803,-35835.86800683877,249.85069978923397,
10001,3jvr,1,0,10,0.30859375,0,-678228.6630695595,-627801.5951645803,-50434.16591520102,163.68400422191553,
10002,3jvr,2,0,10,0.30859375,0,-678231.7097402656,-627801.5951645803,-50433.882895956354,86.8995298505599,
10003,3jvr,3,0,10,0.30859375,0,-678223.8648578803,-627801.5951645803,-50434.339515695865,278.3367166666539,
10004,3jvr,4,0,10,0.30859375,0,-678233.5184121863,-627801.5951645803,-50433.753775189216,42.21296888737626,
10005,3jvr,5,0,10,0.30859375,0,-678225.8492648734,-627801.5951645803,-50434.13834128768,227.9360122236833,
10006,3jvr,6,0,10,0.30859375,0,-678221.1184036726,-627801.5951645803,-50434.27615774663,340.21038626896166,
10007,3jvr,7,0,10,0.30859375,0,-678226.8917927275,-627801.5951645803,-50434.22482741865,205.88916633946963,
10008,3jvr,8,0,10,0.30859375,0,-678231.4129676805,-627801.5951645803,-50434.31119407206,103.62005742791835,
10009,3jvr,9,0,10,0.30859375,0,-678226.3967203333,-627801.5951645803,-50434.04206002743,213.09109079983403,
10010,3jvr,10,0,10,0.30859375,0,-678228.7891767764,-627801.5951645803,-50433.31397188695,141.12962317109046,
10011,3jvr,11,0,10,0.30859375,0,-678226.1259376833,-627801.5951645803,-50428.84937120467,99.58923808466557,
10012,3jvr,12,0,10,0.30859375,0,-678207.8998593674,-627801.5951645803,-50408.10469187289,41.508918891058684,
10013,3jvr,13,0,10,0.30859375,0,-678197.2819820775,-627801.5951645803,-50410.19340486319,334.5298518113243,
10014,3jvr,14,0,10,0.30859375,0,-678202.4985876823,-627801.5951645803,-50433.235192606764,745.5883171133792,
10015,3jvr,15,0,10,0.30859375,0,-678225.2332117836,-627801.5951645803,-50426.66569442543,69.81920358000936,
10016,3jvr,16,0,10,0.30859375,0,-678217.4552857266,-627801.5951645803,-50414.705738196666,-26.62070322511788,
10017,3jvr,17,0,10,0.30859375,0,-678215.7039646639,-627801.5951645803,-50420.36990321667,144.38446827186075,
10018,3jvr,18,0,10,0.30859375,0,-678186.9761168802,-627801.5951645803,-50426.691971192675,952.654727107937,
10019,3jvr,19,0,10,0.30859375,0,-678210.3002577553,-627801.5951645803,-50433.822313437755,579.2168592401524,
10020,3jvr,20,0,10,0.30859375,0,-678228.3106443719,-627801.5951645803,-50433.33302272349,152.60416530135421,
10021,3jvr,21,0,10,0.30859375,0,-678229.9811422958,-627801.5951645803,-50433.5381969908,118.81299903214479,
10022,3jvr,22,0,10,0.30859375,0,-678227.8014134014,-627801.5951645803,-50433.87400881441,176.82274607926496,
10023,3jvr,23,0,10,0.30859375,0,-678229.4197774361,-627801.5951645803,-50429.69596839934,43.15448402003857,
10024,3jvr,24,0,10,0.30859375,0,-678221.2312224195,-627801.5951645803,-50425.490977595146,135.01765707495974,
10025,3jvr,25,0,10,0.30859375,0,-678230.4032524212,-627801.5951645803,-50433.86870552094,116.70061606277044,
10026,3jvr,26,0,10,0.30859375,0,-678201.3294546002,-627801.5951645803,-50417.023284981566,398.6936952554781,
10027,3jvr,27,0,10,0.30859375,0,-678225.5165540109,-627801.5951645803,-50434.03433741122,233.210120614611,
10028,3jvr,28,0,10,0.30859375,0,-678226.6954931305,-627801.5951645803,-50432.27979213982,165.56236350650192,
10029,3jvr,29,0,10,0.30859375,0,-678208.0973931833,-627801.5951645803,-50434.225340257,639.31014231063,
10030,3jvr,30,0,10,0.30859375,0,-678215.4190322304,-627801.5951645803,-50432.45427424701,429.6273824313934,
10031,3jvr,31,0,10,0.30859375,0,-678227.5711157152,-627801.5951645803,-50433.839502731855,181.3378077195223,
10032,3jvr,32,0,10,0.30859375,0,-678232.4471759334,-627801.5951645803,-50434.10997493058,75.13042490826388,
10033,3jvr,33,0,10,0.30859375,0,-678230.9093109055,-627801.5951645803,-50430.81497255952,34.60987516143659,
10034,3jvr,34,0,10,0.30859375,0,-678221.2550197238,-627801.5951645803,-50433.65483207496,322.7318349158992,
10035,3jvr,35,0,10,0.30859375,0,-678227.9753635208,-627801.5951645803,-50432.11281848937,132.19734730098472,
10036,3jvr,36,0,10,0.30859375,0,-678231.408042951,-627801.5951645803,-50427.70727069169,-48.55646659554669,
10037,3jvr,37,0,10,0.30859375,0,-678232.451585619,-627801.5951645803,-50430.689625213454,-3.8464031069878577,
10038,3jvr,38,0,10,0.30859375,0,-678229.2951110298,-627801.5951645803,-50429.83625705035,49.26449279230154,
10039,3jvr,39,0,10,0.30859375,0,-678206.4906876812,-627801.5951645803,-50422.58545757323,407.93958001795505,
10040,3jvr,40,0,10,0.30859375,0,-678207.0415279702,-627801.5951645803,-50426.16476521879,477.7776963477576,
10041,3jvr,41,0,10,0.30859375,0,-678193.8973030283,-627801.5951645803,-50422.81215591223,703.5777170470287,
10042,3jvr,42,0,10,0.30859375,0,-678192.9952531749,-627801.5951645803,-50409.77311573418,423.69207114445015,
10043,3jvr,43,0,10,0.30859375,0,-678230.9357539098,-627801.5951645803,-50431.948454270656,60.13879421169156,
10044,3jvr,44,0,10,0.30859375,0,-678191.0735422359,-627801.5951645803,-50428.02327723294,888.8665003293289,
10045,3jvr,45,0,10,0.30859375,0,-678227.8650660648,-627801.5951645803,-50432.70875574143,148.48350656662248,
10046,3jvr,46,0,10,0.30859375,0,-678223.1752761746,-627801.5951645803,-50431.97723377736,239.76333340353315,
10047,3jvr,47,0,10,0.30859375,0,-678206.8468004892,-627801.5951645803,-50430.683558414275,586.4740653583289,
10048,3jvr,48,0,10,0.30859375,0,-678191.521492152,-627801.5951645803,-50433.822300861175,1012.2651916126215,
10049,3jvr,49,0,10,0.30859375,0,-678210.3131644411,-627801.5951645803,-50427.051880131075,422.7893228917494,
10050,3jvr,50,0,10,0.30859375,0,-678231.9756040716,-627801.5951645803,-50433.82687122615,79.47660386504992,
10051,3jvr,51,0,10,0.30859375,0,-678218.6669344137,-627801.5951645803,-50434.007175813014,390.53973962273244,
10052,3jvr,52,0,10,0.30859375,0,-678226.3214223817,-627801.5951645803,-50422.411226699645,-53.3858854515028,
10053,3jvr,53,0,10,0.30859375,0,-678233.5870555176,-627801.5951645803,-50430.48545033724,-34.73934551217705,
10054,3jvr,54,0,10,0.30859375,0,-678216.0478785032,-627801.5951645803,-50417.04671062024,59.818984910430814,
10055,3jvr,55,0,10,0.30859375,0,-678221.4026593993,-627801.5951645803,-50424.611342827375,110.77936676704618,
10056,3jvr,56,0,10,0.30859375,0,-678211.9871525005,-627801.5951645803,-50422.36614937573,276.1307229751591,
10057,3jvr,57,0,10,0.30859375,0,-678228.7702289505,-627801.5951645803,-50433.59137041361,147.96353240837902,
10058,3jvr,58,0,10,0.30859375,0,-678226.0295312101,-627801.5951645803,-50427.72868461402,75.96877744417479,
10059,3jvr,59,0,10,0.30859375,0,-678213.36217813,-627801.5951645803,-50422.841916809375,255.39333633948652,
10060,3jvr,60,0,10,0.30859375,0,-678195.867057635,-627801.5951645803,-50410.15110159903,366.1832481486684,
10061,3jvr,61,0,10,0.30859375,0,-678230.6551900192,-627801.5951645803,-50433.154807756255,94.42792348535095,
10062,3jvr,62,0,10,0.30859375,0,-678222.8107593203,-627801.5951645803,-50422.64456818493,32.952910475415855,
10063,3jvr,63,0,10,0.30859375,0,-678227.2022233884,-627801.5951645803,-50429.04940635949,79.38242035862059,
10064,3jvr,64,0,10,0.30859375,0,-678232.5495287315,-627801.5951645803,-50433.86813581973,67.19317092894623,
10065,3jvr,65,0,10,0.30859375,0,-678228.0282732381,-627801.5951645803,-50433.64334018023,166.2718888920613,
10066,3jvr,66,0,10,0.30859375,0,-678228.6121694887,-627801.5951645803,-50433.565405855494,151.0097132542546,
10067,3jvr,67,0,10,0.30859375,0,-678213.547031639,-627801.5951645803,-50433.60787046939,499.39930247087295,
10068,3jvr,68,0,10,0.30859375,0,-678230.0429105298,-627801.5951645803,-50432.112963090236,84.52191518364916,
10069,3jvr,69,0,10,0.30859375,0,-678226.7274075581,-627801.5951645803,-50433.2864543894,188.04058227704954,
10070,3jvr,70,0,10,0.30859375,0,-678220.7169561082,-627801.5951645803,-50433.78581405671,338.16039291364297,
10071,3jvr,71,0,10,0.30859375,0,-678228.0631998013,-627801.5951645803,-50427.67484642058,27.829727390849992,
10072,3jvr,72,0,10,0.30859375,0,-678216.7209223048,-627801.5951645803,-50432.457495878036,399.6793766770923,
10073,3jvr,73,0,10,0.30859375,0,-678229.5190779998,-627801.5951645803,-50433.3429089287,124.96500513433367,
10074,3jvr,74,0,10,0.30859375,0,-678213.6352998758,-627801.5951645803,-50434.00484068187,506.5181391482606,
10075,3jvr,75,0,10,0.30859375,0,-678232.0571088324,-627801.5951645803,-50434.00863410028,81.78861088354958,
10076,3jvr,76,0,10,0.30859375,0,-678224.9372494356,-627801.5951645803,-50430.27159012347,159.7981876789936,
10077,3jvr,77,0,10,0.30859375,0,-678213.5007003976,-627801.5951645803,-50411.22452093155,-15.704576347991091,
10078,3jvr,78,0,10,0.30859375,0,-678231.074516713,-627801.5951645803,-50433.17927385362,85.32222181321676,
10079,3jvr,79,0,10,0.30859375,0,-678236.2875941823,-627801.5951645803,-50433.524103830154,-26.94223234409068,
10080,3jvr,80,0,10,0.30859375,0,-678232.0311891274,-627801.5951645803,-50433.98700554162,81.88756706995042,
10081,3jvr,81,0,10,0.30859375,0,-678227.4269913121,-627801.5951645803,-50433.67876721413,180.95474631687438,
10082,3jvr,82,0,10,0.30859375,0,-678234.3773421788,-627801.5951645803,-50433.79612655433,23.38221839216309,
10083,3jvr,83,0,10,0.30859375,0,-678230.2026071827,-627801.5951645803,-50434.01283134013,124.65122552952094,
10084,3jvr,84,0,10,0.30859375,0,-678230.5288039581,-627801.5951645803,-50433.7239326933,110.46678812423907,
10085,3jvr,85,0,10,0.30859375,0,-678230.5177787675,-627801.5951645803,-50433.50329435856,105.63299418763343,
10086,3jvr,86,0,10,0.30859375,0,-678238.6143407667,-627801.5951645803,-50433.55817831548,-79.81250694434587,
10087,3jvr,87,0,10,0.30859375,0,-678201.7222639899,-627801.5951645803,-50433.50628132614,769.7422211336785,
10088,3jvr,88,0,10,0.30859375,0,-678225.7314862446,-627801.5951645803,-50433.3268644312,211.93895106487727,
10089,3jvr,89,0,10,0.30859375,0,-678233.4183454348,-627801.5951645803,-50434.150748679946,53.67498916646621,
10090,3jvr,90,0,10,0.30859375,0,-678225.9412583852,-627801.5951645803,-50433.97064704688,221.94747038446928,
10091,3jvr,91,0,10,0.30859375,0,-678230.9628594051,-627801.5951645803,-50433.76150346785,101.32363437130269,
10092,3jvr,92,0,10,0.30859375,0,-678230.3998463587,-627801.5951645803,-50434.13470865279,122.91333967488602,
10093,3jvr,93,0,10,0.30859375,0,-678227.8160251512,-627801.5951645803,-50434.09112892539,181.49269982853966,
10094,3jvr,94,0,10,0.30859375,0,-678222.2014956021,-627801.5951645803,-50434.072230527716,310.5310196367704,
10095,3jvr,95,0,10,0.30859375,0,-678233.7675310203,-627801.5951645803,-50434.01045716792,42.387379146721216,
10096,3jvr,96,0,10,0.30859375,0,-678234.4140399382,-627801.5951645803,-50434.00573081761,27.369537094983823,
10097,3jvr,97,0,10,0.30859375,0,-678236.0125675185,-627801.5951645803,-50433.99813605339,-9.668524051836185,
10098,3jvr,98,0,10,0.30859375,0,-678228.6248552644,-627801.5951645803,-50433.864928255396,157.62432294493536,
10099,3jvr,99,0,10,0.30859375,0,-678238.4247457662,-627801.5951645803,-50433.70976848396,-71.94459003661876,
10100,3jvr,100,0,10,0.30859375,0,-678209.1685754196,-627801.5951645803,-50434.117209533746,612.1145393994099,
11001,3jvs,1,0,11,0.30859375,0,-665143.3314334758,-627801.5951645803,-37340.229619411126,-34.74416249981179,
11002,3jvs,2,0,11,0.30859375,0,-665138.4804633874,-627801.5951645803,-37340.53059658164,84.0625636848521,
11003,3jvs,3,0,11,0.30859375,0,-665139.6749373982,-627801.5951645803,-37340.381382135085,53.07637174629087,
11004,3jvs,4,0,11,0.30859375,0,-665137.2170658717,-627801.5951645803,-37340.239861038885,106.49268163622091,
11005,3jvs,5,0,11,0.30859375,0,-665127.0924883493,-627801.5951645803,-37340.350242463246,342.51644197230485,
11006,3jvs,6,0,11,0.30859375,0,-665131.1212335099,-627801.5951645803,-37340.51515397185,253.41432123194042,
11007,3jvs,7,0,11,0.30859375,0,-665132.4711613068,-627801.5951645803,-37340.5993444001,224.22572409928242,
11008,3jvs,8,0,11,0.30859375,0,-665141.1265990743,-627801.5951645803,-37340.201373306474,15.44915602701706,
11009,3jvs,9,0,11,0.30859375,0,-665144.1979439417,-627801.5951645803,-37340.397398856774,-50.857282612087396,
11010,3jvs,10,0,11,0.30859375,0,-665114.0312641878,-627801.5951645803,-37334.914318886935,518.3600508406066,
11011,3jvs,11,0,11,0.30859375,0,-665095.7206529388,-627801.5951645803,-37337.48956337326,999.9993260072627,
11012,3jvs,12,0,11,0.30859375,0,-665115.6004888276,-627801.5951645803,-37330.480222848615,379.92018720038203,
11013,3jvs,13,0,11,0.30859375,0,-665131.9973884233,-627801.5951645803,-37340.47880819191,232.37155534654664,
11014,3jvs,14,0,11,0.30859375,0,-665134.7087659854,-627801.5951645803,-37336.620850053965,80.87907521933195,
11015,3jvs,15,0,11,0.30859375,0,-665111.5075919041,-627801.5951645803,-37322.826503423385,297.805669581101,
11016,3jvs,16,0,11,0.30859375,0,-665111.5760898301,-627801.5951645803,-37329.88876023646,459.08558091246385,
11017,3jvs,17,0,11,0.30859375,0,-665119.3296702959,-627801.5951645803,-37326.10244294752,192.96921677888767,
11018,3jvs,18,0,11,0.30859375,0,-665123.1092191654,-627801.5951645803,-37340.31071796769,433.46135498948405,
11019,3jvs,19,0,11,0.30859375,0,-665121.8506715756,-627801.5951645803,-37324.991619316264,109.2173447072412,
11020,3jvs,20,0,11,0.30859375,0,-665132.0519243494,-627801.5951645803,-37332.85224917289,55.24129797330961,
11021,3jvs,21,0,11,0.30859375,0,-665126.8757547148,-627801.5951645803,-37326.56744003047,29.67546357555653,
11022,3jvs,22,0,11,0.30859375,0,-665137.6669676472,-627801.5951645803,-37339.586730924784,81.0561619883864,
11023,3jvs,23,0,11,0.30859375,0,-665114.7375883469,-627801.5951645803,-37326.06875553482,298.08829201397305,
11024,3jvs,24,0,11,0.30859375,0,-665120.5621328065,-627801.5951645803,-37340.24034037944,490.5756160572264,
11025,3jvs,25,0,11,0.30859375,0,-665137.2074764677,-627801.5951645803,-37332.237574604645,-77.82329052561936,
11026,3jvs,26,0,11,0.30859375,0,-665116.0572885002,-627801.5951645803,-37339.94508215536,587.6509772527625,
11027,3jvs,27,0,11,0.30859375,0,-665108.6043325671,-627801.5951645803,-37340.502442625686,772.3732618139596,
11028,3jvs,28,0,11,0.30859375,0,-665106.5557955072,-627801.5951645803,-37335.55418142434,705.5040345550187,
11029,3jvs,29,0,11,0.30859375,0,-665131.1690070339,-627801.5951645803,-37332.485794452325,67.15120834581232,
11030,3jvs,30,0,11,0.30859375,0,-665128.0926639604,-627801.5951645803,-37330.75209322327,98.11326481932262,
11031,3jvs,31,0,11,0.30859375,0,-665128.3608650279,-627801.5951645803,-37324.148784307166,-60.3475198253256,
11032,3jvs,32,0,11,0.30859375,0,-665123.0835204587,-627801.5951645803,-37331.120606449804,222.12497501856382,
11033,3jvs,33,0,11,0.30859375,0,-665136.318127946,-627801.5951645803,-37330.71729984631,-92.37279518294163,
11034,3jvs,34,0,11,0.30859375,0,-665138.5083669443,-627801.5951645803,-37338.60669770592,39.05293033341228,
11035,3jvs,35,0,11,0.30859375,0,-665137.3571099946,-627801.5951645803,-37340.317895559005,105.06270622456604,
11036,3jvs,36,0,11,0.30859375,0,-665137.823240594,-627801.5951645803,-37338.38793119546,49.80744372531919,
11037,3jvs,37,0,11,0.30859375,0,-665123.3402789839,-627801.5951645803,-37332.225423899785,241.68167841506704,
11038,3jvs,38,0,11,0.30859375,0,-665122.3228818793,-627801.5951645803,-37324.92460492009,96.7825277255094,
11039,3jvs,39,0,11,0.30859375,0,-665139.0069224397,-627801.5951645803,-37339.33141043537,44.2682400463027,
11040,3jvs,40,0,11,0.30859375,0,-665123.0141281048,-627801.5951645803,-37333.500190911254,278.5997220045337,
11041,3jvs,41,0,11,0.30859375,0,-665127.8459813454,-627801.5951645803,-37340.21254220356,321.965037271016,
11042,3jvs,42,0,11,0.30859375,0,-665133.1262503285,-627801.5951645803,-37340.408971038996,204.7288983825687,
11043,3jvs,43,0,11,0.30859375,0,-665108.4411080488,-627801.5951645803,-37334.20898017041,631.0066166553055,
11044,3jvs,44,0,11,0.30859375,0,-665114.6486704961,-627801.5951645803,-37321.580194739065,196.6301154457169,
11045,3jvs,45,0,11,0.30859375,0,-665116.271671594,-627801.5951645803,-37336.47488465656,502.6825302623775,
11046,3jvs,46,0,11,0.30859375,0,-665126.1237526255,-627801.5951645803,-37338.87497350329,330.8355080511355,
11047,3jvs,47,0,11,0.30859375,0,-665130.6161965439,-627801.5951645803,-37340.44600346439,263.4661017565873,
11048,3jvs,48,0,11,0.30859375,0,-665125.2433528318,-627801.5951645803,-37339.14193156119,357.2942086676684,
11049,3jvs,49,0,11,0.30859375,0,-665132.7439693966,-627801.5951645803,-37339.79181673874,199.31258983800896,
11050,3jvs,50,0,11,0.30859375,0,-665131.7691473978,-627801.5951645803,-37339.881166843115,223.85298152186544,
11051,3jvs,51,0,11,0.30859375,0,-665094.515684829,-627801.5951645803,-37335.04318645351,971.3717587691409,
11052,3jvs,52,0,11,0.30859375,0,-665140.7526877085,-627801.5951645803,-37339.04523601886,-2.5894022558504344,
11053,3jvs,53,0,11,0.30859375,0,-665102.5238722274,-627801.5951645803,-37338.75354316582,872.2614286638311,
11054,3jvs,54,0,11,0.30859375,0,-665126.5823011268,-627801.5951645803,-37332.14822879189,165.1387102438117,
11055,3jvs,55,0,11,0.30859375,0,-665131.7023469517,-627801.5951645803,-37340.496582237414,239.58525254095437,
11056,3jvs,56,0,11,0.30859375,0,-665099.7529828266,-627801.5951645803,-37338.14906957503,922.2201640729234,
11057,3jvs,57,0,11,0.30859375,0,-665127.7106091984,-627801.5951645803,-37334.84655669083,201.34422756621603,
11058,3jvs,58,0,11,0.30859375,0,-665138.5842999686,-627801.5951645803,-37340.39364072436,78.50975814215722,
11059,3jvs,59,0,11,0.30859375,0,-665127.483592541,-627801.5951645803,-37339.61150750273,316.4617321626041,
11060,3jvs,60,0,11,0.30859375,0,-665143.4136845777,-627801.5951645803,-37340.50887188073,-30.20120303596666,
11061,3jvs,61,0,11,0.30859375,0,-665128.2689239689,-627801.5951645803,-37329.611611632004,67.74848217783726,
11062,3jvs,62,0,11,0.30859375,0,-665110.3574424107,-627801.5951645803,-37338.96326735371,696.4513634345548,
11063,3jvs,63,0,11,0.30859375,0,-665109.5430600502,-627801.5951645803,-37332.836870757266,573.9534050680467,
11064,3jvs,64,0,11,0.30859375,0,-665119.7161035255,-627801.5951645803,-37324.77240654584,153.38648674805648,
11065,3jvs,65,0,11,0.30859375,0,-665124.2680778512,-627801.5951645803,-37332.50749483456,226.79083854316434,
11066,3jvs,66,0,11,0.30859375,0,-665136.1864787657,-627801.5951645803,-37339.7851119315,119.77182134629612,
11067,3jvs,67,0,11,0.30859375,0,-665113.8525861064,-627801.5951645803,-37325.953360048465,315.8358453795953,
11068,3jvs,68,0,11,0.30859375,0,-665137.920480744,-627801.5951645803,-37341.09785815831,110.05743294011187,
11069,3jvs,69,0,11,0.30859375,0,-665140.5393265494,-627801.5951645803,-37341.51757582773,59.34433337450408,
11070,3jvs,70,0,11,0.30859375,0,-665112.9335010219,-627801.5951645803,-37340.0987026965,663.2298016457521,
11071,3jvs,71,0,11,0.30859375,0,-665140.0984281757,-627801.5951645803,-37341.47259989136,68.47452167815057,
11072,3jvs,72,0,11,0.30859375,0,-665119.0740268843,-627801.5951645803,-37341.10797443744,544.900270547996,
11073,3jvs,73,0,11,0.30859375,0,-665127.706708745,-627801.5951645803,-37341.200939265385,347.96971745417414,
11074,3jvs,74,0,11,0.30859375,0,-665139.66373575,-627801.5951645803,-37340.4232037341,54.29911687383435,
11075,3jvs,75,0,11,0.30859375,0,-665142.1105038831,-627801.5951645803,-37341.220276025466,16.256227009894967,
11076,3jvs,76,0,11,0.30859375,0,-665136.9576462368,-627801.5951645803,-37341.77003916856,147.76178648460734,
11077,3jvs,77,0,11,0.30859375,0,-665137.6088169225,-627801.5951645803,-37341.13750281681,118.15879894544065,
11078,3jvs,78,0,11,0.30859375,0,-665137.300185563,-627801.5951645803,-37341.377382126986,130.8077554786902,
11079,3jvs,79,0,11,0.30859375,0,-665130.2135571847,-627801.5951645803,-37341.54924735182,298.19259439352345,
11080,3jvs,80,0,11,0.30859375,0,-665140.5331015751,-627801.5951645803,-37340.39159646388,33.52218371547733,
11081,3jvs,81,0,11,0.30859375,0,-665103.0250940182,-627801.5951645803,-37341.42135205616,922.2241141021913,
11082,3jvs,82,0,11,0.30859375,0,-665134.782605486,-627801.5951645803,-37341.74982502812,197.45326859875047,
11083,3jvs,83,0,11,0.30859375,0,-665136.1800065646,-627801.5951645803,-37341.63188579433,162.5086908451847,
11084,3jvs,84,0,11,0.30859375,0,-665140.0585946158,-627801.5951645803,-37341.594653514585,72.20772880756243,
11085,3jvs,85,0,11,0.30859375,0,-665141.4052286007,-627801.5951645803,-37341.583377686635,40.89358461773914,
11086,3jvs,86,0,11,0.30859375,0,-665136.8077914137,-627801.5951645803,-37340.480664042174,121.48382402482709,
11087,3jvs,87,0,11,0.30859375,0,-665124.9866170147,-627801.5951645803,-37341.7739424979,423.91029135356274,
11088,3jvs,88,0,11,0.30859375,0,-665138.4002658734,-627801.5951645803,-37340.58489885684,87.16420250777054,
11089,3jvs,89,0,11,0.30859375,0,-665123.3624552794,-627801.5951645803,-37340.53384515394,432.7670266199906,
11090,3jvs,90,0,11,0.30859375,0,-665128.8696411271,-627801.5951645803,-37340.455128041445,303.95304423112157,
11091,3jvs,91,0,11,0.30859375,0,-665140.441179038,-627801.5951645803,-37340.22611096256,31.82578145996537,
11092,3jvs,92,0,11,0.30859375,0,-665131.4810543964,-627801.5951645803,-37340.50755163785,244.94134048115632,
11093,3jvs,93,0,11,0.30859375,0,-665137.5575218656,-627801.5951645803,-37340.54670324673,105.71752931523724,
11094,3jvs,94,0,11,0.30859375,0,-665132.2524088491,-627801.5951645803,-37340.58166071528,228.86248015494726,
11095,3jvs,95,0,11,0.30859375,0,-665140.8492351037,-627801.5951645803,-37340.16517045848,21.01046363074822,
11096,3jvs,96,0,11,0.30859375,0,-665138.5367408702,-627801.5951645803,-37340.42305919286,80.28490300410361,
11097,3jvs,97,0,11,0.30859375,0,-665118.375031338,-627801.5951645803,-37340.403897431985,544.7830893166689,
11098,3jvs,98,0,11,0.30859375,0,-665134.4459222573,-627801.5951645803,-37340.43149950856,174.8160595984283,
11099,3jvs,99,0,11,0.30859375,0,-665121.0956553825,-627801.5951645803,-37340.30199113243,479.6939933133566,
11100,3jvs,100,0,11,0.30859375,0,-665127.302757741,-627801.5951645803,-37340.264555898866,335.691535492446,
12001,2v7a,1,1,12,0.2271728515625,1,-670360.8914377503,-627801.5951645803,-42566.86973704419,174.64822591327183,
12002,2v7a,2,1,12,0.2271728515625,1,-670365.2214352915,-627801.5951645803,-42567.734167151364,94.73034234188407,
12003,2v7a,3,1,12,0.2271728515625,1,-670371.7972582392,-627801.5951645803,-42567.620358772794,-59.536220828608734,
12004,2v7a,4,1,12,0.2271728515625,1,-670364.244175654,-627801.5951645803,-42567.38913010633,109.30974167355394,
12005,2v7a,5,1,12,0.2271728515625,1,-670354.030361455,-627801.5951645803,-42567.76852682999,353.5949888347949,
12006,2v7a,6,1,12,0.2271728515625,1,-670347.8025752134,-627801.5951645803,-42567.29851221589,486.3723568504903,
12007,2v7a,7,1,12,0.2271728515625,1,-670366.9724224472,-627801.5951645803,-42567.50863219075,49.15065954009018,
12008,2v7a,8,1,12,0.2271728515625,1,-670358.4014355654,-627801.5951645803,-42568.066724278164,259.67222175763476,
12009,2v7a,9,1,12,0.2271728515625,1,-670361.7307820731,-627801.5951645803,-42567.32222391026,165.7270810288541,
12010,2v7a,10,1,12,0.2271728515625,1,-670360.8110772651,-627801.5951645803,-42567.95526971685,201.53436084642607,
12011,2v7a,11,1,12,0.2271728515625,1,-670368.8500022703,-627801.5951645803,-42567.585366089115,7.622165956306767,
12012,2v7a,12,1,12,0.2271728515625,1,-670372.0906942898,-627801.5951645803,-42567.76348890796,-63.00235757903838,
12013,2v7a,13,1,12,0.2271728515625,1,-670348.0247717911,-627801.5951645803,-42567.786716483664,492.50663991070815,
12014,2v7a,14,1,12,0.2271728515625,1,-670372.4056613871,-627801.5951645803,-42567.85725208389,-68.10344118962261,
12015,2v7a,15,1,12,0.2271728515625,1,-670348.3562226407,-627801.5951645803,-42567.962770097176,488.92309451387564,
12016,2v7a,16,1,12,0.2271728515625,1,-670365.7545180583,-627801.5951645803,-42567.362926693764,73.87615337109386,
12017,2v7a,17,1,12,0.2271728515625,1,-670364.7564886176,-627801.5951645803,-42567.79154441519,106.77541848930858,
12018,2v7a,18,1,12,0.2271728515625,1,-670370.3525113892,-627801.5951645803,-42567.08655493723,-38.529375871848615,
12019,2v7a,19,1,12,0.2271728515625,1,-670373.6365544016,-627801.5951645803,-42568.13240585499,-90.14331172497391,
12020,2v7a,20,1,12,0.2271728515625,1,-670366.9009323977,-627801.5951645803,-42567.38567091542,47.96370487443287,
12021,2v7a,21,1,12,0.2271728515625,1,-670366.5875486248,-627801.5951645803,-42567.29948875321,53.20309848387174,
12022,2v7a,22,1,12,0.2271728515625,1,-670377.153295172,-627801.5951645803,-42567.70653160679,-181.06217393972446,
12023,2v7a,23,1,12,0.2271728515625,1,-670353.8845183366,-627801.5951645803,-42567.178824957686,343.3593628110158,
12024,2v7a,24,1,12,0.2271728515625,1,-670357.1261438392,-627801.5951645803,-42567.558904059406,277.3705351642412,
12025,2v7a,25,1,12,0.2271728515625,1,-670338.3110599631,-627801.5951645803,-42551.32384876175,336.86740760261915,
12026,2v7a,26,1,12,0.2271728515625,1,-670333.2950466257,-627801.5951645803,-42566.6272468047,805.4441656296489,
12027,2v7a,27,1,12,0.2271728515625,1,-670331.3896792942,-627801.5951645803,-42565.41659962408,821.4647928969292,
12028,2v7a,28,1,12,0.2271728515625,1,-670367.3724421376,-627801.5951645803,-42567.85052031292,47.810113730489846,
12029,2v7a,29,1,12,0.2271728515625,1,-670326.0825488382,-627801.5951645803,-42565.88511640405,954.6543822342666,
12030,2v7a,30,1,12,0.2271728515625,1,-670361.0784857996,-627801.5951645803,-42563.7554378325,98.51734949591672,
12031,2v7a,31,1,12,0.2271728515625,1,-670364.8099012637,-627801.5951645803,-42566.45182002358,74.64891519775547,
12032,2v7a,32,1,12,0.2271728515625,1,-670368.7273974381,-627801.5951645803,-42567.77226034569,14.759384495902484,
12033,2v7a,33,1,12,0.2271728515625,1,-670349.053828057,-627801.5951645803,-42567.35966252549,458.92794044055637,
12034,2v7a,34,1,12,0.2271728515625,1,-670355.3410377334,-627801.5951645803,-42565.737969145346,276.5443032187218,
12035,2v7a,35,1,12,0.2271728515625,1,-670321.9221998864,-627801.5951645803,-42551.50908411316,719.0751279710388,
12036,2v7a,36,1,12,0.2271728515625,1,-670370.1043604725,-627801.5951645803,-42564.274761568886,-97.64837524970727,
12037,2v7a,37,1,12,0.2271728515625,1,-670350.6128717178,-627801.5951645803,-42566.9991225378,414.6612899007573,
12038,2v7a,38,1,12,0.2271728515625,1,-670357.4294493925,-627801.5951645803,-42553.27238979207,-59.07870264893458,
12039,2v7a,39,1,12,0.2271728515625,1,-670350.1351034754,-627801.5951645803,-42566.448906220714,412.99059760820194,
12040,2v7a,40,1,12,0.2271728515625,1,-670371.6069385224,-627801.5951645803,-42565.66879116012,-100.15156217270552,
12041,2v7a,41,1,12,0.2271728515625,1,-670353.8363215291,-627801.5951645803,-42566.80085280551,335.7545627017791,
12042,2v7a,42,1,12,0.2271728515625,1,-670355.7616548963,-627801.5951645803,-42557.060292549606,66.73266481945937,
12043,2v7a,43,1,12,0.2271728515625,1,-670365.075436067,-627801.5951645803,-42566.48680769302,69.33237199078354,
12044,2v7a,44,1,12,0.2271728515625,1,-670368.23438951,-627801.5951645803,-42567.74833992886,25.576799487006163,
12045,2v7a,45,1,12,0.2271728515625,1,-670369.1414123886,-627801.5951645803,-42567.07135767503,-10.951226634439845,
12046,2v7a,46,1,12,0.2271728515625,1,-670345.0383720229,-627801.5951645803,-42558.37774972634,344.39872666165553,
12047,2v7a,47,1,12,0.2271728515625,1,-670352.9364127481,-627801.5951645803,-42567.473284922766,372.0136051933036,
12048,2v7a,48,1,12,0.2271728515625,1,-670330.8560017162,-627801.5951645803,-42567.06952372211,871.8890254329125,
12049,2v7a,49,1,12,0.2271728515625,1,-670362.2914529258,-627801.5951645803,-42566.944767331916,144.09334853489773,
12050,2v7a,50,1,12,0.2271728515625,1,-670372.2676487841,-627801.5951645803,-42567.06190255301,-83.26199085493775,
12051,2v7a,51,1,12,0.2271728515625,1,-670323.1844893956,-627801.5951645803,-42560.790119182544,903.9917935037398,
12052,2v7a,52,1,12,0.2271728515625,1,-670369.4569966905,-627801.5951645803,-42565.41195951415,-56.49540418032776,
12053,2v7a,53,1,12,0.2271728515625,1,-670358.8953257167,-627801.5951645803,-42565.413790501785,187.10473805967067,
12054,2v7a,54,1,12,0.2271728515625,1,-670361.0784720462,-627801.5951645803,-42560.81115312891,30.62084842328244,
12055,2v7a,55,1,12,0.2271728515625,1,-670362.045199942,-627801.5951645803,-42566.88689842843,148.43758862964998,
12056,2v7a,56,1,12,0.2271728515625,1,-670342.5518673323,-627801.5951645803,-42566.91458088922,598.6028903638643,
12057,2v7a,57,1,12,0.2271728515625,1,-670320.9936613106,-627801.5951645803,-42556.3960537093,853.1839323286957,
12058,2v7a,58,1,12,0.2271728515625,1,-670305.3598090835,-627801.5951645803,-42556.545721225615,1217.1605443078058,
12059,2v7a,59,1,12,0.2271728515625,1,-670351.5869795494,-627801.5951645803,-42567.387735551405,401.15945864572217,
12060,2v7a,60,1,12,0.2271728515625,1,-670366.4698036874,-627801.5951645803,-42567.431836052,58.97036245902961,
12061,2v7a,61,1,12,0.2271728515625,1,-670362.6356095487,-627801.5951645803,-42567.32429377003,144.9089958506503,
12062,2v7a,62,1,12,0.2271728515625,1,-670339.692087052,-627801.5951645803,-42567.54947037267,679.191889602361,
12063,2v7a,63,1,12,0.2271728515625,1,-670299.3265877032,-627801.5951645803,-42563.85643103741,1524.8789078121192,
12064,2v7a,64,1,12,0.2271728515625,1,-670343.9894253276,-627801.5951645803,-42563.421287387784,484.8947535772415,
12065,2v7a,65,1,12,0.2271728515625,1,-670340.444442358,-627801.5951645803,-42567.51566698415,661.0626394262247,
12066,2v7a,66,1,12,0.2271728515625,1,-670360.126695646,-627801.5951645803,-42557.03193941729,-34.5814049345855,
12067,2v7a,67,1,12,0.2271728515625,1,-670327.5278937035,-627801.5951645803,-42563.179859847056,858.9392396090302,
12068,2v7a,68,1,12,0.2271728515625,1,-670355.6000125669,-627801.5951645803,-42558.369790099736,100.65795637730689,
12069,2v7a,69,1,12,0.2271728515625,1,-670363.369800877,-627801.5951645803,-42565.458428658676,84.95026996206609,
12070,2v7a,70,1,12,0.2271728515625,1,-670356.1089464556,-627801.5951645803,-42563.96478304284,217.94526446955598,
12071,2v7a,71,1,12,0.2271728515625,1,-670350.3898438626,-627801.5951645803,-42567.51567357801,431.7163843918478,
12072,2v7a,72,1,12,0.2271728515625,1,-670371.061150562,-627801.5951645803,-42569.106923856016,-8.280169324600184,
12073,2v7a,73,1,12,0.2271728515625,1,-670355.547509622,-627801.5951645803,-42568.59861416383,337.75098963153135,
12074,2v7a,74,1,12,0.2271728515625,1,-670365.1783201374,-627801.5951645803,-42569.08243338781,126.81635944751561,
12075,2v7a,75,1,12,0.2271728515625,1,-670361.802459296,-627801.5951645803,-42567.24300290667,162.24728526042762,
12076,2v7a,76,1,12,0.2271728515625,1,-670371.0267470591,-627801.5951645803,-42567.544986173685,-43.505944331316556,
12077,2v7a,77,1,12,0.2271728515625,1,-670353.3795624488,-627801.5951645803,-42567.51878672106,362.8436267187852,
12078,2v7a,78,1,12,0.2271728515625,1,-670343.9872477334,-627801.5951645803,-42567.191505100745,571.8882559947197,
12079,2v7a,79,1,12,0.2271728515625,1,-670351.1808504873,-627801.5951645803,-42567.27992458897,408.03883745082766,
12080,2v7a,80,1,12,0.2271728515625,1,-670362.9099588655,-627801.5951645803,-42567.46511431801,141.82974928967838,
12081,2v7a,81,1,12,0.2271728515625,1,-670368.6956878566,-627801.5951645803,-42567.18261260739,1.8930249442686498,
12082,2v7a,82,1,12,0.2271728515625,1,-670372.5344635375,-627801.5951645803,-42567.3452999072,-82.87958699650241,
12083,2v7a,83,1,12,0.2271728515625,1,-670336.2669212335,-627801.5951645803,-42567.578413583564,758.845536087697,
12084,2v7a,84,1,12,0.2271728515625,1,-670366.8347047083,-627801.5951645803,-42567.37843649852,49.32412205621988,
12085,2v7a,85,1,12,0.2271728515625,1,-670364.6583622359,-627801.5951645803,-42567.405578904065,100.13769047893193,
12086,2v7a,86,1,12,0.2271728515625,1,-670368.2091107348,-627801.5951645803,-42567.25572094342,14.799678216898823,
12087,2v7a,87,1,12,0.2271728515625,1,-670334.1923981868,-627801.5951645803,-42567.377205491284,802.0452051965958,
12088,2v7a,88,1,12,0.2271728515625,1,-670355.3616598063,-627801.5951645803,-42567.61655340357,319.38992905910874,
12089,2v7a,89,1,12,0.2271728515625,1,-670361.8938208931,-627801.5951645803,-42567.28532308353,161.11636324155094,
12090,2v7a,90,1,12,0.2271728515625,1,-670349.8035063874,-627801.5951645803,-42567.67586687969,448.93179307961714,
12091,2v7a,91,1,12,0.2271728515625,1,-670372.7891610974,-627801.5951645803,-42567.697168089675,-80.63877920619782,
12092,2v7a,92,1,12,0.2271728515625,1,-670359.3690515868,-627801.5951645803,-42567.578415113676,226.09778937065727,
12093,2v7a,93,1,12,0.2271728515625,1,-670368.0711327308,-627801.5951645803,-42567.70221372707,28.27789476966301,
12094,2v7a,94,1,12,0.2271728515625,1,-670371.5315481402,-627801.5951645803,-42567.767711080785,-50.01077543473739,
12095,2v7a,95,1,12,0.2271728515625,1,-670361.0557133668,-627801.5951645803,-42567.36143434815,182.1987493972992,
12096,2v7a,96,1,12,0.2271728515625,1,-670366.9079533182,-627801.5951645803,-42567.43288277107,48.890529856468255,
12097,2v7a,97,1,12,0.2271728515625,1,-670364.8021209353,-627801.5951645803,-42567.3767060229,96.1567116579137,
12098,2v7a,98,1,12,0.2271728515625,1,-670351.4470809529,-627801.5951645803,-42567.49668360891,406.89799881164294,
12099,2v7a,99,1,12,0.2271728515625,1,-670365.2589996272,-627801.5951645803,-42566.84654494397,73.39503381164948,
12100,2v7a,100,1,12,0.2271728515625,1,-670372.0375999772,-627801.5951645803,-42567.47541487975,-68.42111855133192,
13001,4twp,1,0,13,0.2271728515625,0,-669769.8172341121,-627801.5951645803,-41970.407354915966,50.39387812520788,
13002,4twp,2,0,13,0.2271728515625,0,-669770.0482876598,-627801.5951645803,-41971.37337460601,67.34260000459837,
13003,4twp,3,0,13,0.2271728515625,0,-669762.1448927504,-627801.5951645803,-41970.977364207145,240.46699959132462,
13004,4twp,4,0,13,0.2271728515625,0,-669773.3365909139,-627801.5951645803,-41971.106168056365,-14.649403888550868,
13005,4twp,5,0,13,0.2271728515625,0,-669768.1789667291,-627801.5951645803,-41971.2406120547,107.38858757278201,
13006,4twp,6,0,13,0.2271728515625,0,-669771.9027879386,-627801.5951645803,-41971.26756104314,22.136688895038265,
13007,4twp,7,0,13,0.2271728515625,0,-669774.8082326335,-627801.5951645803,-41970.397349620696,-64.93200959129224,
13008,4twp,8,0,13,0.2271728515625,0,-669774.9573530684,-627801.5951645803,-41971.28187033021,-47.97327638356507,
13009,4twp,9,0,13,0.2271728515625,0,-669767.9760857356,-627801.5951645803,-41971.15906211221,110.18654807752257,
13010,4twp,10,0,13,0.2271728515625,0,-669772.9994789808,-627801.5951645803,-41970.32576968753,-24.871831941181867,
13011,4twp,11,0,13,0.2271728515625,0,-669770.351940049,-627801.5951645803,-41971.10797145453,54.21986749021718,
13012,4twp,12,0,13,0.2271728515625,0,-669752.3905330579,-627801.5951645803,-41971.06740316236,467.4842254721271,
13013,4twp,13,0,13,0.2271728515625,0,-669776.1648012233,-627801.5951645803,-41972.06105610215,-57.849241550297336,
13014,4twp,14,0,13,0.2271728515625,0,-669771.7761157452,-627801.5951645803,-41970.15373816573,-0.6275466693503577,
13015,4twp,15,0,13,0.2271728515625,0,-669756.8701852841,-627801.5951645803,-41972.09772642934,387.9408100244715,
13016,4twp,16,0,13,0.2271728515625,0,-669757.3251705746,-627801.5951645803,-41971.05860134446,353.4858062481063,
13017,4twp,17,0,13,0.2271728515625,0,-669768.0315157158,-627801.5951645803,-41970.18872996652,86.5319115115276,
13018,4twp,18,0,13,0.2271728515625,0,-669766.4383137374,-627801.5951645803,-41971.166421199676,145.81811738326905,
13019,4twp,19,0,13,0.2271728515625,0,-669726.34489478,-627801.5951645803,-41970.11666151371,1046.1862894953626,
13020,4twp,20,0,13,0.2271728515625,0,-669758.6179693768,-627801.5951645803,-41972.04944049799,346.5224513256888,
13021,4twp,21,0,13,0.2271728515625,0,-669765.421145929,-627801.5951645803,-41971.99361022794,188.34999643121245,
13022,4twp,22,0,13,0.2271728515625,0,-669754.4136265211,-627801.5951645803,-41971.99284597718,442.1718001923752,
13023,4twp,23,0,13,0.2271728515625,0,-669761.3929736895,-627801.5951645803,-41970.137322331335,238.4348392041703,
13024,4twp,24,0,13,0.2271728515625,0,-669765.9855575251,-627801.5951645803,-41972.098691368934,177.7575845024534,
13025,4twp,25,0,13,0.2271728515625,0,-669755.895321278,-627801.5951645803,-41970.149077261325,365.484790720068,
13026,4twp,26,0,13,0.2271728515625,0,-669773.0987384318,-627801.5951645803,-41970.15119239175,-31.186657338818023,
13027,4twp,27,0,13,0.2271728515625,0,-669771.492487548,-627801.5951645803,-41972.10508706653,50.912249598240905,
13028,4twp,28,0,13,0.2271728515625,0,-669766.621118022,-627801.5951645803,-41971.083158398505,139.68246462530945,
13029,4twp,29,0,13,0.2271728515625,0,-669752.836662544,-627801.5951645803,-41970.17001655185,436.5020082628417,
13030,4twp,30,0,13,0.2271728515625,0,-669747.2897831349,-627801.5951645803,-41972.04610949242,607.6798171780648,
13031,4twp,31,0,13,0.2271728515625,0,-669765.6195266974,-627801.5951645803,-41970.20088418805,142.4339826424932,
13032,4twp,32,0,13,0.2271728515625,0,-669774.025808988,-627801.5951645803,-41971.18162890756,-28.80298168341329,
13033,4twp,33,0,13,0.2271728515625,0,-669756.5597132129,-627801.5951645803,-41970.190311814185,351.1144401061905,
13034,4twp,34,0,13,0.2271728515625,0,-669778.8969729095,-627801.5951645803,-41970.13887640321,-165.18113428638392,
13035,4twp,35,0,13,0.2271728515625,0,-669761.8880670798,-627801.5951645803,-41972.03937032309,270.8799830854271,
13036,4twp,36,0,13,0.2271728515625,0,-669768.0973050724,-627801.5951645803,-41970.11112459981,83.22515063616913,
13037,4twp,37,0,13,0.2271728515625,0,-669759.6455044878,-627801.5951645803,-41970.18972107255,279.9407799902174,
13038,4twp,38,0,13,0.2271728515625,0,-669773.0950837432,-627801.5951645803,-41970.11264880979,-31.991214333038805,
13039,4twp,39,0,13,0.2271728515625,0,-669768.3418580276,-627801.5951645803,-41972.03599228945,121.97412893870398,
13040,4twp,40,0,13,0.2271728515625,0,-669745.3657294343,-627801.5951645803,-41971.12333312118,630.7698209244121,
13041,4twp,41,0,13,0.2271728515625,0,-669758.440495832,-627801.5951645803,-41970.14985957229,306.8097116998721,
13042,4twp,42,0,13,0.2271728515625,0,-669771.3676603435,-627801.5951645803,-41970.14898427808,8.682031403670495,
13043,4twp,43,0,13,0.2271728515625,0,-669767.0509128851,-627801.5951645803,-41971.03889581051,128.75044009988878,
13044,4twp,44,0,13,0.2271728515625,0,-669776.0555853079,-627801.5951645803,-41970.116575325366,-100.17145466733363,
13045,4twp,45,0,13,0.2271728515625,0,-669768.2776224149,-627801.5951645803,-41971.98416271293,122.26021893054292,
13046,4twp,46,0,13,0.2271728515625,0,-669773.9474268256,-627801.5951645803,-41972.0631098994,-6.668011504729485,
13047,4twp,47,0,13,0.2271728515625,0,-669763.5250174684,-627801.5951645803,-41970.092120195295,188.22635564376733,
13048,4twp,48,0,13,0.2271728515625,0,-669739.8873784373,-627801.5951645803,-41970.148112500545,734.61447435549,
13049,4twp,49,0,13,0.2271728515625,0,-669765.8024913204,-627801.5951645803,-41970.07994445645,135.42578173777758,
13050,4twp,50,0,13,0.2271728515625,0,-669731.3869175016,-627801.5951645803,-41972.05845865094,974.6933891211104,
13051,4twp,51,0,13,0.2271728515625,0,-669752.3987635953,-627801.5951645803,-41971.056061054136,467.03286954141566,
13052,4twp,52,0,13,0.2271728515625,0,-669722.0383389572,-627801.5951645803,-41972.063792432185,1190.399731708471,
13053,4twp,53,0,13,0.2271728515625,0,-669739.1370360536,-627801.5951645803,-41972.06614317977,796.1486190041336,
13054,4twp,54,0,13,0.2271728515625,0,-669750.0000921934,-627801.5951645803,-41970.14446427905,501.3256251007462,
13055,4twp,55,0,13,0.2271728515625,0,-669767.582250802,-627801.5951645803,-41970.102517689105,94.90410419791539,
13056,4twp,56,0,13,0.2271728515625,0,-669724.4499777685,-627801.5951645803,-41970.14550974452,1090.5493698803846,
13057,4twp,57,0,13,0.2271728515625,0,-669743.3649394048,-627801.5951645803,-41972.0483562895,698.2406761170445,
13058,4twp,58,0,13,0.2271728515625,0,-669752.8845063,-627801.5951645803,-41971.99987282836,477.5961932286877,
13059,4twp,59,0,13,0.2271728515625,0,-669755.0455765111,-627801.5951645803,-41972.10080989682,430.0883943556335,
13060,4twp,60,0,13,0.2271728515625,0,-669758.4881978015,-627801.5951645803,-41971.348785067436,333.35755687657553,
13061,4twp,61,0,13,0.2271728515625,0,-669776.9516130817,-627801.5951645803,-41970.14853706443,-120.09729079138174,
13062,4twp,62,0,13,0.2271728515625,0,-669776.0639092325,-627801.5951645803,-41972.034619117614,-56.132268316727284,
13063,4twp,63,0,13,0.2271728515625,0,-669756.6081321818,-627801.5951645803,-41971.98182603207,391.31117146831207,
13064,4twp,64,0,13,0.2271728515625,0,-669763.991775928,-627801.5951645803,-41971.992425347205,221.2847277098229,
13065,4twp,65,0,13,0.2271728515625,0,-669737.3518415523,-627801.5951645803,-41972.06386854732,837.2637279173765,
13066,4twp,66,0,13,0.2271728515625,0,-669743.5125256478,-627801.5951645803,-41972.0352657088,694.5353805389282,
13067,4twp,67,0,13,0.2271728515625,0,-669778.3798678798,-627801.5951645803,-41972.071668858196,-108.68515616149628,
13068,4twp,68,0,13,0.2271728515625,0,-669760.4230574648,-627801.5951645803,-41970.08866366231,259.67954313144406,
13069,4twp,69,0,13,0.2271728515625,0,-669771.346032722,-627801.5951645803,-41970.11480810725,8.392654981558422,
13070,4twp,70,0,13,0.2271728515625,0,-669750.3870214372,-627801.5951645803,-41970.15138139808,492.56233732111474,
13071,4twp,71,0,13,0.2271728515625,0,-669754.9008263928,-627801.5951645803,-41972.06105264511,432.5095873764733,
13072,4twp,72,0,13,0.2271728515625,0,-669754.0247503797,-627801.5951645803,-41972.05047070467,452.4683548357286,
13073,4twp,73,0,13,0.2271728515625,0,-669754.259417249,-627801.5951645803,-41970.11813649022,402.4961226954605,
13074,4twp,74,0,13,0.2271728515625,0,-669769.6365514098,-627801.5951645803,-41970.017945314285,45.580521476713635,
13075,4twp,75,0,13,0.2271728515625,0,-669720.0124685002,-627801.5951645803,-41970.09616711226,1191.7428964791618,
13076,4twp,76,0,13,0.2271728515625,0,-669740.8052613715,-627801.5951645803,-41970.128437007304,712.9938633952092,
13077,4twp,77,0,13,0.2271728515625,0,-669771.7325374467,-627801.5951645803,-41970.07744028651,-1.3820781248371052,
13078,4twp,78,0,13,0.2271728515625,0,-669766.8599668144,-627801.5951645803,-41969.76908680284,103.8712697393585,
13079,4twp,79,0,13,0.2271728515625,0,-669743.7502233518,-627801.5951645803,-41969.850176239845,638.6645810536429,
13080,4twp,80,0,13,0.2271728515625,0,-669705.8338279108,-627801.5951645803,-41970.02872028434,1517.1547551618255,
13081,4twp,81,0,13,0.2271728515625,0,-669774.4831542653,-627801.5951645803,-41970.98869302356,-43.79882150698469,
13082,4twp,82,0,13,0.2271728515625,0,-669773.4713249205,-627801.5951645803,-41970.30397882545,-36.25536702094103,
13083,4twp,83,0,13,0.2271728515625,0,-669768.6812930686,-627801.5951645803,-41970.26751121366,73.36442850560596,
13084,4twp,84,0,13,0.2271728515625,0,-669771.7220346461,-627801.5951645803,-41971.19520291173,24.6363406923581,
13085,4twp,85,0,13,0.2271728515625,0,-669774.9812131209,-627801.5951645803,-41971.010974133846,-54.770516957994595,
13086,4twp,86,0,13,0.2271728515625,0,-669766.321358621,-627801.5951645803,-41971.154606843826,148.2427209206716,
13087,4twp,87,0,13,0.2271728515625,0,-669759.0386626703,-627801.5951645803,-41969.89028170192,287.02964881942086,
13088,4twp,88,0,13,0.2271728515625,0,-669755.0587491075,-627801.5951645803,-41969.91526802861,379.38483427723605,
13089,4twp,89,0,13,0.2271728515625,0,-669768.7252992523,-627801.5951645803,-41971.02170279109,89.7416927454257,
13090,4twp,90,0,13,0.2271728515625,0,-669771.345265895,-627801.5951645803,-41971.08741071307,30.83908734456804,
13091,4twp,91,0,13,0.2271728515625,0,-669771.8489702326,-627801.5951645803,-41971.2213155874,22.311309133142636,
13092,4twp,92,0,13,0.2271728515625,0,-669776.457393987,-627801.5951645803,-41971.11101266229,-86.50511315792978,
13093,4twp,93,0,13,0.2271728515625,0,-669769.0486107451,-627801.5951645803,-41970.74506404483,75.90651156153801,
13094,4twp,94,0,13,0.2271728515625,0,-669747.6112589686,-627801.5951645803,-41971.09479048335,578.3284708289543,
13095,4twp,95,0,13,0.2271728515625,0,-669759.3067802173,-627801.5951645803,-41971.23229839888,311.7943515315002,
13096,4twp,96,0,13,0.2271728515625,0,-669776.4144962559,-627801.5951645803,-41971.037386859294,-87.21371933036869,
13097,4twp,97,0,13,0.2271728515625,0,-669742.0392933172,-627801.5951645803,-41971.169680560466,708.5480574478938,
13098,4twp,98,0,13,0.2271728515625,0,-669763.1718531697,-627801.5951645803,-41971.090511346694,219.39396474634393,
13099,4twp,99,0,13,0.2271728515625,0,-669764.8385642451,-627801.5951645803,-41970.83899983254,175.15870096859152,
13100,4twp,100,0,13,0.2271728515625,0,-669772.5480009447,-627801.5951645803,-41970.96068176114,0.18091914702157322,
14001,3k5v,1,0,14,0.1900634765625,0,-664893.1321221986,-627801.5951645803,-37107.36985842064,365.11536624953925,
14002,3k5v,2,0,14,0.1900634765625,0,-664905.9277736954,-627801.5951645803,-37107.43311349228,71.49932948749718,
14003,3k5v,3,0,14,0.1900634765625,0,-664909.0679674842,-627801.5951645803,-37107.65093550761,4.107835426512754,
14004,3k5v,4,0,14,0.1900634765625,0,-664902.3303081946,-627801.5951645803,-37107.80020139295,162.92410282949263,
14005,3k5v,5,0,14,0.1900634765625,0,-664906.910590867,-627801.5951645803,-37107.81023404673,57.531633676635046,
14006,3k5v,6,0,14,0.1900634765625,0,-664903.0399915986,-627801.5951645803,-37107.519962645325,140.09595570437693,
14007,3k5v,7,0,14,0.1900634765625,0,-664899.5205690064,-627801.5951645803,-37107.795030749636,227.59898990247808,
14008,3k5v,8,0,14,0.1900634765625,0,-664903.8138719009,-627801.5951645803,-37107.66932330209,125.69419054685832,
14009,3k5v,9,0,14,0.1900634765625,0,-664905.7381979921,-627801.5951645803,-37107.777881897244,83.8215973551801,
14010,3k5v,10,0,14,0.1900634765625,0,-664902.7840052359,-627801.5951645803,-37107.70003548935,150.15171989802138,
14011,3k5v,11,0,14,0.1900634765625,0,-664879.9952402809,-627801.5951645803,-37107.65279314597,674.5836898245764,
14012,3k5v,12,0,14,0.1900634765625,0,-664899.5014413701,-627801.5951645803,-37107.3972654112,218.86739706266945,
14013,3k5v,13,0,14,0.1900634765625,0,-664896.3283657529,-627801.5951645803,-37107.48538909033,294.0724394203285,
14014,3k5v,14,0,14,0.1900634765625,0,-664878.5707329622,-627801.5951645803,-37106.440947330746,679.4877805959536,
14015,3k5v,15,0,14,0.1900634765625,0,-664898.9786066213,-627801.5951645803,-37107.05060724099,222.9301254809382,
14016,3k5v,16,0,14,0.1900634765625,0,-664893.6693849073,-627801.5951645803,-37107.517324901404,356.1264516894922,
14017,3k5v,17,0,14,0.1900634765625,0,-664846.8595967689,-627801.5951645803,-37106.98364368752,1423.278828839171,
14018,3k5v,18,0,14,0.1900634765625,0,-664900.6769674829,-627801.5951645803,-37106.819529271874,178.43620903826135,
14019,3k5v,19,0,14,0.1900634765625,0,-664890.4015392759,-627801.5951645803,-37107.564398384886,432.57030249425264,
14020,3k5v,20,0,14,0.1900634765625,0,-664902.8554103033,-627801.5951645803,-37107.168223656,136.24120770464614,
14021,3k5v,21,0,14,0.1900634765625,0,-664902.8718530633,-627801.5951645803,-37106.89832410887,129.63799723492775,
14022,3k5v,22,0,14,0.1900634765625,0,-664897.1987254433,-627801.5951645803,-37106.93362364844,261.27745478605766,
14023,3k5v,23,0,14,0.1900634765625,0,-664890.7349841692,-627801.5951645803,-37107.37213138421,420.44709821672535,
14024,3k5v,24,0,14,0.1900634765625,0,-664891.8857272373,-627801.5951645803,-37106.47591254789,373.2430353128187,
14025,3k5v,25,0,14,0.1900634765625,0,-664905.8028749325,-627801.5951645803,-37106.7688663967,59.06166146443377,
14026,3k5v,26,0,14,0.1900634765625,0,-664904.1661157273,-627801.5951645803,-37107.653580404076,117.20821508798812,
14027,3k5v,27,0,14,0.1900634765625,0,-664905.727038274,-627801.5951645803,-37107.402788437204,75.42908589055067,
14028,3k5v,28,0,14,0.1900634765625,0,-664908.4382413434,-627801.5951645803,-37106.16068408567,-15.73634897698175,
14029,3k5v,29,0,14,0.1900634765625,0,-664890.5660177269,-627801.5951645803,-37107.21038094834,420.61350327915943,
14030,3k5v,30,0,14,0.1900634765625,0,-664907.1126508377,-627801.5951645803,-37107.557338691506,47.040114622287106,
14031,3k5v,31,0,14,0.1900634765625,0,-664899.330948303,-627801.5951645803,-37107.18580225785,217.922604429724,
14032,3k5v,32,0,14,0.1900634765625,0,-664898.1528054731,-627801.5951645803,-37107.47887269336,251.84958830607562,
14033,3k5v,33,0,14,0.1900634765625,0,-664898.9829543629,-627801.5951645803,-37107.00532261208,221.78557582671596,
14034,3k5v,34,0,14,0.1900634765625,0,-664877.9793121925,-627801.5951645803,-37106.57171324566,696.1418011790032,
14035,3k5v,35,0,14,0.1900634765625,0,-664905.321835468,-627801.5951645803,-37106.803318954306,70.94918989593891,
14036,3k5v,36,0,14,0.1900634765625,0,-664902.1864399569,-627801.5951645803,-37107.736503399195,164.77287257535122,
14037,3k5v,37,0,14,0.1900634765625,0,-664906.0095587769,-627801.5951645803,-37107.15084401444,63.10403191062713,
14038,3k5v,38,0,14,0.1900634765625,0,-664909.1926170401,-627801.5951645803,-37107.550039089474,-1.093378295524697,
14039,3k5v,39,0,14,0.1900634765625,0,-664885.1074862131,-627801.5951645803,-37107.68625298818,557.4641002742715,
14040,3k5v,40,0,14,0.1900634765625,0,-664907.8810661243,-627801.5951645803,-37106.64313659746,8.23803603623967,
14041,3k5v,41,0,14,0.1900634765625,0,-664907.2647978463,-627801.5951645803,-37107.64169541672,45.47683355050804,
14042,3k5v,42,0,14,0.1900634765625,0,-664903.939130526,-627801.5951645803,-37107.61303446368,121.50760658010378,
14043,3k5v,43,0,14,0.1900634765625,0,-664911.5927381315,-627801.5951645803,-37106.56208858569,-79.22416536977684,
14044,3k5v,44,0,14,0.1900634765625,0,-664895.0266147958,-627801.5951645803,-37107.327310360255,320.44614751531196,
14045,3k5v,45,0,14,0.1900634765625,0,-664894.571623961,-627801.5951645803,-37106.487433112416,311.5704559783513,
14046,3k5v,46,0,14,0.1900634765625,0,-664903.370485466,-627801.5951645803,-37107.35289791897,128.62198195466954,
14047,3k5v,47,0,14,0.1900634765625,0,-664908.496881465,-627801.5951645803,-37107.615397251444,16.45786023327364,
14048,3k5v,48,0,14,0.1900634765625,0,-664897.3922222661,-627801.5951645803,-37106.58088520843,248.68097038295312,
14049,3k5v,49,0,14,0.1900634765625,0,-664897.3629866042,-627801.5951645803,-37107.08359084204,260.94782806989554,
14050,3k5v,50,0,14,0.1900634765625,0,-664885.5599718204,-627801.5951645803,-37107.46196732596,541.8573840418995,
14051,3k5v,51,0,14,0.1900634765625,0,-664907.6023084321,-627801.5951645803,-37107.58369950135,36.356236963321784,
14052,3k5v,52,0,14,0.1900634765625,0,-664890.1049523758,-627801.5951645803,-37107.61944696981,440.6792094163771,
14053,3k5v,53,0,14,0.1900634765625,0,-664894.9273919859,-627801.5951645803,-37106.88122228459,312.44724446311096,
14054,3k5v,54,0,14,0.1900634765625,0,-664908.1039738767,-627801.5951645803,-37107.48531339243,22.51871941304609,
14055,3k5v,55,0,14,0.1900634765625,0,-664903.8642149367,-627801.5951645803,-37107.2767284282,115.47979969359673,
14056,3k5v,56,0,14,0.1900634765625,0,-664903.1135546075,-627801.5951645803,-37107.19389251548,130.8801965932856,
14057,3k5v,57,0,14,0.1900634765625,0,-664901.8492982485,-627801.5951645803,-37107.3050287731,162.59750381383057,
14058,3k5v,58,0,14,0.1900634765625,0,-664880.0883570126,-627801.5951645803,-37106.870931363854,654.4062059551795,
14059,3k5v,59,0,14,0.1900634765625,0,-664902.0594639876,-627801.5951645803,-37107.45642069657,161.24214742827067,
14060,3k5v,60,0,14,0.1900634765625,0,-664892.9425623523,-627801.5951645803,-37106.3070571788,344.9779412799197,
14061,3k5v,61,0,14,0.1900634765625,0,-664906.7762152054,-627801.5951645803,-37107.482637799534,53.075861120900235,
14062,3k5v,62,0,14,0.1900634765625,0,-664905.3756837212,-627801.5951645803,-37106.63640049771,65.85818862759852,
14063,3k5v,63,0,14,0.1900634765625,0,-664902.2624220797,-627801.5951645803,-37106.93789873202,144.60442207320585,
14064,3k5v,64,0,14,0.1900634765625,0,-664912.5680721657,-627801.5951645803,-37107.65614537078,-76.48635369389912,
14065,3k5v,65,0,14,0.1900634765625,0,-664893.6600185134,-627801.5951645803,-37106.69060370997,337.27780228643917,
14066,3k5v,66,0,14,0.1900634765625,0,-664867.6972375176,-627801.5951645803,-37106.74797210768,937.3167019371557,
14067,3k5v,67,0,14,0.1900634765625,0,-664890.2131143459,-627801.5951645803,-37107.16813955386,427.77753887831784,
14068,3k5v,68,0,14,0.1900634765625,0,-664887.8427771734,-627801.5951645803,-37107.673583126845,494.09461831055415,
14069,3k5v,69,0,14,0.1900634765625,0,-664892.2886495539,-627801.5951645803,-37107.39098957852,385.0536035930498,
14070,3k5v,70,0,14,0.1900634765625,0,-664898.7630378865,-627801.5951645803,-37107.1741834648,230.75099402036614,
14071,3k5v,71,0,14,0.1900634765625,0,-664903.1792574325,-627801.5951645803,-37107.63472828944,139.53096790630215,
14072,3k5v,72,0,14,0.1900634765625,0,-664853.8119551645,-627801.5951645803,-37107.23915920335,1268.8459632944173,
14073,3k5v,73,0,14,0.1900634765625,0,-664900.185143108,-627801.5951645803,-37107.567198372635,207.0196076191096,
14074,3k5v,74,0,14,0.1900634765625,0,-664896.2032359353,-627801.5951645803,-37106.62474439219,277.111063338259,
14075,3k5v,75,0,14,0.1900634765625,0,-664892.2144311615,-627801.5951645803,-37106.64683983405,369.60461960483497,
14076,3k5v,76,0,14,0.1900634765625,0,-664904.7865452723,-627801.5951645803,-37106.611406362834,78.86766556273581,
14077,3k5v,77,0,14,0.1900634765625,0,-664895.3206549534,-627801.5951645803,-37106.672820604595,298.5725280823675,
14078,3k5v,78,0,14,0.1900634765625,0,-664889.4637032411,-627801.5951645803,-37106.578209675106,431.45526332027606,
14079,3k5v,79,0,14,0.1900634765625,0,-664904.2779210606,-627801.5951645803,-37106.67467866023,92.05591236651146,
14080,3k5v,80,0,14,0.1900634765625,0,-664904.5880486475,-627801.5951645803,-37106.658204115214,84.52428828091716,
14081,3k5v,81,0,14,0.1900634765625,0,-664904.6035817363,-627801.5951645803,-37106.710403121266,85.36982441892253,
14082,3k5v,82,0,14,0.1900634765625,0,-664908.8323114477,-627801.5951645803,-37107.75525019244,11.94774650730425,
14083,3k5v,83,0,14,0.1900634765625,0,-664901.6006972888,-627801.5951645803,-37106.61614213069,152.44427477029942,
14084,3k5v,84,0,14,0.1900634765625,0,-664906.0246673928,-627801.5951645803,-37106.58562532741,49.7213663823057,
14085,3k5v,85,0,14,0.1900634765625,0,-664892.0636254051,-627801.5951645803,-37106.53969029263,370.6113558395925,
14086,3k5v,86,0,14,0.1900634765625,0,-664909.5976014845,-627801.5951645803,-37107.50623229817,-11.44275005200928,
14087,3k5v,87,0,14,0.1900634765625,0,-664899.9784195521,-627801.5951645803,-37106.48694638093,186.87556334433808,
14088,3k5v,88,0,14,0.1900634765625,0,-664897.4998824702,-627801.5951645803,-37106.42707971412,242.6514281370749,
14089,3k5v,89,0,14,0.1900634765625,0,-664874.9327615001,-627801.5951645803,-37106.40157971457,762.4735567083152,
14090,3k5v,90,0,14,0.1900634765625,0,-664907.0970581584,-627801.5951645803,-37107.79525218085,52.88610575148327,
14091,3k5v,91,0,14,0.1900634765625,0,-664900.7105718353,-627801.5951645803,-37107.49807033618,193.30880293122178,
14092,3k5v,92,0,14,0.1900634765625,0,-664910.1203654812,-627801.5951645803,-37107.469756162944,-24.339133863853473,
14093,3k5v,93,0,14,0.1900634765625,0,-664911.1677059033,-627801.5951645803,-37107.68641183451,-43.49517928461086,
14094,3k5v,94,0,14,0.1900634765625,0,-664905.1733742766,-627801.5951645803,-37107.65467432812,94.00550762107912,
14095,3k5v,95,0,14,0.1900634765625,0,-664902.4728518077,-627801.5951645803,-37107.37846789439,149.91156350646006,
14096,3k5v,96,0,14,0.1900634765625,0,-664912.7119108693,-627801.5951645803,-37107.37914565879,-86.19111810632856,
14097,3k5v,97,0,14,0.1900634765625,0,-664907.3511298099,-627801.5951645803,-37107.73362985924,45.60602978501984,
14098,3k5v,98,0,14,0.1900634765625,0,-664905.3145500235,-627801.5951645803,-37107.7834134467,93.7187121583543,
14099,3k5v,99,0,14,0.1900634765625,0,-664898.6536565223,-627801.5951645803,-37107.37059424003,237.80272827771373,
14100,3k5v,100,0,14,0.1900634765625,0,-664908.7064462708,-627801.5951645803,-37107.40172669965,6.69782102487259,
15001,3mss,1,0,15,0.1900634765625,1,-652851.4375686101,-627801.5951645803,-25055.913531532533,140.0035261626111,
15002,3mss,2,0,15,0.1900634765625,1,-652855.479599646,-627801.5951645803,-25055.591634446777,39.36895298435533,
15003,3mss,3,0,15,0.1900634765625,1,-652856.273601716,-627801.5951645803,-25055.867451151855,27.41931458932833,
15004,3mss,4,0,15,0.1900634765625,1,-652860.646880394,-627801.5951645803,-25055.78873998022,-75.24601027796538,
15005,3mss,5,0,15,0.1900634765625,1,-652861.1465821168,-627801.5951645803,-25056.313051618657,-74.67849214301951,
15006,3mss,6,0,15,0.1900634765625,1,-652856.9816622349,-627801.5951645803,-25055.975928854452,13.592606376978381,
15007,3mss,7,0,15,0.1900634765625,1,-652845.6315279506,-627801.5951645803,-25051.82723329032,179.66172843123638,
15008,3mss,8,0,15,0.1900634765625,1,-652852.7835887877,-627801.5951645803,-25055.52133321578,99.9192554337776,
15009,3mss,9,0,15,0.1900634765625,1,-652852.6484304271,-627801.5951645803,-25056.03064082565,114.78099377071979,
15010,3mss,10,0,15,0.1900634765625,1,-652842.7921393128,-627801.5951645803,-25046.80342873933,129.28790078322305,
15011,3mss,11,0,15,0.1900634765625,1,-652853.7751770519,-627801.5951645803,-25055.557003036163,77.87525243709084,
15012,3mss,12,0,15,0.1900634765625,1,-652849.2456604746,-627801.5951645803,-25056.211286989994,197.41653252857805,
15013,3mss,13,0,15,0.1900634765625,1,-652837.8754096827,-627801.5951645803,-25055.804406918607,450.23786741362943,
15014,3mss,14,0,15,0.1900634765625,1,-652844.4031441272,-627801.5951645803,-25054.849785996623,277.69065359966726,
15015,3mss,15,0,15,0.1900634765625,1,-652845.4403137766,-627801.5951645803,-25053.609473925106,225.17067744151007,
15016,3mss,16,0,15,0.1900634765625,1,-652853.6724273172,-627801.5951645803,-25054.74548079448,61.53057013768586,
15017,3mss,17,0,15,0.1900634765625,1,-652851.9394598803,-627801.5951645803,-25052.79002397696,56.39984313393353,
15018,3mss,18,0,15,0.1900634765625,1,-652856.3283530981,-627801.5951645803,-25056.339361751474,37.039234678074976,
15019,3mss,19,0,15,0.1900634765625,1,-652854.8949668162,-627801.5951645803,-25055.410547344036,48.6749385241879,
15020,3mss,20,0,15,0.1900634765625,1,-652856.8749855963,-627801.5951645803,-25056.027471967063,17.241240517353777,
15021,3mss,21,0,15,0.1900634765625,1,-652847.6277031503,-627801.5951645803,-25045.568897562123,-10.69181563833057,
15022,3mss,22,0,15,0.1900634765625,1,-652859.7144848021,-627801.5951645803,-25056.38849962691,-39.91367111527423,
15023,3mss,23,0,15,0.1900634765625,1,-652851.8636151009,-627801.5951645803,-25055.807968629546,127.74432231031011,
15024,3mss,24,0,15,0.1900634765625,1,-652839.0267556814,-627801.5951645803,-25056.40460559169,437.5281081511471,
15025,3mss,25,0,15,0.1900634765625,1,-652850.4505627058,-627801.5951645803,-25055.959966974355,163.83524975538225,
15026,3mss,26,0,15,0.1900634765625,1,-652857.1413894208,-627801.5951645803,-25055.69502613137,3.4314392837789756,
15027,3mss,27,0,15,0.1900634765625,1,-652828.8962412082,-627801.5951645803,-25054.77624889279,633.5925241685894,
15028,3mss,28,0,15,0.1900634765625,1,-652860.1096509901,-627801.5951645803,-25056.106928890593,-55.519595327569895,
15029,3mss,29,0,15,0.1900634765625,1,-652829.9050566903,-627801.5951645803,-25056.084940422348,640.5078301032538,
15030,3mss,30,0,15,0.1900634765625,1,-652832.3437572034,-627801.5951645803,-25056.16355207751,586.0828881102512,
15031,3mss,31,0,15,0.1900634765625,1,-652853.6664514296,-627801.5951645803,-25055.46803131795,78.33078828701251,
15032,3mss,32,0,15,0.1900634765625,1,-652851.8485091386,-627801.5951645803,-25055.689350085355,125.35726546425387,
15033,3mss,33,0,15,0.1900634765625,1,-652859.2985161147,-627801.5951645803,-25054.567840086318,-72.30661172280993,
15034,3mss,34,0,15,0.1900634765625,1,-652858.1908213409,-627801.5951645803,-25055.96022059957,-14.65350598520226,
15035,3mss,35,0,15,0.1900634765625,1,-652830.563745489,-627801.5951645803,-25048.416570382215,448.4812914628014,
15036,3mss,36,0,15,0.1900634765625,1,-652840.8740721253,-627801.5951645803,-25053.20052644799,321.0401585913864,
15037,3mss,37,0,15,0.1900634765625,1,-652843.9511225722,-627801.5951645803,-25056.096656063593,316.86802510816693,
15038,3mss,38,0,15,0.1900634765625,1,-652854.3102252992,-627801.5951645803,-25056.491252796746,87.08105802786427,
15039,3mss,39,0,15,0.1900634765625,1,-652855.7852347397,-627801.5951645803,-25055.660718061983,33.91394629988403,
15040,3mss,40,0,15,0.1900634765625,1,-652850.7781898138,-627801.5951645803,-25049.831328043736,14.950217962696728,
15041,3mss,41,0,15,0.1900634765625,1,-652826.7583229891,-627801.5951645803,-25056.475144090153,722.071543475759,
15042,3mss,42,0,15,0.1900634765625,1,-652837.9501058372,-627801.5951645803,-25056.229434305824,458.3166975634038,
15043,3mss,43,0,15,0.1900634765625,1,-652859.947570061,-627801.5951645803,-25055.984207628317,-54.61193984705316,
15044,3mss,44,0,15,0.1900634765625,1,-652853.4763642309,-627801.5951645803,-25056.061325432755,96.3959905377735,
15045,3mss,45,0,15,0.1900634765625,1,-652826.9087149403,-627801.5951645803,-25055.492712687723,695.9480163456565,
15046,3mss,46,0,15,0.1900634765625,1,-652863.9202446552,-627801.5951645803,-25056.031667173862,-145.1295492234218,
15047,3mss,47,0,15,0.1900634765625,1,-652854.8099681936,-627801.5951645803,-25056.36385891775,72.61894046784604,
15048,3mss,48,0,15,0.1900634765625,1,-652856.760040274,-627801.5951645803,-25056.564286271132,32.271174554722414,
15049,3mss,49,0,15,0.1900634765625,1,-652853.4495840124,-627801.5951645803,-25048.011983069613,-88.60868752358147,
15050,3mss,50,0,15,0.1900634765625,1,-652837.8601823511,-627801.5951645803,-25047.91917442719,268.75123699987546,
15051,3mss,51,0,15,0.1900634765625,1,-652846.107965564,-627801.5951645803,-25056.031412510223,265.6254920488913,
15052,3mss,52,0,15,0.1900634765625,1,-652831.3667837438,-627801.5951645803,-25056.36470392535,613.2511031126938,
15053,3mss,53,0,15,0.1900634765625,1,-652851.5194645128,-627801.5951645803,-25056.173293953783,144.10522551988763,
15054,3mss,54,0,15,0.1900634765625,1,-652854.9947704287,-627801.5951645803,-25055.882488032825,57.25662336993835,
15055,3mss,55,0,15,0.1900634765625,1,-652841.0180365347,-627801.5951645803,-25045.640925837703,143.3917289894982,
15056,3mss,56,0,15,0.1900634765625,1,-652831.8439840582,-627801.5951645803,-25056.02280337552,594.3621884549799,
15057,3mss,57,0,15,0.1900634765625,1,-652853.8229378364,-627801.5951645803,-25054.5364287887,53.23886133312554,
15058,3mss,58,0,15,0.1900634765625,1,-652850.5005232008,-627801.5951645803,-25056.388899313308,172.57454808726214,
15059,3mss,59,0,15,0.1900634765625,1,-652850.9577390008,-627801.5951645803,-25050.854959329612,34.41521357780832,
15060,3mss,60,0,15,0.1900634765625,1,-652851.8872380761,-627801.5951645803,-25056.003906372956,131.71799526411053,
15061,3mss,61,0,15,0.1900634765625,1,-652848.7074386082,-627801.5951645803,-25056.195149401225,209.45608198621505,
15062,3mss,62,0,15,0.1900634765625,1,-652855.699605009,-627801.5951645803,-25056.404865989483,53.04907367332659,
15063,3mss,63,0,15,0.1900634765625,1,-652857.3140233957,-627801.5951645803,-25055.61592097769,-2.373802929666949,
15064,3mss,64,0,15,0.1900634765625,1,-652817.6645178256,-627801.5951645803,-25056.20543403367,925.5600107534227,
15065,3mss,65,0,15,0.1900634765625,1,-652856.449704533,-627801.5951645803,-25055.748825757786,20.622720582280863,
15066,3mss,66,0,15,0.1900634765625,1,-652837.3792135628,-627801.5951645803,-25056.14658561165,469.5712498881304,
15067,3mss,67,0,15,0.1900634765625,1,-652825.070425769,-627801.5951645803,-25056.23186410407,755.3852082985983,
15068,3mss,68,0,15,0.1900634765625,1,-652840.0397539196,-627801.5951645803,-25056.581102060176,418.2379190800868,
15069,3mss,69,0,15,0.1900634765625,1,-652854.1554061971,-627801.5951645803,-25055.585002871252,69.7526515845712,
15070,3mss,70,0,15,0.1900634765625,1,-652844.4381767871,-627801.5951645803,-25046.37568551211,81.46538172616667,
15071,3mss,71,0,15,0.1900634765625,1,-652845.3403063916,-627801.5951645803,-25042.11587850938,-37.57170430306486,
15072,3mss,72,0,15,0.1900634765625,1,-652852.197586259,-627801.5951645803,-25054.88971773735,98.86739582410547,
15073,3mss,73,0,15,0.1900634765625,1,-652857.0280620359,-627801.5951645803,-25056.522653775308,25.13037773339502,
15074,3mss,74,0,15,0.1900634765625,1,-652857.846500999,-627801.5951645803,-25056.17708888466,-1.712188809475479,
15075,3mss,75,0,15,0.1900634765625,1,-652856.8357168635,-627801.5951645803,-25056.18327578344,21.739720367419256,
15076,3mss,76,0,15,0.1900634765625,1,-652824.2634963748,-627801.5951645803,-25052.60479036907,690.3511348369101,
15077,3mss,77,0,15,0.1900634765625,1,-652836.9028227231,-627801.5951645803,-25055.90154830555,474.90638911481926,
15078,3mss,78,0,15,0.1900634765625,1,-652860.9953063043,-627801.5951645803,-25055.55802462811,-88.601325061449,
15079,3mss,79,0,15,0.1900634765625,1,-652835.3271857552,-627801.5951645803,-25054.986120024718,490.13116312118314,
15080,3mss,80,0,15,0.1900634765625,1,-652855.1774163154,-627801.5951645803,-25055.409038223348,42.126697187464934,
15081,3mss,81,0,15,0.1900634765625,1,-652836.6062625251,-627801.5951645803,-25055.47386052648,471.8825152612478,
15082,3mss,82,0,15,0.1900634765625,1,-652841.5682267459,-627801.5951645803,-25055.354818107582,354.7117186175202,
15083,3mss,83,0,15,0.1900634765625,1,-652857.6544903718,-627801.5951645803,-25056.00176774899,-1.3273199934340933,
15084,3mss,84,0,15,0.1900634765625,1,-652848.1900756565,-627801.5951645803,-25055.91233168731,214.86482365942345,
15085,3mss,85,0,15,0.1900634765625,1,-652847.7119166753,-627801.5951645803,-25055.304407380543,211.87236416224218,
15086,3mss,86,0,15,0.1900634765625,1,-652857.3784779969,-627801.5951645803,-25054.949530975915,-19.227479854740615,
15087,3mss,87,0,15,0.1900634765625,1,-652858.1023987435,-627801.5951645803,-25056.062705175973,-10.251081972808803,
15088,3mss,88,0,15,0.1900634765625,1,-652837.9479786364,-627801.5951645803,-25055.265475681073,436.1363380071124,
15089,3mss,89,0,15,0.1900634765625,1,-652842.6643355689,-627801.5951645803,-25055.676182572286,336.8456892872946,
15090,3mss,90,0,15,0.1900634765625,1,-652837.1196724983,-627801.5951645803,-25055.624442305438,463.51549833275317,
15091,3mss,91,0,15,0.1900634765625,1,-652850.5250303351,-627801.5951645803,-25055.055299403168,141.25585563166246,
15092,3mss,92,0,15,0.1900634765625,1,-652859.1601463911,-627801.5951645803,-25055.426528500415,-49.3139048491808,
15093,3mss,93,0,15,0.1900634765625,1,-652846.072618132,-627801.5951645803,-25055.79491226936,260.9867980791924,
15094,3mss,94,0,15,0.1900634765625,1,-652856.6516988785,-627801.5951645803,-25056.46406911502,32.458523965843845,
15095,3mss,95,0,15,0.1900634765625,1,-652851.4639411472,-627801.5951645803,-25055.839400222547,137.685852388953,
15096,3mss,96,0,15,0.1900634765625,1,-652861.8889705,-627801.5951645803,-25056.23774186431,-93.53505915351016,
15097,3mss,97,0,15,0.1900634765625,1,-652855.3588137231,-627801.5951645803,-25056.344222361244,59.50943213403787,
15098,3mss,98,0,15,0.1900634765625,1,-652854.3208388449,-627801.5951645803,-25055.986131570324,75.18793164836575,
15099,3mss,99,0,15,0.1900634765625,1,-652857.170557385,-627801.5951645803,-25055.56170162002,-0.3157262189677741,
15100,3mss,100,0,15,0.1900634765625,1,-652855.097427657,-627801.5951645803,-25056.23927060703,63.11689306551342,
16001,4e6q,1,0,16,0.156982421875,1,-656369.2335090535,-627801.5951645803,-28561.90646444389,-132.1802935753699,
16002,4e6q,2,0,16,0.156982421875,1,-656364.7215540323,-627801.5951645803,-28561.833281980245,-29.819766703068705,
16003,4e6q,3,0,16,0.156982421875,1,-656345.5095132337,-627801.5951645803,-28561.86503200361,413.95259198979414,
16004,4e6q,4,0,16,0.156982421875,1,-656366.7781752693,-627801.5951645803,-28561.996576295584,-73.48092273811619,
16005,4e6q,5,0,16,0.156982421875,1,-656352.6517181889,-627801.5951645803,-28561.81169347593,248.01941733508758,
16006,4e6q,6,0,16,0.156982421875,1,-656367.6268849429,-627801.5951645803,-28561.718320058077,-99.46937403515196,
16007,4e6q,7,0,16,0.156982421875,1,-656360.0330439404,-627801.5951645803,-28561.866565154272,79.06737275118861,
16008,4e6q,8,0,16,0.156982421875,1,-656354.300858249,-627801.5951645803,-28556.69187079498,91.9234282822437,
16009,4e6q,9,0,16,0.156982421875,1,-656358.5830961659,-627801.5951645803,-28561.76054839917,110.05915830563599,
16010,4e6q,10,0,16,0.156982421875,1,-656352.878480858,-627801.5951645803,-28561.95590673515,246.1157827187575,
16011,4e6q,11,0,16,0.156982421875,1,-656339.5995465862,-627801.5951645803,-28554.021393345076,369.3610560908017,
16012,4e6q,12,0,16,0.156982421875,1,-656364.1995971106,-627801.5951645803,-28561.52212999889,-24.958489293940275,
16013,4e6q,13,0,16,0.156982421875,1,-656346.9450924441,-627801.5951645803,-28561.965575562208,383.1659384857446,
16014,4e6q,14,0,16,0.156982421875,1,-656354.2980894209,-627801.5951645803,-28561.959882484167,213.4705145050749,
16015,4e6q,15,0,16,0.156982421875,1,-656362.6096152856,-627801.5951645803,-28561.425242887217,9.47309275775406,
16016,4e6q,16,0,16,0.156982421875,1,-656352.1856522463,-627801.5951645803,-28556.707867608755,141.07013276615044,
16017,4e6q,17,0,16,0.156982421875,1,-656335.022834708,-627801.5951645803,-28558.11381034681,569.2759172758973,
16018,4e6q,18,0,16,0.156982421875,1,-656351.2093033704,-627801.5951645803,-28557.843873248785,189.78218511610032,
16019,4e6q,19,0,16,0.156982421875,1,-656360.2321929679,-627801.5951645803,-28561.938021228987,76.12270330661553,
16020,4e6q,20,0,16,0.156982421875,1,-656358.944159721,-627801.5951645803,-28561.224378691404,89.36846773176858,
16021,4e6q,21,0,16,0.156982421875,1,-656357.9867921666,-627801.5951645803,-28561.129115091055,109.24905719965719,
16022,4e6q,22,0,16,0.156982421875,1,-656364.6571462955,-627801.5951645803,-28561.78078483173,-29.545102013091775,
16023,4e6q,23,0,16,0.156982421875,1,-656366.6902470635,-627801.5951645803,-28561.67693309614,-78.82439743375913,
16024,4e6q,24,0,16,0.156982421875,1,-656346.3299887823,-627801.5951645803,-28557.167678878992,286.70843994936536,
16025,4e6q,25,0,16,0.156982421875,1,-656360.9381069884,-627801.5951645803,-28560.530897424906,27.394893484062965,
16026,4e6q,26,0,16,0.156982421875,1,-656358.6026231106,-627801.5951645803,-28560.376937673776,77.70203495087921,
16027,4e6q,27,0,16,0.156982421875,1,-656362.7237260239,-627801.5951645803,-28560.292143688886,-19.288251640086642,
16028,4e6q,28,0,16,0.156982421875,1,-656348.5656767683,-627801.5951645803,-28559.66413693258,292.7219405654169,
16029,4e6q,29,0,16,0.156982421875,1,-656353.9473471239,-627801.5951645803,-28561.86588089296,219.39109583144156,
16030,4e6q,30,0,16,0.156982421875,1,-656345.6399450512,-627801.5951645803,-28555.726275251596,269.3816691234522,
16031,4e6q,31,0,16,0.156982421875,1,-656360.5795540409,-627801.5951645803,-28560.292334721762,30.161934253806237,
16032,4e6q,32,0,16,0.156982421875,1,-656348.0811252497,-627801.5951645803,-28561.982756064623,357.3645914313197,
16033,4e6q,33,0,16,0.156982421875,1,-656363.0457744347,-627801.5951645803,-28560.089170501917,-31.395537306947894,
16034,4e6q,34,0,16,0.156982421875,1,-656355.0434652928,-627801.5951645803,-28561.925651596277,195.49235553207083,
16035,4e6q,35,0,16,0.156982421875,1,-656366.1242852256,-627801.5951645803,-28561.681114004343,-65.67659336731415,
16036,4e6q,36,0,16,0.156982421875,1,-656362.5762196379,-627801.5951645803,-28561.37827925512,9.16020760623756,
16037,4e6q,37,0,16,0.156982421875,1,-656347.2254421607,-627801.5951645803,-28561.41124789545,363.91782076225047,
16038,4e6q,38,0,16,0.156982421875,1,-656323.7607203033,-627801.5951645803,-28556.71456526348,796.7190870084635,
16039,4e6q,39,0,16,0.156982421875,1,-656342.7537536072,-627801.5951645803,-28561.939461277216,479.21829849060384,
16040,4e6q,40,0,16,0.156982421875,1,-656352.0164992707,-627801.5951645803,-28561.12321971485,246.7913314837659,
16041,4e6q,41,0,16,0.156982421875,1,-656346.6275937752,-627801.5951645803,-28561.86749713251,388.2258894071201,
16042,4e6q,42,0,16,0.156982421875,1,-656366.9287877586,-627801.5951645803,-28557.050163434236,-191.0211196310625,
16043,4e6q,43,0,16,0.156982421875,1,-656361.563607593,-627801.5951645803,-28557.841319964617,-49.05262279147737,
16044,4e6q,44,0,16,0.156982421875,1,-656327.1101461397,-627801.5951645803,-28561.1164806945,820.9900736449599,
16045,4e6q,45,0,16,0.156982421875,1,-656362.9092430966,-627801.5951645803,-28561.703530715196,8.980981059770972,
16046,4e6q,46,0,16,0.156982421875,1,-656353.166593394,-627801.5951645803,-28561.87767379114,237.66765525542425,
16047,4e6q,47,0,16,0.156982421875,1,-656351.8641791389,-627801.5951645803,-28560.406191573817,233.7688554259677,
16048,4e6q,48,0,16,0.156982421875,1,-656361.5513870316,-627801.5951645803,-28561.975345538347,46.56208452494007,
16049,4e6q,49,0,16,0.156982421875,1,-656333.7123639927,-627801.5951645803,-28561.139069722383,669.2602284166845,
16050,4e6q,50,0,16,0.156982421875,1,-656348.5848323461,-627801.5951645803,-28561.90163217613,343.87806853299304,
16051,4e6q,51,0,16,0.156982421875,1,-656360.4815671936,-627801.5951645803,-28561.675955818384,64.32862511035107,
16052,4e6q,52,0,16,0.156982421875,1,-656335.5432533221,-627801.5951645803,-28561.94066839048,645.5242218894239,
16053,4e6q,53,0,16,0.156982421875,1,-656335.5894224988,-627801.5951645803,-28561.96469323465,645.0135614499821,
16054,4e6q,54,0,16,0.156982421875,1,-656358.0568109069,-627801.5951645803,-28561.87770037481,124.89717343233829,
16055,4e6q,55,0,16,0.156982421875,1,-656361.8219459251,-627801.5951645803,-28561.866017208784,37.80167704577198,
16056,4e6q,56,0,16,0.156982421875,1,-656360.7306547211,-627801.5951645803,-28560.80169837305,38.42367463374822,
16057,4e6q,57,0,16,0.156982421875,1,-656362.6268924968,-627801.5951645803,-28561.91516672203,20.372582828907024,
16058,4e6q,58,0,16,0.156982421875,1,-656358.1244041387,-627801.5951645803,-28559.949821160524,78.8804856447354,
16059,4e6q,59,0,16,0.156982421875,1,-656345.0755466417,-627801.5951645803,-28559.98762242624,380.66600598384946,
16060,4e6q,60,0,16,0.156982421875,1,-656362.0386025356,-627801.5951645803,-28561.158908115118,16.499133840885325,
16061,4e6q,61,0,16,0.156982421875,1,-656364.8719916539,-627801.5951645803,-28561.924152599066,-31.19341442055068,
16062,4e6q,62,0,16,0.156982421875,1,-656360.5029433582,-627801.5951645803,-28560.378277765005,33.91051222745675,
16063,4e6q,63,0,16,0.156982421875,1,-656343.6723043964,-627801.5951645803,-28561.937437818724,457.98935201915396,
16064,4e6q,64,0,16,0.156982421875,1,-656364.0258441763,-627801.5951645803,-28561.875788734644,-12.796087249753745,
16065,4e6q,65,0,16,0.156982421875,1,-656346.240831052,-627801.5951645803,-28561.948533521383,399.01359320646174,
16066,4e6q,66,0,16,0.156982421875,1,-656361.2064440758,-627801.5951645803,-28561.974904940813,54.50649763470308,
16067,4e6q,67,0,16,0.156982421875,1,-656338.1905059562,-627801.5951645803,-28558.057233558386,494.9229912095088,
16068,4e6q,68,0,16,0.156982421875,1,-656367.3773483532,-627801.5951645803,-28561.958598659723,-88.17396738649762,
16069,4e6q,69,0,16,0.156982421875,1,-656363.7400941746,-627801.5951645803,-28561.94513927528,-4.607274209206731,
16070,4e6q,70,0,16,0.156982421875,1,-656363.2515766833,-627801.5951645803,-28561.53556983301,-2.7866889466276366,
16071,4e6q,71,0,16,0.156982421875,1,-656351.4681810335,-627801.5951645803,-28560.61421172449,247.69784731084786,
16072,4e6q,72,0,16,0.156982421875,1,-656324.1905399757,-627801.5951645803,-28561.42400853464,895.4095517054444,
16073,4e6q,73,0,16,0.156982421875,1,-656336.9997264789,-627801.5951645803,-28561.9449842436,612.036678930077,
16074,4e6q,74,0,16,0.156982421875,1,-656332.744277439,-627801.5951645803,-28561.636271820753,703.0505874642639,
16075,4e6q,75,0,16,0.156982421875,1,-656333.8068634615,-627801.5951645803,-28561.97191940376,686.286988809495,
16076,4e6q,76,0,16,0.156982421875,1,-656344.5544723468,-627801.5951645803,-28561.316691206186,423.3313188554446,
16077,4e6q,77,0,16,0.156982421875,1,-656368.4596366182,-627801.5951645803,-28561.120786891657,-132.45252603848124,
16078,4e6q,78,0,16,0.156982421875,1,-656364.2584364329,-627801.5951645803,-28561.890163109987,-17.828311138507466,
16079,4e6q,79,0,16,0.156982421875,1,-656365.9371683346,-627801.5951645803,-28561.224839792925,-71.8835086280905,
16080,4e6q,80,0,16,0.156982421875,1,-656353.7305256479,-627801.5951645803,-28561.36042009422,212.73491492364067,
16081,4e6q,81,0,16,0.156982421875,1,-656348.1345159309,-627801.5951645803,-28561.23878763744,338.9770535752011,
16082,4e6q,82,0,16,0.156982421875,1,-656343.6323119614,-627801.5951645803,-28561.334513412206,445.00783236505896,
16083,4e6q,83,0,16,0.156982421875,1,-656353.2407209472,-627801.5951645803,-28561.348404751498,223.75299926657942,
16084,4e6q,84,0,16,0.156982421875,1,-656352.2449660497,-627801.5951645803,-28561.359928653925,246.98140021056133,
16085,4e6q,85,0,16,0.156982421875,1,-656352.509792824,-627801.5951645803,-28561.293163464754,239.33470787520957,
16086,4e6q,86,0,16,0.156982421875,1,-656340.0820197971,-627801.5951645803,-28561.316861377447,526.4724490411554,
16087,4e6q,87,0,16,0.156982421875,1,-656349.5713035061,-627801.5951645803,-28561.051146314818,301.51683327833416,
16088,4e6q,88,0,16,0.156982421875,1,-656357.3702264779,-627801.5951645803,-28561.353457318037,128.64085441145272,
16089,4e6q,89,0,16,0.156982421875,1,-656356.8438378619,-627801.5951645803,-28561.35271488258,140.76254329877563,
16090,4e6q,90,0,16,0.156982421875,1,-656362.7753300283,-627801.5951645803,-28561.44195251295,6.036953132845281,
16091,4e6q,91,0,16,0.156982421875,1,-656350.398337324,-627801.5951645803,-28561.34631215163,289.2516662612152,
16092,4e6q,92,0,16,0.156982421875,1,-656361.9021197157,-627801.5951645803,-28561.30594395229,23.037229393542464,
16093,4e6q,93,0,16,0.156982421875,1,-656359.8232286171,-627801.5951645803,-28561.420899019926,73.62852384337754,
16094,4e6q,94,0,16,0.156982421875,1,-656345.5106719937,-627801.5951645803,-28561.26325725147,400.0486148933527,
16095,4e6q,95,0,16,0.156982421875,1,-656358.4586039826,-627801.5951645803,-28561.714662776678,111.87186866162305,
16096,4e6q,96,0,16,0.156982421875,1,-656343.7654842334,-627801.5951645803,-28561.767105029314,451.9126064941811,
16097,4e6q,97,0,16,0.156982421875,1,-656356.0858924137,-627801.5951645803,-28561.80970595905,168.77964513616237,
16098,4e6q,98,0,16,0.156982421875,1,-656345.792480624,-627801.5951645803,-28561.711784110754,403.89322858635853,
16099,4e6q,99,0,16,0.156982421875,1,-656362.5341257349,-627801.5951645803,-28561.979565487592,23.996905992226633,
16100,4e6q,100,0,16,0.156982421875,1,-656346.4001085507,-627801.5951645803,-28561.902520642965,394.27948464525787,
17001,4jia,1,0,17,0.156982421875,1,-664146.3799063924,-627801.5951645803,-36347.82551452796,70.12188465495464,
17002,4jia,2,0,17,0.156982421875,1,-664153.8918206921,-627801.5951645803,-36347.51115550387,-110.35626566354571,
17003,4jia,3,0,17,0.156982421875,1,-664149.9084397329,-627801.5951645803,-36347.96160354005,-8.109740041597858,
17004,4jia,4,0,17,0.156982421875,1,-664133.4012792917,-627801.5951645803,-36347.57026323952,363.5299011405219,
17005,4jia,5,0,17,0.156982421875,1,-664145.1534783456,-627801.5951645803,-36347.727057951466,96.13352469800138,
17006,4jia,6,0,17,0.156982421875,1,-664142.0486159255,-627801.5951645803,-36347.96595131141,173.24236479808488,
17007,4jia,7,0,17,0.156982421875,1,-664129.9674766425,-627801.5951645803,-36347.64899836767,444.53094656349316,
17008,4jia,8,0,17,0.156982421875,1,-664138.1150218609,-627801.5951645803,-36347.75649157442,259.1229425866007,
17009,4jia,9,0,17,0.156982421875,1,-664140.019836149,-627801.5951645803,-36347.764688688294,215.3859115257744,
17010,4jia,10,0,17,0.156982421875,1,-664146.234643959,-627801.5951645803,-36347.62870541495,68.93318998539847,
17011,4jia,11,0,17,0.156982421875,1,-664129.8823131833,-627801.5951645803,-36347.36939734507,440.0471098321924,
17012,4jia,12,0,17,0.156982421875,1,-664145.5229998145,-627801.5951645803,-36347.66816118635,86.25396552155024,
17013,4jia,13,0,17,0.156982421875,1,-664129.9261104676,-627801.5951645803,-36347.435609343425,440.5640054162416,
17014,4jia,14,0,17,0.156982421875,1,-664132.3445952465,-627801.5951645803,-36347.85178149772,394.38957936594164,
17015,4jia,15,0,17,0.156982421875,1,-664124.9498109433,-627801.5951645803,-36347.55752402831,558.1316180379832,
17016,4jia,16,0,17,0.156982421875,1,-664135.4450343314,-627801.5951645803,-36347.817881855146,322.11001122312683,
17017,4jia,17,0,17,0.156982421875,1,-664150.628809205,-627801.5951645803,-36347.76401095368,-29.27844799912878,
17018,4jia,18,0,17,0.156982421875,1,-664147.0783499111,-627801.5951645803,-36347.85571162683,54.711756127295814,
17019,4jia,19,0,17,0.156982421875,1,-664139.6753349963,-627801.5951645803,-36347.54869881559,218.34945204338658,
17020,4jia,20,0,17,0.156982421875,1,-664133.8282608453,-627801.5951645803,-36347.846549796835,360.0547919720106,
17021,4jia,21,0,17,0.156982421875,1,-664137.6238306228,-627801.5951645803,-36347.72385806121,269.6975349359722,
17022,4jia,22,0,17,0.156982421875,1,-664118.9568832,-627801.5951645803,-36347.649932804525,698.4628119129997,
17023,4jia,23,0,17,0.156982421875,1,-664149.537854484,-627801.5951645803,-36347.63578383903,-7.077421985598945,
17024,4jia,24,0,17,0.156982421875,1,-664138.556903905,-627801.5951645803,-36347.785269784705,249.59654186836838,
17025,4jia,25,0,17,0.156982421875,1,-664153.5496213052,-627801.5951645803,-36347.79610403158,-95.89389118149771,
17026,4jia,26,0,17,0.156982421875,1,-664155.9365049233,-627801.5951645803,-36347.62014475745,-154.99445227958512,
17027,4jia,27,0,17,0.156982421875,1,-664152.4414499167,-627801.5951645803,-36347.43416352857,-78.6853981538411,
17028,4jia,28,0,17,0.156982421875,1,-664141.5314945492,-627801.5951645803,-36347.60923554279,176.9414059848495,
17029,4jia,29,0,17,0.156982421875,1,-664127.9920366916,-627801.5951645803,-36347.58816416837,488.68280407330224,
17030,4jia,30,0,17,0.156982421875,1,-664138.8614413966,-627801.5951645803,-36347.55328669679,237.2240833814675,
17031,4jia,31,0,17,0.156982421875,1,-664138.696757606,-627801.5951645803,-36347.82082253981,247.19130491693707,
17032,4jia,32,0,17,0.156982421875,1,-664141.0924373779,-627801.5951645803,-36347.414917263166,182.58521890338903,
17033,4jia,33,0,17,0.156982421875,1,-664150.5373932037,-627801.5951645803,-36347.72060387857,-28.17133585990213,
17034,4jia,34,0,17,0.156982421875,1,-664133.6939216782,-627801.5951645803,-36347.58056366724,357.0189408951424,
17035,4jia,35,0,17,0.156982421875,1,-664151.7354896727,-627801.5951645803,-36347.520648422724,-60.411179143618156,
17036,4jia,36,0,17,0.156982421875,1,-664134.6364155624,-627801.5951645803,-36347.69563247539,337.93806535445026,
17037,4jia,37,0,17,0.156982421875,1,-664151.5267356846,-627801.5951645803,-36347.55765083708,-54.74390186902625,
17038,4jia,38,0,17,0.156982421875,1,-664146.8888974418,-627801.5951645803,-36347.674122038305,54.89307846667016,
17039,4jia,39,0,17,0.156982421875,1,-664153.6661276433,-627801.5951645803,-36347.58442150343,-103.46210622954149,
17040,4jia,40,0,17,0.156982421875,1,-664132.1306737575,-627801.5951645803,-36347.70967713274,396.04572158867745,
17041,4jia,41,0,17,0.156982421875,1,-664133.3479506436,-627801.5951645803,-36347.94771452524,373.4639224086881,
17042,4jia,42,0,17,0.156982421875,1,-664135.3349133362,-627801.5951645803,-36347.76751713735,323.488023716417,
17043,4jia,43,0,17,0.156982421875,1,-664129.9792960796,-627801.5951645803,-36347.67858679879,444.9407092989264,
17044,4jia,44,0,17,0.156982421875,1,-664149.7235670004,-627801.5951645803,-36347.737137335316,-9.022787201802842,
17045,4jia,45,0,17,0.156982421875,1,-664151.3466825846,-627801.5951645803,-36347.791695225045,-45.194586941487266,
17046,4jia,46,0,17,0.156982421875,1,-664138.7929968765,-627801.5951645803,-36347.7876899718,244.2079194464654,
17047,4jia,47,0,17,0.156982421875,1,-664133.160801999,-627801.5951645803,-36347.41124071465,365.4082927097855,
17048,4jia,48,0,17,0.156982421875,1,-664152.878676972,-627801.5951645803,-36347.98489333965,-76.06796242553634,
17049,4jia,49,0,17,0.156982421875,1,-664142.4744977269,-627801.5951645803,-36347.74185923018,158.25361098884125,
17050,4jia,50,0,17,0.156982421875,1,-664141.2713200082,-627801.5951645803,-36347.72813809198,185.68313135551946,
17051,4jia,51,0,17,0.156982421875,1,-664150.6910688195,-627801.5951645803,-36347.52497993696,-36.22637501049042,
17052,4jia,52,0,17,0.156982421875,1,-664140.2270206425,-627801.5951645803,-36347.380261096136,201.74301272631646,
17053,4jia,53,0,17,0.156982421875,1,-664131.5986626957,-627801.5951645803,-36347.709592851774,408.31224456022625,
17054,4jia,54,0,17,0.156982421875,1,-664132.8037705349,-627801.5951645803,-36347.422218832195,373.89479526961105,
17055,4jia,55,0,17,0.156982421875,1,-664104.1526461308,-627801.5951645803,-36347.572257387445,1038.0653912725643,
17056,4jia,56,0,17,0.156982421875,1,-664130.0668374661,-627801.5951645803,-36347.76522270121,444.9198283402146,
17057,4jia,57,0,17,0.156982421875,1,-664153.8080220585,-627801.5951645803,-36347.92270295598,-98.93331356005089,
17058,4jia,58,0,17,0.156982421875,1,-664151.9062843696,-627801.5951645803,-36347.618138077676,-62.10163356959256,
17059,4jia,59,0,17,0.156982421875,1,-664111.1380209242,-627801.5951645803,-36347.4102013437,873.2417205863244,
17060,4jia,60,0,17,0.156982421875,1,-664128.5397945407,-627801.5951645803,-36347.9083858905,483.43569633408805,
17061,4jia,61,0,17,0.156982421875,1,-664132.7142008755,-627801.5951645803,-36347.84331950821,385.67113296602747,
17062,4jia,62,0,17,0.156982421875,1,-664111.5014641513,-627801.5951645803,-36347.47981773597,866.465912806973,
17063,4jia,63,0,17,0.156982421875,1,-664111.6847424421,-627801.5951645803,-36347.816343481725,869.9998830721751,
17064,4jia,64,0,17,0.156982421875,1,-664144.8017400119,-627801.5951645803,-36347.75986168809,105.00127550371292,
17065,4jia,65,0,17,0.156982421875,1,-664148.3197991017,-627801.5951645803,-36347.31445774712,13.601646708085099,
17066,4jia,66,0,17,0.156982421875,1,-664132.9155826648,-627801.5951645803,-36347.799860167324,380.0249623727498,
17067,4jia,67,0,17,0.156982421875,1,-664132.7986995641,-627801.5951645803,-36347.69352455724,380.2681932847578,
17068,4jia,68,0,17,0.156982421875,1,-664143.5016723785,-627801.5951645803,-36347.31596075274,124.74494859481467,
17069,4jia,69,0,17,0.156982421875,1,-664145.2153120849,-627801.5951645803,-36347.623857486025,92.3277455263342,
17070,4jia,70,0,17,0.156982421875,1,-664112.8767636348,-627801.5951645803,-36347.64686613065,838.6029807809738,
17071,4jia,71,0,17,0.156982421875,1,-664136.5670354578,-627801.5951645803,-36347.79530179787,295.7153420908011,
17072,4jia,72,0,17,0.156982421875,1,-664140.6366789851,-627801.5951645803,-36347.5996471373,197.35522921822184,
17073,4jia,73,0,17,0.156982421875,1,-664153.1393065217,-627801.5951645803,-36347.63429829754,-90.16313636110787,
17074,4jia,74,0,17,0.156982421875,1,-664112.3403185089,-627801.5951645803,-36347.78653244954,854.1944810933255,
17075,4jia,75,0,17,0.156982421875,1,-664149.559487811,-627801.5951645803,-36347.68859815139,-6.358371381484097,
17076,4jia,76,0,17,0.156982421875,1,-664146.9559558842,-627801.5951645803,-36347.48852578081,49.06672267533751,
17077,4jia,77,0,17,0.156982421875,1,-664149.8467318628,-627801.5951645803,-36347.70719851087,-12.553442095221712,
17078,4jia,78,0,17,0.156982421875,1,-664145.9502397111,-627801.5951645803,-36348.029022085546,84.72322947658527,
17079,4jia,79,0,17,0.156982421875,1,-664119.6772500349,-627801.5951645803,-36348.074485915764,691.6411853896661,
17080,4jia,80,0,17,0.156982421875,1,-664127.12627714,-627801.5951645803,-36347.569710346834,508.22213838946897,
17081,4jia,81,0,17,0.156982421875,1,-664141.7680274311,-627801.5951645803,-36347.80315189339,175.95864542751784,
17082,4jia,82,0,17,0.156982421875,1,-664159.2499134169,-627801.5951645803,-36346.87819348556,-248.51327012314235,
17083,4jia,83,0,17,0.156982421875,1,-664152.0449847345,-627801.5951645803,-36346.92108635883,-81.37453447033427,
17084,4jia,84,0,17,0.156982421875,1,-664102.4278375123,-627801.5951645803,-36346.98486925937,1064.294930893922,
17085,4jia,85,0,17,0.156982421875,1,-664147.4512649539,-627801.5951645803,-36346.9676379887,25.632666337017724,
17086,4jia,86,0,17,0.156982421875,1,-664141.4458047678,-627801.5951645803,-36346.92812808138,163.2107480973432,
17087,4jia,87,0,17,0.156982421875,1,-664151.0453165683,-627801.5951645803,-36346.8633215009,-59.65372817906899,
17088,4jia,88,0,17,0.156982421875,1,-664154.38605032,-627801.5951645803,-36346.834005388395,-137.36892426316783,
17089,4jia,89,0,17,0.156982421875,1,-664143.3434822175,-627801.5951645803,-36346.86298074104,117.94693314249366,
17090,4jia,90,0,17,0.156982421875,1,-664147.0982859512,-627801.5951645803,-36346.82071148139,30.384349763802792,
17091,4jia,91,0,17,0.156982421875,1,-664145.8160543058,-627801.5951645803,-36346.84413518298,60.4934773439687,
17092,4jia,92,0,17,0.156982421875,1,-664152.1448958877,-627801.5951645803,-36346.825838464276,-85.8750090256599,
17093,4jia,93,0,17,0.156982421875,1,-664154.1595162068,-627801.5951645803,-36346.93595098235,-129.79400226563226,
17094,4jia,94,0,17,0.156982421875,1,-664152.0903769063,-627801.5951645803,-36346.98100279552,-81.03959696587742,
17095,4jia,95,0,17,0.156982421875,1,-664132.0772307431,-627801.5951645803,-36347.69718595128,396.9900932906006,
17096,4jia,96,0,17,0.156982421875,1,-664140.6101958964,-627801.5951645803,-36346.72197628297,177.7263730368046,
17097,4jia,97,0,17,0.156982421875,1,-664134.4347171102,-627801.5951645803,-36347.785215618984,344.6551785244936,
17098,4jia,98,0,17,0.156982421875,1,-664148.4499061782,-627801.5951645803,-36347.95649795514,25.407105173957724,
17099,4jia,99,0,17,0.156982421875,1,-664146.5943766747,-627801.5951645803,-36347.90819973032,67.08284851533053,
17100,4jia,100,0,17,0.156982421875,1,-664153.2224778149,-627801.5951645803,-36347.36322807051,-98.33213988049626,
18001,4f09,1,0,18,0.156982421875,1,-650070.5532927291,-627801.5951645803,-22269.577105928587,14.273966696726292,
18002,4f09,2,0,18,0.156982421875,1,-650058.0124722949,-627801.5951645803,-22269.19613992086,294.68687131230536,
18003,4f09,3,0,18,0.156982421875,1,-650066.7823946399,-627801.5951645803,-22269.192809272918,92.37085103702562,
18004,4f09,4,0,18,0.156982421875,1,-650059.1236709588,-627801.5951645803,-22269.19570379369,269.0519640416867,
18005,4f09,5,0,18,0.156982421875,1,-650057.2866092698,-627801.5951645803,-22270.164698530363,333.7611624613551,
18006,4f09,6,0,18,0.156982421875,1,-650073.620924943,-627801.5951645803,-22269.565198351054,-56.741907960675206,
18007,4f09,7,0,18,0.156982421875,1,-650073.0271118653,-627801.5951645803,-22269.12331007831,-53.23843873018401,
18008,4f09,8,0,18,0.156982421875,1,-650074.8680306905,-627801.5951645803,-22269.118635107207,-95.79884274399485,
18009,4f09,9,0,18,0.156982421875,1,-650074.1252021418,-627801.5951645803,-22269.197129059958,-76.8586959159994,
18010,4f09,10,0,18,0.156982421875,1,-650073.2655971131,-627801.5951645803,-22269.122734416633,-58.751314265582195,
18011,4f09,11,0,18,0.156982421875,1,-650070.478158049,-627801.5951645803,-22270.16633271091,29.594505975982624,
18012,4f09,12,0,18,0.156982421875,1,-650074.0194639944,-627801.5951645803,-22270.160068322348,-52.21440939215342,
18013,4f09,13,0,18,0.156982421875,1,-650051.1615497099,-627801.5951645803,-22269.194887448477,452.6440165682683,
18014,4f09,14,0,18,0.156982421875,1,-650064.6437351039,-627801.5951645803,-22269.541582335143,149.73240944439087,
18015,4f09,15,0,18,0.156982421875,1,-650075.1708464248,-627801.5951645803,-22270.161451865362,-78.7340137384849,
18016,4f09,16,0,18,0.156982421875,1,-650071.9281651609,-627801.5951645803,-22269.127611626314,-27.796929636275852,
18017,4f09,17,0,18,0.156982421875,1,-650073.2781712638,-627801.5951645803,-22269.537699092554,-49.47196831195466,
18018,4f09,18,0,18,0.156982421875,1,-650065.2706478917,-627801.5951645803,-22269.19274031034,127.2309689176416,
18019,4f09,19,0,18,0.156982421875,1,-650061.7236939442,-627801.5951645803,-22269.1244085919,207.4499032158795,
18020,4f09,20,0,18,0.156982421875,1,-650071.5826890402,-627801.5951645803,-22269.196157861876,-18.249347286525726,
18021,4f09,21,0,18,0.156982421875,1,-650062.049623631,-627801.5951645803,-22269.704057205843,213.30080066868445,
18022,4f09,22,0,18,0.156982421875,1,-650070.9735317013,-627801.5951645803,-22269.122538615375,-5.899545489997454,
18023,4f09,23,0,18,0.156982421875,1,-650076.5675737036,-627801.5951645803,-22269.12176655643,-134.91902275368994,
18024,4f09,24,0,18,0.156982421875,1,-650067.1189766609,-627801.5951645803,-22269.121296096968,82.95995222894476,
18025,4f09,25,0,18,0.156982421875,1,-650040.3348230646,-627801.5951645803,-22269.566720296072,710.8889333866254,
18026,4f09,26,0,18,0.156982421875,1,-650077.658841499,-627801.5951645803,-22269.124609817176,-160.01868879550136,
18027,4f09,27,0,18,0.156982421875,1,-650054.0438804848,-627801.5951645803,-22269.70752953403,397.9976972036175,
18028,4f09,28,0,18,0.156982421875,1,-650073.0807755076,-627801.5951645803,-22269.125700880217,-54.42081851761424,
18029,4f09,29,0,18,0.156982421875,1,-650065.5551393853,-627801.5951645803,-22269.70028089397,132.37460312683683,
18030,4f09,30,0,18,0.156982421875,1,-650074.1239302835,-627801.5951645803,-22270.166506160407,-54.47499917496195,
18031,4f09,31,0,18,0.156982421875,1,-650063.5472332162,-627801.5951645803,-22269.538179327177,174.9398684431605,
18032,4f09,32,0,18,0.156982421875,1,-650067.3908756607,-627801.5951645803,-22269.199224938082,78.48689410661886,
18033,4f09,33,0,18,0.156982421875,1,-650071.0632871465,-627801.5951645803,-22269.542552043127,1.7163845118750976,
18034,4f09,34,0,18,0.156982421875,1,-650032.6725519529,-627801.5951645803,-22270.16417657247,901.3627718886214,
18035,4f09,35,0,18,0.156982421875,1,-650074.124515347,-627801.5951645803,-22269.56871973388,-68.27377354065595,
18036,4f09,36,0,18,0.156982421875,1,-650056.6182810598,-627801.5951645803,-22269.539599348234,334.75804752654716,
18037,4f09,37,0,18,0.156982421875,1,-650056.7552497761,-627801.5951645803,-22269.54052822702,331.6208943470928,
18038,4f09,38,0,18,0.156982421875,1,-650060.0842471354,-627801.5951645803,-22269.557677675395,255.247867187703,
18039,4f09,39,0,18,0.156982421875,1,-650048.3310108853,-627801.5951645803,-22270.160438467192,540.1839279682027,
18040,4f09,40,0,18,0.156982421875,1,-650071.7111779981,-627801.5951645803,-22269.565746117758,-12.68946539306032,
18041,4f09,41,0,18,0.156982421875,1,-650070.0470773504,-627801.5951645803,-22269.12295048349,15.474497284258224,
18042,4f09,42,0,18,0.156982421875,1,-650053.3273570171,-627801.5951645803,-22269.19364630094,402.67069202580984,
18043,4f09,43,0,18,0.156982421875,1,-650043.5941632909,-627801.5951645803,-22269.191020239505,627.0629130773111,
18044,4f09,44,0,18,0.156982421875,1,-650053.4801742368,-627801.5951645803,-22270.164696384596,421.53959012097874,
18045,4f09,45,0,18,0.156982421875,1,-650049.5150137321,-627801.5951645803,-22269.194175590204,490.5976223956005,
18046,4f09,46,0,18,0.156982421875,1,-650046.2075407886,-627801.5951645803,-22269.124044884353,565.2525079123842,
18047,4f09,47,0,18,0.156982421875,1,-650073.5413925124,-627801.5951645803,-22269.540422786402,-55.47918463388959,
18048,4f09,48,0,18,0.156982421875,1,-650068.6968434387,-627801.5951645803,-22269.704616476225,60.0251674360936,
18049,4f09,49,0,18,0.156982421875,1,-650067.4434502051,-627801.5951645803,-22270.168380011248,99.6237432297655,
18050,4f09,50,0,18,0.156982421875,1,-650055.6174820444,-627801.5951645803,-22269.568688083815,358.5078232681359,
18051,4f09,51,0,18,0.156982421875,1,-650072.060276888,-627801.5951645803,-22270.164180983218,-6.939641201739132,
18052,4f09,52,0,18,0.156982421875,1,-650071.406165027,-627801.5951645803,-22269.706557561087,-2.4085101586178355,
18053,4f09,53,0,18,0.156982421875,1,-650047.0242559985,-627801.5951645803,-22269.121394325422,546.3574844077087,
18054,4f09,54,0,18,0.156982421875,1,-650045.5200093024,-627801.5951645803,-22269.543603647857,590.782615567426,
18055,4f09,55,0,18,0.156982421875,1,-650073.6837764455,-627801.5951645803,-22269.123606969046,-68.37463722539934,
18056,4f09,56,0,18,0.156982421875,1,-650071.1117228948,-627801.5951645803,-22270.164176870512,14.93443868559617,
18057,4f09,57,0,18,0.156982421875,1,-650065.6285511331,-627801.5951645803,-22269.53828905933,126.94606755416358,
18058,4f09,58,0,18,0.156982421875,1,-650064.7497044884,-627801.5951645803,-22270.15876339784,161.52123080000692,
18059,4f09,59,0,18,0.156982421875,1,-650051.8840879125,-627801.5951645803,-22270.16368239038,458.322831882364,
18060,4f09,60,0,18,0.156982421875,1,-650042.2213571601,-627801.5951645803,-22269.565364171194,667.3531506604353,
18061,4f09,61,0,18,0.156982421875,1,-650071.8751772122,-627801.5951645803,-22269.119639922308,-26.758830371009836,
18062,4f09,62,0,18,0.156982421875,1,-650066.1920700156,-627801.5951645803,-22269.560536254554,114.4640459204992,
18063,4f09,63,0,18,0.156982421875,1,-650058.5392364484,-627801.5951645803,-22269.117146600413,280.7177721105315,
18064,4f09,64,0,18,0.156982421875,1,-650070.5387089633,-627801.5951645803,-22269.116326142477,3.9844420276594463,
18065,4f09,65,0,18,0.156982421875,1,-650070.8971345649,-627801.5951645803,-22269.70618765466,9.321480912984445,
18066,4f09,66,0,18,0.156982421875,1,-650060.5662615382,-627801.5951645803,-22270.161662746577,258.0605776210831,
18067,4f09,67,0,18,0.156982421875,1,-650060.1991052551,-627801.5951645803,-22269.192817677173,244.18530458570143,
18068,4f09,68,0,18,0.156982421875,1,-650067.3303610616,-627801.5951645803,-22269.56502275579,88.31789198483563,
18069,4f09,69,0,18,0.156982421875,1,-650058.8777958673,-627801.5951645803,-22270.163641441988,297.043150785747,
18070,4f09,70,0,18,0.156982421875,1,-650057.9561283521,-627801.5951645803,-22269.54205827823,303.9632603250579,
18071,4f09,71,0,18,0.156982421875,1,-650074.6118964773,-627801.5951645803,-22270.205632914218,-64.82548254950817,
18072,4f09,72,0,18,0.156982421875,1,-650026.905285337,-627801.5951645803,-22270.20994578712,1035.4145626995294,
18073,4f09,73,0,18,0.156982421875,1,-650070.7436906175,-627801.5951645803,-22270.195768166708,24.149977217109495,
18074,4f09,74,0,18,0.156982421875,1,-650067.5272557071,-627801.5951645803,-22270.17429559341,97.82755900950494,
18075,4f09,75,0,18,0.156982421875,1,-650066.7998347653,-627801.5951645803,-22270.15856205337,114.23946037847507,
18076,4f09,76,0,18,0.156982421875,1,-650070.816535049,-627801.5951645803,-22270.1722894799,21.928713340074687,
18077,4f09,77,0,18,0.156982421875,1,-650062.4960383252,-627801.5951645803,-22270.085041214155,211.79193320740924,
18078,4f09,78,0,18,0.156982421875,1,-650034.995734044,-627801.5951645803,-22270.190732587485,848.4013164116185,
18079,4f09,79,0,18,0.156982421875,1,-650077.7827543837,-627801.5951645803,-22270.039837111162,-141.7705450119562,
18080,4f09,80,0,18,0.156982421875,1,-650068.9457261049,-627801.5951645803,-22270.196629871058,65.6318952321227,
18081,4f09,81,0,18,0.156982421875,1,-650066.6418774949,-627801.5951645803,-22270.174804497885,118.25660123617841,
18082,4f09,82,0,18,0.156982421875,1,-650074.3619617902,-627801.5951645803,-22270.06933705917,-62.20490882881696,
18083,4f09,83,0,18,0.156982421875,1,-650061.8383060021,-627801.5951645803,-22270.09794126861,227.25708322818775,
18084,4f09,84,0,18,0.156982421875,1,-650054.8832751148,-627801.5951645803,-22270.220350969958,390.4667404403919,
18085,4f09,85,0,18,0.156982421875,1,-650075.676164739,-627801.5951645803,-22270.195125986265,-89.61038721672774,
18086,4f09,86,0,18,0.156982421875,1,-650068.3766268723,-627801.5951645803,-22270.19364075771,78.68670471345636,
18087,4f09,87,0,18,0.156982421875,1,-650066.8484826905,-627801.5951645803,-22270.04845558517,110.57849709480752,
18088,4f09,88,0,18,0.156982421875,1,-650075.0562701606,-627801.5951645803,-22270.05742495172,-78.49073993611536,
18089,4f09,89,0,18,0.156982421875,1,-650072.8289126382,-627801.5951645803,-22270.202002335714,-23.792621577191937,
18090,4f09,90,0,18,0.156982421875,1,-650061.554082387,-627801.5951645803,-22269.989801336436,231.31766941993308,
18091,4f09,91,0,18,0.156982421875,1,-650060.3674952757,-627801.5951645803,-22270.170644689726,262.8513650542469,
18092,4f09,92,0,18,0.156982421875,1,-650078.2160299652,-627801.5951645803,-22270.1964969527,-148.14945551300158,
18093,4f09,93,0,18,0.156982421875,1,-650069.750786312,-627801.5951645803,-22269.355548132586,27.67096015922735,
18094,4f09,94,0,18,0.156982421875,1,-650072.5778273573,-627801.5951645803,-22270.028465617805,-22.00430923101478,
18095,4f09,95,0,18,0.156982421875,1,-650048.218902744,-627801.5951645803,-22270.038580406817,539.9590894930466,
18096,4f09,96,0,18,0.156982421875,1,-650057.3963255518,-627801.5951645803,-22270.196722735094,331.96954059758707,
18097,4f09,97,0,18,0.156982421875,1,-650044.5408051388,-627801.5951645803,-22270.05931841247,625.2562650156248,
18098,4f09,98,0,18,0.156982421875,1,-650077.3562013438,-627801.5951645803,-22270.1537414681,-129.30730136110998,
18099,4f09,99,0,18,0.156982421875,1,-650074.1962551398,-627801.5951645803,-22269.97666041963,-60.520796768656126,
18100,4f09,100,0,18,0.156982421875,1,-650074.7931941979,-627801.5951645803,-22268.00264148824,-119.80849645714753,
19001,4gfm,1,0,19,0.156982421875,0,-672512.5493020174,-627801.5951645803,-44709.13676542346,-41.90959424808654,
19002,4gfm,2,0,19,0.156982421875,0,-672506.8768469021,-627801.5951645803,-44709.372098359505,94.32723468458357,
19003,4gfm,3,0,19,0.156982421875,0,-672508.9071340767,-627801.5951645803,-44708.764407458926,33.49401510523739,
19004,4gfm,4,0,19,0.156982421875,0,-672504.722488142,-627801.5951645803,-44709.38463905754,144.29712328319607,
19005,4gfm,5,0,19,0.156982421875,0,-672515.9619082568,-627801.5951645803,-44709.374439153115,-115.12527724610482,
19006,4gfm,6,0,19,0.156982421875,0,-672509.9504304305,-627801.5951645803,-44709.3394533724,22.695903429929626,
19007,4gfm,7,0,19,0.156982421875,0,-672493.5583732484,-627801.5951645803,-44709.3778256804,401.590608562512,
19008,4gfm,8,0,19,0.156982421875,0,-672487.0229416708,-627801.5951645803,-44709.365952494765,552.0274388860635,
19009,4gfm,9,0,19,0.156982421875,0,-672499.5428873954,-627801.5951645803,-44708.92543492023,253.15205507128783,
19010,4gfm,10,0,19,0.156982421875,0,-672508.787921749,-627801.5951645803,-44709.38189322058,50.48267663022976,
19011,4gfm,11,0,19,0.156982421875,0,-672511.1074759868,-627801.5951645803,-44709.38386839929,-2.96196611249306,
19012,4gfm,12,0,19,0.156982421875,0,-672511.1185469846,-627801.5951645803,-44707.82429862323,-39.18180280285052,
19013,4gfm,13,0,19,0.156982421875,0,-672510.6916524378,-627801.5951645803,-44709.381381872336,6.569812055363812,
19014,4gfm,14,0,19,0.156982421875,0,-672504.3139813319,-627801.5951645803,-44708.91787633602,142.95371005099602,
19015,4gfm,15,0,19,0.156982421875,0,-672505.2401964274,-627801.5951645803,-44709.38252961936,132.3098418035358,
19016,4gfm,16,0,19,0.156982421875,0,-672500.0313710193,-627801.5951645803,-44709.34773561659,251.625840503975,
19017,4gfm,17,0,19,0.156982421875,0,-672509.4207484928,-627801.5951645803,-44708.9240473241,25.331168042281547,
19018,4gfm,18,0,19,0.156982421875,0,-672507.8483745977,-627801.5951645803,-44709.37087256018,71.89500618624272,
19019,4gfm,19,0,19,0.156982421875,0,-672503.8281147835,-627801.5951645803,-44709.38730407062,164.98331955587994,
19020,4gfm,20,0,19,0.156982421875,0,-672485.8364004265,-627801.5951645803,-44709.37544685903,579.608675246443,
19021,4gfm,21,0,19,0.156982421875,0,-672497.5561236945,-627801.5951645803,-44709.382335963885,309.5043027937432,
19022,4gfm,22,0,19,0.156982421875,0,-672512.172491245,-627801.5951645803,-44709.37317511741,-27.768394351556815,
19023,4gfm,23,0,19,0.156982421875,0,-672506.7362801938,-627801.5951645803,-44709.364859792615,97.40185466644157,
19024,4gfm,24,0,19,0.156982421875,0,-672490.5219803522,-627801.5951645803,-44708.760455134536,457.3745891758459,
19025,4gfm,25,0,19,0.156982421875,0,-672510.8138541636,-627801.5951645803,-44707.828774783055,-32.052196732891346,
19026,4gfm,26,0,19,0.156982421875,0,-672508.5775211975,-627801.5951645803,-44709.36460343305,54.93591664067351,
19027,4gfm,27,0,19,0.156982421875,0,-672484.3511878011,-627801.5951645803,-44709.341039750005,613.0650452487305,
19028,4gfm,28,0,19,0.156982421875,0,-672500.7803765307,-627801.5951645803,-44709.366632226134,234.7891292511103,
19029,4gfm,29,0,19,0.156982421875,0,-672512.4402068016,-627801.5951645803,-44709.36816701595,-34.05755131433079,
19030,4gfm,30,0,19,0.156982421875,0,-672498.9133569375,-627801.5951645803,-44708.922984185854,267.6128570291154,
19031,4gfm,31,0,19,0.156982421875,0,-672511.4175613878,-627801.5951645803,-44708.91762653294,-20.864498192028513,
19032,4gfm,32,0,19,0.156982421875,0,-672509.5190452704,-627801.5951645803,-44707.823679390574,-2.310696861015578,
19033,4gfm,33,0,19,0.156982421875,0,-672481.6648662445,-627801.5951645803,-44708.762525859514,661.6722447500644,
19034,4gfm,34,0,19,0.156982421875,0,-672511.2668884024,-627801.5951645803,-44709.3510220379,-7.395558834571515,
19035,4gfm,35,0,19,0.156982421875,0,-672506.6563586949,-627801.5951645803,-44708.93113407793,89.24293562556835,
19036,4gfm,36,0,19,0.156982421875,0,-672509.0460185179,-627801.5951645803,-44709.37309444251,44.32791910420219,
19037,4gfm,37,0,19,0.156982421875,0,-672486.1780939904,-627801.5951645803,-44709.34106198255,570.9361003825204,
19038,4gfm,38,0,19,0.156982421875,0,-672509.7262933925,-627801.5951645803,-44707.82702997629,-7.012685750985793,
19039,4gfm,39,0,19,0.156982421875,0,-672495.8827809005,-627801.5951645803,-44707.82419339123,312.1608830096105,
19040,4gfm,40,0,19,0.156982421875,0,-672509.4790499726,-627801.5951645803,-44708.92265093627,23.9545025106786,
19041,4gfm,41,0,19,0.156982421875,0,-672507.5032005218,-627801.5951645803,-44709.38952976766,80.28515489921784,
19042,4gfm,42,0,19,0.156982421875,0,-672487.8197514489,-627801.5951645803,-44709.36883396212,533.7190171024796,
19043,4gfm,43,0,19,0.156982421875,0,-672509.2380806563,-627801.5951645803,-44709.38748231831,40.23065327436127,
19044,4gfm,44,0,19,0.156982421875,0,-672509.0019563208,-627801.5951645803,-44708.9212320179,34.92382245213862,
19045,4gfm,45,0,19,0.156982421875,0,-672509.1233945546,-627801.5951645803,-44708.76508307759,28.522510147235504,
19046,4gfm,46,0,19,0.156982421875,0,-672507.7918140069,-627801.5951645803,-44709.372982654015,73.24798431691256,
19047,4gfm,47,0,19,0.156982421875,0,-672482.1004489122,-627801.5951645803,-44708.761685285,651.6080856983848,
19048,4gfm,48,0,19,0.156982421875,0,-672507.0361286917,-627801.5951645803,-44708.76806238594,76.72470889547567,
19049,4gfm,49,0,19,0.156982421875,0,-672498.5410223362,-627801.5951645803,-44708.919223460594,276.1123725253007,
19050,4gfm,50,0,19,0.156982421875,0,-672491.496131219,-627801.5951645803,-44709.38563058082,449.327024800865,
19051,4gfm,51,0,19,0.156982421875,0,-672495.3401883154,-627801.5951645803,-44709.33944049778,359.6157936463967,
19052,4gfm,52,0,19,0.156982421875,0,-672506.7730257134,-627801.5951645803,-44708.92117196622,86.32279851146532,
19053,4gfm,53,0,19,0.156982421875,0,-672498.2309159097,-627801.5951645803,-44708.76166513864,279.6302153861608,
19054,4gfm,54,0,19,0.156982421875,0,-672498.8673168495,-627801.5951645803,-44707.82511797849,243.35717049266893,
19055,4gfm,55,0,19,0.156982421875,0,-672509.7086819169,-627801.5951645803,-44709.38254490795,29.264471006071826,
19056,4gfm,56,0,19,0.156982421875,0,-672510.1405079435,-627801.5951645803,-44708.918768617536,8.611390938951686,
19057,4gfm,57,0,19,0.156982421875,0,-672504.6472453532,-627801.5951645803,-44709.38402903382,146.01819573116268,
19058,4gfm,58,0,19,0.156982421875,0,-672486.6048536673,-627801.5951645803,-44707.82932693068,526.2333499705079,
19059,4gfm,59,0,19,0.156982421875,0,-672507.6223582682,-627801.5951645803,-44708.92734894457,66.87916901097434,
19060,4gfm,60,0,19,0.156982421875,0,-672501.9370701979,-627801.5951645803,-44708.922551426316,197.8743930890209,
19061,4gfm,61,0,19,0.156982421875,0,-672493.456012955,-627801.5951645803,-44708.761989864746,389.7495817213991,
19062,4gfm,62,0,19,0.156982421875,0,-672498.3059924319,-627801.5951645803,-44709.38318109814,292.2314081668324,
19063,4gfm,63,0,19,0.156982421875,0,-672502.4149077741,-627801.5951645803,-44709.38021278682,197.40911850230557,
19064,4gfm,64,0,19,0.156982421875,0,-672507.1683119158,-627801.5951645803,-44708.76708552542,73.65396439537223,
19065,4gfm,65,0,19,0.156982421875,0,-672508.4772849736,-627801.5951645803,-44708.91666910354,46.91780784551019,
19066,4gfm,66,0,19,0.156982421875,0,-672512.2511943951,-627801.5951645803,-44708.76334554259,-43.64633618882475,
19067,4gfm,67,0,19,0.156982421875,0,-672469.3542037365,-627801.5951645803,-44709.382137748624,959.8514559478837,
19068,4gfm,68,0,19,0.156982421875,0,-672513.6053535561,-627801.5951645803,-44708.76920277181,-74.73891737639786,
19069,4gfm,69,0,19,0.156982421875,0,-672493.307518935,-627801.5951645803,-44709.37086046044,407.2148246692272,
19070,4gfm,70,0,19,0.156982421875,0,-672497.0169433728,-627801.5951645803,-44708.763249251286,307.66161764526396,
19071,4gfm,71,0,19,0.156982421875,0,-672511.6337132064,-627801.5951645803,-44707.82322568002,-51.086560758892105,
19072,4gfm,72,0,19,0.156982421875,0,-672507.5121882032,-627801.5951645803,-44708.8011725873,66.51005514426227,
19073,4gfm,73,0,19,0.156982421875,0,-672507.4495809731,-627801.5951645803,-44708.77983251516,67.46169841275835,
19074,4gfm,74,0,19,0.156982421875,0,-672507.7161437944,-627801.5951645803,-44708.77670240704,61.24243171601401,
19075,4gfm,75,0,19,0.156982421875,0,-672514.3780869304,-627801.5951645803,-44708.70153457227,-94.11903806605875,
19076,4gfm,76,0,19,0.156982421875,0,-672496.2920706789,-627801.5951645803,-44708.70380920472,323.00685903688196,
19077,4gfm,77,0,19,0.156982421875,0,-672499.3554875015,-627801.5951645803,-44708.7730573744,253.95968960361463,
19078,4gfm,78,0,19,0.156982421875,0,-672510.6666151211,-627801.5951645803,-44708.70552435819,-8.438458236398967,
19079,4gfm,79,0,19,0.156982421875,0,-672515.1052663085,-627801.5951645803,-44708.77533310952,-109.18635819925143,
19080,4gfm,80,0,19,0.156982421875,0,-672516.913319997,-627801.5951645803,-44708.689704898025,-152.85570023003316,
19081,4gfm,81,0,19,0.156982421875,0,-672507.8142803368,-627801.5951645803,-44708.73901796643,58.11032543896936,
19082,4gfm,82,0,19,0.156982421875,0,-672512.1962226108,-627801.5951645803,-44708.78098976914,-41.9717711960971,
19083,4gfm,83,0,19,0.156982421875,0,-672508.5537052957,-627801.5951645803,-44708.78277424278,42.06782451259312,
19084,4gfm,84,0,19,0.156982421875,0,-672509.2265535365,-627801.5951645803,-44708.774475279475,26.36019683206185,
19085,4gfm,85,0,19,0.156982421875,0,-672504.9341817555,-627801.5951645803,-44708.730760636965,124.336557989204,
19086,4gfm,86,0,19,0.156982421875,0,-672508.6186268106,-627801.5951645803,-44708.78751808707,40.680094459985014,
19087,4gfm,87,0,19,0.156982421875,0,-672512.02507112,-627801.5951645803,-44708.73982799354,-38.97413715211336,
19088,4gfm,88,0,19,0.156982421875,0,-672499.591031156,-627801.5951645803,-44708.73364946547,247.6191559232466,
19089,4gfm,89,0,19,0.156982421875,0,-672507.1185618696,-627801.5951645803,-44708.73317128722,74.01914680371227,
19090,4gfm,90,0,19,0.156982421875,0,-672512.2362849191,-627801.5951645803,-44708.6908683211,-44.97387993620985,
19091,4gfm,91,0,19,0.156982421875,0,-672493.5852251557,-627801.5951645803,-44708.79609793725,387.5564284256092,
19092,4gfm,92,0,19,0.156982421875,0,-672508.4095538923,-627801.5951645803,-44708.750137570525,44.6394153024239,
19093,4gfm,93,0,19,0.156982421875,0,-672507.9633403776,-627801.5951645803,-44708.730603042284,54.47886647975713,
19094,4gfm,94,0,19,0.156982421875,0,-672513.4093251899,-627801.5951645803,-44708.79639444057,-69.5913410829278,
19095,4gfm,95,0,19,0.156982421875,0,-672503.7825331746,-627801.5951645803,-44708.78635579648,152.17626000855137,
19096,4gfm,96,0,19,0.156982421875,0,-672510.0794799547,-627801.5951645803,-44708.70157426896,5.0101091296601705,
19097,4gfm,97,0,19,0.156982421875,0,-672494.5689161179,-627801.5951645803,-44708.72722548548,363.2837394731542,
19098,4gfm,98,0,19,0.156982421875,0,-672508.5298683867,-627801.5951645803,-44708.78016808931,42.5574173653918,
19099,4gfm,99,0,19,0.156982421875,0,-672509.496091625,-627801.5951645803,-44708.783022823955,20.341611909053526,
19100,4gfm,100,0,19,0.156982421875,0,-672485.9281755754,-627801.5951645803,-44708.790699693585,564.0077000560011,
20001,4hge,1,0,20,0.156982421875,0,-669176.6885993265,-627801.5951645803,-41369.854428430546,-120.81435572844937,
20002,4hge,2,0,20,0.156982421875,0,-669158.763386274,-627801.5951645803,-41370.262181093436,301.9538770293635,
20003,4hge,3,0,20,0.156982421875,0,-669158.8460491082,-627801.5951645803,-41369.90021862596,291.7005739932805,
20004,4hge,4,0,20,0.156982421875,0,-669137.6286189348,-627801.5951645803,-41369.742710967956,777.3539244691302,
20005,4hge,5,0,20,0.156982421875,0,-669162.6800354057,-627801.5951645803,-41369.3042484722,189.54335136189465,
20006,4hge,6,0,20,0.156982421875,0,-669169.6916587001,-627801.5951645803,-41369.769736011964,38.58587468534784,
20007,4hge,7,0,20,0.156982421875,0,-669163.5915506115,-627801.5951645803,-41370.80885549396,203.22037355022005,
20008,4hge,8,0,20,0.156982421875,0,-669167.4415031016,-627801.5951645803,-41370.80949913472,114.45320271582725,
20009,4hge,9,0,20,0.156982421875,0,-669168.2240162425,-627801.5951645803,-41370.809050341595,96.3976715859866,
20010,4hge,10,0,20,0.156982421875,0,-669156.0494773036,-627801.5951645803,-41370.80921184037,377.152933352759,
20011,4hge,11,0,20,0.156982421875,0,-669145.6226334205,-627801.5951645803,-41370.807914545236,617.5717491052937,
20012,4hge,12,0,20,0.156982421875,0,-669155.8115051031,-627801.5951645803,-41370.80424060434,382.5260632383784,
20013,4hge,13,0,20,0.156982421875,0,-669162.245035746,-627801.5951645803,-41370.80371000384,234.15308619026558,
20014,4hge,14,0,20,0.156982421875,0,-669159.4824844098,-627801.5951645803,-41370.81036060069,298.01239982000243,
20015,4hge,15,0,20,0.156982421875,0,-669154.8931128611,-627801.5951645803,-41370.80807792157,403.79318210090065,
20016,4hge,16,0,20,0.156982421875,0,-669167.5397990287,-627801.5951645803,-41370.80972339719,112.19161640414171,
20017,4hge,17,0,20,0.156982421875,0,-669142.9943899148,-627801.5951645803,-41370.80914484476,678.2088555605209,
20018,4hge,18,0,20,0.156982421875,0,-669168.3531811035,-627801.5951645803,-41370.8079699478,93.39414465953824,
20019,4hge,19,0,20,0.156982421875,0,-669166.9128874025,-627801.5951645803,-41370.80810858816,126.61130356462007,
20020,4hge,20,0,20,0.156982421875,0,-669171.2290501237,-627801.5951645803,-41370.80947416037,27.109717529769142,
20021,4hge,21,0,20,0.156982421875,0,-669169.8327560656,-627801.5951645803,-41370.80742218112,59.26170367575094,
20022,4hge,22,0,20,0.156982421875,0,-669137.9730314559,-627801.5951645803,-41370.80504610155,793.9096132130533,
20023,4hge,23,0,20,0.156982421875,0,-669151.1638084581,-627801.5951645803,-41370.809292127786,489.82098492065523,
20024,4hge,24,0,20,0.156982421875,0,-669168.6039486617,-627801.5951645803,-41370.80782719463,87.60801542232815,
20025,4hge,25,0,20,0.156982421875,0,-669170.0160063141,-627801.5951645803,-41370.807650049675,55.04110733056556,
20026,4hge,26,0,20,0.156982421875,0,-669171.0066593235,-627801.5951645803,-41370.80798079584,32.203733411850415,
20027,4hge,27,0,20,0.156982421875,0,-669162.3302155962,-627801.5951645803,-41370.810870786605,232.35392375333078,
20028,4hge,28,0,20,0.156982421875,0,-669170.0971771419,-627801.5951645803,-41370.80596785754,53.13047130024545,
20029,4hge,29,0,20,0.156982421875,0,-669144.9864427679,-627801.5951645803,-41370.809259762515,632.2736755267041,
20030,4hge,30,0,20,0.156982421875,0,-669153.9201021141,-627801.5951645803,-41370.8083972833,426.2387076281431,
20031,4hge,31,0,20,0.156982421875,0,-669166.4684131673,-627801.5951645803,-41370.80651350826,136.82433950809727,
20032,4hge,32,0,20,0.156982421875,0,-669159.7600896299,-627801.5951645803,-41370.07400532573,274.62991532548057,
20033,4hge,33,0,20,0.156982421875,0,-669169.1109040015,-627801.5951645803,-41370.80488528823,75.84950558746145,
20034,4hge,34,0,20,0.156982421875,0,-669164.3185445017,-627801.5951645803,-41370.80637087439,186.39819948578764,
20035,4hge,35,0,20,0.156982421875,0,-669151.3560727915,-627801.5951645803,-41370.808296163974,485.3642965937941,
20036,4hge,36,0,20,0.156982421875,0,-669171.4906853676,-627801.5951645803,-41370.81048547238,21.099586882736517,
20037,4hge,37,0,20,0.156982421875,0,-669168.9624122166,-627801.5951645803,-41370.80885036801,79.36524440831921,
20038,4hge,38,0,20,0.156982421875,0,-669170.9213462865,-627801.5951645803,-41370.806474288445,34.136357894473775,
20039,4hge,39,0,20,0.156982421875,0,-669174.5334916642,-627801.5951645803,-41370.806020905715,-49.172148612629016,
20040,4hge,40,0,20,0.156982421875,0,-669160.3136800915,-627801.5951645803,-41370.811590184865,278.8729269300799,
20041,4hge,41,0,20,0.156982421875,0,-669162.9919551247,-627801.5951645803,-41370.80932178115,217.05812679253225,
20042,4hge,42,0,20,0.156982421875,0,-669165.9115350789,-627801.5951645803,-41370.80836727236,149.70900211698404,
20043,4hge,43,0,20,0.156982421875,0,-669166.0161092808,-627801.5951645803,-41370.80609415982,147.24504451276175,
20044,4hge,44,0,20,0.156982421875,0,-669157.6031314075,-627801.5951645803,-41370.806703408656,341.2669727682033,
20045,4hge,45,0,20,0.156982421875,0,-669162.7753231608,-627801.5951645803,-41370.80678810691,221.99535064051327,
20046,4hge,46,0,20,0.156982421875,0,-669172.2201566792,-627801.5951645803,-41370.81114443157,4.292774771563409,
20047,4hge,47,0,20,0.156982421875,0,-669177.589274176,-627801.5951645803,-41370.807299723325,-119.61067715199935,
20048,4hge,48,0,20,0.156982421875,0,-669158.7149496019,-627801.5951645803,-41370.80905037135,315.681958362913,
20049,4hge,49,0,20,0.156982421875,0,-669167.3051997357,-627801.5951645803,-41370.80918710445,117.58923741647017,
20050,4hge,50,0,20,0.156982421875,0,-669164.9601989782,-627801.5951645803,-41370.809096237164,171.66414409788015,
20051,4hge,51,0,20,0.156982421875,0,-669156.8776192893,-627801.5951645803,-41370.80822073434,358.0326700330333,
20052,4hge,52,0,20,0.156982421875,0,-669171.3535400272,-627801.5951645803,-41370.80935042113,24.23605866210956,
20053,4hge,53,0,20,0.156982421875,0,-669173.5556607776,-627801.5951645803,-41370.809472282876,-26.543242033653687,
20054,4hge,54,0,20,0.156982421875,0,-669173.5767072684,-627801.5951645803,-41370.80886428569,-27.04260638863463,
20055,4hge,55,0,20,0.156982421875,0,-669165.9619640191,-627801.5951645803,-41370.80692871421,148.51290919016668,
20056,4hge,56,0,20,0.156982421875,0,-669157.9354097486,-627801.5951645803,-41370.809983273444,333.68008767005057,
20057,4hge,57,0,20,0.156982421875,0,-669156.4054075711,-627801.5951645803,-41370.809647937764,368.9550430398197,
20058,4hge,58,0,20,0.156982421875,0,-669161.1544184333,-627801.5951645803,-41370.81039558862,259.45749214220535,
20059,4hge,59,0,20,0.156982421875,0,-669163.0553645125,-627801.5951645803,-41370.81168486684,215.65036562222704,
20060,4hge,60,0,20,0.156982421875,0,-669155.8421680868,-627801.5951645803,-41370.81054641813,381.9643735576521,
20061,4hge,61,0,20,0.156982421875,0,-669171.9307912075,-627801.5951645803,-41370.8065955243,10.860800778260431,
20062,4hge,62,0,20,0.156982421875,0,-669160.383084709,-627801.5951645803,-41370.80969135974,277.2286304801549,
20063,4hge,63,0,20,0.156982421875,0,-669166.7282336733,-627801.5951645803,-41370.80606706947,130.82244117959084,
20064,4hge,64,0,20,0.156982421875,0,-669158.1635771036,-627801.5951645803,-41370.81169279426,328.45784595185364,
20065,4hge,65,0,20,0.156982421875,0,-669173.3047910564,-627801.5951645803,-41370.80894147371,-20.77028957937751,
20066,4hge,66,0,20,0.156982421875,0,-669145.4778045809,-627801.5951645803,-41370.81062900041,620.9741783109212,
20067,4hge,67,0,20,0.156982421875,0,-669163.2317566653,-627801.5951645803,-41370.81175716732,211.5843332345151,
20068,4hge,68,0,20,0.156982421875,0,-669157.5953538507,-627801.5951645803,-41370.80896057695,341.4983790256471,
20069,4hge,69,0,20,0.156982421875,0,-669170.1562517666,-627801.5951645803,-41370.8078941605,51.8125996939291,
20070,4hge,70,0,20,0.156982421875,0,-669174.2898166424,-627801.5951645803,-41370.80801429365,-43.506900499313424,
20071,4hge,71,0,20,0.156982421875,0,-669136.5677702954,-627801.5951645803,-41370.807878573876,826.3810237817884,
20072,4hge,72,0,20,0.156982421875,0,-669156.6699184418,-627801.5951645803,-41370.8054463467,362.75838646308546,
20073,4hge,73,0,20,0.156982421875,0,-669147.0821447157,-627801.5951645803,-41370.80610932921,583.872989802704,
20074,4hge,74,0,20,0.156982421875,0,-669146.3211664802,-627801.5951645803,-41370.81058486317,601.5247730656687,
20075,4hge,75,0,20,0.156982421875,0,-669159.5840252718,-627801.5951645803,-41370.80745490402,295.6038049579414,
20076,4hge,76,0,20,0.156982421875,0,-669137.7257084787,-627801.5951645803,-41370.80683939665,799.6543709251824,
20077,4hge,77,0,20,0.156982421875,0,-669159.7774696284,-627801.5951645803,-41370.803888817776,291.06063621870237,
20078,4hge,78,0,20,0.156982421875,0,-669162.3297179288,-627801.5951645803,-41370.80815448378,232.3027608064952,
20079,4hge,79,0,20,0.156982421875,0,-669171.4209903112,-627801.5951645803,-41369.10508265108,-16.620730266339358,
20080,4hge,80,0,20,0.156982421875,0,-669157.1129337937,-627801.5951645803,-41369.094957550464,313.09740105179753,
20081,4hge,81,0,20,0.156982421875,0,-669153.3129641347,-627801.5951645803,-41369.57944794511,411.8993970461542,
20082,4hge,82,0,20,0.156982421875,0,-669156.8230387217,-627801.5951645803,-41369.548353930455,330.2381091324715,
20083,4hge,83,0,20,0.156982421875,0,-669157.6027316679,-627801.5951645803,-41369.10060592502,301.9326483572586,
20084,4hge,84,0,20,0.156982421875,0,-669171.6722510398,-627801.5951645803,-41369.049806495605,-23.68963874275621,
20085,4hge,85,0,20,0.156982421875,0,-669138.5265655004,-627801.5951645803,-41369.07036801194,741.1421878469696,
20086,4hge,86,0,20,0.156982421875,0,-669168.283786515,-627801.5951645803,-41369.10813643549,55.79532987152086,
20087,4hge,87,0,20,0.156982421875,0,-669155.2616661122,-627801.5951645803,-41369.091670235095,355.712840674025,
20088,4hge,88,0,20,0.156982421875,0,-669151.7304064274,-627801.5951645803,-41369.42771567911,444.895015573126,
20089,4hge,89,0,20,0.156982421875,0,-669166.1606770986,-627801.5951645803,-41369.097460051526,104.50919285621777,
20090,4hge,90,0,20,0.156982421875,0,-669166.118194679,-627801.5951645803,-41369.09392364834,105.40730932872549,
20091,4hge,91,0,20,0.156982421875,0,-669141.0875439724,-627801.5951645803,-41369.54442747444,693.0166922096834,
20092,4hge,92,0,20,0.156982421875,0,-669162.8409902841,-627801.5951645803,-41369.49550344556,190.24208815025298,
20093,4hge,93,0,20,0.156982421875,0,-669156.9859523409,-627801.5951645803,-41368.950192501296,312.6873015772848,
20094,4hge,94,0,20,0.156982421875,0,-669170.5861806816,-627801.5951645803,-41369.30059685324,7.1391017369291365,
20095,4hge,95,0,20,0.156982421875,0,-669172.9541817387,-627801.5951645803,-41369.09895141929,-52.118354076888,
20096,4hge,96,0,20,0.156982421875,0,-669157.3681797624,-627801.5951645803,-41369.869961162505,325.08329704641596,
20097,4hge,97,0,20,0.156982421875,0,-669142.285590493,-627801.5951645803,-41369.455249567975,663.3325917410139,
20098,4hge,98,0,20,0.156982421875,0,-669174.1926480627,-627801.5951645803,-41369.782281955224,-64.92008947130644,
20099,4hge,99,0,20,0.156982421875,0,-669160.8698671539,-627801.5951645803,-41370.10681371897,249.79441717303703,
20100,4hge,100,0,20,0.156982421875,0,-669172.0904964149,-627801.5951645803,-41369.6402520141,-19.718609100888113,
