mol_id,ligand_pdb,pose_index,label,ligunity_rank,ligunity_score,formal_charge,aimnet_complex_eV,aimnet_pocket_eV,aimnet_ligand_eV,aimnet_interaction_kcal_mol,error
1001,3gv9,1,1,1,0.74951171875,-1,-524172.6734435111,-498364.62411289645,-25816.22872193562,188.62124478181076,
1002,3gv9,2,1,1,0.74951171875,-1,-524184.98279661674,-498364.62411289645,-25816.986004058384,-77.77584066071249,
1003,3gv9,3,1,1,0.74951171875,-1,-524188.7049896905,-498364.62411289645,-25816.81635205619,-167.52392018439832,
1004,3gv9,4,1,1,0.74951171875,-1,-524185.59942637425,-498364.62411289645,-25816.98262239796,-92.07364361950272,
1005,3gv9,5,1,1,0.74951171875,-1,-524186.898809668,-498364.62411289645,-25816.987807524667,-121.91856235360692,
1006,3gv9,6,1,1,0.74951171875,-1,-524182.10474223486,-498364.62411289645,-25816.208524475252,-29.335435042572918,
1007,3gv9,7,1,1,0.74951171875,-1,-524187.44072209834,-498364.62411289645,-25816.773117729997,-139.36622415162205,
1008,3gv9,8,1,1,0.74951171875,-1,-524184.5447722673,-498364.62411289645,-25816.146611744254,-87.0316058078425,
1009,3gv9,9,1,1,0.74951171875,-1,-524181.16586275335,-498364.62411289645,-25816.983656527416,10.1906099121013,
1010,3gv9,10,1,1,0.74951171875,-1,-524171.52848099655,-498364.62411289645,-25816.980577123155,232.36290012733988,
1011,3gv9,11,1,1,0.74951171875,-1,-524184.7498715592,-498364.62411289645,-25816.78107193138,-77.13030834750046,
1012,3gv9,12,1,1,0.74951171875,-1,-524174.7888415446,-498364.62411289645,-25815.575123357714,124.76666598252568,
1013,3gv9,13,1,1,0.74951171875,-1,-524165.7633050345,-498364.62411289645,-25815.58338321419,333.0909591861308,
1014,3gv9,14,1,1,0.74951171875,-1,-524183.0727539659,-498364.62411289645,-25815.880109020683,-59.23175616543356,
1015,3gv9,15,1,1,0.74951171875,-1,-524184.9070617551,-498364.62411289645,-25816.091075662007,-96.66689235058217,
1016,3gv9,16,1,1,0.74951171875,-1,-524183.40767607035,-498364.62411289645,-25816.397222320255,-55.03032739564944,
1017,3gv9,17,1,1,0.74951171875,-1,-524171.3157950459,-498364.62411289645,-25815.573810194666,204.82673862366653,
1018,3gv9,18,1,1,0.74951171875,-1,-524165.5296538605,-498364.62411289645,-25813.18384960019,283.14452358300997,
1019,3gv9,19,1,1,0.74951171875,-1,-524185.8843904473,-498364.62411289645,-25816.09600694736,-119.09090926189323,
1020,3gv9,20,1,1,0.74951171875,-1,-524185.53924178507,-498364.62411289645,-25816.541404649477,-100.86047701470602,
1021,3gv9,21,1,1,0.74951171875,-1,-524178.35888720443,-498364.62411289645,-25813.18483438277,-12.681915949468157,
1022,3gv9,22,1,1,0.74951171875,-1,-524158.7570431175,-498364.62411289645,-25794.950673940657,18.857618159506547,
1023,3gv9,23,1,1,0.74951171875,-1,-524174.8030593099,-498364.62411289645,-25816.396003508256,143.36874250049496,
1024,3gv9,24,1,1,0.74951171875,-1,-524182.83367637545,-498364.62411289645,-25813.188714438653,-115.78352944529199,
1025,3gv9,25,1,1,0.74951171875,-1,-524185.0974802666,-498364.62411289645,-25816.465183732533,-92.4309104889742,
1026,3gv9,26,1,1,0.74951171875,-1,-524184.83553636016,-498364.62411289645,-25815.582033420233,-106.75627052424718,
1027,3gv9,27,1,1,0.74951171875,-1,-524184.07315403165,-498364.62411289645,-25815.97500539128,-80.11316743799995,
1028,3gv9,28,1,1,0.74951171875,-1,-524183.0457924771,-498364.62411289645,-25816.055742311,-54.55980957082387,
1029,3gv9,29,1,1,0.74951171875,-1,-524182.5232255889,-498364.62411289645,-25815.882241434054,-46.5101561224917,
1030,3gv9,30,1,1,0.74951171875,-1,-524167.8509255435,-498364.62411289645,-25816.397737524032,303.7287430985901,
1031,3gv9,31,1,1,0.74951171875,-1,-524163.6267128843,-498364.62411289645,-25815.574857678574,382.1653411384673,
1032,3gv9,32,1,1,0.74951171875,-1,-524162.14263754606,-498364.62411289645,-25816.545093617402,438.76310373431113,
1033,3gv9,33,1,1,0.74951171875,-1,-524178.0511487812,-498364.62411289645,-25816.431499008286,69.28456556546442,
1034,3gv9,34,1,1,0.74951171875,-1,-524183.39718189975,-498364.62411289645,-25813.183467798637,-128.8992659343487,
1035,3gv9,35,1,1,0.74951171875,-1,-524174.34753906657,-498364.62411289645,-25813.187371208984,79.8804702512757,
1036,3gv9,36,1,1,0.74951171875,-1,-524184.7782456167,-498364.62411289645,-25816.09528582867,-93.59923288063524,
1037,3gv9,37,1,1,0.74951171875,-1,-524161.6406876086,-498364.62411289645,-25816.09238759254,439.8986953355005,
1038,3gv9,38,1,1,0.74951171875,-1,-524029.8462661832,-498364.62411289645,-25794.924927004788,2991.017017088975,
1039,3gv9,39,1,1,0.74951171875,-1,-524161.79130017647,-498364.62411289645,-25815.577209976524,424.54520895546534,
1040,3gv9,40,1,1,0.74951171875,-1,-524184.3545785018,-498364.62411289645,-25816.00457332991,-85.92111702911825,
1041,3gv9,41,1,1,0.74951171875,-1,-524183.899002689,-498364.62411289645,-25815.575636185295,-85.30681474766895,
1042,3gv9,42,1,1,0.74951171875,-1,-524184.42962118104,-498364.62411289645,-25816.543594575418,-75.22151710986888,
1043,3gv9,43,1,1,0.74951171875,-1,-524186.0563283841,-498364.62411289645,-25816.401044743987,-116.02155357808603,
1044,3gv9,44,1,1,0.74951171875,-1,-524173.5836215172,-498364.62411289645,-25816.549309845806,175.02497417584826,
1045,3gv9,45,1,1,0.74951171875,-1,-524166.7154727821,-498364.62411289645,-25815.575253343435,310.9459700264032,
1046,3gv9,46,1,1,0.74951171875,-1,-524180.86925911857,-498364.62411289645,-25816.544914905495,6.912830061050714,
1047,3gv9,47,1,1,0.74951171875,-1,-524183.3530515341,-498364.62411289645,-25816.007868977125,-62.74935705698862,
1048,3gv9,48,1,1,0.74951171875,-1,-524185.26280375134,-498364.62411289645,-25816.546064224916,-94.37821215333605,
1049,3gv9,49,1,1,0.74951171875,-1,-524166.1859471797,-498364.62411289645,-25815.582231901288,323.3180498754875,
1050,3gv9,50,1,1,0.74951171875,-1,-524146.2419928384,-498364.62411289645,-25794.92849779718,306.9501397057857,
1051,3gv9,51,1,1,0.74951171875,-1,-524172.5556973252,-498364.62411289645,-25816.008636669372,186.26124952497662,
1052,3gv9,52,1,1,0.74951171875,-1,-524186.25853122614,-498364.62411289645,-25816.397609495903,-120.76368059133475,
1053,3gv9,53,1,1,0.74951171875,-1,-524169.7227043782,-498364.62411289645,-25794.940264233694,-234.25659138272158,
1054,3gv9,54,1,1,0.74951171875,-1,-524184.93480837485,-498364.62411289645,-25816.402435991804,-90.12660482515606,
1055,3gv9,55,1,1,0.74951171875,-1,-524184.446557522,-498364.62411289645,-25815.585616005923,-97.70358903300142,
1056,3gv9,56,1,1,0.74951171875,-1,-524120.3396424296,-498364.62411289645,-25794.933043850786,904.3773647195674,
1057,3gv9,57,1,1,0.74951171875,-1,-524187.7008771882,-498364.62411289645,-25816.635578503567,-148.53727295394657,
1058,3gv9,58,1,1,0.74951171875,-1,-524165.43937057414,-498364.62411289645,-25794.940747063873,-135.46943299146216,
1059,3gv9,59,1,1,0.74951171875,-1,-524164.8397257048,-498364.62411289645,-25816.095102187188,366.189724346293,
1060,3gv9,60,1,1,0.74951171875,-1,-524185.3756907817,-498364.62411289645,-25816.96964199355,-87.21351352264043,
1061,3gv9,61,1,1,0.74951171875,-1,-524176.1491678952,-498364.62411289645,-25816.40034228708,112.42679570047231,
1062,3gv9,62,1,1,0.74951171875,-1,-524184.33768084936,-498364.62411289645,-25815.880565232444,-88.39114257033721,
1063,3gv9,63,1,1,0.74951171875,-1,-524180.09703675925,-498364.62411289645,-25816.05688343226,13.466427582505158,
1064,3gv9,64,1,1,0.74951171875,-1,-524183.506450575,-498364.62411289645,-25816.396408346707,-57.32689226103275,
1065,3gv9,65,1,1,0.74951171875,-1,-524166.4935903672,-498364.62411289645,-25815.576864580762,316.09985608313605,
1066,3gv9,66,1,1,0.74951171875,-1,-524173.1085709774,-498364.62411289645,-25816.39904271684,182.51465755520687,
1067,3gv9,67,1,1,0.74951171875,-1,-524183.9643284237,-498364.62411289645,-25816.39809691473,-67.8468669880025,
1068,3gv9,68,1,1,0.74951171875,-1,-524183.26703481877,-498364.62411289645,-25816.0556944823,-59.66288212928954,
1069,3gv9,69,1,1,0.74951171875,-1,-524167.13658159703,-498364.62411289645,-25816.05497994013,312.2977281861621,
1070,3gv9,70,1,1,0.74951171875,-1,-524184.99688695377,-498364.62411289645,-25816.39459788476,-91.73892190605058,
1071,3gv9,71,1,1,0.74951171875,-1,-524185.7082308686,-498364.62411289645,-25816.09665198442,-115.01369796425291,
1072,3gv9,72,1,1,0.74951171875,-1,-524163.09402051754,-498364.62411289645,-25816.00892202931,404.45928066249087,
1073,3gv9,73,1,1,0.74951171875,-1,-524183.2974214375,-498364.62411289645,-25816.00700565728,-61.48640518247727,
1074,3gv9,74,1,1,0.74951171875,-1,-524184.156048084,-498364.62411289645,-25816.04232366296,-80.4723534737615,
1075,3gv9,75,1,1,0.74951171875,-1,-524185.2259137599,-498364.62411289645,-25815.756867560838,-111.72681616118821,
1076,3gv9,76,1,1,0.74951171875,-1,-524169.22585808096,-498364.62411289645,-25815.814936988692,258.58234593423026,
1077,3gv9,77,1,1,0.74951171875,-1,-524185.14718325844,-498364.62411289645,-25816.615664024073,-90.10693074916988,
1078,3gv9,78,1,1,0.74951171875,-1,-524184.3420177636,-498364.62411289645,-25816.004070645347,-85.64305170660867,
1079,3gv9,79,1,1,0.74951171875,-1,-524184.70008448215,-498364.62411289645,-25815.36493148875,-108.63916548760605,
1080,3gv9,80,1,1,0.74951171875,-1,-524184.9213136497,-498364.62411289645,-25815.415569856516,-112.57308278527638,
1081,3gv9,81,1,1,0.74951171875,-1,-524183.34950390726,-498364.62411289645,-25814.76475833825,-91.33435918513982,
1082,3gv9,82,1,1,0.74951171875,-1,-524174.91917710303,-498364.62411289645,-25815.42645935629,118.33278328762012,
1083,3gv9,83,1,1,0.74951171875,-1,-524173.7303991105,-498364.62411289645,-25816.644303397643,173.8308058108658,
1084,3gv9,84,1,1,0.74951171875,-1,-524170.0473543858,-498364.62411289645,-25815.145885061385,224.20948713334963,
1085,3gv9,85,1,1,0.74951171875,-1,-524183.13766995125,-498364.62411289645,-25815.26039698679,-75.01965334905559,
1086,3gv9,86,1,1,0.74951171875,-1,-524184.38030110445,-498364.62411289645,-25815.07507554094,-107.94902255937959,
1087,3gv9,87,1,1,0.74951171875,-1,-524123.55489926966,-498364.62411289645,-25815.665498621,1308.3335454465973,
1088,3gv9,88,1,1,0.74951171875,-1,-524185.2392566944,-498364.62411289645,-25814.968188120198,-130.22189150401718,
1089,3gv9,89,1,1,0.74951171875,-1,-524167.88089126436,-498364.62411289645,-25816.093177960687,296.01440678214243,
1090,3gv9,90,1,1,0.74951171875,-1,-524184.24703339615,-498364.62411289645,-25815.46560648113,-95.86993877226463,
1091,3gv9,91,1,1,0.74951171875,-1,-524184.38040418125,-498364.62411289645,-25814.960770429738,-110.58733805107747,
1092,3gv9,92,1,1,0.74951171875,-1,-524184.97071891587,-498364.62411289645,-25815.780407085684,-105.29904891551733,
1093,3gv9,93,1,1,0.74951171875,-1,-524182.725115971,-498364.62411289645,-25815.396961271217,-62.35668534181646,
1094,3gv9,94,1,1,0.74951171875,-1,-524172.3261745994,-498364.62411289645,-25815.343284926264,176.2107936253808,
1095,3gv9,95,1,1,0.74951171875,-1,-524183.6583383861,-498364.62411289645,-25816.224079715466,-64.80350103664706,
1096,3gv9,96,1,1,0.74951171875,-1,-524182.6967567465,-498364.62411289645,-25816.239312052323,-42.2776356110394,
1097,3gv9,97,1,1,0.74951171875,-1,-524179.89464975044,-498364.62411289645,-25816.057410872403,18.145745938286044,
1098,3gv9,98,1,1,0.74951171875,-1,-524178.6106007381,-498364.62411289645,-25816.48072931368,57.51857476706875,
1099,3gv9,99,1,1,0.74951171875,-1,-524176.7545281467,-498364.62411289645,-25816.24923655687,94.9822757469106,
1100,3gv9,100,1,1,0.74951171875,-1,-524184.7341332858,-498364.62411289645,-25816.247313996897,-89.07612551932958,
2001,4jxs,1,1,2,0.74951171875,-2,-547425.0516397136,-498364.62411289645,-49053.73194919709,-154.40368796058107,
2002,4jxs,2,1,2,0.74951171875,-2,-547425.5599807013,-498364.62411289645,-49053.99066969346,-160.16007324097606,
2003,4jxs,3,1,2,0.74951171875,-2,-547426.3399446239,-498364.62411289645,-49054.04444371503,-176.90641018720385,
2004,4jxs,4,1,2,0.74951171875,-2,-547406.1106376477,-498364.62411289645,-49053.971922203775,287.92010513857514,
2005,4jxs,5,1,2,0.74951171875,-2,-547425.5199147045,-498364.62411289645,-49054.427337959896,-149.16631996085903,
2006,4jxs,6,1,2,0.74951171875,-2,-547427.88124377,-498364.62411289645,-49053.948269638,-214.66743977132123,
2007,4jxs,7,1,2,0.74951171875,-2,-547423.840283938,-498364.62411289645,-49054.102622223945,-117.9212370923145,
2008,4jxs,8,1,2,0.74951171875,-2,-547421.6172645717,-498364.62411289645,-49054.53563936264,-56.67158022966848,
2009,4jxs,9,1,2,0.74951171875,-2,-547415.0454702677,-498364.62411289645,-49054.21049821792,87.37966373270439,
2010,4jxs,10,1,2,0.74951171875,-2,-547426.5185603073,-498364.62411289645,-49054.448749594994,-171.70187061572085,
2011,4jxs,11,1,2,0.74951171875,-2,-547429.3702996394,-498364.62411289645,-49054.575737849824,-234.5361231591844,
2012,4jxs,12,1,2,0.74951171875,-2,-547423.1865852164,-498364.62411289645,-49053.82178951568,-109.32274255857159,
2013,4jxs,13,1,2,0.74951171875,-2,-547425.4987300053,-498364.62411289645,-49054.32100160378,-151.129963819379,
2014,4jxs,14,1,2,0.74951171875,-2,-547427.0029371077,-498364.62411289645,-49053.00581914074,-216.14663174519,
2015,4jxs,15,1,2,0.74951171875,-2,-547424.031463794,-498364.62411289645,-49054.39652732428,-115.55233668100209,
2016,4jxs,16,1,2,0.74951171875,-2,-547422.4168645961,-498364.62411289645,-49052.27182035044,-127.31570144748764,
2017,4jxs,17,1,2,0.74951171875,-2,-547423.9933113583,-498364.62411289645,-49052.57873833752,-156.59173048830786,
2018,4jxs,18,1,2,0.74951171875,-2,-547406.1338223434,-498364.62411289645,-49054.18582989087,292.3182818029681,
2019,4jxs,19,1,2,0.74951171875,-2,-547418.1683733305,-498364.62411289645,-49053.77968478651,5.429014540408808,
2020,4jxs,20,1,2,0.74951171875,-2,-547423.5046975967,-498364.62411289645,-49054.102767295815,-110.17908677995506,
2021,4jxs,21,1,2,0.74951171875,-2,-547421.8607229019,-498364.62411289645,-49053.87977683135,-77.41041197033964,
2022,4jxs,22,1,2,0.74951171875,-2,-547405.4002300304,-498364.62411289645,-49054.29362018689,311.7210257024185,
2023,4jxs,23,1,2,0.74951171875,-2,-547424.1333089337,-498364.62411289645,-49052.1290465992,-170.19028911334163,
2024,4jxs,24,1,2,0.74951171875,-2,-547422.0483750288,-498364.62411289645,-49054.00260715666,-78.90523822608762,
2025,4jxs,25,1,2,0.74951171875,-2,-547428.537595748,-498364.62411289645,-49054.31686290538,-221.30331328023337,
2026,4jxs,26,1,2,0.74951171875,-2,-547427.6434334952,-498364.62411289645,-49054.40659053229,-198.61427364962807,
2027,4jxs,27,1,2,0.74951171875,-2,-547426.3380560508,-498364.62411289645,-49053.91074698822,-179.94597842130915,
2028,4jxs,28,1,2,0.74951171875,-2,-547424.4532335874,-498364.62411289645,-49050.913223956915,-205.6054630890482,
2029,4jxs,29,1,2,0.74951171875,-2,-547407.5189477061,-498364.62411289645,-49051.9334827539,208.43617324257636,
2030,4jxs,30,1,2,0.74951171875,-2,-547429.2083478732,-498364.62411289645,-49053.833157750465,-247.92573060704422,
2031,4jxs,31,1,2,0.74951171875,-2,-547422.5334944807,-498364.62411289645,-49047.43293586192,-241.59257767362675,
2032,4jxs,32,1,2,0.74951171875,-2,-547417.9903056861,-498364.62411289645,-49054.07830745575,16.42175431750332,
2033,4jxs,33,1,2,0.74951171875,-2,-547415.6479312101,-498364.62411289645,-49047.63830833023,-78.07171490415598,
2034,4jxs,34,1,2,0.74951171875,-2,-547424.4586696693,-498364.62411289645,-49054.30983195211,-127.40318098080888,
2035,4jxs,35,1,2,0.74951171875,-2,-547423.3542609261,-498364.62411289645,-49050.09909769086,-199.03674916707857,
2036,4jxs,36,1,2,0.74951171875,-2,-547426.9733030442,-498364.62411289645,-49054.33248067774,-184.86971217780396,
2037,4jxs,37,1,2,0.74951171875,-2,-547402.8511697535,-498364.62411289645,-49037.57559877908,-15.022980165986175,
2038,4jxs,38,1,2,0.74951171875,-2,-547426.6227542826,-498364.62411289645,-49054.34492728887,-176.49884002119217,
2039,4jxs,39,1,2,0.74951171875,-2,-547423.84175135,-498364.62411289645,-49050.28136866624,-206.0752768570176,
2040,4jxs,40,1,2,0.74951171875,-2,-547424.9469293286,-498364.62411289645,-49053.33202922077,-161.21138286195838,
2041,4jxs,41,1,2,0.74951171875,-2,-547426.4157872177,-498364.62411289645,-49053.41491333291,-193.17269743668624,
2042,4jxs,42,1,2,0.74951171875,-2,-547425.0132130336,-498364.62411289645,-49053.38975737006,-161.40867866242604,
2043,4jxs,43,1,2,0.74951171875,-2,-547397.6113950324,-498364.62411289645,-49025.819313991495,-165.29727224313353,
2044,4jxs,44,1,2,0.74951171875,-2,-547401.2680023524,-498364.62411289645,-49052.90810622656,375.06174876513546,
2045,4jxs,45,1,2,0.74951171875,-2,-547425.5101344526,-498364.62411289645,-49052.236419533736,-199.46456115388568,
2046,4jxs,46,1,2,0.74951171875,-2,-547421.2904599776,-498364.62411289645,-49053.871687468156,-64.44638167535136,
2047,4jxs,47,1,2,0.74951171875,-2,-547419.6558252571,-498364.62411289645,-49049.47443839843,-128.1537820130051,
2048,4jxs,48,1,2,0.74951171875,-2,-547374.3217121365,-498364.62411289645,-49050.40603494316,938.7588286411392,
2049,4jxs,49,1,2,0.74951171875,-2,-547421.4244663176,-498364.62411289645,-49048.080104055116,-201.09372760126075,
2050,4jxs,50,1,2,0.74951171875,-2,-547424.6652890493,-498364.62411289645,-49053.934534082284,-140.82251155214033,
2051,4jxs,51,1,2,0.74951171875,-2,-547377.2927328022,-498364.62411289645,-49053.67757136918,945.6888867054804,
2052,4jxs,52,1,2,0.74951171875,-2,-547396.9310855942,-498364.62411289645,-49047.974093716235,361.29239361407207,
2053,4jxs,53,1,2,0.74951171875,-2,-547427.1783931392,-498364.62411289645,-49054.18679505144,-192.95879247517624,
2054,4jxs,54,1,2,0.74951171875,-2,-547423.7861526347,-498364.62411289645,-49052.00259299403,-165.10076408482885,
2055,4jxs,55,1,2,0.74951171875,-2,-547409.8488511681,-498364.62411289645,-49051.903095945156,154.0065865606442,
2056,4jxs,56,1,2,0.74951171875,-2,-547408.9993879062,-498364.62411289645,-49053.20553195535,203.6305626513149,
2057,4jxs,57,1,2,0.74951171875,-2,-547404.4535304244,-498364.62411289645,-49053.74107730193,320.8104956212763,
2058,4jxs,58,1,2,0.74951171875,-2,-547412.4814953676,-498364.62411289645,-49043.69005981641,-96.10074340531729,
2059,4jxs,59,1,2,0.74951171875,-2,-547373.0365097155,-498364.62411289645,-49054.242540330226,1056.868216523842,
2060,4jxs,60,1,2,0.74951171875,-2,-547409.7256327106,-498364.62411289645,-49044.00256208556,-25.342567264418413,
2061,4jxs,61,1,2,0.74951171875,-2,-547423.8173093044,-498364.62411289645,-49052.27233755629,-159.59879657706796,
2062,4jxs,62,1,2,0.74951171875,-2,-547411.8331912963,-498364.62411289645,-49051.03597160134,88.25025371514471,
2063,4jxs,63,1,2,0.74951171875,-2,-547423.89820685,-498364.62411289645,-49053.108863952366,-142.1735813302611,
2064,4jxs,64,1,2,0.74951171875,-2,-547421.1965357936,-498364.62411289645,-49048.6919490418,-181.72804426928127,
2065,4jxs,65,1,2,0.74951171875,-2,-547427.9945272948,-498364.62411289645,-49053.92944688933,-217.71388280842737,
2066,4jxs,66,1,2,0.74951171875,-2,-547419.6662862267,-498364.62411289645,-49054.087013581964,-22.026507061565745,
2067,4jxs,67,1,2,0.74951171875,-2,-547405.371318771,-498364.62411289645,-49054.216998040494,310.6207865102944,
2068,4jxs,68,1,2,0.74951171875,-2,-547420.7605960524,-498364.62411289645,-49052.82454085577,-76.37520382548615,
2069,4jxs,69,1,2,0.74951171875,-2,-547410.2390766976,-498364.62411289645,-49054.037491226765,194.22809655263464,
2070,4jxs,70,1,2,0.74951171875,-2,-547426.7921946058,-498364.62411289645,-49054.251876906244,-182.55201949918492,
2071,4jxs,71,1,2,0.74951171875,-2,-547425.1982420412,-498364.62411289645,-49053.984948834186,-151.95010771562534,
2072,4jxs,72,1,2,0.74951171875,-2,-547367.9249500849,-498364.62411289645,-49052.23471940828,1128.4421314686786,
2073,4jxs,73,1,2,0.74951171875,-2,-547416.5335011752,-498364.62411289645,-49052.64293520796,16.915994046174763,
2074,4jxs,74,1,2,0.74951171875,-2,-547378.2006777909,-498364.62411289645,-49046.39730583357,756.8642662625496,
2075,4jxs,75,1,2,0.74951171875,-2,-547405.0697808791,-498364.62411289645,-49037.858015995465,-59.67267241889754,
2076,4jxs,76,1,2,0.74951171875,-2,-547392.4377612596,-498364.62411289645,-49051.27720455099,541.0824597457317,
2077,4jxs,77,1,2,0.74951171875,-2,-547420.2046365475,-498364.62411289645,-49054.18121888708,-32.26873443873704,
2078,4jxs,78,1,2,0.74951171875,-2,-547405.2430027328,-498364.62411289645,-49054.21000596249,313.4185834995057,
2079,4jxs,79,1,2,0.74951171875,-2,-547396.847929767,-498364.62411289645,-49047.212868598246,345.655744302456,
2080,4jxs,80,1,2,0.74951171875,-2,-547423.2411692583,-498364.62411289645,-49053.586135544334,-116.015790143395,
2081,4jxs,81,1,2,0.74951171875,-2,-547416.1934751377,-498364.62411289645,-49052.9080990922,30.872005183949963,
2082,4jxs,82,1,2,0.74951171875,-2,-547398.861372302,-498364.62411289645,-49047.32485761773,301.807184558552,
2083,4jxs,83,1,2,0.74951171875,-2,-547417.9700556009,-498364.62411289645,-49052.73842133328,-14.009775637237459,
2084,4jxs,84,1,2,0.74951171875,-2,-547428.7097603926,-498364.62411289645,-49053.81998787108,-236.73173479570977,
2085,4jxs,85,1,2,0.74951171875,-2,-547405.2285772698,-498364.62411289645,-49052.31790412142,270.1183375707594,
2086,4jxs,86,1,2,0.74951171875,-2,-547403.807874473,-498364.62411289645,-49049.46139321472,237.00781597636114,
2087,4jxs,87,1,2,0.74951171875,-2,-547406.4771126716,-498364.62411289645,-49053.048276039466,258.1692037703345,
2088,4jxs,88,1,2,0.74951171875,-2,-547427.0057666193,-498364.62411289645,-49054.38718778812,-184.35676406929585,
2089,4jxs,89,1,2,0.74951171875,-2,-547397.0329202369,-498364.62411289645,-49050.25083722176,411.4469834725447,
2090,4jxs,90,1,2,0.74951171875,-2,-547412.8078010348,-498364.62411289645,-49052.36636317877,96.45477783024972,
2091,4jxs,91,1,2,0.74951171875,-2,-547422.7597413633,-498364.62411289645,-49051.68838111849,-148.6770558539079,
2092,4jxs,92,1,2,0.74951171875,-2,-547414.9668741217,-498364.62411289645,-49051.28322777276,21.687673802085808,
2093,4jxs,93,1,2,0.74951171875,-2,-547409.2289557453,-498364.62411289645,-49052.053430837244,171.76851957576267,
2094,4jxs,94,1,2,0.74951171875,-2,-547425.9308059999,-498364.62411289645,-49052.08209946577,-212.72418279987613,
2095,4jxs,95,1,2,0.74951171875,-2,-547396.6432568119,-498364.62411289645,-49052.02730378636,461.39912770590297,
2096,4jxs,96,1,2,0.74951171875,-2,-547422.3107622984,-498364.62411289645,-49054.14804898601,-81.6020641455049,
2097,4jxs,97,1,2,0.74951171875,-2,-547424.583701455,-498364.62411289645,-49054.31685059123,-130.12462879184122,
2098,4jxs,98,1,2,0.74951171875,-2,-547425.7115227086,-498364.62411289645,-49054.293832522264,-156.66361403558457,
2099,4jxs,99,1,2,0.74951171875,-2,-547426.1180454105,-498364.62411289645,-49054.10000212615,-170.50808536630186,
2100,4jxs,100,1,2,0.74951171875,-2,-547425.9765212775,-498364.62411289645,-49054.23261193931,-164.18640638793988,
3001,4kz6,1,1,3,0.74951171875,-1,-527457.3946730982,-498364.62411289645,-29086.4801771756,-145.05967864818618,
3002,4kz6,2,1,3,0.74951171875,-1,-527445.7777704778,-498364.62411289645,-29086.503447860254,123.36909461006961,
3003,4kz6,3,1,3,0.74951171875,-1,-527435.6297707594,-498364.62411289645,-29086.24980809818,351.5384556370905,
3004,4kz6,4,1,3,0.74951171875,-1,-527455.8536667334,-498364.62411289645,-29086.270810248996,-114.35134368913612,
3005,4kz6,5,1,3,0.74951171875,-1,-527454.6634228606,-498364.62411289645,-29086.118423392887,-90.41779231406812,
3006,4kz6,6,1,3,0.74951171875,-1,-527446.3824824048,-498364.62411289645,-29073.906750195416,-181.06264271428134,
3007,4kz6,7,1,3,0.74951171875,-1,-527454.994916723,-498364.62411289645,-29085.848145174088,-104.29498617658514,
3008,4kz6,8,1,3,0.74951171875,-1,-527454.7212010202,-498364.62411289645,-29086.57061803474,-81.32233216038497,
3009,4kz6,9,1,3,0.74951171875,-1,-527424.1229986,-498364.62411289645,-29086.16296156751,614.888196819738,
3010,4kz6,10,1,3,0.74951171875,-1,-527419.6612082723,-498364.62411289645,-29086.00527085831,714.1430919395078,
3011,4kz6,11,1,3,0.74951171875,-1,-527427.8336035664,-498364.62411289645,-29084.10982398717,481.9731361376835,
3012,4kz6,12,1,3,0.74951171875,-1,-527439.1916698703,-498364.62411289645,-29086.117522909226,266.3485418950391,
3013,4kz6,13,1,3,0.74951171875,-1,-527454.649028409,-498364.62411289645,-29086.52757546468,-80.65057745485771,
3014,4kz6,14,1,3,0.74951171875,-1,-527455.1858052929,-498364.62411289645,-29086.536698745003,-92.8185586175811,
3015,4kz6,15,1,3,0.74951171875,-1,-527446.2205455801,-498364.62411289645,-29085.703693328676,94.71568055633287,
3016,4kz6,16,1,3,0.74951171875,-1,-527450.2488481583,-498364.62411289645,-29086.384324171202,17.516536376008656,
3017,4kz6,17,1,3,0.74951171875,-1,-527453.2379609315,-498364.62411289645,-29085.947392286744,-61.489930322026865,
3018,4kz6,18,1,3,0.74951171875,-1,-527453.353912392,-498364.62411289645,-29085.889549709886,-65.49771603442944,
3019,4kz6,19,1,3,0.74951171875,-1,-527454.0121993814,-498364.62411289645,-29085.9877904377,-78.41268963519914,
3020,4kz6,20,1,3,0.74951171875,-1,-527433.9038054447,-498364.62411289645,-29085.962781258284,384.72116515976074,
3021,4kz6,21,1,3,0.74951171875,-1,-527424.0194709785,-498364.62411289645,-29085.94779460237,612.31373239556,
3022,4kz6,22,1,3,0.74951171875,-1,-527455.3366021558,-498364.62411289645,-29086.11632408379,-105.99008686894395,
3023,4kz6,23,1,3,0.74951171875,-1,-527447.4706416549,-498364.62411289645,-29085.302928946818,56.64593403454514,
3024,4kz6,24,1,3,0.74951171875,-1,-527428.7115605059,-498364.62411289645,-29057.30156629966,-156.48614051761075,
3025,4kz6,25,1,3,0.74951171875,-1,-527453.805388633,-498364.62411289645,-29085.991218290466,-73.56447231895883,
3026,4kz6,26,1,3,0.74951171875,-1,-527455.2299869935,-498364.62411289645,-29086.541693618503,-93.72222831740986,
3027,4kz6,27,1,3,0.74951171875,-1,-527433.6476997095,-498364.62411289645,-29086.137363698934,394.6530704390168,
3028,4kz6,28,1,3,0.74951171875,-1,-527455.189774339,-498364.62411289645,-29086.125125034265,-102.4012022362734,
3029,4kz6,29,1,3,0.74951171875,-1,-527453.3615957209,-498364.62411289645,-29086.527344021666,-50.96701157323765,
3030,4kz6,30,1,3,0.74951171875,-1,-527418.9562088717,-498364.62411289645,-29086.51138750115,742.0720913888533,
3031,4kz6,31,1,3,0.74951171875,-1,-527453.4955399325,-498364.62411289645,-29085.303385822965,-82.28098505632425,
3032,4kz6,32,1,3,0.74951171875,-1,-527418.0956666258,-498364.62411289645,-29086.174421296386,754.1460417286469,
3033,4kz6,33,1,3,0.74951171875,-1,-527454.9305834828,-498364.62411289645,-29086.28054803149,-92.8399796397607,
3034,4kz6,34,1,3,0.74951171875,-1,-527452.0133646572,-498364.62411289645,-29086.107827330274,-29.550349369883445,
3035,4kz6,35,1,3,0.74951171875,-1,-527453.9910320096,-498364.62411289645,-29086.27349184639,-71.33612744561908,
3036,4kz6,36,1,3,0.74951171875,-1,-527435.4189471023,-498364.62411289645,-29086.11283453537,353.2414792690081,
3037,4kz6,37,1,3,0.74951171875,-1,-527418.8243022548,-498364.62411289645,-29085.979422794102,732.84653266487,
3038,4kz6,38,1,3,0.74951171875,-1,-527455.1567524149,-498364.62411289645,-29086.331414660337,-96.8825467874315,
3039,4kz6,39,1,3,0.74951171875,-1,-527449.3161983251,-498364.62411289645,-29086.166256837787,33.995200290073576,
3040,4kz6,40,1,3,0.74951171875,-1,-527441.9369405635,-498364.62411289645,-29086.01444834587,200.66413986794356,
3041,4kz6,41,1,3,0.74951171875,-1,-527455.6968277027,-498364.62411289645,-29086.112492208118,-114.38545047458472,
3042,4kz6,42,1,3,0.74951171875,-1,-527437.9368071567,-498364.62411289645,-29074.45192790263,26.27135190131036,
3043,4kz6,43,1,3,0.74951171875,-1,-527437.1884624052,-498364.62411289645,-29085.675237036554,302.3442489359548,
3044,4kz6,44,1,3,0.74951171875,-1,-527448.911622106,-498364.62411289645,-29086.498128818395,50.97809922543701,
3045,4kz6,45,1,3,0.74951171875,-1,-527441.2864465687,-498364.62411289645,-29086.05035542599,216.49292468753382,
3046,4kz6,46,1,3,0.74951171875,-1,-527389.1707364168,-498364.62411289645,-29057.28330727436,754.9258615245313,
3047,4kz6,47,1,3,0.74951171875,-1,-527454.7854082732,-498364.62411289645,-29086.182666555138,-91.74936024166857,
3048,4kz6,48,1,3,0.74951171875,-1,-527450.9038366902,-498364.62411289645,-29086.172506487983,-2.472489808882518,
3049,4kz6,49,1,3,0.74951171875,-1,-527449.0597049937,-498364.62411289645,-29086.27060396411,42.31637892456583,
3050,4kz6,50,1,3,0.74951171875,-1,-527449.3176396267,-498364.62411289645,-29086.021797775236,30.63065796533942,
3051,4kz6,51,1,3,0.74951171875,-1,-527454.0088392851,-498364.62411289645,-29085.9492699749,-79.22350694979706,
3052,4kz6,52,1,3,0.74951171875,-1,-527404.4089520241,-498364.62411289645,-29086.48539737574,1076.940457197415,
3053,4kz6,53,1,3,0.74951171875,-1,-527453.4111499658,-498364.62411289645,-29085.797584822005,-68.93840653807042,
3054,4kz6,54,1,3,0.74951171875,-1,-527444.6885850423,-498364.62411289645,-29086.12747191206,139.81609610665998,
3055,4kz6,55,1,3,0.74951171875,-1,-527455.9340256734,-498364.62411289645,-29085.957361141223,-123.43277301226854,
3056,4kz6,56,1,3,0.74951171875,-1,-527405.6194457822,-498364.62411289645,-29086.12764108415,1040.7757519163872,
3057,4kz6,57,1,3,0.74951171875,-1,-527413.4167125471,-498364.62411289645,-29086.5451963041,870.5955608575886,
3058,4kz6,58,1,3,0.74951171875,-1,-527460.9502879315,-498364.62411289645,-29089.160574261965,-165.24267936251886,
3059,4kz6,59,1,3,0.74951171875,-1,-527434.9995142012,-498364.62411289645,-29088.68635624694,422.260652268843,
3060,4kz6,60,1,3,0.74951171875,-1,-527459.8117040511,-498364.62411289645,-29089.025786328613,-142.09459491380812,
3061,4kz6,61,1,3,0.74951171875,-1,-527457.6191974103,-498364.62411289645,-29089.133046494564,-89.0607124674569,
3062,4kz6,62,1,3,0.74951171875,-1,-527458.0230881722,-498364.62411289645,-29089.22001543828,-96.36910321414629,
3063,4kz6,63,1,3,0.74951171875,-1,-527458.2114173999,-498364.62411289645,-29088.918661841373,-107.66145741363418,
3064,4kz6,64,1,3,0.74951171875,-1,-527456.055065276,-498364.62411289645,-29089.13448401284,-52.95781861173832,
3065,4kz6,65,1,3,0.74951171875,-1,-527458.1465940871,-498364.62411289645,-29089.033858329094,-103.51010219323507,
3066,4kz6,66,1,3,0.74951171875,-1,-527458.3465665132,-498364.62411289645,-29088.89584308696,-111.30428298161021,
3067,4kz6,67,1,3,0.74951171875,-1,-527456.8219559026,-498364.62411289645,-29088.79515606495,-78.46782496069063,
3068,4kz6,68,1,3,0.74951171875,-1,-527458.3706090149,-498364.62411289645,-29089.105788121564,-107.01726872968051,
3069,4kz6,69,1,3,0.74951171875,-1,-527456.7319705178,-498364.62411289645,-29088.815184304203,-75.93085052027493,
3070,4kz6,70,1,3,0.74951171875,-1,-527457.9176802825,-498364.62411289645,-29089.251346298304,-93.21583273585982,
3071,4kz6,71,1,3,0.74951171875,-1,-527457.2876866361,-498364.62411289645,-29088.83892502193,-88.19849469013602,
3072,4kz6,72,1,3,0.74951171875,-1,-527456.6268585045,-498364.62411289645,-29089.087873796594,-67.21854082802871,
3073,4kz6,73,1,3,0.74951171875,-1,-527451.5504191065,-498364.62411289645,-29089.226221192654,53.03729946266881,
3074,4kz6,74,1,3,0.74951171875,-1,-527457.5369669438,-498364.62411289645,-29089.306404764662,-83.16669618137588,
3075,4kz6,75,1,3,0.74951171875,-1,-527456.8148252608,-498364.62411289645,-29088.93069004045,-75.17790072873309,
3076,4kz6,76,1,3,0.74951171875,-1,-527458.0327542148,-498364.62411289645,-29089.1535245402,-98.12532398813838,
3077,4kz6,77,1,3,0.74951171875,-1,-527457.9275770031,-498364.62411289645,-29089.103948415817,-96.84313245484064,
3078,4kz6,78,1,3,0.74951171875,-1,-527456.4056028744,-498364.62411289645,-29088.7861060439,-69.07519448119177,
3079,4kz6,79,1,3,0.74951171875,-1,-527458.7681473843,-498364.62411289645,-29089.22574573187,-113.4184331017375,
3080,4kz6,80,1,3,0.74951171875,-1,-527457.6997764914,-498364.62411289645,-29089.028570444585,-93.32818516864967,
3081,4kz6,81,1,3,0.74951171875,-1,-527449.9737550368,-498364.62411289645,-29088.978153562824,83.6754612111499,
3082,4kz6,82,1,3,0.74951171875,-1,-527458.2392090113,-498364.62411289645,-29088.81258623783,-110.74850872644724,
3083,4kz6,83,1,3,0.74951171875,-1,-527458.1758007893,-498364.62411289645,-29088.623029434057,-113.65756412903754,
3084,4kz6,84,1,3,0.74951171875,-1,-527458.8327522613,-498364.62411289645,-29089.21617511067,-115.12896072653119,
3085,4kz6,85,1,3,0.74951171875,-1,-527459.0801639591,-498364.62411289645,-29089.05140593385,-124.63407749949045,
3086,4kz6,86,1,3,0.74951171875,-1,-527458.955007598,-498364.62411289645,-29089.1246348928,-120.05920333924247,
3087,4kz6,87,1,3,0.74951171875,-1,-527459.0513719001,-498364.62411289645,-29089.0950356321,-122.96399210396669,
3088,4kz6,88,1,3,0.74951171875,-1,-527458.4073267482,-498364.62411289645,-29089.363459748987,-101.9219508874607,
3089,4kz6,89,1,3,0.74951171875,-1,-527457.4675502324,-498364.62411289645,-29088.525906553412,-99.56462512153041,
3090,4kz6,90,1,3,0.74951171875,-1,-527452.1440145948,-498364.62411289645,-29089.08526942321,36.0982372905332,
3091,4kz6,91,1,3,0.74951171875,-1,-527458.2728199254,-498364.62411289645,-29088.880812639534,-109.9502566196664,
3092,4kz6,92,1,3,0.74951171875,-1,-527459.1071182437,-498364.62411289645,-29089.194252042766,-121.9615485425045,
3093,4kz6,93,1,3,0.74951171875,-1,-527457.2286207998,-498364.62411289645,-29089.24286456477,-77.52133699980327,
3094,4kz6,94,1,3,0.74951171875,-1,-527459.4856486866,-498364.62411289645,-29089.00877316038,-134.967912566225,
3095,4kz6,95,1,3,0.74951171875,-1,-527458.8445485681,-498364.62411289645,-29089.28047189918,-113.91827085734639,
3096,4kz6,96,1,3,0.74951171875,-1,-527459.6599758422,-498364.62411289645,-29089.089204654632,-137.13319795528614,
3097,4kz6,97,1,3,0.74951171875,-1,-527434.1931452772,-498364.62411289645,-29089.053470089053,449.3218077246958,
3098,4kz6,98,1,3,0.74951171875,-1,-527453.4383534157,-498364.62411289645,-29086.272384920183,-58.61658262077568,
3099,4kz6,99,1,3,0.74951171875,-1,-527435.2828553651,-498364.62411289645,-29086.590622100823,367.397872289855,
3100,4kz6,100,1,3,0.74951171875,-1,-527454.5287081349,-498364.62411289645,-29086.608898372328,-76.00057521638428,
4001,3gr2,1,1,4,0.74951171875,0,-516757.75013979065,-498364.62411289645,-18396.193587389535,70.73962552600814,
4002,3gr2,2,1,4,0.74951171875,0,-516762.770096798,-498364.62411289645,-18395.859160064345,-52.73541047860611,
4003,3gr2,3,1,4,0.74951171875,0,-516756.15742214216,-498364.62411289645,-18396.085520137214,104.9764769984837,
4004,3gr2,4,1,4,0.74951171875,0,-516762.32390702557,-498364.62411289645,-18395.83341581183,-43.03970645586773,
4005,3gr2,5,1,4,0.74951171875,0,-516762.567357673,-498364.62411289645,-18395.532287035923,-55.59800629583467,
4006,3gr2,6,1,4,0.74951171875,0,-516751.62257696356,-498364.62411289645,-18396.148891191337,211.01386236865213,
4007,3gr2,7,1,4,0.74951171875,0,-516757.59193792683,-498364.62411289645,-18395.78809733791,65.03702444308428,
4008,3gr2,8,1,4,0.74951171875,0,-516749.40563408664,-498364.62411289645,-18395.602309687678,249.53331071131615,
4009,3gr2,9,1,4,0.74951171875,0,-516759.6038919243,-498364.62411289645,-18395.90649183189,21.370504942415458,
4010,3gr2,10,1,4,0.74951171875,0,-516761.15632800834,-498364.62411289645,-18396.18957507751,-7.901466901455046,
4011,3gr2,11,1,4,0.74951171875,0,-516762.45258572145,-498364.62411289645,-18395.567183749885,-52.14656487555029,
4012,3gr2,12,1,4,0.74951171875,0,-516757.43697277486,-498364.62411289645,-18395.632159781097,65.01460025477093,
4013,3gr2,13,1,4,0.74951171875,0,-516761.14332892623,-498364.62411289645,-18396.14755039123,-8.57081323497872,
4014,3gr2,14,1,4,0.74951171875,0,-516760.69479983003,-498364.62411289645,-18395.944962755624,-2.8992684193202436,
4015,3gr2,15,1,4,0.74951171875,0,-516747.2712691619,-498364.62411289645,-18395.73436047947,301.7980987465275,
4016,3gr2,16,1,4,0.74951171875,0,-516760.618434635,-498364.62411289645,-18395.562732179285,-9.952691674488163,
4017,3gr2,17,1,4,0.74951171875,0,-516722.21099391737,-498364.62411289645,-18395.729745708133,879.5953555162771,
4018,3gr2,18,1,4,0.74951171875,0,-516737.48039581155,-498364.62411289645,-18395.68109829372,526.3527467636065,
4019,3gr2,19,1,4,0.74951171875,0,-516760.29960950324,-498364.62411289645,-18395.55715912213,-2.7289272252947834,
4020,3gr2,20,1,4,0.74951171875,0,-516760.37882521213,-498364.62411289645,-18395.58464869982,-3.9217601478777118,
4021,3gr2,21,1,4,0.74951171875,0,-516760.014627217,-498364.62411289645,-18396.02568053028,14.647280759272968,
4022,3gr2,22,1,4,0.74951171875,0,-516757.13076414255,-498364.62411289645,-18396.145313914887,83.90955451292962,
4023,3gr2,23,1,4,0.74951171875,0,-516750.45890498883,-498364.62411289645,-18395.586959655368,224.89032653838595,
4024,3gr2,24,1,4,0.74951171875,0,-516763.1847409462,-498364.62411289645,-18396.01874793176,-58.617148041139835,
4025,3gr2,25,1,4,0.74951171875,0,-516732.3215188986,-498364.62411289645,-18395.95383672935,651.6087723072634,
4026,3gr2,26,1,4,0.74951171875,0,-516730.6602707149,-498364.62411289645,-18395.828810934443,687.03490218233,
4027,3gr2,27,1,4,0.74951171875,0,-516709.1193023633,-498364.62411289645,-18395.977531418703,1187.2110090126841,
4028,3gr2,28,1,4,0.74951171875,0,-516729.0054275173,-498364.62411289645,-18395.61482930509,720.2619592944604,
4029,3gr2,29,1,4,0.74951171875,0,-516754.208512588,-498364.62411289645,-18396.02320299668,148.48233158987762,
4030,3gr2,30,1,4,0.74951171875,0,-516751.54057138134,-498364.62411289645,-18396.085550522377,211.4442854937897,
4031,3gr2,31,1,4,0.74951171875,0,-516746.8459871396,-498364.62411289645,-18395.637966590464,309.3824392747253,
4032,3gr2,32,1,4,0.74951171875,0,-516760.575813354,-498364.62411289645,-18395.955504770878,0.08772954955027142,
4033,3gr2,33,1,4,0.74951171875,0,-516715.5847597027,-498364.62411289645,-18396.01359902147,1038.9457594701998,
4034,3gr2,34,1,4,0.74951171875,0,-516742.1248572248,-498364.62411289645,-18395.55469118249,416.3339049609113,
4035,3gr2,35,1,4,0.74951171875,0,-516759.28932516003,-498364.62411289645,-18395.620800391564,22.036385731597615,
4036,3gr2,36,1,4,0.74951171875,0,-516759.9948139668,-498364.62411289645,-18395.583633276256,4.91033331894012,
4037,3gr2,37,1,4,0.74951171875,0,-516746.41499902116,-498364.62411289645,-18396.01842680173,328.0948822944235,
4038,3gr2,38,1,4,0.74951171875,0,-516735.25897244393,-498364.62411289645,-18395.580018762375,575.2490372173942,
4039,3gr2,39,1,4,0.74951171875,0,-516763.2366068528,-498364.62411289645,-18395.830621925885,-64.1514930170924,
4040,3gr2,40,1,4,0.74951171875,0,-516762.2020048604,-498364.62411289645,-18395.973603116865,-36.99577969213698,
4041,3gr2,41,1,4,0.74951171875,0,-516740.2157375376,-498364.62411289645,-18395.95202003602,469.5218718537042,
4042,3gr2,42,1,4,0.74951171875,0,-516738.2840467359,-498364.62411289645,-18395.617184993418,506.34624046478757,
4043,3gr2,43,1,4,0.74951171875,0,-516755.810670493,-498364.62411289645,-18395.91010441102,108.92757724529437,
4044,3gr2,44,1,4,0.74951171875,0,-516753.7223929885,-498364.62411289645,-18395.59863179694,149.9016714062078,
4045,3gr2,45,1,4,0.74951171875,0,-516761.0496187724,-498364.62411289645,-18395.62586175895,-18.440231407799665,
4046,3gr2,46,1,4,0.74951171875,0,-516748.9776678955,-498364.62411289645,-18396.022379569447,269.0894871327886,
4047,3gr2,47,1,4,0.74951171875,0,-516744.84071915084,-498364.62411289645,-18395.756209056257,358.3517536810804,
4048,3gr2,48,1,4,0.74951171875,0,-516756.46642181656,-498364.62411289645,-18395.614536834415,86.98964224583592,
4049,3gr2,49,1,4,0.74951171875,0,-516746.97081202327,-498364.62411289645,-18395.58072104362,305.18379540382597,
4050,3gr2,50,1,4,0.74951171875,0,-516760.76487873995,-498364.62411289645,-18395.549384152266,-13.637585776987843,
4051,3gr2,51,1,4,0.74951171875,0,-516759.7189573748,-498364.62411289645,-18395.581101128504,11.213344738670774,
4052,3gr2,52,1,4,0.74951171875,0,-516760.0185002515,-498364.62411289645,-18395.97867158427,13.473914414068762,
4053,3gr2,53,1,4,0.74951171875,0,-516760.57544318726,-498364.62411289645,-18395.560115846114,-9.021619414084139,
4054,3gr2,54,1,4,0.74951171875,0,-516760.35311626096,-498364.62411289645,-18395.60056235736,-2.9619199888649717,
4055,3gr2,55,1,4,0.74951171875,0,-516734.6021813493,-498364.62411289645,-18395.78200163861,595.0528354482709,
4056,3gr2,56,1,4,0.74951171875,0,-516761.17793941,-498364.62411289645,-18395.733379632777,-18.91995453599291,
4057,3gr2,57,1,4,0.74951171875,0,-516741.02141191036,-498364.62411289645,-18395.635337145228,443.63969849440065,
4058,3gr2,58,1,4,0.74951171875,0,-516761.6269260456,-498364.62411289645,-18396.636098590512,-8.456638619126885,
4059,3gr2,59,1,4,0.74951171875,0,-516762.5129860426,-498364.62411289645,-18396.44103427229,-33.3879576016114,
4060,3gr2,60,1,4,0.74951171875,0,-516750.54548128886,-498364.62411289645,-18396.655387005965,247.5323496524774,
4061,3gr2,61,1,4,0.74951171875,0,-516747.05612473964,-498364.62411289645,-18396.660092067847,328.1073245585004,
4062,3gr2,62,1,4,0.74951171875,0,-516754.46485602617,-498364.62411289645,-18396.526579394576,154.1790469733227,
4063,3gr2,63,1,4,0.74951171875,0,-516751.25676885206,-498364.62411289645,-18396.270593420446,222.25611789617403,
4064,3gr2,64,1,4,0.74951171875,0,-516763.09414452245,-498364.62411289645,-18396.65950577562,-41.75171797122153,
4065,3gr2,65,1,4,0.74951171875,0,-516762.2923571479,-498364.62411289645,-18396.791140999663,-20.22648149039447,
4066,3gr2,66,1,4,0.74951171875,0,-516752.38002771436,-498364.62411289645,-18396.873990410277,210.2678183208938,
4067,3gr2,67,1,4,0.74951171875,0,-516761.9873106916,-498364.62411289645,-18396.669271898194,-16.00231133820408,
4068,3gr2,68,1,4,0.74951171875,0,-516762.3778229315,-498364.62411289645,-18396.19636270184,-35.91328266657876,
4069,3gr2,69,1,4,0.74951171875,0,-516763.0030000224,-498364.62411289645,-18396.782078933604,-36.823271695491286,
4070,3gr2,70,1,4,0.74951171875,0,-516762.75142205134,-498364.62411289645,-18396.662225437973,-33.78563312991945,
4071,3gr2,71,1,4,0.74951171875,0,-516762.2340138322,-498364.62411289645,-18396.56700749734,-24.049694018208267,
4072,3gr2,72,1,4,0.74951171875,0,-516762.4050239217,-498364.62411289645,-18396.79415204401,-22.75520268397278,
4073,3gr2,73,1,4,0.74951171875,0,-516760.65448345814,-498364.62411289645,-18396.779498863816,17.27530904228701,
4074,3gr2,74,1,4,0.74951171875,0,-516728.0438030768,-498364.62411289645,-18396.527308922487,763.4798255612366,
4075,3gr2,75,1,4,0.74951171875,0,-516735.13386631565,-498364.62411289645,-18396.49407116381,599.2126021954773,
4076,3gr2,76,1,4,0.74951171875,0,-516762.69940853387,-498364.62411289645,-18396.857259630317,-28.088577601223328,
4077,3gr2,77,1,4,0.74951171875,0,-516756.2687032028,-498364.62411289645,-18396.753997098647,117.8257197203532,
4078,3gr2,78,1,4,0.74951171875,0,-516761.9566953735,-498364.62411289645,-18396.66579532305,-15.37647705819065,
4079,3gr2,79,1,4,0.74951171875,0,-516757.75381001097,-498364.62411289645,-18396.840289846983,85.56830118690631,
4080,3gr2,80,1,4,0.74951171875,0,-516762.0710282779,-498364.62411289645,-18396.665971364375,-18.00899685929585,
4081,3gr2,81,1,4,0.74951171875,0,-516752.38425109326,-498364.62411289645,-18396.549756398585,202.6934109548449,
4082,3gr2,82,1,4,0.74951171875,0,-516762.93393415667,-498364.62411289645,-18396.64759245061,-38.33190696947672,
4083,3gr2,83,1,4,0.74951171875,0,-516751.7124324988,-498364.62411289645,-18396.78223595508,223.54702171784476,
4084,3gr2,84,1,4,0.74951171875,0,-516759.11099885055,-498364.62411289645,-18396.83822051489,54.22306310479767,
4085,3gr2,85,1,4,0.74951171875,0,-516760.70292851,-498364.62411289645,-18396.70164908484,14.362881054450119,
4086,3gr2,86,1,4,0.74951171875,0,-516691.1701303016,-498364.62411289645,-18396.73695640719,1618.6415061321234,
4087,3gr2,87,1,4,0.74951171875,0,-516762.8165462064,-498364.62411289645,-18396.856242313195,-30.813296392062213,
4088,3gr2,88,1,4,0.74951171875,0,-516745.523721931,-498364.62411289645,-18396.595805872188,361.9628979335842,
4089,3gr2,89,1,4,0.74951171875,0,-516744.54038913554,-498364.62411289645,-18396.472864698313,381.80400007575264,
4090,3gr2,90,1,4,0.74951171875,0,-516762.7675134047,-498364.62411289645,-18396.58405054865,-35.95946432852802,
4091,3gr2,91,1,4,0.74951171875,0,-516761.5938289155,-498364.62411289645,-18396.806607675167,-3.7613677657992883,
4092,3gr2,92,1,4,0.74951171875,0,-516762.0314123086,-498364.62411289645,-18396.807436382423,-13.833170089557289,
4093,3gr2,93,1,4,0.74951171875,0,-516758.0875836868,-498364.62411289645,-18396.16488609761,62.29611690317452,
4094,3gr2,94,1,4,0.74951171875,0,-516761.93696151685,-498364.62411289645,-18396.10728037373,-27.801064215593797,
4095,3gr2,95,1,4,0.74951171875,0,-516761.5496419899,-498364.62411289645,-18395.825298684318,-25.371915975216105,
4096,3gr2,96,1,4,0.74951171875,0,-516760.8324058352,-498364.62411289645,-18396.045899568446,-3.7448800837116396,
4097,3gr2,97,1,4,0.74951171875,0,-516761.4245455822,-498364.62411289645,-18396.038430214256,-17.572194441237137,
4098,3gr2,98,1,4,0.74951171875,0,-516752.66000789136,-498364.62411289645,-18396.13546902891,186.78061441862198,
4099,3gr2,99,1,4,0.74951171875,0,-516760.30203197576,-498364.62411289645,-18395.82023277408,3.2818317650409243,
4100,3gr2,100,1,4,0.74951171875,0,-516763.7593516365,-498364.62411289645,-18395.79586719768,-77.0077371774489,
5001,2r9w,1,1,5,0.74951171875,-2,-535150.9031213934,-498364.62411289645,-36782.95561742919,-76.6392186782457,
5002,2r9w,2,1,5,0.74951171875,-2,-535146.8260449957,-498364.62411289645,-36782.84752497147,14.887725309120674,
5003,2r9w,3,1,5,0.74951171875,-2,-535150.2331667254,-498364.62411289645,-36783.24793705203,-54.44864636732611,
5004,2r9w,4,1,5,0.74951171875,-2,-535146.214718711,-498364.62411289645,-36782.80026096418,27.895310436905465,
5005,2r9w,5,1,5,0.74951171875,-2,-535155.4699431885,-498364.62411289645,-36782.88830071937,-183.50499132391096,
5006,2r9w,6,1,5,0.74951171875,-2,-535154.2248984703,-498364.62411289645,-36783.140967856285,-148.9669354538238,
5007,2r9w,7,1,5,0.74951171875,-2,-535156.8040030673,-498364.62411289645,-36783.4541234416,-201.22096101904316,
5008,2r9w,8,1,5,0.74951171875,-2,-535147.6669293247,-498364.62411289645,-36783.29398969175,5.792193055777008,
5009,2r9w,9,1,5,0.74951171875,-2,-535152.6635323643,-498364.62411289645,-36783.2055321156,-111.47209049442277,
5010,2r9w,10,1,5,0.74951171875,-2,-535151.1021743988,-498364.62411289645,-36782.810405987766,-84.57814542126523,
5011,2r9w,11,1,5,0.74951171875,-2,-535140.2654286007,-498364.62411289645,-36783.39447353645,178.79206702731526,
5012,2r9w,12,1,5,0.74951171875,-2,-535138.5351134723,-498364.62411289645,-36774.90777808634,22.986235457950208,
5013,2r9w,13,1,5,0.74951171875,-2,-535152.8871895871,-498364.62411289645,-36781.65920469943,-152.28890592126203,
5014,2r9w,14,1,5,0.74951171875,-2,-535147.0866743275,-498364.62411289645,-36783.07397403415,14.099509578088657,
5015,2r9w,15,1,5,0.74951171875,-2,-535139.9366623553,-498364.62411289645,-36782.629089243244,168.72341565208026,
5016,2r9w,16,1,5,0.74951171875,-2,-535152.321330927,-498364.62411289645,-36781.45506064948,-143.94756885161397,
5017,2r9w,17,1,5,0.74951171875,-2,-535153.3699936571,-498364.62411289645,-36782.733582040295,-138.64690221294475,
5018,2r9w,18,1,5,0.74951171875,-2,-535143.0704081487,-498364.62411289645,-36779.42265169739,22.515314502937166,
5019,2r9w,19,1,5,0.74951171875,-2,-535142.3530481409,-498364.62411289645,-36778.67006225948,21.7029045451309,
5020,2r9w,20,1,5,0.74951171875,-2,-535151.3046393542,-498364.62411289645,-36783.367262619955,-76.40567920774276,
5021,2r9w,21,1,5,0.74951171875,-2,-535151.8192663171,-498364.62411289645,-36782.887495809744,-99.3369443734532,
5022,2r9w,22,1,5,0.74951171875,-2,-535115.8703902025,-498364.62411289645,-36778.51588524214,628.8520981322706,
5023,2r9w,23,1,5,0.74951171875,-2,-535152.8203068639,-498364.62411289645,-36783.15906706106,-116.15890595305106,
5024,2r9w,24,1,5,0.74951171875,-2,-535153.1149728429,-498364.62411289645,-36782.84062272786,-130.29756563270652,
5025,2r9w,25,1,5,0.74951171875,-2,-535142.6086736445,-498364.62411289645,-36782.99963571794,115.65037621757314,
5026,2r9w,26,1,5,0.74951171875,-2,-535156.7740770109,-498364.62411289645,-36783.02833173183,-210.34983985330237,
5027,2r9w,27,1,5,0.74951171875,-2,-535154.4349173692,-498364.62411289645,-36781.93346292725,-181.65581148728148,
5028,2r9w,28,1,5,0.74951171875,-2,-535156.7275502839,-498364.62411289645,-36781.74867439578,-238.78650724400862,
5029,2r9w,29,1,5,0.74951171875,-2,-535153.1534039308,-498364.62411289645,-36781.946977855,-151.79174790938413,
5030,2r9w,30,1,5,0.74951171875,-2,-535121.7435957371,-498364.62411289645,-36779.42436358106,514.36276916935,
5031,2r9w,31,1,5,0.74951171875,-2,-535142.0116726389,-498364.62411289645,-36777.55947650583,3.964494743762595,
5032,2r9w,32,1,5,0.74951171875,-2,-535149.4551366615,-498364.62411289645,-36776.0977949555,-201.3930406791944,
5033,2r9w,33,1,5,0.74951171875,-2,-535157.1667122976,-498364.62411289645,-36782.97007398971,-220.74768011025415,
5034,2r9w,34,1,5,0.74951171875,-2,-535147.1436600463,-498364.62411289645,-36776.48290935048,-139.2081747080029,
5035,2r9w,35,1,5,0.74951171875,-2,-535153.4553899551,-498364.62411289645,-36782.92888296484,-136.11244131503904,
5036,2r9w,36,1,5,0.74951171875,-2,-535136.5844022988,-498364.62411289645,-36777.48578634167,127.42098645731569,
5037,2r9w,37,1,5,0.74951171875,-2,-535154.1636809517,-498364.62411289645,-36783.15870945346,-147.14609498685624,
5038,2r9w,38,1,5,0.74951171875,-2,-535151.4589674576,-498364.62411289645,-36781.508246212084,-122.83450660964311,
5039,2r9w,39,1,5,0.74951171875,-2,-535153.3292490867,-498364.62411289645,-36783.12343701267,-128.71704086018713,
5040,2r9w,40,1,5,0.74951171875,-2,-535151.1584263992,-498364.62411289645,-36779.42404121794,-163.9667741132144,
5041,2r9w,41,1,5,0.74951171875,-2,-535159.0307563919,-498364.62411289645,-36783.20641006877,-258.2835186508889,
5042,2r9w,42,1,5,0.74951171875,-2,-535146.0971774401,-498364.62411289645,-36783.01918740115,35.6544401080736,
5043,2r9w,43,1,5,0.74951171875,-2,-535148.2028610648,-498364.62411289645,-36782.93247318105,-14.903455256759965,
5044,2r9w,44,1,5,0.74951171875,-2,-535137.7371026798,-498364.62411289645,-36781.66703592179,197.26099012091865,
5045,2r9w,45,1,5,0.74951171875,-2,-535139.0746266457,-498364.62411289645,-36777.343593014186,66.71599276777721,
5046,2r9w,46,1,5,0.74951171875,-2,-535152.987312127,-498364.62411289645,-36781.449242163464,-159.439637644947,
5047,2r9w,47,1,5,0.74951171875,-2,-535152.9032597928,-498364.62411289645,-36781.45281306137,-157.41899791014197,
5048,2r9w,48,1,5,0.74951171875,-2,-535147.4268578424,-498364.62411289645,-36782.78226278587,-0.47232983148761853,
5049,2r9w,49,1,5,0.74951171875,-2,-535138.5160690381,-498364.62411289645,-36777.357565820435,79.91885776044066,
5050,2r9w,50,1,5,0.74951171875,-2,-535151.9009733142,-498364.62411289645,-36783.34366021552,-90.70175139069873,
5051,2r9w,51,1,5,0.74951171875,-2,-535137.1601448634,-498364.62411289645,-36783.07757623672,243.09378584112423,
5052,2r9w,52,1,5,0.74951171875,-2,-535131.9995998681,-498364.62411289645,-36782.7303055121,354.09052738287323,
5053,2r9w,53,1,5,0.74951171875,-2,-535120.3758529853,-498364.62411289645,-36783.15635574061,631.9654500169258,
5054,2r9w,54,1,5,0.74951171875,-2,-535113.3344821929,-498364.62411289645,-36770.24371204567,496.5706804218906,
5055,2r9w,55,1,5,0.74951171875,-2,-535152.263176706,-498364.62411289645,-36779.42043065176,-189.52618303854499,
5056,2r9w,56,1,5,0.74951171875,-2,-535147.1492832737,-498364.62411289645,-36778.40561143235,-94.99928609071401,
5057,2r9w,57,1,5,0.74951171875,-2,-535141.5106966308,-498364.62411289645,-36778.51731403577,37.60553411452694,
5058,2r9w,58,1,5,0.74951171875,-2,-535126.5289551113,-498364.62411289645,-36782.910045163844,484.3914872975207,
5059,2r9w,59,1,5,0.74951171875,-2,-535147.6312386671,-498364.62411289645,-36780.273687048706,-63.034594388646184,
5060,2r9w,60,1,5,0.74951171875,-2,-535153.5434693968,-498364.62411289645,-36782.5918907045,-145.91482763121746,
5061,2r9w,61,1,5,0.74951171875,-2,-535153.012293112,-498364.62411289645,-36781.62938608794,-155.86149525715496,
5062,2r9w,62,1,5,0.74951171875,-2,-535133.7310285446,-498364.62411289645,-36772.34779230652,74.73639119344362,
5063,2r9w,63,1,5,0.74951171875,-2,-535148.4513278812,-498364.62411289645,-36776.87220831362,-160.38626400171898,
5064,2r9w,64,1,5,0.74951171875,-2,-535146.3190899602,-498364.62411289645,-36781.51338511499,-4.1876098199488085,
5065,2r9w,65,1,5,0.74951171875,-2,-535151.3095862701,-498364.62411289645,-36782.68877595485,-92.16603199156843,
5066,2r9w,66,1,5,0.74951171875,-2,-535129.7210931324,-498364.62411289645,-36783.1239223189,415.71116014366635,
5067,2r9w,67,1,5,0.74951171875,-2,-535068.3839015604,-498364.62411289645,-36782.78780401062,1822.4293278596888,
5068,2r9w,68,1,5,0.74951171875,-2,-535149.5731245562,-498364.62411289645,-36781.541741109126,-78.57352550507333,
5069,2r9w,69,1,5,0.74951171875,-2,-535150.7805624999,-498364.62411289645,-36782.90753876152,-74.92166386745924,
5070,2r9w,70,1,5,0.74951171875,-2,-535128.8344986476,-498364.62411289645,-36779.42221642606,350.79314886988874,
5071,2r9w,71,1,5,0.74951171875,-2,-535151.8422423343,-498364.62411289645,-36782.99572426095,-97.37097654150287,
5072,2r9w,72,1,5,0.74951171875,-2,-535154.6648197679,-498364.62411289645,-36780.56324054754,-218.55556547639375,
5073,2r9w,73,1,5,0.74951171875,-2,-535154.1918638147,-498364.62411289645,-36780.45420341904,-210.1633980126898,
5074,2r9w,74,1,5,0.74951171875,-2,-535144.8184111211,-498364.62411289645,-36780.833645693136,14.743702876284356,
5075,2r9w,75,1,5,0.74951171875,-2,-535153.7166589842,-498364.62411289645,-36781.06582418986,-185.10060424923716,
5076,2r9w,76,1,5,0.74951171875,-2,-535155.922255184,-498364.62411289645,-36783.383822203505,-182.5085568458584,
5077,2r9w,77,1,5,0.74951171875,-2,-535132.3657670877,-498364.62411289645,-36780.57567421032,295.95953250944285,
5078,2r9w,78,1,5,0.74951171875,-2,-535154.0740872225,-498364.62411289645,-36780.88259833307,-197.56838386812163,
5079,2r9w,79,1,5,0.74951171875,-2,-535154.0792379281,-498364.62411289645,-36780.88870460084,-197.54634808311306,
5080,2r9w,80,1,5,0.74951171875,-2,-535153.6131291537,-498364.62411289645,-36780.91715669891,-186.14150342794247,
5081,2r9w,81,1,5,0.74951171875,-2,-535148.9784682011,-498364.62411289645,-36780.632580613215,-85.82616328722777,
5082,2r9w,82,1,5,0.74951171875,-2,-535149.8143628712,-498364.62411289645,-36780.55545357153,-106.88094414241651,
5083,2r9w,83,1,5,0.74951171875,-2,-535142.3165729633,-498364.62411289645,-36780.81050384098,71.90379759207518,
5084,2r9w,84,1,5,0.74951171875,-2,-535155.7009859087,-498364.62411289645,-36780.90362880197,-234.60058470474215,
5085,2r9w,85,1,5,0.74951171875,-2,-535140.941439967,-498364.62411289645,-36780.63449737246,99.55631223963539,
5086,2r9w,86,1,5,0.74951171875,-2,-535128.1435758035,-498364.62411289645,-36780.31723254714,387.3657702330649,
5087,2r9w,87,1,5,0.74951171875,-2,-535115.773099908,-498364.62411289645,-36780.70704791472,681.6250772373436,
5088,2r9w,88,1,5,0.74951171875,-2,-535140.987014302,-498364.62411289645,-36780.620597030604,98.18479360847725,
5089,2r9w,89,1,5,0.74951171875,-2,-535153.9477976514,-498364.62411289645,-36780.821105788025,-196.07412895052144,
5090,2r9w,90,1,5,0.74951171875,-2,-535155.2711284121,-498364.62411289645,-36780.93139406077,-224.04755326464687,
5091,2r9w,91,1,5,0.74951171875,-2,-535156.1047381491,-498364.62411289645,-36781.087127254694,-239.67975770924008,
5092,2r9w,92,1,5,0.74951171875,-2,-535156.5262628465,-498364.62411289645,-36783.510135123885,-193.5244592951113,
5093,2r9w,93,1,5,0.74951171875,-2,-535149.4699581894,-498364.62411289645,-36783.260612351274,-36.556340074479266,
5094,2r9w,94,1,5,0.74951171875,-2,-535157.1725502538,-498364.62411289645,-36783.07108969637,-218.55282904353535,
5095,2r9w,95,1,5,0.74951171875,-2,-535156.0139845739,-498364.62411289645,-36783.11650071098,-190.78846689252356,
5096,2r9w,96,1,5,0.74951171875,-2,-535157.1638375199,-498364.62411289645,-36783.26549809988,-213.86874433983414,
5097,2r9w,97,1,5,0.74951171875,-2,-535135.6596397193,-498364.62411289645,-36783.031900218484,276.64294248410397,
5098,2r9w,98,1,5,0.74951171875,-2,-535157.0692446909,-498364.62411289645,-36783.31801639219,-210.47628129027083,
5099,2r9w,99,1,5,0.74951171875,-2,-535156.808554991,-498364.62411289645,-36783.28572023157,-205.20940115340093,
5100,2r9w,100,1,5,0.74951171875,-2,-535141.1928253352,-498364.62411289645,-36783.151070480155,151.7927824521288,
6001,3g2z,1,0,6,0.5771484375,0,-515253.3653556748,-498364.62411289645,-16892.01515812662,75.49828148164994,
6002,3g2z,2,0,6,0.5771484375,0,-515257.07430506963,-498364.62411289645,-16891.921496174968,-12.192019354777091,
6003,3g2z,3,0,6,0.5771484375,0,-515249.86493868416,-498364.62411289645,-16892.015388844946,156.2251354129204,
6004,3g2z,4,0,6,0.5771484375,0,-515258.38055863633,-498364.62411289645,-16892.01513551977,-40.155567618873505,
6005,3g2z,5,0,6,0.5771484375,0,-515254.2165417537,-498364.62411289645,-16891.92172220037,53.714780551113385,
6006,3g2z,6,0,6,0.5771484375,0,-515258.017838212,-498364.62411289645,-16892.01543039493,-31.78423594219598,
6007,3g2z,7,0,6,0.5771484375,0,-515255.216006988,-498364.62411289645,-16892.015169592694,32.821512769764716,
6008,3g2z,8,0,6,0.5771484375,0,-515254.38201884105,-498364.62411289645,-16891.911366861757,49.65998848148253,
6009,3g2z,9,0,6,0.5771484375,0,-515255.4462642754,-498364.62411289645,-16891.43522952876,14.13791799735989,
6010,3g2z,10,0,6,0.5771484375,0,-515257.46578393824,-498364.62411289645,-16892.091649557537,-17.295906311734264,
6011,3g2z,11,0,6,0.5771484375,0,-515252.73182945914,-498364.62411289645,-16891.577947529942,80.02542720356952,
6012,3g2z,12,0,6,0.5771484375,0,-515257.22702012665,-498364.62411289645,-16892.24231637562,-8.315422649401485,
6013,3g2z,13,0,6,0.5771484375,0,-515258.82206133567,-498364.62411289645,-16892.07936767657,-48.85563301011497,
6014,3g2z,14,0,6,0.5771484375,0,-515226.3043720711,-498364.62411289645,-16891.493735177188,687.5150893531352,
6015,3g2z,15,0,6,0.5771484375,0,-515256.48504743096,-498364.62411289645,-16892.00750733904,3.38004916935431,
6016,3g2z,16,0,6,0.5771484375,0,-515234.864846807,-498364.62411289645,-16891.73175928387,495.5948185510295,
6017,3g2z,17,0,6,0.5771484375,0,-515257.5756161184,-498364.62411289645,-16892.090153368066,-19.86319950404016,
6018,3g2z,18,0,6,0.5771484375,0,-515260.31794739945,-498364.62411289645,-16891.960767127483,-86.0865787681972,
6019,3g2z,19,0,6,0.5771484375,0,-515234.11192400986,-498364.62411289645,-16891.980120978125,518.6849874562176,
6020,3g2z,20,0,6,0.5771484375,0,-515201.4673971905,-498364.62411289645,-16891.75749354886,1266.3517491007465,
6021,3g2z,21,0,6,0.5771484375,0,-515145.7468545051,-498364.62411289645,-16891.90828160835,2554.775244104093,
6022,3g2z,22,0,6,0.5771484375,0,-515258.01238881645,-498364.62411289645,-16891.710007743663,-38.701783553172895,
6023,3g2z,23,0,6,0.5771484375,0,-515238.0380803142,-498364.62411289645,-16891.534921274593,417.8791231526873,
6024,3g2z,24,0,6,0.5771484375,0,-515258.87296200753,-498364.62411289645,-16891.91067068982,-53.91967532010699,
6025,3g2z,25,0,6,0.5771484375,0,-515256.14637759054,-498364.62411289645,-16891.983181569612,10.628995653775656,
6026,3g2z,26,0,6,0.5771484375,0,-515258.2574022173,-498364.62411289645,-16892.01680128202,-37.27709973726392,
6027,3g2z,27,0,6,0.5771484375,0,-515257.5953407351,-498364.62411289645,-16891.53025803203,-33.22955314818883,
6028,3g2z,28,0,6,0.5771484375,0,-515256.2492912934,-498364.62411289645,-16891.957376144514,7.660662047267182,
6029,3g2z,29,0,6,0.5771484375,0,-515247.99346647935,-498364.62411289645,-16891.981729786574,198.60611337992276,
6030,3g2z,30,0,6,0.5771484375,0,-515228.97852607945,-498364.62411289645,-16891.757129810347,631.92165747386,
6031,3g2z,31,0,6,0.5771484375,0,-515256.7472392976,-498364.62411289645,-16891.687802795917,-10.038800820460757,
6032,3g2z,32,0,6,0.5771484375,0,-515228.9994215606,-498364.62411289645,-16891.732419603122,630.8699653153425,
6033,3g2z,33,0,6,0.5771484375,0,-515214.1087344993,-498364.62411289645,-16891.970252287334,979.7419185131596,
6034,3g2z,34,0,6,0.5771484375,0,-515243.5630956588,-498364.62411289645,-16892.14077662383,304.44059879290285,
6035,3g2z,35,0,6,0.5771484375,0,-515237.7120777756,-498364.62411289645,-16891.673445019856,428.5913537392213,
6036,3g2z,36,0,6,0.5771484375,0,-515258.4365031467,-498364.62411289645,-16892.23903321626,-36.28247513740424,
6037,3g2z,37,0,6,0.5771484375,0,-515230.4548891354,-498364.62411289645,-16891.67112768979,595.8926605925831,
6038,3g2z,38,0,6,0.5771484375,0,-515260.26404668484,-498364.62411289645,-16891.676311253334,-91.40330705223992,
6039,3g2z,39,0,6,0.5771484375,0,-515257.86249848735,-498364.62411289645,-16891.831665316826,-32.439740164572264,
6040,3g2z,40,0,6,0.5771484375,0,-515223.2829414733,-498364.62411289645,-16891.97669531706,768.3282595767157,
6041,3g2z,41,0,6,0.5771484375,0,-515247.94519652845,-498364.62411289645,-16891.968655036784,199.4177339985626,
6042,3g2z,42,0,6,0.5771484375,0,-515211.42115775193,-498364.62411289645,-16891.756928433606,1036.7995457123363,
6043,3g2z,43,0,6,0.5771484375,0,-515224.1830558407,-498364.62411289645,-16892.090581033324,750.1973961608596,
6044,3g2z,44,0,6,0.5771484375,0,-515257.04484987486,-498364.62411289645,-16891.479976916024,-21.694442415858056,
6045,3g2z,45,0,6,0.5771484375,0,-515248.18759247364,-498364.62411289645,-16891.78700839445,189.6390796268898,
6046,3g2z,46,0,6,0.5771484375,0,-515257.25518566364,-498364.62411289645,-16891.70939231391,-21.254456177510413,
6047,3g2z,47,0,6,0.5771484375,0,-515242.2010314173,-498364.62411289645,-16891.673453098563,325.07380987536953,
6048,3g2z,48,0,6,0.5771484375,0,-515254.36367052724,-498364.62411289645,-16891.743554747998,46.2132713738023,
6049,3g2z,49,0,6,0.5771484375,0,-515243.4054070855,-498364.62411289645,-16891.701279413097,297.94193723015695,
6050,3g2z,50,0,6,0.5771484375,0,-515237.71778845513,-498364.62411289645,-16891.690538856463,428.8538555778162,
6051,3g2z,51,0,6,0.5771484375,0,-515258.7928886247,-498364.62411289645,-16891.328049341955,-65.50870670516248,
6052,3g2z,52,0,6,0.5771484375,0,-515256.91973091784,-498364.62411289645,-16891.480972027002,-18.786182918716804,
6053,3g2z,53,0,6,0.5771484375,0,-515258.7940518909,-498364.62411289645,-16891.48956459734,-61.810901988615456,
6054,3g2z,54,0,6,0.5771484375,0,-515223.3111818865,-498364.62411289645,-16892.093653848555,770.374147986434,
6055,3g2z,55,0,6,0.5771484375,0,-515252.8778138985,-498364.62411289645,-16891.515525456616,75.21945884969792,
6056,3g2z,56,0,6,0.5771484375,0,-515255.3577712673,-498364.62411289645,-16891.873014359862,26.27417328065223,
6057,3g2z,57,0,6,0.5771484375,0,-515242.22740252217,-498364.62411289645,-16891.534802043752,321.2683084688072,
6058,3g2z,58,0,6,0.5771484375,0,-515258.38120295893,-498364.62411289645,-16892.089402097467,-38.45779808385813,
6059,3g2z,59,0,6,0.5771484375,0,-515241.20711731823,-498364.62411289645,-16891.73428131946,349.3967455937127,
6060,3g2z,60,0,6,0.5771484375,0,-515249.4177884524,-498364.62411289645,-16891.709668049574,159.48657569510107,
6061,3g2z,61,0,6,0.5771484375,0,-515240.0574920747,-498364.62411289645,-16891.57958664798,372.3403896393131,
6062,3g2z,62,0,6,0.5771484375,0,-515256.3924336596,-498364.62411289645,-16892.238515733057,10.84295359362318,
6063,3g2z,63,0,6,0.5771484375,0,-515257.35200277006,-498364.62411289645,-16891.329585104082,-32.24567401951089,
6064,3g2z,64,0,6,0.5771484375,0,-515246.8365252239,-498364.62411289645,-16891.871645105595,222.7471994870446,
6065,3g2z,65,0,6,0.5771484375,0,-515242.81293779897,-498364.62411289645,-16891.997229690074,318.42937906790786,
6066,3g2z,66,0,6,0.5771484375,0,-515257.94025521167,-498364.62411289645,-16891.877207734473,-33.18261972444139,
6067,3g2z,67,0,6,0.5771484375,0,-515246.8507241487,-498364.62411289645,-16891.495094869126,213.73630976464423,
6068,3g2z,68,0,6,0.5771484375,0,-515240.6034539818,-498364.62411289645,-16891.622398369116,360.73747070917295,
6069,3g2z,69,0,6,0.5771484375,0,-515242.9277569551,-498364.62411289645,-16891.908948364166,313.7457706876101,
6070,3g2z,70,0,6,0.5771484375,0,-515247.34190332063,-498364.62411289645,-16891.82964571394,210.12437473511847,
6071,3g2z,71,0,6,0.5771484375,0,-515232.72194585035,-498364.62411289645,-16891.85521810161,547.8583165290364,
6072,3g2z,72,0,6,0.5771484375,0,-515256.4515537505,-498364.62411289645,-16891.969801512547,3.282914774567067,
6073,3g2z,73,0,6,0.5771484375,0,-515247.7606874783,-498364.62411289645,-16892.030075496557,205.0890032253209,
6074,3g2z,74,0,6,0.5771484375,0,-515257.91178607737,-498364.62411289645,-16891.603331835,-38.84183417078393,
6075,3g2z,75,0,6,0.5771484375,0,-515232.0464681295,-498364.62411289645,-16891.450404557614,554.0999807255517,
6076,3g2z,76,0,6,0.5771484375,0,-515257.61895646603,-498364.62411289645,-16891.716198495327,-29.486255893287286,
6077,3g2z,77,0,6,0.5771484375,0,-515257.1190277629,-498364.62411289645,-16891.375658889923,-25.810655981633193,
6078,3g2z,78,0,6,0.5771484375,0,-515258.63206943154,-498364.62411289645,-16891.57241214718,-56.16498785100208,
6079,3g2z,79,0,6,0.5771484375,0,-515257.5254936803,-498364.62411289645,-16891.5699173006,-30.704277340869652,
6080,3g2z,80,0,6,0.5771484375,0,-515257.785456814,-498364.62411289645,-16891.784101799178,-31.75995774487463,
6081,3g2z,81,0,6,0.5771484375,0,-515247.4678567241,-498364.62411289645,-16891.693400068503,204.07792102651013,
6082,3g2z,82,0,6,0.5771484375,0,-515250.1305052981,-498364.62411289645,-16891.748105676914,143.9373275293905,
6083,3g2z,83,0,6,0.5771484375,0,-515258.08342442353,-498364.62411289645,-16891.67245987572,-41.205777972469335,
6084,3g2z,84,0,6,0.5771484375,0,-515247.0837021088,-498364.62411289645,-16891.56894389574,210.0667093818206,
6085,3g2z,85,0,6,0.5771484375,0,-515257.9195302857,-498364.62411289645,-16891.770780606304,-35.15895945744479,
6086,3g2z,86,0,6,0.5771484375,0,-515254.00784377736,-498364.62411289645,-16892.015452990392,60.68895358246788,
6087,3g2z,87,0,6,0.5771484375,0,-515257.60463472013,-498364.62411289645,-16891.42805610658,-35.80070992476836,
6088,3g2z,88,0,6,0.5771484375,0,-515255.0626431738,-498364.62411289645,-16891.709822943943,29.316705344822292,
6089,3g2z,89,0,6,0.5771484375,0,-515233.4513147753,-498364.62411289645,-16891.65313807934,526.3785935305632,
6090,3g2z,90,0,6,0.5771484375,0,-515257.3294086297,-498364.62411289645,-16891.804187735906,-20.78004407293395,
6091,3g2z,91,0,6,0.5771484375,0,-515257.1076086085,-498364.62411289645,-16891.595601728597,-20.4753216738754,
6092,3g2z,92,0,6,0.5771484375,0,-515252.06125372654,-498364.62411289645,-16891.727882133408,98.9468450538747,
6093,3g2z,93,0,6,0.5771484375,0,-515246.96131042973,-498364.62411289645,-16891.921807335202,221.0263527749358,
6094,3g2z,94,0,6,0.5771484375,0,-515257.3592922187,-498364.62411289645,-16891.41385393127,-30.470487378459932,
6095,3g2z,95,0,6,0.5771484375,0,-515258.79278682434,-498364.62411289645,-16892.01524278077,-49.65930196824288,
6096,3g2z,96,0,6,0.5771484375,0,-515258.4986639906,-498364.62411289645,-16892.015443313594,-42.87204389549071,
6097,3g2z,97,0,6,0.5771484375,0,-515259.12448214035,-498364.62411289645,-16891.921765596075,-59.464012757019724,
6098,3g2z,98,0,6,0.5771484375,0,-515258.1441545325,-498364.62411289645,-16891.67354808583,-42.58115283435924,
6099,3g2z,99,0,6,0.5771484375,0,-515257.5843090162,-498364.62411289645,-16891.489834345823,-33.90734801557813,
6100,3g2z,100,0,6,0.5771484375,0,-515237.6436397188,-498364.62411289645,-16891.92153138461,435.8905803019907,
7001,4de3,1,0,7,0.5771484375,0,-592600.0539718218,-498364.62411289645,-94235.65297777922,5.145243001621473,
7002,4de3,2,0,7,0.5771484375,0,-592597.2576360112,-498364.62411289645,-94235.70681063758,70.87169391674254,
7003,4de3,3,0,7,0.5771484375,0,-592595.28811211,-498364.62411289645,-94235.68854432556,115.86876288269215,
7004,4de3,4,0,7,0.5771484375,0,-592606.3074611974,-498364.62411289645,-94235.63957782098,-139.3726582299528,
7005,4de3,5,0,7,0.5771484375,0,-592603.2452930481,-498364.62411289645,-94235.68429812165,-67.72610852571336,
7006,4de3,6,0,7,0.5771484375,0,-592575.9534777636,-498364.62411289645,-94235.51044399336,557.6289317866319,
7007,4de3,7,0,7,0.5771484375,0,-592600.0251222171,-498364.62411289645,-94235.63532518505,5.403452197626229,
7008,4de3,8,0,7,0.5771484375,0,-592602.100989884,-498364.62411289645,-94235.29472144617,-50.321702235777884,
7009,4de3,9,0,7,0.5771484375,0,-592598.4617151831,-498364.62411289645,-94235.35236821556,34.931332155748535,
7010,4de3,10,0,7,0.5771484375,0,-592599.449961186,-498364.62411289645,-94235.34217376274,11.906748269629936,
7011,4de3,11,0,7,0.5771484375,0,-592593.287041562,-498364.62411289645,-94235.29258423716,152.88348940898908,
7012,4de3,12,0,7,0.5771484375,0,-592595.1365769071,-498364.62411289645,-94235.3699058739,112.01527042122942,
7013,4de3,13,0,7,0.5771484375,0,-592601.1320123889,-498364.62411289645,-94235.75671401316,-17.322748675004593,
7014,4de3,14,0,7,0.5771484375,0,-592599.8432341181,-498364.62411289645,-94235.46109240665,5.579988085864384,
7015,4de3,15,0,7,0.5771484375,0,-592588.5875669704,-498364.62411289645,-94235.37784908344,263.222202074204,
7016,4de3,16,0,7,0.5771484375,0,-592592.4316699181,-498364.62411289645,-94235.42742524549,175.71833563835318,
7017,4de3,17,0,7,0.5771484375,0,-592564.8076918372,-498364.62411289645,-94235.348923104,810.9321010568417,
7018,4de3,18,0,7,0.5771484375,0,-592600.960048671,-498364.62411289645,-94235.28099819314,-24.327438554544777,
7019,4de3,19,0,7,0.5771484375,0,-592596.2974068823,-498364.62411289645,-94235.39759695652,85.8844667912638,
7020,4de3,20,0,7,0.5771484375,0,-592588.5321339425,-498364.62411289645,-94235.27929377093,262.22777856774525,
7021,4de3,21,0,7,0.5771484375,0,-592601.0055075209,-498364.62411289645,-94235.4168509368,-22.242905842995985,
7022,4de3,22,0,7,0.5771484375,0,-592596.3800690646,-498364.62411289645,-94235.28270218092,81.32869511482383,
7023,4de3,23,0,7,0.5771484375,0,-592582.2527854408,-498364.62411289645,-94235.48776812825,411.8405279248553,
7024,4de3,24,0,7,0.5771484375,0,-592577.9654890512,-498364.62411289645,-94235.445770497,509.739442996448,
7025,4de3,25,0,7,0.5771484375,0,-592570.9413865613,-498364.62411289645,-94235.47820238551,672.4669915488737,
7026,4de3,26,0,7,0.5771484375,0,-592591.3275174316,-498364.62411289645,-94235.27680224527,197.70724796545477,
7027,4de3,27,0,7,0.5771484375,0,-592595.2256313423,-498364.62411289645,-94235.30808767898,108.53606491923416,
7028,4de3,28,0,7,0.5771484375,0,-592597.3864738967,-498364.62411289645,-94235.29849503844,58.48464029295234,
7029,4de3,29,0,7,0.5771484375,0,-592601.6005184327,-498364.62411289645,-94235.39930702248,-36.36875570992219,
7030,4de3,30,0,7,0.5771484375,0,-592596.3650899006,-498364.62411289645,-94235.42781324392,85.0204634517762,
7031,4de3,31,0,7,0.5771484375,0,-592586.1601061692,-498364.62411289645,-94235.3043033872,317.50477394141177,
7032,4de3,32,0,7,0.5771484375,0,-592590.6929193351,-498364.62411289645,-94235.36350053267,214.34073772603827,
7033,4de3,33,0,7,0.5771484375,0,-592591.6493950373,-498364.62411289645,-94235.26703531509,190.05934328203298,
7034,4de3,34,0,7,0.5771484375,0,-592594.8955545336,-498364.62411289645,-94235.38118346388,117.83344579777793,
7035,4de3,35,0,7,0.5771484375,0,-592601.298026703,-498364.62411289645,-94235.2865274582,-31.993889244571715,
7036,4de3,36,0,7,0.5771484375,0,-592578.638612387,-498364.62411289645,-94235.36726326542,492.40643034613646,
7037,4de3,37,0,7,0.5771484375,0,-592601.4726644263,-498364.62411289645,-94235.37121078008,-34.06828702254117,
7038,4de3,38,0,7,0.5771484375,0,-592584.3068730141,-498364.62411289645,-94235.41580396927,362.81261026188895,
7039,4de3,39,0,7,0.5771484375,0,-592580.3223107514,-498364.62411289645,-94235.38617667131,454.015577182309,
7040,4de3,40,0,7,0.5771484375,0,-592599.5323420847,-498364.62411289645,-94235.27332330993,8.419270455934809,
7041,4de3,41,0,7,0.5771484375,0,-592562.7545745583,-498364.62411289645,-94235.35982750056,858.5295716260894,
7042,4de3,42,0,7,0.5771484375,0,-592600.75788241,-498364.62411289645,-94235.32868275662,-18.565741665206072,
7043,4de3,43,0,7,0.5771484375,0,-592599.0468000402,-498364.62411289645,-94235.27786598637,19.72089260446034,
7044,4de3,44,0,7,0.5771484375,0,-592603.9562085306,-498364.62411289645,-94235.22748547724,-94.65455884908974,
7045,4de3,45,0,7,0.5771484375,0,-592590.0190149142,-498364.62411289645,-94235.32663819185,229.03127708454127,
7046,4de3,46,0,7,0.5771484375,0,-592588.9646022056,-498364.62411289645,-94235.45702325093,256.35336267608875,
7047,4de3,47,0,7,0.5771484375,0,-592601.2759339707,-498364.62411289645,-94235.2916133263,-31.367135831053027,
7048,4de3,48,0,7,0.5771484375,0,-592601.5080066388,-498364.62411289645,-94235.4496774501,-33.073813408002955,
7049,4de3,49,0,7,0.5771484375,0,-592601.7911333656,-498364.62411289645,-94235.65072605359,-34.966579895321146,
7050,4de3,50,0,7,0.5771484375,0,-592578.8541590082,-498364.62411289645,-94235.3450562197,486.92370053715143,
7051,4de3,51,0,7,0.5771484375,0,-592597.1206643779,-498364.62411289645,-94235.33512898213,65.45915222457414,
7052,4de3,52,0,7,0.5771484375,0,-592602.4016398913,-498364.62411289645,-94235.49933855562,-52.536273470734685,
7053,4de3,53,0,7,0.5771484375,0,-592545.9749789038,-498364.62411289645,-94235.35839245902,1245.44314695268,
7054,4de3,54,0,7,0.5771484375,0,-592606.7054337771,-498364.62411289645,-94235.37034466452,-154.75878802147585,
7055,4de3,55,0,7,0.5771484375,0,-592597.0436975516,-498364.62411289645,-94235.29006979443,66.1949598515194,
7056,4de3,56,0,7,0.5771484375,0,-592594.5726254393,-498364.62411289645,-94235.27869965589,122.91703486705248,
7057,4de3,57,0,7,0.5771484375,0,-592596.0831685825,-498364.62411289645,-94235.42901398485,91.54941323427623,
7058,4de3,58,0,7,0.5771484375,0,-592587.5770481017,-498364.62411289645,-94235.65904145195,293.00977084287,
7059,4de3,59,0,7,0.5771484375,0,-592579.355073987,-498364.62411289645,-94235.37602546721,476.086494523133,
7060,4de3,60,0,7,0.5771484375,0,-592582.4591017124,-498364.62411289645,-94235.27081805421,402.0797741142333,
7061,4de3,61,0,7,0.5771484375,0,-592601.1747951877,-498364.62411289645,-94235.28262569483,-29.24207979279764,
7062,4de3,62,0,7,0.5771484375,0,-592598.106742508,-498364.62411289645,-94235.29825376919,41.8692877292612,
7063,4de3,63,0,7,0.5771484375,0,-592600.9508315403,-498364.62411289645,-94235.3931555027,-21.528477469109095,
7064,4de3,64,0,7,0.5771484375,0,-592595.2665738557,-498364.62411289645,-94235.45332423567,110.94114269345155,
7065,4de3,65,0,7,0.5771484375,0,-592601.2978517672,-498364.62411289645,-94235.35429631233,-30.42706822724853,
7066,4de3,66,0,7,0.5771484375,0,-592580.9783480773,-498364.62411289645,-94235.34234633039,437.8762453776153,
7067,4de3,67,0,7,0.5771484375,0,-592598.692529905,-498364.62411289645,-94235.30985405983,28.62821849952881,
7068,4de3,68,0,7,0.5771484375,0,-592590.2584489783,-498364.62411289645,-94235.3823940942,224.79555804915594,
7069,4de3,69,0,7,0.5771484375,0,-592594.1259984727,-498364.62411289645,-94235.37288639511,135.38849519736505,
7070,4de3,70,0,7,0.5771484375,0,-592575.087382335,-498364.62411289645,-94235.36433406785,574.2321919177057,
7071,4de3,71,0,7,0.5771484375,0,-592596.7448827565,-498364.62411289645,-94235.35776797611,74.64694988300475,
7072,4de3,72,0,7,0.5771484375,0,-592580.7723315404,-498364.62411289645,-94235.52589040402,446.8597264701446,
7073,4de3,73,0,7,0.5771484375,0,-592580.2680647323,-498364.62411289645,-94235.28806321409,453.00397002745524,
7074,4de3,74,0,7,0.5771484375,0,-592598.9959049359,-498364.62411289645,-94235.47747438385,25.49764058904349,
7075,4de3,75,0,7,0.5771484375,0,-592603.6890320415,-498364.62411289645,-94235.25257379268,-87.91477234456644,
7076,4de3,76,0,7,0.5771484375,0,-592583.9070940285,-498364.62411289645,-94235.41253458969,371.95633899530566,
7077,4de3,77,0,7,0.5771484375,0,-592583.2144542336,-498364.62411289645,-94235.35393853151,386.5777349125958,
7078,4de3,78,0,7,0.5771484375,0,-592596.5792194575,-498364.62411289645,-94235.29932321829,77.1194681811258,
7079,4de3,79,0,7,0.5771484375,0,-592599.3991410217,-498364.62411289645,-94235.36623732658,13.633608066210767,
7080,4de3,80,0,7,0.5771484375,0,-592597.7576482835,-498364.62411289645,-94235.2406075846,48.59023919396469,
7081,4de3,81,0,7,0.5771484375,0,-592571.4657538478,-498364.62411289645,-94235.31764197772,656.6721836920372,
7082,4de3,82,0,7,0.5771484375,0,-592565.5554740212,-498364.62411289645,-94235.46672330919,796.4043715010364,
7083,4de3,83,0,7,0.5771484375,0,-592584.4939646712,-498364.62411289645,-94235.34649610467,356.89989682851,
7084,4de3,84,0,7,0.5771484375,0,-592601.9987732407,-498364.62411289645,-94235.0639863946,-53.28540713738781,
7085,4de3,85,0,7,0.5771484375,0,-592594.6188031894,-498364.62411289645,-94234.93998431451,114.04118932123835,
7086,4de3,86,0,7,0.5771484375,0,-592583.5139253314,-498364.62411289645,-94234.8482759255,368.0109106266274,
7087,4de3,87,0,7,0.5771484375,0,-592595.1814768031,-498364.62411289645,-94234.96482759918,101.63852729210335,
7088,4de3,88,0,7,0.5771484375,0,-592586.1602591177,-498364.62411289645,-94234.95439641949,309.4322004991287,
7089,4de3,89,0,7,0.5771484375,0,-592578.4997584613,-498364.62411289645,-94235.08560993207,489.113397776819,
7090,4de3,90,0,7,0.5771484375,0,-592600.4995840474,-498364.62411289645,-94234.74001170932,-26.184316762508917,
7091,4de3,91,0,7,0.5771484375,0,-592603.0277084706,-498364.62411289645,-94234.9727035657,-79.11824926241277,
7092,4de3,92,0,7,0.5771484375,0,-592581.2821735737,-498364.62411289645,-94234.97844299312,422.4780526693217,
7093,4de3,93,0,7,0.5771484375,0,-592566.9129040627,-498364.62411289645,-94235.20384257975,759.0391174692207,
7094,4de3,94,0,7,0.5771484375,0,-592600.6481401043,-498364.62411289645,-94234.8560474305,-26.934253519862043,
7095,4de3,95,0,7,0.5771484375,0,-592601.0641008909,-498364.62411289645,-94235.17297460274,-29.2180229212895,
7096,4de3,96,0,7,0.5771484375,0,-592589.1549756691,-498364.62411289645,-94235.13200115223,244.46805866109239,
7097,4de3,97,0,7,0.5771484375,0,-592600.5635192328,-498364.62411289645,-94235.07937379733,-19.83282150182924,
7098,4de3,98,0,7,0.5771484375,0,-592590.1122484119,-498364.62411289645,-94235.67701089435,234.96104801590292,
7099,4de3,99,0,7,0.5771484375,0,-592603.9169215945,-498364.62411289645,-94235.50340197385,-87.38579501378678,
7100,4de3,100,0,7,0.5771484375,0,-592603.973862485,-498364.62411289645,-94235.76487982244,-82.6690607086626,
8001,4de2,1,0,8,0.5771484375,1,-527253.613800402,-498364.62411289645,-28903.637130565734,337.77806128481967,
8002,4de2,2,0,8,0.5771484375,1,-527272.2548349045,-498364.62411289645,-28903.848956324615,-87.20958842601796,
8003,4de2,3,0,8,0.5771484375,1,-527262.4467038097,-498364.62411289645,-28903.797187405216,137.7774681724208,
8004,4de2,4,0,8,0.5771484375,1,-527257.8526362263,-498364.62411289645,-28903.863313805658,245.2440944350515,
8005,4de2,5,0,8,0.5771484375,1,-527276.6084893204,-498364.62411289645,-28903.87191206123,-187.07787246033888,
8006,4de2,6,0,8,0.5771484375,1,-527267.5706908042,-498364.62411289645,-28903.660065771714,16.453421014315925,
8007,4de2,7,0,8,0.5771484375,1,-527248.6815109653,-498364.62411289645,-28899.971279825942,366.98283142924913,
8008,4de2,8,0,8,0.5771484375,1,-527256.5350905014,-498364.62411289645,-28899.769375778895,181.2189669617579,
8009,4de2,9,0,8,0.5771484375,1,-527255.9372273226,-498364.62411289645,-28903.102294981603,271.86496208267437,
8010,4de2,10,0,8,0.5771484375,1,-527267.1990044491,-498364.62411289645,-28903.412735349764,19.321136958630344,
8011,4de2,11,0,8,0.5771484375,1,-527262.9685743016,-498364.62411289645,-28900.541640517877,50.66815402202559,
8012,4de2,12,0,8,0.5771484375,1,-527260.5369574566,-498364.62411289645,-28903.456929198663,173.97072464426137,
8013,4de2,13,0,8,0.5771484375,1,-527267.89633669,-498364.62411289645,-28903.819542297315,12.621464533259198,
8014,4de2,14,0,8,0.5771484375,1,-527266.6866719545,-498364.62411289645,-28901.149326826864,-21.059635546955267,
8015,4de2,15,0,8,0.5771484375,1,-527270.8424155295,-498364.62411289645,-28903.88854036025,-53.725594326768636,
8016,4de2,16,0,8,0.5771484375,1,-527256.7968531362,-498364.62411289645,-28903.52106007739,261.69847241401965,
8017,4de2,17,0,8,0.5771484375,1,-527263.7790738349,-498364.62411289645,-28903.354620733895,96.84645558545644,
8018,4de2,18,0,8,0.5771484375,1,-527253.0578859397,-498364.62411289645,-28903.71500166388,352.39350351611495,
8019,4de2,19,0,8,0.5771484375,1,-527269.0964639954,-498364.62411289645,-28903.57537712791,-20.684711162179187,
8020,4de2,20,0,8,0.5771484375,1,-527266.5138791628,-498364.62411289645,-28903.561823002034,38.558544327706336,
8021,4de2,21,0,8,0.5771484375,1,-527259.4313154134,-498364.62411289645,-28903.510769199074,200.7090157690303,
8022,4de2,22,0,8,0.5771484375,1,-527267.3657162592,-498364.62411289645,-28903.764325861925,23.584541108940314,
8023,4de2,23,0,8,0.5771484375,1,-527249.4183758885,-498364.62411289645,-28903.038770129482,420.7283294889733,
8024,4de2,24,0,8,0.5771484375,1,-527255.8977921898,-498364.62411289645,-28903.51217649465,282.2264500842719,
8025,4de2,25,0,8,0.5771484375,1,-527267.5714861904,-498364.62411289645,-28903.476960999524,12.212582614187557,
8026,4de2,26,0,8,0.5771484375,1,-527268.62698051,-498364.62411289645,-28902.855181500985,-26.46627049245618,
8027,4de2,27,0,8,0.5771484375,1,-527266.673646436,-498364.62411289645,-28900.26668683314,-41.1134217469078,
8028,4de2,28,0,8,0.5771484375,1,-527243.6385619172,-498364.62411289645,-28899.705815473353,477.1542457602099,
8029,4de2,29,0,8,0.5771484375,1,-527250.716877487,-498364.62411289645,-28903.687481168003,405.7438031999376,
8030,4de2,30,0,8,0.5771484375,1,-527266.9311318279,-498364.62411289645,-28900.44126010086,-43.02542075281239,
8031,4de2,31,0,8,0.5771484375,1,-527257.5755102576,-498364.62411289645,-28903.571661412814,244.9091071366135,
8032,4de2,32,0,8,0.5771484375,1,-527269.6127745118,-498364.62411289645,-28903.16779636043,-41.990150304240004,
8033,4de2,33,0,8,0.5771484375,1,-527270.0508903365,-498364.62411289645,-28903.59865888248,-42.15741543719343,
8034,4de2,34,0,8,0.5771484375,1,-527259.3829781432,-498364.62411289645,-28903.479075702457,201.09283030748878,
8035,4de2,35,0,8,0.5771484375,1,-527267.2349557618,-498364.62411289645,-28903.63447272121,23.605465251474158,
8036,4de2,36,0,8,0.5771484375,1,-527265.6172297712,-498364.62411289645,-28903.68605298881,62.10058206260189,
8037,4de2,37,0,8,0.5771484375,1,-527251.1414468049,-498364.62411289645,-28903.470101145722,390.9400997372885,
8038,4de2,38,0,8,0.5771484375,1,-527267.4036438493,-498364.62411289645,-28903.317996530746,12.417311214007583,
8039,4de2,39,0,8,0.5771484375,1,-527265.8286751199,-498364.62411289645,-28903.452141086284,51.83039986927158,
8040,4de2,40,0,8,0.5771484375,1,-527264.1430984365,-498364.62411289645,-28899.396398501744,-2.826924261023035,
8041,4de2,41,0,8,0.5771484375,1,-527253.8713372448,-498364.62411289645,-28903.535040133185,329.4848593022767,
8042,4de2,42,0,8,0.5771484375,1,-527236.149069415,-498364.62411289645,-28903.09678624466,728.063689497736,
8043,4de2,43,0,8,0.5771484375,1,-527263.6904764397,-498364.62411289645,-28900.018360120015,21.953562593912412,
8044,4de2,44,0,8,0.5771484375,1,-527250.5708521764,-498364.62411289645,-28900.8273279386,343.15452651045285,
8045,4de2,45,0,8,0.5771484375,1,-527259.4910237092,-498364.62411289645,-28903.40963808801,196.99997093541165,
8046,4de2,46,0,8,0.5771484375,1,-527266.9770382924,-498364.62411289645,-28903.492513874233,26.279534609498885,
8047,4de2,47,0,8,0.5771484375,1,-527238.3916858992,-498364.62411289645,-28903.017022476775,674.5083286142493,
8048,4de2,48,0,8,0.5771484375,1,-527263.2051735807,-498364.62411289645,-28903.29273102672,108.65369929511888,
8049,4de2,49,0,8,0.5771484375,1,-527249.6051548228,-498364.62411289645,-28903.03776308946,416.397882045704,
8050,4de2,50,0,8,0.5771484375,1,-527242.7487560582,-498364.62411289645,-28903.356122259658,581.8517305753062,
8051,4de2,51,0,8,0.5771484375,1,-527248.901310349,-498364.62411289645,-28903.29860895293,438.6441697103167,
8052,4de2,52,0,8,0.5771484375,1,-527256.996080806,-498364.62411289645,-28903.334130043986,252.79346422778104,
8053,4de2,53,0,8,0.5771484375,1,-527269.4573649445,-498364.62411289645,-28903.619783903923,-27.98324017883743,
8054,4de2,54,0,8,0.5771484375,1,-527256.104162071,-498364.62411289645,-28903.519548710956,277.6374549155411,
8055,4de2,55,0,8,0.5771484375,1,-527266.2062857726,-498364.62411289645,-28900.854886115852,-16.77163112278058,
8056,4de2,56,0,8,0.5771484375,1,-527230.748476145,-498364.62411289645,-28900.337925575135,788.9834904885998,
8057,4de2,57,0,8,0.5771484375,1,-527247.7434606769,-498364.62411289645,-28899.58048896376,379.60293360496934,
8058,4de2,58,0,8,0.5771484375,1,-527239.7403762729,-498364.62411289645,-28903.521268096676,655.0349699787937,
8059,4de2,59,0,8,0.5771484375,1,-527261.0837532065,-498364.62411289645,-28903.24819695544,156.54783522099453,
8060,4de2,60,0,8,0.5771484375,1,-527267.0962306819,-498364.62411289645,-28903.75811138107,29.65571682230111,
8061,4de2,61,0,8,0.5771484375,1,-527259.4142913781,-498364.62411289645,-28900.49903583525,131.64937806058597,
8062,4de2,62,0,8,0.5771484375,1,-527255.2548019574,-498364.62411289645,-28903.45921299061,295.8327896760005,
8063,4de2,63,0,8,0.5771484375,1,-527231.6078401027,-498364.62411289645,-28899.649633234574,753.2936883954889,
8064,4de2,64,0,8,0.5771484375,1,-527268.3385129679,-498364.62411289645,-28902.86719001181,-19.53712810351848,
8065,4de2,65,0,8,0.5771484375,1,-527269.1482287013,-498364.62411289645,-28903.002620804324,-35.086508234235644,
8066,4de2,66,0,8,0.5771484375,1,-527189.9264314619,-498364.62411289645,-28902.748088491204,1785.9418816510552,
8067,4de2,67,0,8,0.5771484375,1,-527086.4621396184,-498364.62411289645,-28902.635304924173,4169.284281629173,
8068,4de2,68,0,8,0.5771484375,1,-527269.2932654882,-498364.62411289645,-28902.681130880053,-45.84486977169475,
8069,4de2,69,0,8,0.5771484375,1,-527218.7302696427,-498364.62411289645,-28902.682564133105,1120.1985659849788,
8070,4de2,70,0,8,0.5771484375,1,-527270.3733964739,-498364.62411289645,-28902.939175454652,-64.80263277591312,
8071,4de2,71,0,8,0.5771484375,1,-527256.2429650852,-498364.62411289645,-28902.805201546602,257.9633444167001,
8072,4de2,72,0,8,0.5771484375,1,-527227.1610311824,-498364.62411289645,-28902.735403434228,926.9990894804496,
8073,4de2,73,0,8,0.5771484375,1,-527257.6049156811,-498364.62411289645,-28902.80912360459,226.6464623637133,
8074,4de2,74,0,8,0.5771484375,1,-527262.0076401504,-498364.62411289645,-28902.814225796723,125.23488349977012,
8075,4de2,75,0,8,0.5771484375,1,-527249.8574690456,-498364.62411289645,-28902.594275609456,400.3523135988108,
8076,4de2,76,0,8,0.5771484375,1,-527254.134849354,-498364.62411289645,-28902.649313282873,302.98277930555537,
8077,4de2,77,0,8,0.5771484375,1,-527269.4352582206,-498364.62411289645,-28902.940254771067,-43.14376108641861,
8078,4de2,78,0,8,0.5771484375,1,-527237.3667325045,-498364.62411289645,-28902.704061612374,690.927266416069,
8079,4de2,79,0,8,0.5771484375,1,-527268.9830867487,-498364.62411289645,-28902.681558229862,-38.68212319306539,
8080,4de2,80,0,8,0.5771484375,1,-527258.7662189937,-498364.62411289645,-28902.750873465113,198.52289164927762,
8081,4de2,81,0,8,0.5771484375,1,-527257.996361305,-498364.62411289645,-28902.92501956494,220.29213616667963,
8082,4de2,82,0,8,0.5771484375,1,-527271.2480366876,-498364.62411289645,-28902.90753300259,-85.70200753716726,
8083,4de2,83,0,8,0.5771484375,1,-527265.758905581,-498364.62411289645,-28903.019204700522,43.455573427628,
8084,4de2,84,0,8,0.5771484375,1,-527267.0982206974,-498364.62411289645,-28902.511235878035,0.8561937980664619,
8085,4de2,85,0,8,0.5771484375,1,-527269.7104548519,-498364.62411289645,-28902.66487294599,-55.840401912080566,
8086,4de2,86,0,8,0.5771484375,1,-527271.0346023005,-498364.62411289645,-28903.822667570847,-59.67658916171255,
8087,4de2,87,0,8,0.5771484375,1,-527246.7035232383,-498364.62411289645,-28902.769656378838,477.1284083630145,
8088,4de2,88,0,8,0.5771484375,1,-527254.5237210006,-498364.62411289645,-28902.667677449255,294.43867383633733,
8089,4de2,89,0,8,0.5771484375,1,-527264.0959551744,-498364.62411289645,-28902.87535074805,78.48676986621636,
8090,4de2,90,0,8,0.5771484375,1,-527265.0690609203,-498364.62411289645,-28902.909878525308,56.842647728594415,
8091,4de2,91,0,8,0.5771484375,1,-527268.4021134657,-498364.62411289645,-28902.414926654234,-31.43323121418401,
8092,4de2,92,0,8,0.5771484375,1,-527226.2617994297,-498364.62411289645,-28902.99083811653,953.6263300339081,
8093,4de2,93,0,8,0.5771484375,1,-527258.9672530417,-498364.62411289645,-28903.845840361755,219.13747286298283,
8094,4de2,94,0,8,0.5771484375,1,-527270.4105959536,-498364.62411289645,-28903.790022010275,-46.039485463073994,
8095,4de2,95,0,8,0.5771484375,1,-527261.5176768776,-498364.62411289645,-28903.801824073973,159.30826229782832,
8096,4de2,96,0,8,0.5771484375,1,-527272.694808424,-498364.62411289645,-28903.78982928815,-98.71912066987178,
8097,4de2,97,0,8,0.5771484375,1,-527267.051878035,-498364.62411289645,-28903.52747297787,25.359865229336297,
8098,4de2,98,0,8,0.5771484375,1,-527270.114651471,-498364.62411289645,-28903.740237841197,-40.36289378015733,
8099,4de2,99,0,8,0.5771484375,1,-527269.7208973251,-498364.62411289645,-28903.821062025505,-29.418857495976262,
8100,4de2,100,0,8,0.5771484375,1,-527271.0999213092,-498364.62411289645,-28903.42213700222,-70.41933562057969,
9001,3g31,1,0,9,0.5771484375,-1,-520702.2939143506,-498364.62411289645,-22342.813958784696,118.62708616868817,
9002,3g31,2,0,9,0.5771484375,-1,-520710.52995233156,-498364.62411289645,-22342.823186776248,-71.087659085011,
9003,3g31,3,0,9,0.5771484375,-1,-520711.24205079157,-498364.62411289645,-22342.89846640154,-85.7730502823134,
9004,3g31,4,0,9,0.5771484375,-1,-520707.0948966591,-498364.62411289645,-22342.768413905298,6.863514140743468,
9005,3g31,5,0,9,0.5771484375,-1,-520710.12893818517,-498364.62411289645,-22342.574577435258,-67.57312078034728,
9006,3g31,6,0,9,0.5771484375,-1,-520710.8457257978,-498364.62411289645,-22342.865248906783,-77.39959243411768,
9007,3g31,7,0,9,0.5771484375,-1,-520710.95877004944,-498364.62411289645,-22342.780873244843,-81.95220379369965,
9008,3g31,8,0,9,0.5771484375,-1,-520689.23905013426,-498364.62411289645,-22342.40626815267,410.2778375324326,
9009,3g31,9,0,9,0.5771484375,-1,-520705.1464753601,-498364.62411289645,-22342.739704534582,51.13312288376727,
9010,3g31,10,0,9,0.5771484375,-1,-520709.41134072776,-498364.62411289645,-22342.617401559583,-50.03738252342667,
9011,3g31,11,0,9,0.5771484375,-1,-520708.4423779758,-498364.62411289645,-22342.699673482133,-25.795335030454247,
9012,3g31,12,0,9,0.5771484375,-1,-520710.9169969752,-498364.62411289645,-22342.839502051705,-79.636881412058,
9013,3g31,13,0,9,0.5771484375,-1,-520705.835364484,-498364.62411289645,-22342.647155246857,33.11272501564863,
9014,3g31,14,0,9,0.5771484375,-1,-520702.64166012866,-498364.62411289645,-22342.647845074876,106.77720487069811,
9015,3g31,15,0,9,0.5771484375,-1,-520707.35012585967,-498364.62411289645,-22342.89281093596,3.8464526283981035,
9016,3g31,16,0,9,0.5771484375,-1,-520710.2217732361,-498364.62411289645,-22341.267940447768,-99.8457126604034,
9017,3g31,17,0,9,0.5771484375,-1,-520709.8678654209,-498364.62411289645,-22342.738567733584,-57.770933693869374,
9018,3g31,18,0,9,0.5771484375,-1,-520706.7088123311,-498364.62411289645,-22342.647621540826,12.981292154705999,
9019,3g31,19,0,9,0.5771484375,-1,-520707.9387066706,-498364.62411289645,-22342.557321138607,-17.46312183275605,
9020,3g31,20,0,9,0.5771484375,-1,-520701.5301124937,-498364.62411289645,-22342.60279670607,131.37126220859844,
9021,3g31,21,0,9,0.5771484375,-1,-520710.94274520583,-498364.62411289645,-22342.600956091253,-85.7316502469366,
9022,3g31,22,0,9,0.5771484375,-1,-520710.0494099759,-498364.62411289645,-22342.698575365688,-62.87969650060547,
9023,3g31,23,0,9,0.5771484375,-1,-520706.4965755201,-498364.62411289645,-22342.88986783985,23.461921651639976,
9024,3g31,24,0,9,0.5771484375,-1,-520695.5637429322,-498364.62411289645,-22342.615197233812,269.24497581990215,
9025,3g31,25,0,9,0.5771484375,-1,-520711.8135947469,-498364.62411289645,-22342.601201343878,-105.80826208281621,
9026,3g31,26,0,9,0.5771484375,-1,-520686.84552344313,-498364.62411289645,-22342.6003828401,469.95026531118265,
9027,3g31,27,0,9,0.5771484375,-1,-520710.78385729576,-498364.62411289645,-22342.83939558702,-76.56906260012975,
9028,3g31,28,0,9,0.5771484375,-1,-520700.7898729236,-498364.62411289645,-22342.841449863838,153.9450647818132,
9029,3g31,29,0,9,0.5771484375,-1,-520688.6555339837,-498364.62411289645,-22342.601399361123,428.2338721976365,
9030,3g31,30,0,9,0.5771484375,-1,-520711.04138278216,-498364.62411289645,-22342.702372591826,-85.6675667315528,
9031,3g31,31,0,9,0.5771484375,-1,-520709.2434605768,-498364.62411289645,-22342.405465435553,-51.05333739772727,
9032,3g31,32,0,9,0.5771484375,-1,-520709.3080015353,-498364.62411289645,-22342.403536077763,-52.58617930579039,
9033,3g31,33,0,9,0.5771484375,-1,-520709.1689521679,-498364.62411289645,-22342.891288674964,-38.13178262085942,
9034,3g31,34,0,9,0.5771484375,-1,-520710.0990695569,-498364.62411289645,-22342.840185808986,-60.75925924345289,
9035,3g31,35,0,9,0.5771484375,-1,-520713.2677142475,-498364.62411289645,-22342.94656203773,-131.37684757814506,
9036,3g31,36,0,9,0.5771484375,-1,-520697.19608247315,-498364.62411289645,-22341.26805923653,200.53659153974095,
9037,3g31,37,0,9,0.5771484375,-1,-520710.45467808796,-498364.62411289645,-22342.59902775369,-74.52102365135639,
9038,3g31,38,0,9,0.5771484375,-1,-520710.03388336656,-498364.62411289645,-22342.647908105293,-63.6900591655074,
9039,3g31,39,0,9,0.5771484375,-1,-520711.9494285015,-498364.62411289645,-22342.743133525415,-105.66762901566122,
9040,3g31,40,0,9,0.5771484375,-1,-520702.4413517023,-498364.62411289645,-22342.891881698153,117.02404514071918,
9041,3g31,41,0,9,0.5771484375,-1,-520709.7831412372,-498364.62411289645,-22342.613988584697,-58.69001102578067,
9042,3g31,42,0,9,0.5771484375,-1,-520712.87810636056,-498364.62411289645,-22342.73920319161,-127.1740848548244,
9043,3g31,43,0,9,0.5771484375,-1,-520712.02594286803,-498364.62411289645,-22342.64806854418,-109.6243427720072,
9044,3g31,44,0,9,0.5771484375,-1,-520693.53978374845,-498364.62411289645,-22342.842669097194,321.1642091701854,
9045,3g31,45,0,9,0.5771484375,-1,-520712.292611256,-498364.62411289645,-22342.893039111896,-110.12470639399048,
9046,3g31,46,0,9,0.5771484375,-1,-520711.01570863894,-498364.62411289645,-22342.696639163096,-85.20772293119379,
9047,3g31,47,0,9,0.5771484375,-1,-520704.36351997626,-498364.62411289645,-22342.743059048575,69.26585989204122,
9048,3g31,48,0,9,0.5771484375,-1,-520708.4828954475,-498364.62411289645,-22342.742326610107,-25.74608562751511,
9049,3g31,49,0,9,0.5771484375,-1,-520703.0472188646,-498364.62411289645,-22342.64628269809,97.38876897764375,
9050,3g31,50,0,9,0.5771484375,-1,-520701.2430461626,-498364.62411289645,-22342.89295879253,144.68246574173116,
9051,3g31,51,0,9,0.5771484375,-1,-520706.2858022748,-498364.62411289645,-22342.842071833686,27.220266069013135,
9052,3g31,52,0,9,0.5771484375,-1,-520681.7738190932,-498364.62411289645,-22342.744843032928,590.2378772421825,
9053,3g31,53,0,9,0.5771484375,-1,-520703.00774378324,-498364.62411289645,-22342.89409171406,104.01369764540323,
9054,3g31,54,0,9,0.5771484375,-1,-520690.14794072486,-498364.62411289645,-22342.892170411356,400.5234948726413,
9055,3g31,55,0,9,0.5771484375,-1,-520712.8276396581,-498364.62411289645,-22342.603966052367,-129.12893756741482,
9056,3g31,56,0,9,0.5771484375,-1,-520699.1375624041,-498364.62411289645,-22342.645013746922,187.5183260775025,
9057,3g31,57,0,9,0.5771484375,-1,-520706.00625014753,-498364.62411289645,-22342.69516990581,30.279252337456224,
9058,3g31,58,0,9,0.5771484375,-1,-520704.2291666101,-498364.62411289645,-22342.602895462507,69.13187303787888,
9059,3g31,59,0,9,0.5771484375,-1,-520701.4015600301,-498364.62411289645,-22342.603886634024,134.3608867800246,
9060,3g31,60,0,9,0.5771484375,-1,-520710.79553994356,-498364.62411289645,-22342.840391802907,-76.81549757448666,
9061,3g31,61,0,9,0.5771484375,-1,-520697.2947569396,-498364.62411289645,-22342.56215037112,228.10355479346526,
9062,3g31,62,0,9,0.5771484375,-1,-520711.2340921815,-498364.62411289645,-22342.891122383047,-85.75887746371403,
9063,3g31,63,0,9,0.5771484375,-1,-520709.5714955154,-498364.62411289645,-22342.61244993151,-53.844826920351984,
9064,3g31,64,0,9,0.5771484375,-1,-520710.4561371991,-498364.62411289645,-22342.744513278045,-71.19969565988424,
9065,3g31,65,0,9,0.5771484375,-1,-520709.9168505688,-498364.62411289645,-22342.698429246684,-59.82617353717569,
9066,3g31,66,0,9,0.5771484375,-1,-520704.42655038455,-498364.62411289645,-22342.405982927357,60.039184131045026,
9067,3g31,67,0,9,0.5771484375,-1,-520710.90528660524,-498364.62411289645,-22342.75203497158,-81.38387265029839,
9068,3g31,68,0,9,0.5771484375,-1,-520710.7425501369,-498364.62411289645,-22342.552009738694,-82.24377198941684,
9069,3g31,69,0,9,0.5771484375,-1,-520703.91920228204,-498364.62411289645,-22342.743086398437,79.51270003462763,
9070,3g31,70,0,9,0.5771484375,-1,-520702.9353302825,-498364.62411289645,-22341.271313882877,68.26144684848849,
9071,3g31,71,0,9,0.5771484375,-1,-520709.9655632842,-498364.62411289645,-22342.551135070513,-64.34619983515854,
9072,3g31,72,0,9,0.5771484375,-1,-520691.75011410227,-498364.62411289645,-22342.549125114805,355.6656866007322,
9073,3g31,73,0,9,0.5771484375,-1,-520710.3718644658,-498364.62411289645,-22342.61805053367,-72.172620429408,
9074,3g31,74,0,9,0.5771484375,-1,-520710.78385038546,-498364.62411289645,-22342.704435887725,-79.68114784569143,
9075,3g31,75,0,9,0.5771484375,-1,-520710.7487764373,-498364.62411289645,-22341.561872577262,-105.22045925718335,
9076,3g31,76,0,9,0.5771484375,-1,-520710.7742345301,-498364.62411289645,-22341.686237774466,-102.93960724532575,
9077,3g31,77,0,9,0.5771484375,-1,-520709.75099454104,-498364.62411289645,-22341.94114738795,-73.46477720097184,
9078,3g31,78,0,9,0.5771484375,-1,-520711.4292894666,-498364.62411289645,-22341.532953039707,-121.58036289723753,
9079,3g31,79,0,9,0.5771484375,-1,-520712.1422488452,-498364.62411289645,-22341.810434896634,-131.6227131151356,
9080,3g31,80,0,9,0.5771484375,-1,-520710.04185949,-498364.62411289645,-22341.935775080663,-80.29617061744692,
9081,3g31,81,0,9,0.5771484375,-1,-520709.88450994267,-498364.62411289645,-22341.529610517362,-86.03398119461279,
9082,3g31,82,0,9,0.5771484375,-1,-520710.9077446349,-498364.62411289645,-22341.390844750313,-112.83034836496891,
9083,3g31,83,0,9,0.5771484375,-1,-520713.8413260973,-498364.62411289645,-22341.696005933765,-173.44315992708877,
9084,3g31,84,0,9,0.5771484375,-1,-520700.77837842103,-498364.62411289645,-22341.591168198884,125.37795417104671,
9085,3g31,85,0,9,0.5771484375,-1,-520711.250314383,-498364.62411289645,-22341.853691922624,-110.05668507132086,
9086,3g31,86,0,9,0.5771484375,-1,-520711.6800490866,-498364.62411289645,-22342.8459015232,-97.08570580518607,
9087,3g31,87,0,9,0.5771484375,-1,-520711.3346846576,-498364.62411289645,-22342.84822883517,-89.06774378228225,
9088,3g31,88,0,9,0.5771484375,-1,-520709.5844106867,-498364.62411289645,-22342.7925456619,-49.989551640468726,
9089,3g31,89,0,9,0.5771484375,-1,-520711.14277832,-498364.62411289645,-22342.941606531316,-82.4889376774957,
9090,3g31,90,0,9,0.5771484375,-1,-520712.00740840036,-498364.62411289645,-22342.920151646933,-102.9225423887675,
9091,3g31,91,0,9,0.5771484375,-1,-520708.44285017124,-498364.62411289645,-22342.79287562067,-23.65693174246446,
9092,3g31,92,0,9,0.5771484375,-1,-520707.7363491896,-498364.62411289645,-22342.74453510223,-8.479390900594137,
9093,3g31,93,0,9,0.5771484375,-1,-520710.3502589654,-498364.62411289645,-22342.78315370319,-67.86701621573158,
9094,3g31,94,0,9,0.5771484375,-1,-520710.3820452538,-498364.62411289645,-22342.87957871624,-66.37641181476039,
9095,3g31,95,0,9,0.5771484375,-1,-520713.49708736583,-498364.62411289645,-22342.878921556352,-138.2261439002505,
9096,3g31,96,0,9,0.5771484375,-1,-520711.4968324127,-498364.62411289645,-22342.895736713494,-91.7114021451875,
9097,3g31,97,0,9,0.5771484375,-1,-520710.9670377687,-498364.62411289645,-22342.782756604785,-82.09943061665797,
9098,3g31,98,0,9,0.5771484375,-1,-520711.2280878938,-498364.62411289645,-22342.79613253297,-87.81093328144333,
9099,3g31,99,0,9,0.5771484375,-1,-520712.32086321095,-498364.62411289645,-22343.020615038997,-107.83424118315908,
9100,3g31,100,0,9,0.5771484375,-1,-520710.2313674417,-498364.62411289645,-22342.87349982086,-63.04188157926193,
10001,4de1,1,0,10,0.5771484375,0,-526528.6430573973,-498364.62411289645,-28194.754548984743,708.7798773029526,
10002,4de1,2,0,10,0.5771484375,0,-526557.3531450862,-498364.62411289645,-28194.726949003627,46.07305624777903,
10003,4de1,3,0,10,0.5771484375,0,-526559.1132301688,-498364.62411289645,-28194.63469313225,3.357059079713727,
10004,4de1,4,0,10,0.5771484375,0,-526559.3508157831,-498364.62411289645,-28194.669399492883,-1.321447653788764,
10005,4de1,5,0,10,0.5771484375,0,-526544.0275728513,-498364.62411289645,-28194.708557466976,352.94393323108756,
10006,4de1,6,0,10,0.5771484375,0,-526557.9885035052,-498364.62411289645,-28194.82914616952,33.778065668207546,
10007,4de1,7,0,10,0.5771484375,0,-526560.602906875,-498364.62411289645,-28194.65515738824,-30.523784900454075,
10008,4de1,8,0,10,0.5771484375,0,-526555.4427507145,-498364.62411289645,-28194.637838197432,88.07285302368714,
10009,4de1,9,0,10,0.5771484375,0,-526547.7037946754,-498364.62411289645,-28194.64391462741,266.6775447259299,
10010,4de1,10,0,10,0.5771484375,0,-526552.8082437016,-498364.62411289645,-28194.51412864199,145.97321788444663,
10011,4de1,11,0,10,0.5771484375,0,-526555.843426821,-498364.62411289645,-28194.674151777424,79.67045355189933,
10012,4de1,12,0,10,0.5771484375,0,-526557.5511220148,-498364.62411289645,-28194.712345140615,41.17082673601393,
10013,4de1,13,0,10,0.5771484375,0,-526560.3845191103,-498364.62411289645,-28194.6557223727,-25.47461455704058,
10014,4de1,14,0,10,0.5771484375,0,-526561.9000504232,-498364.62411289645,-28194.704843578074,-59.290834981091955,
10015,4de1,15,0,10,0.5771484375,0,-526528.5887680928,-498364.62411289645,-28194.809843829746,711.3069478248309,
10016,4de1,16,0,10,0.5771484375,0,-526560.324513851,-498364.62411289645,-28194.618903930637,-24.9399138479156,
10017,4de1,17,0,10,0.5771484375,0,-526542.1776939761,-498364.62411289645,-28194.76929791583,397.0038615393113,
10018,4de1,18,0,10,0.5771484375,0,-526557.5047467932,-498364.62411289645,-28194.670590435533,41.277378377552914,
10019,4de1,19,0,10,0.5771484375,0,-526560.866624979,-498364.62411289645,-28194.819364492196,-32.818563076389864,
10020,4de1,20,0,10,0.5771484375,0,-526560.913499831,-498364.62411289645,-28194.81104059127,-34.09147655925107,
10021,4de1,21,0,10,0.5771484375,0,-526549.9037964822,-498364.62411289645,-28194.639724071396,215.84766131455564,
10022,4de1,22,0,10,0.5771484375,0,-526546.4696931809,-498364.62411289645,-28194.590503463813,293.90491057582136,
10023,4de1,23,0,10,0.5771484375,0,-526533.2186563797,-498364.62411289645,-28194.689833799952,601.7716905014338,
10024,4de1,24,0,10,0.5771484375,0,-526541.412026996,-498364.62411289645,-28194.65970019913,412.13317816724964,
10025,4de1,25,0,10,0.5771484375,0,-526561.2313703297,-498364.62411289645,-28194.70445086991,-43.879761767307365,
10026,4de1,26,0,10,0.5771484375,0,-526536.0963618535,-498364.62411289645,-28194.687559595575,535.3577813815846,
10027,4de1,27,0,10,0.5771484375,0,-526561.21574309,-498364.62411289645,-28194.90354305993,-38.92821408780443,
10028,4de1,28,0,10,0.5771484375,0,-526562.1639825635,-498364.62411289645,-28194.590772888445,-68.0077873210481,
10029,4de1,29,0,10,0.5771484375,0,-526549.1428707382,-498364.62411289645,-28194.752525430253,235.99628696269488,
10030,4de1,30,0,10,0.5771484375,0,-526548.5666373468,-498364.62411289645,-28194.80822142313,250.5689247547681,
10031,4de1,31,0,10,0.5771484375,0,-526556.2353037971,-498364.62411289645,-28194.735394526564,72.045847148814,
10032,4de1,32,0,10,0.5771484375,0,-526536.6995343508,-498364.62411289645,-28194.640236775183,520.3570029957009,
10033,4de1,33,0,10,0.5771484375,0,-526559.8753788302,-498364.62411289645,-28194.7626872149,-11.26689291608069,
10034,4de1,34,0,10,0.5771484375,0,-526560.2504903902,-498364.62411289645,-28194.691679878735,-21.5546390589847,
10035,4de1,35,0,10,0.5771484375,0,-526542.2428126871,-498364.62411289645,-28194.670174987998,393.2163593717662,
10036,4de1,36,0,10,0.5771484375,0,-526528.5856566263,-498364.62411289645,-28194.859607763352,712.5262835187965,
10037,4de1,37,0,10,0.5771484375,0,-526547.8990934882,-498364.62411289645,-28194.58599640719,260.8382212240343,
10038,4de1,38,0,10,0.5771484375,0,-526541.6390885374,-498364.62411289645,-28194.605656179272,405.6507299263996,
10039,4de1,39,0,10,0.5771484375,0,-526557.7636680397,-498364.62411289645,-28194.437030933354,29.92050251673829,
10040,4de1,40,0,10,0.5771484375,0,-526561.5390467539,-498364.62411289645,-28194.663837981523,-51.9115041181167,
10041,4de1,41,0,10,0.5771484375,0,-526562.2557186605,-498364.62411289645,-28194.683082971966,-67.99455087755284,
10042,4de1,42,0,10,0.5771484375,0,-526560.8010889901,-498364.62411289645,-28194.646290102406,-35.29845751393092,
10043,4de1,43,0,10,0.5771484375,0,-526561.3214679705,-498364.62411289645,-28194.73576222853,-45.2354056383255,
10044,4de1,44,0,10,0.5771484375,0,-526556.031509922,-498364.62411289645,-28194.580053126472,73.1631877652868,
10045,4de1,45,0,10,0.5771484375,0,-526561.7966494253,-498364.62411289645,-28194.673910181453,-57.61969239485753,
10046,4de1,46,0,10,0.5771484375,0,-526541.7230199686,-498364.62411289645,-28194.703846033954,405.9795369836783,
10047,4de1,47,0,10,0.5771484375,0,-526548.5520756252,-498364.62411289645,-28194.63542812548,246.9200179267074,
10048,4de1,48,0,10,0.5771484375,0,-526559.804610503,-498364.62411289645,-28194.713775474393,-10.762868052822613,
10049,4de1,49,0,10,0.5771484375,0,-526556.6948659396,-498364.62411289645,-28194.738649552768,61.52315506811029,
10050,4de1,50,0,10,0.5771484375,0,-526560.5696893336,-498364.62411289645,-28194.60177453547,-30.988808027631716,
10051,4de1,51,0,10,0.5771484375,0,-526557.898856414,-498364.62411289645,-28194.606698543685,30.715612587955647,
10052,4de1,52,0,10,0.5771484375,0,-526561.4762438913,-498364.62411289645,-28194.777957169168,-47.83158471594825,
10053,4de1,53,0,10,0.5771484375,0,-526557.300390167,-498364.62411289645,-28194.70720340289,46.8342692141487,
10054,4de1,54,0,10,0.5771484375,0,-526558.7206101243,-498364.62411289645,-28194.6127413214,11.904871611733109,
10055,4de1,55,0,10,0.5771484375,0,-526561.8249999136,-498364.62411289645,-28194.567515097657,-60.72699910474545,
10056,4de1,56,0,10,0.5771484375,0,-526559.9781218215,-498364.62411289645,-28194.742479205106,-14.102210357514908,
10057,4de1,57,0,10,0.5771484375,0,-526563.0848247948,-498364.62411289645,-28194.636905460382,-88.17907125756878,
10058,4de1,58,0,10,0.5771484375,0,-526553.6795180156,-498364.62411289645,-28194.600916059742,127.8825202909121,
10059,4de1,59,0,10,0.5771484375,0,-526557.7786273063,-498364.62411289645,-28194.66787276219,34.898872668043616,
10060,4de1,60,0,10,0.5771484375,0,-526555.1181415069,-498364.62411289645,-28194.66732396282,96.23847708424341,
10061,4de1,61,0,10,0.5771484375,0,-526560.7916798568,-498364.62411289645,-28194.726653347017,-33.22825730088699,
10062,4de1,62,0,10,0.5771484375,0,-526517.4139552871,-498364.62411289645,-28194.67701340935,965.9411107664997,
10063,4de1,63,0,10,0.5771484375,0,-526541.1081216381,-498364.62411289645,-28194.755255676337,421.3449638630096,
10064,4de1,64,0,10,0.5771484375,0,-526557.617238801,-498364.62411289645,-28194.669745365612,38.663763276129,
10065,4de1,65,0,10,0.5771484375,0,-526560.5316174893,-498364.62411289645,-28194.6270159391,-29.528769846338257,
10066,4de1,66,0,10,0.5771484375,0,-526559.1067123724,-498364.62411289645,-28194.60011334439,2.709934184032447,
10067,4de1,67,0,10,0.5771484375,0,-526558.8610033499,-498364.62411289645,-28194.882241287913,14.882143785936277,
10068,4de1,68,0,10,0.5771484375,0,-526535.521422617,-498364.62411289645,-28194.745932383263,549.9623036073075,
10069,4de1,69,0,10,0.5771484375,0,-526516.1588032257,-498364.62411289645,-28194.705323273392,995.5384458857744,
10070,4de1,70,0,10,0.5771484375,0,-526558.9857755919,-498364.62411289645,-28194.585429468032,5.16018436144704,
10071,4de1,71,0,10,0.5771484375,0,-526552.3489794084,-498364.62411289645,-28194.674282864158,160.25734818520135,
10072,4de1,72,0,10,0.5771484375,0,-526557.6340484375,-498364.62411289645,-28194.784877395305,40.93113152729315,
10073,4de1,73,0,10,0.5771484375,0,-526557.4029592565,-498364.62411289645,-28194.687865737902,44.023032671318546,
10074,4de1,74,0,10,0.5771484375,0,-526535.6107985098,-498364.62411289645,-28194.522450434804,542.7476303954658,
10075,4de1,75,0,10,0.5771484375,0,-526546.573063496,-498364.62411289645,-28194.778275960733,295.85127112524805,
10076,4de1,76,0,10,0.5771484375,0,-526552.1644502082,-498364.62411289645,-28194.60467491062,162.9074950905338,
10077,4de1,77,0,10,0.5771484375,0,-526559.4897814344,-498364.62411289645,-28194.696319097297,-3.905290876700494,
10078,4de1,78,0,10,0.5771484375,0,-526545.5289786018,-498364.62411289645,-28194.699544944593,318.112860404613,
10079,4de1,79,0,10,0.5771484375,0,-526561.0193733122,-498364.62411289645,-28194.688236821672,-39.36489924030598,
10080,4de1,80,0,10,0.5771484375,0,-526559.9812238003,-498364.62411289645,-28194.587144684592,-17.755842828064022,
10081,4de1,81,0,10,0.5771484375,0,-526561.7951580953,-498364.62411289645,-28194.65703175685,-57.97452722630834,
10082,4de1,82,0,10,0.5771484375,0,-526559.7959995415,-498364.62411289645,-28194.6168382223,-12.799720701883633,
10083,4de1,83,0,10,0.5771484375,0,-526529.4243478852,-498364.62411289645,-28194.736260120742,690.3411394151706,
10084,4de1,84,0,10,0.5771484375,0,-526562.6689334258,-498364.62411289645,-28194.694295590714,-77.2649406051025,
10085,4de1,85,0,10,0.5771484375,0,-526545.4176957044,-498364.62411289645,-28194.7610975973,322.0985428750285,
10086,4de1,86,0,10,0.5771484375,0,-526546.3790037506,-498364.62411289645,-28194.57436166562,295.62401981040875,
10087,4de1,87,0,10,0.5771484375,0,-526559.1289009746,-498364.62411289645,-28193.6018017797,-20.823358726802685,
10088,4de1,88,0,10,0.5771484375,0,-526547.7655505073,-498364.62411289645,-28193.888188534354,247.82596369401503,
10089,4de1,89,0,10,0.5771484375,0,-526563.8807654283,-498364.62411289645,-28193.74239637746,-127.16176779869699,
10090,4de1,90,0,10,0.5771484375,0,-526561.00380218,-498364.62411289645,-28194.01092607362,-54.62497730338483,
10091,4de1,91,0,10,0.5771484375,0,-526561.6002877355,-498364.62411289645,-28193.788552379927,-73.50832018377132,
10092,4de1,92,0,10,0.5771484375,0,-526547.5646921695,-498364.62411289645,-28193.67887954468,247.63108703239533,
10093,4de1,93,0,10,0.5771484375,0,-526563.1847143905,-498364.62411289645,-28193.718679027876,-111.65738462452542,
10094,4de1,94,0,10,0.5771484375,0,-526542.250805687,-498364.62411289645,-28193.71065551186,370.9049916395703,
10095,4de1,95,0,10,0.5771484375,0,-526556.4068107194,-498364.62411289645,-28193.781429539526,46.09184835050836,
10096,4de1,96,0,10,0.5771484375,0,-526557.9584458182,-498364.62411289645,-28193.58584050069,5.799902554699329,
10097,4de1,97,0,10,0.5771484375,0,-526563.2360257297,-498364.62411289645,-28194.841394643365,-86.95021506373749,
10098,4de1,98,0,10,0.5771484375,0,-526561.8629445119,-498364.62411289645,-28194.917201456297,-53.53806333090686,
10099,4de1,99,0,10,0.5771484375,0,-526560.790145383,-498364.62411289645,-28194.73539899903,-32.99119196674721,
10100,4de1,100,0,10,0.5771484375,0,-526561.186972883,-498364.62411289645,-28194.79985495681,-40.65586181279384,
11001,3qqs,1,0,11,0.433837890625,-2,-522706.7828719721,-498364.62411289645,-24332.5510602647,-221.55879797148188,
11002,3qqs,2,0,11,0.433837890625,-2,-522699.84362867574,-498364.62411289645,-24332.21749210069,-69.22831062893098,
11003,3qqs,3,0,11,0.433837890625,-2,-522704.89976742794,-498364.62411289645,-24332.444640787773,-180.58746699925197,
11004,3qqs,4,0,11,0.433837890625,-2,-522688.4711935323,-498364.62411289645,-24332.504479296455,199.64435590187927,
11005,3qqs,5,0,11,0.433837890625,-2,-522678.956824938,-498364.62411289645,-24332.56907222017,420.54045615512865,
11006,3qqs,6,0,11,0.433837890625,-2,-522705.4877977777,-498364.62411289645,-24331.54922584831,-214.79652804535496,
11007,3qqs,7,0,11,0.433837890625,-2,-522701.9474488745,-498364.62411289645,-24326.260403953314,-255.1172731027928,
11008,3qqs,8,0,11,0.433837890625,-2,-522706.7364767326,-498364.62411289645,-24332.347253717246,-225.18878896816284,
11009,3qqs,9,0,11,0.433837890625,-2,-522661.5372168348,-498364.62411289645,-24331.64352683204,800.9025783178581,
11010,3qqs,10,0,11,0.433837890625,-2,-522704.1929375113,-498364.62411289645,-24332.064661507604,-173.05011226373472,
11011,3qqs,11,0,11,0.433837890625,-2,-522670.47416405217,-498364.62411289645,-24324.18715098921,422.86356778504006,
11012,3qqs,12,0,11,0.433837890625,-2,-522681.4148854068,-498364.62411289645,-24331.47091705328,338.53217539280706,
11013,3qqs,13,0,11,0.433837890625,-2,-522702.497268398,-498364.62411289645,-24327.010924139457,-250.48900587291303,
11014,3qqs,14,0,11,0.433837890625,-2,-522670.1449968615,-498364.62411289645,-24331.59103868576,601.1920498880669,
11015,3qqs,15,0,11,0.433837890625,-2,-522702.59629533475,-498364.62411289645,-24329.65358675757,-191.8313735791,
11016,3qqs,16,0,11,0.433837890625,-2,-522698.414012204,-498364.62411289645,-24322.605104851136,-257.92748753744723,
11017,3qqs,17,0,11,0.433837890625,-2,-522704.63745252014,-498364.62411289645,-24331.67007415256,-192.40027246059898,
11018,3qqs,18,0,11,0.433837890625,-2,-522705.31625298073,-498364.62411289645,-24330.915916835856,-225.44506382316985,
11019,3qqs,19,0,11,0.433837890625,-2,-522672.20705064654,-498364.62411289645,-24330.24697216352,522.6450496256618,
11020,3qqs,20,0,11,0.433837890625,-2,-522705.24867514573,-498364.62411289645,-24330.9871577379,-222.24382769780271,
11021,3qqs,21,0,11,0.433837890625,-2,-522664.1215014864,-498364.62411289645,-24324.728647453907,581.8466518589473,
11022,3qqs,22,0,11,0.433837890625,-2,-522691.81984798977,-498364.62411289645,-24331.224348299897,92.90202754126165,
11023,3qqs,23,0,11,0.433837890625,-2,-522705.32565314946,-498364.62411289645,-24331.747449487495,-206.4862383778322,
11024,3qqs,24,0,11,0.433837890625,-2,-522702.3334440049,-498364.62411289645,-24329.426544041504,-191.00560732772547,
11025,3qqs,25,0,11,0.433837890625,-2,-522696.0390698891,-498364.62411289645,-24330.81601009238,-13.812043642028478,
11026,3qqs,26,0,11,0.433837890625,-2,-522679.73531549197,-498364.62411289645,-24328.821511608814,316.1672367735733,
11027,3qqs,27,0,11,0.433837890625,-2,-522706.84038405895,-498364.62411289645,-24331.220713401177,-253.56358567929612,
11028,3qqs,28,0,11,0.433837890625,-2,-522705.0250009009,-498364.62411289645,-24331.54835863386,-204.14417697261254,
11029,3qqs,29,0,11,0.433837890625,-2,-522694.7272284358,-498364.62411289645,-24330.456987516536,8.160481655643785,
11030,3qqs,30,0,11,0.433837890625,-2,-522682.0008711971,-498364.62411289645,-24330.99302756466,313.99862863745875,
11031,3qqs,31,0,11,0.433837890625,-2,-522692.46504614496,-498364.62411289645,-24314.86782342782,-299.16701953206945,
11032,3qqs,32,0,11,0.433837890625,-2,-522679.1437731725,-498364.62411289645,-24331.573245003376,393.2650062875505,
11033,3qqs,33,0,11,0.433837890625,-2,-522682.0472541111,-498364.62411289645,-24329.42560888168,276.783479721067,
11034,3qqs,34,0,11,0.433837890625,-2,-522665.19992775045,-498364.62411289645,-24322.96901688505,516.3995065176463,
11035,3qqs,35,0,11,0.433837890625,-2,-522705.2963079367,-498364.62411289645,-24331.98983667937,-200.21994026411505,
11036,3qqs,36,0,11,0.433837890625,-2,-522663.5484486473,-498364.62411289645,-24331.645411097295,754.565923095587,
11037,3qqs,37,0,11,0.433837890625,-2,-522686.4845912119,-498364.62411289645,-24331.09668105904,212.9918951419817,
11038,3qqs,38,0,11,0.433837890625,-2,-522703.5995745782,-498364.62411289645,-24330.518952314724,-195.01173873909906,
11039,3qqs,39,0,11,0.433837890625,-2,-522704.0017098807,-498364.62411289645,-24332.20570938176,-165.3876570934574,
11040,3qqs,40,0,11,0.433837890625,-2,-522705.70282659907,-498364.62411289645,-24330.8436431594,-236.02633381172612,
11041,3qqs,41,0,11,0.433837890625,-2,-522707.0081910453,-498364.62411289645,-24332.206834118868,-234.6928227377202,
11042,3qqs,42,0,11,0.433837890625,-2,-522692.46009648126,-498364.62411289645,-24332.082488531218,97.92673042960405,
11043,3qqs,43,0,11,0.433837890625,-2,-522709.85785110045,-498364.62411289645,-24332.48676057909,-293.9522872150453,
11044,3qqs,44,0,11,0.433837890625,-2,-522704.9954691942,-498364.62411289645,-24331.5408510007,-203.63628977115522,
11045,3qqs,45,0,11,0.433837890625,-2,-522708.17454412795,-498364.62411289645,-24331.220993063595,-284.3235985957005,
11046,3qqs,46,0,11,0.433837890625,-2,-522703.88238367054,-498364.62411289645,-24331.938552096064,-168.7967226814038,
11047,3qqs,47,0,11,0.433837890625,-2,-522707.2444111521,-498364.62411289645,-24332.522989518653,-232.84947108987032,
11048,3qqs,48,0,11,0.433837890625,-2,-522679.8804844023,-498364.62411289645,-24331.547810363285,375.6895050014945,
11049,3qqs,49,0,11,0.433837890625,-2,-522684.08690101776,-498364.62411289645,-24331.64499923064,280.9284619694383,
11050,3qqs,50,0,11,0.433837890625,-2,-522708.5425284059,-498364.62411289645,-24332.48239696649,-263.7208526018909,
11051,3qqs,51,0,11,0.433837890625,-2,-522702.2243840854,-498364.62411289645,-24332.45372405773,-118.68219628191625,
11052,3qqs,52,0,11,0.433837890625,-2,-522704.9848008125,-498364.62411289645,-24331.097298372675,-213.61883763866717,
11053,3qqs,53,0,11,0.433837890625,-2,-522691.82246082893,-498364.62411289645,-24331.96965481271,110.02895052601073,
11054,3qqs,54,0,11,0.433837890625,-2,-522705.2041317648,-498364.62411289645,-24331.692888595993,-204.942092723289,
11055,3qqs,55,0,11,0.433837890625,-2,-522706.8299609746,-498364.62411289645,-24332.12938066054,-232.3688588469618,
11056,3qqs,56,0,11,0.433837890625,-2,-522705.89285152423,-498364.62411289645,-24330.171782884223,-255.90187869862996,
11057,3qqs,57,0,11,0.433837890625,-2,-522706.838514334,-498364.62411289645,-24332.194738518574,-231.05891598976487,
11058,3qqs,58,0,11,0.433837890625,-2,-522706.54310644144,-498364.62411289645,-24332.35060217337,-220.6523468874984,
11059,3qqs,59,0,11,0.433837890625,-2,-522688.1983251988,-498364.62411289645,-24310.55260032981,-300.2855057242071,
11060,3qqs,60,0,11,0.433837890625,-2,-522690.2563526431,-498364.62411289645,-24332.55410546653,159.6220155109149,
11061,3qqs,61,0,11,0.433837890625,-2,-522702.31981535594,-498364.62411289645,-24332.204880034515,-126.62137316054569,
11062,3qqs,62,0,11,0.433837890625,-2,-522706.0455834294,-498364.62411289645,-24332.04739271212,-216.1713699552014,
11063,3qqs,63,0,11,0.433837890625,-2,-522702.1881744907,-498364.62411289645,-24324.722595255127,-296.131248728717,
11064,3qqs,64,0,11,0.433837890625,-2,-522694.11212751176,-498364.62411289645,-24332.52421898362,70.0165360588395,
11065,3qqs,65,0,11,0.433837890625,-2,-522692.5030114728,-498364.62411289645,-24332.40179553955,104.3004817524332,
11066,3qqs,66,0,11,0.433837890625,-2,-522678.38562917395,-498364.62411289645,-24332.454727304383,431.0756869931977,
11067,3qqs,67,0,11,0.433837890625,-2,-522684.3723440846,-498364.62411289645,-24330.71866470284,252.9842067878579,
11068,3qqs,68,0,11,0.433837890625,-2,-522699.55596984155,-498364.62411289645,-24332.271929295992,-61.33938877821737,
11069,3qqs,69,0,11,0.433837890625,-2,-522687.1626547946,-498364.62411289645,-24321.86271690788,-15.584894512840664,
11070,3qqs,70,0,11,0.433837890625,-2,-522706.1769718885,-498364.62411289645,-24332.069037993177,-218.70210776206272,
11071,3qqs,71,0,11,0.433837890625,-2,-522704.67150638934,-498364.62411289645,-24331.803130117372,-190.11722989931437,
11072,3qqs,72,0,11,0.433837890625,-2,-522693.7165151513,-498364.62411289645,-24332.480000562442,78.11987280265217,
11073,3qqs,73,0,11,0.433837890625,-2,-522698.02026754286,-498364.62411289645,-24330.83667305398,-59.02304768391701,
11074,3qqs,74,0,11,0.433837890625,-2,-522686.6633670214,-498364.62411289645,-24327.248983232355,120.1392072653173,
11075,3qqs,75,0,11,0.433837890625,-2,-522693.3027411999,-498364.62411289645,-24331.707555803307,69.84872748569342,
11076,3qqs,76,0,11,0.433837890625,-2,-522705.02271273703,-498364.62411289645,-24332.47988024246,-182.6100120498189,
11077,3qqs,77,0,11,0.433837890625,-2,-522698.9466479639,-498364.62411289645,-24331.064173252384,-75.13960848574213,
11078,3qqs,78,0,11,0.433837890625,-2,-522704.9717363343,-498364.62411289645,-24331.223741277456,-210.40172096130098,
11079,3qqs,79,0,11,0.433837890625,-2,-522678.9210106276,-498364.62411289645,-24321.877899105602,174.82204479979436,
11080,3qqs,80,0,11,0.433837890625,-2,-522703.1926657273,-498364.62411289645,-24330.45707066204,-187.05522253079855,
11081,3qqs,81,0,11,0.433837890625,-2,-522704.9479683216,-498364.62411289645,-24332.359935604767,-183.6523539376841,
11082,3qqs,82,0,11,0.433837890625,-2,-522707.4607580495,-498364.62411289645,-24330.451632658856,-285.60517300539817,
11083,3qqs,83,0,11,0.433837890625,-2,-522696.8307272501,-498364.62411289645,-24330.203988877183,-46.18164058654955,
11084,3qqs,84,0,11,0.433837890625,-2,-522692.7572315551,-498364.62411289645,-24332.533332363535,101.47133860585076,
11085,3qqs,85,0,11,0.433837890625,-2,-522705.9630455192,-498364.62411289645,-24330.1190024307,-258.73773684993364,
11086,3qqs,86,0,11,0.433837890625,-2,-522681.98624626803,-498364.62411289645,-24330.523331824457,303.50444643071796,
11087,3qqs,87,0,11,0.433837890625,-2,-522697.5735483141,-498364.62411289645,-24330.33056033175,-60.39269418098284,
11088,3qqs,88,0,11,0.433837890625,-2,-522705.41586898285,-498364.62411289645,-24328.92983509753,-273.5423963268862,
11089,3qqs,89,0,11,0.433837890625,-2,-522697.11889578454,-498364.62411289645,-24331.7535478422,-17.09328622966341,
11090,3qqs,90,0,11,0.433837890625,-2,-522696.4047881796,-498364.62411289645,-24329.860493675005,-44.280439818500206,
11091,3qqs,91,0,11,0.433837890625,-2,-522696.633308825,-498364.62411289645,-24330.0732758361,-44.64337788882954,
11092,3qqs,92,0,11,0.433837890625,-2,-522703.6168017032,-498364.62411289645,-24330.313554788052,-200.1455851660198,
11093,3qqs,93,0,11,0.433837890625,-2,-522707.9473497102,-498364.62411289645,-24331.92814968893,-262.7769516763981,
11094,3qqs,94,0,11,0.433837890625,-2,-522703.82886625605,-498364.62411289645,-24332.3276207529,-158.59044541439619,
11095,3qqs,95,0,11,0.433837890625,-2,-522704.6440996573,-498364.62411289645,-24332.02250829225,-184.4262347497078,
11096,3qqs,96,0,11,0.433837890625,-2,-522706.53499839985,-498364.62411289645,-24332.567711276668,-215.4587161453417,
11097,3qqs,97,0,11,0.433837890625,-2,-522682.2789504529,-498364.62411289645,-24332.59200659236,344.45930100608433,
11098,3qqs,98,0,11,0.433837890625,-2,-522689.0748556324,-498364.62411289645,-24332.58090283155,187.48594575549598,
11099,3qqs,99,0,11,0.433837890625,-2,-522696.7910061993,-498364.62411289645,-24332.617129289032,10.382688493948146,
11100,3qqs,100,0,11,0.433837890625,-2,-522694.8491706602,-498364.62411289645,-24332.57338448068,54.15370057773563,
12001,3twp,1,0,12,0.433837890625,-1,-511845.30118558987,-498364.62411289645,-13477.228820221664,-79.5185910569573,
12002,3twp,2,0,12,0.433837890625,-1,-511845.39967092307,-498364.62411289645,-13476.41354791183,-100.59034288983985,
12003,3twp,3,0,12,0.433837890625,-1,-511839.70921310864,-498364.62411289645,-13476.36415622065,29.495732261079436,
12004,3twp,4,0,12,0.433837890625,-1,-511844.9369308119,-498364.62411289645,-13476.332783678263,-91.78176989436828,
12005,3twp,5,0,12,0.433837890625,-1,-511835.6979669278,-498364.62411289645,-13476.535533809778,125.94932776636966,
12006,3twp,6,0,12,0.433837890625,-1,-511846.51820241404,-498364.62411289645,-13477.21484146928,-107.90602342940436,
12007,3twp,7,0,12,0.433837890625,-1,-511845.8565929233,-498364.62411289645,-13477.190306209674,-93.21474265043828,
12008,3twp,8,0,12,0.433837890625,-1,-511845.9273667501,-498364.62411289645,-13477.352648277569,-91.10312884679544,
12009,3twp,9,0,12,0.433837890625,-1,-511840.986338851,-498364.62411289645,-13477.309215525294,21.838098291540735,
12010,3twp,10,0,12,0.433837890625,-1,-511846.65141436603,-498364.62411289645,-13477.368039267396,-107.44513886897428,
12011,3twp,11,0,12,0.433837890625,-1,-511815.9682229231,-498364.62411289645,-13476.62190268614,582.9197466763019,
12012,3twp,12,0,12,0.433837890625,-1,-511846.31796447904,-498364.62411289645,-13476.623178240658,-116.93250513506709,
12013,3twp,13,0,12,0.433837890625,-1,-511846.3978914798,-498364.62411289645,-13476.12005050621,-130.37806674375852,
12014,3twp,14,0,12,0.433837890625,-1,-511830.40115745564,-498364.62411289645,-13476.624551771614,250.14945891512573,
12015,3twp,15,0,12,0.433837890625,-1,-511843.1068766483,-498364.62411289645,-13476.62407762483,-42.86232033483095,
12016,3twp,16,0,12,0.433837890625,-1,-511845.714229568,-498364.62411289645,-13476.621078392089,-103.05847100101903,
12017,3twp,17,0,12,0.433837890625,-1,-511840.3737784263,-498364.62411289645,-13476.623130144711,20.142572528798343,
12018,3twp,18,0,12,0.433837890625,-1,-511830.4597454329,-498364.62411289645,-13476.622595146657,248.75326721991263,
12019,3twp,19,0,12,0.433837890625,-1,-511812.11239295447,-498364.62411289645,-13476.796205828037,675.8568240356334,
12020,3twp,20,0,12,0.433837890625,-1,-511831.855542916,-498364.62411289645,-13476.119520011469,204.96422438165283,
12021,3twp,21,0,12,0.433837890625,-1,-511845.1282374895,-498364.62411289645,-13476.621680772403,-89.53128142566982,
12022,3twp,22,0,12,0.433837890625,-1,-511845.5037083551,-498364.62411289645,-13476.120619726526,-109.74458749615268,
12023,3twp,23,0,12,0.433837890625,-1,-511846.3142482665,-498364.62411289645,-13476.62155716462,-116.88419013992285,
12024,3twp,24,0,12,0.433837890625,-1,-511843.79499976744,-498364.62411289645,-13476.623873224105,-58.73553002939421,
12025,3twp,25,0,12,0.433837890625,-1,-511837.4745498346,-498364.62411289645,-13476.624484686126,87.03160860679083,
12026,3twp,26,0,12,0.433837890625,-1,-511845.74642353633,-498364.62411289645,-13476.622873012331,-103.75949662104384,
12027,3twp,27,0,12,0.433837890625,-1,-511844.61386652425,-498364.62411289645,-13476.62297058899,-77.63986130182393,
12028,3twp,28,0,12,0.433837890625,-1,-511844.82583165576,-498364.62411289645,-13476.622825631159,-82.53123616253305,
12029,3twp,29,0,12,0.433837890625,-1,-511837.838494587,-498364.62411289645,-13476.120129275336,67.0081311627841,
12030,3twp,30,0,12,0.433837890625,-1,-511843.0346814146,-498364.62411289645,-13476.118782910353,-52.84983162628449,
12031,3twp,31,0,12,0.433837890625,-1,-511840.1571427775,-498364.62411289645,-13476.120175017288,13.539888497190496,
12032,3twp,32,0,12,0.433837890625,-1,-511845.7445900723,-498364.62411289645,-13477.010322356537,-94.78242180234786,
12033,3twp,33,0,12,0.433837890625,-1,-511845.4569888337,-498364.62411289645,-13476.623480208502,-97.07097154152949,
12034,3twp,34,0,12,0.433837890625,-1,-511845.71665090125,-498364.62411289645,-13476.121097179634,-114.64414893582563,
12035,3twp,35,0,12,0.433837890625,-1,-511844.33013197687,-498364.62411289645,-13476.621973512427,-71.11978033248297,
12036,3twp,36,0,12,0.433837890625,-1,-511815.71828769654,-498364.62411289645,-13476.120315403969,577.116512411505,
12037,3twp,37,0,12,0.433837890625,-1,-511841.00953591533,-498364.62411289645,-13476.623456024132,5.489171502690136,
12038,3twp,38,0,12,0.433837890625,-1,-511843.6029580451,-498364.62411289645,-13476.62305623371,-54.32578295155717,
12039,3twp,39,0,12,0.433837890625,-1,-511844.27150717535,-498364.62411289645,-13476.623944336423,-69.72241201201214,
12040,3twp,40,0,12,0.433837890625,-1,-511845.75120045565,-498364.62411289645,-13476.621556474705,-103.90001507636985,
12041,3twp,41,0,12,0.433837890625,-1,-511846.7373031474,-498364.62411289645,-13476.62278743445,-126.61169675897304,
12042,3twp,42,0,12,0.433837890625,-1,-511845.1254502518,-498364.62411289645,-13476.119152442854,-101.05558477727489,
12043,3twp,43,0,12,0.433837890625,-1,-511811.69014739373,-498364.62411289645,-13476.622638071134,681.5914704253756,
12044,3twp,44,0,12,0.433837890625,-1,-511844.26159005146,-498364.62411289645,-13476.120744394813,-81.09778402420831,
12045,3twp,45,0,12,0.433837890625,-1,-511838.4010900026,-498364.62411289645,-13476.623314460678,65.63809870565214,
12046,3twp,46,0,12,0.433837890625,-1,-511844.67463618476,-498364.62411289645,-13476.11810164377,-90.68379742420719,
12047,3twp,47,0,12,0.433837890625,-1,-511846.55951371056,-498364.62411289645,-13476.623652771048,-122.49181981120543,
12048,3twp,48,0,12,0.433837890625,-1,-511834.61550561764,-498364.62411289645,-13476.120875245679,141.3492249329335,
12049,3twp,49,0,12,0.433837890625,-1,-511827.4330996237,-498364.62411289645,-13476.122047482657,307.00647432165727,
12050,3twp,50,0,12,0.433837890625,-1,-511817.3672624305,-498364.62411289645,-13476.265669748054,542.4422024919219,
12051,3twp,51,0,12,0.433837890625,-1,-511843.91505813703,-498364.62411289645,-13476.119355023788,-73.1386078936354,
12052,3twp,52,0,12,0.433837890625,-1,-511843.5916577286,-498364.62411289645,-13476.622865338715,-54.06959360583514,
12053,3twp,53,0,12,0.433837890625,-1,-511845.1337543205,-498364.62411289645,-13476.622921739916,-89.62988518028126,
12054,3twp,54,0,12,0.433837890625,-1,-511845.3601634556,-498364.62411289645,-13476.119006373323,-106.47156828333732,
12055,3twp,55,0,12,0.433837890625,-1,-511833.7256113564,-498364.62411289645,-13476.621775735715,173.4217138177314,
12056,3twp,56,0,12,0.433837890625,-1,-511836.87361053634,-498364.62411289645,-13476.119319976971,89.2402231002992,
12057,3twp,57,0,12,0.433837890625,-1,-511815.7824244939,-498364.62411289645,-13476.11913389636,575.6102365149239,
12058,3twp,58,0,12,0.433837890625,-1,-511845.3324691928,-498364.62411289645,-13476.625103786657,-94.16203980433369,
12059,3twp,59,0,12,0.433837890625,-1,-511837.3767840336,-498364.62411289645,-13476.120791373647,77.67069781276102,
12060,3twp,60,0,12,0.433837890625,-1,-511842.61413598846,-498364.62411289645,-13476.623214030507,-31.519365738278033,
12061,3twp,61,0,12,0.433837890625,-1,-511831.6378073174,-498364.62411289645,-13476.621345039473,221.5576866276271,
12062,3twp,62,0,12,0.433837890625,-1,-511844.37084663974,-498364.62411289645,-13476.11997656009,-83.63500749321346,
12063,3twp,63,0,12,0.433837890625,-1,-511843.87857886095,-498364.62411289645,-13476.622885709186,-60.685682347917854,
12064,3twp,64,0,12,0.433837890625,-1,-511794.7743511667,-498364.62411289645,-13476.62261127089,1071.6783803840638,
12065,3twp,65,0,12,0.433837890625,-1,-511845.1639708353,-498364.62411289645,-13476.624861692138,-90.28195820346654,
12066,3twp,66,0,12,0.433837890625,-1,-511833.09833384916,-498364.62411289645,-13476.120712613512,176.33228668018572,
12067,3twp,67,0,12,0.433837890625,-1,-511844.12206767936,-498364.62411289645,-13476.621440834359,-66.33398749609368,
12068,3twp,68,0,12,0.433837890625,-1,-511844.8953964723,-498364.62411289645,-13476.45711380017,-87.95684454633908,
12069,3twp,69,0,12,0.433837890625,-1,-511843.38869633747,-498364.62411289645,-13476.62412953044,-49.360039784179826,
12070,3twp,70,0,12,0.433837890625,-1,-511843.43513759866,-498364.62411289645,-13476.622445930841,-50.46982543827566,
12071,3twp,71,0,12,0.433837890625,-1,-511845.0798007504,-498364.62411289645,-13476.624495107433,-88.34940357991046,
12072,3twp,72,0,12,0.433837890625,-1,-511846.13287787454,-498364.62411289645,-13477.324863519187,-96.48305971165402,
12073,3twp,73,0,12,0.433837890625,-1,-511829.826472969,-498364.62411289645,-13476.623356808452,263.3744415008986,
12074,3twp,74,0,12,0.433837890625,-1,-511843.6460684908,-498364.62411289645,-13476.623453368875,-55.310775292698104,
12075,3twp,75,0,12,0.433837890625,-1,-511827.6301805207,-498364.62411289645,-13476.346686203231,307.64197283046497,
12076,3twp,76,0,12,0.433837890625,-1,-511845.4033015919,-498364.62411289645,-13476.051641094917,-109.01983756432065,
12077,3twp,77,0,12,0.433837890625,-1,-511845.2665900956,-498364.62411289645,-13475.553040521305,-117.36519794022055,
12078,3twp,78,0,12,0.433837890625,-1,-511820.6292031773,-498364.62411289645,-13476.110316673936,463.6375348833304,
12079,3twp,79,0,12,0.433837890625,-1,-511844.531248288,-498364.62411289645,-13475.801315569079,-94.68245439999492,
12080,3twp,80,0,12,0.433837890625,-1,-511843.84768507787,-498364.62411289645,-13475.475357101843,-86.43589312206937,
12081,3twp,81,0,12,0.433837890625,-1,-511844.4046121581,-498364.62411289645,-13475.547522566381,-97.61476154666202,
12082,3twp,82,0,12,0.433837890625,-1,-511844.26392564713,-498364.62411289645,-13475.659458872136,-91.78914099902867,
12083,3twp,83,0,12,0.433837890625,-1,-511825.26568894286,-498364.62411289645,-13475.51885418609,343.07818412939025,
12084,3twp,84,0,12,0.433837890625,-1,-511835.3177303265,-498364.62411289645,-13476.062223603598,123.80299944885918,
12085,3twp,85,0,12,0.433837890625,-1,-511828.7561883285,-498364.62411289645,-13475.810643270332,269.3141722278752,
12086,3twp,86,0,12,0.433837890625,-1,-511828.53964698786,-498364.62411289645,-13475.711511911217,272.021710722463,
12087,3twp,87,0,12,0.433837890625,-1,-511808.4785677223,-498364.62411289645,-13475.668926804457,733.6591527682165,
12088,3twp,88,0,12,0.433837890625,-1,-511842.1479509662,-498364.62411289645,-13476.049947447167,-33.988725199301584,
12089,3twp,89,0,12,0.433837890625,-1,-511824.16210282233,-498364.62411289645,-13476.058263163806,380.96655117799725,
12090,3twp,90,0,12,0.433837890625,-1,-511844.5765186033,-498364.62411289645,-13475.948103289338,-92.34140742759259,
12091,3twp,91,0,12,0.433837890625,-1,-511829.56058878585,-498364.62411289645,-13475.674458153759,247.62375361139667,
12092,3twp,92,0,12,0.433837890625,-1,-511844.40303339675,-498364.62411289645,-13475.62357584596,-95.82452415424724,
12093,3twp,93,0,12,0.433837890625,-1,-511844.41261362494,-498364.62411289645,-13476.129665626468,-84.37474187460629,
12094,3twp,94,0,12,0.433837890625,-1,-511844.9869198556,-498364.62411289645,-13476.2223917893,-95.4802420626063,
12095,3twp,95,0,12,0.433837890625,-1,-511832.1276928863,-498364.62411289645,-13475.918410872302,194.0506100517621,
12096,3twp,96,0,12,0.433837890625,-1,-511844.5436453808,-498364.62411289645,-13476.802533886983,-71.87969524313083,
12097,3twp,97,0,12,0.433837890625,-1,-511844.43680676894,-498364.62411289645,-13476.29570023631,-81.10379996710932,
12098,3twp,98,0,12,0.433837890625,-1,-511845.6188374943,-498364.62411289645,-13476.756322717643,-97.73986928366291,
12099,3twp,99,0,12,0.433837890625,-1,-511845.2775618391,-498364.62411289645,-13476.449338756922,-96.94908402297477,
12100,3twp,100,0,12,0.433837890625,-1,-511844.7254756482,-498364.62411289645,-13476.698793497653,-78.4651110308298,
13001,2qbp,1,0,13,0.396728515625,-2,-633671.2925407038,-498364.62411289645,-135324.97411145322,422.13909328812116,
13002,2qbp,2,0,13,0.396728515625,-2,-633699.6999965825,-498364.62411289645,-135324.93371866894,-233.88388148243698,
13003,2qbp,3,0,13,0.396728515625,-2,-633698.1411667166,-498364.62411289645,-135324.81957000605,-200.56874150082538,
13004,2qbp,4,0,13,0.396728515625,-2,-633693.0978828996,-498364.62411289645,-135325.29449907196,-73.31572937474982,
13005,2qbp,5,0,13,0.396728515625,-2,-633691.9646335038,-498364.62411289645,-135325.4429775551,-43.75838231752215,
13006,2qbp,6,0,13,0.396728515625,-2,-633677.3514161172,-498364.62411289645,-135325.1364961236,286.1627864762426,
13007,2qbp,7,0,13,0.396728515625,-2,-633654.2912135647,-498364.62411289645,-135325.51332796636,826.6336391553605,
13008,2qbp,8,0,13,0.396728515625,-2,-633659.5136925207,-498364.62411289645,-135324.7865095926,689.4395835245236,
13009,2qbp,9,0,13,0.396728515625,-2,-633693.2514793751,-498364.62411289645,-135324.76254488624,-89.12490318777134,
13010,2qbp,10,0,13,0.396728515625,-2,-633688.3829291019,-498364.62411289645,-135325.09667395955,30.851732727996893,
13011,2qbp,11,0,13,0.396728515625,-2,-633698.2055144948,-498364.62411289645,-135325.16099437917,-194.17920343116091,
13012,2qbp,12,0,13,0.396728515625,-2,-633686.1459102301,-498364.62411289645,-135324.60238846365,71.04011909955538,
13013,2qbp,13,0,13,0.396728515625,-2,-633671.3309076455,-498364.62411289645,-135324.76970931792,416.5407053752015,
13014,2qbp,14,0,13,0.396728515625,-2,-633686.0129276123,-498364.62411289645,-135324.77907390794,78.18123425744123,
13015,2qbp,15,0,13,0.396728515625,-2,-633698.3402278895,-498364.62411289645,-135325.3474608357,-192.98574947292687,
13016,2qbp,16,0,13,0.396728515625,-2,-633684.3369792063,-498364.62411289645,-135323.79215759013,94.07069168373297,
13017,2qbp,17,0,13,0.396728515625,-2,-633655.0180844598,-498364.62411289645,-135324.8577037843,794.752545302424,
13018,2qbp,18,0,13,0.396728515625,-2,-633686.7641954672,-498364.62411289645,-135325.16539969813,69.7654703180621,
13019,2qbp,19,0,13,0.396728515625,-2,-633688.1953027034,-498364.62411289645,-135325.09424358248,35.122454438808106,
13020,2qbp,20,0,13,0.396728515625,-2,-633661.1324437243,-498364.62411289645,-135325.2554556899,662.9244478739021,
13021,2qbp,21,0,13,0.396728515625,-2,-633640.776458169,-498364.62411289645,-135325.20960950785,1131.2873883376171,
13022,2qbp,22,0,13,0.396728515625,-2,-633665.7816849608,-498364.62411289645,-135325.24165088192,555.3920515283024,
13023,2qbp,23,0,13,0.396728515625,-2,-633659.9206183999,-498364.62411289645,-135325.1311832144,688.0040123652415,
13024,2qbp,24,0,13,0.396728515625,-2,-633687.0146572946,-498364.62411289645,-135325.79490399532,78.50639732293,
13025,2qbp,25,0,13,0.396728515625,-2,-633699.4333290021,-498364.62411289645,-135324.34638539414,-241.2786080670103,
13026,2qbp,26,0,13,0.396728515625,-2,-633661.3600549689,-498364.62411289645,-135314.12450705786,400.9898345527779,
13027,2qbp,27,0,13,0.396728515625,-2,-633697.3620984544,-498364.62411289645,-135324.7705219671,-183.73407522539654,
13028,2qbp,28,0,13,0.396728515625,-2,-633658.3577378431,-498364.62411289645,-135325.6498242073,736.0050396225317,
13029,2qbp,29,0,13,0.396728515625,-2,-633697.9731626266,-498364.62411289645,-135325.61072999315,-178.44989242421454,
13030,2qbp,30,0,13,0.396728515625,-2,-633657.4632817501,-498364.62411289645,-135324.7848375179,736.6846202127443,
13031,2qbp,31,0,13,0.396728515625,-2,-633669.761873243,-498364.62411289645,-135320.4235632524,352.49898903921843,
13032,2qbp,32,0,13,0.396728515625,-2,-633689.9969299403,-498364.62411289645,-135324.50682058686,-19.97035271770451,
13033,2qbp,33,0,13,0.396728515625,-2,-633660.210698064,-498364.62411289645,-135324.25913892343,661.2047973145038,
13034,2qbp,34,0,13,0.396728515625,-2,-633697.3341100832,-498364.62411289645,-135323.04357968256,-222.91288320555324,
13035,2qbp,35,0,13,0.396728515625,-2,-633689.2458723963,-498364.62411289645,-135325.26919120684,14.930129846555873,
13036,2qbp,36,0,13,0.396728515625,-2,-633682.0982113371,-498364.62411289645,-135325.2223475777,178.67886982841353,
13037,2qbp,37,0,13,0.396728515625,-2,-633673.5408865875,-498364.62411289645,-135325.02253882884,371.40776730944725,
13038,2qbp,38,0,13,0.396728515625,-2,-633677.0990442684,-498364.62411289645,-135306.1295490932,-146.3279915421439,
13039,2qbp,39,0,13,0.396728515625,-2,-633696.4502758832,-498364.62411289645,-135323.72243794813,-186.8763388591512,
13040,2qbp,40,0,13,0.396728515625,-2,-633666.6912666324,-498364.62411289645,-135324.62911052554,520.2910836984083,
13041,2qbp,41,0,13,0.396728515625,-2,-633696.330591682,-498364.62411289645,-135322.59628082142,-210.08615589809816,
13042,2qbp,42,0,13,0.396728515625,-2,-633663.9533156689,-498364.62411289645,-135324.708175065,585.2530044451498,
13043,2qbp,43,0,13,0.396728515625,-2,-633676.8794355474,-498364.62411289645,-135317.87346306673,129.5573957773039,
13044,2qbp,44,0,13,0.396728515625,-2,-633662.2100224753,-498364.62411289645,-135324.4542250921,619.5980750206952,
13045,2qbp,45,0,13,0.396728515625,-2,-633657.2227407102,-498364.62411289645,-135325.18190225778,751.388158793658,
13046,2qbp,46,0,13,0.396728515625,-2,-633660.6728418553,-498364.62411289645,-135315.66496333608,452.36111111208055,
13047,2qbp,47,0,13,0.396728515625,-2,-633694.6558917658,-498364.62411289645,-135324.02547479887,-138.50866230365557,
13048,2qbp,48,0,13,0.396728515625,-2,-633646.7715614821,-498364.62411289645,-135313.6423941668,726.2906989963744,
13049,2qbp,49,0,13,0.396728515625,-2,-633649.7723689461,-498364.62411289645,-135324.38362982127,904.7892135122863,
13050,2qbp,50,0,13,0.396728515625,-2,-633649.8522391282,-498364.62411289645,-135322.99865668936,871.0091242055303,
13051,2qbp,51,0,13,0.396728515625,-2,-633673.5794465427,-498364.62411289645,-135314.41098440508,125.81029527210545,
13052,2qbp,52,0,13,0.396728515625,-2,-633696.143120763,-498364.62411289645,-135324.6682127748,-157.98308789153484,
13053,2qbp,53,0,13,0.396728515625,-2,-633661.5306907172,-498364.62411289645,-135324.2998547305,631.7039724152276,
13054,2qbp,54,0,13,0.396728515625,-2,-633653.7759156022,-498364.62411289645,-135325.05715721898,827.9971451270878,
13055,2qbp,55,0,13,0.396728515625,-2,-633692.0705727336,-498364.62411289645,-135322.83718639985,-106.29237056646633,
13056,2qbp,56,0,13,0.396728515625,-2,-633683.8374421503,-498364.62411289645,-135325.18653927057,137.74549529181942,
13057,2qbp,57,0,13,0.396728515625,-2,-633667.2383458478,-498364.62411289645,-135325.10824200074,518.7241715855228,
13058,2qbp,58,0,13,0.396728515625,-2,-633695.3885820522,-498364.62411289645,-135324.87995494992,-135.70012130343386,
13059,2qbp,59,0,13,0.396728515625,-2,-633683.4667229981,-498364.62411289645,-135324.20051913182,123.55631746288718,
13060,2qbp,60,0,13,0.396728515625,-2,-633697.8348163689,-498364.62411289645,-135325.44066286,-179.18139318890874,
13061,2qbp,61,0,13,0.396728515625,-2,-633681.3735233871,-498364.62411289645,-135325.65340843104,205.33107038741795,
13062,2qbp,62,0,13,0.396728515625,-2,-633670.8102210683,-498364.62411289645,-135325.21706155062,438.86421065263886,
13063,2qbp,63,0,13,0.396728515625,-2,-633668.7906929518,-498364.62411289645,-135312.34070705628,188.49984667933322,
13064,2qbp,64,0,13,0.396728515625,-2,-633680.8417866856,-498364.62411289645,-135324.7271537554,196.23326977467244,
13065,2qbp,65,0,13,0.396728515625,-2,-633674.3270804145,-498364.62411289645,-135324.993569146,352.60965019982746,
13066,2qbp,66,0,13,0.396728515625,-2,-633665.4803266488,-498364.62411289645,-135324.7327897899,550.6069237454165,
13067,2qbp,67,0,13,0.396728515625,-2,-633692.5209157132,-498364.62411289645,-135325.58236567446,-53.37218841989003,
13068,2qbp,68,0,13,0.396728515625,-2,-633690.5596767977,-498364.62411289645,-135324.40846516925,-35.21573335161561,
13069,2qbp,69,0,13,0.396728515625,-2,-633690.2489399861,-498364.62411289645,-135323.61990169392,-46.23467798529489,
13070,2qbp,70,0,13,0.396728515625,-2,-633695.4512589072,-498364.62411289645,-135324.07528296614,-155.70166068644224,
13071,2qbp,71,0,13,0.396728515625,-2,-633689.2012044007,-498364.62411289645,-135325.00305432227,9.822935937899214,
13072,2qbp,72,0,13,0.396728515625,-2,-633695.3478851105,-498364.62411289645,-135324.23360686182,-149.66676853461112,
13073,2qbp,73,0,13,0.396728515625,-2,-633684.8605292903,-498364.62411289645,-135324.1554993034,90.37619888808207,
13074,2qbp,74,0,13,0.396728515625,-2,-633682.3533114468,-498364.62411289645,-135324.50114037597,156.16468837479246,
13075,2qbp,75,0,13,0.396728515625,-2,-633700.523483436,-498364.62411289645,-135324.02044209317,-273.9345976137033,
13076,2qbp,76,0,13,0.396728515625,-2,-633686.0012693083,-498364.62411289645,-135324.04595107766,61.54386704158579,
13077,2qbp,77,0,13,0.396728515625,-2,-633692.7552453417,-498364.62411289645,-135323.9305762399,-96.86712728874096,
13078,2qbp,78,0,13,0.396728515625,-2,-633678.4650709832,-498364.62411289645,-135323.42864204483,221.0972445010352,
13079,2qbp,79,0,13,0.396728515625,-2,-633678.8350326793,-498364.62411289645,-135323.93829288354,224.31855265565832,
13080,2qbp,80,0,13,0.396728515625,-2,-633687.2561482124,-498364.62411289645,-135324.12360916336,34.396510052066006,
13081,2qbp,81,0,13,0.396728515625,-2,-633677.3639646657,-498364.62411289645,-135324.21506404632,264.6246815822907,
13082,2qbp,82,0,13,0.396728515625,-2,-633691.8224082706,-498364.62411289645,-135324.0066781859,-73.6004408259388,
13083,2qbp,83,0,13,0.396728515625,-2,-633677.7749231852,-498364.62411289645,-135324.43483869146,260.21587670195424,
13084,2qbp,84,0,13,0.396728515625,-2,-633646.8601041995,-498364.62411289645,-135324.20719967358,967.8790581373344,
13085,2qbp,85,0,13,0.396728515625,-2,-633697.5439682596,-498364.62411289645,-135324.8171890235,-186.85192468066,
13086,2qbp,86,0,13,0.396728515625,-2,-633698.9095391075,-498364.62411289645,-135325.41701194315,-204.5104914059256,
13087,2qbp,87,0,13,0.396728515625,-2,-633687.2377095122,-498364.62411289645,-135324.5132390092,43.8067942740821,
13088,2qbp,88,0,13,0.396728515625,-2,-633703.8810523802,-498364.62411289645,-135325.23454895514,-323.36400748465604,
13089,2qbp,89,0,13,0.396728515625,-2,-633698.0246398231,-498364.62411289645,-135325.31507538713,-186.4549419598906,
13090,2qbp,90,0,13,0.396728515625,-2,-633696.1693209693,-498364.62411289645,-135325.26942915484,-144.72289991233194,
13091,2qbp,91,0,13,0.396728515625,-2,-633690.7253602379,-498364.62411289645,-135325.35520867648,-17.204060316507523,
13092,2qbp,92,0,13,0.396728515625,-2,-633693.303407378,-498364.62411289645,-135324.94765677603,-86.05360979546985,
13093,2qbp,93,0,13,0.396728515625,-2,-633701.8994166239,-498364.62411289645,-135324.89851307933,-285.4155727299169,
13094,2qbp,94,0,13,0.396728515625,-2,-633698.0877312254,-498364.62411289645,-135325.30260495914,-188.19743916121283,
13095,2qbp,95,0,13,0.396728515625,-2,-633685.6747174527,-498364.62411289645,-135324.88595491284,88.44528034462203,
13096,2qbp,96,0,13,0.396728515625,-2,-633698.1620188328,-498364.62411289645,-135325.26582300995,-190.75876398208473,
13097,2qbp,97,0,13,0.396728515625,-2,-633698.6771153618,-498364.62411289645,-135325.63011584885,-194.2363796914985,
13098,2qbp,98,0,13,0.396728515625,-2,-633697.54428977,-498364.62411289645,-135325.50174225608,-171.07316632355827,
13099,2qbp,99,0,13,0.396728515625,-2,-633684.2983781237,-498364.62411289645,-135325.04418690183,123.83333562385243,
13100,2qbp,100,0,13,0.396728515625,-2,-633697.5990573975,-498364.62411289645,-135325.0136533094,-183.5917363174856,
14001,2qbq,1,0,14,0.396728515625,-2,-615254.6624632351,-498364.62411289645,-116888.79872230554,-28.58650154950928,
14002,2qbq,2,0,14,0.396728515625,-2,-615255.7446858785,-498364.62411289645,-116888.37672458144,-63.27464728262707,
14003,2qbq,3,0,14,0.396728515625,-2,-615222.4468894498,-498364.62411289645,-116888.31878366113,703.2546305508582,
14004,2qbq,4,0,14,0.396728515625,-2,-615228.1498111546,-498364.62411289645,-116888.78162014081,582.4153945818986,
14005,2qbq,5,0,14,0.396728515625,-2,-615263.3210852591,-498364.62411289645,-116888.57332081377,-233.45695076325612,
14006,2qbq,6,0,14,0.396728515625,-2,-615248.1645400306,-498364.62411289645,-116889.00424438965,125.99861915718306,
14007,2qbq,7,0,14,0.396728515625,-2,-615249.0949435406,-498364.62411289645,-116889.09060600768,106.534550736511,
14008,2qbq,8,0,14,0.396728515625,-2,-615263.9237040507,-498364.62411289645,-116889.15913508413,-233.84447222961475,
14009,2qbq,9,0,14,0.396728515625,-2,-615261.4820499796,-498364.62411289645,-116888.94246617361,-182.53509551178396,
14010,2qbq,10,0,14,0.396728515625,-2,-615258.6945941679,-498364.62411289645,-116889.00057821897,-116.9147418377543,
14011,2qbq,11,0,14,0.396728515625,-2,-615249.0981907372,-498364.62411289645,-116889.2087267194,109.18359692745697,
14012,2qbq,12,0,14,0.396728515625,-2,-615246.5512849061,-498364.62411289645,-116889.03616164438,163.9371954989674,
14013,2qbq,13,0,14,0.396728515625,-2,-615233.2283947128,-498364.62411289645,-116888.73202237206,464.1567238074561,
14014,2qbq,14,0,14,0.396728515625,-2,-615261.4104125473,-498364.62411289645,-116888.70348923893,-186.39403610976044,
14015,2qbq,15,0,14,0.396728515625,-2,-615234.626650996,-498364.62411289645,-116889.31744272256,445.4122819017613,
14016,2qbq,16,0,14,0.396728515625,-2,-615254.7489921724,-498364.62411289645,-116881.37970959608,-201.66840369012556,
14017,2qbq,17,0,14,0.396728515625,-2,-615241.4238730677,-498364.62411289645,-116888.87201291892,278.3927619104218,
14018,2qbq,18,0,14,0.396728515625,-2,-615252.4065012829,-498364.62411289645,-116888.54858151011,17.66883317476805,
14019,2qbq,19,0,14,0.396728515625,-2,-615248.5179034271,-498364.62411289645,-116888.77278907158,112.51237921782547,
14020,2qbq,20,0,14,0.396728515625,-2,-615257.1162074506,-498364.62411289645,-116889.12127416853,-77.73296473173771,
14021,2qbq,21,0,14,0.396728515625,-2,-615234.9682051144,-498364.62411289645,-116888.605019725,421.10699220863,
14022,2qbq,22,0,14,0.396728515625,-2,-615228.2028170642,-498364.62411289645,-116888.82565911108,582.2086120471355,
14023,2qbq,23,0,14,0.396728515625,-2,-615252.5091456914,-498364.62411289645,-116888.85491067331,22.365915203538087,
14024,2qbq,24,0,14,0.396728515625,-2,-615246.9361585587,-498364.62411289645,-116889.20691185693,158.99939166808747,
14025,2qbq,25,0,14,0.396728515625,-2,-615250.5274128607,-498364.62411289645,-116888.87054297997,68.42624949014532,
14026,2qbq,26,0,14,0.396728515625,-2,-615236.6162303967,-498364.62411289645,-116888.68592066359,384.96824632364206,
14027,2qbq,27,0,14,0.396728515625,-2,-615225.8757691724,-498364.62411289645,-116888.09232456563,618.9605148988176,
14028,2qbq,28,0,14,0.396728515625,-2,-615262.6125102073,-498364.62411289645,-116889.02269133818,-206.75409141912624,
14029,2qbq,29,0,14,0.396728515625,-2,-615246.0736965325,-498364.62411289645,-116888.62883477227,165.55746421436675,
14030,2qbq,30,0,14,0.396728515625,-2,-615261.615119272,-498364.62411289645,-116886.9469809085,-231.6207296956223,
14031,2qbq,31,0,14,0.396728515625,-2,-615235.6110798509,-498364.62411289645,-116889.31111601014,422.5649157532972,
14032,2qbq,32,0,14,0.396728515625,-2,-615223.4191200107,-498364.62411289645,-116888.71458628832,689.9618866158302,
14033,2qbq,33,0,14,0.396728515625,-2,-615241.2139877294,-498364.62411289645,-116888.58075622102,276.51629378099767,
14034,2qbq,34,0,14,0.396728515625,-2,-615248.0114886374,-498364.62411289645,-116889.1890451988,133.78967602962595,
14035,2qbq,35,0,14,0.396728515625,-2,-615252.234744244,-498364.62411289645,-116888.69300123159,24.96004248064347,
14036,2qbq,36,0,14,0.396728515625,-2,-615239.7591179576,-498364.62411289645,-116888.64007651534,311.43434622620623,
14037,2qbq,37,0,14,0.396728515625,-2,-615256.7466841055,-498364.62411289645,-116888.83501687685,-75.8128039231367,
14038,2qbq,38,0,14,0.396728515625,-2,-615207.113932015,-498364.62411289645,-116888.84054980856,1068.8732420605306,
14039,2qbq,39,0,14,0.396728515625,-2,-615243.2741832344,-498364.62411289645,-116889.19400422541,243.1488917339077,
14040,2qbq,40,0,14,0.396728515625,-2,-615244.6044486027,-498364.62411289645,-116888.85446976502,204.6423929186678,
14041,2qbq,41,0,14,0.396728515625,-2,-615262.6301002641,-498364.62411289645,-116887.50574440348,-242.14135510848774,
14042,2qbq,42,0,14,0.396728515625,-2,-615227.4658814156,-498364.62411289645,-116888.94555172391,601.9675411524393,
14043,2qbq,43,0,14,0.396728515625,-2,-615253.0850411428,-498364.62411289645,-116889.07501765786,14.16123824704553,
14044,2qbq,44,0,14,0.396728515625,-2,-615231.0346859937,-498364.62411289645,-116888.37636670018,506.5432340180984,
14045,2qbq,45,0,14,0.396728515625,-2,-615261.6477136301,-498364.62411289645,-116886.34286359852,-246.30364957130396,
14046,2qbq,46,0,14,0.396728515625,-2,-615220.8689600003,-498364.62411289645,-116888.28250423218,738.8059245877458,
14047,2qbq,47,0,14,0.396728515625,-2,-615224.3050754602,-498364.62411289645,-116889.19660220049,680.6468195936474,
14048,2qbq,48,0,14,0.396728515625,-2,-615252.8145809215,-498364.62411289645,-116888.80013798743,14.05932332721123,
14049,2qbq,49,0,14,0.396728515625,-2,-615238.9117605044,-498364.62411289645,-116885.42564715519,256.84837129750133,
14050,2qbq,50,0,14,0.396728515625,-2,-615256.3594619803,-498364.62411289645,-116889.00664664256,-62.925373162661806,
14051,2qbq,51,0,14,0.396728515625,-2,-615227.7343131826,-498364.62411289645,-116882.94012634119,457.2889582685719,
14052,2qbq,52,0,14,0.396728515625,-2,-615212.1612726772,-498364.62411289645,-116889.1825836521,960.3662891106303,
14053,2qbq,53,0,14,0.396728515625,-2,-615255.2075427801,-498364.62411289645,-116888.65152244897,-44.55084380156602,
14054,2qbq,54,0,14,0.396728515625,-2,-615236.8169540358,-498364.62411289645,-116888.97227335883,386.9428992683358,
14055,2qbq,55,0,14,0.396728515625,-2,-615236.7295995607,-498364.62411289645,-116889.10912142538,392.11313270277196,
14056,2qbq,56,0,14,0.396728515625,-2,-615246.2221674361,-498364.62411289645,-116887.68562661721,140.38274706570243,
14057,2qbq,57,0,14,0.396728515625,-2,-615239.5590669971,-498364.62411289645,-116881.68037210948,155.55303462900585,
14058,2qbq,58,0,14,0.396728515625,-2,-615234.979966982,-498364.62411289645,-116889.06445584662,431.4306057541715,
14059,2qbq,59,0,14,0.396728515625,-2,-615257.420507,-498364.62411289645,-116888.88474589425,-90.20475062597437,
14060,2qbq,60,0,14,0.396728515625,-2,-615253.5841481455,-498364.62411289645,-116888.83110257328,-2.9732581368302418,
14061,2qbq,61,0,14,0.396728515625,-2,-615237.6220274256,-498364.62411289645,-116889.08266106824,370.9230669089235,
14062,2qbq,62,0,14,0.396728515625,-2,-615212.1456072244,-498364.62411289645,-116888.73170971293,950.3301429945421,
14063,2qbq,63,0,14,0.396728515625,-2,-615263.2371604149,-498364.62411289645,-116888.82739456411,-225.66251800795365,
14064,2qbq,64,0,14,0.396728515625,-2,-615244.1808130449,-498364.62411289645,-116887.92847457221,193.05770452639945,
14065,2qbq,65,0,14,0.396728515625,-2,-615259.6555100044,-498364.62411289645,-116886.89975625846,-187.52009275073203,
14066,2qbq,66,0,14,0.396728515625,-2,-615255.306964059,-498364.62411289645,-116888.09210450212,-59.744037280101026,
14067,2qbq,67,0,14,0.396728515625,-2,-615259.4950645972,-498364.62411289645,-116888.95190099302,-136.49655195811926,
14068,2qbq,68,0,14,0.396728515625,-2,-615248.1685798994,-498364.62411289645,-116887.37748013259,88.39138261243423,
14069,2qbq,69,0,14,0.396728515625,-2,-615250.0691299507,-498364.62411289645,-116888.07938101611,60.74987614533047,
14070,2qbq,70,0,14,0.396728515625,-2,-615238.167237596,-498364.62411289645,-116886.71630160576,303.78067612669,
14071,2qbq,71,0,14,0.396728515625,-2,-615219.9316028561,-498364.62411289645,-116887.84621367339,750.3607945468277,
14072,2qbq,72,0,14,0.396728515625,-2,-615254.1058377735,-498364.62411289645,-116888.23519355491,-28.74569517741481,
14073,2qbq,73,0,14,0.396728515625,-2,-615240.4689589887,-498364.62411289645,-116887.39110371371,266.2630261450714,
14074,2qbq,74,0,14,0.396728515625,-2,-615257.5528867549,-498364.62411289645,-116887.07902554426,-134.89840079564425,
14075,2qbq,75,0,14,0.396728515625,-2,-615254.7949247586,-498364.62411289645,-116888.02797771289,-49.41492939236954,
14076,2qbq,76,0,14,0.396728515625,-2,-615258.5994316726,-498364.62411289645,-116887.91541951001,-139.74459687555068,
14077,2qbq,77,0,14,0.396728515625,-2,-615260.8116436128,-498364.62411289645,-116888.0217156915,-188.30816795665518,
14078,2qbq,78,0,14,0.396728515625,-2,-615250.7739548562,-498364.62411289645,-116888.35643711296,50.88529307314786,
14079,2qbq,79,0,14,0.396728515625,-2,-615262.0425860576,-498364.62411289645,-116888.10357909293,-214.80656019654836,
14080,2qbq,80,0,14,0.396728515625,-2,-615260.3315317336,-498364.62411289645,-116887.9052551634,-179.92216858159256,
14081,2qbq,81,0,14,0.396728515625,-2,-615214.9577294409,-498364.62411289645,-116886.88648456929,842.9291614334386,
14082,2qbq,82,0,14,0.396728515625,-2,-615253.7993749868,-498364.62411289645,-116888.0592703466,-25.73538098525694,
14083,2qbq,83,0,14,0.396728515625,-2,-615255.598706648,-498364.62411289645,-116888.78079365863,-50.59023197331263,
14084,2qbq,84,0,14,0.396728515625,-2,-615244.9336897207,-498364.62411289645,-116888.24864900875,183.07935384134126,
14085,2qbq,85,0,14,0.396728515625,-2,-615254.638170096,-498364.62411289645,-116888.08512308718,-44.4822773599891,
14086,2qbq,86,0,14,0.396728515625,-2,-615252.0189220628,-498364.62411289645,-116888.02415398468,14.513036284329509,
14087,2qbq,87,0,14,0.396728515625,-2,-615243.7359587632,-498364.62411289645,-116887.64646266664,196.8129389306344,
14088,2qbq,88,0,14,0.396728515625,-2,-615239.1581199922,-498364.62411289645,-116887.80265113215,305.9822004479688,
14089,2qbq,89,0,14,0.396728515625,-2,-615247.1889441555,-498364.62411289645,-116888.27283103479,131.62960184626644,
14090,2qbq,90,0,14,0.396728515625,-2,-615262.1954606388,-498364.62411289645,-116887.9621295444,-221.59383586996478,
14091,2qbq,91,0,14,0.396728515625,-2,-615251.3860972275,-498364.62411289645,-116887.24258005439,11.082800666117238,
14092,2qbq,92,0,14,0.396728515625,-2,-615258.0616724839,-498364.62411289645,-116888.56131565695,-112.44885639371321,
14093,2qbq,93,0,14,0.396728515625,-2,-615260.6691805801,-498364.62411289645,-116888.81720323318,-166.6785138726114,
14094,2qbq,94,0,14,0.396728515625,-2,-615253.6075103218,-498364.62411289645,-116889.33183527247,8.035167640144666,
14095,2qbq,95,0,14,0.396728515625,-2,-615244.0720050711,-498364.62411289645,-116888.86367418848,217.13309149273033,
14096,2qbq,96,0,14,0.396728515625,-2,-615265.0941440786,-498364.62411289645,-116889.28938535122,-257.8318179603488,
14097,2qbq,97,0,14,0.396728515625,-2,-615261.2567563392,-498364.62411289645,-116888.82774111828,-179.98532336736446,
14098,2qbq,98,0,14,0.396728515625,-2,-615255.813641746,-498364.62411289645,-116889.22188111983,-45.37503458396433,
14099,2qbq,99,0,14,0.396728515625,-2,-615246.4009637475,-498364.62411289645,-116888.76195068692,161.0802288661566,
14100,2qbq,100,0,14,0.396728515625,-2,-615261.0937717118,-498364.62411289645,-116889.0881673835,-170.22123622581702,
15001,1bzc,1,0,15,0.396728515625,-1,-548220.1129559047,-498364.62411289645,-49871.222423538886,362.82498637395514,
15002,1bzc,2,0,15,0.396728515625,-1,-548241.4781868636,-498364.62411289645,-49870.81948831471,-139.1608510759759,
15003,1bzc,3,0,15,0.396728515625,-1,-548219.723073492,-498364.62411289645,-49870.96584021411,365.89893636763554,
15004,1bzc,4,0,15,0.396728515625,-1,-548242.4507162485,-498364.62411289645,-49870.84269611163,-161.05272696200163,
15005,1bzc,5,0,15,0.396728515625,-1,-548236.3101422633,-498364.62411289645,-49870.91086206789,-17.875782574603626,
15006,1bzc,6,0,15,0.396728515625,-1,-548243.9104116375,-498364.62411289645,-49871.01539612775,-190.73154531676852,
15007,1bzc,7,0,15,0.396728515625,-1,-548242.0329162282,-498364.62411289645,-49870.98521211633,-148.13153246699042,
15008,1bzc,8,0,15,0.396728515625,-1,-548239.2465109194,-498364.62411289645,-49871.3843062924,-74.67216923276177,
15009,1bzc,9,0,15,0.396728515625,-1,-548242.3249291736,-498364.62411289645,-49870.79725900221,-159.1998127395398,
15010,1bzc,10,0,15,0.396728515625,-1,-548232.1427305813,-498364.62411289645,-49871.07915070246,82.10784195411699,
15011,1bzc,11,0,15,0.396728515625,-1,-548230.5898861237,-498364.62411289645,-49870.75285532443,110.39273567179613,
15012,1bzc,12,0,15,0.396728515625,-1,-548239.2973042686,-498364.62411289645,-49870.8110804231,-89.0623942673583,
15013,1bzc,13,0,15,0.396728515625,-1,-548214.7515722709,-498364.62411289645,-49871.12534344427,484.22270993430624,
15014,1bzc,14,0,15,0.396728515625,-1,-548219.5259786841,-498364.62411289645,-49863.822455512076,205.71368601792625,
15015,1bzc,15,0,15,0.396728515625,-1,-548225.9538951771,-498364.62411289645,-49871.123181016635,225.8411399752061,
15016,1bzc,16,0,15,0.396728515625,-1,-548237.5438996769,-498364.62411289645,-49870.66150155835,-52.07729437896289,
15017,1bzc,17,0,15,0.396728515625,-1,-548237.2479767477,-498364.62411289645,-49871.25292368135,-31.6146313607647,
15018,1bzc,18,0,15,0.396728515625,-1,-548226.1116527637,-498364.62411289645,-49870.76976959675,214.053302652404,
15019,1bzc,19,0,15,0.396728515625,-1,-548218.4397181922,-498364.62411289645,-49871.03224225345,397.0250800451675,
15020,1bzc,20,0,15,0.396728515625,-1,-548211.8171504816,-498364.62411289645,-49844.45825062305,-63.065685546749194,
15021,1bzc,21,0,15,0.396728515625,-1,-548229.1420254485,-498364.62411289645,-49865.39250723156,20.168632439239605,
15022,1bzc,22,0,15,0.396728515625,-1,-548226.0883969582,-498364.62411289645,-49870.86237785612,216.72519146189583,
15023,1bzc,23,0,15,0.396728515625,-1,-548237.3032760839,-498364.62411289645,-49868.47599935286,-96.92726064758997,
15024,1bzc,24,0,15,0.396728515625,-1,-548236.7221571876,-498364.62411289645,-49870.81467636932,-29.595167346674597,
15025,1bzc,25,0,15,0.396728515625,-1,-548228.9160961604,-498364.62411289645,-49870.69247074928,147.5987477941623,
15026,1bzc,26,0,15,0.396728515625,-1,-548231.2067942778,-498364.62411289645,-49865.2858320236,-29.90605664283104,
15027,1bzc,27,0,15,0.396728515625,-1,-548226.1114346919,-498364.62411289645,-49871.090117465166,221.44572884827093,
15028,1bzc,28,0,15,0.396728515625,-1,-548210.6676873743,-498364.62411289645,-49870.74041496692,569.5226713635852,
15029,1bzc,29,0,15,0.396728515625,-1,-548216.4390533211,-498364.62411289645,-49871.009694019944,442.641533380197,
15030,1bzc,30,0,15,0.396728515625,-1,-548224.9267245983,-498364.62411289645,-49870.75990565672,241.15092742555802,
15031,1bzc,31,0,15,0.396728515625,-1,-548228.5141125113,-498364.62411289645,-49870.51358582389,152.74352658362258,
15032,1bzc,32,0,15,0.396728515625,-1,-548217.2234120666,-498364.62411289645,-49870.82080072508,420.19780815349736,
15033,1bzc,33,0,15,0.396728515625,-1,-548234.1303523751,-498364.62411289645,-49868.781314638334,-16.71716395372979,
15034,1bzc,34,0,15,0.396728515625,-1,-548224.9516877427,-498364.62411289645,-49870.590201107254,236.66178375903627,
15035,1bzc,35,0,15,0.396728515625,-1,-548232.1651183586,-498364.62411289645,-49870.8897522971,77.22393656080379,
15036,1bzc,36,0,15,0.396728515625,-1,-548209.5124444149,-498364.62411289645,-49871.1034743313,604.5355547222141,
15037,1bzc,37,0,15,0.396728515625,-1,-548243.5616082943,-498364.62411289645,-49871.12073307206,-180.258821493633,
15038,1bzc,38,0,15,0.396728515625,-1,-548240.3131812849,-498364.62411289645,-49871.1516041607,-104.6364108544904,
15039,1bzc,39,0,15,0.396728515625,-1,-548227.7970471935,-498364.62411289645,-49870.78716732164,175.58838485676955,
15040,1bzc,40,0,15,0.396728515625,-1,-548238.6262862209,-498364.62411289645,-49870.565125373236,-79.26020867410585,
15041,1bzc,41,0,15,0.396728515625,-1,-548237.1311441462,-498364.62411289645,-49870.900299299276,-37.05211899502838,
15042,1bzc,42,0,15,0.396728515625,-1,-548240.960327694,-498364.62411289645,-49870.09072148745,-144.02449720244564,
15043,1bzc,43,0,15,0.396728515625,-1,-548239.8705960634,-498364.62411289645,-49871.17802932386,-93.82077444617786,
15044,1bzc,44,0,15,0.396728515625,-1,-548238.0907282317,-498364.62411289645,-49870.718410756,-63.37510314827548,
15045,1bzc,45,0,15,0.396728515625,-1,-548225.1204307907,-498364.62411289645,-49870.49833488045,230.65199111284568,
15046,1bzc,46,0,15,0.396728515625,-1,-548239.6127685908,-498364.62411289645,-49871.22921072222,-86.69486059653174,
15047,1bzc,47,0,15,0.396728515625,-1,-548194.1167505737,-498364.62411289645,-49865.78835546094,836.9991359965237,
15048,1bzc,48,0,15,0.396728515625,-1,-548218.3444946765,-498364.62411289645,-49862.000549931276,190.9452136979746,
15049,1bzc,49,0,15,0.396728515625,-1,-548232.8145205037,-498364.62411289645,-49871.19649954314,69.32212686976563,
15050,1bzc,50,0,15,0.396728515625,-1,-548223.5879474463,-498364.62411289645,-49871.09662398906,279.78877118237625,
15051,1bzc,51,0,15,0.396728515625,-1,-548232.1114049844,-498364.62411289645,-49869.946117622385,56.701863844492784,
15052,1bzc,52,0,15,0.396728515625,-1,-548233.1669315278,-498364.62411289645,-49871.31078473526,63.830814733023914,
15053,1bzc,53,0,15,0.396728515625,-1,-548228.9566458542,-498364.62411289645,-49860.63935631947,-85.16667651323527,
15054,1bzc,54,0,15,0.396728515625,-1,-548220.1919664594,-498364.62411289645,-49870.70384985294,349.04436640950354,
15055,1bzc,55,0,15,0.396728515625,-1,-548236.9023786543,-498364.62411289645,-49871.05571436734,-28.19270481717973,
15056,1bzc,56,0,15,0.396728515625,-1,-548231.8181898351,-498364.62411289645,-49867.79001947549,13.742761375982075,
15057,1bzc,57,0,15,0.396728515625,-1,-548237.0916124912,-498364.62411289645,-49871.01573660147,-33.478449944789375,
15058,1bzc,58,0,15,0.396728515625,-1,-548219.4769650754,-498364.62411289645,-49870.57277677838,362.510073119818,
15059,1bzc,59,0,15,0.396728515625,-1,-548226.5802135383,-498364.62411289645,-49870.185900078424,189.7836835444916,
15060,1bzc,60,0,15,0.396728515625,-1,-548210.5026535417,-498364.62411289645,-49870.8824453672,576.6037407916932,
15061,1bzc,61,0,15,0.396728515625,-1,-548238.5395152313,-498364.62411289645,-49870.96496384973,-68.03872780683737,
15062,1bzc,62,0,15,0.396728515625,-1,-548222.7647062339,-498364.62411289645,-49870.84478861255,292.9657027916938,
15063,1bzc,63,0,15,0.396728515625,-1,-548236.350829653,-498364.62411289645,-49871.175413647106,-12.713351724025351,
15064,1bzc,64,0,15,0.396728515625,-1,-548200.8612083368,-498364.62411289645,-49855.41614475628,442.27938409625796,
15065,1bzc,65,0,15,0.396728515625,-1,-548214.3788319443,-498364.62411289645,-49871.012681711974,490.2202647972002,
15066,1bzc,66,0,15,0.396728515625,-1,-548237.2504708696,-498364.62411289645,-49870.64403679175,-45.713412419156974,
15067,1bzc,67,0,15,0.396728515625,-1,-548214.3687104626,-498364.62411289645,-49870.33867834105,474.910784737533,
15068,1bzc,68,0,15,0.396728515625,-1,-548211.3059868655,-498364.62411289645,-49870.93960563368,559.3965813134567,
15069,1bzc,69,0,15,0.396728515625,-1,-548235.8911025834,-498364.62411289645,-49868.92333177183,-54.04603544982044,
15070,1bzc,70,0,15,0.396728515625,-1,-548236.2120437735,-498364.62411289645,-49870.635275944514,-21.968744637874128,
15071,1bzc,71,0,15,0.396728515625,-1,-548216.0439693637,-498364.62411289645,-49871.09490589948,453.71741850231047,
15072,1bzc,72,0,15,0.396728515625,-1,-548239.8017965575,-498364.62411289645,-49871.12212090699,-93.52349887007277,
15073,1bzc,73,0,15,0.396728515625,-1,-548228.8478787146,-498364.62411289645,-49870.63491250308,147.84455477790559,
15074,1bzc,74,0,15,0.396728515625,-1,-548241.5675617089,-498364.62411289645,-49870.36771708735,-151.6399759670858,
15075,1bzc,75,0,15,0.396728515625,-1,-548235.916066847,-498364.62411289645,-49868.78275763289,-57.863441700820495,
15076,1bzc,76,0,15,0.396728515625,-1,-548238.0650520106,-498364.62411289645,-49868.88335883373,-105.10029804825145,
15077,1bzc,77,0,15,0.396728515625,-1,-548237.7383023526,-498364.62411289645,-49868.24312273292,-112.32946715734717,
15078,1bzc,78,0,15,0.396728515625,-1,-548236.5403869072,-498364.62411289645,-49868.559966393084,-77.39829235093478,
15079,1bzc,79,0,15,0.396728515625,-1,-548241.2493796869,-498364.62411289645,-49870.67600382043,-137.19326327703115,
15080,1bzc,80,0,15,0.396728515625,-1,-548231.9234180925,-498364.62411289645,-49868.54392381621,28.70158721997884,
15081,1bzc,81,0,15,0.396728515625,-1,-548231.4944678469,-498364.62411289645,-49868.42619952601,35.87862825086243,
15082,1bzc,82,0,15,0.396728515625,-1,-548236.9618761969,-498364.62411289645,-49871.01001460797,-30.618612230099775,
15083,1bzc,83,0,15,0.396728515625,-1,-548226.6315226237,-498364.62411289645,-49868.75580232192,155.6216302089075,
15084,1bzc,84,0,15,0.396728515625,-1,-548226.816017481,-498364.62411289645,-49868.571317805196,147.1127637051468,
15085,1bzc,85,0,15,0.396728515625,-1,-548226.6496333466,-498364.62411289645,-49868.65541010809,152.888887568801,
15086,1bzc,86,0,15,0.396728515625,-1,-548229.3835897405,-498364.62411289645,-49870.42413715276,130.63016999330338,
15087,1bzc,87,0,15,0.396728515625,-1,-548218.3840059194,-498364.62411289645,-49868.6254406681,342.80767249805706,
15088,1bzc,88,0,15,0.396728515625,-1,-548237.5883126854,-498364.62411289645,-49871.22603063019,-40.08313302274126,
15089,1bzc,89,0,15,0.396728515625,-1,-548228.8120287202,-498364.62411289645,-49868.00637050124,88.0556567302337,
15090,1bzc,90,0,15,0.396728515625,-1,-548229.1199614232,-498364.62411289645,-49870.61385609086,141.08460605973434,
15091,1bzc,91,0,15,0.396728515625,-1,-548238.6889344904,-498364.62411289645,-49870.86362043727,-73.82145238998237,
15092,1bzc,92,0,15,0.396728515625,-1,-548229.823142093,-498364.62411289645,-49870.99675308907,133.69868913158288,
15093,1bzc,93,0,15,0.396728515625,-1,-548240.5486107199,-498364.62411289645,-49870.84753897446,-117.07745237011167,
15094,1bzc,94,0,15,0.396728515625,-1,-548231.0732217749,-498364.62411289645,-49870.809791919535,100.55973984330763,
15095,1bzc,95,0,15,0.396728515625,-1,-548215.8692384466,-498364.62411289645,-49870.90020877879,453.2569869091285,
15096,1bzc,96,0,15,0.396728515625,-1,-548228.8556043035,-498364.62411289645,-49870.84883670938,152.59960785524876,
15097,1bzc,97,0,15,0.396728515625,-1,-548214.8563147443,-498364.62411289645,-49870.822697491196,474.82810963865177,
15098,1bzc,98,0,15,0.396728515625,-1,-548238.4609301782,-498364.62411289645,-49871.2378807191,-59.932900911276306,
15099,1bzc,99,0,15,0.396728515625,-1,-548240.9357846194,-498364.62411289645,-49871.33145841426,-114.8464472122881,
15100,1bzc,100,0,15,0.396728515625,-1,-548239.2463192369,-498364.62411289645,-49870.98747806565,-83.81882523323473,
16001,2hb1,1,0,16,0.396728515625,-2,-596786.876177913,-498364.62411289645,-98439.17172492312,390.1766265520664,
16002,2hb1,2,0,16,0.396728515625,-2,-596813.1951659379,-498364.62411289645,-98439.67704410132,-205.10071856947204,
16003,2hb1,3,0,16,0.396728515625,-2,-596794.5042511726,-498364.62411289645,-98439.2432770856,215.91911035872528,
16004,2hb1,4,0,16,0.396728515625,-2,-596798.4658845025,-498364.62411289645,-98439.42481268122,128.7479857538397,
16005,2hb1,5,0,16,0.396728515625,-2,-596784.4234306578,-498364.62411289645,-98439.466799389,453.5429007815716,
16006,2hb1,6,0,16,0.396728515625,-2,-596813.164026502,-498364.62411289645,-98439.29166948522,-213.2695758874981,
16007,2hb1,7,0,16,0.396728515625,-2,-596801.903299989,-498364.62411289645,-98439.38694068318,48.605952493050275,
16008,2hb1,8,0,16,0.396728515625,-2,-596806.062313994,-498364.62411289645,-98439.42775871785,-46.36190265882816,
16009,2hb1,9,0,16,0.396728515625,-2,-596811.3013569572,-498364.62411289645,-98439.0428030874,-176.05439122547497,
16010,2hb1,10,0,16,0.396728515625,-2,-596804.8864084035,-498364.62411289645,-98439.5839534208,-15.642940125789814,
16011,2hb1,11,0,16,0.396728515625,-2,-596786.7953589235,-498364.62411289645,-98439.22558070924,393.28230065812306,
16012,2hb1,12,0,16,0.396728515625,-2,-596791.0192676256,-498364.62411289645,-98439.47860233724,301.7114693548124,
16013,2hb1,13,0,16,0.396728515625,-2,-596789.1795049154,-498364.62411289645,-98439.511518277,344.89646493495974,
16014,2hb1,14,0,16,0.396728515625,-2,-596807.3531321889,-498364.62411289645,-98439.56032913283,-73.07173098646342,
16015,2hb1,15,0,16,0.396728515625,-2,-596796.7710762502,-498364.62411289645,-98439.15731996913,161.66266403777095,
16016,2hb1,16,0,16,0.396728515625,-2,-596808.0833786789,-498364.62411289645,-98431.52677422063,-275.1697923994702,
16017,2hb1,17,0,16,0.396728515625,-2,-596800.2341490764,-498364.62411289645,-98439.65996315323,93.39353467789995,
16018,2hb1,18,0,16,0.396728515625,-2,-596765.9738456793,-498364.62411289645,-98438.3935685681,854.2511469551213,
16019,2hb1,19,0,16,0.396728515625,-2,-596811.9978608958,-498364.62411289645,-98439.57709454471,-179.79509990989348,
16020,2hb1,20,0,16,0.396728515625,-2,-596783.757937202,-498364.62411289645,-98438.98346340576,457.74355189095905,
16021,2hb1,21,0,16,0.396728515625,-2,-596793.2963567061,-498364.62411289645,-98434.28439089506,129.41918629629026,
16022,2hb1,22,0,16,0.396728515625,-2,-596788.5819989239,-498364.62411289645,-98439.67026531699,362.3360741390121,
16023,2hb1,23,0,16,0.396728515625,-2,-596799.316104398,-498364.62411289645,-98435.79050965785,25.33243048618255,
16024,2hb1,24,0,16,0.396728515625,-2,-596793.9524600483,-498364.62411289645,-98439.5347381287,235.36496730059935,
16025,2hb1,25,0,16,0.396728515625,-2,-596811.1088637669,-498364.62411289645,-98438.19045574515,-191.27098945805886,
16026,2hb1,26,0,16,0.396728515625,-2,-596811.6456826646,-498364.62411289645,-98439.34549838703,-177.01441123531131,
16027,2hb1,27,0,16,0.396728515625,-2,-596812.8519119349,-498364.62411289645,-98439.513076555,-200.96627466045865,
16028,2hb1,28,0,16,0.396728515625,-2,-596797.544053244,-498364.62411289645,-98438.71149192985,133.55635227571392,
16029,2hb1,29,0,16,0.396728515625,-2,-596807.5365653569,-498364.62411289645,-98439.4251560828,-80.4189649161891,
16030,2hb1,30,0,16,0.396728515625,-2,-596772.4939107053,-498364.62411289645,-98438.57405293458,708.0569439298174,
16031,2hb1,31,0,16,0.396728515625,-2,-596784.7735048555,-498364.62411289645,-98434.90369630822,340.24234115233287,
16032,2hb1,32,0,16,0.396728515625,-2,-596795.1818180043,-498364.62411289645,-98439.16578413162,198.50701805618408,
16033,2hb1,33,0,16,0.396728515625,-2,-596792.3746895976,-498364.62411289645,-98439.55156541704,272.1372647305706,
16034,2hb1,34,0,16,0.396728515625,-2,-596798.6704272005,-498364.62411289645,-98438.6587919748,106.36626194385018,
16035,2hb1,35,0,16,0.396728515625,-2,-596761.1831873562,-498364.62411289645,-98439.37922195348,987.4560593928286,
16036,2hb1,36,0,16,0.396728515625,-2,-596813.0570694512,-498364.62411289645,-98439.55884628983,-204.64184421841875,
16037,2hb1,37,0,16,0.396728515625,-2,-596804.2097488568,-498364.62411289645,-98439.45119192242,-3.1003531682919268,
16038,2hb1,38,0,16,0.396728515625,-2,-596811.0730178638,-498364.62411289645,-98439.45799485863,-161.21421694147688,
16039,2hb1,39,0,16,0.396728515625,-2,-596785.3031610114,-498364.62411289645,-98439.55951810245,435.3939812107222,
16040,2hb1,40,0,16,0.396728515625,-2,-596779.0496086512,-498364.62411289645,-98427.99004024045,312.80582691287685,
16041,2hb1,41,0,16,0.396728515625,-2,-596809.475368844,-498364.62411289645,-98431.709595833,-303.05388164523845,
16042,2hb1,42,0,16,0.396728515625,-2,-596795.8174041786,-498364.62411289645,-98437.38751484794,142.8421888134917,
16043,2hb1,43,0,16,0.396728515625,-2,-596805.951600334,-498364.62411289645,-98439.65400886981,-38.59133255555402,
16044,2hb1,44,0,16,0.396728515625,-2,-596805.3165151963,-498364.62411289645,-98439.60463649202,-25.08447544118708,
16045,2hb1,45,0,16,0.396728515625,-2,-596815.620880422,-498364.62411289645,-98439.44718698633,-266.339654447099,
16046,2hb1,46,0,16,0.396728515625,-2,-596813.8219784661,-498364.62411289645,-98439.66606068467,-219.80864246272114,
16047,2hb1,47,0,16,0.396728515625,-2,-596811.8676861243,-498364.62411289645,-98439.37779898543,-181.3890631419729,
16048,2hb1,48,0,16,0.396728515625,-2,-596788.5297862663,-498364.62411289645,-98439.52849575093,360.2708427687351,
16049,2hb1,49,0,16,0.396728515625,-2,-596808.8515737846,-498364.62411289645,-98439.54238854734,-108.04033480523636,
16050,2hb1,50,0,16,0.396728515625,-2,-596799.6323516924,-498364.62411289645,-98434.3620751715,-14.900887168357102,
16051,2hb1,51,0,16,0.396728515625,-2,-596812.8075575025,-498364.62411289645,-98439.62988217852,-197.24983548305607,
16052,2hb1,52,0,16,0.396728515625,-2,-596800.7659958893,-498364.62411289645,-98439.30108918861,72.85302558352198,
16053,2hb1,53,0,16,0.396728515625,-2,-596811.277409161,-498364.62411289645,-98438.85129956082,-179.91831816025368,
16054,2hb1,54,0,16,0.396728515625,-2,-596815.2938510301,-498364.62411289645,-98439.3275908544,-261.5561298341617,
16055,2hb1,55,0,16,0.396728515625,-2,-596809.8954770138,-498364.62411289645,-98439.0470897212,-143.5351774227403,
16056,2hb1,56,0,16,0.396728515625,-2,-596814.0134479308,-498364.62411289645,-98439.61534563215,-225.39355010559987,
16057,2hb1,57,0,16,0.396728515625,-2,-596813.5354407014,-498364.62411289645,-98439.52984021128,-216.342243376428,
16058,2hb1,58,0,16,0.396728515625,-2,-596794.4306085597,-498364.62411289645,-98439.13242656784,215.06107568916576,
16059,2hb1,59,0,16,0.396728515625,-2,-596800.3756454892,-498364.62411289645,-98435.624523067,-2.928909243492876,
16060,2hb1,60,0,16,0.396728515625,-2,-596809.9411013584,-498364.62411289645,-98439.57995714374,-132.29908511919473,
16061,2hb1,61,0,16,0.396728515625,-2,-596793.9854622523,-498364.62411289645,-98439.45439645073,232.75119528851988,
16062,2hb1,62,0,16,0.396728515625,-2,-596776.8551570143,-498364.62411289645,-98439.20948605562,622.1376507008138,
16063,2hb1,63,0,16,0.396728515625,-2,-596813.6953283403,-498364.62411289645,-98439.3665659374,-223.79453412270723,
16064,2hb1,64,0,16,0.396728515625,-2,-596777.147398224,-498364.62411289645,-98433.30709982326,479.2861482812736,
16065,2hb1,65,0,16,0.396728515625,-2,-596806.9479666658,-498364.62411289645,-98436.34655873135,-137.8396981225108,
16066,2hb1,66,0,16,0.396728515625,-2,-596813.524252381,-498364.62411289645,-98438.93115461915,-229.89025231013557,
16067,2hb1,67,0,16,0.396728515625,-2,-596812.324213907,-498364.62411289645,-98438.8544494583,-203.9855707137825,
16068,2hb1,68,0,16,0.396728515625,-2,-596811.8019072212,-498364.62411289645,-98439.06625582874,-187.05652146723733,
16069,2hb1,69,0,16,0.396728515625,-2,-596810.73588987,-498364.62411289645,-98438.89630166357,-166.3928135059902,
16070,2hb1,70,0,16,0.396728515625,-2,-596812.0951766964,-498364.62411289645,-98437.56287065611,-228.48836190923572,
16071,2hb1,71,0,16,0.396728515625,-2,-596813.267926087,-498364.62411289645,-98438.6242607217,-231.05636894989303,
16072,2hb1,72,0,16,0.396728515625,-2,-596811.1744995316,-498364.62411289645,-98438.63212293279,-182.5994988444515,
16073,2hb1,73,0,16,0.396728515625,-2,-596803.9746466044,-498364.62411289645,-98439.6539267205,6.996409077453766,
16074,2hb1,74,0,16,0.396728515625,-2,-596811.4181203528,-498364.62411289645,-98438.52096169899,-190.7809673922435,
16075,2hb1,75,0,16,0.396728515625,-2,-596812.3950389792,-498364.62411289645,-98439.11910779605,-199.5156694232829,
16076,2hb1,76,0,16,0.396728515625,-2,-596811.0955205825,-498364.62411289645,-98438.5843400747,-181.88009989539103,
16077,2hb1,77,0,16,0.396728515625,-2,-596811.8989094279,-498364.62411289645,-98438.95783204446,-191.79375735851485,
16078,2hb1,78,0,16,0.396728515625,-2,-596812.5887644076,-498364.62411289645,-98438.73904408928,-212.74756121765267,
16079,2hb1,79,0,16,0.396728515625,-2,-596800.381215381,-498364.62411289645,-98438.90281184943,72.54178127068282,
16080,2hb1,80,0,16,0.396728515625,-2,-596811.8325740015,-498364.62411289645,-98438.83639278403,-193.06448195858295,
16081,2hb1,81,0,16,0.396728515625,-2,-596812.8864398928,-498364.62411289645,-98438.9210605473,-215.41472174711942,
16082,2hb1,82,0,16,0.396728515625,-2,-596812.8142157751,-498364.62411289645,-98439.31913460972,-204.56938807005722,
16083,2hb1,83,0,16,0.396728515625,-2,-596747.5576483026,-498364.62411289645,-98439.12941112135,1295.9076798129395,
16084,2hb1,84,0,16,0.396728515625,-2,-596766.7922825837,-498364.62411289645,-98438.97430455746,848.7696336355391,
16085,2hb1,85,0,16,0.396728515625,-2,-596813.3310625994,-498364.62411289645,-98439.00095586813,-223.8255350723408,
16086,2hb1,86,0,16,0.396728515625,-2,-596812.3010695906,-498364.62411289645,-98439.0029219335,-200.027993482843,
16087,2hb1,87,0,16,0.396728515625,-2,-596812.751881075,-498364.62411289645,-98438.95726334951,-211.4768652404659,
16088,2hb1,88,0,16,0.396728515625,-2,-596798.1053983674,-498364.62411289645,-98438.8588679933,124.0099989699036,
16089,2hb1,89,0,16,0.396728515625,-2,-596802.5571509035,-498364.62411289645,-98439.11942096718,27.358640997294334,
16090,2hb1,90,0,16,0.396728515625,-2,-596811.4443990563,-498364.62411289645,-98438.37829438444,-194.67695512159798,
16091,2hb1,91,0,16,0.396728515625,-2,-596815.3471072544,-498364.62411289645,-98439.16933837521,-266.4336364092822,
16092,2hb1,92,0,16,0.396728515625,-2,-596807.5101951798,-498364.62411289645,-98439.68654555694,-73.78306971637124,
16093,2hb1,93,0,16,0.396728515625,-2,-596814.2101794222,-498364.62411289645,-98439.64245751964,-229.3050710936164,
16094,2hb1,94,0,16,0.396728515625,-2,-596808.526096262,-498364.62411289645,-98439.52508646612,-100.9336402999162,
16095,2hb1,95,0,16,0.396728515625,-2,-596787.8302819006,-498364.62411289645,-98439.66650370054,379.58433557431846,
16096,2hb1,96,0,16,0.396728515625,-2,-596802.4182013941,-498364.62411289645,-98439.72926273177,44.62617798525877,
16097,2hb1,97,0,16,0.396728515625,-2,-596782.6784356658,-498364.62411289645,-98439.60127738972,496.88457762750005,
16098,2hb1,98,0,16,0.396728515625,-2,-596815.6573132701,-498364.62411289645,-98439.67127936055,-262.01212297131605,
16099,2hb1,99,0,16,0.396728515625,-2,-596805.0518593754,-498364.62411289645,-98439.52148276017,-20.898937834959018,
16100,2hb1,100,0,16,0.396728515625,-2,-596813.0634498403,-498364.62411289645,-98439.5927508441,-204.00712189104416,
17001,2qbr,1,0,17,0.396728515625,-2,-611926.9051330461,-498364.62411289645,-113582.32494562345,462.2239021019554,
17002,2qbr,2,0,17,0.396728515625,-2,-611950.9040320753,-498364.62411289645,-113582.62468654712,-84.29166693643904,
17003,2qbr,3,0,17,0.396728515625,-2,-611954.5849341806,-498364.62411289645,-113582.48876448121,-172.30972329739868,
17004,2qbr,4,0,17,0.396728515625,-2,-611950.660375979,-498364.62411289645,-113582.30880161333,-85.95730349860962,
17005,2qbr,5,0,17,0.396728515625,-2,-611954.9003261204,-498364.62411289645,-113581.97188459398,-191.50236757350055,
17006,2qbr,6,0,17,0.396728515625,-2,-611931.138770591,-498364.62411289645,-113582.35978933104,365.39741598551984,
17007,2qbr,7,0,17,0.396728515625,-2,-611955.8077496586,-498364.62411289645,-113581.97273336533,-212.40847834547282,
17008,2qbr,8,0,17,0.396728515625,-2,-611952.4711177811,-498364.62411289645,-113582.46525813288,-124.10602838204031,
17009,2qbr,9,0,17,0.396728515625,-2,-611950.9513225252,-498364.62411289645,-113582.3605842881,-91.4725533934578,
17010,2qbr,10,0,17,0.396728515625,-2,-611953.3502836387,-498364.62411289645,-113582.24836041166,-149.38185496618146,
17011,2qbr,11,0,17,0.396728515625,-2,-611955.7992045913,-498364.62411289645,-113581.99393524115,-211.7224975414105,
17012,2qbr,12,0,17,0.396728515625,-2,-611954.9487571752,-498364.62411289645,-113582.30593662299,-184.91579143648332,
17013,2qbr,13,0,17,0.396728515625,-2,-611944.8340835426,-498364.62411289645,-113582.64208539906,56.08589858941063,
17014,2qbr,14,0,17,0.396728515625,-2,-611940.6145239371,-498364.62411289645,-113581.88881767807,136.0204883864458,
17015,2qbr,15,0,17,0.396728515625,-2,-611951.7671322121,-498364.62411289645,-113582.6994314614,-102.47157025164915,
17016,2qbr,16,0,17,0.396728515625,-2,-611955.0706972596,-498364.62411289645,-113579.4432783163,-253.7422653887946,
17017,2qbr,17,0,17,0.396728515625,-2,-611954.9345241144,-498364.62411289645,-113579.4880477933,-249.56962939355245,
17018,2qbr,18,0,17,0.396728515625,-2,-611935.2400968185,-498364.62411289645,-113581.80964910609,258.1320513754119,
17019,2qbr,19,0,17,0.396728515625,-2,-611954.2617006019,-498364.62411289645,-113581.98108079033,-176.5632439317201,
17020,2qbr,20,0,17,0.396728515625,-2,-611941.6465826245,-498364.62411289645,-113582.56537804934,127.82250246328405,
17021,2qbr,21,0,17,0.396728515625,-2,-611946.2793578692,-498364.62411289645,-113582.6591029682,23.149515319702612,
17022,2qbr,22,0,17,0.396728515625,-2,-611961.8280249609,-498364.62411289645,-113582.32575249606,-343.09851035928756,
17023,2qbr,23,0,17,0.396728515625,-2,-611941.494957949,-498364.62411289645,-113564.66820209949,-281.3996314798379,
17024,2qbr,24,0,17,0.396728515625,-2,-611939.3449567005,-498364.62411289645,-113582.50442674651,179.49368673916004,
17025,2qbr,25,0,17,0.396728515625,-2,-611903.2424846196,-498364.62411289645,-113581.83358708226,996.5665407990592,
17026,2qbr,26,0,17,0.396728515625,-2,-611960.0261132086,-498364.62411289645,-113582.29092075014,-302.3486773513227,
17027,2qbr,27,0,17,0.396728515625,-2,-611952.670240659,-498364.62411289645,-113577.12594481542,-251.82540117235303,
17028,2qbr,28,0,17,0.396728515625,-2,-611933.7392460526,-498364.62411289645,-113579.5403854468,240.41202909539075,
17029,2qbr,29,0,17,0.396728515625,-2,-611951.0448274482,-498364.62411289645,-113582.51351520313,-90.10215746281409,
17030,2qbr,30,0,17,0.396728515625,-2,-611930.0734066919,-498364.62411289645,-113582.54462665686,394.22774113095153,
17031,2qbr,31,0,17,0.396728515625,-2,-611954.6720941772,-498364.62411289645,-113581.74317106904,-191.51347311185472,
17032,2qbr,32,0,17,0.396728515625,-2,-611947.7298511474,-498364.62411289645,-113582.23694848095,-20.034768045840906,
17033,2qbr,33,0,17,0.396728515625,-2,-611946.6943989513,-498364.62411289645,-113582.41293473079,7.901666181659623,
17034,2qbr,34,0,17,0.396728515625,-2,-611949.1688926728,-498364.62411289645,-113582.60506913827,-44.73078994596061,
17035,2qbr,35,0,17,0.396728515625,-2,-611958.7577087273,-498364.62411289645,-113582.35048415427,-271.72501041048315,
17036,2qbr,36,0,17,0.396728515625,-2,-611944.0409237054,-498364.62411289645,-113582.45990681437,70.175460985189,
17037,2qbr,37,0,17,0.396728515625,-2,-611952.5918003753,-498364.62411289645,-113577.77510106859,-235.04662643066834,
17038,2qbr,38,0,17,0.396728515625,-2,-611942.0421577889,-498364.62411289645,-113569.25262936573,-188.29895531040015,
17039,2qbr,39,0,17,0.396728515625,-2,-611946.3414763253,-498364.62411289645,-113582.64495871791,21.390855530831075,
17040,2qbr,40,0,17,0.396728515625,-2,-611947.2840966836,-498364.62411289645,-113582.30878355035,-8.09886985903391,
17041,2qbr,41,0,17,0.396728515625,-2,-611899.7965107037,-498364.62411289645,-113582.50049985229,1091.4119609410013,
17042,2qbr,42,0,17,0.396728515625,-2,-611924.6912937823,-498364.62411289645,-113582.35541749801,513.9789464542678,
17043,2qbr,43,0,17,0.396728515625,-2,-611928.0252816519,-498364.62411289645,-113582.79127626764,447.14650172621253,
17044,2qbr,44,0,17,0.396728515625,-2,-611948.090299348,-498364.62411289645,-113582.71164722416,-17.4000879432965,
17045,2qbr,45,0,17,0.396728515625,-2,-611950.6324201551,-498364.62411289645,-113582.63835507695,-77.71294347307037,
17046,2qbr,46,0,17,0.396728515625,-2,-611949.0893249336,-498364.62411289645,-113582.26028778516,-50.846761175816944,
17047,2qbr,47,0,17,0.396728515625,-2,-611919.6344410228,-498364.62411289645,-113582.33248355277,630.0638720474893,
17048,2qbr,48,0,17,0.396728515625,-2,-611952.4293851202,-498364.62411289645,-113582.28229714136,-127.36283105416503,
17049,2qbr,49,0,17,0.396728515625,-2,-611952.1705622409,-498364.62411289645,-113582.44890251862,-117.5522223954381,
17050,2qbr,50,0,17,0.396728515625,-2,-611955.8795075711,-498364.62411289645,-113582.73371460613,-196.51461081757463,
17051,2qbr,51,0,17,0.396728515625,-2,-611953.356657365,-498364.62411289645,-113579.08775313555,-222.41417185076196,
17052,2qbr,52,0,17,0.396728515625,-2,-611951.3474306357,-498364.62411289645,-113581.88627162813,-111.54493320470444,
17053,2qbr,53,0,17,0.396728515625,-2,-611952.9512264652,-498364.62411289645,-113582.25544175068,-140.01607837192526,
17054,2qbr,54,0,17,0.396728515625,-2,-611954.459278122,-498364.62411289645,-113582.7650311623,-163.04116473583795,
17055,2qbr,55,0,17,0.396728515625,-2,-611927.5212480768,-498364.62411289645,-113582.01565617514,440.883567850646,
17056,2qbr,56,0,17,0.396728515625,-2,-611951.7270997247,-498364.62411289645,-113582.6804584137,-101.98592803601274,
17057,2qbr,57,0,17,0.396728515625,-2,-611913.2520401509,-498364.62411289645,-113582.39611364741,778.7128774674653,
17058,2qbr,58,0,17,0.396728515625,-2,-611939.0117034191,-498364.62411289645,-113582.62250696342,189.9016844623871,
17059,2qbr,59,0,17,0.396728515625,-2,-611956.7509548521,-498364.62411289645,-113581.57332293314,-243.36993019983552,
17060,2qbr,60,0,17,0.396728515625,-2,-611942.8774211167,-498364.62411289645,-113582.05819534884,87.7427816192092,
17061,2qbr,61,0,17,0.396728515625,-2,-611934.1108409095,-498364.62411289645,-113581.12390935943,268.3597770510538,
17062,2qbr,62,0,17,0.396728515625,-2,-611953.8604192361,-498364.62411289645,-113581.20305377906,-185.2512049096407,
17063,2qbr,63,0,17,0.396728515625,-2,-611946.787188485,-498364.62411289645,-113581.49161832743,-15.484172287027855,
17064,2qbr,64,0,17,0.396728515625,-2,-611956.4202758775,-498364.62411289645,-113581.03491255024,-248.16033027618553,
17065,2qbr,65,0,17,0.396728515625,-2,-611955.4307071014,-498364.62411289645,-113581.11035641146,-223.60055541300628,
17066,2qbr,66,0,17,0.396728515625,-2,-611906.4990024583,-498364.62411289645,-113580.63733265495,893.8831729801436,
17067,2qbr,67,0,17,0.396728515625,-2,-611954.368772073,-498364.62411289645,-113581.04202508573,-200.68750970271483,
17068,2qbr,68,0,17,0.396728515625,-2,-611946.6973996566,-498364.62411289645,-113581.07222990085,-23.084919586036907,
17069,2qbr,69,0,17,0.396728515625,-2,-611953.981248508,-498364.62411289645,-113581.10791218771,-190.2316113303749,
17070,2qbr,70,0,17,0.396728515625,-2,-611951.4272616142,-498364.62411289645,-113581.3939926723,-124.73810171049071,
17071,2qbr,71,0,17,0.396728515625,-2,-611958.4134792584,-498364.62411289645,-113581.52073906072,-282.921266696546,
17072,2qbr,72,0,17,0.396728515625,-2,-611934.799522633,-498364.62411289645,-113581.3430753484,257.53248699911273,
17073,2qbr,73,0,17,0.396728515625,-2,-611949.0329853647,-498364.62411289645,-113580.39498039447,-92.56255015369533,
17074,2qbr,74,0,17,0.396728515625,-2,-611941.3676392843,-498364.62411289645,-113580.92837489326,96.5048991218256,
17075,2qbr,75,0,17,0.396728515625,-2,-611954.9061679085,-498364.62411289645,-113581.06902802018,-212.4574496098119,
17076,2qbr,76,0,17,0.396728515625,-2,-611947.6572516119,-498364.62411289645,-113581.33633036951,-39.129330021857506,
17077,2qbr,77,0,17,0.396728515625,-2,-611913.8990174647,-498364.62411289645,-113581.29111048364,738.3112478662515,
17078,2qbr,78,0,17,0.396728515625,-2,-611923.0616229881,-498364.62411289645,-113580.51133988332,509.034607716054,
17079,2qbr,79,0,17,0.396728515625,-2,-611890.2322977207,-498364.62411289645,-113581.66560214835,1292.714753462461,
17080,2qbr,80,0,17,0.396728515625,-2,-611956.5257228235,-498364.62411289645,-113582.28663187781,-221.72666119387802,
17081,2qbr,81,0,17,0.396728515625,-2,-611941.1533144463,-498364.62411289645,-113582.19272264928,130.60389920241232,
17082,2qbr,82,0,17,0.396728515625,-2,-611948.1601689359,-498364.62411289645,-113581.39145690437,-49.455630931957494,
17083,2qbr,83,0,17,0.396728515625,-2,-611956.1334081767,-498364.62411289645,-113580.70166375522,-249.22990371914355,
17084,2qbr,84,0,17,0.396728515625,-2,-611944.9080408863,-498364.62411289645,-113582.61658550483,53.79236019707745,
17085,2qbr,85,0,17,0.396728515625,-2,-611952.0061046719,-498364.62411289645,-113582.3305075092,-116.48999453652546,
17086,2qbr,86,0,17,0.396728515625,-2,-611956.7920136017,-498364.62411289645,-113582.65459780768,-219.38197649789376,
17087,2qbr,87,0,17,0.396728515625,-2,-611946.1425148337,-498364.62411289645,-113581.86770318354,8.055078096935347,
17088,2qbr,88,0,17,0.396728515625,-2,-611945.8223717117,-498364.62411289645,-113582.43334970421,28.48187251944251,
17089,2qbr,89,0,17,0.396728515625,-2,-611949.1950268712,-498364.62411289645,-113582.06900162395,-57.69546943286409,
17090,2qbr,90,0,17,0.396728515625,-2,-611954.6618240055,-498364.62411289645,-113581.99633607538,-185.43851358898758,
17091,2qbr,91,0,17,0.396728515625,-2,-611954.9780279542,-498364.62411289645,-113582.1907124102,-188.2479251056793,
17092,2qbr,92,0,17,0.396728515625,-2,-611953.2359097288,-498364.62411289645,-113582.35139192337,-144.36836684271242,
17093,2qbr,93,0,17,0.396728515625,-2,-611946.3426987844,-498364.62411289645,-113582.46252445229,17.155630845274434,
17094,2qbr,94,0,17,0.396728515625,-2,-611957.834895382,-498364.62411289645,-113582.36962134976,-250.00311491262565,
17095,2qbr,95,0,17,0.396728515625,-2,-611960.1537230695,-498364.62411289645,-113582.59133740937,-298.3636579118571,
17096,2qbr,96,0,17,0.396728515625,-2,-611948.619659529,-498364.62411289645,-113581.99987395969,-46.02130512564872,
17097,2qbr,97,0,17,0.396728515625,-2,-611949.0053388543,-498364.62411289645,-113582.27952041777,-48.466481132405235,
17098,2qbr,98,0,17,0.396728515625,-2,-611955.7445598983,-498364.62411289645,-113582.2229860413,-205.18032405116278,
17099,2qbr,99,0,17,0.396728515625,-2,-611956.2208266231,-498364.62411289645,-113582.4799549868,-210.2374509815829,
17100,2qbr,100,0,17,0.396728515625,-2,-611955.3693287318,-498364.62411289645,-113582.09876779171,-199.39182867500296,
18001,1y6r,1,0,18,0.38232421875,1,-533463.4754048991,-498364.62411289645,-35096.589059018865,-52.168331926703715,
18002,1y6r,2,0,18,0.38232421875,1,-533463.9641993653,-498364.62411289645,-35097.10792758073,-51.47480680630174,
18003,1y6r,3,0,18,0.38232421875,1,-533453.2405661822,-498364.62411289645,-35096.2808401684,176.74496030006475,
18004,1y6r,4,0,18,0.38232421875,1,-533463.2338581309,-498364.62411289645,-35096.28379460598,-53.637695718910635,
18005,1y6r,5,0,18,0.38232421875,1,-533464.0759395772,-498364.62411289645,-35097.13321870623,-53.46837009672839,
18006,1y6r,6,0,18,0.38232421875,1,-533457.1648414938,-498364.62411289645,-35096.789711582605,97.98387536232472,
18007,1y6r,7,0,18,0.38232421875,1,-533463.7791526158,-498364.62411289645,-35096.7489966304,-55.4846717356265,
18008,1y6r,8,0,18,0.38232421875,1,-533464.8582946508,-498364.62411289645,-35097.2183329732,-69.54712506761307,
18009,1y6r,9,0,18,0.38232421875,1,-533464.6354569045,-498364.62411289645,-35097.473156601154,-58.5319921007068,
18010,1y6r,10,0,18,0.38232421875,1,-533435.5807935378,-498364.62411289645,-35075.981016543534,115.8639383897517,
18011,1y6r,11,0,18,0.38232421875,1,-533433.007327472,-498364.62411289645,-35096.20138927373,641.5023481883769,
18012,1y6r,12,0,18,0.38232421875,1,-533464.7272425609,-498364.62411289645,-35096.30652745549,-87.55172683457164,
18013,1y6r,13,0,18,0.38232421875,1,-533442.6828853232,-498364.62411289645,-35096.79359207112,432.03520450720276,
18014,1y6r,14,0,18,0.38232421875,1,-533444.2278994374,-498364.62411289645,-35093.275964314445,315.2879094938551,
18015,1y6r,15,0,18,0.38232421875,1,-533460.2489753637,-498364.62411289645,-35093.81765182937,-41.6752673543834,
18016,1y6r,16,0,18,0.38232421875,1,-533451.8629111612,-498364.62411289645,-35096.00380518611,202.12586134681027,
18017,1y6r,17,0,18,0.38232421875,1,-533435.5619470058,-498364.62411289645,-35083.62166583677,292.4961082255987,
18018,1y6r,18,0,18,0.38232421875,1,-533465.912608719,-498364.62411289645,-35096.303108761014,-114.96575678596898,
18019,1y6r,19,0,18,0.38232421875,1,-533456.4274728195,-498364.62411289645,-35095.72962001848,90.54170872699109,
18020,1y6r,20,0,18,0.38232421875,1,-533414.3240210206,-498364.62411289645,-35081.137785913364,724.9746844522965,
18021,1y6r,21,0,18,0.38232421875,1,-533456.2968739029,-498364.62411289645,-35095.724422282685,93.43352865395546,
18022,1y6r,22,0,18,0.38232421875,1,-533393.0950159145,-498364.62411289645,-35081.12217728472,1214.1672285688499,
18023,1y6r,23,0,18,0.38232421875,1,-533460.8466431571,-498364.62411289645,-35093.85728303671,-54.543896738258375,
18024,1y6r,24,0,18,0.38232421875,1,-533440.4218255074,-498364.62411289645,-35096.20012635806,470.4908380747141,
18025,1y6r,25,0,18,0.38232421875,1,-533450.99034543,-498364.62411289645,-35096.99271399145,245.052483931527,
18026,1y6r,26,0,18,0.38232421875,1,-533462.5782766762,-498364.62411289645,-35096.172542044755,-41.08517323698273,
18027,1y6r,27,0,18,0.38232421875,1,-533455.8334297184,-498364.62411289645,-35093.81232966373,60.02690214168051,
18028,1y6r,28,0,18,0.38232421875,1,-533458.4740089152,-498364.62411289645,-35093.815741514045,-0.7876215905536397,
18029,1y6r,29,0,18,0.38232421875,1,-533462.1550253069,-498364.62411289645,-35096.98835086837,-12.511766391245652,
18030,1y6r,30,0,18,0.38232421875,1,-533447.5308406355,-498364.62411289645,-35091.86752775119,206.64095727965866,
18031,1y6r,31,0,18,0.38232421875,1,-533456.3573885749,-498364.62411289645,-35096.98652376222,121.14277870270145,
18032,1y6r,32,0,18,0.38232421875,1,-533416.0143592271,-498364.62411289645,-35075.97637706911,566.9696438629826,
18033,1y6r,33,0,18,0.38232421875,1,-533454.8809391147,-498364.62411289645,-35096.000437269155,132.45081735926303,
18034,1y6r,34,0,18,0.38232421875,1,-533445.3922197043,-498364.62411289645,-35095.58716799767,341.73566937164134,
18035,1y6r,35,0,18,0.38232421875,1,-533464.0884706404,-498364.62411289645,-35096.98565370803,-57.16027297749837,
18036,1y6r,36,0,18,0.38232421875,1,-533442.7813054296,-498364.62411289645,-35096.15886769006,415.1284909860795,
18037,1y6r,37,0,18,0.38232421875,1,-533443.4636398907,-498364.62411289645,-35096.306369272206,402.79495180156215,
18038,1y6r,38,0,18,0.38232421875,1,-533455.5424141967,-498364.62411289645,-35093.71443965796,64.48048234007724,
18039,1y6r,39,0,18,0.38232421875,1,-533461.8705070599,-498364.62411289645,-35096.98575552832,-6.010469710808903,
18040,1y6r,40,0,18,0.38232421875,1,-533433.4563419187,-498364.62411289645,-35075.97172102241,164.640596756564,
18041,1y6r,41,0,18,0.38232421875,1,-533437.0238483497,-498364.62411289645,-35095.96656874834,543.4640864177724,
18042,1y6r,42,0,18,0.38232421875,1,-533428.7538801982,-498364.62411289645,-35097.01589361085,758.3720887139882,
18043,1y6r,43,0,18,0.38232421875,1,-533464.3845933854,-498364.62411289645,-35096.527886763106,-74.54538223159105,
18044,1y6r,44,0,18,0.38232421875,1,-533459.2370532958,-498364.62411289645,-35093.74322032252,-20.056221431809565,
18045,1y6r,45,0,18,0.38232421875,1,-533427.9422288307,-498364.62411289645,-35093.53997869049,696.9327116216757,
18046,1y6r,46,0,18,0.38232421875,1,-533458.9192192452,-498364.62411289645,-35095.730095020386,33.09162489851959,
18047,1y6r,47,0,18,0.38232421875,1,-533461.1052418235,-498364.62411289645,-35093.82517810552,-61.24768095513052,
18048,1y6r,48,0,18,0.38232421875,1,-533462.5883404501,-498364.62411289645,-35095.73032119169,-51.515104508729294,
18049,1y6r,49,0,18,0.38232421875,1,-533462.4412022933,-498364.62411289645,-35096.194955579005,-37.40729449338179,
18050,1y6r,50,0,18,0.38232421875,1,-533458.5500713135,-498364.62411289645,-35091.619208334014,-53.194920623485544,
18051,1y6r,51,0,18,0.38232421875,1,-533459.7699257475,-498364.62411289645,-35095.591906232265,10.28715775359623,
18052,1y6r,52,0,18,0.38232421875,1,-533428.416007718,-498364.62411289645,-35093.57477527289,686.8095391827645,
18053,1y6r,53,0,18,0.38232421875,1,-533410.9127384209,-498364.62411289645,-35093.57396372554,1090.4258032735015,
18054,1y6r,54,0,18,0.38232421875,1,-533441.277396768,-498364.62411289645,-35085.478668998454,203.51821584293216,
18055,1y6r,55,0,18,0.38232421875,1,-533445.2405640503,-498364.62411289645,-35096.30193840968,361.7159291101915,
18056,1y6r,56,0,18,0.38232421875,1,-533454.1547754441,-498364.62411289645,-35093.81447561265,98.78707608348714,
18057,1y6r,57,0,18,0.38232421875,1,-533453.0531497437,-498364.62411289645,-35093.951099439546,127.34178853313908,
18058,1y6r,58,0,18,0.38232421875,1,-533465.1900433108,-498364.62411289645,-35097.01160877012,-81.96460428118881,
18059,1y6r,59,0,18,0.38232421875,1,-533442.6653789812,-498364.62411289645,-35093.711729385555,361.36946847717644,
18060,1y6r,60,0,18,0.38232421875,1,-533459.773586676,-498364.62411289645,-35096.995049404206,42.55998496754629,
18061,1y6r,61,0,18,0.38232421875,1,-533422.5956643018,-498364.62411289645,-35093.811332367666,826.4849831209971,
18062,1y6r,62,0,18,0.38232421875,1,-533453.0603076712,-498364.62411289645,-35093.7301711406,122.08199519886293,
18063,1y6r,63,0,18,0.38232421875,1,-533437.5948587826,-498364.62411289645,-35087.20512774329,328.2526436558479,
18064,1y6r,64,0,18,0.38232421875,1,-533459.3217700496,-498364.62411289645,-35095.725781294976,23.709105947576543,
18065,1y6r,65,0,18,0.38232421875,1,-533453.5747708197,-498364.62411289645,-35094.85610534109,136.18285263915473,
18066,1y6r,66,0,18,0.38232421875,1,-533444.9872898179,-498364.62411289645,-35097.31373090729,390.8890609462066,
18067,1y6r,67,0,18,0.38232421875,1,-533462.0453754411,-498364.62411289645,-35096.98813794303,-9.988090592002363,
18068,1y6r,68,0,18,0.38232421875,1,-533431.1340096097,-498364.62411289645,-35095.97211236234,679.4148331717994,
18069,1y6r,69,0,18,0.38232421875,1,-533450.1066245984,-498364.62411289645,-35096.98856833581,265.33596934722794,
18070,1y6r,70,0,18,0.38232421875,1,-533460.3875001433,-498364.62411289645,-35096.30154837133,12.410290352515537,
18071,1y6r,71,0,18,0.38232421875,1,-533447.6086718434,-498364.62411289645,-35097.227871679206,328.45859452803705,
18072,1y6r,72,0,18,0.38232421875,1,-533464.2692835126,-498364.62411289645,-35097.301812891725,-54.039112888605,
18073,1y6r,73,0,18,0.38232421875,1,-533462.7077991872,-498364.62411289645,-35097.435461688845,-14.948414436437858,
18074,1y6r,74,0,18,0.38232421875,1,-533464.0816798564,-498364.62411289645,-35097.68776802396,-40.81253301408931,
18075,1y6r,75,0,18,0.38232421875,1,-533440.2424335096,-498364.62411289645,-35097.45900140098,503.65806396197956,
18076,1y6r,76,0,18,0.38232421875,1,-533449.3275896208,-498364.62411289645,-35096.6395218647,275.2517398665869,
18077,1y6r,77,0,18,0.38232421875,1,-533444.3854259985,-498364.62411289645,-35097.088764817505,399.5805290673694,
18078,1y6r,78,0,18,0.38232421875,1,-533448.2035781979,-498364.62411289645,-35097.42477480877,319.280422124117,
18079,1y6r,79,0,18,0.38232421875,1,-533463.7282903332,-498364.62411289645,-35097.231402442936,-43.18721732044444,
18080,1y6r,80,0,18,0.38232421875,1,-533464.6235160278,-498364.62411289645,-35097.197480861796,-64.61386251516402,
18081,1y6r,81,0,18,0.38232421875,1,-533463.7471994645,-498364.62411289645,-35096.72476144029,-55.30669132159243,
18082,1y6r,82,0,18,0.38232421875,1,-533463.3897803308,-498364.62411289645,-35097.49105570908,-29.393244656685983,
18083,1y6r,83,0,18,0.38232421875,1,-533465.416260005,-498364.62411289645,-35097.637355944855,-72.75121252550711,
18084,1y6r,84,0,18,0.38232421875,1,-533459.6360396126,-498364.62411289645,-35097.33874452262,53.65769331953081,
18085,1y6r,85,0,18,0.38232421875,1,-533455.6693269839,-498364.62411289645,-35097.20028125955,141.93922092384352,
18086,1y6r,86,0,18,0.38232421875,1,-533449.6403393216,-498364.62411289645,-35097.32478877091,283.84219070103774,
18087,1y6r,87,0,18,0.38232421875,1,-533452.3242973671,-498364.62411289645,-35097.300932097285,221.39849985296286,
18088,1y6r,88,0,18,0.38232421875,1,-533463.3024202791,-498364.62411289645,-35097.095972233736,-36.48951538632218,
18089,1y6r,89,0,18,0.38232421875,1,-533463.8500670198,-498364.62411289645,-35097.364947331684,-42.91583613267977,
18090,1y6r,90,0,18,0.38232421875,1,-533459.6081083696,-498364.62411289645,-35097.19016304268,50.87543275865652,
18091,1y6r,91,0,18,0.38232421875,1,-533466.6139567302,-498364.62411289645,-35096.66686042767,-122.7509134382613,
18092,1y6r,92,0,18,0.38232421875,1,-533462.297624142,-498364.62411289645,-35097.427504726125,-5.67304510850519,
18093,1y6r,93,0,18,0.38232421875,1,-533442.638131533,-498364.62411289645,-35097.38991694271,446.8188296491493,
18094,1y6r,94,0,18,0.38232421875,1,-533463.4437718531,-498364.62411289645,-35097.1079470469,-39.47301436743301,
18095,1y6r,95,0,18,0.38232421875,1,-533441.8452539224,-498364.62411289645,-35096.629210419,447.56071253844476,
18096,1y6r,96,0,18,0.38232421875,1,-533465.0169029618,-498364.62411289645,-35096.752073034484,-83.95692922737851,
18097,1y6r,97,0,18,0.38232421875,1,-533462.5443816443,-498364.62411289645,-35096.03978706542,-43.364937783379744,
18098,1y6r,98,0,18,0.38232421875,1,-533463.1333268055,-498364.62411289645,-35096.92268717355,-36.586175669649464,
18099,1y6r,99,0,18,0.38232421875,1,-533461.5984543505,-498364.62411289645,-35097.0999617221,2.8968722000863494,
18100,1y6r,100,0,18,0.38232421875,1,-533463.4170371811,-498364.62411289645,-35096.595081012514,-50.683469901154126,
19001,1nc1,1,0,19,0.38232421875,0,-533992.4527367923,-498364.62411289645,-35626.351131612704,-34.071781464264475,
19002,1nc1,2,0,19,0.38232421875,0,-533988.252683959,-498364.62411289645,-35626.238004514795,60.174964936920325,
19003,1nc1,3,0,19,0.38232421875,0,-533994.5600061038,-498364.62411289645,-35626.551519704306,-78.04550704434153,
19004,1nc1,4,0,19,0.38232421875,0,-533993.6891557142,-498364.62411289645,-35626.59758216745,-56.90099434732407,
19005,1nc1,5,0,19,0.38232421875,0,-533979.1489345614,-498364.62411289645,-35626.32286312011,272.0692992840976,
19006,1nc1,6,0,19,0.38232421875,0,-533992.6308437542,-498364.62411289645,-35626.61949396603,-31.990442693111806,
19007,1nc1,7,0,19,0.38232421875,0,-533972.934185125,-498364.62411289645,-35626.05227928504,409.14501444567196,
19008,1nc1,8,0,19,0.38232421875,0,-533993.5581360152,-498364.62411289645,-35626.318253729994,-60.32107510332412,
19009,1nc1,9,0,19,0.38232421875,0,-533992.8192674038,-498364.62411289645,-35626.445262726374,-40.35346311367196,
19010,1nc1,10,0,19,0.38232421875,0,-533995.2388957522,-498364.62411289645,-35626.675335586704,-90.8458121749074,
19011,1nc1,11,0,19,0.38232421875,0,-533987.5704005286,-498364.62411289645,-35626.405952541034,79.78176810892838,
19012,1nc1,12,0,19,0.38232421875,0,-533978.8351776061,-498364.62411289645,-35626.1653017323,275.67125463950214,
19013,1nc1,13,0,19,0.38232421875,0,-533993.4311795855,-498364.62411289645,-35626.413428343905,-55.19861154789336,
19014,1nc1,14,0,19,0.38232421875,0,-533990.3781830393,-498364.62411289645,-35626.163791643434,9.448402262416376,
19015,1nc1,15,0,19,0.38232421875,0,-533990.7653461855,-498364.62411289645,-35626.47468814549,7.689651665402639,
19016,1nc1,16,0,19,0.38232421875,0,-533980.489242412,-498364.62411289645,-35624.431796688026,197.55203807903098,
19017,1nc1,17,0,19,0.38232421875,0,-533986.132813045,-498364.62411289645,-35626.17148062093,107.5262721055548,
19018,1nc1,18,0,19,0.38232421875,0,-533973.9805689171,-498364.62411289645,-35626.283626412434,390.34982245626645,
19019,1nc1,19,0,19,0.38232421875,0,-533980.6789231247,-498364.62411289645,-35626.07697424191,231.11659260362205,
19020,1nc1,20,0,19,0.38232421875,0,-533980.2166379226,-498364.62411289645,-35624.07049775004,195.50669550668638,
19021,1nc1,21,0,19,0.38232421875,0,-533976.6659356268,-498364.62411289645,-35609.096966542565,-67.90999697359726,
19022,1nc1,22,0,19,0.38232421875,0,-533991.01474418,-498364.62411289645,-35623.91491772209,-57.09131099954764,
19023,1nc1,23,0,19,0.38232421875,0,-533994.6584677406,-498364.62411289645,-35626.41162947167,-83.54203173009212,
19024,1nc1,24,0,19,0.38232421875,0,-533982.8029642255,-498364.62411289645,-35621.432514428205,75.03125352205785,
19025,1nc1,25,0,19,0.38232421875,0,-533989.410730714,-498364.62411289645,-35625.43851970983,15.033214768233634,
19026,1nc1,26,0,19,0.38232421875,0,-533992.8342300106,-498364.62411289645,-35626.47274764184,-40.06469181641923,
19027,1nc1,27,0,19,0.38232421875,0,-533963.5211438457,-498364.62411289645,-35614.501190637,359.8404708347458,
19028,1nc1,28,0,19,0.38232421875,0,-533942.2050959368,-498364.62411289645,-35624.25969184241,1076.4365970018835,
19029,1nc1,29,0,19,0.38232421875,0,-533934.6119089432,-498364.62411289645,-35602.14483756121,741.5589939362378,
19030,1nc1,30,0,19,0.38232421875,0,-533960.1144838416,-498364.62411289645,-35626.47524136316,714.5280863004162,
19031,1nc1,31,0,19,0.38232421875,0,-533975.555976196,-498364.62411289645,-35609.0264570705,-43.9397114809847,
19032,1nc1,32,0,19,0.38232421875,0,-533973.4666154761,-498364.62411289645,-35624.621324607324,363.86828008076344,
19033,1nc1,33,0,19,0.38232421875,0,-533988.7253090321,-498364.62411289645,-35620.16407319386,-90.79221191497778,
19034,1nc1,34,0,19,0.38232421875,0,-533971.9987446663,-498364.62411289645,-35625.79056990303,424.6816221648512,
19035,1nc1,35,0,19,0.38232421875,0,-533976.9682685891,-498364.62411289645,-35624.07166648232,270.44282349881007,
19036,1nc1,36,0,19,0.38232421875,0,-533992.4888241368,-498364.62411289645,-35625.89338060587,-45.45996438618501,
19037,1nc1,37,0,19,0.38232421875,0,-533987.8643147058,-498364.62411289645,-35623.53747718774,6.855333081403381,
19038,1nc1,38,0,19,0.38232421875,0,-533985.1534739604,-498364.62411289645,-35624.06791125835,81.60090601010165,
19039,1nc1,39,0,19,0.38232421875,0,-533989.5089009866,-498364.62411289645,-35623.680380723825,-27.774293679580868,
19040,1nc1,40,0,19,0.38232421875,0,-533978.3639968621,-498364.62411289645,-35626.12765931992,285.66888607242487,
19041,1nc1,41,0,19,0.38232421875,0,-533959.5713938179,-498364.62411289645,-35625.44081384434,703.1975744928636,
19042,1nc1,42,0,19,0.38232421875,0,-533984.3177964422,-498364.62411289645,-35625.89790706162,143.07279313964764,
19043,1nc1,43,0,19,0.38232421875,0,-533950.6223021464,-498364.62411289645,-35626.16022792193,926.1586137703775,
19044,1nc1,44,0,19,0.38232421875,0,-533981.0027979695,-498364.62411289645,-35621.19565853568,111.08204693375737,
19045,1nc1,45,0,19,0.38232421875,0,-533993.018066574,-498364.62411289645,-35626.24356993719,-49.58902709887741,
19046,1nc1,46,0,19,0.38232421875,0,-533990.1580234732,-498364.62411289645,-35624.62714905923,-20.91041734629984,
19047,1nc1,47,0,19,0.38232421875,0,-533987.5139652811,-498364.62411289645,-35624.62673946943,40.05356769542404,
19048,1nc1,48,0,19,0.38232421875,0,-533982.3787232435,-498364.62411289645,-35623.95230855259,142.92231590881318,
19049,1nc1,49,0,19,0.38232421875,0,-533988.7950645598,-498364.62411289645,-35626.714453982146,58.65455688006544,
19050,1nc1,50,0,19,0.38232421875,0,-533964.6665358277,-498364.62411289645,-35624.712579054765,568.9073152755327,
19051,1nc1,51,0,19,0.38232421875,0,-533988.6627006355,-498364.62411289645,-35624.43257775027,9.085625498441312,
19052,1nc1,52,0,19,0.38232421875,0,-533978.8074911729,-498364.62411289645,-35626.52440750878,284.5908948907443,
19053,1nc1,53,0,19,0.38232421875,0,-533988.8434089656,-498364.62411289645,-35623.670714493484,-12.65059166522002,
19054,1nc1,54,0,19,0.38232421875,0,-533988.3487672557,-498364.62411289645,-35626.16826532272,56.35100750319231,
19055,1nc1,55,0,19,0.38232421875,0,-533964.0113853712,-498364.62411289645,-35624.25335380163,573.4254577982379,
19056,1nc1,56,0,19,0.38232421875,0,-533972.9003815933,-498364.62411289645,-35625.137622367496,388.83205281161133,
19057,1nc1,57,0,19,0.38232421875,0,-533959.994966562,-498364.62411289645,-35618.616206118,536.0505620687298,
19058,1nc1,58,0,19,0.38232421875,0,-533981.7662160816,-498364.62411289645,-35626.49397154581,215.65920763732046,
19059,1nc1,59,0,19,0.38232421875,0,-533991.7208466367,-498364.62411289645,-35626.5245171079,-13.195629019538574,
19060,1nc1,60,0,19,0.38232421875,0,-533988.8683687093,-498364.62411289645,-35624.589513790765,7.961838112521626,
19061,1nc1,61,0,19,0.38232421875,0,-533984.7141752276,-498364.62411289645,-35626.17737404133,140.3767428531659,
19062,1nc1,62,0,19,0.38232421875,0,-533956.6171378109,-498364.62411289645,-35600.99700997901,207.63682824702124,
19063,1nc1,63,0,19,0.38232421875,0,-533952.2324685539,-498364.62411289645,-35624.71426894347,855.6826881301644,
19064,1nc1,64,0,19,0.38232421875,0,-533978.2124666405,-498364.62411289645,-35626.94706669563,308.0592389750833,
19065,1nc1,65,0,19,0.38232421875,0,-533990.7560638669,-498364.62411289645,-35627.08685429353,22.02059375549493,
19066,1nc1,66,0,19,0.38232421875,0,-533975.5399280246,-498364.62411289645,-35626.523313194986,359.9174556856922,
19067,1nc1,67,0,19,0.38232421875,0,-533975.1037180577,-498364.62411289645,-35626.56659175485,370.9747237911525,
19068,1nc1,68,0,19,0.38232421875,0,-533986.9067663352,-498364.62411289645,-35626.91265261933,106.77031755829509,
19069,1nc1,69,0,19,0.38232421875,0,-533961.9312223677,-498364.62411289645,-35626.905206098185,682.5483229610397,
19070,1nc1,70,0,19,0.38232421875,0,-533985.3525636407,-498364.62411289645,-35626.97410689561,144.02825241222538,
19071,1nc1,71,0,19,0.38232421875,0,-533993.0874180564,-498364.62411289645,-35626.960964368394,-34.64480168261536,
19072,1nc1,72,0,19,0.38232421875,0,-533991.3863795113,-498364.62411289645,-35626.70480256676,-1.3251524302328144,
19073,1nc1,73,0,19,0.38232421875,0,-533989.082606663,-498364.62411289645,-35626.68977495613,51.45456659593139,
19074,1nc1,74,0,19,0.38232421875,0,-533984.4369459761,-498364.62411289645,-35626.448449960306,153.02096046177923,
19075,1nc1,75,0,19,0.38232421875,0,-533993.1419319982,-498364.62411289645,-35626.973551006115,-35.61166828264406,
19076,1nc1,76,0,19,0.38232421875,0,-533983.7166067798,-498364.62411289645,-35626.72800839179,176.07914753221456,
19077,1nc1,77,0,19,0.38232421875,0,-533989.6912131171,-498364.62411289645,-35626.80348934615,40.04208448117937,
19078,1nc1,78,0,19,0.38232421875,0,-533993.4484688938,-498364.62411289645,-35627.05779692406,-40.73782000447242,
19079,1nc1,79,0,19,0.38232421875,0,-533993.8092554335,-498364.62411289645,-35626.92281749447,-52.17045485287476,
19080,1nc1,80,0,19,0.38232421875,0,-533985.2550321965,-498364.62411289645,-35626.8157953988,142.62663110097424,
19081,1nc1,81,0,19,0.38232421875,0,-533958.7255196678,-498364.62411289645,-35626.983581981265,758.2809742019218,
19082,1nc1,82,0,19,0.38232421875,0,-533993.4951468884,-498364.62411289645,-35626.50158592331,-54.64077051968933,
19083,1nc1,83,0,19,0.38232421875,0,-533993.3597768531,-498364.62411289645,-35626.94168553111,-41.370125289840274,
19084,1nc1,84,0,19,0.38232421875,0,-533995.0503546892,-498364.62411289645,-35626.945136647,-80.27619171800967,
19085,1nc1,85,0,19,0.38232421875,0,-533993.2855701137,-498364.62411289645,-35627.16449707592,-34.52072093938668,
19086,1nc1,86,0,19,0.38232421875,0,-533973.6068707926,-498364.62411289645,-35626.64995181675,407.4151704392966,
19087,1nc1,87,0,19,0.38232421875,0,-533983.0578308721,-498364.62411289645,-35626.75974654079,192.00277996470243,
19088,1nc1,88,0,19,0.38232421875,0,-533991.8343219343,-498364.62411289645,-35626.43939563158,-17.77537942294343,
19089,1nc1,89,0,19,0.38232421875,0,-533993.7923965956,-498364.62411289645,-35626.901717282526,-52.26826326156674,
19090,1nc1,90,0,19,0.38232421875,0,-533993.9819468057,-498364.62411289645,-35626.62289368749,-63.069219798422175,
19091,1nc1,91,0,19,0.38232421875,0,-533992.8253501563,-498364.62411289645,-35626.92731325435,-29.377385461108105,
19092,1nc1,92,0,19,0.38232421875,0,-533992.653353799,-498364.62411289645,-35627.025076202706,-23.156588091060943,
19093,1nc1,93,0,19,0.38232421875,0,-533987.787741974,-498364.62411289645,-35626.43456909832,75.42966880000036,
19094,1nc1,94,0,19,0.38232421875,0,-533991.7546415485,-498364.62411289645,-35626.544418709316,-13.51601636843642,
19095,1nc1,95,0,19,0.38232421875,0,-533992.3424434057,-498364.62411289645,-35626.486571390036,-28.40504008336767,
19096,1nc1,96,0,19,0.38232421875,0,-533992.8885063115,-498364.62411289645,-35626.300054300766,-45.29873609961127,
19097,1nc1,97,0,19,0.38232421875,0,-533992.332667029,-498364.62411289645,-35626.44563350342,-29.123641574356824,
19098,1nc1,98,0,19,0.38232421875,0,-533992.8518277922,-498364.62411289645,-35626.42719739573,-41.520919930122986,
19099,1nc1,99,0,19,0.38232421875,0,-533992.885387471,-498364.62411289645,-35626.455371850425,-41.64510614595957,
19100,1nc1,100,0,19,0.38232421875,0,-533985.9742225182,-498364.62411289645,-35626.25159774282,113.03100125810191,
20001,3ivg,1,0,20,0.379638671875,-1,-545459.6671261125,-498364.62411289645,-47092.55165939634,-57.45198392251643,
20002,3ivg,2,0,20,0.379638671875,-1,-545453.652830147,-498364.62411289645,-47093.071294611145,93.2240485840227,
20003,3ivg,3,0,20,0.379638671875,-1,-545428.1413974991,-498364.62411289645,-47092.88151630289,677.1552696320396,
20004,3ivg,4,0,20,0.379638671875,-1,-545463.217973456,-498364.62411289645,-47093.021202987475,-128.50853648503286,
20005,3ivg,5,0,20,0.379638671875,-1,-545462.5885852451,-498364.62411289645,-47092.68185690244,-121.82000616756815,
20006,3ivg,6,0,20,0.379638671875,-1,-545436.8955528326,-498364.62411289645,-47092.71467130588,471.4321148132889,
20007,3ivg,7,0,20,0.379638671875,-1,-545460.6058184005,-498364.62411289645,-47093.02817278792,-68.11008246991244,
20008,3ivg,8,0,20,0.379638671875,-1,-545434.7229512219,-498364.62411289645,-47092.85845025078,524.8491194112034,
20009,3ivg,9,0,20,0.379638671875,-1,-545444.4113333076,-498364.62411289645,-47093.054879216754,305.9594804863303,
20010,3ivg,10,0,20,0.379638671875,-1,-545457.7603858614,-498364.62411289645,-47092.39830999492,-17.017830367432655,
20011,3ivg,11,0,20,0.379638671875,-1,-545459.8719891817,-498364.62411289645,-47092.86623619726,-54.92192516520037,
20012,3ivg,12,0,20,0.379638671875,-1,-545405.2004024871,-498364.62411289645,-47092.9133576845,1206.9214620931712,
20013,3ivg,13,0,20,0.379638671875,-1,-545414.6141490792,-498364.62411289645,-47092.0153931811,969.1277551593872,
20014,3ivg,14,0,20,0.379638671875,-1,-545431.1304546726,-498364.62411289645,-47092.23111766,593.227424700959,
20015,3ivg,15,0,20,0.379638671875,-1,-545465.7195329091,-498364.62411289645,-47093.200774922254,-182.05484071302482,
20016,3ivg,16,0,20,0.379638671875,-1,-545459.9017328763,-498364.62411289645,-47093.02207573877,-52.01408585586639,
20017,3ivg,17,0,20,0.379638671875,-1,-545463.4722160465,-498364.62411289645,-47092.97301487902,-135.48275408403745,
20018,3ivg,18,0,20,0.379638671875,-1,-545457.502034949,-498364.62411289645,-47092.24849672804,-14.514892802265013,
20019,3ivg,19,0,20,0.379638671875,-1,-545454.0260093448,-498364.62411289645,-47092.807587625604,78.53710428827335,
20020,3ivg,20,0,20,0.379638671875,-1,-545461.3300321586,-498364.62411289645,-47092.013505042865,-108.20964254596184,
20021,3ivg,21,0,20,0.379638671875,-1,-545463.1911286586,-498364.62411289645,-47092.26494581794,-145.32918538043364,
20022,3ivg,22,0,20,0.379638671875,-1,-545462.8087168819,-498364.62411289645,-47092.803392170645,-124.0936924421771,
20023,3ivg,23,0,20,0.379638671875,-1,-545461.4383085413,-498364.62411289645,-47092.63168899046,-96.45089475577211,
20024,3ivg,24,0,20,0.379638671875,-1,-545464.2446113987,-498364.62411289645,-47092.96696866248,-153.43404311184392,
20025,3ivg,25,0,20,0.379638671875,-1,-545458.838881948,-498364.62411289645,-47090.69010383023,-81.28071092394501,
20026,3ivg,26,0,20,0.379638671875,-1,-545460.1445063083,-498364.62411289645,-47092.23678654974,-75.72177309948269,
20027,3ivg,27,0,20,0.379638671875,-1,-545453.1171574388,-498364.62411289645,-47083.41498371267,-117.10286464906213,
20028,3ivg,28,0,20,0.379638671875,-1,-545461.5987301015,-498364.62411289645,-47092.13282190109,-111.65445219271615,
20029,3ivg,29,0,20,0.379638671875,-1,-545459.3687289082,-498364.62411289645,-47092.61547700833,-49.09911182750041,
20030,3ivg,30,0,20,0.379638671875,-1,-545459.8351437374,-498364.62411289645,-47092.96435640748,-51.80954323245852,
20031,3ivg,31,0,20,0.379638671875,-1,-545448.4192727596,-498364.62411289645,-47092.672332148824,204.71245609482048,
20032,3ivg,32,0,20,0.379638671875,-1,-545427.0285294297,-498364.62411289645,-47092.53043660771,694.7225268733996,
20033,3ivg,33,0,20,0.379638671875,-1,-545438.02005787,-498364.62411289645,-47074.76843525489,31.65037778076315,
20034,3ivg,34,0,20,0.379638671875,-1,-545456.8749813586,-498364.62411289645,-47086.548271262254,-131.50501548811948,
20035,3ivg,35,0,20,0.379638671875,-1,-545438.9090700791,-498364.62411289645,-47092.357268526364,416.7574001515204,
20036,3ivg,36,0,20,0.379638671875,-1,-545409.0939221228,-498364.62411289645,-47092.30093062446,1103.011862792014,
20037,3ivg,37,0,20,0.379638671875,-1,-545437.0349443738,-498364.62411289645,-47090.589830622135,419.2176792918291,
20038,3ivg,38,0,20,0.379638671875,-1,-545461.7182857428,-498364.62411289645,-47092.731074353076,-100.61544149387386,
20039,3ivg,39,0,20,0.379638671875,-1,-545427.6971446485,-498364.62411289645,-47092.89610175384,687.7363322314698,
20040,3ivg,40,0,20,0.379638671875,-1,-545448.6747050575,-498364.62411289645,-47074.17237147027,-227.79718072176996,
20041,3ivg,41,0,20,0.379638671875,-1,-545457.7842368478,-498364.62411289645,-47092.60237299268,-12.862042659377503,
20042,3ivg,42,0,20,0.379638671875,-1,-545434.9835022904,-498364.62411289645,-47083.53206545033,303.76912625430344,
20043,3ivg,43,0,20,0.379638671875,-1,-545464.5228035937,-498364.62411289645,-47092.972135133554,-159.73016587720656,
20044,3ivg,44,0,20,0.379638671875,-1,-545443.6059105175,-498364.62411289645,-47092.8226204699,319.17695732081336,
20045,3ivg,45,0,20,0.379638671875,-1,-545444.0072722819,-498364.62411289645,-47092.19247329759,295.3897961478394,
20046,3ivg,46,0,20,0.379638671875,-1,-545413.6845514975,-498364.62411289645,-47091.79674725912,985.5226899144408,
20047,3ivg,47,0,20,0.379638671875,-1,-545455.6544724255,-498364.62411289645,-47092.49923312504,33.87302981821259,
20048,3ivg,48,0,20,0.379638671875,-1,-545446.0059066152,-498364.62411289645,-47092.093854394014,247.0259875669469,
20049,3ivg,49,0,20,0.379638671875,-1,-545453.4893840943,-498364.62411289645,-47092.63810648626,87.00364862638214,
20050,3ivg,50,0,20,0.379638671875,-1,-545458.1994055402,-498364.62411289645,-47092.09256480613,-34.192516220351415,
20051,3ivg,51,0,20,0.379638671875,-1,-545451.502266489,-498364.62411289645,-47081.61453019298,-121.38203916754001,
20052,3ivg,52,0,20,0.379638671875,-1,-545415.3967020571,-498364.62411289645,-47082.46398539758,730.8209587408,
20053,3ivg,53,0,20,0.379638671875,-1,-545458.6007592739,-498364.62411289645,-47091.9831837515,-45.97034023341343,
20054,3ivg,54,0,20,0.379638671875,-1,-545426.5883066696,-498364.62411289645,-47092.56743911482,705.7276029734163,
20055,3ivg,55,0,20,0.379638671875,-1,-545427.1399107793,-498364.62411289645,-47092.567426127964,693.007010534086,
20056,3ivg,56,0,20,0.379638671875,-1,-545430.9894156287,-498364.62411289645,-47092.78809519595,609.3240694272073,
20057,3ivg,57,0,20,0.379638671875,-1,-545429.0207700718,-498364.62411289645,-47092.69488158403,652.5725574984946,
20058,3ivg,58,0,20,0.379638671875,-1,-545447.2733083742,-498364.62411289645,-47092.914585179606,236.72551021903448,
20059,3ivg,59,0,20,0.379638671875,-1,-545460.7188259704,-498364.62411289645,-47092.48573542512,-83.22500169114451,
20060,3ivg,60,0,20,0.379638671875,-1,-545432.8417773953,-498364.62411289645,-47092.82106670342,567.3679333334705,
20061,3ivg,61,0,20,0.379638671875,-1,-545436.7350563537,-498364.62411289645,-47092.61406943723,472.81331733769264,
20062,3ivg,62,0,20,0.379638671875,-1,-545465.526696506,-498364.62411289645,-47093.09361737995,-180.07903924447098,
20063,3ivg,63,0,20,0.379638671875,-1,-545463.4014717608,-498364.62411289645,-47092.75972191291,-138.77000474659485,
20064,3ivg,64,0,20,0.379638671875,-1,-545463.8856734221,-498364.62411289645,-47093.01909398512,-143.95469823969935,
20065,3ivg,65,0,20,0.379638671875,-1,-545462.8935161318,-498364.62411289645,-47093.02349910806,-120.97342304218195,
20066,3ivg,66,0,20,0.379638671875,-1,-545456.919913663,-498364.62411289645,-47092.9335232992,14.70623096802518,
20067,3ivg,67,0,20,0.379638671875,-1,-545462.9031770311,-498364.62411289645,-47092.79470337411,-126.4723636385477,
20068,3ivg,68,0,20,0.379638671875,-1,-545459.4567807148,-498364.62411289645,-47092.65778533704,-50.15398148625261,
20069,3ivg,69,0,20,0.379638671875,-1,-545461.4225547742,-498364.62411289645,-47092.51138437199,-98.86189466453881,
20070,3ivg,70,0,20,0.379638671875,-1,-545459.9548980084,-498364.62411289645,-47091.908550217006,-78.9186114820562,
20071,3ivg,71,0,20,0.379638671875,-1,-545452.1903885351,-498364.62411289645,-47092.63053263066,116.78454058959983,
20072,3ivg,72,0,20,0.379638671875,-1,-545461.0447750686,-498364.62411289645,-47092.772761468696,-84.1225886544419,
20073,3ivg,73,0,20,0.379638671875,-1,-545462.6404755722,-498364.62411289645,-47092.49952909581,-127.22120464391558,
20074,3ivg,74,0,20,0.379638671875,-1,-545461.8173817716,-498364.62411289645,-47092.780352142094,-101.76427739596646,
20075,3ivg,75,0,20,0.379638671875,-1,-545433.03627795,-498364.62411289645,-47092.94211482061,565.6740798848853,
20076,3ivg,76,0,20,0.379638671875,-1,-545433.3061180849,-498364.62411289645,-47092.07768674248,539.5172335057908,
20077,3ivg,77,0,20,0.379638671875,-1,-545451.1415510942,-498364.62411289645,-47093.09067821793,151.5825158863577,
20078,3ivg,78,0,20,0.379638671875,-1,-545465.1813372065,-498364.62411289645,-47092.826537737805,-178.27386746304904,
20079,3ivg,79,0,20,0.379638671875,-1,-545432.4233188098,-498364.62411289645,-47092.808599198535,576.730310067017,
20080,3ivg,80,0,20,0.379638671875,-1,-545451.1822816974,-498364.62411289645,-47092.81108565075,144.1956880955375,
20081,3ivg,81,0,20,0.379638671875,-1,-545455.5517826107,-498364.62411289645,-47092.436710350055,34.79930376003349,
20082,3ivg,82,0,20,0.379638671875,-1,-545455.3539820281,-498364.62411289645,-47092.56787124555,42.38533566058124,
20083,3ivg,83,0,20,0.379638671875,-1,-545462.6775976458,-498364.62411289645,-47092.87812131226,-119.34671608169927,
20084,3ivg,84,0,20,0.379638671875,-1,-545441.9387812725,-498364.62411289645,-47092.616661866945,352.8723528004429,
20085,3ivg,85,0,20,0.379638671875,-1,-545453.5595381686,-498364.62411289645,-47092.80595357218,89.25650299245821,
20086,3ivg,86,0,20,0.379638671875,-1,-545463.5632426377,-498364.62411289645,-47093.127728106374,-134.01410536335328,
20087,3ivg,87,0,20,0.379638671875,-1,-545462.9251035636,-498364.62411289645,-47092.81237985025,-126.57037226646739,
20088,3ivg,88,0,20,0.379638671875,-1,-545463.1194650054,-498364.62411289645,-47092.64806387345,-134.84167003311362,
20089,3ivg,89,0,20,0.379638671875,-1,-545462.1731850825,-498364.62411289645,-47093.13746649957,-101.73404394308145,
20090,3ivg,90,0,20,0.379638671875,-1,-545440.4268064123,-498364.62411289645,-47092.94288749683,395.26226312465093,
20091,3ivg,91,0,20,0.379638671875,-1,-545445.0253563444,-498364.62411289645,-47093.12320489329,293.3754004091072,
20092,3ivg,92,0,20,0.379638671875,-1,-545447.2507459223,-498364.62411289645,-47092.652855257336,231.21017732890445,
20093,3ivg,93,0,20,0.379638671875,-1,-545447.3409177013,-498364.62411289645,-47092.90243089768,234.88611769957234,
20094,3ivg,94,0,20,0.379638671875,-1,-545447.3262705954,-498364.62411289645,-47092.920542331245,235.64154756403113,
20095,3ivg,95,0,20,0.379638671875,-1,-545462.4913648935,-498364.62411289645,-47092.47509425648,-124.34611148684407,
20096,3ivg,96,0,20,0.379638671875,-1,-545449.0819482959,-498364.62411289645,-47092.81938472311,192.82190811544544,
20097,3ivg,97,0,20,0.379638671875,-1,-545463.3822635529,-498364.62411289645,-47092.439947017476,-145.70123721938438,
20098,3ivg,98,0,20,0.379638671875,-1,-545463.2228407955,-498364.62411289645,-47092.86641965645,-132.1901684090229,
20099,3ivg,99,0,20,0.379638671875,-1,-545461.7241737439,-498364.62411289645,-47092.4219261736,-107.88034840355284,
20100,3ivg,100,0,20,0.379638671875,-1,-545461.839630443,-498364.62411289645,-47092.90604678604,-99.37875659795223,
