mol_id,ligand_pdb,pose_index,label,ligunity_rank,ligunity_score,formal_charge,aimnet_complex_eV,aimnet_pocket_eV,aimnet_ligand_eV,aimnet_interaction_kcal_mol,error
1001,3rsx,1,1,1,0.8251953125,0,-852471.2709442737,-825021.4921355627,-27448.949710263096,-19.119464413731613,
1002,3rsx,2,1,1,0.8251953125,0,-852473.7557237962,-825021.4921355627,-27448.915954578268,-77.1982660259124,
1003,3rsx,3,1,1,0.8251953125,0,-852472.4634868772,-825021.4921355627,-27448.979137466424,-45.94154273128895,
1004,3rsx,4,1,1,0.8251953125,0,-852468.6601296881,-825021.4921355627,-27448.971233677064,41.5836919312924,
1005,3rsx,5,1,1,0.8251953125,0,-852470.2236457429,-825021.4921355627,-27448.959834343208,5.265280282739116,
1006,3rsx,6,1,1,0.8251953125,0,-852468.7944196422,-825021.4921355627,-27448.97551259962,38.585566320069,
1007,3rsx,7,1,1,0.8251953125,0,-852468.5719232621,-825021.4921355627,-27448.97872302139,43.79048882028401,
1008,3rsx,8,1,1,0.8251953125,0,-852472.1203871943,-825021.4921355627,-27448.963656092208,-38.38648505542254,
1009,3rsx,9,1,1,0.8251953125,0,-852472.9703297231,-825021.4921355627,-27448.957105810023,-58.13767848878889,
1010,3rsx,10,1,1,0.8251953125,0,-852470.0739926234,-825021.4921355627,-27448.96576049791,8.853023576968232,
1011,3rsx,11,1,1,0.8251953125,0,-852472.9805104674,-825021.4921355627,-27448.966554913502,-58.154550527900234,
1012,3rsx,12,1,1,0.8251953125,0,-852468.5126652773,-825021.4921355627,-27448.8574977064,42.361488237204334,
1013,3rsx,13,1,1,0.8251953125,0,-852472.1036620373,-825021.4921355627,-27448.976977243998,-37.693600713563725,
1014,3rsx,14,1,1,0.8251953125,0,-852473.2240193002,-825021.4921355627,-27448.957406375655,-63.98096790758949,
1015,3rsx,15,1,1,0.8251953125,0,-852473.3351342637,-825021.4921355627,-27448.95570328115,-66.58261413130246,
1016,3rsx,16,1,1,0.8251953125,0,-852468.8426562232,-825021.4921355627,-27448.959014545915,37.092750179443165,
1017,3rsx,17,1,1,0.8251953125,0,-852467.4932632179,-825021.4921355627,-27448.964851106837,68.34508641430752,
1018,3rsx,18,1,1,0.8251953125,0,-852474.391310668,-825021.4921355627,-27448.957436531786,-90.89865090956411,
1019,3rsx,19,1,1,0.8251953125,0,-852472.6911531386,-825021.4921355627,-27448.96586256812,-51.497777871097185,
1020,3rsx,20,1,1,0.8251953125,0,-852474.7277574112,-825021.4921355627,-27448.97790712978,-98.18523391997046,
1021,3rsx,21,1,1,0.8251953125,0,-852472.9903797212,-825021.4921355627,-27448.88926139128,-60.16457189178124,
1022,3rsx,22,1,1,0.8251953125,0,-852476.2836463402,-825021.4921355627,-27448.862993670853,-136.71485230358132,
1023,3rsx,23,1,1,0.8251953125,0,-852475.230655691,-825021.4921355627,-27448.967238606532,-110.02836574614912,
1024,3rsx,24,1,1,0.8251953125,0,-852478.8294467621,-825021.4921355627,-27448.952273852792,-193.3635547929906,
1025,3rsx,25,1,1,0.8251953125,0,-852476.6048731141,-825021.4921355627,-27448.95849490623,-141.92020688128238,
1026,3rsx,26,1,1,0.8251953125,0,-852472.3068540449,-825021.4921355627,-27448.95781072936,-42.821310051435404,
1027,3rsx,27,1,1,0.8251953125,0,-852459.4061508146,-825021.4921355627,-27448.96616809838,254.86869934734634,
1028,3rsx,28,1,1,0.8251953125,0,-852471.6635590855,-825021.4921355627,-27448.960605332693,-27.92213078611122,
1029,3rsx,29,1,1,0.8251953125,0,-852477.3914628819,-825021.4921355627,-27448.95873906424,-160.05376742684945,
1030,3rsx,30,1,1,0.8251953125,0,-852469.9062250273,-825021.4921355627,-27448.960102061545,12.591349608365011,
1031,3rsx,31,1,1,0.8251953125,0,-852475.1436245844,-825021.4921355627,-27448.892243163562,-109.75081674978061,
1032,3rsx,32,1,1,0.8251953125,0,-852470.3161538875,-825021.4921355627,-27448.95603985911,3.0444889056485662,
1033,3rsx,33,1,1,0.8251953125,0,-852476.443719733,-825021.4921355627,-27448.9673972377,-137.99862898753352,
1034,3rsx,34,1,1,0.8251953125,0,-852470.437263647,-825021.4921355627,-27448.95623929877,0.2562306932350395,
1035,3rsx,35,1,1,0.8251953125,0,-852464.9468115156,-825021.4921355627,-27448.954730513666,126.83427126946125,
1036,3rsx,36,1,1,0.8251953125,0,-852480.2358545515,-825021.4921355627,-27448.89522615211,-227.11164012097785,
1037,3rsx,37,1,1,0.8251953125,0,-852467.1373224246,-825021.4921355627,-27448.954484915266,76.31422604633546,
1038,3rsx,38,1,1,0.8251953125,0,-852472.8011601162,-825021.4921355627,-27448.966000753157,-54.03141241640218,
1039,3rsx,39,1,1,0.8251953125,0,-852473.2209310373,-825021.4921355627,-27448.96146371108,-63.81618649651316,
1040,3rsx,40,1,1,0.8251953125,0,-852470.4168729756,-825021.4921355627,-27448.961861255666,0.8560961506512843,
1041,3rsx,41,1,1,0.8251953125,0,-852473.2140499477,-825021.4921355627,-27448.95840363244,-63.72807188934221,
1042,3rsx,42,1,1,0.8251953125,0,-852473.3267705156,-825021.4921355627,-27448.95836939665,-66.32825943454566,
1043,3rsx,43,1,1,0.8251953125,0,-852473.5723527102,-825021.4921355627,-27448.9527319527,-72.12152192373716,
1044,3rsx,44,1,1,0.8251953125,0,-852471.6979663272,-825021.4921355627,-27448.95975213569,-28.735255820138303,
1045,3rsx,45,1,1,0.8251953125,0,-852461.5183850959,-825021.4921355627,-27448.96563460232,206.14711696342164,
1046,3rsx,46,1,1,0.8251953125,0,-852465.6687691396,-825021.4921355627,-27448.961781968417,110.3481433600564,
1047,3rsx,47,1,1,0.8251953125,0,-852472.3865625358,-825021.4921355627,-27448.95665283633,-44.686133165287295,
1048,3rsx,48,1,1,0.8251953125,0,-852472.7716403677,-825021.4921355627,-27448.958922432612,-53.51390079308007,
1049,3rsx,49,1,1,0.8251953125,0,-852472.4960265333,-825021.4921355627,-27448.969919677416,-46.904492292693156,
1050,3rsx,50,1,1,0.8251953125,0,-852472.5824856295,-825021.4921355627,-27448.965862832138,-48.99183948994768,
1051,3rsx,51,1,1,0.8251953125,0,-852445.8564422928,-825021.4921355627,-27448.96607238528,567.3301936089025,
1052,3rsx,52,1,1,0.8251953125,0,-852472.922949016,-825021.4921355627,-27448.961926004067,-56.933897110909065,
1053,3rsx,53,1,1,0.8251953125,0,-852473.6536317203,-825021.4921355627,-27448.95437984081,-73.95785922268558,
1054,3rsx,54,1,1,0.8251953125,0,-852473.6738368012,-825021.4921355627,-27448.957834430345,-74.34413472901342,
1055,3rsx,55,1,1,0.8251953125,0,-852473.9572780061,-825021.4921355627,-27448.89578196433,-82.31140805295293,
1056,3rsx,56,1,1,0.8251953125,0,-852464.3939096726,-825021.4921355627,-27448.96141993979,139.73875249627747,
1057,3rsx,57,1,1,0.8251953125,0,-852465.3892520112,-825021.4921355627,-27448.959391130087,116.73882742653247,
1058,3rsx,58,1,1,0.8251953125,0,-852461.2847493228,-825021.4921355627,-27448.85452763749,208.9726984064392,
1059,3rsx,59,1,1,0.8251953125,0,-852473.1460965372,-825021.4921355627,-27448.96570924257,-61.9925576457969,
1060,3rsx,60,1,1,0.8251953125,0,-852471.0003225085,-825021.4921355627,-27448.893558783904,-14.173662125631836,
1061,3rsx,61,1,1,0.8251953125,0,-852472.2742231736,-825021.4921355627,-27448.966292129906,-41.87323854050307,
1062,3rsx,62,1,1,0.8251953125,0,-852474.515842246,-825021.4921355627,-27448.957042038874,-93.77951454404204,
1063,3rsx,63,1,1,0.8251953125,0,-852472.569517885,-825021.4921355627,-27448.96848758318,-48.632268000838465,
1064,3rsx,64,1,1,0.8251953125,0,-852463.1733559555,-825021.4921355627,-27448.96517459772,167.9719743383144,
1065,3rsx,65,1,1,0.8251953125,0,-852471.7274850188,-825021.4921355627,-27448.95776842403,-29.461718497142744,
1066,3rsx,66,1,1,0.8251953125,0,-852472.2875685238,-825021.4921355627,-27448.976186365704,-41.952823128362965,
1067,3rsx,67,1,1,0.8251953125,0,-852475.3711909191,-825021.4921355627,-27448.96392764855,-113.34553759986589,
1068,3rsx,68,1,1,0.8251953125,0,-852473.1377029136,-825021.4921355627,-27448.95355498922,-62.07927982722544,
1069,3rsx,69,1,1,0.8251953125,0,-852471.7662222757,-825021.4921355627,-27448.968255082826,-30.11319276581735,
1070,3rsx,70,1,1,0.8251953125,0,-852472.1474128017,-825021.4921355627,-27448.859412433216,-41.413626252088875,
1071,3rsx,71,1,1,0.8251953125,0,-852472.2070705674,-825021.4921355627,-27448.972013020553,-40.19273578071003,
1072,3rsx,72,1,1,0.8251953125,0,-852471.2160838824,-825021.4921355627,-27448.967001586214,-17.455606352220155,
1073,3rsx,73,1,1,0.8251953125,0,-852468.3272916924,-825021.4921355627,-27448.963307058944,49.07632629523511,
1074,3rsx,74,1,1,0.8251953125,0,-852472.3374107514,-825021.4921355627,-27448.97104906181,-43.22068124409943,
1075,3rsx,75,1,1,0.8251953125,0,-852472.8363334063,-825021.4921355627,-27448.86067811136,-57.271325572998,
1076,3rsx,76,1,1,0.8251953125,0,-852473.5930074946,-825021.4921355627,-27448.961611464474,-72.39306616133672,
1077,3rsx,77,1,1,0.8251953125,0,-852471.9110414865,-825021.4921355627,-27448.97028641302,-33.40595951767926,
1078,3rsx,78,1,1,0.8251953125,0,-852472.554940918,-825021.4921355627,-27448.822644943386,-51.65932632705689,
1079,3rsx,79,1,1,0.8251953125,0,-852451.5684923467,-825021.4921355627,-27448.652829022114,428.3836265717728,
1080,3rsx,80,1,1,0.8251953125,0,-852474.3481990005,-825021.4921355627,-27448.715591977278,-95.48154015587058,
1081,3rsx,81,1,1,0.8251953125,0,-852474.2994886413,-825021.4921355627,-27448.69870828755,-94.74759972351937,
1082,3rsx,82,1,1,0.8251953125,0,-852462.7937577916,-825021.4921355627,-27448.81954787552,173.36748396020272,
1083,3rsx,83,1,1,0.8251953125,0,-852473.6123434281,-825021.4921355627,-27448.835487926022,-75.74744127158954,
1084,3rsx,84,1,1,0.8251953125,0,-852473.5228692893,-825021.4921355627,-27448.6224572595,-78.59672248886667,
1085,3rsx,85,1,1,0.8251953125,0,-852431.9762089272,-825021.4921355627,-27448.752801828334,882.4978431566303,
1086,3rsx,86,1,1,0.8251953125,0,-852468.3097131082,-825021.4921355627,-27448.63225547342,41.847467153286146,
1087,3rsx,87,1,1,0.8251953125,0,-852460.9069717414,-825021.4921355627,-27448.79740349294,216.36714232516832,
1088,3rsx,88,1,1,0.8251953125,0,-852473.6733735994,-825021.4921355627,-27448.68426611317,-80.64208830532651,
1089,3rsx,89,1,1,0.8251953125,0,-852473.5394886737,-825021.4921355627,-27448.866690367995,-73.34782531754938,
1090,3rsx,90,1,1,0.8251953125,0,-852476.3809739703,-825021.4921355627,-27448.726877724643,-142.09818905935106,
1091,3rsx,91,1,1,0.8251953125,0,-852470.8981764324,-825021.4921355627,-27448.829787486444,-13.288718706056505,
1092,3rsx,92,1,1,0.8251953125,0,-852472.7367346553,-825021.4921355627,-27448.819678694428,-55.919992828300295,
1093,3rsx,93,1,1,0.8251953125,0,-852469.1354981841,-825021.4921355627,-27448.848705715547,27.7958720742513,
1094,3rsx,94,1,1,0.8251953125,0,-852471.6394012646,-825021.4921355627,-27448.74101474394,-32.42891747797093,
1095,3rsx,95,1,1,0.8251953125,0,-852473.0878134501,-825021.4921355627,-27448.760488113294,-65.38102939555185,
1096,3rsx,96,1,1,0.8251953125,0,-852468.143542604,-825021.4921355627,-27448.64377328382,45.94505703050321,
1097,3rsx,97,1,1,0.8251953125,0,-852458.2258981921,-825021.4921355627,-27448.82270080633,278.7775370494053,
1098,3rsx,98,1,1,0.8251953125,0,-852474.5581394564,-825021.4921355627,-27448.959145013603,-94.70641563888101,
1099,3rsx,99,1,1,0.8251953125,0,-852470.0506119352,-825021.4921355627,-27448.833392657343,6.339720135915229,
1100,3rsx,100,1,1,0.8251953125,0,-852472.5749181636,-825021.4921355627,-27448.828316204825,-51.98923015898603,
2001,3udh,1,1,2,0.8251953125,1,-841657.4152120536,-825021.4921355627,-16632.137702105476,-87.29280707121751,
2002,3udh,2,1,2,0.8251953125,1,-841657.3671731438,-825021.4921355627,-16632.13755436512,-86.18841046774651,
2003,3udh,3,1,2,0.8251953125,1,-841656.5794521146,-825021.4921355627,-16632.13766979361,-68.02047015399111,
2004,3udh,4,1,2,0.8251953125,1,-841651.0176506272,-825021.4921355627,-16632.137780197267,60.24026504086935,
2005,3udh,5,1,2,0.8251953125,1,-841653.0074821791,-825021.4921355627,-16632.137685327856,14.35147162260749,
2006,3udh,6,1,2,0.8251953125,1,-841656.4617810232,-825021.4921355627,-16632.140232440997,-65.24781426848213,
2007,3udh,7,1,2,0.8251953125,1,-841656.2030086295,-825021.4921355627,-16632.137305712567,-59.34787306752791,
2008,3udh,8,1,2,0.8251953125,1,-841654.1866327834,-825021.4921355627,-16632.13986240293,-12.790182743301962,
2009,3udh,9,1,2,0.8251953125,1,-841654.9164250159,-825021.4921355627,-16632.139570910316,-29.6263134068835,
2010,3udh,10,1,2,0.8251953125,1,-841653.1091786028,-825021.4921355627,-16632.139293839893,12.043389547959709,
2011,3udh,11,1,2,0.8251953125,1,-841654.2618812743,-825021.4921355627,-16632.13834907183,-14.56035241121857,
2012,3udh,12,1,2,0.8251953125,1,-841657.8317042424,-825021.4921355627,-16632.13887189304,-96.87036917040791,
2013,3udh,13,1,2,0.8251953125,1,-841657.035656546,-825021.4921355627,-16632.139556683574,-78.49728154773705,
2014,3udh,14,1,2,0.8251953125,1,-841648.8409161766,-825021.4921355627,-16632.13854573949,110.45460777706006,
2015,3udh,15,1,2,0.8251953125,1,-841657.092408832,-825021.4921355627,-16632.139968417465,-79.79652554530658,
2016,3udh,16,1,2,0.8251953125,1,-841657.139630088,-825021.4921355627,-16632.139288495804,-80.90115294284328,
2017,3udh,17,1,2,0.8251953125,1,-841645.9320773463,-825021.4921355627,-16632.139373624475,177.5531162362039,
2018,3udh,18,1,2,0.8251953125,1,-841658.0582244041,-825021.4921355627,-16632.14005814602,-102.06669255093803,
2019,3udh,19,1,2,0.8251953125,1,-841656.8749328739,-825021.4921355627,-16632.140830100685,-74.76153992283922,
2020,3udh,20,1,2,0.8251953125,1,-841656.6654731602,-825021.4921355627,-16632.139213260638,-69.96856939463063,
2021,3udh,21,1,2,0.8251953125,1,-841656.053711528,-825021.4921355627,-16632.137153993946,-55.90849883101974,
2022,3udh,22,1,2,0.8251953125,1,-841651.7352821387,-825021.4921355627,-16632.138681311684,43.71206943713709,
2023,3udh,23,1,2,0.8251953125,1,-841656.9537568912,-825021.4921355627,-16632.139699439787,-76.605338604004,
2024,3udh,24,1,2,0.8251953125,1,-841659.0162676424,-825021.4921355627,-16632.13753233237,-124.21794111718778,
2025,3udh,25,1,2,0.8251953125,1,-841655.1083042728,-825021.4921355627,-16632.139437023496,-34.05424169086595,
2026,3udh,26,1,2,0.8251953125,1,-841656.856955355,-825021.4921355627,-16632.136267302918,-74.45218910579887,
2027,3udh,27,1,2,0.8251953125,1,-841659.2295463342,-825021.4921355627,-16632.13754403943,-129.13599462102098,
2028,3udh,28,1,2,0.8251953125,1,-841655.6099642569,-825021.4921355627,-16632.1395270879,-45.62071881482581,
2029,3udh,29,1,2,0.8251953125,1,-841658.2943350011,-825021.4921355627,-16632.139193797368,-107.5314646205602,
2030,3udh,30,1,2,0.8251953125,1,-841656.1758213214,-825021.4921355627,-16632.139329341244,-58.67425286365499,
2031,3udh,31,1,2,0.8251953125,1,-841655.4454689325,-825021.4921355627,-16632.137776010943,-41.86774731328932,
2032,3udh,32,1,2,0.8251953125,1,-841657.0502297067,-825021.4921355627,-16632.1370794259,-78.89047353566556,
2033,3udh,33,1,2,0.8251953125,1,-841655.8394352092,-825021.4921355627,-16632.136841764353,-50.97436971811208,
2034,3udh,34,1,2,0.8251953125,1,-841659.2856587546,-825021.4921355627,-16632.137853249747,-130.42284721612705,
2035,3udh,35,1,2,0.8251953125,1,-841656.1265025007,-825021.4921355627,-16632.140507758148,-57.509758900493395,
2036,3udh,36,1,2,0.8251953125,1,-841653.8574072812,-825021.4921355627,-16632.138253596622,-5.235162257382343,
2037,3udh,37,1,2,0.8251953125,1,-841655.2934390143,-825021.4921355627,-16632.137940900422,-38.358051672204695,
2038,3udh,38,1,2,0.8251953125,1,-841655.5575849205,-825021.4921355627,-16632.141494760443,-44.36744701739963,
2039,3udh,39,1,2,0.8251953125,1,-841651.357226348,-825021.4921355627,-16632.14129847878,52.490596387531546,
2040,3udh,40,1,2,0.8251953125,1,-841655.6233246583,-825021.4921355627,-16632.138793108243,-45.9457429629462,
2041,3udh,41,1,2,0.8251953125,1,-841655.5669833716,-825021.4921355627,-16632.140106850427,-44.61618641323714,
2042,3udh,42,1,2,0.8251953125,1,-841656.6419884765,-825021.4921355627,-16632.13755991638,-69.46512674693675,
2043,3udh,43,1,2,0.8251953125,1,-841656.0681726134,-825021.4921355627,-16632.141119924352,-56.15052285552016,
2044,3udh,44,1,2,0.8251953125,1,-841654.9155295428,-825021.4921355627,-16632.139000812655,-29.618810071986335,
2045,3udh,45,1,2,0.8251953125,1,-841656.2052526029,-825021.4921355627,-16632.138125341742,-59.38071922638266,
2046,3udh,46,1,2,0.8251953125,1,-841635.687280868,-825021.4921355627,-16632.13893555361,413.7936332849547,
2047,3udh,47,1,2,0.8251953125,1,-841654.5390155432,-825021.4921355627,-16632.13712157232,-20.979527285704467,
2048,3udh,48,1,2,0.8251953125,1,-841656.3758701435,-825021.4921355627,-16632.137829043175,-63.322085989408954,
2049,3udh,49,1,2,0.8251953125,1,-841650.9493761612,-825021.4921355627,-16632.140681925426,61.88162707003129,
2050,3udh,50,1,2,0.8251953125,1,-841652.4942441836,-825021.4921355627,-16632.13932983397,26.224944176988718,
2051,3udh,51,1,2,0.8251953125,1,-841656.1210635781,-825021.4921355627,-16632.139135519872,-57.41597893046525,
2052,3udh,52,1,2,0.8251953125,1,-841651.6704594636,-825021.4921355627,-16632.136890656682,45.165622350965,
2053,3udh,53,1,2,0.8251953125,1,-841654.7196846207,-825021.4921355627,-16632.14043057088,-25.069547870647263,
2054,3udh,54,1,2,0.8251953125,1,-841656.4049933391,-825021.4921355627,-16632.13766955168,-63.997360794902306,
2055,3udh,55,1,2,0.8251953125,1,-841654.975072854,-825021.4921355627,-16632.138011716714,-31.014720540553096,
2056,3udh,56,1,2,0.8251953125,1,-841651.0778864148,-825021.4921355627,-16632.13554545104,58.79966030646026,
2057,3udh,57,1,2,0.8251953125,1,-841651.186298638,-825021.4921355627,-16632.141142966993,56.42869683298056,
2058,3udh,58,1,2,0.8251953125,1,-841657.7516964843,-825021.4921355627,-16632.140306884445,-94.99225474979768,
2059,3udh,59,1,2,0.8251953125,1,-841656.6266890259,-825021.4921355627,-16632.13767401169,-69.10968193409933,
2060,3udh,60,1,2,0.8251953125,1,-841656.5060401651,-825021.4921355627,-16632.138874124852,-66.29977784159688,
2061,3udh,61,1,2,0.8251953125,1,-841655.742282401,-825021.4921355627,-16632.139569737963,-48.6710641714759,
2062,3udh,62,1,2,0.8251953125,1,-841654.2069660203,-825021.4921355627,-16632.139952806367,-13.256993572608987,
2063,3udh,63,1,2,0.8251953125,1,-841656.2953599337,-825021.4921355627,-16632.13808620627,-61.459546124092185,
2064,3udh,64,1,2,0.8251953125,1,-841658.9303647395,-825021.4921355627,-16632.137507671174,-122.23754181723524,
2065,3udh,65,1,2,0.8251953125,1,-841656.4999658877,-825021.4921355627,-16631.536449039562,-80.05195417226861,
2066,3udh,66,1,2,0.8251953125,1,-841656.079307918,-825021.4921355627,-16631.564574052052,-69.70277274410235,
2067,3udh,67,1,2,0.8251953125,1,-841644.0750954072,-825021.4921355627,-16631.560146696047,207.01884677455087,
2068,3udh,68,1,2,0.8251953125,1,-841655.6646026459,-825021.4921355627,-16631.575437843057,-59.888917009928186,
2069,3udh,69,1,2,0.8251953125,1,-841639.3814785692,-825021.4921355627,-16631.586094038306,315.8545822922114,
2070,3udh,70,1,2,0.8251953125,1,-841647.9587533101,-825021.4921355627,-16631.52003448674,116.53455842463161,
2071,3udh,71,1,2,0.8251953125,1,-841645.7476968118,-825021.4921355627,-16631.568529037977,168.64104347922435,
2072,3udh,72,1,2,0.8251953125,1,-841644.6206643886,-825021.4921355627,-16631.584881454488,195.0081242632398,
2073,3udh,73,1,2,0.8251953125,1,-841639.5352548128,-825021.4921355627,-16631.56470638192,311.8152067992506,
2074,3udh,74,1,2,0.8251953125,1,-841652.6526554978,-825021.4921355627,-16631.526186379237,8.432468525658091,
2075,3udh,75,1,2,0.8251953125,1,-841654.837385883,-825021.4921355627,-16631.56026993028,-41.16262566012028,
2076,3udh,76,1,2,0.8251953125,1,-841656.3552734754,-825021.4921355627,-16631.555486907197,-76.27624421949078,
2077,3udh,77,1,2,0.8251953125,1,-841653.9171022883,-825021.4921355627,-16631.56684707182,-19.788709321264065,
2078,3udh,78,1,2,0.8251953125,1,-841655.3564848456,-825021.4921355627,-16631.549628317116,-53.37873354666129,
2079,3udh,79,1,2,0.8251953125,1,-841655.8235239617,-825021.4921355627,-16631.552984496568,-64.0715160849333,
2080,3udh,80,1,2,0.8251953125,1,-841656.5176881778,-825021.4921355627,-16631.56613037023,-79.77617214317733,
2081,3udh,81,1,2,0.8251953125,1,-841649.3363951232,-825021.4921355627,-16631.558095404023,85.64308910561877,
2082,3udh,82,1,2,0.8251953125,1,-841649.2223553463,-825021.4921355627,-16631.563304181203,88.39302608948718,
2083,3udh,83,1,2,0.8251953125,1,-841655.8848255387,-825021.4921355627,-16631.54445152465,-65.6819390409934,
2084,3udh,84,1,2,0.8251953125,1,-841625.987853853,-825021.4921355627,-16631.578286421704,624.5388577695176,
2085,3udh,85,1,2,0.8251953125,1,-841645.310431685,-825021.4921355627,-16631.578519591774,178.95500449529538,
2086,3udh,86,1,2,0.8251953125,1,-841656.7430144601,-825021.4921355627,-16631.556871892648,-85.18582521924657,
2087,3udh,87,1,2,0.8251953125,1,-841635.3396051312,-825021.4921355627,-16631.5981616274,409.3406832511951,
2088,3udh,88,1,2,0.8251953125,1,-841656.360024739,-825021.4921355627,-16631.55602183378,-76.37347526209876,
2089,3udh,89,1,2,0.8251953125,1,-841659.512905284,-825021.4921355627,-16631.54893912664,-149.24395897862203,
2090,3udh,90,1,2,0.8251953125,1,-841647.1049831421,-825021.4921355627,-16631.55145875769,136.94762712418736,
2091,3udh,91,1,2,0.8251953125,1,-841646.8710921843,-825021.4921355627,-16631.56013170273,142.54128360712195,
2092,3udh,92,1,2,0.8251953125,1,-841652.6268056998,-825021.4921355627,-16631.567118875177,9.972504809203762,
2093,3udh,93,1,2,0.8251953125,1,-841660.2907143123,-825021.4921355627,-16631.568027212103,-166.74047957322074,
2094,3udh,94,1,2,0.8251953125,1,-841656.7819593239,-825021.4921355627,-16632.137750101247,-72.68854540121583,
2095,3udh,95,1,2,0.8251953125,1,-841635.8476401155,-825021.4921355627,-16631.584690123997,397.31445794641087,
2096,3udh,96,1,2,0.8251953125,1,-841656.9885107575,-825021.4921355627,-16631.563726395718,-90.68903573112466,
2097,3udh,97,1,2,0.8251953125,1,-841656.4840255607,-825021.4921355627,-16631.570925169668,-78.88932304986535,
2098,3udh,98,1,2,0.8251953125,1,-841653.1239141821,-825021.4921355627,-16632.137682858236,11.666428898117235,
2099,3udh,99,1,2,0.8251953125,1,-841656.7404349399,-825021.4921355627,-16632.137553585584,-71.73550211542879,
2100,3udh,100,1,2,0.8251953125,1,-841657.4351174535,-825021.4921355627,-16632.137779567965,-87.75005016980059,
3001,2vkm,1,1,3,0.8251953125,1,-892094.0821114229,-825021.4921355627,-67073.05534817137,10.731740440772981,
3002,2vkm,2,1,3,0.8251953125,1,-892074.7973719563,-825021.4921355627,-67073.63932631632,468.91525325529807,
3003,2vkm,3,1,3,0.8251953125,1,-892100.8044346722,-825021.4921355627,-67073.16190461822,-141.83146634409695,
3004,2vkm,4,1,3,0.8251953125,1,-892097.7388790036,-825021.4921355627,-67072.47355690003,-87.01174869860589,
3005,2vkm,5,1,3,0.8251953125,1,-892060.9807631003,-825021.4921355627,-67073.44242469194,782.9931633082792,
3006,2vkm,6,1,3,0.8251953125,1,-892053.3513649894,-825021.4921355627,-67072.82533910559,944.7009316841229,
3007,2vkm,7,1,3,0.8251953125,1,-892073.6831287546,-825021.4921355627,-67073.45038216798,490.253156332525,
3008,2vkm,8,1,3,0.8251953125,1,-892095.6361465843,-825021.4921355627,-67073.34659538935,-18.388841328274815,
3009,2vkm,9,1,3,0.8251953125,1,-892065.5933574163,-825021.4921355627,-67073.0539532599,667.6658474214121,
3010,2vkm,10,1,3,0.8251953125,1,-892103.6477456165,-825021.4921355627,-67073.31460707611,-203.8783720375731,
3011,2vkm,11,1,3,0.8251953125,1,-892089.6033916004,-825021.4921355627,-67073.95932041609,134.85956831393133,
3012,2vkm,12,1,3,0.8251953125,1,-892058.2107851466,-825021.4921355627,-67073.61916867725,850.9461855276093,
3013,2vkm,13,1,3,0.8251953125,1,-892079.085087063,-825021.4921355627,-67073.92992424345,376.73954135040515,
3014,2vkm,14,1,3,0.8251953125,1,-892084.0828498657,-825021.4921355627,-67073.65316196771,255.1061034966851,
3015,2vkm,15,1,3,0.8251953125,1,-892073.0303908549,-825021.4921355627,-67073.47725626915,505.9253813844166,
3016,2vkm,16,1,3,0.8251953125,1,-892081.2970063142,-825021.4921355627,-67072.85462106824,300.93439135788435,
3017,2vkm,17,1,3,0.8251953125,1,-892091.1828235092,-825021.4921355627,-67073.52699701251,88.46738870949913,
3018,2vkm,18,1,3,0.8251953125,1,-892099.8661597335,-825021.4921355627,-67074.01851162771,-100.44050532671095,
3019,2vkm,19,1,3,0.8251953125,1,-892089.527721914,-825021.4921355627,-67073.2971156925,121.33374903515768,
3020,2vkm,20,1,3,0.8251953125,1,-892068.492955452,-825021.4921355627,-67073.56968625133,612.6926135481206,
3021,2vkm,21,1,3,0.8251953125,1,-892076.787085324,-825021.4921355627,-67073.60058580009,422.13799544365713,
3022,2vkm,22,1,3,0.8251953125,1,-892099.9915149022,-825021.4921355627,-67073.62234828058,-112.46700800590675,
3023,2vkm,23,1,3,0.8251953125,1,-892099.901338055,-825021.4921355627,-67073.8791090442,-104.4664366378845,
3024,2vkm,24,1,3,0.8251953125,1,-892067.3854852042,-825021.4921355627,-67073.51240379144,636.9105192617765,
3025,2vkm,25,1,3,0.8251953125,1,-892089.6718703259,-825021.4921355627,-67073.59028280727,124.77020195964211,
3026,2vkm,26,1,3,0.8251953125,1,-892041.6235456624,-825021.4921355627,-67073.46781187037,1229.9666441461488,
3027,2vkm,27,1,3,0.8251953125,1,-892075.0941703855,-825021.4921355627,-67073.63883300633,462.0595428837478,
3028,2vkm,28,1,3,0.8251953125,1,-892082.8194127022,-825021.4921355627,-67073.69344773758,285.1706685578914,
3029,2vkm,29,1,3,0.8251953125,1,-892086.9206347287,-825021.4921355627,-67073.3383373405,182.4052015544806,
3030,2vkm,30,1,3,0.8251953125,1,-892066.1264910664,-825021.4921355627,-67074.14651064065,680.5664651199957,
3031,2vkm,31,1,3,0.8251953125,1,-892081.2137756804,-825021.4921355627,-67072.94401365718,304.9151774414903,
3032,2vkm,32,1,3,0.8251953125,1,-892008.8430727442,-825021.4921355627,-67073.37763784174,1983.822845285741,
3033,2vkm,33,1,3,0.8251953125,1,-892003.1741361126,-825021.4921355627,-67063.54854861315,1887.8874473412077,
3034,2vkm,34,1,3,0.8251953125,1,-892089.1568260548,-825021.4921355627,-67073.7774236829,140.96297612240483,
3035,2vkm,35,1,3,0.8251953125,1,-892050.1848765896,-825021.4921355627,-67072.8894749542,1019.2008966882223,
3036,2vkm,36,1,3,0.8251953125,1,-892003.9051165461,-825021.4921355627,-67073.36958671222,2097.5091569204865,
3037,2vkm,37,1,3,0.8251953125,1,-892006.2540562334,-825021.4921355627,-67074.32513047893,2065.376683645396,
3038,2vkm,38,1,3,0.8251953125,1,-892045.2162785865,-825021.4921355627,-67073.83899041981,1155.675835399089,
3039,2vkm,39,1,3,0.8251953125,1,-892029.2246934008,-825021.4921355627,-67073.0262244423,1505.7077217631606,
3040,2vkm,40,1,3,0.8251953125,1,-892097.8685370139,-825021.4921355627,-67071.02737652679,-123.3514451161014,
3041,2vkm,41,1,3,0.8251953125,1,-892047.8838763981,-825021.4921355627,-67072.98020420242,1074.3554878305686,
3042,2vkm,42,1,3,0.8251953125,1,-892035.6464482587,-825021.4921355627,-67072.92252992926,1355.2272844287381,
3043,2vkm,43,1,3,0.8251953125,1,-892077.8826873256,-825021.4921355627,-67073.39307503683,392.0875011999671,
3044,2vkm,44,1,3,0.8251953125,1,-892091.3412590222,-825021.4921355627,-67072.50964629752,61.353114159637194,
3045,2vkm,45,1,3,0.8251953125,1,-892072.564042063,-825021.4921355627,-67070.81614543954,455.3129664384778,
3046,2vkm,46,1,3,0.8251953125,1,-892098.5842587962,-825021.4921355627,-67074.07480039964,-69.58111753016287,
3047,2vkm,47,1,3,0.8251953125,1,-892070.7693625384,-825021.4921355627,-67073.65624199112,562.1934418275625,
3048,2vkm,48,1,3,0.8251953125,1,-892070.0527770022,-825021.4921355627,-67071.78911528907,535.6613322398521,
3049,2vkm,49,1,3,0.8251953125,1,-892058.0141297622,-825021.4921355627,-67073.56634398618,854.2630001102495,
3050,2vkm,50,1,3,0.8251953125,1,-892082.0430885328,-825021.4921355627,-67073.63205376484,301.6573505554559,
3051,2vkm,51,1,3,0.8251953125,1,-892030.0423837015,-825021.4921355627,-67042.6123050049,785.4896915692023,
3052,2vkm,52,1,3,0.8251953125,1,-892073.8065373761,-825021.4921355627,-67074.08266907252,501.98816831792044,
3053,2vkm,53,1,3,0.8251953125,1,-892073.718115456,-825021.4921355627,-67073.59432674655,492.76578466938963,
3054,2vkm,54,1,3,0.8251953125,1,-892059.4543708117,-825021.4921355627,-67073.38964070346,816.9753779974403,
3055,2vkm,55,1,3,0.8251953125,1,-892077.6578676024,-825021.4921355627,-67072.77698380202,383.06456579090155,
3056,2vkm,56,1,3,0.8251953125,1,-892105.8360499261,-825021.4921355627,-67073.36584451675,-253.16030478686807,
3057,2vkm,57,1,3,0.8251953125,1,-892080.1599571633,-825021.4921355627,-67072.45626656983,317.96909472358595,
3058,2vkm,58,1,3,0.8251953125,1,-892068.7075291297,-825021.4921355627,-67073.29351658259,601.3758031339864,
3059,2vkm,59,1,3,0.8251953125,1,-892061.6692665578,-825021.4921355627,-67073.02252194493,757.4327090143822,
3060,2vkm,60,1,3,0.8251953125,1,-892040.2977524811,-825021.4921355627,-67073.36837665417,1258.2471306578993,
3061,2vkm,61,1,3,0.8251953125,1,-892064.7025853997,-825021.4921355627,-67073.92701702165,708.3408667532592,
3062,2vkm,62,1,3,0.8251953125,1,-892078.6451364959,-825021.4921355627,-67073.41729262122,375.063476401916,
3063,2vkm,63,1,3,0.8251953125,1,-892014.6255743192,-825021.4921355627,-67073.9022152707,1862.5722340273762,
3064,2vkm,64,1,3,0.8251953125,1,-892007.0071477668,-825021.4921355627,-67073.00525607004,2017.5729533838924,
3065,2vkm,65,1,3,0.8251953125,1,-892071.0895575517,-825021.4921355627,-67071.24171485814,499.12925096972305,
3066,2vkm,66,1,3,0.8251953125,1,-892085.8769111924,-825021.4921355627,-67073.1201659326,201.44288589847415,
3067,2vkm,67,1,3,0.8251953125,1,-892083.8731854128,-825021.4921355627,-67072.76677259764,239.50045617414662,
3068,2vkm,68,1,3,0.8251953125,1,-892045.0514339615,-825021.4921355627,-67072.21674833591,1122.0674515909045,
3069,2vkm,69,1,3,0.8251953125,1,-892081.9185942719,-825021.4921355627,-67073.04800713675,291.05982121055473,
3070,2vkm,70,1,3,0.8251953125,1,-892006.3164870385,-825021.4921355627,-67059.58385024205,1723.994997092097,
3071,2vkm,71,1,3,0.8251953125,1,-892100.8257457293,-825021.4921355627,-67074.13900492265,-119.79044268851284,
3072,2vkm,72,1,3,0.8251953125,1,-892084.7955489524,-825021.4921355627,-67072.71301620285,216.99059573934932,
3073,2vkm,73,1,3,0.8251953125,1,-892074.8099691741,-825021.4921355627,-67071.31810343673,415.0960832712423,
3074,2vkm,74,1,3,0.8251953125,1,-892072.017785653,-825021.4921355627,-67073.10961471194,520.7985963621899,
3075,2vkm,75,1,3,0.8251953125,1,-892103.8092383728,-825021.4921355627,-67073.69002233018,-198.94520204664633,
3076,2vkm,76,1,3,0.8251953125,1,-892099.7293464692,-825021.4921355627,-67074.24647933713,-92.02845623363069,
3077,2vkm,77,1,3,0.8251953125,1,-892086.6496315534,-825021.4921355627,-67073.617030054,195.08148989035823,
3078,2vkm,78,1,3,0.8251953125,1,-892091.6425787386,-825021.4921355627,-67073.98723824223,88.47859614289469,
3079,2vkm,79,1,3,0.8251953125,1,-892063.247438695,-825021.4921355627,-67074.18436231362,747.8318703517682,
3080,2vkm,80,1,3,0.8251953125,1,-892053.7720551329,-825021.4921355627,-67073.61513659141,953.2127492067802,
3081,2vkm,81,1,3,0.8251953125,1,-892093.0809800762,-825021.4921355627,-67073.04060112919,33.47830287411968,
3082,2vkm,82,1,3,0.8251953125,1,-892087.9420433899,-825021.4921355627,-67060.58435963745,-135.2627545823923,
3083,2vkm,83,1,3,0.8251953125,1,-892072.8181657288,-825021.4921355627,-67073.14732484848,503.211009748649,
3084,2vkm,84,1,3,0.8251953125,1,-892101.1861755186,-825021.4921355627,-67073.61541942252,-140.17631955299132,
3085,2vkm,85,1,3,0.8251953125,1,-892092.2588572834,-825021.4921355627,-67072.7226517169,45.10481723101105,
3086,2vkm,86,1,3,0.8251953125,1,-892078.9417080027,-825021.4921355627,-67073.41463764616,368.16314980545786,
3087,2vkm,87,1,3,0.8251953125,1,-892059.3345442506,-825021.4921355627,-67072.39035053033,796.6944653062806,
3088,2vkm,88,1,3,0.8251953125,1,-892094.9446290487,-825021.4921355627,-67072.98798385473,-10.711846569447879,
3089,2vkm,89,1,3,0.8251953125,1,-892078.6096720066,-825021.4921355627,-67074.35514671436,397.5087361281462,
3090,2vkm,90,1,3,0.8251953125,1,-892096.6604094841,-825021.4921355627,-67073.19885412176,-45.41589948723382,
3091,2vkm,91,1,3,0.8251953125,1,-892096.0316030144,-825021.4921355627,-67073.86244246815,-15.612567016767755,
3092,2vkm,92,1,3,0.8251953125,1,-892103.7203720603,-825021.4921355627,-67073.82852319311,-193.70199042202398,
3093,2vkm,93,1,3,0.8251953125,1,-892087.9806800077,-825021.4921355627,-67073.49730056777,161.62575580194894,
3094,2vkm,94,1,3,0.8251953125,1,-892090.5744370533,-825021.4921355627,-67073.30349982555,97.34314610576509,
3095,2vkm,95,1,3,0.8251953125,1,-892101.9196946779,-825021.4921355627,-67073.22896267522,-166.00357751813414,
3096,2vkm,96,1,3,0.8251953125,1,-892098.0092103052,-825021.4921355627,-67073.93942074587,-59.44211327944391,
3097,2vkm,97,1,3,0.8251953125,1,-892075.2152287718,-825021.4921355627,-67072.65022779562,436.4700924291747,
3098,2vkm,98,1,3,0.8251953125,1,-892091.8409891467,-825021.4921355627,-67072.53626795567,50.442973742618825,
3099,2vkm,99,1,3,0.8251953125,1,-892099.2019259768,-825021.4921355627,-67073.6605924992,-93.37672219171422,
3100,2vkm,100,1,3,0.8251953125,1,-892099.2752314229,-825021.4921355627,-67073.26833352495,-104.11289277497639,
4001,4gid,1,1,4,0.8251953125,1,-892597.539723623,-825021.4921355627,-67608.2872492476,743.4642488536274,
4002,4gid,2,1,4,0.8251953125,1,-892628.4563116131,-825021.4921355627,-67608.76722678411,41.57933768608366,
4003,4gid,3,1,4,0.8251953125,1,-892613.3156648161,-825021.4921355627,-67608.77562372792,390.9245854597629,
4004,4gid,4,1,4,0.8251953125,1,-892609.894393861,-825021.4921355627,-67608.21198275835,456.8230984237165,
4005,4gid,5,1,4,0.8251953125,1,-892586.381843988,-825021.4921355627,-67608.90945117298,1015.119383125123,
4006,4gid,6,1,4,0.8251953125,1,-892623.9457362363,-825021.4921355627,-67607.72395153108,121.53717803334513,
4007,4gid,7,1,4,0.8251953125,1,-892610.8970644851,-825021.4921355627,-67607.62820990956,420.23884283463155,
4008,4gid,8,1,4,0.8251953125,1,-892611.6336589975,-825021.4921355627,-67607.6176653944,403.0094075544577,
4009,4gid,9,1,4,0.8251953125,1,-892635.1234580297,-825021.4921355627,-67608.4799476162,-118.7935261403326,
4010,4gid,10,1,4,0.8251953125,1,-892606.5025674031,-825021.4921355627,-67608.97740207573,552.6914634661231,
4011,4gid,11,1,4,0.8251953125,1,-892635.3769878288,-825021.4921355627,-67608.49950347358,-124.18909341352614,
4012,4gid,12,1,4,0.8251953125,1,-892606.8782540167,-825021.4921355627,-67608.4489191955,531.8408196065528,
4013,4gid,13,1,4,0.8251953125,1,-892635.2540201669,-825021.4921355627,-67608.69216848441,-116.91043106873751,
4014,4gid,14,1,4,0.8251953125,1,-892629.7269512647,-825021.4921355627,-67608.73363095925,11.502953099411451,
4015,4gid,15,1,4,0.8251953125,1,-892636.7356716521,-825021.4921355627,-67607.84453527693,-170.62501213536495,
4016,4gid,16,1,4,0.8251953125,1,-892615.1084186243,-825021.4921355627,-67609.25382816115,360.61035672241405,
4017,4gid,17,1,4,0.8251953125,1,-892631.878052484,-825021.4921355627,-67608.89004233699,-34.4956874002677,
4018,4gid,18,1,4,0.8251953125,1,-892619.4246374351,-825021.4921355627,-67607.55902182535,221.9928238169461,
4019,4gid,19,1,4,0.8251953125,1,-892634.4339391922,-825021.4921355627,-67608.22423797128,-108.78964850560153,
4020,4gid,20,1,4,0.8251953125,1,-892591.832011243,-825021.4921355627,-67608.96194091208,890.6459825952263,
4021,4gid,21,1,4,0.8251953125,1,-892590.673994848,-825021.4921355627,-67608.49915608518,906.6784034233497,
4022,4gid,22,1,4,0.8251953125,1,-892620.342463192,-825021.4921355627,-67608.52432182226,223.08760580112153,
4023,4gid,23,1,4,0.8251953125,1,-892629.1747137621,-825021.4921355627,-67608.42833554924,17.19757303533947,
4024,4gid,24,1,4,0.8251953125,1,-892629.3427274429,-825021.4921355627,-67608.56708408374,16.52270273110972,
4025,4gid,25,1,4,0.8251953125,1,-892591.9102737871,-825021.4921355627,-67609.58317283608,903.1671539505026,
4026,4gid,26,1,4,0.8251953125,1,-892577.0468149179,-825021.4921355627,-67599.27274876279,1008.1626306351396,
4027,4gid,27,1,4,0.8251953125,1,-892634.4583083022,-825021.4921355627,-67607.21972628435,-132.51620333529567,
4028,4gid,28,1,4,0.8251953125,1,-892527.9969599112,-825021.4921355627,-67606.92611704384,2315.7700234136582,
4029,4gid,29,1,4,0.8251953125,1,-892566.8014580392,-825021.4921355627,-67599.64921637232,1253.1077222951471,
4030,4gid,30,1,4,0.8251953125,1,-892617.4601201287,-825021.4921355627,-67605.73768037972,225.29453760297952,
4031,4gid,31,1,4,0.8251953125,1,-892589.3051277826,-825021.4921355627,-67595.67577080257,642.5309381989001,
4032,4gid,32,1,4,0.8251953125,1,-892599.9488995362,-825021.4921355627,-67608.0818001489,683.1695637074491,
4033,4gid,33,1,4,0.8251953125,1,-892587.2584473866,-825021.4921355627,-67602.94970152019,857.4693365969075,
4034,4gid,34,1,4,0.8251953125,1,-892588.9231317391,-825021.4921355627,-67595.71860948269,652.3278596628961,
4035,4gid,35,1,4,0.8251953125,1,-892588.5059949391,-825021.4921355627,-67595.52445108876,657.4698638614169,
4036,4gid,36,1,4,0.8251953125,1,-892528.6120184731,-825021.4921355627,-67587.24512028389,1847.7318688910593,
4037,4gid,37,1,4,0.8251953125,1,-892576.6868148927,-825021.4921355627,-67608.83923840911,1237.0729204966597,
4038,4gid,38,1,4,0.8251953125,1,-892633.0923461481,-825021.4921355627,-67606.69335740648,-113.1547224303899,
4039,4gid,39,1,4,0.8251953125,1,-892593.1189110872,-825021.4921355627,-67605.07507411204,771.3360894317194,
4040,4gid,40,1,4,0.8251953125,1,-892549.8829561899,-825021.4921355627,-67603.66179684582,1735.7899473463797,
4041,4gid,41,1,4,0.8251953125,1,-892567.3347758044,-825021.4921355627,-67593.10470617146,1089.8891319466159,
4042,4gid,42,1,4,0.8251953125,1,-892601.2887484322,-825021.4921355627,-67605.00853497758,581.4007356755391,
4043,4gid,43,1,4,0.8251953125,1,-892626.849844349,-825021.4921355627,-67607.07273432855,39.54942854869726,
4044,4gid,44,1,4,0.8251953125,1,-892567.0124715429,-825021.4921355627,-67594.0979338773,1120.2260198021395,
4045,4gid,45,1,4,0.8251953125,1,-892608.2254000588,-825021.4921355627,-67606.72376058508,460.99179121814143,
4046,4gid,46,1,4,0.8251953125,1,-892564.5943108808,-825021.4921355627,-67590.41017540924,1090.9483988737422,
4047,4gid,47,1,4,0.8251953125,1,-892581.8766683857,-825021.4921355627,-67606.8615751172,1071.7860568513145,
4048,4gid,48,1,4,0.8251953125,1,-892627.3126325214,-825021.4921355627,-67607.27574650354,33.55885173470326,
4049,4gid,49,1,4,0.8251953125,1,-892564.2806834041,-825021.4921355627,-67605.62844615137,1449.1224806491064,
4050,4gid,50,1,4,0.8251953125,1,-892599.8992295397,-825021.4921355627,-67607.83797857407,678.6923219487471,
4051,4gid,51,1,4,0.8251953125,1,-892633.8838366673,-825021.4921355627,-67608.15514601507,-97.69728127891086,
4052,4gid,52,1,4,0.8251953125,1,-892571.5876980629,-825021.4921355627,-67597.666602009,1097.0142319455128,
4053,4gid,53,1,4,0.8251953125,1,-892612.9156647669,-825021.4921355627,-67608.53857194613,394.68226177312897,
4054,4gid,54,1,4,0.8251953125,1,-892573.9527400462,-825021.4921355627,-67608.42126123804,1290.483401720958,
4055,4gid,55,1,4,0.8251953125,1,-892585.2519230848,-825021.4921355627,-67603.18808447418,909.2381277424307,
4056,4gid,56,1,4,0.8251953125,1,-892550.7075663346,-825021.4921355627,-67598.16062213348,1589.9138830841691,
4057,4gid,57,1,4,0.8251953125,1,-892603.8941058046,-825021.4921355627,-67609.11948554308,616.1205395177661,
4058,4gid,58,1,4,0.8251953125,1,-892626.516277511,-825021.4921355627,-67608.30206350582,75.59066686172771,
4059,4gid,59,1,4,0.8251953125,1,-892578.6279790403,-825021.4921355627,-67606.44095136247,1137.0027986737828,
4060,4gid,60,1,4,0.8251953125,1,-892600.8969957272,-825021.4921355627,-67608.50409782091,671.0443618101916,
4061,4gid,61,1,4,0.8251953125,1,-892632.9311617495,-825021.4921355627,-67608.51129219691,-67.51514970971007,
4062,4gid,62,1,4,0.8251953125,1,-892630.5021255808,-825021.4921355627,-67607.23638539162,-40.90029432146384,
4063,4gid,63,1,4,0.8251953125,1,-892628.7449034876,-825021.4921355627,-67608.46823366095,28.029305742359856,
4064,4gid,64,1,4,0.8251953125,1,-892615.7363190465,-825021.4921355627,-67606.95829562476,293.1943911512686,
4065,4gid,65,1,4,0.8251953125,1,-892614.0697205539,-825021.4921355627,-67609.23312070266,384.0857779179368,
4066,4gid,66,1,4,0.8251953125,1,-892611.7902975265,-825021.4921355627,-67608.84458659837,427.69071237203224,
4067,4gid,67,1,4,0.8251953125,1,-892592.5552011649,-825021.4921355627,-67606.49910381749,817.174454191127,
4068,4gid,68,1,4,0.8251953125,1,-892620.0191097193,-825021.4921355627,-67608.89779452079,239.1567990507618,
4069,4gid,69,1,4,0.8251953125,1,-892600.1296617852,-825021.4921355627,-67609.29174952365,706.9031826464684,
4070,4gid,70,1,4,0.8251953125,1,-892631.9024427746,-825021.4921355627,-67608.2384221911,-50.08485840505446,
4071,4gid,71,1,4,0.8251953125,1,-892625.0553089947,-825021.4921355627,-67607.72206054397,95.9062151671678,
4072,4gid,72,1,4,0.8251953125,1,-892605.0693098814,-825021.4921355627,-67607.98539673457,562.8669804810562,
4073,4gid,73,1,4,0.8251953125,1,-892620.8827206036,-825021.4921355627,-67605.0260887793,129.95780350879738,
4074,4gid,74,1,4,0.8251953125,1,-892633.189460169,-825021.4921355627,-67608.65211692476,-70.2241573930207,
4075,4gid,75,1,4,0.8251953125,1,-892601.3139549949,-825021.4921355627,-67608.33328430865,657.4899995045611,
4076,4gid,76,1,4,0.8251953125,1,-892623.612703829,-825021.4921355627,-67608.31752939189,142.9053184422023,
4077,4gid,77,1,4,0.8251953125,1,-892627.9522322617,-825021.4921355627,-67608.10415285046,37.91283551799588,
4078,4gid,78,1,4,0.8251953125,1,-892615.0716971523,-825021.4921355627,-67607.98349863607,332.1626792084391,
4079,4gid,79,1,4,0.8251953125,1,-892631.7144312104,-825021.4921355627,-67608.95546046984,-29.213913213122847,
4080,4gid,80,1,4,0.8251953125,1,-892603.8965626883,-825021.4921355627,-67607.9335670996,588.7159534452023,
4081,4gid,81,1,4,0.8251953125,1,-892623.0425885129,-825021.4921355627,-67607.97223197568,148.08974237534957,
4082,4gid,82,1,4,0.8251953125,1,-892618.7947185112,-825021.4921355627,-67609.38125765882,278.5408558886457,
4083,4gid,83,1,4,0.8251953125,1,-892627.4072909496,-825021.4921355627,-67607.58538534147,38.51641775554662,
4084,4gid,84,1,4,0.8251953125,1,-892618.6811118682,-825021.4921355627,-67607.93747316433,247.86622591952298,
4085,4gid,85,1,4,0.8251953125,1,-892607.4585598992,-825021.4921355627,-67608.6608281636,523.345384941287,
4086,4gid,86,1,4,0.8251953125,1,-892633.800240917,-825021.4921355627,-67608.09014653404,-97.26844112243431,
4087,4gid,87,1,4,0.8251953125,1,-892622.8431055038,-825021.4921355627,-67608.06224804171,154.7657496431339,
4088,4gid,88,1,4,0.8251953125,1,-892614.019611673,-825021.4921355627,-67608.25357531462,362.65246289118807,
4089,4gid,89,1,4,0.8251953125,1,-892611.0712400264,-825021.4921355627,-67607.94754802894,423.5863714105653,
4090,4gid,90,1,4,0.8251953125,1,-892623.7948830299,-825021.4921355627,-67608.44053511704,141.54074567375818,
4091,4gid,91,1,4,0.8251953125,1,-892627.0448088247,-825021.4921355627,-67607.11574448149,36.04527862056742,
4092,4gid,92,1,4,0.8251953125,1,-892626.9380572377,-825021.4921355627,-67608.39085486173,67.91177261171657,
4093,4gid,93,1,4,0.8251953125,1,-892580.5411906078,-825021.4921355627,-67597.75246690243,892.5218803435629,
4094,4gid,94,1,4,0.8251953125,1,-892620.0666866212,-825021.4921355627,-67601.8641685777,75.86038214662415,
4095,4gid,95,1,4,0.8251953125,1,-892616.2541033125,-825021.4921355627,-67608.25607501378,311.1815059924597,
4096,4gid,96,1,4,0.8251953125,1,-892636.2877558871,-825021.4921355627,-67608.36766641951,-148.23213847768014,
4097,4gid,97,1,4,0.8251953125,1,-892634.0698347494,-825021.4921355627,-67608.79101599134,-87.32298894695899,
4098,4gid,98,1,4,0.8251953125,1,-892601.2521736358,-825021.4921355627,-67607.69016177529,644.0839535503815,
4099,4gid,99,1,4,0.8251953125,1,-892630.0591454144,-825021.4921355627,-67608.44444682675,-2.8263704988747165,
4100,4gid,100,1,4,0.8251953125,1,-892634.4257638365,-825021.4921355627,-67608.11301713396,-111.16593376257921,
5001,4djv,1,1,5,0.8251953125,0,-857785.9467349994,-825021.4921355627,-32756.119744726526,-192.20631570573357,
5002,4djv,2,1,5,0.8251953125,0,-857783.4358097176,-825021.4921355627,-32755.9967847588,-137.13852736279955,
5003,4djv,3,1,5,0.8251953125,0,-857774.7324128787,-825021.4921355627,-32756.232506148735,69.00243611847587,
5004,4djv,4,1,5,0.8251953125,0,-857767.7347673483,-825021.4921355627,-32756.176656924694,229.0840618713,
5005,4djv,5,1,5,0.8251953125,0,-857775.4510837552,-825021.4921355627,-32756.144733575427,50.40540836963687,
5006,4djv,6,1,5,0.8251953125,0,-857781.0312243311,-825021.4921355627,-32756.00892556381,-81.40749742980684,
5007,4djv,7,1,5,0.8251953125,0,-857748.1182558839,-825021.4921355627,-32756.18945551434,681.7467052535893,
5008,4djv,8,1,5,0.8251953125,0,-857775.9028901956,-825021.4921355627,-32755.62024355416,27.891477119244065,
5009,4djv,9,1,5,0.8251953125,0,-857770.2140785913,-825021.4921355627,-32755.949554627077,166.67268296735108,
5010,4djv,10,1,5,0.8251953125,0,-857767.981867561,-825021.4921355627,-32756.06455679024,220.80070508433005,
5011,4djv,11,1,5,0.8251953125,0,-857738.0487524532,-825021.4921355627,-32756.24390793425,915.2106733826513,
5012,4djv,12,1,5,0.8251953125,0,-857757.8328456688,-825021.4921355627,-32756.009860522183,453.5813839583423,
5013,4djv,13,1,5,0.8251953125,0,-857776.658804446,-825021.4921355627,-32756.12178866326,22.02558536988732,
5014,4djv,14,1,5,0.8251953125,0,-857770.2228708062,-825021.4921355627,-32755.87494693033,164.7494353154811,
5015,4djv,15,1,5,0.8251953125,0,-857742.5174788644,-825021.4921355627,-32755.301442668417,790.4256288930817,
5016,4djv,16,1,5,0.8251953125,0,-857774.8681988936,-825021.4921355627,-32756.041175566654,61.45894818624556,
5017,4djv,17,1,5,0.8251953125,0,-857761.506007873,-825021.4921355627,-32755.76156231874,363.1503586617331,
5018,4djv,18,1,5,0.8251953125,0,-857751.3938050094,-825021.4921355627,-32756.123455913792,604.6887610280027,
5019,4djv,19,1,5,0.8251953125,0,-857755.521891204,-825021.4921355627,-32755.82820758376,502.684243651225,
5020,4djv,20,1,5,0.8251953125,0,-857765.3868006633,-825021.4921355627,-32756.013167769914,279.4593104409219,
5021,4djv,21,1,5,0.8251953125,0,-857760.5806521724,-825021.4921355627,-32755.995259587355,389.8787550951903,
5022,4djv,22,1,5,0.8251953125,0,-857736.0253924099,-825021.4921355627,-32756.06051832075,957.6413994859556,
5023,4djv,23,1,5,0.8251953125,0,-857767.5482539296,-825021.4921355627,-32755.87593139967,226.45026813016077,
5024,4djv,24,1,5,0.8251953125,0,-857782.4170379114,-825021.4921355627,-32756.226059753,-108.35788442582333,
5025,4djv,25,1,5,0.8251953125,0,-857763.9075803597,-825021.4921355627,-32756.061661458232,314.6892320228445,
5026,4djv,26,1,5,0.8251953125,0,-857780.4284260771,-825021.4921355627,-32755.179518979134,-86.6332096782368,
5027,4djv,27,1,5,0.8251953125,0,-857783.630076486,-825021.4921355627,-32755.804147419487,-146.0607480447304,
5028,4djv,28,1,5,0.8251953125,0,-857766.6960181649,-825021.4921355627,-32756.10653981468,251.42124813012688,
5029,4djv,29,1,5,0.8251953125,0,-857789.6091533822,-825021.4921355627,-32755.85854569175,-282.6870828333557,
5030,4djv,30,1,5,0.8251953125,0,-857769.7260336812,-825021.4921355627,-32755.558840648937,168.91718757996225,
5031,4djv,31,1,5,0.8251953125,0,-857768.0576584877,-825021.4921355627,-32756.066335627278,219.0939457507061,
5032,4djv,32,1,5,0.8251953125,0,-857758.3404819956,-825021.4921355627,-32756.248719807605,447.38323813916674,
5033,4djv,33,1,5,0.8251953125,0,-857773.2979745605,-825021.4921355627,-32756.273951566323,103.03712359844559,
5034,4djv,34,1,5,0.8251953125,0,-857777.4725828128,-825021.4921355627,-32755.753175277358,-5.241016197275115,
5035,4djv,35,1,5,0.8251953125,0,-857772.1485358181,-825021.4921355627,-32752.35342289713,39.134271799399016,
5036,4djv,36,1,5,0.8251953125,0,-857788.3249191613,-825021.4921355627,-32756.064296418426,-248.3272136810948,
5037,4djv,37,1,5,0.8251953125,0,-857710.4358085749,-825021.4921355627,-32755.81981214301,1542.2004051532767,
5038,4djv,38,1,5,0.8251953125,0,-857785.2336101751,-825021.4921355627,-32756.04794687411,-177.41696439463112,
5039,4djv,39,1,5,0.8251953125,0,-857737.8770296567,-825021.4921355627,-32754.41527395557,877.0013938151324,
5040,4djv,40,1,5,0.8251953125,0,-857783.7185183649,-825021.4921355627,-32755.252142976227,-160.82979108998575,
5041,4djv,41,1,5,0.8251953125,0,-857762.7921045766,-825021.4921355627,-32755.841886554965,335.34458500471516,
5042,4djv,42,1,5,0.8251953125,0,-857773.53883954,-825021.4921355627,-32756.04032187296,92.0950165005765,
5043,4djv,43,1,5,0.8251953125,0,-857773.6299309115,-825021.4921355627,-32756.21963522519,94.12946370712099,
5044,4djv,44,1,5,0.8251953125,0,-857769.6535655936,-825021.4921355627,-32755.88675209882,178.15015905318688,
5045,4djv,45,1,5,0.8251953125,0,-857779.4452526567,-825021.4921355627,-32756.103835375892,-42.645449512774924,
5046,4djv,46,1,5,0.8251953125,0,-857780.1734881157,-825021.4921355627,-32755.894279125412,-64.27144008336468,
5047,4djv,47,1,5,0.8251953125,0,-857785.4969140197,-825021.4921355627,-32755.95235788274,-185.69322980478265,
5048,4djv,48,1,5,0.8251953125,0,-857751.6028830078,-825021.4921355627,-32755.941312398,595.6669785873222,
5049,4djv,49,1,5,0.8251953125,0,-857720.5794234871,-825021.4921355627,-32755.98544641475,1312.102705341579,
5050,4djv,50,1,5,0.8251953125,0,-857756.9997785516,-825021.4921355627,-32755.28876780724,456.1635750160769,
5051,4djv,51,1,5,0.8251953125,0,-857774.8728165455,-825021.4921355627,-32756.105281044554,62.830770042510366,
5052,4djv,52,1,5,0.8251953125,0,-857761.0350446223,-825021.4921355627,-32756.134225829108,382.60485393717636,
5053,4djv,53,1,5,0.8251953125,0,-857778.0638535754,-825021.4921355627,-32755.8123068268,-17.51243797513014,
5054,4djv,54,1,5,0.8251953125,0,-857762.3725348256,-825021.4921355627,-32755.93422333354,347.1494300151595,
5055,4djv,55,1,5,0.8251953125,0,-857774.7524841436,-825021.4921355627,-32756.03710823285,64.03359876804626,
5056,4djv,56,1,5,0.8251953125,0,-857779.1909145357,-825021.4921355627,-32756.047283384436,-38.08439301123692,
5057,4djv,57,1,5,0.8251953125,0,-857671.4955134594,-825021.4921355627,-32755.910815961808,2442.283541117971,
5058,4djv,58,1,5,0.8251953125,0,-857788.3187905548,-825021.4921355627,-32756.165863139842,-245.84370042048639,
5059,4djv,59,1,5,0.8251953125,0,-857732.3091931614,-825021.4921355627,-32755.738578381413,1035.9148786331816,
5060,4djv,60,1,5,0.8251953125,0,-857778.137027232,-825021.4921355627,-32756.147869965083,-11.461592782372291,
5061,4djv,61,1,5,0.8251953125,0,-857767.0482123417,-825021.4921355627,-32755.953163323455,239.7625115567837,
5062,4djv,62,1,5,0.8251953125,0,-857774.2612126406,-825021.4921355627,-32755.94536056383,73.2468372518814,
5063,4djv,63,1,5,0.8251953125,0,-857780.8595815345,-825021.4921355627,-32756.202008502965,-72.99672215528243,
5064,4djv,64,1,5,0.8251953125,0,-857771.7818365433,-825021.4921355627,-32756.117171233054,134.384656487136,
5065,4djv,65,1,5,0.8251953125,0,-857765.4318831979,-825021.4921355627,-32755.999884803703,278.1133700190422,
5066,4djv,66,1,5,0.8251953125,0,-857752.7566934605,-825021.4921355627,-32755.948635119807,569.2283434325044,
5067,4djv,67,1,5,0.8251953125,0,-857772.4982424506,-825021.4921355627,-32756.061129751182,116.5715965225786,
5068,4djv,68,1,5,0.8251953125,0,-857768.0011907878,-825021.4921355627,-32756.244755007363,224.51057049429457,
5069,4djv,69,1,5,0.8251953125,0,-857779.0319452889,-825021.4921355627,-32755.914751077413,-37.474742697425825,
5070,4djv,70,1,5,0.8251953125,0,-857754.7153317329,-825021.4921355627,-32752.265699829764,439.13056645666563,
5071,4djv,71,1,5,0.8251953125,0,-857776.7320235489,-825021.4921355627,-32756.217391377177,22.54176370184654,
5072,4djv,72,1,5,0.8251953125,0,-857755.1890967203,-825021.4921355627,-32756.017171898733,514.7162873852571,
5073,4djv,73,1,5,0.8251953125,0,-857764.3547317461,-825021.4921355627,-32754.23810766163,262.32552654069735,
5074,4djv,74,1,5,0.8251953125,0,-857780.1039508565,-825021.4921355627,-32755.93307580168,-61.773200183450705,
5075,4djv,75,1,5,0.8251953125,0,-857779.3729347932,-825021.4921355627,-32756.12100336513,-40.58185672636203,
5076,4djv,76,1,5,0.8251953125,0,-857787.2589147723,-825021.4921355627,-32756.020029940453,-224.76537771429162,
5077,4djv,77,1,5,0.8251953125,0,-857777.2670305554,-825021.4921355627,-32756.126172741468,8.10065732718353,
5078,4djv,78,1,5,0.8251953125,0,-857763.6697372441,-825021.4921355627,-32755.4755323532,306.657566304393,
5079,4djv,79,1,5,0.8251953125,0,-857771.9658297998,-825021.4921355627,-32755.706260890922,120.6658535981561,
5080,4djv,80,1,5,0.8251953125,0,-857765.1821274122,-825021.4921355627,-32755.950489191422,282.7337853811571,
5081,4djv,81,1,5,0.8251953125,0,-857781.5024086528,-825021.4921355627,-32756.181006111754,-88.30499431031387,
5082,4djv,82,1,5,0.8251953125,0,-857751.1533718574,-825021.4921355627,-32756.017104153314,607.7807513719264,
5083,4djv,83,1,5,0.8251953125,0,-857756.7650872992,-825021.4921355627,-32755.899745841907,475.66517206089765,
5084,4djv,84,1,5,0.8251953125,0,-857773.0073883259,-825021.4921355627,-32756.02379311042,103.96941032397928,
5085,4djv,85,1,5,0.8251953125,0,-857750.855931312,-825021.4921355627,-32755.94095615437,612.8838787240232,
5086,4djv,86,1,5,0.8251953125,0,-857781.2113178511,-825021.4921355627,-32756.221875660085,-80.64980678038039,
5087,4djv,87,1,5,0.8251953125,0,-857762.4052185518,-825021.4921355627,-32756.014676227136,348.2510131854562,
5088,4djv,88,1,5,0.8251953125,0,-857782.2065312301,-825021.4921355627,-32754.621732169464,-140.50015801062722,
5089,4djv,89,1,5,0.8251953125,0,-857755.5114008962,-825021.4921355627,-32756.17479884326,510.91874021382307,
5090,4djv,90,1,5,0.8251953125,0,-857776.385638019,-825021.4921355627,-32754.608974359136,-6.561373792698086,
5091,4djv,91,1,5,0.8251953125,0,-857774.0119781973,-825021.4921355627,-32754.84504377278,53.62041206375554,
5092,4djv,92,1,5,0.8251953125,0,-857768.372938459,-825021.4921355627,-32754.679902859443,179.85151773493405,
5093,4djv,93,1,5,0.8251953125,0,-857767.3485657669,-825021.4921355627,-32756.088837392464,235.9649153865138,
5094,4djv,94,1,5,0.8251953125,0,-857768.8057837997,-825021.4921355627,-32756.295210563694,207.1197476276803,
5095,4djv,95,1,5,0.8251953125,0,-857777.5738744484,-825021.4921355627,-32756.23555207351,3.5470163739190266,
5096,4djv,96,1,5,0.8251953125,0,-857772.0366125692,-825021.4921355627,-32755.960757468638,124.90239466032696,
5097,4djv,97,1,5,0.8251953125,0,-857761.1652114113,-825021.4921355627,-32751.36308156301,269.5779359171582,
5098,4djv,98,1,5,0.8251953125,0,-857751.9841368163,-825021.4921355627,-32756.14478807703,591.5673175292847,
5099,4djv,99,1,5,0.8251953125,0,-857757.6722768092,-825021.4921355627,-32756.293420897506,463.823247421979,
5100,4djv,100,1,5,0.8251953125,0,-857781.6649655667,-825021.4921355627,-32756.305164360023,-89.19048857605738,
6001,3pww,1,0,6,0.6044921875,1,-884404.8927119108,-825021.4921355627,-59378.972781427605,-102.10737654749676,
6002,3pww,2,0,6,0.6044921875,1,-884358.4454574175,-825021.4921355627,-59374.97625382247,876.8296413003869,
6003,3pww,3,0,6,0.6044921875,1,-884397.3394774368,-825021.4921355627,-59378.17210910317,53.6104058799535,
6004,3pww,4,0,6,0.6044921875,1,-884392.830067099,-825021.4921355627,-59378.91388196699,174.7055672703688,
6005,3pww,5,0,6,0.6044921875,1,-884378.1572732026,-825021.4921355627,-59378.09761005911,494.24455535266736,
6006,3pww,6,0,6,0.6044921875,1,-884372.8154637679,-825021.4921355627,-59377.92832800628,613.5258704475548,
6007,3pww,7,0,6,0.6044921875,1,-884385.4260636461,-825021.4921355627,-59379.535260987286,359.7752836515787,
6008,3pww,8,0,6,0.6044921875,1,-884392.7317182407,-825021.4921355627,-59378.36704461979,164.36317702055035,
6009,3pww,9,0,6,0.6044921875,1,-884373.6132746863,-825021.4921355627,-59378.850070657216,616.3838040929763,
6010,3pww,10,0,6,0.6044921875,1,-884360.2228161466,-825021.4921355627,-59377.98807455334,905.2970113385912,
6011,3pww,11,0,6,0.6044921875,1,-884374.5449333956,-825021.4921355627,-59378.41124562017,584.7796981091409,
6012,3pww,12,0,6,0.6044921875,1,-884407.2786600904,-825021.4921355627,-59378.84510473167,-160.07294321889182,
6013,3pww,13,0,6,0.6044921875,1,-884390.4655857381,-825021.4921355627,-59377.99937035027,208.1426639086192,
6014,3pww,14,0,6,0.6044921875,1,-884387.9165450151,-825021.4921355627,-59377.1539344072,247.4287234209218,
6015,3pww,15,0,6,0.6044921875,1,-884390.6643245968,-825021.4921355627,-59378.73912644218,220.61881769263357,
6016,3pww,16,0,6,0.6044921875,1,-884384.1411967378,-825021.4921355627,-59378.78775320693,372.16707952454806,
6017,3pww,17,0,6,0.6044921875,1,-884404.0569693731,-825021.4921355627,-59378.637940285626,-90.55631595465259,
6018,3pww,18,0,6,0.6044921875,1,-884406.6046949083,-825021.4921355627,-59378.91899847125,-142.82690678365947,
6019,3pww,19,0,6,0.6044921875,1,-884378.4341908967,-825021.4921355627,-59377.44882966624,472.897450340576,
6020,3pww,20,0,6,0.6044921875,1,-884365.2628155325,-825021.4921355627,-59379.418055412,822.0480064208123,
6021,3pww,21,0,6,0.6044921875,1,-884388.6643161705,-825021.4921355627,-59378.16457265749,253.49058263490525,
6022,3pww,22,0,6,0.6044921875,1,-884401.8445586173,-825021.4921355627,-59377.37257229818,-68.71699089718192,
6023,3pww,23,0,6,0.6044921875,1,-884396.1034430296,-825021.4921355627,-59378.61171537378,92.25159787931396,
6024,3pww,24,0,6,0.6044921875,1,-884395.6826990546,-825021.4921355627,-59378.65763039937,103.01301008244155,
6025,3pww,25,0,6,0.6044921875,1,-884402.1608376089,-825021.4921355627,-59379.276822193126,-32.09751192523897,
6026,3pww,26,0,6,0.6044921875,1,-884406.1997337018,-825021.4921355627,-59379.23590222554,-126.1803053284634,
6027,3pww,27,0,6,0.6044921875,1,-884359.4649226272,-825021.4921355627,-59382.180706587664,1019.4588426560694,
6028,3pww,28,0,6,0.6044921875,1,-884364.2184440714,-825021.4921355627,-59382.26522291412,911.7890268177925,
6029,3pww,29,0,6,0.6044921875,1,-884342.1588985577,-825021.4921355627,-59382.24494118214,1420.0265234081196,
6030,3pww,30,0,6,0.6044921875,1,-884252.9664176162,-825021.4921355627,-59381.01528769519,3448.497513238333,
6031,3pww,31,0,6,0.6044921875,1,-884347.5048948858,-825021.4921355627,-59381.71211484757,1284.4576522063544,
6032,3pww,32,0,6,0.6044921875,1,-884351.9143311742,-825021.4921355627,-59381.91177398983,1187.377884971349,
6033,3pww,33,0,6,0.6044921875,1,-884327.7197302001,-825021.4921355627,-59382.165350731324,1751.1662565531587,
6034,3pww,34,0,6,0.6044921875,1,-884321.5786193976,-825021.4921355627,-59382.182312789795,1893.174790308826,
6035,3pww,35,0,6,0.6044921875,1,-884404.4907338537,-825021.4921355627,-59378.5275549505,-103.10470880531794,
6036,3pww,36,0,6,0.6044921875,1,-884378.9076181168,-825021.4921355627,-59381.713328988866,560.3216498895196,
6037,3pww,37,0,6,0.6044921875,1,-884379.1381862578,-825021.4921355627,-59382.09042211652,563.7005963531007,
6038,3pww,38,0,6,0.6044921875,1,-884317.8859309345,-825021.4921355627,-59376.33339818918,1843.4510343318752,
6039,3pww,39,0,6,0.6044921875,1,-884394.4935873739,-825021.4921355627,-59382.15897001093,211.17738645536173,
6040,3pww,40,0,6,0.6044921875,1,-884370.098430975,-825021.4921355627,-59381.5390913222,759.4483152764947,
6041,3pww,41,0,6,0.6044921875,1,-884402.9639412796,-825021.4921355627,-59378.74111395253,-62.97124804215626,
6042,3pww,42,0,6,0.6044921875,1,-884399.343340627,-825021.4921355627,-59381.98561115889,95.34166949470541,
6043,3pww,43,0,6,0.6044921875,1,-884364.9720638897,-825021.4921355627,-59381.5405585347,877.6989833676517,
6044,3pww,44,0,6,0.6044921875,1,-884377.3861804585,-825021.4921355627,-59378.041434679835,510.73094143873357,
6045,3pww,45,0,6,0.6044921875,1,-884359.6760339482,-825021.4921355627,-59382.20601853048,1015.1742072086179,
6046,3pww,46,0,6,0.6044921875,1,-884388.3284029723,-825021.4921355627,-59380.18338092582,307.791749641113,
6047,3pww,47,0,6,0.6044921875,1,-884359.2065237251,-825021.4921355627,-59382.08620649286,1023.2384389419271,
6048,3pww,48,0,6,0.6044921875,1,-884336.3714655596,-825021.4921355627,-59382.184935028454,1552.1041240993113,
6049,3pww,49,0,6,0.6044921875,1,-884389.9898481244,-825021.4921355627,-59378.396220979615,228.26502682210358,
6050,3pww,50,0,6,0.6044921875,1,-884387.6028905285,-825021.4921355627,-59382.1565652733,370.02517607697024,
6051,3pww,51,0,6,0.6044921875,1,-884349.8637659777,-825021.4921355627,-59382.0882389572,1238.7344205867007,
6052,3pww,52,0,6,0.6044921875,1,-884358.4078682641,-825021.4921355627,-59382.07506252375,1041.3988853663866,
6053,3pww,53,0,6,0.6044921875,1,-884382.9070240313,-825021.4921355627,-59381.76630868448,469.3148993099226,
6054,3pww,54,0,6,0.6044921875,1,-884335.7898115014,-825021.4921355627,-59382.31603136549,1568.5405386796099,
6055,3pww,55,0,6,0.6044921875,1,-884408.7538137904,-825021.4921355627,-59381.37307459777,-135.79442566338972,
6056,3pww,56,0,6,0.6044921875,1,-884365.8350004329,-825021.4921355627,-59378.096701710165,778.3819689146828,
6057,3pww,57,0,6,0.6044921875,1,-884356.2125655805,-825021.4921355627,-59381.60435441863,1081.1689811325596,
6058,3pww,58,0,6,0.6044921875,1,-884359.3533157838,-825021.4921355627,-59382.0707434835,1019.4967481837823,
6059,3pww,59,0,6,0.6044921875,1,-884404.173362372,-825021.4921355627,-59378.3113366065,-100.772062035656,
6060,3pww,60,0,6,0.6044921875,1,-884353.121980838,-825021.4921355627,-59381.93958384689,1160.1701326758805,
6061,3pww,61,0,6,0.6044921875,1,-884346.3916594179,-825021.4921355627,-59381.3870247352,1302.6327158757288,
6062,3pww,62,0,6,0.6044921875,1,-884385.786978304,-825021.4921355627,-59382.010430474955,408.53115827864895,
6063,3pww,63,0,6,0.6044921875,1,-884371.5546532944,-825021.4921355627,-59381.762631166326,731.0219820956293,
6064,3pww,64,0,6,0.6044921875,1,-884355.865881859,-825021.4921355627,-59381.308870983965,1082.3496877965513,
6065,3pww,65,0,6,0.6044921875,1,-884349.1181961778,-825021.4921355627,-59381.01191969395,1231.1071567673762,
6066,3pww,66,0,6,0.6044921875,1,-884349.621866938,-825021.4921355627,-59382.55281715529,1255.0261727202278,
6067,3pww,67,0,6,0.6044921875,1,-884381.1453633357,-825021.4921355627,-59382.047484863426,516.4238367642654,
6068,3pww,68,0,6,0.6044921875,1,-884382.3333363783,-825021.4921355627,-59380.83009452576,460.9548394835601,
6069,3pww,69,0,6,0.6044921875,1,-884353.8102900272,-825021.4921355627,-59382.572584593945,1158.8946897011265,
6070,3pww,70,0,6,0.6044921875,1,-884367.3766771242,-825021.4921355627,-59377.53168891442,729.8005552352464,
6071,3pww,71,0,6,0.6044921875,1,-884358.1165513012,-825021.4921355627,-59381.796784492864,1041.6995702821923,
6072,3pww,72,0,6,0.6044921875,1,-884363.1416611054,-825021.4921355627,-59380.68005761053,900.065451603714,
6073,3pww,73,0,6,0.6044921875,1,-884330.8339570034,-825021.4921355627,-59381.98873517331,1675.277628877104,
6074,3pww,74,0,6,0.6044921875,1,-884342.5978301278,-825021.4921355627,-59381.683502055625,1396.9574271091076,
6075,3pww,75,0,6,0.6044921875,1,-884399.2384186194,-825021.4921355627,-59378.69546760807,21.888715747442024,
6076,3pww,76,0,6,0.6044921875,1,-884359.4215607336,-825021.4921355627,-59379.695178703165,963.1411570131468,
6077,3pww,77,0,6,0.6044921875,1,-884404.2300897486,-825021.4921355627,-59379.11461353502,-83.55622038683126,
6078,3pww,78,0,6,0.6044921875,1,-884392.737457976,-825021.4921355627,-59378.77397792882,173.61492061636065,
6079,3pww,79,0,6,0.6044921875,1,-884387.7531698571,-825021.4921355627,-59378.08053157855,272.5640824553946,
6080,3pww,80,0,6,0.6044921875,1,-884366.7782258708,-825021.4921355627,-59380.58838397038,814.0902315295691,
6081,3pww,81,0,6,0.6044921875,1,-884339.6492335177,-825021.4921355627,-59378.49049985218,1391.321300233879,
6082,3pww,82,0,6,0.6044921875,1,-884407.2869928353,-825021.4921355627,-59378.653028061366,-164.69449412482058,
6083,3pww,83,0,6,0.6044921875,1,-884367.7422917486,-825021.4921355627,-59380.27468027027,784.6241650607109,
6084,3pww,84,0,6,0.6044921875,1,-884393.1236775402,-825021.4921355627,-59379.25672281196,175.84084734969184,
6085,3pww,85,0,6,0.6044921875,1,-884361.5881857313,-825021.4921355627,-59378.578727752916,887.4316270829416,
6086,3pww,86,0,6,0.6044921875,1,-884357.2440252607,-825021.4921355627,-59377.19243390968,955.6416519209242,
6087,3pww,87,0,6,0.6044921875,1,-884392.2134819288,-825021.4921355627,-59378.30040450171,174.77723264716138,
6088,3pww,88,0,6,0.6044921875,1,-884383.9456571509,-825021.4921355627,-59378.677527792446,374.13447107646806,
6089,3pww,89,0,6,0.6044921875,1,-884382.7267138441,-825021.4921355627,-59374.25955309916,300.3630547773799,
6090,3pww,90,0,6,0.6044921875,1,-884407.5066169016,-825021.4921355627,-59378.9048794569,-163.95131425658,
6091,3pww,91,0,6,0.6044921875,1,-884379.4991402773,-825021.4921355627,-59378.8639080336,480.97161658705954,
6092,3pww,92,0,6,0.6044921875,1,-884399.9420858199,-825021.4921355627,-59377.73557454955,-16.47389517525562,
6093,3pww,93,0,6,0.6044921875,1,-884401.9269073507,-825021.4921355627,-59378.350808022915,-48.057346081037736,
6094,3pww,94,0,6,0.6044921875,1,-884404.333996489,-825021.4921355627,-59378.97014177872,-89.28396458816664,
6095,3pww,95,0,6,0.6044921875,1,-884410.0781609367,-825021.4921355627,-59379.68643451869,-205.2294405920191,
6096,3pww,96,0,6,0.6044921875,1,-884388.3538552764,-825021.4921355627,-59379.103650088386,282.3056209454043,
6097,3pww,97,0,6,0.6044921875,1,-884356.7113490612,-825021.4921355627,-59378.974029412275,1009.0100251989929,
6098,3pww,98,0,6,0.6044921875,1,-884396.6286534083,-825021.4921355627,-59378.81990553556,84.9409380039167,
6099,3pww,99,0,6,0.6044921875,1,-884377.9440855212,-825021.4921355627,-59376.182663290274,455.0010585206035,
6100,3pww,100,0,6,0.6044921875,1,-884369.0302114048,-825021.4921355627,-59378.17871965864,706.5900322926894,
7001,3prs,1,0,7,0.6044921875,0,-904976.7161632741,-825021.4921355627,-79967.63358534788,286.17119743215267,
7002,3prs,2,0,7,0.6044921875,0,-904987.512517015,-825021.4921355627,-79967.57868677368,35.935374398674185,
7003,3prs,3,0,7,0.6044921875,0,-904965.7926490047,-825021.4921355627,-79967.989918174,546.290650900721,
7004,3prs,4,0,7,0.6044921875,0,-904989.3012263045,-825021.4921355627,-79967.64048967246,-3.8880330237499043,
7005,3prs,5,0,7,0.6044921875,0,-904981.1709871596,-825021.4921355627,-79967.41379211117,178.37196569640963,
7006,3prs,6,0,7,0.6044921875,0,-904975.6274702351,-825021.4921355627,-79967.18600844363,300.95568672319877,
7007,3prs,7,0,7,0.6044921875,0,-904988.8826271812,-825021.4921355627,-79967.53529480024,3.3392406975743913,
7008,3prs,8,0,7,0.6044921875,0,-904940.9930450289,-825021.4921355627,-79968.1832224819,1122.6408078040292,
7009,3prs,9,0,7,0.6044921875,0,-904986.9705826344,-825021.4921355627,-79967.73752505018,52.09557577484072,
7010,3prs,10,0,7,0.6044921875,0,-904943.0504209114,-825021.4921355627,-79967.80246302312,1066.4160711486877,
7011,3prs,11,0,7,0.6044921875,0,-904963.2709956195,-825021.4921355627,-79967.6699372906,597.0624249369338,
7012,3prs,12,0,7,0.6044921875,0,-904991.6713565236,-825021.4921355627,-79967.09686521122,-71.08081219741518,
7013,3prs,13,0,7,0.6044921875,0,-904945.2824210642,-825021.4921355627,-79967.677567049,1012.0647552817287,
7014,3prs,14,0,7,0.6044921875,0,-904989.8330786162,-825021.4921355627,-79967.23763864116,-25.44280417198788,
7015,3prs,15,0,7,0.6044921875,0,-904966.0694092994,-825021.4921355627,-79967.58675871494,530.6113288984434,
7016,3prs,16,0,7,0.6044921875,0,-904986.1387488872,-825021.4921355627,-79967.38996091466,63.26309831830684,
7017,3prs,17,0,7,0.6044921875,0,-904985.9191580251,-825021.4921355627,-79967.53856217489,71.75381036755263,
7018,3prs,18,0,7,0.6044921875,0,-904986.1150535169,-825021.4921355627,-79968.09263959239,80.01368179574524,
7019,3prs,19,0,7,0.6044921875,0,-904985.2238561385,-825021.4921355627,-79967.61437375228,89.5361092852259,
7020,3prs,20,0,7,0.6044921875,0,-904965.4957079259,-825021.4921355627,-79966.43930785831,517.3803515006841,
7021,3prs,21,0,7,0.6044921875,0,-904974.6696074771,-825021.4921355627,-79967.6961631559,334.8089738114502,
7022,3prs,22,0,7,0.6044921875,0,-904990.3766748214,-825021.4921355627,-79967.80966122734,-24.787276253560538,
7023,3prs,23,0,7,0.6044921875,0,-904989.2905358309,-825021.4921355627,-79967.28506242724,-11.83785183453712,
7024,3prs,24,0,7,0.6044921875,0,-904983.7812532632,-825021.4921355627,-79967.55700335444,121.48032908796267,
7025,3prs,25,0,7,0.6044921875,0,-904986.634331062,-825021.4921355627,-79967.7062708383,59.12898199707121,
7026,3prs,26,0,7,0.6044921875,0,-904939.0983880366,-825021.4921355627,-79968.2681627567,1168.2914052673086,
7027,3prs,27,0,7,0.6044921875,0,-904981.3351623057,-825021.4921355627,-79967.49415550535,176.43922078157433,
7028,3prs,28,0,7,0.6044921875,0,-904992.467234778,-825021.4921355627,-79967.08394359032,-89.73218040590841,
7029,3prs,29,0,7,0.6044921875,0,-904882.7713861451,-825021.4921355627,-79968.1344198976,2464.1387429409783,
7030,3prs,30,0,7,0.6044921875,0,-904852.6922593233,-825021.4921355627,-79968.13198661181,3157.723772815798,
7031,3prs,31,0,7,0.6044921875,0,-904972.8235985244,-825021.4921355627,-79961.30472174833,229.9888112752398,
7032,3prs,32,0,7,0.6044921875,0,-904935.597154208,-825021.4921355627,-79968.18932094079,1247.2136399708993,
7033,3prs,33,0,7,0.6044921875,0,-904897.3507664339,-825021.4921355627,-79967.42341113814,2111.5339949465815,
7034,3prs,34,0,7,0.6044921875,0,-904925.7676682149,-825021.4921355627,-79968.14519677042,1472.8694443247377,
7035,3prs,35,0,7,0.6044921875,0,-904978.9634179674,-825021.4921355627,-79967.49087413713,231.05727438832525,
7036,3prs,36,0,7,0.6044921875,0,-904980.1721919673,-825021.4921355627,-79967.63650200254,206.54054210467686,
7037,3prs,37,0,7,0.6044921875,0,-904891.9444585065,-825021.4921355627,-79966.54840871306,2216.0283822165065,
7038,3prs,38,0,7,0.6044921875,0,-904983.0209627422,-825021.4921355627,-79966.8990443029,123.84014883606378,
7039,3prs,39,0,7,0.6044921875,0,-904914.9195218302,-825021.4921355627,-79965.05425226169,1651.7547692172523,
7040,3prs,40,0,7,0.6044921875,0,-904969.144324965,-825021.4921355627,-79966.73971537946,440.16880576540626,
7041,3prs,41,0,7,0.6044921875,0,-904983.9799437639,-825021.4921355627,-79967.97245518438,126.478964089075,
7042,3prs,42,0,7,0.6044921875,0,-904963.4458782914,-825021.4921355627,-79967.95403567488,599.5809990957576,
7043,3prs,43,0,7,0.6044921875,0,-904903.0050660683,-825021.4921355627,-79968.15904785719,1998.106933524669,
7044,3prs,44,0,7,0.6044921875,0,-904929.1748518081,-825021.4921355627,-79967.8860938424,1388.3228686402117,
7045,3prs,45,0,7,0.6044921875,0,-904951.1185047374,-825021.4921355627,-79968.10105280027,887.2472820156196,
7046,3prs,46,0,7,0.6044921875,0,-904960.823737927,-825021.4921355627,-79967.6788697843,653.7035162059689,
7047,3prs,47,0,7,0.6044921875,0,-904924.5965013152,-825021.4921355627,-79967.05229617747,1474.6743082330856,
7048,3prs,48,0,7,0.6044921875,0,-904934.892992504,-825021.4921355627,-79967.35958962838,1244.3179360087058,
7049,3prs,49,0,7,0.6044921875,0,-904954.1374690591,-825021.4921355627,-79967.47201356807,803.1223215746662,
7050,3prs,50,0,7,0.6044921875,0,-904913.8987928448,-825021.4921355627,-79967.03666098167,1721.008769912135,
7051,3prs,51,0,7,0.6044921875,0,-904968.9083243749,-825021.4921355627,-79967.67800394176,467.24855692973006,
7052,3prs,52,0,7,0.6044921875,0,-904983.5192381652,-825021.4921355627,-79968.13331798336,140.81267185370754,
7053,3prs,53,0,7,0.6044921875,0,-904927.2952087817,-825021.4921355627,-79968.09857078259,1436.568301196817,
7054,3prs,54,0,7,0.6044921875,0,-904935.2051562382,-825021.4921355627,-79968.12306708633,1254.7254777239125,
7055,3prs,55,0,7,0.6044921875,0,-904951.4711661141,-825021.4921355627,-79968.0188471675,877.2190105439555,
7056,3prs,56,0,7,0.6044921875,0,-904947.6453660534,-825021.4921355627,-79967.44428315636,952.19429497213,
7057,3prs,57,0,7,0.6044921875,0,-904956.3958368949,-825021.4921355627,-79968.14170273728,766.4865211968577,
7058,3prs,58,0,7,0.6044921875,0,-904962.0863136774,-825021.4921355627,-79967.99104661008,631.7867963477224,
7059,3prs,59,0,7,0.6044921875,0,-904945.1576890359,-825021.4921355627,-79968.06085239156,1023.779914162138,
7060,3prs,60,0,7,0.6044921875,0,-904931.7520811318,-825021.4921355627,-79968.06253412204,1332.9593580588846,
7061,3prs,61,0,7,0.6044921875,0,-904957.0747098608,-825021.4921355627,-79967.94525252591,746.3010891984577,
7062,3prs,62,0,7,0.6044921875,0,-904956.8356381241,-825021.4921355627,-79968.16377462613,756.8534537614926,
7063,3prs,63,0,7,0.6044921875,0,-904992.5988111646,-825021.4921355627,-79968.0109688144,-71.38869444302318,
7064,3prs,64,0,7,0.6044921875,0,-904919.6938606716,-825021.4921355627,-79968.25773480153,1615.5299623393105,
7065,3prs,65,0,7,0.6044921875,0,-904949.3898812034,-825021.4921355627,-79967.30955171351,908.8578390327093,
7066,3prs,66,0,7,0.6044921875,0,-904982.0871608132,-825021.4921355627,-79966.22466022361,129.82246656740097,
7067,3prs,67,0,7,0.6044921875,0,-904985.7482469343,-825021.4921355627,-79965.92906477026,38.57922186899153,
7068,3prs,68,0,7,0.6044921875,0,-904965.5319366291,-825021.4921355627,-79966.32830464428,513.9851028308334,
7069,3prs,69,0,7,0.6044921875,0,-904947.2163594634,-825021.4921355627,-79967.12152887948,954.6445315217544,
7070,3prs,70,0,7,0.6044921875,0,-904944.8714090406,-825021.4921355627,-79967.36559067776,1014.3485716791118,
7071,3prs,71,0,7,0.6044921875,0,-904922.2198825862,-825021.4921355627,-79968.18094634937,1555.5077293835448,
7072,3prs,72,0,7,0.6044921875,0,-904950.4381512422,-825021.4921355627,-79967.36035044973,885.8556043500523,
7073,3prs,73,0,7,0.6044921875,0,-904922.8046939699,-825021.4921355627,-79967.85017298677,1534.3938435475684,
7074,3prs,74,0,7,0.6044921875,0,-904959.022890123,-825021.4921355627,-79966.84379960505,675.9748773165475,
7075,3prs,75,0,7,0.6044921875,0,-904940.2693636543,-825021.4921355627,-79967.79470380406,1130.3698432031072,
7076,3prs,76,0,7,0.6044921875,0,-904886.8083779836,-825021.4921355627,-79967.16846606898,2348.768075090747,
7077,3prs,77,0,7,0.6044921875,0,-904991.5816023877,-825021.4921355627,-79965.57740741214,-104.05056190502634,
7078,3prs,78,0,7,0.6044921875,0,-904986.4856897991,-825021.4921355627,-79965.38506766027,9.028514038333835,
7079,3prs,79,0,7,0.6044921875,0,-904945.349933334,-825021.4921355627,-79967.34120072625,1002.7510936797644,
7080,3prs,80,0,7,0.6044921875,0,-904976.5606275519,-825021.4921355627,-79967.48636102278,286.3628628039739,
7081,3prs,81,0,7,0.6044921875,0,-904957.0259751182,-825021.4921355627,-79968.33882338039,756.5008985774361,
7082,3prs,82,0,7,0.6044921875,0,-904990.7644605719,-825021.4921355627,-79966.90954193308,-54.48707214069778,
7083,3prs,83,0,7,0.6044921875,0,-904976.620494515,-825021.4921355627,-79967.93256184136,295.27193315484874,
7084,3prs,84,0,7,0.6044921875,0,-904992.0911672206,-825021.4921355627,-79968.14775968675,-56.527674536878656,
7085,3prs,85,0,7,0.6044921875,0,-904973.7671723411,-825021.4921355627,-79967.25835876528,345.52361333954264,
7086,3prs,86,0,7,0.6044921875,0,-904980.3850239249,-825021.4921355627,-79967.47113747655,197.81912400504152,
7087,3prs,87,0,7,0.6044921875,0,-904977.4832764477,-825021.4921355627,-79967.52868663966,266.0621257223212,
7088,3prs,88,0,7,0.6044921875,0,-904977.7191147952,-825021.4921355627,-79967.03532284262,249.2463247908249,
7089,3prs,89,0,7,0.6044921875,0,-904984.5626780592,-825021.4921355627,-79967.94144773601,112.32574325387534,
7090,3prs,90,0,7,0.6044921875,0,-904987.8697795816,-825021.4921355627,-79963.59654168015,-64.13374350352838,
7091,3prs,91,0,7,0.6044921875,0,-904937.4069646179,-825021.4921355627,-79967.62060130887,1192.3634341748532,
7092,3prs,92,0,7,0.6044921875,0,-904980.0825491287,-825021.4921355627,-79966.08943869606,172.9316276951526,
7093,3prs,93,0,7,0.6044921875,0,-904994.3489891757,-825021.4921355627,-79968.27670032681,-105.62084392887625,
7094,3prs,94,0,7,0.6044921875,0,-904985.6328272298,-825021.4921355627,-79967.68528475179,81.74025836959491,
7095,3prs,95,0,7,0.6044921875,0,-904933.2867913152,-825021.4921355627,-79965.66078553209,1242.1824622329377,
7096,3prs,96,0,7,0.6044921875,0,-904987.5298874342,-825021.4921355627,-79968.08937122884,47.31146631987651,
7097,3prs,97,0,7,0.6044921875,0,-904975.6433890847,-825021.4921355627,-79965.75205919074,267.52093399707894,
7098,3prs,98,0,7,0.6044921875,0,-904970.2864169758,-825021.4921355627,-79967.17326796339,423.82949842163146,
7099,3prs,99,0,7,0.6044921875,0,-904969.6771500532,-825021.4921355627,-79967.7512274614,451.20759007938847,
7100,3prs,100,0,7,0.6044921875,0,-904968.7449684205,-825021.4921355627,-79967.6724607869,470.8878065429363,
8001,2v00,1,1,8,0.6044921875,0,-844188.5724745868,-825021.4921355627,-19164.19032082815,-66.64540283849283,
8002,2v00,2,1,8,0.6044921875,0,-844188.3240224823,-825021.4921355627,-19164.103697658018,-62.913538956874284,
8003,2v00,3,1,8,0.6044921875,0,-844187.6074908723,-825021.4921355627,-19164.24021903649,-43.24166971420583,
8004,2v00,4,1,8,0.6044921875,0,-844187.0738600018,-825021.4921355627,-19164.134226414513,-33.38009742953639,
8005,2v00,5,1,8,0.6044921875,0,-844188.6922111855,-825021.4921355627,-19164.260757056312,-67.78229639109581,
8006,2v00,6,1,8,0.6044921875,0,-844188.1104441882,-825021.4921355627,-19164.261544199806,-54.348278764985864,
8007,2v00,7,1,8,0.6044921875,0,-844188.1342633208,-825021.4921355627,-19164.19010916866,-56.54489196393141,
8008,2v00,8,1,8,0.6044921875,0,-844188.3601315512,-825021.4921355627,-19164.035340243725,-65.32259328916815,
8009,2v00,9,1,8,0.6044921875,0,-844187.0639430489,-825021.4921355627,-19163.934798120783,-37.750332771246626,
8010,2v00,10,1,8,0.6044921875,0,-844187.0599738323,-825021.4921355627,-19164.000755963625,-36.137776472259844,
8011,2v00,11,1,8,0.6044921875,0,-844189.2250374013,-825021.4921355627,-19164.25114927052,-80.29112163078005,
8012,2v00,12,1,8,0.6044921875,0,-844187.59299163,-825021.4921355627,-19164.28554506199,-41.862066264559594,
8013,2v00,13,1,8,0.6044921875,0,-844187.0518389303,-825021.4921355627,-19164.39367467846,-26.88926035883904,
8014,2v00,14,1,8,0.6044921875,0,-844184.8411476668,-825021.4921355627,-19164.39215927673,24.055545268885783,
8015,2v00,15,1,8,0.6044921875,0,-844182.8991716116,-825021.4921355627,-19163.538516879762,49.15311564916712,
8016,2v00,16,1,8,0.6044921875,0,-844187.181352299,-825021.4921355627,-19164.21620693924,-33.96841288134275,
8017,2v00,17,1,8,0.6044921875,0,-844186.7431257544,-825021.4921355627,-19164.39193435952,-19.810298107354193,
8018,2v00,18,1,8,0.6044921875,0,-844186.3640555256,-825021.4921355627,-19164.459872078976,-9.502049936344372,
8019,2v00,19,1,8,0.6044921875,0,-844187.0064194422,-825021.4921355627,-19163.524050824253,-45.89586456560432,
8020,2v00,20,1,8,0.6044921875,0,-844187.8352980505,-825021.4921355627,-19164.229128969775,-48.75077105893949,
8021,2v00,21,1,8,0.6044921875,0,-844185.710749563,-825021.4921355627,-19164.163770839517,-1.2647133311414753,
8022,2v00,22,1,8,0.6044921875,0,-844187.628172899,-825021.4921355627,-19163.524797271428,-60.2166264135173,
8023,2v00,23,1,8,0.6044921875,0,-844187.2374617876,-825021.4921355627,-19164.1632731862,-36.483009770587046,
8024,2v00,24,1,8,0.6044921875,0,-844188.3374635536,-825021.4921355627,-19164.22998510418,-60.31123973372671,
8025,2v00,25,1,8,0.6044921875,0,-844186.2728804664,-825021.4921355627,-19164.16188422338,-14.271266319486845,
8026,2v00,26,1,8,0.6044921875,0,-844187.8365963693,-825021.4921355627,-19164.268275690654,-47.877966170944795,
8027,2v00,27,1,8,0.6044921875,0,-844186.2288658975,-825021.4921355627,-19164.35079633946,-8.899849359369542,
8028,2v00,28,1,8,0.6044921875,0,-844186.8518088909,-825021.4921355627,-19164.351537970306,-23.248153641195834,
8029,2v00,29,1,8,0.6044921875,0,-844179.4205559775,-825021.4921355627,-19164.39322175379,149.08186049328404,
8030,2v00,30,1,8,0.6044921875,0,-844190.7252109444,-825021.4921355627,-19164.460210322515,-110.06488298693566,
8031,2v00,31,1,8,0.6044921875,0,-844187.333091766,-825021.4921355627,-19163.828213353976,-46.414952747347314,
8032,2v00,32,1,8,0.6044921875,0,-844187.3062083409,-825021.4921355627,-19163.828100366925,-45.79761178084918,
8033,2v00,33,1,8,0.6044921875,0,-844184.1598111063,-825021.4921355627,-19164.460377305022,41.340684715852156,
8034,2v00,34,1,8,0.6044921875,0,-844178.5830248712,-825021.4921355627,-19164.496524700895,170.77800918278993,
8035,2v00,35,1,8,0.6044921875,0,-844188.1532559289,-825021.4921355627,-19164.265642224942,-55.24103825342212,
8036,2v00,36,1,8,0.6044921875,0,-844189.805480718,-825021.4921355627,-19164.4594700512,-88.8724711720347,
8037,2v00,37,1,8,0.6044921875,0,-844164.2132486242,-825021.4921355627,-19164.347844611577,498.72427732975814,
8038,2v00,38,1,8,0.6044921875,0,-844189.0933041681,-825021.4921355627,-19164.21326266447,-78.12696699603664,
8039,2v00,39,1,8,0.6044921875,0,-844187.0928319378,-825021.4921355627,-19164.460307954832,-26.297981711708285,
8040,2v00,40,1,8,0.6044921875,0,-844182.852967596,-825021.4921355627,-19164.39441692801,69.95612956204727,
8041,2v00,41,1,8,0.6044921875,0,-844185.7655462654,-825021.4921355627,-19164.262774137176,-0.24528502816150977,
8042,2v00,42,1,8,0.6044921875,0,-844184.5531841951,-825021.4921355627,-19164.347577766966,29.668066643817124,
8043,2v00,43,1,8,0.6044921875,0,-844188.4378974889,-825021.4921355627,-19164.390846612943,-58.91774678544514,
8044,2v00,44,1,8,0.6044921875,0,-844187.5162515455,-825021.4921355627,-19164.354191792238,-38.509366670312055,
8045,2v00,45,1,8,0.6044921875,0,-844183.870542299,-825021.4921355627,-19164.231778071953,42.739758333698866,
8046,2v00,46,1,8,0.6044921875,0,-844184.4649033693,-825021.4921355627,-19164.353154480952,31.832472928369334,
8047,2v00,47,1,8,0.6044921875,0,-844188.1273115944,-825021.4921355627,-19164.215801427345,-55.79210378470447,
8048,2v00,48,1,8,0.6044921875,0,-844163.7008796013,-825021.4921355627,-19164.392152461005,511.5615509711454,
8049,2v00,49,1,8,0.6044921875,0,-844186.7341486247,-825021.4921355627,-19164.263897071807,-22.555890575763282,
8050,2v00,50,1,8,0.6044921875,0,-844158.9242165656,-825021.4921355627,-19164.46067956709,623.2942899850976,
8051,2v00,51,1,8,0.6044921875,0,-844185.2867466054,-825021.4921355627,-19164.23071877982,10.056883330854262,
8052,2v00,52,1,8,0.6044921875,0,-844187.9253810387,-825021.4921355627,-19164.169623686645,-52.200358543539046,
8053,2v00,53,1,8,0.6044921875,0,-844183.3178279792,-825021.4921355627,-19164.228247249714,55.40423064659219,
8054,2v00,54,1,8,0.6044921875,0,-844186.7454999477,-825021.4921355627,-19164.216934942207,-23.900630738331717,
8055,2v00,55,1,8,0.6044921875,0,-844188.5764566202,-825021.4921355627,-19164.30449741019,-64.10425618040011,
8056,2v00,56,1,8,0.6044921875,0,-844183.5400919038,-825021.4921355627,-19164.305262934566,52.05472666784797,
8057,2v00,57,1,8,0.6044921875,0,-844187.5542978487,-825021.4921355627,-19164.4608096647,-36.92806871765968,
8058,2v00,58,1,8,0.6044921875,0,-844188.2908235487,-825021.4921355627,-19164.21763296482,-59.52054276893945,
8059,2v00,59,1,8,0.6044921875,0,-844174.5197432725,-825021.4921355627,-19164.461618135476,263.6745443182141,
8060,2v00,60,1,8,0.6044921875,0,-844186.375662199,-825021.4921355627,-19163.527501393877,-31.27068496213167,
8061,2v00,61,1,8,0.6044921875,0,-844185.0889824808,-825021.4921355627,-19164.2331682339,14.673918138400325,
8062,2v00,62,1,8,0.6044921875,0,-844186.8185934998,-825021.4921355627,-19163.522967984874,-41.58946630606847,
8063,2v00,63,1,8,0.6044921875,0,-844187.022199403,-825021.4921355627,-19164.35394922894,-27.121847250237302,
8064,2v00,64,1,8,0.6044921875,0,-844176.858955341,-825021.4921355627,-19163.522104708147,188.06533819611596,
8065,2v00,65,1,8,0.6044921875,0,-844186.8780507507,-825021.4921355627,-19164.496886156416,-20.501496505713703,
8066,2v00,66,1,8,0.6044921875,0,-844187.7284523599,-825021.4921355627,-19164.460773030787,-40.945011950886155,
8067,2v00,67,1,8,0.6044921875,0,-844188.587557377,-825021.4921355627,-19164.210821418477,-66.520465398785,
8068,2v00,68,1,8,0.6044921875,0,-844187.1088393059,-825021.4921355627,-19164.390987382165,-28.265690771148332,
8069,2v00,69,1,8,0.6044921875,0,-844188.2501860945,-825021.4921355627,-19164.261927374126,-57.56196746975793,
8070,2v00,70,1,8,0.6044921875,0,-844173.903958009,-825021.4921355627,-19164.263064232862,273.29612807187834,
8071,2v00,71,1,8,0.6044921875,0,-844189.0805262753,-825021.4921355627,-19164.241057286483,-77.19134257861081,
8072,2v00,72,1,8,0.6044921875,0,-844187.4740239654,-825021.4921355627,-19163.33889269934,-60.94892883390833,
8073,2v00,73,1,8,0.6044921875,0,-844189.9254748153,-825021.4921355627,-19163.38942499037,-116.31542609771536,
8074,2v00,74,1,8,0.6044921875,0,-844187.9791426745,-825021.4921355627,-19163.36334613632,-72.03333333114121,
8075,2v00,75,1,8,0.6044921875,0,-844187.5886542128,-825021.4921355627,-19163.468833962525,-60.595848420902506,
8076,2v00,76,1,8,0.6044921875,0,-844187.1955360015,-825021.4921355627,-19163.360963058425,-54.01788924962373,
8077,2v00,77,1,8,0.6044921875,0,-844187.9660391358,-825021.4921355627,-19163.513240908786,-68.27450298117051,
8078,2v00,78,1,8,0.6044921875,0,-844173.7103236225,-825021.4921355627,-19163.346302831662,256.6204229623131,
8079,2v00,79,1,8,0.6044921875,0,-844189.1402782006,-825021.4921355627,-19163.458978296174,-96.60442467310854,
8080,2v00,80,1,8,0.6044921875,0,-844189.4604927351,-825021.4921355627,-19163.395995923893,-105.44115527111661,
8081,2v00,81,1,8,0.6044921875,0,-844192.8702191993,-825021.4921355627,-19163.47535494924,-182.24125288804024,
8082,2v00,82,1,8,0.6044921875,0,-844187.5324664126,-825021.4921355627,-19163.388383315665,-61.15536295837249,
8083,2v00,83,1,8,0.6044921875,0,-844191.3156421243,-825021.4921355627,-19163.530639726763,-145.11695663586147,
8084,2v00,84,1,8,0.6044921875,0,-844184.97927928,-825021.4921355627,-19163.491339218333,0.0967505509418336,
8085,2v00,85,1,8,0.6044921875,0,-844154.6104088043,-825021.4921355627,-19163.42042636648,698.7842515079085,
8086,2v00,86,1,8,0.6044921875,0,-844187.0705727655,-825021.4921355627,-19163.555137834377,-46.65839186216712,
8087,2v00,87,1,8,0.6044921875,0,-844185.7639458139,-825021.4921355627,-19163.473523494747,-18.408929929070062,
8088,2v00,88,1,8,0.6044921875,0,-844187.0505332722,-825021.4921355627,-19163.530057796783,-46.77462957416323,
8089,2v00,89,1,8,0.6044921875,0,-844187.6029802558,-825021.4921355627,-19163.433656317946,-61.73743057789488,
8090,2v00,90,1,8,0.6044921875,0,-844188.3263415389,-825021.4921355627,-19164.19282606942,-60.911667679671034,
8091,2v00,91,1,8,0.6044921875,0,-844188.3698538328,-825021.4921355627,-19163.394678628236,-80.3208022561774,
8092,2v00,92,1,8,0.6044921875,0,-844183.7084828309,-825021.4921355627,-19163.41314224618,27.598747833132858,
8093,2v00,93,1,8,0.6044921875,0,-844188.1216513602,-825021.4921355627,-19163.389148748378,-74.72463932462344,
8094,2v00,94,1,8,0.6044921875,0,-844188.5608582934,-825021.4921355627,-19164.135626306186,-67.63881039013322,
8095,2v00,95,1,8,0.6044921875,0,-844187.7025789187,-825021.4921355627,-19164.165009254637,-47.16883092789227,
8096,2v00,96,1,8,0.6044921875,0,-844188.5370780033,-825021.4921355627,-19164.22427814146,-65.04606398399545,
8097,2v00,97,1,8,0.6044921875,0,-844187.4496634312,-825021.4921355627,-19164.18486578723,-40.87855871151953,
8098,2v00,98,1,8,0.6044921875,0,-844187.7879810485,-825021.4921355627,-19164.184768176438,-48.68259926572067,
8099,2v00,99,1,8,0.6044921875,0,-844188.3280827668,-825021.4921355627,-19164.201818154335,-60.74445894523693,
8100,2v00,100,1,8,0.6044921875,0,-844188.8946241618,-825021.4921355627,-19164.179356722896,-74.32718679480287,
9001,3uri,1,0,9,0.6044921875,1,-917759.0928348497,-825021.4921355627,-92741.40088144572,87.63428243564991,
9002,3uri,2,0,9,0.6044921875,1,-917718.6949496722,-825021.4921355627,-92742.63902590012,1047.7839352395665,
9003,3uri,3,0,9,0.6044921875,1,-917757.0724172523,-825021.4921355627,-92741.1338396525,128.0680890323845,
9004,3uri,4,0,9,0.6044921875,1,-917749.490553588,-825021.4921355627,-92741.60138098778,313.69177803380006,
9005,3uri,5,0,9,0.6044921875,1,-917742.3689221222,-825021.4921355627,-92741.3498827793,472.12081461808793,
9006,3uri,6,0,9,0.6044921875,1,-917723.455041553,-825021.4921355627,-92741.97700347764,922.7470090057559,
9007,3uri,7,0,9,0.6044921875,1,-917773.1949000838,-825021.4921355627,-92741.44976003002,-236.4399004744791,
9008,3uri,8,0,9,0.6044921875,1,-917734.079480192,-825021.4921355627,-92741.79144851874,673.4626345917575,
9009,3uri,9,0,9,0.6044921875,1,-917731.2069824749,-825021.4921355627,-92741.04431998378,722.4748122754014,
9010,3uri,10,0,9,0.6044921875,1,-917756.4324107071,-825021.4921355627,-92741.88805408732,160.21958862948503,
9011,3uri,11,0,9,0.6044921875,1,-917736.710907119,-825021.4921355627,-92741.4933205218,605.9054931473336,
9012,3uri,12,0,9,0.6044921875,1,-917750.6665156698,-825021.4921355627,-92742.06349028727,297.2299418042866,
9013,3uri,13,0,9,0.6044921875,1,-917768.3673495332,-825021.4921355627,-92741.24775694498,-129.77224190274302,
9014,3uri,14,0,9,0.6044921875,1,-917761.376058721,-825021.4921355627,-92742.35605310494,57.00867087850189,
9015,3uri,15,0,9,0.6044921875,1,-917741.5333631702,-825021.4921355627,-92741.21488977312,488.2762491192295,
9016,3uri,16,0,9,0.6044921875,1,-917763.0731263473,-825021.4921355627,-92742.30072691734,16.597509515185244,
9017,3uri,17,0,9,0.6044921875,1,-917713.6709010345,-825021.4921355627,-92739.70389340149,1095.9554857789851,
9018,3uri,18,0,9,0.6044921875,1,-917753.287285119,-825021.4921355627,-92742.19649879607,239.8608116479015,
9019,3uri,19,0,9,0.6044921875,1,-917745.3887838093,-825021.4921355627,-92740.56519180082,384.3857458997779,
9020,3uri,20,0,9,0.6044921875,1,-917739.3722743526,-825021.4921355627,-92740.55614821716,522.9212000052623,
9021,3uri,21,0,9,0.6044921875,1,-917743.2100771639,-825021.4921355627,-92741.89213279229,465.2279009066112,
9022,3uri,22,0,9,0.6044921875,1,-917738.546475978,-825021.4921355627,-92741.16237851151,555.9445656203361,
9023,3uri,23,0,9,0.6044921875,1,-917758.724369896,-825021.4921355627,-92740.61182308821,77.93516813066412,
9024,3uri,24,0,9,0.6044921875,1,-917753.8381953293,-825021.4921355627,-92740.83122440286,195.67254494528518,
9025,3uri,25,0,9,0.6044921875,1,-917733.4341477542,-825021.4921355627,-92739.56891168997,637.0914372958631,
9026,3uri,26,0,9,0.6044921875,1,-917751.214008748,-825021.4921355627,-92740.89871774091,257.7441584713368,
9027,3uri,27,0,9,0.6044921875,1,-917762.0120385156,-825021.4921355627,-92741.18173618031,15.262236795536504,
9028,3uri,28,0,9,0.6044921875,1,-917726.2546986724,-825021.4921355627,-92740.46761744826,823.3781133681093,
9029,3uri,29,0,9,0.6044921875,1,-917771.3137790033,-825021.4921355627,-92741.40405101154,-194.11429282969303,
9030,3uri,30,0,9,0.6044921875,1,-917581.5509637315,-825021.4921355627,-92739.57623920178,4139.769843555323,
9031,3uri,31,0,9,0.6044921875,1,-917759.9299153772,-825021.4921355627,-92739.47732074538,23.972383359206887,
9032,3uri,32,0,9,0.6044921875,1,-917599.9364247668,-825021.4921355627,-92742.2849410344,3778.2551881329723,
9033,3uri,33,0,9,0.6044921875,1,-917590.10307162,-825021.4921355627,-92743.39746896063,4030.673202165476,
9034,3uri,34,0,9,0.6044921875,1,-917744.4703869601,-825021.4921355627,-92738.17935992633,350.5458903104193,
9035,3uri,35,0,9,0.6044921875,1,-917740.4297751581,-825021.4921355627,-92741.80044530597,527.2288246316873,
9036,3uri,36,0,9,0.6044921875,1,-917696.806761072,-825021.4921355627,-92741.77972855182,1532.721687778618,
9037,3uri,37,0,9,0.6044921875,1,-917767.3776323855,-825021.4921355627,-92740.97726294791,-113.18656203497652,
9038,3uri,38,0,9,0.6044921875,1,-917671.8860562745,-825021.4921355627,-92742.59092103761,2126.113335852439,
9039,3uri,39,0,9,0.6044921875,1,-917766.0521333778,-825021.4921355627,-92741.6395042533,-67.34818146997995,
9040,3uri,40,0,9,0.6044921875,1,-917719.1032142262,-825021.4921355627,-92741.62456698835,1014.9751527076826,
9041,3uri,41,0,9,0.6044921875,1,-917744.944441879,-825021.4921355627,-92741.90491554543,425.52727772683306,
9042,3uri,42,0,9,0.6044921875,1,-917690.2487580107,-825021.4921355627,-92743.32983068681,1719.6990354741959,
9043,3uri,43,0,9,0.6044921875,1,-917671.1411904367,-825021.4921355627,-92740.57915933059,2096.898023065152,
9044,3uri,44,0,9,0.6044921875,1,-917771.3049793991,-825021.4921355627,-92742.00770850833,-179.99069655686264,
9045,3uri,45,0,9,0.6044921875,1,-917676.860517661,-825021.4921355627,-92743.55132990635,2033.547085773122,
9046,3uri,46,0,9,0.6044921875,1,-917640.8949447393,-825021.4921355627,-92742.27056070339,2833.397660924194,
9047,3uri,47,0,9,0.6044921875,1,-917661.7380686757,-825021.4921355627,-92741.18882691504,2327.798430682096,
9048,3uri,48,0,9,0.6044921875,1,-917718.6943258678,-825021.4921355627,-92741.716052278,1026.5140431515601,
9049,3uri,49,0,9,0.6044921875,1,-917714.8145851613,-825021.4921355627,-92743.22879135438,1150.8675811109906,
9050,3uri,50,0,9,0.6044921875,1,-917720.4604825584,-825021.4921355627,-92743.10647899113,1017.84950403598,
9051,3uri,51,0,9,0.6044921875,1,-917773.4191320693,-825021.4921355627,-92740.9806865664,-252.42790394556116,
9052,3uri,52,0,9,0.6044921875,1,-917660.7138781603,-825021.4921355627,-92743.73897406725,2410.224615428822,
9053,3uri,53,0,9,0.6044921875,1,-917700.9017876894,-825021.4921355627,-92742.72290525152,1460.0383019964802,
9054,3uri,54,0,9,0.6044921875,1,-917609.1357279808,-825021.4921355627,-92742.19009363592,3563.926983389303,
9055,3uri,55,0,9,0.6044921875,1,-917674.1799512003,-825021.4921355627,-92741.24245986034,2042.1186087228375,
9056,3uri,56,0,9,0.6044921875,1,-917692.5443713947,-825021.4921355627,-92741.78815517036,1631.2090512457287,
9057,3uri,57,0,9,0.6044921875,1,-917702.8868790026,-825021.4921355627,-92739.8408215389,1347.7985795152008,
9058,3uri,58,0,9,0.6044921875,1,-917742.0758012668,-825021.4921355627,-92742.93777652828,515.498041871557,
9059,3uri,59,0,9,0.6044921875,1,-917589.0014449493,-825021.4921355627,-92743.30475932891,4053.9393817997525,
9060,3uri,60,0,9,0.6044921875,1,-917692.459722423,-825021.4921355627,-92742.88129854889,1658.3695880722516,
9061,3uri,61,0,9,0.6044921875,1,-917763.539852672,-825021.4921355627,-92739.30475522953,-63.25420362647407,
9062,3uri,62,0,9,0.6044921875,1,-917767.2670815389,-825021.4921355627,-92741.76393927976,-92.49601177254048,
9063,3uri,63,0,9,0.6044921875,1,-917676.3599819205,-825021.4921355627,-92740.94455896431,1984.97614816607,
9064,3uri,64,0,9,0.6044921875,1,-917705.691590979,-825021.4921355627,-92736.0262539041,1195.1543654358543,
9065,3uri,65,0,9,0.6044921875,1,-917609.0228952975,-825021.4921355627,-92742.68788306558,3578.00826383063,
9066,3uri,66,0,9,0.6044921875,1,-917678.1729185513,-825021.4921355627,-92743.19926973866,1995.1637019336515,
9067,3uri,67,0,9,0.6044921875,1,-917672.0240873053,-825021.4921355627,-92739.68080831654,2055.82147106838,
9068,3uri,68,0,9,0.6044921875,1,-917737.1473247518,-825021.4921355627,-92739.94179706323,560.0624825243156,
9069,3uri,69,0,9,0.6044921875,1,-917770.5075381455,-825021.4921355627,-92742.24737583382,-156.07440456438064,
9070,3uri,70,0,9,0.6044921875,1,-917727.7290315499,-825021.4921355627,-92740.82728191538,797.6732491767589,
9071,3uri,71,0,9,0.6044921875,1,-917759.652974053,-825021.4921355627,-92742.00702970945,88.69527657371204,
9072,3uri,72,0,9,0.6044921875,1,-917735.2427250742,-825021.4921355627,-92741.19325752006,632.8429582118634,
9073,3uri,73,0,9,0.6044921875,1,-917743.8322921077,-825021.4921355627,-92740.58308628784,420.69195390418383,
9074,3uri,74,0,9,0.6044921875,1,-917743.4839025531,-825021.4921355627,-92738.473121126,380.0690553573266,
9075,3uri,75,0,9,0.6044921875,1,-917759.2687067646,-825021.4921355627,-92740.67867916,66.92419937838731,
9076,3uri,76,0,9,0.6044921875,1,-917765.6317267879,-825021.4921355627,-92740.92958600043,-74.02447902200304,
9077,3uri,77,0,9,0.6044921875,1,-917766.8217833448,-825021.4921355627,-92742.36924137315,-68.26859359268775,
9078,3uri,78,0,9,0.6044921875,1,-917754.9017279744,-825021.4921355627,-92739.64294669816,143.7445646678921,
9079,3uri,79,0,9,0.6044921875,1,-917752.8323653723,-825021.4921355627,-92742.00256577636,245.87930854686675,
9080,3uri,80,0,9,0.6044921875,1,-917750.145905297,-825021.4921355627,-92735.65380330344,161.42460893684486,
9081,3uri,81,0,9,0.6044921875,1,-917767.844445777,-825021.4921355627,-92740.64505174846,-131.6125068333324,
9082,3uri,82,0,9,0.6044921875,1,-917736.8748373963,-825021.4921355627,-92741.03514290025,591.5593441891926,
9083,3uri,83,0,9,0.6044921875,1,-917762.5479021916,-825021.4921355627,-92741.88793722213,19.19030976745784,
9084,3uri,84,0,9,0.6044921875,1,-917753.7572592798,-825021.4921355627,-92741.10026406575,203.74317659948701,
9085,3uri,85,0,9,0.6044921875,1,-917771.222648997,-825021.4921355627,-92741.20936377879,-196.502379202149,
9086,3uri,86,0,9,0.6044921875,1,-917747.018667089,-825021.4921355627,-92738.82045227618,306.565095307856,
9087,3uri,87,0,9,0.6044921875,1,-917747.7318641327,-825021.4921355627,-92741.6244664003,354.7804825975829,
9088,3uri,88,0,9,0.6044921875,1,-917738.7419202818,-825021.4921355627,-92742.68932418291,586.6497165944977,
9089,3uri,89,0,9,0.6044921875,1,-917766.057513629,-825021.4921355627,-92740.27169228677,-99.01474628779351,
9090,3uri,90,0,9,0.6044921875,1,-917750.662211037,-825021.4921355627,-92741.66696889802,288.18520853164244,
9091,3uri,91,0,9,0.6044921875,1,-917763.6097521129,-825021.4921355627,-92739.95893386331,-49.780405351772316,
9092,3uri,92,0,9,0.6044921875,1,-917768.1976970542,-825021.4921355627,-92741.91109691195,-110.56297975994079,
9093,3uri,93,0,9,0.6044921875,1,-917772.0583425227,-825021.4921355627,-92740.20296392124,-238.98206177579473,
9094,3uri,94,0,9,0.6044921875,1,-917766.2859185289,-825021.4921355627,-92741.87570798832,-67.2924076009596,
9095,3uri,95,0,9,0.6044921875,1,-917759.974984317,-825021.4921355627,-92742.27227424696,87.38622782484009,
9096,3uri,96,0,9,0.6044921875,1,-917757.875508077,-825021.4921355627,-92740.36854857758,91.90034322123188,
9097,3uri,97,0,9,0.6044921875,1,-917767.9305429885,-825021.4921355627,-92740.83290402072,-129.265979386886,
9098,3uri,98,0,9,0.6044921875,1,-917749.0456242032,-825021.4921355627,-92741.2768849918,316.46903795867996,
9099,3uri,99,0,9,0.6044921875,1,-917739.0189486522,-825021.4921355627,-92741.32478151833,548.7941892245798,
9100,3uri,100,0,9,0.6044921875,1,-917747.4893756411,-825021.4921355627,-92742.24129609803,374.5968308038501,
10001,3wz8,1,0,10,0.6044921875,0,-872795.195333983,-825021.4921355627,-47786.05478043563,284.8342478472349,
10002,3wz8,2,0,10,0.6044921875,0,-872780.00996515,-825021.4921355627,-47786.01352930833,634.065898552357,
10003,3wz8,3,0,10,0.6044921875,0,-872747.8444907336,-825021.4921355627,-47786.32048771608,1382.8979888715733,
10004,3wz8,4,0,10,0.6044921875,0,-872795.5435700977,-825021.4921355627,-47785.91242580444,273.5209564885892,
10005,3wz8,5,0,10,0.6044921875,0,-872799.9490345252,-825021.4921355627,-47785.802990655095,169.40489884526534,
10006,3wz8,6,0,10,0.6044921875,0,-872800.0274229911,-825021.4921355627,-47786.05674699146,173.44897800968752,
10007,3wz8,7,0,10,0.6044921875,0,-872804.4813331654,-825021.4921355627,-47786.19787923006,73.99395614026028,
10008,3wz8,8,0,10,0.6044921875,0,-872742.9029459769,-825021.4921355627,-47786.18852078997,1493.8094884775655,
10009,3wz8,9,0,10,0.6044921875,0,-872773.2827685445,-825021.4921355627,-47786.061672674114,790.30895002948,
10010,3wz8,10,0,10,0.6044921875,0,-872800.6006267193,-825021.4921355627,-47786.17958577441,163.06331564879005,
10011,3wz8,11,0,10,0.6044921875,0,-872793.6799518869,-825021.4921355627,-47786.067691176024,320.0775179039929,
10012,3wz8,12,0,10,0.6044921875,0,-872800.2793636569,-825021.4921355627,-47786.31296065381,173.5475156518442,
10013,3wz8,13,0,10,0.6044921875,0,-872792.4094850883,-825021.4921355627,-47786.09847796551,350.0851385111058,
10014,3wz8,14,0,10,0.6044921875,0,-872806.8102632997,-825021.4921355627,-47786.131048104085,18.74638900693717,
10015,3wz8,15,0,10,0.6044921875,0,-872819.120102055,-825021.4921355627,-47785.369435057895,-282.68845047670646,
10016,3wz8,16,0,10,0.6044921875,0,-872796.7290380904,-825021.4921355627,-47785.680530836995,240.83579015068761,
10017,3wz8,17,0,10,0.6044921875,0,-872783.4037191283,-825021.4921355627,-47785.70860296139,548.7723040019002,
10018,3wz8,18,0,10,0.6044921875,0,-872777.8222190969,-825021.4921355627,-47786.86378275659,704.1238313628028,
10019,3wz8,19,0,10,0.6044921875,0,-872799.4992899587,-825021.4921355627,-47786.79989441089,202.76540167475315,
10020,3wz8,20,0,10,0.6044921875,0,-872792.2294566977,-825021.4921355627,-47786.89080265617,372.5081332498107,
10021,3wz8,21,0,10,0.6044921875,0,-872795.1933399037,-825021.4921355627,-47786.93034155944,305.07115158317464,
10022,3wz8,22,0,10,0.6044921875,0,-872793.5335488172,-825021.4921355627,-47786.909916076045,342.8758204870019,
10023,3wz8,23,0,10,0.6044921875,0,-872779.2550791206,-825021.4921355627,-47786.89069327115,671.7018654599575,
10024,3wz8,24,0,10,0.6044921875,0,-872788.5838062321,-825021.4921355627,-47787.02050525556,459.5698431830684,
10025,3wz8,25,0,10,0.6044921875,0,-872803.3890685614,-825021.4921355627,-47785.99638320601,94.53556758554079,
10026,3wz8,26,0,10,0.6044921875,0,-872800.3542808854,-825021.4921355627,-47786.872977961684,184.7341892338205,
10027,3wz8,27,0,10,0.6044921875,0,-872782.0603965636,-825021.4921355627,-47786.678108501226,602.1073871312141,
10028,3wz8,28,0,10,0.6044921875,0,-872785.2435291205,-825021.4921355627,-47787.05815248496,537.4666290174756,
10029,3wz8,29,0,10,0.6044921875,0,-872752.2035395046,-825021.4921355627,-47786.67812203712,1290.6231795586843,
10030,3wz8,30,0,10,0.6044921875,0,-872794.0926901762,-825021.4921355627,-47786.91583261997,330.11815317647824,
10031,3wz8,31,0,10,0.6044921875,0,-872810.5358760527,-825021.4921355627,-47785.89278681493,-72.66271793561828,
10032,3wz8,32,0,10,0.6044921875,0,-872808.6490214652,-825021.4921355627,-47787.00219951666,-3.567152799708306,
10033,3wz8,33,0,10,0.6044921875,0,-872772.0400796244,-825021.4921355627,-47786.93038481031,838.9990150781493,
10034,3wz8,34,0,10,0.6044921875,0,-872812.8083200959,-825021.4921355627,-47787.05660969996,-98.22812917949933,
10035,3wz8,35,0,10,0.6044921875,0,-872807.485426515,-825021.4921355627,-47786.885585683805,20.57680533511086,
10036,3wz8,36,0,10,0.6044921875,0,-872806.6704922062,-825021.4921355627,-47786.85781588328,38.72925012780964,
10037,3wz8,37,0,10,0.6044921875,0,-872799.9815824084,-825021.4921355627,-47786.728438687765,189.99566544955672,
10038,3wz8,38,0,10,0.6044921875,0,-872807.6931191551,-825021.4921355627,-47786.860436088915,15.207335837314767,
10039,3wz8,39,0,10,0.6044921875,0,-872811.9379017494,-825021.4921355627,-47786.724567053716,-85.81289059322832,
10040,3wz8,40,0,10,0.6044921875,0,-872796.7670027844,-825021.4921355627,-47786.72087523997,263.9512153746033,
10041,3wz8,41,0,10,0.6044921875,0,-872791.5029742275,-825021.4921355627,-47786.731560572356,385.589007310862,
10042,3wz8,42,0,10,0.6044921875,0,-872793.2781260273,-825021.4921355627,-47786.88260788204,348.13626803507515,
10043,3wz8,43,0,10,0.6044921875,0,-872800.6533703258,-825021.4921355627,-47786.835401663535,176.9704928675928,
10044,3wz8,44,0,10,0.6044921875,0,-872751.8134820368,-825021.4921355627,-47786.95267242894,1305.9494008926408,
10045,3wz8,45,0,10,0.6044921875,0,-872803.1366020814,-825021.4921355627,-47786.70602078581,116.72221427491448,
10046,3wz8,46,0,10,0.6044921875,0,-872792.1830541185,-825021.4921355627,-47786.7550719974,370.4481787977265,
10047,3wz8,47,0,10,0.6044921875,0,-872804.8522034792,-825021.4921355627,-47786.66273886997,76.16140149241699,
10048,3wz8,48,0,10,0.6044921875,0,-872795.3718792048,-825021.4921355627,-47786.893505503554,300.10447786334123,
10049,3wz8,49,0,10,0.6044921875,0,-872807.5425548713,-825021.4921355627,-47786.93121655157,20.311666950785067,
10050,3wz8,50,0,10,0.6044921875,0,-872805.8352177462,-825021.4921355627,-47787.0395820589,62.182764351692626,
10051,3wz8,51,0,10,0.6044921875,0,-872809.8283705834,-825021.4921355627,-47786.31338571463,-46.6480131757848,
10052,3wz8,52,0,10,0.6044921875,0,-872807.5809337513,-825021.4921355627,-47786.93095232721,19.420535794056892,
10053,3wz8,53,0,10,0.6044921875,0,-872805.2830682644,-825021.4921355627,-47786.73533283297,67.89948006037629,
10054,3wz8,54,0,10,0.6044921875,0,-872800.8486663761,-825021.4921355627,-47786.885187610125,173.61495016157025,
10055,3wz8,55,0,10,0.6044921875,0,-872772.64675615,-825021.4921355627,-47786.9140779855,824.6326777294863,
10056,3wz8,56,0,10,0.6044921875,0,-872792.9856651694,-825021.4921355627,-47786.86267540658,354.42092183320335,
10057,3wz8,57,0,10,0.6044921875,0,-872800.2117546309,-825021.4921355627,-47787.04308955116,191.94378918902692,
10058,3wz8,58,0,10,0.6044921875,0,-872785.9842540665,-825021.4921355627,-47786.99558513018,518.9422684927526,
10059,3wz8,59,0,10,0.6044921875,0,-872786.8400969213,-825021.4921355627,-47786.87235885135,496.36439790666594,
10060,3wz8,60,0,10,0.6044921875,0,-872780.7708905652,-825021.4921355627,-47786.9525171826,638.1721164065394,
10061,3wz8,61,0,10,0.6044921875,0,-872808.9174207356,-825021.4921355627,-47786.84447036222,-13.393907721931978,
10062,3wz8,62,0,10,0.6044921875,0,-872812.4034239778,-825021.4921355627,-47786.75573925076,-95.82924026635982,
10063,3wz8,63,0,10,0.6044921875,0,-872791.6704889287,-825021.4921355627,-47786.916837744146,385.99861961484055,
10064,3wz8,64,0,10,0.6044921875,0,-872810.2085877862,-825021.4921355627,-47787.055176981245,-38.30991718343008,
10065,3wz8,65,0,10,0.6044921875,0,-872801.8678652846,-825021.4921355627,-47786.69997272085,145.8405081708662,
10066,3wz8,66,0,10,0.6044921875,0,-872808.5184008968,-825021.4921355627,-47786.8868441071,-3.215129873893776,
10067,3wz8,67,0,10,0.6044921875,0,-872803.857044574,-825021.4921355627,-47787.038816735396,107.78287262767522,
10068,3wz8,68,0,10,0.6044921875,0,-872805.9146202282,-825021.4921355627,-47786.16270523189,40.13043960637678,
10069,3wz8,69,0,10,0.6044921875,0,-872806.1609480754,-825021.4921355627,-47786.903873504954,51.54173091731816,
10070,3wz8,70,0,10,0.6044921875,0,-872798.6841028684,-825021.4921355627,-47786.93255168363,224.62321194486262,
10071,3wz8,71,0,10,0.6044921875,0,-872768.3889542436,-825021.4921355627,-47786.9412109273,923.4456227457586,
10072,3wz8,72,0,10,0.6044921875,0,-872746.9511582685,-825021.4921355627,-47786.93083869598,1417.5737528767747,
10073,3wz8,73,0,10,0.6044921875,0,-872806.1793333282,-825021.4921355627,-47786.84411620649,49.739720876347874,
10074,3wz8,74,0,10,0.6044921875,0,-872798.3675864583,-825021.4921355627,-47786.93170487601,231.90272591139535,
10075,3wz8,75,0,10,0.6044921875,0,-872766.2504043811,-825021.4921355627,-47786.887188422625,971.5159655860854,
10076,3wz8,76,0,10,0.6044921875,0,-872804.0105634598,-825021.4921355627,-47786.93024167948,101.73884274774517,
10077,3wz8,77,0,10,0.6044921875,0,-872812.6176544315,-825021.4921355627,-47785.17981293311,-137.11123611669197,
10078,3wz8,78,0,10,0.6044921875,0,-872810.7751060943,-825021.4921355627,-47785.14896992855,-95.33231863864218,
10079,3wz8,79,0,10,0.6044921875,0,-872796.2365613257,-825021.4921355627,-47786.092286386825,261.68788269030614,
10080,3wz8,80,0,10,0.6044921875,0,-872802.3008426372,-825021.4921355627,-47784.64251770446,88.40977340580676,
10081,3wz8,81,0,10,0.6044921875,0,-872805.7476930122,-825021.4921355627,-47785.11961774088,19.925703677071738,
10082,3wz8,82,0,10,0.6044921875,0,-872812.3193085587,-825021.4921355627,-47785.93772122813,-112.75343635865985,
10083,3wz8,83,0,10,0.6044921875,0,-872805.8381648434,-825021.4921355627,-47786.35967798619,46.435842287386464,
10084,3wz8,84,0,10,0.6044921875,0,-872805.4627432348,-825021.4921355627,-47786.32634081467,54.3244968098853,
10085,3wz8,85,0,10,0.6044921875,0,-872812.6783810959,-825021.4921355627,-47785.60393491354,-128.73114104942064,
10086,3wz8,86,0,10,0.6044921875,0,-872808.6634458837,-825021.4921355627,-47785.0981945712,-47.807184905861625,
10087,3wz8,87,0,10,0.6044921875,0,-872791.0811712465,-825021.4921355627,-47785.948900424424,377.26744335414804,
10088,3wz8,88,0,10,0.6044921875,0,-872801.7940280454,-825021.4921355627,-47785.896263618095,129.00926315057228,
10089,3wz8,89,0,10,0.6044921875,0,-872804.612828968,-825021.4921355627,-47785.61507947298,57.5219092222548,
10090,3wz8,90,0,10,0.6044921875,0,-872802.1244245004,-825021.4921355627,-47785.746480718095,117.93606416699348,
10091,3wz8,91,0,10,0.6044921875,0,-872785.5314072629,-825021.4921355627,-47786.06499190974,507.9251743960532,
10092,3wz8,92,0,10,0.6044921875,0,-872789.1730553982,-825021.4921355627,-47785.824282134476,418.39587410469136,
10093,3wz8,93,0,10,0.6044921875,0,-872806.3498819272,-825021.4921355627,-47786.41202257972,35.842461002024294,
10094,3wz8,94,0,10,0.6044921875,0,-872811.5378986786,-825021.4921355627,-47783.512281685005,-150.66566103678403,
10095,3wz8,95,0,10,0.6044921875,0,-872788.1649511897,-825021.4921355627,-47786.01296662538,445.99447715057556,
10096,3wz8,96,0,10,0.6044921875,0,-872803.0608023078,-825021.4921355627,-47786.0360650548,103.02065239947311,
10097,3wz8,97,0,10,0.6044921875,0,-872806.5962048635,-825021.4921355627,-47786.187507993855,24.984689802477988,
10098,3wz8,98,0,10,0.6044921875,0,-872813.8621602167,-825021.4921355627,-47785.932122029495,-148.46156140049175,
10099,3wz8,99,0,10,0.6044921875,0,-872791.6238371468,-825021.4921355627,-47785.64295133951,357.6979168975837,
10100,3wz8,100,0,10,0.6044921875,0,-872817.749584179,-825021.4921355627,-47786.167629617106,-232.67675363368383,
11002,4mme,2,0,11,0.462158203125,0,-859379.2011049838,-825021.4921355627,-34355.44026378478,-52.31759483997767,
11003,4mme,3,0,11,0.462158203125,0,-859376.8538575517,-825021.4921355627,-34355.61917660423,5.93704446876737,
11004,4mme,4,0,11,0.462158203125,0,-859377.3038566072,-825021.4921355627,-34355.39671042347,-9.570372275952373,
11005,4mme,5,0,11,0.462158203125,0,-859376.8787476066,-825021.4921355627,-34355.57153282844,4.264374595686622,
11006,4mme,6,0,11,0.462158203125,0,-859374.4044994575,-825021.4921355627,-34355.43755167179,58.23221351378182,
11007,4mme,7,0,11,0.462158203125,0,-859379.7399815413,-825021.4921355627,-34355.568629727204,-61.78419451371452,
11008,4mme,8,0,11,0.462158203125,0,-859376.7945593357,-825021.4921355627,-34355.57357095368,6.252802529620971,
11009,4mme,9,0,11,0.462158203125,0,-859376.6870869406,-825021.4921355627,-34355.40362110082,4.8120381256253415,
11010,4mme,10,0,11,0.462158203125,0,-859375.0285715859,-825021.4921355627,-34355.44022817567,43.9024899918125,
11011,4mme,11,0,11,0.462158203125,0,-859379.19871677,-825021.4921355627,-34354.612260695176,-71.35672617406314,
11012,4mme,12,0,11,0.462158203125,0,-859378.4237120041,-825021.4921355627,-34355.62000549245,-30.245544601349753,
11013,4mme,13,0,11,0.462158203125,0,-859380.7704729625,-825021.4921355627,-34355.57008031422,-85.51443989087963,
11014,4mme,14,0,11,0.462158203125,0,-859368.3765164108,-825021.4921355627,-34355.62062451949,201.46256504298722,
11015,4mme,15,0,11,0.462158203125,0,-859361.8534000115,-825021.4921355627,-34355.4391733182,347.70483866741876,
11016,4mme,16,0,11,0.462158203125,0,-859379.4172303024,-825021.4921355627,-34355.62228345612,-53.10408974875346,
11017,4mme,17,0,11,0.462158203125,0,-859378.9418669249,-825021.4921355627,-34355.56749179434,-43.40547558260306,
11018,4mme,18,0,11,0.462158203125,0,-859379.7160361888,-825021.4921355627,-34355.573328139464,-61.12365360576527,
11019,4mme,19,0,11,0.462158203125,0,-859379.7907916693,-825021.4921355627,-34355.613345272,-61.924738940794384,
11020,4mme,20,0,11,0.462158203125,0,-859379.787154728,-825021.4921355627,-34354.61220700622,-84.9276659448254,
11021,4mme,21,0,11,0.462158203125,0,-859383.6507386114,-825021.4921355627,-34355.404642942834,-155.7500200662642,
11022,4mme,22,0,11,0.462158203125,0,-859330.403466969,-825021.4921355627,-34354.610030030344,1053.8370254161493,
11023,4mme,23,0,11,0.462158203125,0,-859366.3465966989,-825021.4921355627,-34355.40015411704,243.1894573925789,
11024,4mme,24,0,11,0.462158203125,0,-859379.8907788619,-825021.4921355627,-34355.0332597658,-77.6075879412883,
11025,4mme,25,0,11,0.462158203125,0,-859379.5968626742,-825021.4921355627,-34354.61818253519,-80.40162796616524,
11026,4mme,26,0,11,0.462158203125,0,-859388.5217081552,-825021.4921355627,-34355.031569178005,-276.68053161110754,
11027,4mme,27,0,11,0.462158203125,0,-859383.8958795005,-825021.4921355627,-34355.439991313804,-160.58795046728113,
11028,4mme,28,0,11,0.462158203125,0,-859378.4334745968,-825021.4921355627,-34355.033674221944,-43.991795646002174,
11029,4mme,29,0,11,0.462158203125,0,-859383.9664244751,-825021.4921355627,-34355.43840473245,-162.25134366184042,
11030,4mme,30,0,11,0.462158203125,0,-859380.8714220455,-825021.4921355627,-34354.61025039129,-109.97658489449458,
11031,4mme,31,0,11,0.462158203125,0,-859391.8280601349,-825021.4921355627,-34355.618971460666,-339.38100114938493,
11032,4mme,32,0,11,0.462158203125,0,-859381.9638205017,-825021.4921355627,-34354.60827281477,-135.21349574140243,
11033,4mme,33,0,11,0.462158203125,0,-859369.7502643089,-825021.4921355627,-34355.02879996756,156.13538754595268,
11034,4mme,34,0,11,0.462158203125,0,-859380.7487381422,-825021.4921355627,-34355.44009894152,-88.01066468919271,
11035,4mme,35,0,11,0.462158203125,0,-859348.5808481966,-825021.4921355627,-34355.02846988702,644.3061085105294,
11036,4mme,36,0,11,0.462158203125,0,-859322.9069910267,-825021.4921355627,-34354.6163850693,1226.8564181247682,
11037,4mme,37,0,11,0.462158203125,0,-859386.052186854,-825021.4921355627,-34355.56912105641,-207.33577672225735,
11038,4mme,38,0,11,0.462158203125,0,-859362.5642975088,-825021.4921355627,-34354.6138872592,312.2796042918876,
11039,4mme,39,0,11,0.462158203125,0,-859383.9977417042,-825021.4921355627,-34355.44495346547,-162.82251875150817,
11040,4mme,40,0,11,0.462158203125,0,-859375.7682785823,-825021.4921355627,-34355.03402359637,17.477141291504307,
11041,4mme,41,0,11,0.462158203125,0,-859371.3298278584,-825021.4921355627,-34355.02660525395,119.65917546345166,
11043,4mme,43,0,11,0.462158203125,0,-859381.2018351846,-825021.4921355627,-34355.02987962521,-107.91921287212007,
11044,4mme,44,0,11,0.462158203125,0,-859377.0576193721,-825021.4921355627,-34355.03081900991,-12.329663183124673,
11045,4mme,45,0,11,0.462158203125,0,-859384.986514753,-825021.4921355627,-34355.61371576281,-181.7324159057554,
11046,4mme,46,0,11,0.462158203125,0,-859381.2722057677,-825021.4921355627,-34355.39511498193,-101.1194696563389,
11047,4mme,47,0,11,0.462158203125,0,-859379.7373888256,-825021.4921355627,-34355.43993778601,-64.69211173537374,
11048,4mme,48,0,11,0.462158203125,0,-859379.2755261399,-825021.4921355627,-34355.03216103142,-63.444860533094506,
11049,4mme,49,0,11,0.462158203125,0,-859378.6020043626,-825021.4921355627,-34355.57224189443,-35.45851879970966,
11050,4mme,50,0,11,0.462158203125,0,-859379.310578246,-825021.4921355627,-34355.57420655731,-51.75331452707852,
11051,4mme,51,0,11,0.462158203125,0,-859387.4901259255,-825021.4921355627,-34355.570497975765,-240.46368694491505,
11052,4mme,52,0,11,0.462158203125,0,-859379.5999514031,-825021.4921355627,-34354.61206083711,-80.61402545737971,
11053,4mme,53,0,11,0.462158203125,0,-859373.7107022546,-825021.4921355627,-34354.61148756009,55.18206613689876,
11054,4mme,54,0,11,0.462158203125,0,-859365.8620674569,-825021.4921355627,-34354.61389127674,236.23131531514755,
11055,4mme,55,0,11,0.462158203125,0,-859375.2795535148,-825021.4921355627,-34354.61285444317,19.035017683749885,
11056,4mme,56,0,11,0.462158203125,0,-859379.1358107652,-825021.4921355627,-34355.02754595282,-60.32937369340962,
11057,4mme,57,0,11,0.462158203125,0,-859377.221689253,-825021.4921355627,-34355.4415399802,-6.641753937512265,
11058,4mme,58,0,11,0.462158203125,0,-859376.2333326273,-825021.4921355627,-34355.030825744114,6.678996016232572,
11059,4mme,59,0,11,0.462158203125,0,-859379.2096285647,-825021.4921355627,-34355.03328464975,-61.89931509339444,
11060,4mme,60,0,11,0.462158203125,0,-859374.1649872328,-825021.4921355627,-34355.031295722474,54.38701187635697,
11061,4mme,61,0,11,0.462158203125,0,-859368.9676776446,-825021.4921355627,-34354.61431287876,164.62396541350174,
11062,4mme,62,0,11,0.462158203125,0,-859368.1297325164,-825021.4921355627,-34355.027881154136,193.48455011755067,
11063,4mme,63,0,11,0.462158203125,0,-859378.4971094503,-825021.4921355627,-34355.619909305075,-31.94034805341668,
11064,4mme,64,0,11,0.462158203125,0,-859377.3902230918,-825021.4921355627,-34355.40280812055,-11.421414490833754,
11065,4mme,65,0,11,0.462158203125,0,-859384.7531520693,-825021.4921355627,-34354.61412270802,-199.4021080280406,
11066,4mme,66,0,11,0.462158203125,0,-859371.8634181045,-825021.4921355627,-34355.438839633825,116.86064270561768,
11067,4mme,67,0,11,0.462158203125,0,-859372.5454495703,-825021.4921355627,-34355.4377479789,101.1074493055966,
11068,4mme,68,0,11,0.462158203125,0,-859376.8442211666,-825021.4921355627,-34355.57420991844,5.122308380621504,
11069,4mme,69,0,11,0.462158203125,0,-859376.2169496958,-825021.4921355627,-34355.02779982811,6.987016110905499,
11070,4mme,70,0,11,0.462158203125,0,-859345.3052142066,-825021.4921355627,-34355.617230998876,733.4211765948983,
11071,4mme,71,0,11,0.462158203125,0,-859380.9830734092,-825021.4921355627,-34355.57852879781,-90.22229599987025,
11072,4mme,72,0,11,0.462158203125,0,-859378.2737105549,-825021.4921355627,-34354.61399551681,-49.985570169572235,
11073,4mme,73,0,11,0.462158203125,0,-859380.2213297127,-825021.4921355627,-34355.573040716605,-72.78262721059312,
11074,4mme,74,0,11,0.462158203125,0,-859379.458363029,-825021.4921355627,-34355.5724845137,-55.20102385392818,
11075,4mme,75,0,11,0.462158203125,0,-859378.4148454384,-825021.4921355627,-34355.03220152215,-43.596158312065874,
11076,4mme,76,0,11,0.462158203125,0,-859378.5509898701,-825021.4921355627,-34355.02797955219,-46.83308443038824,
11077,4mme,77,0,11,0.462158203125,0,-859380.0778340227,-825021.4921355627,-34355.621843419896,-68.34812091523776,
11078,4mme,78,0,11,0.462158203125,0,-859380.5553171554,-825021.4921355627,-34355.033702057946,-92.9220055444616,
11079,4mme,79,0,11,0.462158203125,0,-859379.7779035148,-825021.4921355627,-34355.40130839694,-66.51721753716912,
11080,4mme,80,0,11,0.462158203125,0,-859376.6825396154,-825021.4921355627,-34355.4427933389,5.820235205701032,
11081,4mme,81,0,11,0.462158203125,0,-859374.4616078202,-825021.4921355627,-34355.44119397513,56.99925689253376,
11082,4mme,82,0,11,0.462158203125,0,-859376.7733011876,-825021.4921355627,-34355.57422305568,6.758064900694971,
11083,4mme,83,0,11,0.462158203125,0,-859380.3769980834,-825021.4921355627,-34354.61971506437,-98.35663692205269,
11084,4mme,84,0,11,0.462158203125,0,-859349.1614472113,-825021.4921355627,-34355.0323418345,631.0064663929807,
12001,3f3e,1,0,12,0.462158203125,0,-837034.7490368552,-825021.4921355627,-12012.136247445442,-25.842891641183048,
12002,3f3e,2,0,12,0.462158203125,0,-837034.9444046754,-825021.4921355627,-12012.216049832597,-28.507893837736276,
12003,3f3e,3,0,12,0.462158203125,0,-837033.7638136396,-825021.4921355627,-12011.739491848699,-12.272505971164414,
12004,3f3e,4,0,12,0.462158203125,0,-837035.460244149,-825021.4921355627,-12012.252326080416,-39.56688454316209,
12005,3f3e,5,0,12,0.462158203125,0,-837035.613884562,-825021.4921355627,-12012.170092353988,-45.00627141915181,
12006,3f3e,6,0,12,0.462158203125,0,-837035.3886782851,-825021.4921355627,-12011.566379085638,-53.734849997783165,
12007,3f3e,7,0,12,0.462158203125,0,-837034.8872531102,-825021.4921355627,-12011.901521042582,-34.44315364082589,
12008,3f3e,8,0,12,0.462158203125,0,-837033.6786099182,-825021.4921355627,-12011.7019356936,-11.173726988988944,
12009,3f3e,9,0,12,0.462158203125,0,-837029.7269305845,-825021.4921355627,-12004.941804826702,-75.93815790039129,
12010,3f3e,10,0,12,0.462158203125,0,-837035.4626471289,-825021.4921355627,-12011.563812905968,-55.49978956699209,
12011,3f3e,11,0,12,0.462158203125,0,-837033.9347784013,-825021.4921355627,-12011.24843391636,-27.53911197054892,
12012,3f3e,12,0,12,0.462158203125,0,-837035.9521939056,-825021.4921355627,-12012.253385808217,-50.887077532530796,
12013,3f3e,13,0,12,0.462158203125,0,-837034.2850973813,-825021.4921355627,-12011.344864785942,-33.39391088571308,
12014,3f3e,14,0,12,0.462158203125,0,-837035.309534857,-825021.4921355627,-12012.130567491527,-38.89926547116206,
12015,3f3e,15,0,12,0.462158203125,0,-837034.5873474583,-825021.4921355627,-12011.250856381619,-42.53184854793863,
12016,3f3e,16,0,12,0.462158203125,0,-837036.3338641501,-825021.4921355627,-12012.105414187401,-63.10090910083442,
12017,3f3e,17,0,12,0.462158203125,0,-837033.3683953928,-825021.4921355627,-12011.869822274492,-0.14845355860260753,
12018,3f3e,18,0,12,0.462158203125,0,-837031.3746994179,-825021.4921355627,-12004.93873709786,-114.00735340277019,
12019,3f3e,19,0,12,0.462158203125,0,-837034.7778300497,-825021.4921355627,-12012.168636293633,-25.759973898742437,
12020,3f3e,20,0,12,0.462158203125,0,-837034.9428380978,-825021.4921355627,-12011.305427274565,-49.47122275552803,
12021,3f3e,21,0,12,0.462158203125,0,-837033.9517825488,-825021.4921355627,-12011.346540359125,-25.668848611903773,
12022,3f3e,22,0,12,0.462158203125,0,-837034.7446738877,-825021.4921355627,-12011.303822754142,-44.93844863078713,
12023,3f3e,23,0,12,0.462158203125,0,-837032.4135647644,-825021.4921355627,-12005.293059283558,-129.79329370636452,
12024,3f3e,24,0,12,0.462158203125,0,-837033.8619365534,-825021.4921355627,-12011.89696482281,-10.90386106521043,
12025,3f3e,25,0,12,0.462158203125,0,-837031.8909827106,-825021.4921355627,-12011.347508982853,21.876661619132623,
12026,3f3e,26,0,12,0.462158203125,0,-837034.7799612504,-825021.4921355627,-12010.28258146557,-69.30257812647899,
12027,3f3e,27,0,12,0.462158203125,0,-837034.2462462379,-825021.4921355627,-12010.281701901387,-57.015100785088386,
12028,3f3e,28,0,12,0.462158203125,0,-837036.3666804524,-825021.4921355627,-12011.466574309396,-78.58966857167158,
12029,3f3e,29,0,12,0.462158203125,0,-837031.1875870561,-825021.4921355627,-12010.777869326821,24.96114822089684,
12030,3f3e,30,0,12,0.462158203125,0,-837035.3673631108,-825021.4921355627,-12012.24789586848,-37.52716003335238,
12031,3f3e,31,0,12,0.462158203125,0,-837035.9195150502,-825021.4921355627,-12012.105340924714,-53.54748134276991,
12032,3f3e,32,0,12,0.462158203125,0,-837030.5267099057,-825021.4921355627,-12005.49569222193,-81.60856042004468,
12033,3f3e,33,0,12,0.462158203125,0,-837035.1185956406,-825021.4921355627,-12012.128393079887,-34.54624566205709,
12034,3f3e,34,0,12,0.462158203125,0,-837035.7398486004,-825021.4921355627,-12011.871692797045,-54.792328404983614,
12035,3f3e,35,0,12,0.462158203125,0,-837035.9653206146,-825021.4921355627,-12011.563833912009,-67.0912311182456,
12036,3f3e,36,0,12,0.462158203125,0,-837035.5237370277,-825021.4921355627,-12011.55371342401,-57.14145568721235,
12037,3f3e,37,0,12,0.462158203125,0,-837034.175042994,-825021.4921355627,-12011.410319355618,-29.346578187238734,
12038,3f3e,38,0,12,0.462158203125,0,-837029.5310660629,-825021.4921355627,-12011.868366823928,88.30889950858912,
12039,3f3e,39,0,12,0.462158203125,0,-837035.1968737725,-825021.4921355627,-12011.327455639748,-54.82143841447475,
12040,3f3e,40,0,12,0.462158203125,0,-837024.6214042034,-825021.4921355627,-12011.705897106094,197.78175095277138,
12041,3f3e,41,0,12,0.462158203125,0,-837034.8288869066,-825021.4921355627,-12011.90068913788,-33.11638119003247,
12042,3f3e,42,0,12,0.462158203125,0,-837035.4761071185,-825021.4921355627,-12011.70373199991,-52.58357334462923,
12043,3f3e,43,0,12,0.462158203125,0,-837034.8848852849,-825021.4921355627,-12011.250388716307,-49.40401844757758,
12044,3f3e,44,0,12,0.462158203125,0,-837023.1370288515,-825021.4921355627,-12011.550379306653,228.42593409917902,
12045,3f3e,45,0,12,0.462158203125,0,-837034.1890893939,-825021.4921355627,-12011.875323205148,-18.94725235211637,
12046,3f3e,46,0,12,0.462158203125,0,-837019.4524098833,-825021.4921355627,-12005.495585203575,173.76839703630873,
12047,3f3e,47,0,12,0.462158203125,0,-837034.7728343923,-825021.4921355627,-12011.569267136712,-39.46655241182693,
12048,3f3e,48,0,12,0.462158203125,0,-837034.3253488274,-825021.4921355627,-12011.552569553402,-29.53234555848721,
12049,3f3e,49,0,12,0.462158203125,0,-837034.172689017,-825021.4921355627,-12011.252236108547,-32.93778046959402,
12050,3f3e,50,0,12,0.462158203125,0,-837033.2500157789,-825021.4921355627,-12012.25262990833,11.40919893880268,
12051,3f3e,51,0,12,0.462158203125,0,-837034.348348265,-825021.4921355627,-12010.286171019588,-59.266569151937595,
12052,3f3e,52,0,12,0.462158203125,0,-837033.9230254486,-825021.4921355627,-12012.250490741973,-4.16010308649009,
12053,3f3e,53,0,12,0.462158203125,0,-837032.4493280745,-825021.4921355627,-12010.778712198935,-4.115853790804759,
12054,3f3e,54,0,12,0.462158203125,0,-837036.5725255765,-825021.4921355627,-12012.131134544106,-68.01144682253359,
12055,3f3e,55,0,12,0.462158203125,0,-837035.6202407314,-825021.4921355627,-12011.490490752582,-60.82483340154917,
12056,3f3e,56,0,12,0.462158203125,0,-837035.3713569671,-825021.4921355627,-12012.226735965802,-38.10721949705,
12057,3f3e,57,0,12,0.462158203125,0,-837032.0006586582,-825021.4921355627,-12010.278018846644,-5.3155542562624,
12058,3f3e,58,0,12,0.462158203125,0,-837037.3985893901,-825021.4921355627,-12011.411696451998,-103.65156744239233,
12059,3f3e,59,0,12,0.462158203125,0,-837035.2579014128,-825021.4921355627,-12012.105541716575,-38.28567804030124,
12060,3f3e,60,0,12,0.462158203125,0,-837030.0579775358,-825021.4921355627,-12005.49666049729,-70.7770062228477,
12061,3f3e,61,0,12,0.462158203125,0,-837034.83411741,-825021.4921355627,-12012.250854722313,-25.16198925515331,
12062,3f3e,62,0,12,0.462158203125,0,-837025.248610212,-825021.4921355627,-12011.913632530266,188.10852947591138,
12063,3f3e,63,0,12,0.462158203125,0,-837038.0551008674,-825021.4921355627,-12011.769589301812,-110.537876584912,
12064,3f3e,64,0,12,0.462158203125,0,-837030.4804585003,-825021.4921355627,-12004.941938447451,-93.31184307680006,
12065,3f3e,65,0,12,0.462158203125,0,-837035.3901673901,-825021.4921355627,-12011.346055199767,-58.84997908442382,
12066,3f3e,66,0,12,0.462158203125,0,-837026.0457843345,-825021.4921355627,-12004.95118379752,9.16737547417861,
12067,3f3e,67,0,12,0.462158203125,0,-837037.0510875783,-825021.4921355627,-12011.30294535333,-98.14584520250098,
12068,3f3e,68,0,12,0.462158203125,0,-837030.7149492268,-825021.4921355627,-12004.93983185427,-98.76790688373443,
12069,3f3e,69,0,12,0.462158203125,0,-837035.5307212954,-825021.4921355627,-12012.26385852185,-40.926181731896826,
12070,3f3e,70,0,12,0.462158203125,0,-837034.697855397,-825021.4921355627,-12012.269980147252,-21.578669810414784,
12071,3f3e,71,0,12,0.462158203125,0,-837035.5993223384,-825021.4921355627,-12011.552602858552,-58.910104607677276,
12072,3f3e,72,0,12,0.462158203125,0,-837031.8343370671,-825021.4921355627,-12011.411603599106,24.660998155357156,
12073,3f3e,73,0,12,0.462158203125,0,-837034.6900482015,-825021.4921355627,-12012.261419685079,-21.596040551722396,
12074,3f3e,74,0,12,0.462158203125,0,-837033.8708025198,-825021.4921355627,-12011.87626453579,-11.58567506782041,
12075,3f3e,75,0,12,0.462158203125,0,-837029.6657641052,-825021.4921355627,-12011.344822697209,73.1294744858566,
12076,3f3e,76,0,12,0.462158203125,0,-837034.6285836742,-825021.4921355627,-12012.253329512818,-20.365198685055212,
12077,3f3e,77,0,12,0.462158203125,0,-837004.8068585554,-825021.4921355627,-12011.7705106861,656.206053161286,
12078,3f3e,78,0,12,0.462158203125,0,-837034.922062942,-825021.4921355627,-12012.104788122395,-30.55843721475695,
12079,3f3e,79,0,12,0.462158203125,0,-837035.6580166488,-825021.4921355627,-12012.208116475122,-45.14712445350214,
12080,3f3e,80,0,12,0.462158203125,0,-837034.9447642297,-825021.4921355627,-12012.102735309443,-31.129280338188416,
12081,3f3e,81,0,12,0.462158203125,0,-837035.9103002935,-825021.4921355627,-12011.303400009176,-71.82818084346245,
12082,3f3e,82,0,12,0.462158203125,0,-837015.027681985,-825021.4921355627,-12011.702420195345,418.9380615748672,
12083,3f3e,83,0,12,0.462158203125,0,-837034.4488771115,-825021.4921355627,-12011.570966192605,-31.95673888499621,
12084,3f3e,84,0,12,0.462158203125,0,-837034.0773879576,-825021.4921355627,-12012.231700212315,-8.153107017125519,
12085,3f3e,85,0,12,0.462158203125,0,-837035.704123111,-825021.4921355627,-12012.230413135327,-45.69619152972385,
12086,3f3e,86,0,12,0.462158203125,0,-837033.6732002128,-825021.4921355627,-12012.258852115057,1.7938215570302949,
12087,3f3e,87,0,12,0.462158203125,0,-837035.5497778156,-825021.4921355627,-12011.251242456703,-64.71711673164607,
12088,3f3e,88,0,12,0.462158203125,0,-837034.0677108712,-825021.4921355627,-12011.872127050254,-16.22190220622949,
12089,3f3e,89,0,12,0.462158203125,0,-837034.187970163,-825021.4921355627,-12012.249521828884,-10.292217011504945,
12090,3f3e,90,0,12,0.462158203125,0,-837032.4625783177,-825021.4921355627,-12011.567396831611,13.766088035656198,
12091,3f3e,91,0,12,0.462158203125,0,-837038.9099784322,-825021.4921355627,-12011.346767217312,-140.00233046129108,
12092,3f3e,92,0,12,0.462158203125,0,-837001.2357809499,-825021.4921355627,-12011.778131131634,738.7327907379703,
12093,3f3e,93,0,12,0.462158203125,0,-837036.0583542254,-825021.4921355627,-12011.615408861677,-68.0472905545818,
12094,3f3e,94,0,12,0.462158203125,0,-837034.9048560968,-825021.4921355627,-12011.36975906097,-47.11181076804793,
12095,3f3e,95,0,12,0.462158203125,0,-837034.617916248,-825021.4921355627,-12011.483060935492,-37.882017363647996,
12096,3f3e,96,0,12,0.462158203125,0,-837035.9384585483,-825021.4921355627,-12011.419838321171,-69.79239436212453,
12097,3f3e,97,0,12,0.462158203125,0,-837033.9725978822,-825021.4921355627,-12011.50620382944,-22.466934508273095,
12098,3f3e,98,0,12,0.462158203125,0,-837035.0145751437,-825021.4921355627,-12011.678961727668,-42.511609211280096,
12099,3f3e,99,0,12,0.462158203125,0,-837025.4555027456,-825021.4921355627,-12011.93987157918,183.94256115205593,
12100,3f3e,100,0,12,0.462158203125,0,-837035.3068337772,-825021.4921355627,-12012.168662940161,-37.958475175384855,
13001,3f3c,1,0,13,0.462158203125,0,-842811.4082432697,-825021.4921355627,-17787.924164247135,-45.935307431142355,
13002,3f3c,2,0,13,0.462158203125,0,-842810.9376251901,-825021.4921355627,-17788.13096862425,-30.313574468097944,
13003,3f3c,3,0,13,0.462158203125,0,-842810.9676037359,-825021.4921355627,-17788.51035736715,-22.255983903751464,
13004,3f3c,4,0,13,0.462158203125,0,-842810.0631114044,-825021.4921355627,-17786.207618341334,-54.50031867854484,
13005,3f3c,5,0,13,0.462158203125,0,-842811.7541442902,-825021.4921355627,-17788.11968912922,-49.40306356525296,
13006,3f3c,6,0,13,0.462158203125,0,-842808.1054183042,-825021.4921355627,-17784.368535951322,-51.76509072283102,
13007,3f3c,7,0,13,0.462158203125,0,-842810.1612433138,-825021.4921355627,-17788.22524906519,-10.2356244565593,
13008,3f3c,8,0,13,0.462158203125,0,-842811.4829927817,-825021.4921355627,-17788.40181112275,-36.64427350706659,
13009,3f3c,9,0,13,0.462158203125,0,-842811.7099061131,-825021.4921355627,-17787.796388269002,-55.83840191639447,
13010,3f3c,10,0,13,0.462158203125,0,-842810.4134687936,-825021.4921355627,-17787.80868007432,-25.65839133659282,
13011,3f3c,11,0,13,0.462158203125,0,-842810.9157182403,-825021.4921355627,-17787.957486907566,-33.80897162943945,
13012,3f3c,12,0,13,0.462158203125,0,-842810.6135453035,-825021.4921355627,-17788.055632214135,-24.577413629649293,
13013,3f3c,13,0,13,0.462158203125,0,-842809.7231904848,-825021.4921355627,-17787.41633039115,-18.787994014795725,
13014,3f3c,14,0,13,0.462158203125,0,-842807.0207347014,-825021.4921355627,-17783.31332700276,-51.08538904913899,
13015,3f3c,15,0,13,0.462158203125,0,-842809.9023542001,-825021.4921355627,-17788.020820826612,-8.979726841655518,
13016,3f3c,16,0,13,0.462158203125,0,-842812.0200640633,-825021.4921355627,-17787.125706118753,-78.45711196588341,
13017,3f3c,17,0,13,0.462158203125,0,-842809.3430759131,-825021.4921355627,-17786.282946225005,-36.158803527802235,
13018,3f3c,18,0,13,0.462158203125,0,-842811.7454408169,-825021.4921355627,-17788.167852048664,-48.09169339374111,
13019,3f3c,19,0,13,0.462158203125,0,-842806.4301866029,-825021.4921355627,-17788.3633608066,78.98951970351925,
13020,3f3c,20,0,13,0.462158203125,0,-842812.4623835136,-825021.4921355627,-17788.228504880015,-63.22609722473358,
13021,3f3c,21,0,13,0.462158203125,0,-842811.9884794782,-825021.4921355627,-17788.092689018296,-55.42959872450841,
13022,3f3c,22,0,13,0.462158203125,0,-842812.1314140651,-825021.4921355627,-17788.088772743973,-58.81606003531119,
13023,3f3c,23,0,13,0.462158203125,0,-842810.0663589919,-825021.4921355627,-17785.555049437244,-69.6238062504097,
13024,3f3c,24,0,13,0.462158203125,0,-842810.0923654758,-825021.4921355627,-17787.339005980648,-29.084514820262406,
13025,3f3c,25,0,13,0.462158203125,0,-842809.2839956126,-825021.4921355627,-17787.11536536979,-15.600337928726267,
13026,3f3c,26,0,13,0.462158203125,0,-842811.9978107259,-825021.4921355627,-17788.18890525242,-53.425983340916346,
13027,3f3c,27,0,13,0.462158203125,0,-842814.2310714278,-825021.4921355627,-17787.808161632296,-113.70635503784803,
13028,3f3c,28,0,13,0.462158203125,0,-842812.3862176135,-825021.4921355627,-17788.114923173496,-64.08892621827368,
13029,3f3c,29,0,13,0.462158203125,0,-842808.9571201879,-825021.4921355627,-17786.38715261095,-24.855396718632576,
13030,3f3c,30,0,13,0.462158203125,0,-842813.9176818697,-825021.4921355627,-17788.053895279554,-100.81266761719792,
13031,3f3c,31,0,13,0.462158203125,0,-842778.2671373002,-825021.4921355627,-17782.937677864447,603.3256442019562,
13032,3f3c,32,0,13,0.462158203125,0,-842814.3217397125,-825021.4921355627,-17788.115178557822,-108.71723685760726,
13033,3f3c,33,0,13,0.462158203125,0,-842813.4105653387,-825021.4921355627,-17788.457615467116,-79.80827390241684,
13034,3f3c,34,0,13,0.462158203125,0,-842810.5958533926,-825021.4921355627,-17785.987243735555,-71.86759991588433,
13035,3f3c,35,0,13,0.462158203125,0,-842811.2874658565,-825021.4921355627,-17788.507234374236,-29.704197564129846,
13036,3f3c,36,0,13,0.462158203125,0,-842813.7120621785,-825021.4921355627,-17787.948621759722,-98.49862993337416,
13037,3f3c,37,0,13,0.462158203125,0,-842810.5987495986,-825021.4921355627,-17784.82592735858,-98.71497987033311,
13038,3f3c,38,0,13,0.462158203125,0,-842807.1780283877,-825021.4921355627,-17784.827773486693,-19.78870204574341,
13039,3f3c,39,0,13,0.462158203125,0,-842812.3669458752,-825021.4921355627,-17788.227517232313,-61.04802869789475,
13040,3f3c,40,0,13,0.462158203125,0,-842811.5299114123,-825021.4921355627,-17788.20531112145,-42.25764051078958,
13041,3f3c,41,0,13,0.462158203125,0,-842809.0110711516,-825021.4921355627,-17784.36407213789,-72.75287951077294,
13042,3f3c,42,0,13,0.462158203125,0,-842810.3638006658,-825021.4921355627,-17786.762642074726,-48.63522642235485,
13043,3f3c,43,0,13,0.462158203125,0,-842810.4493823264,-825021.4921355627,-17788.09017798221,-19.995081109122964,
13044,3f3c,44,0,13,0.462158203125,0,-842790.9090751936,-825021.4921355627,-17787.488050867963,416.72972503539256,
13045,3f3c,45,0,13,0.462158203125,0,-842811.2069768675,-825021.4921355627,-17783.309359598818,-147.7139172592537,
13046,3f3c,46,0,13,0.462158203125,0,-842811.5098566713,-825021.4921355627,-17788.22473697338,-41.34719641036312,
13047,3f3c,47,0,13,0.462158203125,0,-842810.4609863736,-825021.4921355627,-17785.554348376365,-78.74029670926097,
13048,3f3c,48,0,13,0.462158203125,0,-842805.6743818866,-825021.4921355627,-17779.934704642656,-97.95063810306391,
13049,3f3c,49,0,13,0.462158203125,0,-842772.0245073338,-825021.4921355627,-17787.3372043381,848.7396018102068,
13050,3f3c,50,0,13,0.462158203125,0,-842806.8015531935,-825021.4921355627,-17780.742020382353,-105.32668270875502,
13051,3f3c,51,0,13,0.462158203125,0,-842807.9771261011,-825021.4921355627,-17785.015545402588,-33.886209839949956,
13052,3f3c,52,0,13,0.462158203125,0,-842809.772193888,-825021.4921355627,-17788.45163803788,3.956722169466345,
13053,3f3c,53,0,13,0.462158203125,0,-842811.2711020273,-825021.4921355627,-17788.34937352939,-32.96719626001596,
13054,3f3c,54,0,13,0.462158203125,0,-842811.8380362844,-825021.4921355627,-17788.11013117333,-51.55807060917635,
13055,3f3c,55,0,13,0.462158203125,0,-842810.9662889239,-825021.4921355627,-17788.190976994676,-29.590749974581144,
13056,3f3c,56,0,13,0.462158203125,0,-842808.2111562868,-825021.4921355627,-17787.97315117325,28.9209352092906,
13057,3f3c,57,0,13,0.462158203125,0,-842810.532064144,-825021.4921355627,-17788.403059878074,-14.686541193330704,
13058,3f3c,58,0,13,0.462158203125,0,-842809.6063719747,-825021.4921355627,-17788.17002332881,1.286476863705691,
13059,3f3c,59,0,13,0.462158203125,0,-842800.3549222021,-825021.4921355627,-17787.258009227793,193.59843204913037,
13060,3f3c,60,0,13,0.462158203125,0,-842807.7060813659,-825021.4921355627,-17787.66560753455,33.47611478890478,
13061,3f3c,61,0,13,0.462158203125,0,-842803.386473266,-825021.4921355627,-17787.496884825858,129.19780589439858,
13062,3f3c,62,0,13,0.462158203125,0,-842809.9921105127,-825021.4921355627,-17787.79616636215,-16.2302116033445,
13063,3f3c,63,0,13,0.462158203125,0,-842809.5986774234,-825021.4921355627,-17788.448944612315,7.895995030215208,
13064,3f3c,64,0,13,0.462158203125,0,-842811.7341902731,-825021.4921355627,-17788.458004713713,-41.14117028075141,
13065,3f3c,65,0,13,0.462158203125,0,-842809.8873046724,-825021.4921355627,-17786.645019037063,-40.35941946052597,
13066,3f3c,66,0,13,0.462158203125,0,-842807.7596807908,-825021.4921355627,-17788.459291553125,50.542870960228804,
13067,3f3c,67,0,13,0.462158203125,0,-842810.5703795931,-825021.4921355627,-17787.6635194274,-32.624324373727134,
13068,3f3c,68,0,13,0.462158203125,0,-842809.010282912,-825021.4921355627,-17786.20792471373,-30.214451754968223,
13069,3f3c,69,0,13,0.462158203125,0,-842808.957778332,-825021.4921355627,-17786.75987945034,-16.275288775267516,
13070,3f3c,70,0,13,0.462158203125,0,-842817.1852101416,-825021.4921355627,-17787.854210626716,-180.76849710670945,
13071,3f3c,71,0,13,0.462158203125,0,-842812.1081253026,-825021.4921355627,-17788.402712111827,-51.03939460439096,
13072,3f3c,72,0,13,0.462158203125,0,-842811.4065446676,-825021.4921355627,-17788.180637500456,-39.981723010516724,
13073,3f3c,73,0,13,0.462158203125,0,-842807.7872715063,-825021.4921355627,-17782.06024295682,-97.65895227844557,
13074,3f3c,74,0,13,0.462158203125,0,-842812.3449504395,-825021.4921355627,-17788.091062506504,-63.687522632073616,
13075,3f3c,75,0,13,0.462158203125,0,-842810.9179672222,-825021.4921355627,-17787.490233535198,-44.635953125494986,
13076,3f3c,76,0,13,0.462158203125,0,-842807.1083345531,-825021.4921355627,-17780.36791435256,-121.02831891912497,
13077,3f3c,77,0,13,0.462158203125,0,-842813.6591646189,-825021.4921355627,-17788.02000902076,-95.63255388250582,
13078,3f3c,78,0,13,0.462158203125,0,-842810.088370986,-825021.4921355627,-17788.182364828874,-9.544082639581063,
13079,3f3c,79,0,13,0.462158203125,0,-842794.3185685157,-825021.4921355627,-17788.16578135179,353.7337774406418,
13080,3f3c,80,0,13,0.462158203125,0,-842810.9130412282,-825021.4921355627,-17785.98149910696,-79.31459945199349,
13081,3f3c,81,0,13,0.462158203125,0,-842771.5513591524,-825021.4921355627,-17788.3705343076,883.4798132633707,
13082,3f3c,82,0,13,0.462158203125,0,-842810.5203683742,-825021.4921355627,-17787.811085072542,-28.06809365080184,
13083,3f3c,83,0,13,0.462158203125,0,-842810.2034627094,-825021.4921355627,-17786.43531397887,-52.48611052077738,
13084,3f3c,84,0,13,0.462158203125,0,-842807.859222495,-825021.4921355627,-17787.006727877324,14.750470607242312,
13085,3f3c,85,0,13,0.462158203125,0,-842808.0403948798,-825021.4921355627,-17787.403913539434,19.73185512153,
13086,3f3c,86,0,13,0.462158203125,0,-842811.4361149924,-825021.4921355627,-17787.17099122776,-63.94662706376803,
13087,3f3c,87,0,13,0.462158203125,0,-842810.9637240471,-825021.4921355627,-17787.261534120287,-50.965064370987164,
13088,3f3c,88,0,13,0.462158203125,0,-842812.0057467,-825021.4921355627,-17787.285380023353,-74.4447780111108,
13089,3f3c,89,0,13,0.462158203125,0,-842813.8005364371,-825021.4921355627,-17787.027065967395,-121.79047623193446,
13090,3f3c,90,0,13,0.462158203125,0,-842780.2957056431,-825021.4921355627,-17787.309617769617,657.3650761983552,
13091,3f3c,91,0,13,0.462158203125,0,-842811.2988174625,-825021.4921355627,-17787.20134832083,-60.080419613042544,
13092,3f3c,92,0,13,0.462158203125,0,-842810.8594065313,-825021.4921355627,-17786.787796366476,-59.484097440646394,
13093,3f3c,93,0,13,0.462158203125,0,-842791.0417769129,-825021.4921355627,-17787.382903272635,411.2447895390183,
13094,3f3c,94,0,13,0.462158203125,0,-842806.9711908617,-825021.4921355627,-17787.1388218943,38.27512695953291,
13095,3f3c,95,0,13,0.462158203125,0,-842803.9460342792,-825021.4921355627,-17787.161291921693,108.55506616623144,
13096,3f3c,96,0,13,0.462158203125,0,-842812.6544214351,-825021.4921355627,-17788.49186507154,-61.58136660576653,
13097,3f3c,97,0,13,0.462158203125,0,-842812.4880240773,-825021.4921355627,-17788.31261728812,-61.8777044598528,
13098,3f3c,98,0,13,0.462158203125,0,-842809.7377066981,-825021.4921355627,-17787.055451802888,-27.444803792167466,
13099,3f3c,99,0,13,0.462158203125,0,-842811.1674357777,-825021.4921355627,-17788.246916308453,-32.93931539790568,
13100,3f3c,100,0,13,0.462158203125,0,-842811.3289074061,-825021.4921355627,-17788.497310889587,-30.888703392036184,
14001,3f3d,1,0,14,0.462158203125,0,-846801.1411507257,-825021.4921355627,-21776.580932475907,-70.75166755297474,
14002,3f3d,2,0,14,0.462158203125,0,-846800.4671802929,-825021.4921355627,-21776.59524961724,-54.87937903032596,
14003,3f3d,3,0,14,0.462158203125,0,-846800.9408711809,-825021.4921355627,-21776.59984713039,-65.69692923606195,
14004,3f3d,4,0,14,0.462158203125,0,-846799.9771727351,-825021.4921355627,-21776.55573202192,-44.490833703575674,
14005,3f3d,5,0,14,0.462158203125,0,-846787.1094674929,-825021.4921355627,-21764.069122261728,-35.70256311170525,
14006,3f3d,6,0,14,0.462158203125,0,-846800.2084728007,-825021.4921355627,-21776.183720965048,-58.40351869839617,
14007,3f3d,7,0,14,0.462158203125,0,-846800.6235944108,-825021.4921355627,-21776.49108839339,-60.888389162109455,
14008,3f3d,8,0,14,0.462158203125,0,-846797.7249704979,-825021.4921355627,-21773.15076361754,-71.0742530379823,
14009,3f3d,9,0,14,0.462158203125,0,-846798.5624183534,-825021.4921355627,-21776.58132859351,-11.275551651108161,
14010,3f3d,10,0,14,0.462158203125,0,-846800.6216917224,-825021.4921355627,-21776.58013756114,-58.79098953284253,
14011,3f3d,11,0,14,0.462158203125,0,-846799.2872636082,-825021.4921355627,-21776.5630444447,-28.412522807239913,
14012,3f3d,12,0,14,0.462158203125,0,-846797.0391747922,-825021.4921355627,-21776.2901165032,17.135769011139885,
14013,3f3d,13,0,14,0.462158203125,0,-846800.4248596667,-825021.4921355627,-21776.271261034624,-61.37479641145682,
14014,3f3d,14,0,14,0.462158203125,0,-846799.6779377469,-825021.4921355627,-21776.000711683595,-50.389384002550294,
14015,3f3d,15,0,14,0.462158203125,0,-846789.6297798282,-825021.4921355627,-21764.048876213634,-94.28923122941794,
14016,3f3d,16,0,14,0.462158203125,0,-846798.8683007916,-825021.4921355627,-21776.26916294089,-25.528079211141165,
14017,3f3d,17,0,14,0.462158203125,0,-846800.1991715289,-825021.4921355627,-21776.000893261968,-62.40513326783643,
14018,3f3d,18,0,14,0.462158203125,0,-846799.5834213052,-825021.4921355627,-21776.27258713246,-41.94018628565693,
14019,3f3d,19,0,14,0.462158203125,0,-846800.4737697204,-825021.4921355627,-21776.490796580787,-57.44007908093104,
14020,3f3d,20,0,14,0.462158203125,0,-846798.7947166946,-825021.4921355627,-21776.508802512915,-18.30496981057196,
14021,3f3d,21,0,14,0.462158203125,0,-846799.6230738581,-825021.4921355627,-21776.351081222587,-41.04447915907575,
14022,3f3d,22,0,14,0.462158203125,0,-846800.1671476006,-825021.4921355627,-21776.184173353755,-57.44010461308146,
14023,3f3d,23,0,14,0.462158203125,0,-846799.8918888728,-825021.4921355627,-21775.952924138375,-56.425221148732916,
14024,3f3d,24,0,14,0.462158203125,0,-846778.0596509118,-825021.4921355627,-21754.304987743762,-52.175126061720185,
14025,3f3d,25,0,14,0.462158203125,0,-846800.4732446967,-825021.4921355627,-21776.214527015018,-63.7988992830032,
14026,3f3d,26,0,14,0.462158203125,0,-846797.9708806386,-825021.4921355627,-21776.094660940285,-8.857190579723714,
14027,3f3d,27,0,14,0.462158203125,0,-846800.234183062,-825021.4921355627,-21776.504605804625,-51.59663121789652,
14028,3f3d,28,0,14,0.462158203125,0,-846801.8195184853,-825021.4921355627,-21776.45577684573,-89.2813571178402,
14029,3f3d,29,0,14,0.462158203125,0,-846799.2369990248,-825021.4921355627,-21776.17723339008,-36.15040825541565,
14030,3f3d,30,0,14,0.462158203125,0,-846801.3812893777,-825021.4921355627,-21776.223520500847,-84.5315123703197,
14031,3f3d,31,0,14,0.462158203125,0,-846799.6688538288,-825021.4921355627,-21776.475332908754,-39.23487841135549,
14032,3f3d,32,0,14,0.462158203125,0,-846799.9387983109,-825021.4921355627,-21776.58021740712,-43.04125206192858,
14033,3f3d,33,0,14,0.462158203125,0,-846801.3041630562,-825021.4921355627,-21776.611592264428,-73.80378967863236,
14034,3f3d,34,0,14,0.462158203125,0,-846800.235890684,-825021.4921355627,-21776.232405957096,-57.913087519340294,
14035,3f3d,35,0,14,0.462158203125,0,-846801.9338136147,-825021.4921355627,-21771.540595927818,-205.2638300678928,
14036,3f3d,36,0,14,0.462158203125,0,-846798.450028972,-825021.4921355627,-21776.333515189617,-14.398503799406287,
14037,3f3d,37,0,14,0.462158203125,0,-846799.2528154918,-825021.4921355627,-21776.21683299063,-35.60195616660656,
14038,3f3d,38,0,14,0.462158203125,0,-846799.4789795249,-825021.4921355627,-21776.09080375498,-43.72372588785163,
14039,3f3d,39,0,14,0.462158203125,0,-846799.9797449363,-825021.4921355627,-21776.542962890264,-44.84461324350331,
14040,3f3d,40,0,14,0.462158203125,0,-846802.1817472586,-825021.4921355627,-21776.36488329212,-99.73060621070186,
14041,3f3d,41,0,14,0.462158203125,0,-846773.2809980828,-825021.4921355627,-21776.363350238644,566.7011494457377,
14042,3f3d,42,0,14,0.462158203125,0,-846802.4376659334,-825021.4921355627,-21776.31873079845,-106.69653283835106,
14043,3f3d,43,0,14,0.462158203125,0,-846799.3320786197,-825021.4921355627,-21776.367046787258,-33.965794878906735,
14044,3f3d,44,0,14,0.462158203125,0,-846802.0052171797,-825021.4921355627,-21776.53190477727,-91.80811893374701,
14045,3f3d,45,0,14,0.462158203125,0,-846804.2487269634,-825021.4921355627,-21776.466693892333,-145.04848234170714,
14046,3f3d,46,0,14,0.462158203125,0,-846799.1075082041,-825021.4921355627,-21776.57676431264,-23.950877041797334,
14047,3f3d,47,0,14,0.462158203125,0,-846800.1124248231,-825021.4921355627,-21776.44521106529,-50.15849475380735,
14048,3f3d,48,0,14,0.462158203125,0,-846799.1133596479,-825021.4921355627,-21775.58478889003,-46.96131122255748,
14049,3f3d,49,0,14,0.462158203125,0,-846801.6939440673,-825021.4921355627,-21774.73091085861,-126.1618968428146,
14050,3f3d,50,0,14,0.462158203125,0,-846799.8082051217,-825021.4921355627,-21774.73106126134,-82.67225532046068,
14051,3f3d,51,0,14,0.462158203125,0,-846800.704806043,-825021.4921355627,-21776.321252136884,-66.67769100552634,
14052,3f3d,52,0,14,0.462158203125,0,-846792.0174601793,-825021.4921355627,-21776.376150403048,134.92324789743864,
14053,3f3d,53,0,14,0.462158203125,0,-846802.4699932128,-825021.4921355627,-21776.44611178344,-104.50454231527725,
14054,3f3d,54,0,14,0.462158203125,0,-846799.3716843948,-825021.4921355627,-21776.446144258247,-33.055094735405675,
14055,3f3d,55,0,14,0.462158203125,0,-846788.8507593798,-825021.4921355627,-21763.96727360022,-78.20639388665286,
14056,3f3d,56,0,14,0.462158203125,0,-846800.1516140718,-825021.4921355627,-21776.504713649883,-49.6900580997063,
14057,3f3d,57,0,14,0.462158203125,0,-846785.4443077432,-825021.4921355627,-21776.12711853961,280.76093284900446,
14058,3f3d,58,0,14,0.462158203125,0,-846799.0646545638,-825021.4921355627,-21776.48672494379,-25.03900579249657,
14059,3f3d,59,0,14,0.462158203125,0,-846798.5424365279,-825021.4921355627,-21775.819305531928,-28.387429068290356,
14060,3f3d,60,0,14,0.462158203125,0,-846803.2894030922,-825021.4921355627,-21776.502044417633,-122.11074584572162,
14061,3f3d,61,0,14,0.462158203125,0,-846788.8349808377,-825021.4921355627,-21776.046971092986,200.72190975054764,
14062,3f3d,62,0,14,0.462158203125,0,-846771.8885626307,-825021.4921355627,-21775.568380026292,580.4790251837661,
14063,3f3d,63,0,14,0.462158203125,0,-846796.1962630404,-825021.4921355627,-21776.21820575922,34.91547462999254,
14064,3f3d,64,0,14,0.462158203125,0,-846798.1628495386,-825021.4921355627,-21776.560056524253,-2.551821456731109,
14065,3f3d,65,0,14,0.462158203125,0,-846801.2596324562,-825021.4921355627,-21776.382763646805,-78.053802930027,
14066,3f3d,66,0,14,0.462158203125,0,-846802.898051401,-825021.4921355627,-21776.049575566783,-123.5201410287703,
14067,3f3d,67,0,14,0.462158203125,0,-846780.5864469139,-825021.4921355627,-21776.17750963001,393.9479110087284,
14068,3f3d,68,0,14,0.462158203125,0,-846799.801926681,-825021.4921355627,-21776.5110824603,-41.479207040143145,
14069,3f3d,69,0,14,0.462158203125,0,-846783.8289983557,-825021.4921355627,-21757.727359674132,-106.297667147097,
14070,3f3d,70,0,14,0.462158203125,0,-846800.0604141289,-825021.4921355627,-21776.612961757866,-45.09067678341558,
14071,3f3d,71,0,14,0.462158203125,0,-846800.3986691632,-825021.4921355627,-21776.190684225632,-62.62897441058089,
14072,3f3d,72,0,14,0.462158203125,0,-846799.4785526172,-825021.4921355627,-21776.379568055338,-37.05481820287237,
14073,3f3d,73,0,14,0.462158203125,0,-846798.7155109419,-825021.4921355627,-21776.450279641795,-17.82801123064492,
14074,3f3d,74,0,14,0.462158203125,0,-846800.5952173563,-825021.4921355627,-21776.418381359475,-61.910662772952016,
14075,3f3d,75,0,14,0.462158203125,0,-846799.6071043083,-825021.4921355627,-21776.578702102805,-35.42715039723045,
14076,3f3d,76,0,14,0.462158203125,0,-846779.0899486791,-825021.4921355627,-21776.530326337077,436.59412667955877,
14077,3f3d,77,0,14,0.462158203125,0,-846797.9233857947,-825021.4921355627,-21775.35675425148,-24.77846595350556,
14078,3f3d,78,0,14,0.462158203125,0,-846754.7676311156,-825021.4921355627,-21764.045174481922,709.565652674959,
14079,3f3d,79,0,14,0.462158203125,0,-846798.0893262342,-825021.4921355627,-21776.503758037947,-2.154607714627704,
14080,3f3d,80,0,14,0.462158203125,0,-846780.3960870396,-825021.4921355627,-21775.598667259157,384.98929181509527,
14081,3f3d,81,0,14,0.462158203125,0,-846795.1519049868,-825021.4921355627,-21768.073566702657,-128.8208950498629,
14082,3f3d,82,0,14,0.462158203125,0,-846798.311048953,-825021.4921355627,-21776.23271183316,-13.518129046310568,
14083,3f3d,83,0,14,0.462158203125,0,-846787.5036660547,-825021.4921355627,-21776.433644472654,240.33965794728863,
14084,3f3d,84,0,14,0.462158203125,0,-846798.4628660636,-825021.4921355627,-21776.582124526845,-8.961466651441757,
14085,3f3d,85,0,14,0.462158203125,0,-846800.4811479885,-825021.4921355627,-21776.247034029246,-63.2315239634665,
14086,3f3d,86,0,14,0.462158203125,0,-846799.3932969806,-825021.4921355627,-21776.20789513681,-39.04764806615183,
14087,3f3d,87,0,14,0.462158203125,0,-846802.5419610454,-825021.4921355627,-21775.99544582935,-116.55676374907874,
14088,3f3d,88,0,14,0.462158203125,0,-846800.2252680203,-825021.4921355627,-21775.900675688998,-65.31800479036572,
14089,3f3d,89,0,14,0.462158203125,0,-846800.2238268374,-825021.4921355627,-21776.15778838459,-59.35561070820069,
14090,3f3d,90,0,14,0.462158203125,0,-846805.0296359105,-825021.4921355627,-21775.926537451447,-175.51297390900578,
14091,3f3d,91,0,14,0.462158203125,0,-846800.3362598212,-825021.4921355627,-21775.740072298635,-71.58113868910017,
14092,3f3d,92,0,14,0.462158203125,0,-846800.0516000027,-825021.4921355627,-21776.231418899377,-53.68600554099636,
14093,3f3d,93,0,14,0.462158203125,0,-846801.8792808758,-825021.4921355627,-21775.97333885781,-101.78479487697176,
14094,3f3d,94,0,14,0.462158203125,0,-846796.8344326161,-825021.4921355627,-21775.978900599774,14.68042652959353,
14095,3f3d,95,0,14,0.462158203125,0,-846799.7024871449,-825021.4921355627,-21775.811499956362,-55.31883265505768,
14096,3f3d,96,0,14,0.462158203125,0,-846804.2263389222,-825021.4921355627,-21775.689515763384,-162.45435526110165,
14097,3f3d,97,0,14,0.462158203125,0,-846800.8594219083,-825021.4921355627,-21776.79294075958,-59.3658195183109,
14098,3f3d,98,0,14,0.462158203125,0,-846800.081658937,-825021.4921355627,-21776.303410350472,-52.7190187330038,
14099,3f3d,99,0,14,0.462158203125,0,-846799.7655874963,-825021.4921355627,-21776.251032506745,-46.638099927419645,
14100,3f3d,100,0,14,0.462158203125,0,-846800.3641061787,-825021.4921355627,-21776.49510161985,-54.81190117393998,
15001,3f3a,1,0,15,0.462158203125,0,-843691.5525002674,-825021.4921355627,-18666.5064265035,-81.95576187573764,
15002,3f3a,2,0,15,0.462158203125,0,-843690.2196382502,-825021.4921355627,-18666.795094419464,-44.5623932929909,
15003,3f3a,3,0,15,0.462158203125,0,-843691.9028334388,-825021.4921355627,-18666.63200295798,-87.13877489723102,
15004,3f3a,4,0,15,0.462158203125,0,-843691.7780541306,-825021.4921355627,-18666.92006879337,-77.61833971650067,
15005,3f3a,5,0,15,0.462158203125,0,-843690.737551545,-825021.4921355627,-18667.082757392785,-49.87209184536787,
15006,3f3a,6,0,15,0.462158203125,0,-843685.5943468637,-825021.4921355627,-18667.103116918857,69.20252753618213,
15007,3f3a,7,0,15,0.462158203125,0,-843691.2827482943,-825021.4921355627,-18666.971180355387,-65.0176551667233,
15008,3f3a,8,0,15,0.462158203125,0,-843690.4014486158,-825021.4921355627,-18667.059575564217,-42.655959837061964,
15009,3f3a,9,0,15,0.462158203125,0,-843689.1304189316,-825021.4921355627,-18666.967653174597,-15.465099672343333,
15010,3f3a,10,0,15,0.462158203125,0,-843691.3984456592,-825021.4921355627,-18667.01154918477,-66.7547724631855,
15011,3f3a,11,0,15,0.462158203125,0,-843689.2510771235,-825021.4921355627,-18667.063112287335,-16.04620424155836,
15012,3f3a,12,0,15,0.462158203125,0,-843691.1439925545,-825021.4921355627,-18666.70510098346,-67.95380787572714,
15013,3f3a,13,0,15,0.462158203125,0,-843690.4555716956,-825021.4921355627,-18666.811809667928,-49.61768500862413,
15014,3f3a,14,0,15,0.462158203125,0,-843691.7072644341,-825021.4921355627,-18666.970555400516,-74.82164171480623,
15015,3f3a,15,0,15,0.462158203125,0,-843690.3456395208,-825021.4921355627,-18666.513217436852,-53.968289260348726,
15016,3f3a,16,0,15,0.462158203125,0,-843690.6781222243,-825021.4921355627,-18666.61409177346,-59.309305082950104,
15017,3f3a,17,0,15,0.462158203125,0,-843691.3485858501,-825021.4921355627,-18666.73700277442,-71.93616857804582,
15018,3f3a,18,0,15,0.462158203125,0,-843691.0082040281,-825021.4921355627,-18666.969008177657,-58.73660559355673,
15019,3f3a,19,0,15,0.462158203125,0,-843690.4827867358,-825021.4921355627,-18667.105553528138,-43.47138440592451,
15020,3f3a,20,0,15,0.462158203125,0,-843676.3451612933,-825021.4921355627,-18666.332800660202,264.72989884923027,
15021,3f3a,21,0,15,0.462158203125,0,-843692.3338743108,-825021.4921355627,-18666.40232895921,-102.37522177710497,
15022,3f3a,22,0,15,0.462158203125,0,-843693.8044064898,-825021.4921355627,-18666.87118060678,-125.47452358305976,
15023,3f3a,23,0,15,0.462158203125,0,-843626.0565309192,-825021.4921355627,-18666.40340339098,1426.0414025781602,
15024,3f3a,24,0,15,0.462158203125,0,-843695.4496654945,-825021.4921355627,-18667.008197294537,-160.25541767236084,
15025,3f3a,25,0,15,0.462158203125,0,-843693.468069034,-825021.4921355627,-18666.707831459917,-121.48531841113191,
15026,3f3a,26,0,15,0.462158203125,0,-843691.333699291,-825021.4921355627,-18666.735999925037,-71.61600262593532,
15027,3f3a,27,0,15,0.462158203125,0,-843690.9553436419,-825021.4921355627,-18666.776965485104,-61.946225826306154,
15028,3f3a,28,0,15,0.462158203125,0,-843689.1149936181,-825021.4921355627,-18666.67504442841,-21.857101479714334,
15029,3f3a,29,0,15,0.462158203125,0,-843695.470100823,-825021.4921355627,-18667.064595409145,-159.42609612271193,
15030,3f3a,30,0,15,0.462158203125,0,-843690.2381237443,-825021.4921355627,-18666.880838634002,-43.01137035269418,
15031,3f3a,31,0,15,0.462158203125,0,-843690.4891970414,-825021.4921355627,-18667.066445912023,-44.52105261724841,
15032,3f3a,32,0,15,0.462158203125,0,-843691.2250913908,-825021.4921355627,-18666.178295076712,-81.97242427846008,
15033,3f3a,33,0,15,0.462158203125,0,-843691.6725676997,-825021.4921355627,-18666.81267364628,-77.6623557568864,
15034,3f3a,34,0,15,0.462158203125,0,-843690.2066534124,-825021.4921355627,-18667.063789670334,-38.06669613632448,
15035,3f3a,35,0,15,0.462158203125,0,-843691.9583503652,-825021.4921355627,-18666.9048191095,-82.1277357214138,
15036,3f3a,36,0,15,0.462158203125,0,-843689.109928539,-825021.4921355627,-18667.065915787356,-12.72659031276857,
15037,3f3a,37,0,15,0.462158203125,0,-843691.5789115604,-825021.4921355627,-18667.103548755753,-68.79485450145783,
15038,3f3a,38,0,15,0.462158203125,0,-843687.1364648645,-825021.4921355627,-18666.81535677986,27.00453516927147,
15039,3f3a,39,0,15,0.462158203125,0,-843689.3530707255,-825021.4921355627,-18666.908010893494,-21.974955690200247,
15040,3f3a,40,0,15,0.462158203125,0,-843691.8071832977,-825021.4921355627,-18666.643846637246,-84.6599085105658,
15041,3f3a,41,0,15,0.462158203125,0,-843688.3233607003,-825021.4921355627,-18666.6172679573,-4.933969789466876,
15042,3f3a,42,0,15,0.462158203125,0,-843688.6440577768,-825021.4921355627,-18667.103698110313,-1.1120742514469633,
15043,3f3a,43,0,15,0.462158203125,0,-843689.120517132,-825021.4921355627,-18666.30309256064,-30.561890573316568,
15044,3f3a,44,0,15,0.462158203125,0,-843683.2587164486,-825021.4921355627,-18667.006676454654,120.83947450122027,
15045,3f3a,45,0,15,0.462158203125,0,-843688.0332020464,-825021.4921355627,-18666.77866084029,5.4790560241632695,
15046,3f3a,46,0,15,0.462158203125,0,-843690.5651536158,-825021.4921355627,-18666.87665190305,-50.64940665632789,
15047,3f3a,47,0,15,0.462158203125,0,-843690.0503026071,-825021.4921355627,-18665.25397587721,-76.19645845299387,
15048,3f3a,48,0,15,0.462158203125,0,-843687.8408818062,-825021.4921355627,-18666.8514711071,11.593110762347271,
15049,3f3a,49,0,15,0.462158203125,0,-843689.9588802694,-825021.4921355627,-18666.731457694288,-40.01666915034084,
15050,3f3a,50,0,15,0.462158203125,0,-843691.2474516879,-825021.4921355627,-18667.065543272085,-62.02763553342659,
15051,3f3a,51,0,15,0.462158203125,0,-843693.0278740963,-825021.4921355627,-18666.731339264086,-110.79207915191029,
15052,3f3a,52,0,15,0.462158203125,0,-843691.4885795958,-825021.4921355627,-18666.329680681672,-84.55757164937634,
15053,3f3a,53,0,15,0.462158203125,0,-843690.4188653576,-825021.4921355627,-18666.910942990376,-46.4851480229883,
15054,3f3a,54,0,15,0.462158203125,0,-843691.0132036291,-825021.4921355627,-18666.773768144565,-63.354241251573825,
15055,3f3a,55,0,15,0.462158203125,0,-843689.9728401394,-825021.4921355627,-18666.4040012329,-47.88991678992863,
15056,3f3a,56,0,15,0.462158203125,0,-843687.3084159248,-825021.4921355627,-18667.064795189923,28.791435904707836,
15057,3f3a,57,0,15,0.462158203125,0,-843689.9011548241,-825021.4921355627,-18666.561051521134,-42.61514846306047,
15058,3f3a,58,0,15,0.462158203125,0,-843690.8103319703,-825021.4921355627,-18666.852071281566,-56.870196426017664,
15059,3f3a,59,0,15,0.462158203125,0,-843690.5951622953,-825021.4921355627,-18665.985343768174,-71.89547712114843,
15060,3f3a,60,0,15,0.462158203125,0,-843676.5556038922,-825021.4921355627,-18666.546996721696,264.8164557526889,
15061,3f3a,61,0,15,0.462158203125,0,-843687.8838217022,-825021.4921355627,-18666.90960957429,11.943598140294542,
15062,3f3a,62,0,15,0.462158203125,0,-843693.909730586,-825021.4921355627,-18667.006935370362,-124.77277572152992,
15063,3f3a,63,0,15,0.462158203125,0,-843688.779495499,-825021.4921355627,-18667.066054956707,-5.1034140665712435,
15064,3f3a,64,0,15,0.462158203125,0,-843685.3446353694,-825021.4921355627,-18666.5633835621,62.514464505334125,
15065,3f3a,65,0,15,0.462158203125,0,-843665.2808943428,-825021.4921355627,-18666.81607908558,531.0226213153032,
15066,3f3a,66,0,15,0.462158203125,0,-843663.3651411782,-825021.4921355627,-18667.066293568034,580.971021838874,
15067,3f3a,67,0,15,0.462158203125,0,-843690.8895627495,-825021.4921355627,-18666.968848290646,-56.004359796014924,
15068,3f3a,68,0,15,0.462158203125,0,-843691.6348793074,-825021.4921355627,-18666.51369907651,-83.68775814921226,
15069,3f3a,69,0,15,0.462158203125,0,-843692.0027123529,-825021.4921355627,-18667.101789780514,-78.60849588122447,
15070,3f3a,70,0,15,0.462158203125,0,-843691.8112917165,-825021.4921355627,-18666.77491293837,-81.73219019336848,
15071,3f3a,71,0,15,0.462158203125,0,-843689.5542652805,-825021.4921355627,-18666.730328667298,-30.712061825650352,
15072,3f3a,72,0,15,0.462158203125,0,-843691.2147226761,-825021.4921355627,-18666.67677748073,-70.23803871679401,
15073,3f3a,73,0,15,0.462158203125,0,-843660.5750923422,-825021.4921355627,-18666.591928203954,634.3719513043986,
15074,3f3a,74,0,15,0.462158203125,0,-843691.8229279008,-825021.4921355627,-18666.963026130452,-77.6625337143112,
15075,3f3a,75,0,15,0.462158203125,0,-843687.669049281,-825021.4921355627,-18667.06389508416,20.45427621128169,
15076,3f3a,76,0,15,0.462158203125,0,-843690.6070896133,-825021.4921355627,-18666.729660221114,-55.006182445651156,
15077,3f3a,77,0,15,0.462158203125,0,-843689.0716971824,-825021.4921355627,-18666.97033347694,-14.049134725184102,
15078,3f3a,78,0,15,0.462158203125,0,-843691.4312819744,-825021.4921355627,-18666.3724829111,-82.24921425177172,
15079,3f3a,79,0,15,0.462158203125,0,-843675.5203778697,-825021.4921355627,-18666.9106632763,297.07568493631925,
15080,3f3a,80,0,15,0.462158203125,0,-843681.7785889512,-825021.4921355627,-18666.17062494061,135.6922195206291,
15081,3f3a,81,0,15,0.462158203125,0,-843689.3220898943,-825021.4921355627,-18665.013886028944,-64.94007778824044,
15082,3f3a,82,0,15,0.462158203125,0,-843694.7664652896,-825021.4921355627,-18665.818041580984,-171.94608942854953,
15083,3f3a,83,0,15,0.462158203125,0,-843673.268632128,-825021.4921355627,-18665.84309594031,324.38348770110974,
15084,3f3a,84,0,15,0.462158203125,0,-843691.56198402,-825021.4921355627,-18666.151439070145,-90.36066709361826,
15085,3f3a,85,0,15,0.462158203125,0,-843690.5053310817,-825021.4921355627,-18665.931082390336,-71.07521722261752,
15086,3f3a,86,0,15,0.462158203125,0,-843691.6351773895,-825021.4921355627,-18665.831534375644,-99.42572379909899,
15087,3f3a,87,0,15,0.462158203125,0,-843691.593020371,-825021.4921355627,-18666.096252812957,-92.34900767365308,
15088,3f3a,88,0,15,0.462158203125,0,-843666.0827959892,-825021.4921355627,-18666.103814081438,496.1051088463969,
15089,3f3a,89,0,15,0.462158203125,0,-843690.9450997289,-825021.4921355627,-18666.035437052677,-78.81004746336697,
15090,3f3a,90,0,15,0.462158203125,0,-843692.3146577417,-825021.4921355627,-18666.63300269824,-96.61261437317283,
15091,3f3a,91,0,15,0.462158203125,0,-843691.9333599095,-825021.4921355627,-18665.93387397858,-103.94196875455609,
15092,3f3a,92,0,15,0.462158203125,0,-843689.8139139683,-825021.4921355627,-18666.14596873751,-50.17536292071718,
15093,3f3a,93,0,15,0.462158203125,0,-843690.5465035051,-825021.4921355627,-18666.77907352628,-52.469535711387316,
15094,3f3a,94,0,15,0.462158203125,0,-843690.2580106598,-825021.4921355627,-18665.768651922936,-69.1176083675825,
15095,3f3a,95,0,15,0.462158203125,0,-843688.5876180261,-825021.4921355627,-18666.120956594514,-22.47310041085212,
15096,3f3a,96,0,15,0.462158203125,0,-843692.4889489067,-825021.4921355627,-18667.04230478362,-91.19313380219624,
15097,3f3a,97,0,15,0.462158203125,0,-843691.6527855189,-825021.4921355627,-18667.062961809977,-71.43438566039941,
15098,3f3a,98,0,15,0.462158203125,0,-843690.367020289,-825021.4921355627,-18667.04589350899,-42.17753944737378,
15099,3f3a,99,0,15,0.462158203125,0,-843690.0849027798,-825021.4921355627,-18667.006787002552,-36.5735725955339,
15100,3f3a,100,0,15,0.462158203125,0,-843691.513176326,-825021.4921355627,-18666.396770220075,-83.57766421444549,
16001,1gpn,1,0,16,0.415771484375,1,-846967.47148707,-825021.4921355627,-21945.052497345558,-21.37376472810659,
16002,1gpn,2,0,16,0.415771484375,1,-846956.4368453415,-825021.4921355627,-21945.050465869946,233.0442717052981,
16003,1gpn,3,0,16,0.415771484375,1,-846955.7464500354,-825021.4921355627,-21945.05406676629,249.04820432595113,
16004,1gpn,4,0,16,0.415771484375,1,-846938.9628514614,-825021.4921355627,-21945.053128216365,636.0655385360262,
16005,1gpn,5,0,16,0.415771484375,1,-846963.6281855091,-825021.4921355627,-21945.052846153456,67.26291844450047,
16006,1gpn,6,0,16,0.415771484375,1,-846954.1223448778,-825021.4921355627,-21945.04743167108,286.3479500634222,
16007,1gpn,7,0,16,0.415771484375,1,-846951.1201117669,-825021.4921355627,-21945.047916333737,355.59226690356644,
16008,1gpn,8,0,16,0.415771484375,1,-846957.1280639052,-825021.4921355627,-21945.04701959091,217.02491987303904,
16009,1gpn,9,0,16,0.415771484375,1,-846958.8861457906,-825021.4921355627,-21945.05365861987,176.63568810936147,
16010,1gpn,10,0,16,0.415771484375,1,-846946.2449438227,-825021.4921355627,-21945.052886246292,468.13091936743456,
16011,1gpn,11,0,16,0.415771484375,1,-846963.2750319568,-825021.4921355627,-21945.050658925633,75.35639415652993,
16012,1gpn,12,0,16,0.415771484375,1,-846977.2360422484,-825021.4921355627,-21945.052980404642,-246.53861685872945,
16013,1gpn,13,0,16,0.415771484375,1,-846957.4511476964,-825021.4921355627,-21945.05187839305,209.68647729226583,
16014,1gpn,14,0,16,0.415771484375,1,-846925.190387025,-825021.4921355627,-21945.053528233693,953.6753380349998,
16015,1gpn,15,0,16,0.415771484375,1,-846974.0170816617,-825021.4921355627,-21945.055436527724,-172.2509827403879,
16016,1gpn,16,0,16,0.415771484375,1,-846972.1540170809,-825021.4921355627,-21945.05023292883,-129.4076907038533,
16017,1gpn,17,0,16,0.415771484375,1,-846973.8123054326,-825021.4921355627,-21945.05159590486,-167.6172975817971,
16018,1gpn,18,0,16,0.415771484375,1,-846971.63415433,-825021.4921355627,-21945.052428636096,-117.3687366590278,
16019,1gpn,19,0,16,0.415771484375,1,-846967.7084973209,-825021.4921355627,-21945.055224213764,-26.776467881002638,
16020,1gpn,20,0,16,0.415771484375,1,-846965.2956769444,-825021.4921355627,-21945.054190032723,28.84064303558252,
16021,1gpn,21,0,16,0.415771484375,1,-846932.1647845985,-825021.4921355627,-21945.052446805665,792.8169708786875,
16022,1gpn,22,0,16,0.415771484375,1,-846967.4979872308,-825021.4921355627,-21945.049520160028,-22.053528483198992,
16023,1gpn,23,0,16,0.415771484375,1,-846965.9007794253,-825021.4921355627,-21945.048720095652,14.76050858796311,
16024,1gpn,24,0,16,0.415771484375,1,-846957.1294531064,-825021.4921355627,-21945.049980720818,217.06116940867602,
16025,1gpn,25,0,16,0.415771484375,1,-846971.7548416998,-825021.4921355627,-21945.053708116964,-120.12234799400099,
16026,1gpn,26,0,16,0.415771484375,1,-846937.5549679317,-825021.4921355627,-21945.05160868055,668.4970626835574,
16027,1gpn,27,0,16,0.415771484375,1,-846962.0959646559,-825021.4921355627,-21945.0523087929,102.58437888935796,
16028,1gpn,28,0,16,0.415771484375,1,-846966.4789173779,-825021.4921355627,-21945.051156724614,1.4845206780167135,
16029,1gpn,29,0,16,0.415771484375,1,-846964.8808233367,-825021.4921355627,-21945.051751029972,38.35114976068922,
16030,1gpn,30,0,16,0.415771484375,1,-846960.2548370343,-825021.4921355627,-21945.051579463092,145.0249717244409,
16031,1gpn,31,0,16,0.415771484375,1,-846941.5615678426,-825021.4921355627,-21945.05207643344,576.1134604378055,
16032,1gpn,32,0,16,0.415771484375,1,-846959.5005026183,-825021.4921355627,-21945.05212794273,162.43298484600177,
16033,1gpn,33,0,16,0.415771484375,1,-846951.0282395227,-825021.4921355627,-21945.045923999165,357.66494685722404,
16034,1gpn,34,0,16,0.415771484375,1,-846968.450480493,-825021.4921355627,-21945.056791493516,-43.850863981825,
16035,1gpn,35,0,16,0.415771484375,1,-846960.3345676209,-825021.4921355627,-21945.0500536347,143.1511542796187,
16036,1gpn,36,0,16,0.415771484375,1,-846956.7552956389,-825021.4921355627,-21945.054041620235,225.78309214955837,
16037,1gpn,37,0,16,0.415771484375,1,-846965.7556912925,-825021.4921355627,-21945.051384470546,18.167762359182998,
16038,1gpn,38,0,16,0.415771484375,1,-846960.2366764687,-825021.4921355627,-21945.05081701018,145.4261817324452,
16039,1gpn,39,0,16,0.415771484375,1,-846963.3562290594,-825021.4921355627,-21945.050688291165,73.48462167463002,
16040,1gpn,40,0,16,0.415771484375,1,-846966.7186162496,-825021.4921355627,-21945.049708798608,-4.076456585549436,
16041,1gpn,41,0,16,0.415771484375,1,-846959.4051671154,-825021.4921355627,-21945.048598362606,164.55007971874727,
16042,1gpn,42,0,16,0.415771484375,1,-846962.7322989424,-825021.4921355627,-21945.052498168767,87.91452874965155,
16043,1gpn,43,0,16,0.415771484375,1,-846939.9338439178,-825021.4921355627,-21945.052122552515,613.650729392211,
16044,1gpn,44,0,16,0.415771484375,1,-846958.4788733858,-825021.4921355627,-21945.054506716016,186.04717044116228,
16045,1gpn,45,0,16,0.415771484375,1,-846958.1887716891,-825021.4921355627,-21945.05429453893,192.73218157469717,
16046,1gpn,46,0,16,0.415771484375,1,-846946.7524914608,-825021.4921355627,-21945.05178380923,456.40116998174415,
16047,1gpn,47,0,16,0.415771484375,1,-846941.5276516356,-825021.4921355627,-21945.050788501652,576.8658863396784,
16048,1gpn,48,0,16,0.415771484375,1,-846967.0400674678,-825021.4921355627,-21945.050148137547,-11.47916638182854,
16049,1gpn,49,0,16,0.415771484375,1,-846963.4146510671,-825021.4921355627,-21945.05390336829,72.21151961120971,
16050,1gpn,50,0,16,0.415771484375,1,-846959.862874735,-825021.4921355627,-21945.049395917482,154.0134833158799,
16051,1gpn,51,0,16,0.415771484375,1,-846964.8360673413,-825021.4921355627,-21945.050557521703,39.35572457855575,
16052,1gpn,52,0,16,0.415771484375,1,-846961.4801394123,-825021.4921355627,-21945.054998810134,116.84767964411267,
16053,1gpn,53,0,16,0.415771484375,1,-846962.9427146891,-825021.4921355627,-21945.05242866975,83.06062367393383,
16054,1gpn,54,0,16,0.415771484375,1,-846963.9151571705,-825021.4921355627,-21945.049130285806,60.559504777580784,
16055,1gpn,55,0,16,0.415771484375,1,-846963.1638011143,-825021.4921355627,-21945.0486500125,77.87511168370699,
16056,1gpn,56,0,16,0.415771484375,1,-846968.7103438493,-825021.4921355627,-21945.048654823106,-50.031091415121324,
16057,1gpn,57,0,16,0.415771484375,1,-846962.1380961572,-825021.4921355627,-21945.05171558185,101.59912361511371,
16058,1gpn,58,0,16,0.415771484375,1,-846945.9050020904,-825021.4921355627,-21945.052104990937,475.9521457694741,
16059,1gpn,59,0,16,0.415771484375,1,-846951.2710318483,-825021.4921355627,-21945.048236628798,352.119353327002,
16060,1gpn,60,0,16,0.415771484375,1,-846965.7333122699,-825021.4921355627,-21945.048293935895,18.612565457143457,
16061,1gpn,61,0,16,0.415771484375,1,-846966.0111944232,-825021.4921355627,-21945.05258962618,12.303511741292896,
16062,1gpn,62,0,16,0.415771484375,1,-846971.1031090898,-825021.4921355627,-21945.051305276927,-105.14844777423464,
16063,1gpn,63,0,16,0.415771484375,1,-846950.9089171833,-825021.4921355627,-21945.0531302542,360.58276556164856,
16064,1gpn,64,0,16,0.415771484375,1,-846970.1113137673,-825021.4921355627,-21945.04960446333,-82.31632599467635,
16065,1gpn,65,0,16,0.415771484375,1,-846954.9368345782,-825021.4921355627,-21945.053169262537,267.6976833728501,
16066,1gpn,66,0,16,0.415771484375,1,-846914.5249750881,-825021.4921355627,-21944.730093146776,1192.1669898479734,
16067,1gpn,67,0,16,0.415771484375,1,-846901.9531093349,-825021.4921355627,-21944.735983112736,1482.216927210445,
16068,1gpn,68,0,16,0.415771484375,1,-846958.8904672015,-825021.4921355627,-21944.743410555166,169.38154367110067,
16069,1gpn,69,0,16,0.415771484375,1,-846949.1924306774,-825021.4921355627,-21944.724836784997,392.5952574832445,
16070,1gpn,70,0,16,0.415771484375,1,-846953.2348546806,-825021.4921355627,-21944.684736418458,298.4500089841811,
16071,1gpn,71,0,16,0.415771484375,1,-846947.604056189,-825021.4921355627,-21944.74000854265,429.5739123890467,
16072,1gpn,72,0,16,0.415771484375,1,-846974.0072786588,-825021.4921355627,-21944.758679556293,-178.86829845612158,
16073,1gpn,73,0,16,0.415771484375,1,-846878.530245205,-825021.4921355627,-21944.70920242074,2021.7434283790278,
16074,1gpn,74,0,16,0.415771484375,1,-846956.483754367,-825021.4921355627,-21944.732670970814,224.63399940681296,
16075,1gpn,75,0,16,0.415771484375,1,-846924.8835594031,-825021.4921355627,-21944.774082624448,954.3067822471497,
16076,1gpn,76,0,16,0.415771484375,1,-846920.8950078087,-825021.4921355627,-21944.730080344525,1045.2702503846515,
16077,1gpn,77,0,16,0.415771484375,1,-846939.8162607586,-825021.4921355627,-21944.70180579822,608.283765191676,
16078,1gpn,78,0,16,0.415771484375,1,-846955.3241382379,-825021.4921355627,-21944.735235260392,251.43451654009024,
16079,1gpn,79,0,16,0.415771484375,1,-846961.3406404747,-825021.4921355627,-21944.726862667212,112.49760234913002,
16080,1gpn,80,0,16,0.415771484375,1,-846966.9223531012,-825021.4921355627,-21944.767748691324,-15.276894536484468,
16081,1gpn,81,0,16,0.415771484375,1,-846947.8396563486,-825021.4921355627,-21944.754921252865,424.4847389064469,
16082,1gpn,82,0,16,0.415771484375,1,-846949.4932700938,-825021.4921355627,-21944.720315253075,385.5534667277029,
16083,1gpn,83,0,16,0.415771484375,1,-846952.069565938,-825021.4921355627,-21944.743522389246,326.6778424612571,
16084,1gpn,84,0,16,0.415771484375,1,-846953.2080093636,-825021.4921355627,-21944.761527857663,300.8399293573131,
16085,1gpn,85,0,16,0.415771484375,1,-846940.3125739507,-825021.4921355627,-21944.76338303252,598.2585158412397,
16086,1gpn,86,0,16,0.415771484375,1,-846960.8924596693,-825021.4921355627,-21944.754630424963,123.4732369551794,
16087,1gpn,87,0,16,0.415771484375,1,-846952.3384744868,-825021.4921355627,-21944.71462024051,319.81016462468335,
16088,1gpn,88,0,16,0.415771484375,1,-846956.3918627154,-825021.4921355627,-21944.72784485634,226.6417783906803,
16089,1gpn,89,0,16,0.415771484375,1,-846962.0309904262,-825021.4921355627,-21944.73599062498,96.78824997934242,
16090,1gpn,90,0,16,0.415771484375,1,-846948.924728512,-825021.4921355627,-21944.76256067812,399.6385497147029,
16091,1gpn,91,0,16,0.415771484375,1,-846943.6903308806,-825021.4921355627,-21944.75196876973,520.1023714474425,
16092,1gpn,92,0,16,0.415771484375,1,-846947.8103147807,-825021.4921355627,-21944.750275715945,425.054242909869,
16093,1gpn,93,0,16,0.415771484375,1,-846968.2221257306,-825021.4921355627,-21944.742121989366,-45.84132921188035,
16094,1gpn,94,0,16,0.415771484375,1,-846975.6928004039,-825021.4921355627,-21944.746523238417,-218.01768462891025,
16095,1gpn,95,0,16,0.415771484375,1,-846955.0746847886,-825021.4921355627,-21944.739205424365,257.2786038947373,
16096,1gpn,96,0,16,0.415771484375,1,-846949.2201635384,-825021.4921355627,-21944.763591181567,392.8494201315248,
16097,1gpn,97,0,16,0.415771484375,1,-846884.78050509,-825021.4921355627,-21944.747987146075,1878.5034083612372,
16098,1gpn,98,0,16,0.415771484375,1,-846953.9175844782,-825021.4921355627,-21944.71917370343,283.50002848955234,
16099,1gpn,99,0,16,0.415771484375,1,-846966.6140822498,-825021.4921355627,-21944.74908016113,-8.598506356810026,
16100,1gpn,100,0,16,0.415771484375,1,-846970.5915296492,-825021.4921355627,-21944.739410424256,-100.54361178425872,
17001,1e66,1,0,17,0.415771484375,0,-859484.3906204776,-825021.4921355627,-34464.85652981766,45.15358813434194,
17002,1e66,2,0,17,0.415771484375,0,-859485.4760577701,-825021.4921355627,-34464.800933303944,18.840723470499647,
17003,1e66,3,0,17,0.415771484375,0,-859475.6692236828,-825021.4921355627,-34464.851423876506,246.15603026981637,
17004,1e66,4,0,17,0.415771484375,0,-859479.1654843504,-825021.4921355627,-34464.84660607179,165.419242700971,
17005,1e66,5,0,17,0.415771484375,0,-859486.796165116,-825021.4921355627,-34464.85456111326,-10.364988460266941,
17006,1e66,6,0,17,0.415771484375,0,-859482.0439732573,-825021.4921355627,-34464.80336667206,98.04258733798159,
17007,1e66,7,0,17,0.415771484375,0,-859481.6321453628,-825021.4921355627,-34464.80225064093,107.51382790814561,
17008,1e66,8,0,17,0.415771484375,0,-859485.4141155605,-825021.4921355627,-34464.79934805938,20.23258814974179,
17009,1e66,9,0,17,0.415771484375,0,-859472.2044472044,-825021.4921355627,-34464.852387532505,326.07789640934743,
17010,1e66,10,0,17,0.415771484375,0,-859486.0468196278,-825021.4921355627,-34464.84834986153,6.772094145988741,
17011,1e66,11,0,17,0.415771484375,0,-859485.1023155084,-825021.4921355627,-34464.850006347464,28.591076039308142,
17012,1e66,12,0,17,0.415771484375,0,-859484.1870447267,-825021.4921355627,-34464.8528686862,49.76372877855076,
17013,1e66,13,0,17,0.415771484375,0,-859480.2428689137,-825021.4921355627,-34464.85532121012,140.77514031173305,
17014,1e66,14,0,17,0.415771484375,0,-859479.2175031927,-825021.4921355627,-34464.79204194608,162.96138106895077,
17015,1e66,15,0,17,0.415771484375,0,-859489.4477837941,-825021.4921355627,-34464.79985673769,-72.77428068494157,
17016,1e66,16,0,17,0.415771484375,0,-859484.1768030815,-825021.4921355627,-34464.850548432725,49.946400410349476,
17017,1e66,17,0,17,0.415771484375,0,-859493.9377386995,-825021.4921355627,-34464.80239262988,-176.2566214741037,
17018,1e66,18,0,17,0.415771484375,0,-859493.8265767619,-825021.4921355627,-34464.84912054416,-172.61559499306304,
17019,1e66,19,0,17,0.415771484375,0,-859485.5494455546,-825021.4921355627,-34464.80071164032,17.143249270380537,
17020,1e66,20,0,17,0.415771484375,0,-859475.3064619714,-825021.4921355627,-34464.79464910736,253.21225678880575,
17021,1e66,21,0,17,0.415771484375,0,-859488.88851629,-825021.4921355627,-34464.79816203635,-59.91634639696717,
17022,1e66,22,0,17,0.415771484375,0,-859485.5517941107,-825021.4921355627,-34464.805454463036,17.198462371030956,
17023,1e66,23,0,17,0.415771484375,0,-859479.1473962504,-825021.4921355627,-34464.85058680848,165.92816216535942,
17024,1e66,24,0,17,0.415771484375,0,-859431.0550984552,-825021.4921355627,-34464.79722426368,1273.7323262398643,
17025,1e66,25,0,17,0.415771484375,0,-859487.5352906546,-825021.4921355627,-34464.80436642522,-28.56714530076238,
17026,1e66,26,0,17,0.415771484375,0,-859483.2585706365,-825021.4921355627,-34464.80465003997,70.06290154700324,
17027,1e66,27,0,17,0.415771484375,0,-859483.1502866783,-825021.4921355627,-34464.849944956026,73.60451452169183,
17028,1e66,28,0,17,0.415771484375,0,-859488.3302551658,-825021.4921355627,-34464.85010861646,-45.84462244543602,
17029,1e66,29,0,17,0.415771484375,0,-859483.5180238371,-825021.4921355627,-34464.84376142322,64.98169852836479,
17030,1e66,30,0,17,0.415771484375,0,-859495.1363365571,-825021.4921355627,-34464.7997255255,-203.95844958723902,
17031,1e66,31,0,17,0.415771484375,0,-859483.4279186764,-825021.4921355627,-34464.851071000216,67.22813574696637,
17032,1e66,32,0,17,0.415771484375,0,-859482.0921256748,-825021.4921355627,-34464.79619050139,96.76667978344373,
17033,1e66,33,0,17,0.415771484375,0,-859490.5775025473,-825021.4921355627,-34464.850628039996,-97.65539998214243,
17034,1e66,34,0,17,0.415771484375,0,-859483.1066910503,-825021.4921355627,-34464.80667592426,73.61204600966512,
17035,1e66,35,0,17,0.415771484375,0,-859468.1435795722,-825021.4921355627,-34464.7955470593,418.41295622348633,
17036,1e66,36,0,17,0.415771484375,0,-859493.7229798997,-825021.4921355627,-34464.80912139693,-171.14899684569798,
17037,1e66,37,0,17,0.415771484375,0,-859487.9219375493,-825021.4921355627,-34464.84535060504,-36.538316868601875,
17038,1e66,38,0,17,0.415771484375,0,-859487.9890590837,-825021.4921355627,-34464.85689579364,-37.819937851430545,
17039,1e66,39,0,17,0.415771484375,0,-859481.4502488038,-825021.4921355627,-34464.800778933335,111.67452382288946,
17040,1e66,40,0,17,0.415771484375,0,-859460.28087815,-825021.4921355627,-34464.80550006437,599.960680197196,
17041,1e66,41,0,17,0.415771484375,0,-859487.4617187714,-825021.4921355627,-34464.85379534534,-25.730679391173467,
17042,1e66,42,0,17,0.415771484375,0,-859474.476920512,-825021.4921355627,-34464.79900639934,272.44241882934153,
17043,1e66,43,0,17,0.415771484375,0,-859484.7780873915,-825021.4921355627,-34464.84461974667,35.94373607168406,
17044,1e66,44,0,17,0.415771484375,0,-859486.962666511,-825021.4921355627,-34464.808109026366,-15.275812413715624,
17045,1e66,45,0,17,0.415771484375,0,-859485.9494977257,-825021.4921355627,-34464.79473861604,7.780085832268111,
17046,1e66,46,0,17,0.415771484375,0,-859486.3423134953,-825021.4921355627,-34464.85693698983,0.15586756151065503,
17047,1e66,47,0,17,0.415771484375,0,-859488.709927495,-825021.4921355627,-34464.80477365385,-55.64552342602275,
17048,1e66,48,0,17,0.415771484375,0,-859484.4198446926,-825021.4921355627,-34464.85324056221,44.40380969479481,
17049,1e66,49,0,17,0.415771484375,0,-859487.151538292,-825021.4921355627,-34464.84979688938,-18.669954194177915,
17050,1e66,50,0,17,0.415771484375,0,-859488.8715091753,-825021.4921355627,-34464.85070649601,-58.31244898946977,
17051,1e66,51,0,17,0.415771484375,0,-859483.530314994,-825021.4921355627,-34464.85483324602,64.9535800156337,
17052,1e66,52,0,17,0.415771484375,0,-859487.9378462611,-825021.4921355627,-34464.798034901345,-37.99630652677254,
17053,1e66,53,0,17,0.415771484375,0,-859480.8496358711,-825021.4921355627,-34464.848436199245,126.62398974509286,
17054,1e66,54,0,17,0.415771484375,0,-859486.8729186216,-825021.4921355627,-34464.800937925866,-13.371546425516842,
17055,1e66,55,0,17,0.415771484375,0,-859480.6302688468,-825021.4921355627,-34464.85759264781,131.89386622313407,
17056,1e66,56,0,17,0.415771484375,0,-859485.3486982253,-825021.4921355627,-34464.85585581759,23.044247596524382,
17057,1e66,57,0,17,0.415771484375,0,-859487.8477159197,-825021.4921355627,-34464.80632380902,-35.72670472709339,
17058,1e66,58,0,17,0.415771484375,0,-859487.4788565274,-825021.4921355627,-34464.80517553017,-27.247085006118716,
17059,1e66,59,0,17,0.415771484375,0,-859487.6381476267,-825021.4921355627,-34464.84916447942,-29.90601575216164,
17060,1e66,60,0,17,0.415771484375,0,-859486.4720391482,-825021.4921355627,-34464.80238251844,-4.093733058054298,
17061,1e66,61,0,17,0.415771484375,0,-859397.2833430809,-825021.4921355627,-34464.85200204716,2053.7907120681666,
17062,1e66,62,0,17,0.415771484375,0,-859477.359934719,-825021.4921355627,-34464.850210399694,207.13932411153735,
17063,1e66,63,0,17,0.415771484375,0,-859480.141952172,-825021.4921355627,-34464.85001525299,142.9799773812685,
17064,1e66,64,0,17,0.415771484375,0,-859486.7999838985,-825021.4921355627,-34464.803119878175,-11.639314739120323,
17065,1e66,65,0,17,0.415771484375,0,-859485.9046308413,-825021.4921355627,-34464.804204429325,9.033027605137697,
17066,1e66,66,0,17,0.415771484375,0,-859485.092336864,-825021.4921355627,-34464.850279320395,28.827483951888052,
17067,1e66,67,0,17,0.415771484375,0,-859484.3626023331,-825021.4921355627,-34464.84916362103,45.62983336693127,
17068,1e66,68,0,17,0.415771484375,0,-859487.3342205533,-825021.4921355627,-34464.79741468594,-24.09066952737854,
17069,1e66,69,0,17,0.415771484375,0,-859465.0759089781,-825021.4921355627,-34464.80142281748,489.29061888952054,
17070,1e66,70,0,17,0.415771484375,0,-859479.7571665344,-825021.4921355627,-34464.797355095296,150.63897289663186,
17071,1e66,71,0,17,0.415771484375,0,-859489.0709733919,-825021.4921355627,-34466.289230615366,-29.7390488367788,
17072,1e66,72,0,17,0.415771484375,0,-859489.5249910436,-825021.4921355627,-34466.338150278876,-39.080830370285895,
17073,1e66,73,0,17,0.415771484375,0,-859491.6169220392,-825021.4921355627,-34466.319584946665,-87.75003188364022,
17074,1e66,74,0,17,0.415771484375,0,-859485.696788298,-825021.4921355627,-34466.37244980656,49.9905880495984,
17075,1e66,75,0,17,0.415771484375,0,-859491.6318404784,-825021.4921355627,-34466.386314550364,-86.55523804670334,
17076,1e66,76,0,17,0.415771484375,0,-859488.7657750387,-825021.4921355627,-34466.35959934708,-21.078266113041884,
17077,1e66,77,0,17,0.415771484375,0,-859491.4901816505,-825021.4921355627,-34466.32628907419,-84.67272823475841,
17078,1e66,78,0,17,0.415771484375,0,-859480.0863106739,-825021.4921355627,-34466.406224592254,180.1501407140916,
17079,1e66,79,0,17,0.415771484375,0,-859466.2524666139,-825021.4921355627,-34466.32416804804,497.2738944775546,
17080,1e66,80,0,17,0.415771484375,0,-859476.8204543298,-825021.4921355627,-34466.29104196604,252.8064026822324,
17081,1e66,81,0,17,0.415771484375,0,-859491.7602472848,-825021.4921355627,-34466.275893902864,-92.06272997022684,
17082,1e66,82,0,17,0.415771484375,0,-859489.4193591574,-825021.4921355627,-34466.30260411885,-37.4646151303919,
17083,1e66,83,0,17,0.415771484375,0,-859491.6835778793,-825021.4921355627,-34466.33560989569,-88.9176079700387,
17084,1e66,84,0,17,0.415771484375,0,-859478.2299229227,-825021.4921355627,-34466.373266241346,222.19942161474376,
17085,1e66,85,0,17,0.415771484375,0,-859491.9541621448,-825021.4921355627,-34466.32890468719,-95.3120551474111,
17086,1e66,86,0,17,0.415771484375,0,-859493.603522431,-825021.4921355627,-34466.312612064896,-133.72292371260966,
17087,1e66,87,0,17,0.415771484375,0,-859487.8451526427,-825021.4921355627,-34464.80351774379,-35.732303555971505,
17088,1e66,88,0,17,0.415771484375,0,-859474.7627244286,-825021.4921355627,-34466.35660353139,301.77066710685654,
17089,1e66,89,0,17,0.415771484375,0,-859491.1198969781,-825021.4921355627,-34466.33134197935,-76.0172380757406,
17090,1e66,90,0,17,0.415771484375,0,-859490.6559141697,-825021.4921355627,-34466.304475397206,-65.93709843249937,
17091,1e66,91,0,17,0.415771484375,0,-859490.8221908252,-825021.4921355627,-34466.30351222736,-69.79374042434458,
17092,1e66,92,0,17,0.415771484375,0,-859490.3593563003,-825021.4921355627,-34466.36171276544,-57.778386432425236,
17093,1e66,93,0,17,0.415771484375,0,-859492.5226175748,-825021.4921355627,-34466.35476477198,-107.82460105772019,
17094,1e66,94,0,17,0.415771484375,0,-859480.4815232516,-825021.4921355627,-34466.369926735286,170.1992736943441,
17095,1e66,95,0,17,0.415771484375,0,-859492.0157720608,-825021.4921355627,-34466.29331543527,-97.5535212091196,
17096,1e66,96,0,17,0.415771484375,0,-859491.9706679452,-825021.4921355627,-34466.3651399841,-94.85708214994874,
17097,1e66,97,0,17,0.415771484375,0,-859488.4719858381,-825021.4921355627,-34464.803629324,-50.18484734071863,
17098,1e66,98,0,17,0.415771484375,0,-859491.4063984365,-825021.4921355627,-34464.8035393541,-117.85608417556364,
17099,1e66,99,0,17,0.415771484375,0,-859490.0119149782,-825021.4921355627,-34464.803476526016,-85.69998053489749,
17100,1e66,100,0,17,0.415771484375,0,-859469.449330051,-825021.4921355627,-34464.80250264815,388.4620345425553,
18001,1h23,1,0,18,0.415771484375,2,-866918.7232623072,-825021.4921355627,-41914.2201517374,391.77622344354194,
18002,1h23,2,0,18,0.415771484375,2,-866836.1958606772,-825021.4921355627,-41914.666270535534,2305.191059952988,
18003,1h23,3,0,18,0.415771484375,2,-866941.2278374719,-825021.4921355627,-41914.88904123157,-111.76665037470289,
18004,1h23,4,0,18,0.415771484375,2,-866920.9470369215,-825021.4921355627,-41914.70417578751,351.6566223452953,
18005,1h23,5,0,18,0.415771484375,2,-866942.7399423369,-825021.4921355627,-41914.944455558434,-145.35873220480894,
18006,1h23,6,0,18,0.415771484375,2,-866935.2738003348,-825021.4921355627,-41914.68209330536,20.76437525986978,
18007,1h23,7,0,18,0.415771484375,2,-866865.7694901129,-825021.4921355627,-41915.23473702629,1636.3161125253594,
18008,1h23,8,0,18,0.415771484375,2,-866875.1969115252,-825021.4921355627,-41914.33142942441,1398.0838419684842,
18009,1h23,9,0,18,0.415771484375,2,-866913.0641662976,-825021.4921355627,-41914.21873152251,522.2453267194651,
18010,1h23,10,0,18,0.415771484375,2,-866933.9172526781,-825021.4921355627,-41914.4388847028,46.43858376964393,
18011,1h23,11,0,18,0.415771484375,2,-866936.131577664,-825021.4921355627,-41914.41402491705,-5.198243760427678,
18012,1h23,12,0,18,0.415771484375,2,-866895.5084344811,-825021.4921355627,-41914.838115571285,941.3734554565507,
18013,1h23,13,0,18,0.415771484375,2,-866930.1426378544,-825021.4921355627,-41914.66656961126,138.7338081740267,
18014,1h23,14,0,18,0.415771484375,2,-866943.1876726139,-825021.4921355627,-41914.93293816188,-155.94923514611077,
18015,1h23,15,0,18,0.415771484375,2,-866921.043159088,-825021.4921355627,-41912.56137528149,300.02583896673855,
18016,1h23,16,0,18,0.415771484375,2,-866913.1013985348,-825021.4921355627,-41914.45814525297,526.9077427132297,
18017,1h23,17,0,18,0.415771484375,2,-866921.8775138356,-825021.4921355627,-41912.942548675666,289.57522869127035,
18018,1h23,18,0,18,0.415771484375,2,-866922.5488054983,-825021.4921355627,-41914.65765844595,313.64624608692765,
18019,1h23,19,0,18,0.415771484375,2,-866894.0965285272,-825021.4921355627,-41907.389543161386,802.1646199103296,
18020,1h23,20,0,18,0.415771484375,2,-866780.8982006005,-825021.4921355627,-41870.52630471801,2562.4936020948485,
18021,1h23,21,0,18,0.415771484375,2,-866921.8335852807,-825021.4921355627,-41914.68575196034,330.7874679566268,
18022,1h23,22,0,18,0.415771484375,2,-866845.5942738942,-825021.4921355627,-41889.85951492736,1516.4011282046572,
18023,1h23,23,0,18,0.415771484375,2,-866905.9743440818,-825021.4921355627,-41909.806100006965,583.982810912703,
18024,1h23,24,0,18,0.415771484375,2,-866940.5817574767,-825021.4921355627,-41915.17540670498,-90.2639470462886,
18025,1h23,25,0,18,0.415771484375,2,-866944.0955555023,-825021.4921355627,-41914.40584306362,-189.04061364455902,
18026,1h23,26,0,18,0.415771484375,2,-866927.5564355284,-825021.4921355627,-41905.38966045976,-15.55755659611752,
18027,1h23,27,0,18,0.415771484375,2,-866926.8751843128,-825021.4921355627,-41902.574702304955,-64.76200752346004,
18028,1h23,28,0,18,0.415771484375,2,-866906.2903916282,-825021.4921355627,-41902.50898419297,408.41909309951876,
18029,1h23,29,0,18,0.415771484375,2,-866933.0372555369,-825021.4921355627,-41913.31274198812,40.762331998921375,
18030,1h23,30,0,18,0.415771484375,2,-866890.8777377566,-825021.4921355627,-41914.78620512645,1046.9627754654323,
18031,1h23,31,0,18,0.415771484375,2,-866881.2091228862,-825021.4921355627,-41887.18149182096,633.3465196082727,
18032,1h23,32,0,18,0.415771484375,2,-866924.641779147,-825021.4921355627,-41909.335009548166,142.63792766027382,
18033,1h23,33,0,18,0.415771484375,2,-866897.5200128254,-825021.4921355627,-41911.33484032092,814.1979103584299,
18034,1h23,34,0,18,0.415771484375,2,-866923.9506057939,-825021.4921355627,-41913.89025711203,263.62326815579377,
18035,1h23,35,0,18,0.415771484375,2,-866924.3941810423,-825021.4921355627,-41912.66791864262,225.2063851829504,
18036,1h23,36,0,18,0.415771484375,2,-866899.8299675408,-825021.4921355627,-41908.82139746241,702.9677198986118,
18037,1h23,37,0,18,0.415771484375,2,-866931.5011978954,-825021.4921355627,-41912.6587239706,61.10264893610471,
18038,1h23,38,0,18,0.415771484375,2,-866895.9255873346,-825021.4921355627,-41912.740286288645,883.3765896140923,
18039,1h23,39,0,18,0.415771484375,2,-866928.4717836528,-825021.4921355627,-41913.57691808297,152.13666022237442,
18040,1h23,40,0,18,0.415771484375,2,-866918.5486593683,-825021.4921355627,-41911.25162772477,327.3468728886253,
18041,1h23,41,0,18,0.415771484375,2,-866929.9460852894,-825021.4921355627,-41914.328009603036,135.4590387392593,
18042,1h23,42,0,18,0.415771484375,2,-866900.5740214327,-825021.4921355627,-41914.5694810292,818.3633855631365,
18043,1h23,43,0,18,0.415771484375,2,-866910.1031525172,-825021.4921355627,-41913.85259271182,582.084565071155,
18044,1h23,44,0,18,0.415771484375,2,-866908.7893392121,-825021.4921355627,-41912.919789285654,590.8708616085559,
18045,1h23,45,0,18,0.415771484375,2,-866943.2308484457,-825021.4921355627,-41914.9898242013,-155.6330702472161,
18046,1h23,46,0,18,0.415771484375,2,-866934.3320635039,-825021.4921355627,-41911.603630408936,-28.50969837592197,
18047,1h23,47,0,18,0.415771484375,2,-866899.1029118251,-825021.4921355627,-41913.59556693458,829.8289864715579,
18048,1h23,48,0,18,0.415771484375,2,-866884.2470198978,-825021.4921355627,-41913.51918967582,1170.6526913978853,
18049,1h23,49,0,18,0.415771484375,2,-866840.8986984827,-825021.4921355627,-41906.8445164107,2016.3671086846973,
18050,1h23,50,0,18,0.415771484375,2,-866877.0337120001,-825021.4921355627,-41893.69697313319,879.8843504991074,
18051,1h23,51,0,18,0.415771484375,2,-866908.9699766112,-825021.4921355627,-41909.35785992322,504.5652217953063,
18052,1h23,52,0,18,0.415771484375,2,-866921.6738443812,-825021.4921355627,-41911.57767304601,262.79717814379205,
18053,1h23,53,0,18,0.415771484375,2,-866923.3743373621,-825021.4921355627,-41914.16428264643,283.2315128319114,
18054,1h23,54,0,18,0.415771484375,2,-866912.6948660751,-825021.4921355627,-41914.89401215247,546.3339334304013,
18055,1h23,55,0,18,0.415771484375,2,-866918.1841341915,-825021.4921355627,-41911.8471161453,349.48531236824647,
18056,1h23,56,0,18,0.415771484375,2,-866921.2356094861,-825021.4921355627,-41905.47366296673,132.14129851186547,
18057,1h23,57,0,18,0.415771484375,2,-866902.2263077555,-825021.4921355627,-41912.6224789715,735.3618237087354,
18058,1h23,58,0,18,0.415771484375,2,-866923.7073789045,-825021.4921355627,-41910.57869820665,192.86585094122225,
18059,1h23,59,0,18,0.415771484375,2,-866914.2873371571,-825021.4921355627,-41901.62949440174,203.72363183435976,
18060,1h23,60,0,18,0.415771484375,2,-866897.1916605883,-825021.4921355627,-41904.21809229597,657.6537846000184,
18061,1h23,61,0,18,0.415771484375,2,-866941.5484100301,-825021.4921355627,-41914.94958839919,-117.76297833143842,
18062,1h23,62,0,18,0.415771484375,2,-866924.1362295998,-825021.4921355627,-41912.85074299823,235.37091655784133,
18063,1h23,63,0,18,0.415771484375,2,-866927.554672636,-825021.4921355627,-41913.40128874649,169.2356339772838,
18064,1h23,64,0,18,0.415771484375,2,-866939.6958061863,-825021.4921355627,-41914.11437102897,-94.30148889562537,
18065,1h23,65,0,18,0.415771484375,2,-866934.0620161133,-825021.4921355627,-41913.97620322511,32.43057130055369,
18066,1h23,66,0,18,0.415771484375,2,-866922.7302074856,-825021.4921355627,-41912.96421434769,270.4112682552255,
18067,1h23,67,0,18,0.415771484375,2,-866942.5599493028,-825021.4921355627,-41914.10444098207,-160.57919054930275,
18068,1h23,68,0,18,0.415771484375,2,-866936.2202093189,-825021.4921355627,-41914.830172834714,2.3544606832960104,
18069,1h23,69,0,18,0.415771484375,2,-866942.6071271546,-825021.4921355627,-41914.11877652245,-161.33655224214047,
18070,1h23,70,0,18,0.415771484375,2,-866927.2110252168,-825021.4921355627,-41913.28068469241,174.37913616509582,
18071,1h23,71,0,18,0.415771484375,2,-866927.4852679906,-825021.4921355627,-41913.242670121406,167.1783107305877,
18072,1h23,72,0,18,0.415771484375,2,-866937.4201653738,-825021.4921355627,-41913.88873346077,-47.02729102815813,
18073,1h23,73,0,18,0.415771484375,2,-866937.6418960118,-825021.4921355627,-41913.51079839881,-60.8559105831994,
18074,1h23,74,0,18,0.415771484375,2,-866937.707632972,-825021.4921355627,-41914.718974170166,-34.51064573667167,
18075,1h23,75,0,18,0.415771484375,2,-866936.0928078044,-825021.4921355627,-41915.00880666284,9.411803341131368,
18076,1h23,76,0,18,0.415771484375,2,-866936.3627424748,-825021.4921355627,-41913.7480056953,-25.88779905399161,
18077,1h23,77,0,18,0.415771484375,2,-866938.0015702429,-825021.4921355627,-41914.12900621596,-54.89398445745907,
18078,1h23,78,0,18,0.415771484375,2,-866933.3116841139,-825021.4921355627,-41913.426784029536,37.06373062263628,
18079,1h23,79,0,18,0.415771484375,2,-866942.2044213369,-825021.4921355627,-41913.361317913426,-169.51734595420422,
18080,1h23,80,0,18,0.415771484375,2,-866931.5156971553,-825021.4921355627,-41914.43353482299,101.69639861194042,
18081,1h23,81,0,18,0.415771484375,2,-866928.1093729128,-825021.4921355627,-41913.267937047516,153.3687784796131,
18082,1h23,82,0,18,0.415771484375,2,-866843.5938717123,-825021.4921355627,-41914.10245867038,2121.5870621411377,
18083,1h23,83,0,18,0.415771484375,2,-866863.4831699873,-825021.4921355627,-41914.87812132108,1680.8161536101002,
18084,1h23,84,0,18,0.415771484375,2,-866915.3387827078,-825021.4921355627,-41914.84292957829,484.18577531556696,
18085,1h23,85,0,18,0.415771484375,2,-866921.4578362834,-825021.4921355627,-41915.056581502875,348.0039780842122,
18086,1h23,86,0,18,0.415771484375,2,-866941.7560468323,-825021.4921355627,-41914.54489764093,-131.8835873279887,
18087,1h23,87,0,18,0.415771484375,2,-866932.1254984234,-825021.4921355627,-41913.986421961396,77.32337977159587,
18088,1h23,88,0,18,0.415771484375,2,-866933.2167307637,-825021.4921355627,-41914.94520662386,74.26906376139773,
18089,1h23,89,0,18,0.415771484375,2,-866930.6592441837,-825021.4921355627,-41914.62425036458,125.84467819662964,
18090,1h23,90,0,18,0.415771484375,2,-866943.4714914729,-825021.4921355627,-41914.03150345162,-183.28183177210613,
18091,1h23,91,0,18,0.415771484375,2,-866943.1821433702,-825021.4921355627,-41913.900696084194,-179.62579556183263,
18092,1h23,92,0,18,0.415771484375,2,-866943.7353983666,-825021.4921355627,-41915.07940010043,-165.20259852485253,
18093,1h23,93,0,18,0.415771484375,2,-866906.604447398,-825021.4921355627,-41914.79104783051,684.4079109702838,
18094,1h23,94,0,18,0.415771484375,2,-866943.632186336,-825021.4921355627,-41914.96628931158,-165.4308693128477,
18095,1h23,95,0,18,0.415771484375,2,-866918.2774450518,-825021.4921355627,-41914.8933092912,417.58039555269545,
18096,1h23,96,0,18,0.415771484375,2,-866922.0822057007,-825021.4921355627,-41914.97745561707,331.78099099787687,
18097,1h23,97,0,18,0.415771484375,2,-866920.6166010463,-825021.4921355627,-41914.19945458239,347.6375071589575,
18098,1h23,98,0,18,0.415771484375,2,-866943.1485916176,-825021.4921355627,-41915.012252752,-153.21896806258323,
18099,1h23,99,0,18,0.415771484375,2,-866941.2766447505,-825021.4921355627,-41915.05422353631,-109.08297851860823,
18100,1h23,100,0,18,0.415771484375,2,-866911.9710597626,-825021.4921355627,-41915.031218319134,566.1893528871385,
19001,1h22,1,0,19,0.415771484375,2,-864801.3711105855,-825021.4921355627,-39776.414593715795,-79.89053083407259,
19002,1h22,2,0,19,0.415771484375,2,-864806.4958816869,-825021.4921355627,-39776.205246663296,-202.89821765625456,
19003,1h22,3,0,19,0.415771484375,2,-864757.0368335012,-825021.4921355627,-39776.30943329384,940.0571294646845,
19004,1h22,4,0,19,0.415771484375,2,-864765.6680060653,-825021.4921355627,-39775.270190836825,717.0520613279824,
19005,1h22,5,0,19,0.415771484375,2,-864788.6644704666,-825021.4921355627,-39776.35204534358,211.689151666545,
19006,1h22,6,0,19,0.415771484375,2,-864784.8432556937,-825021.4921355627,-39776.00674071533,291.8455438117768,
19007,1h22,7,0,19,0.415771484375,2,-864779.5140471954,-825021.4921355627,-39775.552655776286,404.26856382869465,
19008,1h22,8,0,19,0.415771484375,2,-864779.971051621,-825021.4921355627,-39775.78111131899,398.9981013834431,
19009,1h22,9,0,19,0.415771484375,2,-864805.060157469,-825021.4921355627,-39776.2560716641,-168.6175782954759,
19010,1h22,10,0,19,0.415771484375,2,-864803.0089948591,-825021.4921355627,-39775.74170759131,-133.1781621233682,
19011,1h22,11,0,19,0.415771484375,2,-864764.264067465,-825021.4921355627,-39775.48373404235,754.3520778769382,
19012,1h22,12,0,19,0.415771484375,2,-864777.9605246373,-825021.4921355627,-39776.400170146,459.6377907475812,
19013,1h22,13,0,19,0.415771484375,2,-864775.3785085316,-825021.4921355627,-39776.08958166201,512.018156060603,
19014,1h22,14,0,19,0.415771484375,2,-864783.3760130246,-825021.4921355627,-39775.71991555162,319.0666181544479,
19015,1h22,15,0,19,0.415771484375,2,-864805.07333683,-825021.4921355627,-39775.793382492855,-179.5913673445644,
19016,1h22,16,0,19,0.415771484375,2,-864781.2359842288,-825021.4921355627,-39775.875435372174,372.00322681959335,
19017,1h22,17,0,19,0.415771484375,2,-864749.7203899527,-825021.4921355627,-39751.159575769874,528.8088335010581,
19018,1h22,18,0,19,0.415771484375,2,-864765.3421448926,-825021.4921355627,-39773.617102090444,686.4454663841527,
19019,1h22,19,0,19,0.415771484375,2,-864777.3460249268,-825021.4921355627,-39775.39563105892,450.64326904813777,
19020,1h22,20,0,19,0.415771484375,2,-864749.775685276,-825021.4921355627,-39776.21715613419,1105.3752235625197,
19021,1h22,21,0,19,0.415771484375,2,-864785.9798771858,-825021.4921355627,-39773.710689944906,212.68624091494604,
19022,1h22,22,0,19,0.415771484375,2,-864762.7089051964,-825021.4921355627,-39771.919124610475,708.0131254545956,
19023,1h22,23,0,19,0.415771484375,2,-864730.8354796679,-825021.4921355627,-39740.59621500652,720.7083242645637,
19024,1h22,24,0,19,0.415771484375,2,-864795.1708561359,-825021.4921355627,-39776.07858479249,55.34218361607651,
19025,1h22,25,0,19,0.415771484375,2,-864748.0851552883,-825021.4921355627,-39776.18475340512,1143.61254651899,
19026,1h22,26,0,19,0.415771484375,2,-864778.7434556641,-825021.4921355627,-39775.335725465906,417.03629489563315,
19027,1h22,27,0,19,0.415771484375,2,-864796.9925530348,-825021.4921355627,-39776.05974873864,12.898485425302704,
19028,1h22,28,0,19,0.415771484375,2,-864766.733719485,-825021.4921355627,-39770.21022506435,575.7905433219271,
19029,1h22,29,0,19,0.415771484375,2,-864793.8138694196,-825021.4921355627,-39773.20106134551,20.27777360941254,
19030,1h22,30,0,19,0.415771484375,2,-864802.0490338618,-825021.4921355627,-39773.737706295935,-157.25430335606228,
19031,1h22,31,0,19,0.415771484375,2,-864774.4098302714,-825021.4921355627,-39776.188981641084,536.648625384722,
19032,1h22,32,0,19,0.415771484375,2,-864790.734023688,-825021.4921355627,-39775.5406394462,145.2526561084747,
19033,1h22,33,0,19,0.415771484375,2,-864777.5567886899,-825021.4921355627,-39774.262189552726,419.6451591397884,
19034,1h22,34,0,19,0.415771484375,2,-864745.2505350825,-825021.4921355627,-39772.855638134984,1132.2092194359334,
19035,1h22,35,0,19,0.415771484375,2,-864780.001470338,-825021.4921355627,-39775.94313440636,402.0329702622545,
19036,1h22,36,0,19,0.415771484375,2,-864796.767208229,-825021.4921355627,-39775.842984664916,13.09636180649639,
19037,1h22,37,0,19,0.415771484375,2,-864788.732685065,-825021.4921355627,-39775.95249108921,200.9021456621436,
19038,1h22,38,0,19,0.415771484375,2,-864749.0318576361,-825021.4921355627,-39748.77534102952,489.70500665136154,
19039,1h22,39,0,19,0.415771484375,2,-864796.1931860191,-825021.4921355627,-39775.77072860268,24.667364056061817,
19040,1h22,40,0,19,0.415771484375,2,-864788.1775748293,-825021.4921355627,-39773.21876421373,150.6620524359226,
19041,1h22,41,0,19,0.415771484375,2,-864785.643940329,-825021.4921355627,-39776.114537788475,275.8671770435189,
19042,1h22,42,0,19,0.415771484375,2,-864785.922300969,-825021.4921355627,-39776.006894157304,266.9657070842602,
19043,1h22,43,0,19,0.415771484375,2,-864786.7262073328,-825021.4921355627,-39775.367261643194,233.67690974521017,
19044,1h22,44,0,19,0.415771484375,2,-864769.7926966411,-825021.4921355627,-39746.60179991855,-39.17436297856823,
19045,1h22,45,0,19,0.415771484375,2,-864787.6573169797,-825021.4921355627,-39775.8116078262,222.45187760354872,
19046,1h22,46,0,19,0.415771484375,2,-864783.3125520558,-825021.4921355627,-39766.96137148157,118.55323840650826,
19047,1h22,47,0,19,0.415771484375,2,-864740.8676601828,-825021.4921355627,-39766.29328341311,1081.9492207526557,
19048,1h22,48,0,19,0.415771484375,2,-864767.4384112321,-825021.4921355627,-39776.074849282944,694.7814128838595,
19049,1h22,49,0,19,0.415771484375,2,-864760.6313826022,-825021.4921355627,-39768.698524927684,681.6531415801937,
19050,1h22,50,0,19,0.415771484375,2,-864776.7525823687,-825021.4921355627,-39762.563443862324,168.41111292485567,
19051,1h22,51,0,19,0.415771484375,2,-864787.0376010999,-825021.4921355627,-39774.36104656495,203.29212794435813,
19052,1h22,52,0,19,0.415771484375,2,-864749.1782094314,-825021.4921355627,-39766.09456378116,885.7208187292434,
19053,1h22,53,0,19,0.415771484375,2,-864781.1440587312,-825021.4921355627,-39776.181036260656,381.170403060506,
19054,1h22,54,0,19,0.415771484375,2,-864770.1769455952,-825021.4921355627,-39774.53215595217,596.0539568754045,
19055,1h22,55,0,19,0.415771484375,2,-864803.7166119276,-825021.4921355627,-39775.79488142843,-148.26998156408843,
19056,1h22,56,0,19,0.415771484375,2,-864730.7817140169,-825021.4921355627,-39763.42646179568,1248.4261876963772,
19057,1h22,57,0,19,0.415771484375,2,-864795.0590667819,-825021.4921355627,-39774.66100276007,25.22988909857461,
19058,1h22,58,0,19,0.415771484375,2,-864761.9298498912,-825021.4921355627,-39774.970928212766,796.3548305225654,
19059,1h22,59,0,19,0.415771484375,2,-864781.7876384214,-825021.4921355627,-39773.13082000349,295.9894449385676,
19060,1h22,60,0,19,0.415771484375,2,-864788.8782424774,-825021.4921355627,-39775.07647347733,177.34406595203066,
19061,1h22,61,0,19,0.415771484375,2,-864785.650780489,-825021.4921355627,-39772.676560379616,196.4277967290792,
19062,1h22,62,0,19,0.415771484375,2,-864773.0293353869,-825021.4921355627,-39754.96710531693,79.09549966881848,
19063,1h22,63,0,19,0.415771484375,2,-864763.2269647116,-825021.4921355627,-39775.60067314398,780.9649152736943,
19064,1h22,64,0,19,0.415771484375,2,-864757.0241548932,-825021.4921355627,-39775.46619147932,920.9038869131123,
19065,1h22,65,0,19,0.415771484375,2,-864791.8302388259,-825021.4921355627,-39775.8754166904,127.6934811416077,
19066,1h22,66,0,19,0.415771484375,2,-864759.9171577154,-825021.4921355627,-39775.80494604673,862.0015228627591,
19067,1h22,67,0,19,0.415771484375,2,-864752.2477256499,-825021.4921355627,-39774.96112883875,1019.4039407595795,
19068,1h22,68,0,19,0.415771484375,2,-864770.6228839564,-825021.4921355627,-39775.86672926491,616.546365678799,
19069,1h22,69,0,19,0.415771484375,2,-864760.2781921792,-825021.4921355627,-39771.680919991064,758.5735702317334,
19070,1h22,70,0,19,0.415771484375,2,-864722.0282337657,-825021.4921355627,-39765.43704776831,1496.6514517025403,
19071,1h22,71,0,19,0.415771484375,2,-864804.1977153419,-825021.4921355627,-39776.06262822098,-153.19010214549712,
19072,1h22,72,0,19,0.415771484375,2,-864788.6267937064,-825021.4921355627,-39775.39281195631,190.4375509874752,
19073,1h22,73,0,19,0.415771484375,2,-864798.3777580559,-825021.4921355627,-39775.40004656835,-34.258194671592896,
19074,1h22,74,0,19,0.415771484375,2,-864791.6779420625,-825021.4921355627,-39774.40023441478,97.18701651225425,
19075,1h22,75,0,19,0.415771484375,2,-864805.1864913004,-825021.4921355627,-39775.38352524597,-191.65230406560607,
19076,1h22,76,0,19,0.415771484375,2,-864802.4313382223,-825021.4921355627,-39774.80251788641,-141.51531273462106,
19077,1h22,77,0,19,0.415771484375,2,-864768.0759692158,-825021.4921355627,-39775.33501847443,663.0180727584678,
19078,1h22,78,0,19,0.415771484375,2,-864795.2928590779,-825021.4921355627,-39775.40409757329,36.97468415661529,
19079,1h22,79,0,19,0.415771484375,2,-864794.2020164685,-825021.4921355627,-39775.396678137105,61.959016063511456,
19080,1h22,80,0,19,0.415771484375,2,-864802.1330158687,-825021.4921355627,-39774.81899043737,-134.25596978051635,
19081,1h22,81,0,19,0.415771484375,2,-864804.054447592,-825021.4921355627,-39775.312693612395,-167.18017225681433,
19082,1h22,82,0,19,0.415771484375,2,-864803.5528409997,-825021.4921355627,-39775.92119903335,-141.58038107720904,
19083,1h22,83,0,19,0.415771484375,2,-864806.8414298169,-825021.4921355627,-39775.16155230595,-234.9349104837445,
19084,1h22,84,0,19,0.415771484375,2,-864802.3689285931,-825021.4921355627,-39776.30488718465,-105.4306534334409,
19085,1h22,85,0,19,0.415771484375,2,-864759.0305999208,-825021.4921355627,-39773.041952251995,818.7298807315136,
19086,1h22,86,0,19,0.415771484375,2,-864784.7038770663,-825021.4921355627,-39775.11627446054,274.5250516555731,
19087,1h22,87,0,19,0.415771484375,2,-864756.1348412188,-825021.4921355627,-39775.2890080856,937.3260013128049,
19088,1h22,88,0,19,0.415771484375,2,-864803.9195927661,-825021.4921355627,-39775.59871244691,-157.4745950798926,
19089,1h22,89,0,19,0.415771484375,2,-864787.318622205,-825021.4921355627,-39775.23851049698,217.04642628248007,
19090,1h22,90,0,19,0.415771484375,2,-864799.2514275428,-825021.4921355627,-39775.04985599696,-62.48107808250537,
19091,1h22,91,0,19,0.415771484375,2,-864767.1551938142,-825021.4921355627,-39776.32975783175,707.1908924777832,
19092,1h22,92,0,19,0.415771484375,2,-864805.7678777496,-825021.4921355627,-39776.45692057803,-180.3063096912039,
19093,1h22,93,0,19,0.415771484375,2,-864803.6086921892,-825021.4921355627,-39775.33172252361,-156.46199135278874,
19094,1h22,94,0,19,0.415771484375,2,-864783.744130789,-825021.4921355627,-39776.03146953847,317.7622264577647,
19095,1h22,95,0,19,0.415771484375,2,-864796.7130931941,-825021.4921355627,-39776.49226465378,29.31703639791668,
19096,1h22,96,0,19,0.415771484375,2,-864792.2263831955,-825021.4921355627,-39775.89814950374,119.08240608758643,
19097,1h22,97,0,19,0.415771484375,2,-864798.616326305,-825021.4921355627,-39775.794481110664,-30.66383256038975,
19098,1h22,98,0,19,0.415771484375,2,-864804.633871238,-825021.4921355627,-39775.57055916046,-174.59547815412543,
19099,1h22,99,0,19,0.415771484375,2,-864772.3020488124,-825021.4921355627,-39775.40623398948,567.2046308772764,
19100,1h22,100,0,19,0.415771484375,2,-864804.9344115149,-825021.4921355627,-39776.34353276802,-163.70090673603127,
20001,1gpk,1,0,20,0.415771484375,1,-845897.4185207805,-825021.4921355627,-20875.08766033953,-19.341455172350706,
20002,1gpk,2,0,20,0.415771484375,1,-845893.6375807473,-825021.4921355627,-20875.08873961461,67.8739819840077,
20003,1gpk,3,0,20,0.415771484375,1,-845881.1694363444,-825021.4921355627,-20875.087528931836,355.3683033367199,
20004,1gpk,4,0,20,0.415771484375,1,-845886.0136223919,-825021.4921355627,-20875.09031774714,243.7230308980228,
20005,1gpk,5,0,20,0.415771484375,1,-845890.4246977092,-825021.4921355627,-20875.092692061382,142.05597054606358,
20006,1gpk,6,0,20,0.415771484375,1,-845891.0997552576,-825021.4921355627,-20875.091542045757,126.4622536713391,
20007,1gpk,7,0,20,0.415771484375,1,-845873.4986652958,-825021.4921355627,-20875.08902351154,532.2949518283112,
20008,1gpk,8,0,20,0.415771484375,1,-845897.4588445981,-825021.4921355627,-20875.090053263993,-20.216162348632267,
20009,1gpk,9,0,20,0.415771484375,1,-845889.791553944,-825021.4921355627,-20875.08608550383,156.50426178961717,
20010,1gpk,10,0,20,0.415771484375,1,-845882.0184838028,-825021.4921355627,-20875.090332309323,335.8534512328765,
20011,1gpk,11,0,20,0.415771484375,1,-845894.265873927,-825021.4921355627,-20875.08856187809,53.381098358243584,
20012,1gpk,12,0,20,0.415771484375,1,-845898.7590076566,-825021.4921355627,-20875.087940439455,-50.24735763690584,
20013,1gpk,13,0,20,0.415771484375,1,-845901.5361068378,-825021.4921355627,-20875.092464499547,-114.18445883118652,
20014,1gpk,14,0,20,0.415771484375,1,-845903.868367721,-825021.4921355627,-20875.09194095093,-167.97974579917235,
20015,1gpk,15,0,20,0.415771484375,1,-845891.1239399638,-825021.4921355627,-20875.091210170824,125.896887880507,
20016,1gpk,16,0,20,0.415771484375,1,-845890.3830039221,-825021.4921355627,-20875.08966314165,142.94760356916794,
20017,1gpk,17,0,20,0.415771484375,1,-845894.0878032388,-825021.4921355627,-20875.089052369476,57.49881698245185,
20018,1gpk,18,0,20,0.415771484375,1,-845885.9578626737,-825021.4921355627,-20875.087578094823,244.94570266271705,
20019,1gpk,19,0,20,0.415771484375,1,-845895.1511992979,-825021.4921355627,-20875.090582215613,33.01160038885311,
20020,1gpk,20,0,20,0.415771484375,1,-845891.8735359405,-825021.4921355627,-20875.09209908933,108.63129295193627,
20021,1gpk,21,0,20,0.415771484375,1,-845905.3714314881,-825021.4921355627,-20875.08721896379,-202.75011130319413,
20022,1gpk,22,0,20,0.415771484375,1,-845891.8579936177,-825021.4921355627,-20875.08912694191,108.92116808459205,
20023,1gpk,23,0,20,0.415771484375,1,-845895.9897256835,-825021.4921355627,-20875.08997507025,13.660721461690349,
20024,1gpk,24,0,20,0.415771484375,1,-845897.1524375366,-825021.4921355627,-20875.089740109797,-13.157469158086828,
20025,1gpk,25,0,20,0.415771484375,1,-845885.8317620355,-825021.4921355627,-20875.089195437442,247.89094926783437,
20026,1gpk,26,0,20,0.415771484375,1,-845896.7949615091,-825021.4921355627,-20875.09014648275,-4.904504943161297,
20027,1gpk,27,0,20,0.415771484375,1,-845889.9479740409,-825021.4921355627,-20875.091506376328,153.02213695356195,
20028,1gpk,28,0,20,0.415771484375,1,-845900.2767243459,-825021.4921355627,-20875.089170526157,-85.21836946987537,
20029,1gpk,29,0,20,0.415771484375,1,-845882.3584479777,-825021.4921355627,-20875.088058502366,327.9612558828582,
20030,1gpk,30,0,20,0.415771484375,1,-845887.8909719483,-825021.4921355627,-20875.08510992153,200.31022634569942,
20031,1gpk,31,0,20,0.415771484375,1,-845878.0034177034,-825021.4921355627,-20875.08532681175,428.3276455439148,
20032,1gpk,32,0,20,0.415771484375,1,-845885.9960504709,-825021.4921355627,-20875.092732109406,244.18392553908805,
20033,1gpk,33,0,20,0.415771484375,1,-845901.3470226811,-825021.4921355627,-20875.086055831365,-109.97186199189326,
20034,1gpk,34,0,20,0.415771484375,1,-845894.8097583511,-825021.4921355627,-20875.08940230528,40.85820629505836,
20035,1gpk,35,0,20,0.415771484375,1,-845898.8166119554,-825021.4921355627,-20875.090431374472,-51.51830199875533,
20036,1gpk,36,0,20,0.415771484375,1,-845895.89684764,-825021.4921355627,-20875.091113293794,15.828788082890668,
20037,1gpk,37,0,20,0.415771484375,1,-845896.7665106173,-825021.4921355627,-20875.089625404835,-4.260428135931451,
20038,1gpk,38,0,20,0.415771484375,1,-845889.847626043,-825021.4921355627,-20875.089661214137,155.29366630681227,
20039,1gpk,39,0,20,0.415771484375,1,-845896.8426885104,-825021.4921355627,-20875.08525546679,-6.1179052484502945,
20040,1gpk,40,0,20,0.415771484375,1,-845893.6812924948,-825021.4921355627,-20875.087715848036,66.84235652178603,
20041,1gpk,41,0,20,0.415771484375,1,-845893.6060491586,-825021.4921355627,-20875.089479909057,68.61818928751156,
20042,1gpk,42,0,20,0.415771484375,1,-845888.3456081391,-825021.4921355627,-20875.08773298098,189.88655591052844,
20043,1gpk,43,0,20,0.415771484375,1,-845897.9319236585,-825021.4921355627,-20875.090353556177,-31.118699744551545,
20044,1gpk,44,0,20,0.415771484375,1,-845897.9189185568,-825021.4921355627,-20875.08992654548,-30.828642075296553,
20045,1gpk,45,0,20,0.415771484375,1,-845893.1168542212,-825021.4921355627,-20875.088149030606,79.86860175373606,
20046,1gpk,46,0,20,0.415771484375,1,-845896.9890596687,-825021.4921355627,-20875.09058800798,-9.370333024407913,
20047,1gpk,47,0,20,0.415771484375,1,-845897.1384354935,-825021.4921355627,-20875.089276209765,-12.84527216068851,
20048,1gpk,48,0,20,0.415771484375,1,-845893.5173401514,-825021.4921355627,-20875.086799746397,70.60206157301648,
20049,1gpk,49,0,20,0.415771484375,1,-845899.665161986,-825021.4921355627,-20875.0877295625,-71.14863583059027,
20050,1gpk,50,0,20,0.415771484375,1,-845899.1203425211,-825021.4921355627,-20875.08868913712,-58.56267218463601,
20051,1gpk,51,0,20,0.415771484375,1,-845893.6045136028,-825021.4921355627,-20875.09238082457,68.720496746782,
20052,1gpk,52,0,20,0.415771484375,1,-845898.2757646084,-825021.4921355627,-20875.08633656302,-39.140494479487536,
20053,1gpk,53,0,20,0.415771484375,1,-845898.9646241182,-825021.4921355627,-20875.087675800754,-54.995088597308566,
20054,1gpk,54,0,20,0.415771484375,1,-845879.8860821847,-825021.4921355627,-20874.489418677975,371.17040320244394,
20055,1gpk,55,0,20,0.415771484375,1,-845884.9707239175,-825021.4921355627,-20874.470755576833,253.48539798645223,
20056,1gpk,56,0,20,0.415771484375,1,-845886.2529481474,-825021.4921355627,-20874.485929765244,224.26652990122653,
20057,1gpk,57,0,20,0.415771484375,1,-845898.8366162865,-825021.4921355627,-20874.448654106145,-66.77934822655831,
20058,1gpk,58,0,20,0.415771484375,1,-845892.9190123974,-825021.4921355627,-20874.42432746562,69.12285364397611,
20059,1gpk,59,0,20,0.415771484375,1,-845894.4412872425,-825021.4921355627,-20874.4571178129,34.77452514031577,
20060,1gpk,60,0,20,0.415771484375,1,-845886.6267086044,-825021.4921355627,-20874.46274468014,215.1127482405724,
20061,1gpk,61,0,20,0.415771484375,1,-845875.3962613355,-825021.4921355627,-20874.47151240894,474.29520327436603,
20062,1gpk,62,0,20,0.415771484375,1,-845899.6719837902,-825021.4921355627,-20874.44595129306,-86.10570885205351,
20063,1gpk,63,0,20,0.415771484375,1,-845900.8917349079,-825021.4921355627,-20874.45565719696,-114.0100143805942,
20064,1gpk,64,0,20,0.415771484375,1,-845890.3274744279,-825021.4921355627,-20874.47770769024,130.1161161684097,
20065,1gpk,65,0,20,0.415771484375,1,-845881.649995837,-825021.4921355627,-20874.448517794175,329.5503912678398,
20066,1gpk,66,0,20,0.415771484375,1,-845887.6080201262,-825021.4921355627,-20874.43772131657,191.90611448197396,
20067,1gpk,67,0,20,0.415771484375,1,-845895.834998167,-825021.4921355627,-20874.448655132855,2.439633664821771,
20068,1gpk,68,0,20,0.415771484375,1,-845889.1952938392,-825021.4921355627,-20874.453115253717,155.65770572761076,
20069,1gpk,69,0,20,0.415771484375,1,-845886.4937859573,-825021.4921355627,-20874.44287917717,217.71990791940894,
20070,1gpk,70,0,20,0.415771484375,1,-845846.2681368579,-825021.4921355627,-20874.44337349628,1145.3568122643733,
20071,1gpk,71,0,20,0.415771484375,1,-845861.75039564,-825021.4921355627,-20874.430429620865,788.0289502346768,
20072,1gpk,72,0,20,0.415771484375,1,-845899.7108219403,-825021.4921355627,-20874.4352080134,-87.2490837844002,
20073,1gpk,73,0,20,0.415771484375,1,-845888.7331332694,-825021.4921355627,-20874.439187579395,165.99420185417551,
20074,1gpk,74,0,20,0.415771484375,1,-845901.373787339,-825021.4921355627,-20874.46802175656,-124.84127400662197,
20075,1gpk,75,0,20,0.415771484375,1,-845903.7028237275,-825021.4921355627,-20874.44651685806,-179.0460437843356,
20076,1gpk,76,0,20,0.415771484375,1,-845880.2206039481,-825021.4921355627,-20874.457555479883,362.7213652740985,
20077,1gpk,77,0,20,0.415771484375,1,-845884.6819084974,-825021.4921355627,-20874.43646290513,259.3548320003451,
20078,1gpk,78,0,20,0.415771484375,1,-845894.5307403445,-825021.4921355627,-20874.466477316848,32.9275228894263,
20079,1gpk,79,0,20,0.415771484375,1,-845876.5437100916,-825021.4921355627,-20874.45754889429,447.51240005247973,
20080,1gpk,80,0,20,0.415771484375,1,-845821.2712384869,-825021.4921355627,-20874.45790709219,1722.1341354502058,
20081,1gpk,81,0,20,0.415771484375,1,-845895.7313420746,-825021.4921355627,-20874.448812470582,4.833628236314429,
20082,1gpk,82,0,20,0.415771484375,1,-845895.7111591081,-825021.4921355627,-20874.453491897573,5.406968650310035,
20083,1gpk,83,0,20,0.415771484375,1,-845886.6626907464,-825021.4921355627,-20874.441933968643,213.8030739267917,
20084,1gpk,84,0,20,0.415771484375,1,-845900.9377273234,-825021.4921355627,-20874.458074985447,-115.01486915134775,
20085,1gpk,85,0,20,0.415771484375,1,-845899.5455806154,-825021.4921355627,-20874.430564662915,-83.5456065133691,
20086,1gpk,86,0,20,0.415771484375,1,-845877.2615585481,-825021.4921355627,-20874.4352795494,430.44487809407855,
20087,1gpk,87,0,20,0.415771484375,1,-845902.2187282033,-825021.4921355627,-20874.40503863663,-145.7784984730006,
20088,1gpk,88,0,20,0.415771484375,1,-845900.1596783999,-825021.4921355627,-20874.431432094243,-97.68703440400948,
20089,1gpk,89,0,20,0.415771484375,1,-845903.7644298278,-825021.4921355627,-20874.470608844047,-179.9111398116719,
20090,1gpk,90,0,20,0.415771484375,1,-845889.1204177908,-825021.4921355627,-20874.411861495053,156.4330541475467,
20091,1gpk,91,0,20,0.415771484375,1,-845899.2470064454,-825021.4921355627,-20874.45133272662,-76.18139965906852,
20092,1gpk,92,0,20,0.415771484375,1,-845885.8893241928,-825021.4921355627,-20874.449963353025,231.82249232910624,
20093,1gpk,93,0,20,0.415771484375,1,-845873.5375712968,-825021.4921355627,-20874.43357459697,516.2827470858938,
20094,1gpk,94,0,20,0.415771484375,1,-845895.0845407775,-825021.4921355627,-20874.437288482262,19.48347100085196,
20095,1gpk,95,0,20,0.415771484375,1,-845847.0513737368,-825021.4921355627,-20874.440322728515,1127.2245883792596,
20096,1gpk,96,0,20,0.415771484375,1,-845890.9150688021,-825021.4921355627,-20874.442923398863,115.76372318214847,
20097,1gpk,97,0,20,0.415771484375,1,-845873.0504226855,-825021.4921355627,-20874.4394877446,527.6530213620874,
20098,1gpk,98,0,20,0.415771484375,1,-845862.6006819728,-825021.4921355627,-20874.437151870643,768.5759003505616,
20099,1gpk,99,0,20,0.415771484375,1,-845898.6508889222,-825021.4921355627,-20874.43971201542,-62.702582967588164,
20100,1gpk,100,0,20,0.415771484375,1,-845892.9680826407,-825021.4921355627,-20875.047457499266,82.36098689789021,
