mol_id,ligand_pdb,pose_index,label,ligunity_rank,ligunity_score,formal_charge,aimnet_complex_eV,aimnet_pocket_eV,aimnet_ligand_eV,aimnet_interaction_kcal_mol,error
1001,2xnb,1,0,1,0.647,1,-414829.519694316,-372912.2055852814,-41916.274511282,-23.973693698572703,
1002,2xnb,2,0,1,0.647,1,-414829.746692064,-372912.2055852814,-41916.099902902395,-33.23495101227517,
1003,2xnb,3,0,1,0.647,1,-414826.17408465105,-372912.2055852814,-41916.30440062717,53.86716267706626,
1004,2xnb,4,0,1,0.647,1,-414827.3919503567,-372912.2055852814,-41915.896029506475,16.365250558968878,
1005,2xnb,5,0,1,0.647,1,-414811.4179817313,-372912.2055852814,-41915.72712475496,380.83868198903997,
1006,2xnb,6,0,1,0.647,1,-414820.39443041617,-372912.2055852814,-41915.743442360945,174.21315067577927,
1007,2xnb,7,0,1,0.647,1,-414828.40474005294,-372912.2055852814,-41916.41751996115,5.0356209000950685,
1008,2xnb,8,0,1,0.647,1,-414812.9348902282,-372912.2055852814,-41915.76042092279,346.62576891217975,
1009,2xnb,9,0,1,0.647,1,-414816.0364475128,-372912.2055852814,-41916.190063987524,285.0099632458734,
1010,2xnb,10,0,1,0.647,1,-414775.0150375839,-372912.2055852814,-41916.16598999937,1230.4309896357136,
1011,2xnb,11,0,1,0.647,1,-414812.5524579908,-372912.2055852814,-41915.734910164676,354.8565737567369,
1012,2xnb,12,0,1,0.647,1,-414826.7211443209,-372912.2055852814,-41915.979482208044,33.75887024887876,
1013,2xnb,13,0,1,0.647,1,-414795.5526930269,-372912.2055852814,-41916.03205201462,753.732720659746,
1014,2xnb,14,0,1,0.647,1,-414809.26144111395,-372912.2055852814,-41916.09475928981,439.04754381914194,
1015,2xnb,15,0,1,0.647,1,-414814.2631942208,-372912.2055852814,-41916.43228236273,331.48784402919455,
1016,2xnb,16,0,1,0.647,1,-414826.214143562,-372912.2055852814,-41915.99371877745,45.77888858922931,
1017,2xnb,17,0,1,0.647,1,-414776.6873332438,-372912.2055852814,-41916.32838675812,1195.611893806442,
1018,2xnb,18,0,1,0.647,1,-414825.69065159815,-372912.2055852814,-41915.86231846053,54.82073676755145,
1019,2xnb,19,0,1,0.647,1,-414816.3406283434,-372912.2055852814,-41916.05009547313,274.76763603174305,
1020,2xnb,20,0,1,0.647,1,-414806.9851080352,-372912.2055852814,-41916.084714268,491.30938795401204,
1021,2xnb,21,0,1,0.647,1,-414829.55918468774,-372912.2055852814,-41916.073853824884,-29.511634191563772,
1022,2xnb,22,0,1,0.647,1,-414809.53790404164,-372912.2055852814,-41915.881444637365,427.75300450604084,
1023,2xnb,23,0,1,0.647,1,-414832.30929009867,-372912.2055852814,-41916.37505281404,-85.98475786368058,
1024,2xnb,24,0,1,0.647,1,-414825.59103291004,-372912.2055852814,-41915.99434370235,60.16257269325388,
1025,2xnb,25,0,1,0.647,1,-414831.7583152526,-372912.2055852814,-41915.86790904835,-84.97398913827335,
1026,2xnb,26,0,1,0.647,1,-414819.7688880139,-372912.2055852814,-41915.71283907134,187.9327725396566,
1027,2xnb,27,0,1,0.647,1,-414830.439570504,-372912.2055852814,-41916.01298398217,-51.217505336512716,
1028,2xnb,28,0,1,0.647,1,-414829.63805802446,-372912.2055852814,-41916.294995312244,-26.230852699016484,
1029,2xnb,29,0,1,0.647,1,-414827.91257198394,-372912.2055852814,-41916.24967214897,12.514623695080468,
1030,2xnb,30,0,1,0.647,1,-414825.59314959,-372912.2055852814,-41915.761730913706,54.749582555083144,
1031,2xnb,31,0,1,0.647,1,-414828.62333269673,-372912.2055852814,-41915.760404203735,-15.158694571692982,
1032,2xnb,32,0,1,0.647,1,-414824.0040461445,-372912.2055852814,-41916.00457302168,96.99525061470604,
1033,2xnb,33,0,1,0.647,1,-414828.4786147052,-372912.2055852814,-41916.03311005669,-5.532672040352295,
1034,2xnb,34,0,1,0.647,1,-414829.86298059183,-372912.2055852814,-41916.27469909624,-31.885732182045988,
1035,2xnb,35,0,1,0.647,1,-414826.1039466138,-372912.2055852814,-41916.28981385067,55.14820518305723,
1036,2xnb,36,0,1,0.647,1,-414825.9490177955,-372912.2055852814,-41916.13167459205,55.07417067012554,
1037,2xnb,37,0,1,0.647,1,-414831.00522372365,-372912.2055852814,-41915.6986175819,-71.51123987345498,
1038,2xnb,38,0,1,0.647,1,-414828.904006856,-372912.2055852814,-41916.00536647875,-15.982230187260772,
1039,2xnb,39,0,1,0.647,1,-414831.09412016225,-372912.2055852814,-41915.982831005604,-67.0071231961641,
1040,2xnb,40,0,1,0.647,1,-414829.4573230323,-372912.2055852814,-41915.90919900373,-30.95967899346323,
1041,2xnb,41,0,1,0.647,1,-414827.33797209203,-372912.2055852814,-41916.309995864205,27.156309906155666,
1042,2xnb,42,0,1,0.647,1,-414828.6854186829,-372912.2055852814,-41916.23182774022,-5.71914641296096,
1043,2xnb,43,0,1,0.647,1,-414830.92789034796,-372912.2055852814,-41915.96677312687,-63.544076093404854,
1044,2xnb,44,0,1,0.647,1,-414829.5024782892,-372912.2055852814,-41916.304850135595,-22.877052103633506,
1045,2xnb,45,0,1,0.647,1,-414830.72511123354,-372912.2055852814,-41915.975573916585,-58.66492759410534,
1046,2xnb,46,0,1,0.647,1,-414827.7978949123,-372912.2055852814,-41916.21867314417,14.444285757474113,
1047,2xnb,47,0,1,0.647,1,-414827.90656306106,-372912.2055852814,-41916.30590773066,13.95001606982894,
1048,2xnb,48,0,1,0.647,1,-414823.3585652588,-372912.2055852814,-41916.302151177675,118.74270875266566,
1049,2xnb,49,0,1,0.647,1,-414830.92457352846,-372912.2055852814,-41916.38398078516,-53.84655125951955,
1050,2xnb,50,0,1,0.647,1,-414828.67577700573,-372912.2055852814,-41916.12829688627,-7.884282265546287,
1051,2xnb,51,0,1,0.647,1,-414807.71847762424,-372912.2055852814,-41915.990609769426,472.2273821783047,
1052,2xnb,52,0,1,0.647,1,-414806.23256722355,-372912.2055852814,-41916.20795605019,511.50541434875754,
1053,2xnb,53,0,1,0.647,1,-414827.2380006039,-372912.2055852814,-41915.67324689463,14.777927120581401,
1054,2xnb,54,0,1,0.647,1,-414830.9141949738,-372912.2055852814,-41916.176521156616,-58.39134879087578,
1055,2xnb,55,0,1,0.647,1,-414825.9714771385,-372912.2055852814,-41914.47519322172,16.3568780452042,
1056,2xnb,56,0,1,0.647,1,-414827.02495612437,-372912.2055852814,-41916.41206583813,36.72841911599775,
1057,2xnb,57,0,1,0.647,1,-414795.35571235686,-372912.2055852814,-41916.06905401185,759.128489149832,
1058,2xnb,58,0,1,0.647,1,-414821.51133512217,-372912.2055852814,-41916.11808270652,157.09612788929772,
1059,2xnb,59,0,1,0.647,1,-414827.19526599604,-372912.2055852814,-41916.14997202595,26.75695328257011,
1060,2xnb,60,0,1,0.647,1,-414815.26942140126,-372912.2055852814,-41916.082940731794,300.22768461589055,
1061,2xnb,61,0,1,0.647,1,-414827.3335274333,-372912.2055852814,-41916.07999274567,21.9548082557847,
1062,2xnb,62,0,1,0.647,1,-414824.7266493912,-372912.2055852814,-41916.09710228879,82.46539947184237,
1063,2xnb,63,0,1,0.647,1,-414826.6010864253,-372912.2055852814,-41915.90147063568,34.72848149714855,
1064,2xnb,64,0,1,0.647,1,-414825.30739222735,-372912.2055852814,-41916.421485696585,76.55361061189338,
1065,2xnb,65,0,1,0.647,1,-414820.66258572304,-372912.2055852814,-41915.782741819174,168.93560943190434,
1066,2xnb,66,0,1,0.647,1,-414813.0330702241,-372912.2055852814,-41915.94163299039,348.5405339732507,
1067,2xnb,67,0,1,0.647,1,-414825.7568392779,-372912.2055852814,-41915.4889534159,44.68441014249711,
1068,2xnb,68,0,1,0.647,1,-414822.6099506793,-372912.2055852814,-41914.56525886491,95.95248281470897,
1069,2xnb,69,0,1,0.647,1,-414825.21895121306,-372912.2055852814,-41916.32533398703,76.37579775488777,
1070,2xnb,70,0,1,0.647,1,-414806.2889322217,-372912.2055852814,-41914.47334745962,470.2045822424813,
1071,2xnb,71,0,1,0.647,1,-414826.5770837243,-372912.2055852814,-41916.13988268813,40.77990947007577,
1072,2xnb,72,0,1,0.647,1,-414810.4755867597,-372912.2055852814,-41916.34291878775,416.77137405426595,
1073,2xnb,73,0,1,0.647,1,-414827.1420869702,-372912.2055852814,-41916.286018912346,31.12060648206137,
1074,2xnb,74,0,1,0.647,1,-414828.24661116564,-372912.2055852814,-41916.090967212505,1.1516743897261255,
1075,2xnb,75,0,1,0.647,1,-414821.8034069116,-372912.2055852814,-41915.82632741764,143.63275562487476,
1076,2xnb,76,0,1,0.647,1,-414819.8871102509,-372912.2055852814,-41915.900689785034,189.5384433572222,
1077,2xnb,77,0,1,0.647,1,-414829.99249752105,-372912.2055852814,-41916.3869171186,-32.2846544509326,
1078,2xnb,78,0,1,0.647,1,-414827.28377287346,-372912.2055852814,-41916.33252531726,28.925715108238347,
1079,2xnb,79,0,1,0.647,1,-414832.88703416544,-372912.2055852814,-41915.75924511686,-113.50871540457803,
1080,2xnb,80,0,1,0.647,1,-414829.2635244604,-372912.2055852814,-41915.81703627542,-28.615900760086525,
1081,2xnb,81,0,1,0.647,1,-414828.24333559215,-372912.2055852814,-41915.90753332215,-3.00287509355682,
1082,2xnb,82,0,1,0.647,1,-414827.958683389,-372912.2055852814,-41915.98644783036,5.381172443284819,
1083,2xnb,83,0,1,0.647,1,-414827.96228949976,-372912.2055852814,-41915.706665043384,-1.1539307873844364,
1084,2xnb,84,0,1,0.647,1,-414827.9075351234,-372912.2055852814,-41915.745298568756,0.9996453871410419,
1085,2xnb,85,0,1,0.647,1,-414831.3004682537,-372912.2055852814,-41915.99696551698,-71.439673653914,
1086,2xnb,86,0,1,0.647,1,-414829.4885385211,-372912.2055852814,-41915.704571072616,-36.39835745871913,
1087,2xnb,87,0,1,0.647,1,-414828.6199269766,-372912.2055852814,-41915.85279274419,-12.949626443980938,
1088,2xnb,88,0,1,0.647,1,-414829.7603467279,-372912.2055852814,-41915.91117451027,-37.902015156426884,
1089,2xnb,89,0,1,0.647,1,-414829.2646124834,-372912.2055852814,-41915.997571457774,-24.477750958925668,
1090,2xnb,90,0,1,0.647,1,-414831.6640775378,-372912.2055852814,-41915.78889158804,-84.6230017308882,
1091,2xnb,91,0,1,0.647,1,-414820.71423335624,-372912.2055852814,-41915.93798533514,171.3245872415911,
1092,2xnb,92,0,1,0.647,1,-414827.5010218498,-372912.2055852814,-41915.971673582346,15.594396005311118,
1093,2xnb,93,0,1,0.647,1,-414828.5747851902,-372912.2055852814,-41915.847131167226,-12.039191186043235,
1094,2xnb,94,0,1,0.647,1,-414827.93611651915,-372912.2055852814,-41915.83516034917,2.4128046288341207,
1095,2xnb,95,0,1,0.647,1,-414829.3911830063,-372912.2055852814,-41916.05553290685,-26.059913787449474,
1096,2xnb,96,0,1,0.647,1,-414829.49598391587,-372912.2055852814,-41915.953449968845,-30.83076865017607,
1097,2xnb,97,0,1,0.647,1,-414828.4215272838,-372912.2055852814,-41915.87027237254,-7.971331032305732,
1098,2xnb,98,0,1,0.647,1,-414828.8930982824,-372912.2055852814,-41915.90431535677,-18.06096673497205,
1099,2xnb,99,0,1,0.647,1,-414827.34888360155,-372912.2055852814,-41915.6702988787,12.152921587830807,
1100,2xnb,100,0,1,0.647,1,-414824.56219588476,-372912.2055852814,-41916.14238051012,87.3019280110796,
2001,4eor,1,0,2,0.647,0,-417850.35141878,-372912.2055852814,-44962.371576163816,558.6588974642751,
2002,4eor,2,0,2,0.647,0,-417872.45684062125,-372912.2055852814,-44963.102078858676,65.7415521130758,
2003,4eor,3,0,2,0.647,0,-417865.2392130066,-372912.2055852814,-44962.96936640509,229.12357706125002,
2004,4eor,4,0,2,0.647,0,-417872.1011350023,-372912.2055852814,-44962.767208341385,66.22202097202695,
2005,4eor,5,0,2,0.647,0,-417875.2947477566,-372912.2055852814,-44963.02205875876,-1.5474484624770068,
2006,4eor,6,0,2,0.647,0,-417868.0924951452,-372912.2055852814,-44962.91080561644,161.9748839611593,
2007,4eor,7,0,2,0.647,0,-417876.2159465123,-372912.2055852814,-44962.330813977744,-38.731279764595925,
2008,4eor,8,0,2,0.647,0,-417872.3833468874,-372912.2055852814,-44962.994813118006,64.96275113396216,
2009,4eor,9,0,2,0.647,0,-417872.08741767897,-372912.2055852814,-44963.05758980279,73.23470554212383,
2010,4eor,10,0,2,0.647,0,-417874.0069544781,-372912.2055852814,-44962.882517758655,24.93187812549626,
2011,4eor,11,0,2,0.647,0,-417874.03587292315,-372912.2055852814,-44962.52504435547,16.02147042783295,
2012,4eor,12,0,2,0.647,0,-417871.5937332974,-372912.2055852814,-44962.40443364146,69.55719893658468,
2013,4eor,13,0,2,0.647,0,-417863.51969002385,-372912.2055852814,-44963.054982576396,270.75107486364595,
2014,4eor,14,0,2,0.647,0,-417876.8230299223,-372912.2055852814,-44962.790391657414,-42.13284271471863,
2015,4eor,15,0,2,0.647,0,-417836.6152403672,-372912.2055852814,-44963.082515988426,891.8173585926974,
2016,4eor,16,0,2,0.647,0,-417845.89706237806,-372912.2055852814,-44962.75291192892,670.1726079761612,
2017,4eor,17,0,2,0.647,0,-417860.6446093042,-372912.2055852814,-44963.07165012124,337.43637403103077,
2018,4eor,18,0,2,0.647,0,-417864.38116948475,-372912.2055852814,-44963.02621293432,250.22144284320294,
2019,4eor,19,0,2,0.647,0,-417827.1352832783,-372912.2055852814,-44947.66621312859,754.9219730026625,
2020,4eor,20,0,2,0.647,0,-417852.4440421631,-372912.2055852814,-44962.682099703576,517.5626987880388,
2021,4eor,21,0,2,0.647,0,-417864.1177561452,-372912.2055852814,-44963.030209336306,256.38805797861534,
2022,4eor,22,0,2,0.647,0,-417856.3131765146,-372912.2055852814,-44962.99330604442,435.51492972045327,
2023,4eor,23,0,2,0.647,0,-417870.3404042889,-372912.2055852814,-44963.054830346184,113.45815680339634,
2024,4eor,24,0,2,0.647,0,-417850.50984673365,-372912.2055852814,-44961.268755946185,529.5738236838894,
2025,4eor,25,0,2,0.647,0,-417870.1140674816,-372912.2055852814,-44963.14678094151,120.79803867566446,
2026,4eor,26,0,2,0.647,0,-417830.7736668752,-372912.2055852814,-44963.019756052556,1025.0799650076744,
2027,4eor,27,0,2,0.647,0,-417867.5483002831,-372912.2055852814,-44962.861719939785,173.39237301417455,
2028,4eor,28,0,2,0.647,0,-417873.5538291505,-372912.2055852814,-44963.14128792646,41.34857824753544,
2029,4eor,29,0,2,0.647,0,-417870.5588759948,-372912.2055852814,-44962.840239826466,103.47150463559494,
2030,4eor,30,0,2,0.647,0,-417871.71304436214,-372912.2055852814,-44962.92338705423,78.77317041908616,
2031,4eor,31,0,2,0.647,0,-417849.4426889588,-372912.2055852814,-44962.27098212006,577.2949512139616,
2032,4eor,32,0,2,0.647,0,-417874.50605567003,-372912.2055852814,-44962.89099952939,13.617925496243853,
2033,4eor,33,0,2,0.647,0,-417876.34489034285,-372912.2055852814,-44963.279679212596,-19.823443003435226,
2034,4eor,34,0,2,0.647,0,-417871.81863315584,-372912.2055852814,-44962.99153754479,77.9098226388842,
2035,4eor,35,0,2,0.647,0,-417867.44710777886,-372912.2055852814,-44963.13661975029,182.06526782667467,
2036,4eor,36,0,2,0.647,0,-417876.0066706111,-372912.2055852814,-44962.927847090985,-20.137352170788226,
2037,4eor,37,0,2,0.647,0,-417867.7736178358,-372912.2055852814,-44963.006662342574,171.53887802558143,
2038,4eor,38,0,2,0.647,0,-417873.8377491701,-372912.2055852814,-44963.06863102677,33.12571914553877,
2039,4eor,39,0,2,0.647,0,-417859.8563117851,-372912.2055852814,-44963.04659724596,355.03721364601535,
2040,4eor,40,0,2,0.647,0,-417869.7953704169,-372912.2055852814,-44963.049021426465,125.89297960718898,
2041,4eor,41,0,2,0.647,0,-417851.4811944829,-372912.2055852814,-44962.95584831002,546.0792866034069,
2042,4eor,42,0,2,0.647,0,-417865.7547127621,-372912.2055852814,-44962.874184701504,215.0409280646469,
2043,4eor,43,0,2,0.647,0,-417871.5515448023,-372912.2055852814,-44963.11708072193,86.96412083147494,
2044,4eor,44,0,2,0.647,0,-417865.43994783075,-372912.2055852814,-44963.02403203013,225.75514130811908,
2045,4eor,45,0,2,0.647,0,-417875.89655898703,-372912.2055852814,-44963.063756350304,-14.463975822273294,
2046,4eor,46,0,2,0.647,0,-417862.794442119,-372912.2055852814,-44962.85293902817,282.8164539543603,
2047,4eor,47,0,2,0.647,0,-417873.3336608876,-372912.2055852814,-44963.109510931994,45.692984103989154,
2048,4eor,48,0,2,0.647,0,-417871.5408596566,-372912.2055852814,-44962.7076908088,77.76977047267779,
2049,4eor,49,0,2,0.647,0,-417862.63406784995,-372912.2055852814,-44962.498250577475,278.3354624747133,
2050,4eor,50,0,2,0.647,0,-417873.47821794613,-372912.2055852814,-44962.89437333113,37.39822820688052,
2051,4eor,51,0,2,0.647,0,-417866.67976497306,-372912.2055852814,-44962.91228518255,194.58733527310545,
2052,4eor,52,0,2,0.647,0,-417867.48672546656,-372912.2055852814,-44963.08790424826,180.02825608009883,
2053,4eor,53,0,2,0.647,0,-417870.4786494841,-372912.2055852814,-44962.33156043651,93.59114652051497,
2054,4eor,54,0,2,0.647,0,-417871.33519958146,-372912.2055852814,-44962.260892245846,72.20898484030045,
2055,4eor,55,0,2,0.647,0,-417865.7364473213,-372912.2055852814,-44950.371902618484,-72.84733483222442,
2056,4eor,56,0,2,0.647,0,-417871.6247787343,-372912.2055852814,-44963.12495851877,85.45697255132575,
2057,4eor,57,0,2,0.647,0,-417863.3532140424,-372912.2055852814,-44962.51511517527,262.1404641712846,
2058,4eor,58,0,2,0.647,0,-417858.3221379984,-372912.2055852814,-44962.55578378208,379.09767427504505,
2059,4eor,59,0,2,0.647,0,-417871.8720531185,-372912.2055852814,-44956.24398443468,-78.92434220001702,
2060,4eor,60,0,2,0.647,0,-417857.01137791737,-372912.2055852814,-44963.10662982228,422.0273312757915,
2061,4eor,61,0,2,0.647,0,-417872.1653217246,-372912.2055852814,-44962.987643007065,69.82518414305589,
2062,4eor,62,0,2,0.647,0,-417872.7148883809,-372912.2055852814,-44963.10526690252,59.86434744672551,
2063,4eor,63,0,2,0.647,0,-417843.4877685924,-372912.2055852814,-44962.87014329799,728.4356621527835,
2064,4eor,64,0,2,0.647,0,-417871.84364129795,-372912.2055852814,-44963.174311462666,81.54798785697457,
2065,4eor,65,0,2,0.647,0,-417855.19215326215,-372912.2055852814,-44962.978569302606,461.02650271300735,
2066,4eor,66,0,2,0.647,0,-417870.7537279147,-372912.2055852814,-44963.11041429999,105.20848398634658,
2067,4eor,67,0,2,0.647,0,-417862.642268138,-372912.2055852814,-44963.017995092945,290.13195259856775,
2068,4eor,68,0,2,0.647,0,-417871.0363775064,-372912.2055852814,-44963.17212513449,100.11351520879718,
2069,4eor,69,0,2,0.647,0,-417849.5618727972,-372912.2055852814,-44962.90814856055,589.2399137842233,
2070,4eor,70,0,2,0.647,0,-417837.26015281864,-372912.2055852814,-44962.38541822499,860.8698678432512,
2071,4eor,71,0,2,0.647,0,-417855.2314607669,-372912.2055852814,-44962.90836874016,458.501186690951,
2072,4eor,72,0,2,0.647,0,-417875.1270827819,-372912.2055852814,-44963.90268165233,22.626644063950053,
2073,4eor,73,0,2,0.647,0,-417873.0917531716,-372912.2055852814,-44962.855571303415,45.41552160915931,
2074,4eor,74,0,2,0.647,0,-417872.3481515515,-372912.2055852814,-44962.919442269864,64.03628181274597,
2075,4eor,75,0,2,0.647,0,-417870.2600189019,-372912.2055852814,-44962.96539372566,113.24943039981842,
2076,4eor,76,0,2,0.647,0,-417872.0847317149,-372912.2055852814,-44963.09441188338,74.14578269523096,
2077,4eor,77,0,2,0.647,0,-417863.72691323067,-372912.2055852814,-44963.93614480262,286.2924778555606,
2078,4eor,78,0,2,0.647,0,-417875.4476197231,-372912.2055852814,-44963.758244369055,11.904083720992837,
2079,4eor,79,0,2,0.647,0,-417874.0209083129,-372912.2055852814,-44962.58265576132,17.695113119142142,
2080,4eor,80,0,2,0.647,0,-417872.699329095,-372912.2055852814,-44963.77067697408,75.56787388514748,
2081,4eor,81,0,2,0.647,0,-417873.9144244959,-372912.2055852814,-44963.89431378608,50.398240891256606,
2082,4eor,82,0,2,0.647,0,-417875.02498342266,-372912.2055852814,-44963.864261302995,24.095116918261994,
2083,4eor,83,0,2,0.647,0,-417873.5524102021,-372912.2055852814,-44962.81292751797,33.80912906938088,
2084,4eor,84,0,2,0.647,0,-417873.79684381397,-372912.2055852814,-44962.784915570046,27.52638520670966,
2085,4eor,85,0,2,0.647,0,-417866.3109265583,-372912.2055852814,-44962.92393771176,203.36166488617823,
2086,4eor,86,0,2,0.647,0,-417873.66809644,-372912.2055852814,-44962.830356631326,31.54326594988914,
2087,4eor,87,0,2,0.647,0,-417872.02013035305,-372912.2055852814,-44962.84224203589,69.82035066106423,
2088,4eor,88,0,2,0.647,0,-417873.9378052224,-372912.2055852814,-44962.45267290237,16.614039975804122,
2089,4eor,89,0,2,0.647,0,-417875.1188735234,-372912.2055852814,-44962.93170306449,0.4246558959306952,
2090,4eor,90,0,2,0.647,0,-417875.6900058557,-372912.2055852814,-44962.71045390135,-17.848095480121255,
2091,4eor,91,0,2,0.647,0,-417872.6270983387,-372912.2055852814,-44962.76909265282,54.13647154976649,
2092,4eor,92,0,2,0.647,0,-417856.6798954328,-372912.2055852814,-44963.264828774954,433.3196534815458,
2093,4eor,93,0,2,0.647,0,-417871.84309230914,-372912.2055852814,-44963.083950702,79.47687919639614,
2094,4eor,94,0,2,0.647,0,-417872.36119122984,-372912.2055852814,-44962.81872120862,61.412896836427535,
2095,4eor,95,0,2,0.647,0,-417863.18565587886,-372912.2055852814,-44962.372294042136,262.7109136436453,
2096,4eor,96,0,2,0.647,0,-417873.18200098164,-372912.2055852814,-44963.25591373804,52.566473530873374,
2097,4eor,97,0,2,0.647,0,-417873.21294801106,-372912.2055852814,-44962.89786118629,43.5959300833882,
2098,4eor,98,0,2,0.647,0,-417873.6466097999,-372912.2055852814,-44963.065080139684,37.45161233293154,
2099,4eor,99,0,2,0.647,0,-417874.15995322354,-372912.2055852814,-44962.88075617321,21.36302011280923,
2100,4eor,100,0,2,0.647,0,-417869.13123767247,-372912.2055852814,-44962.358846846844,125.29244062102575,
3001,1pxn,1,0,3,0.647,0,-409059.123066209,-372912.2055852814,-36150.5046046769,82.72103879502347,
3002,1pxn,2,0,3,0.647,0,-409057.00994820124,-372912.2055852814,-36150.4531510269,130.2641483283241,
3003,1pxn,3,0,3,0.647,0,-409064.809318714,-372912.2055852814,-36150.45069972628,-49.65013676543293,
3004,1pxn,4,0,3,0.647,0,-409055.6280184313,-372912.2055852814,-36150.309013525184,158.80831613400025,
3005,1pxn,5,0,3,0.647,0,-409060.30699392385,-372912.2055852814,-36150.55863718146,56.665036255094456,
3006,1pxn,6,0,3,0.647,0,-409060.00504185987,-372912.2055852814,-36150.460805872615,61.37217269216276,
3007,1pxn,7,0,3,0.647,0,-409058.15961580735,-372912.2055852814,-36150.44422505253,103.54634564950896,
3008,1pxn,8,0,3,0.647,0,-409059.8121919257,-372912.2055852814,-36150.37514571303,63.84402761562101,
3009,1pxn,9,0,3,0.647,0,-409063.3879337236,-372912.2055852814,-36150.38123915547,-18.474019024379572,
3010,1pxn,10,0,3,0.647,0,-409060.0261909736,-372912.2055852814,-36150.330400506195,57.87724335402262,
3011,1pxn,11,0,3,0.647,0,-409059.1224225091,-372912.2055852814,-36150.14575378054,74.46058460771884,
3012,1pxn,12,0,3,0.647,0,-409058.0927050335,-372912.2055852814,-36150.08105478638,96.71443945736168,
3013,1pxn,13,0,3,0.647,0,-409059.8208704514,-372912.2055852814,-36150.20412562245,59.700079080117085,
3014,1pxn,14,0,3,0.647,0,-409053.95115949935,-372912.2055852814,-36149.69141213053,183.23537523787743,
3015,1pxn,15,0,3,0.647,0,-409061.80804377067,-372912.2055852814,-36150.339208820995,16.989866264567304,
3016,1pxn,16,0,3,0.647,0,-409053.63403721893,-372912.2055852814,-36149.93103806132,196.07429399207868,
3017,1pxn,17,0,3,0.647,0,-409046.6266193611,-372912.2055852814,-36149.942319313224,357.9293405207053,
3018,1pxn,18,0,3,0.647,0,-409060.9782214982,-372912.2055852814,-36150.1423551833,31.58646974206495,
3019,1pxn,19,0,3,0.647,0,-409058.81417246925,-372912.2055852814,-36149.889205733474,75.6528608858147,
3020,1pxn,20,0,3,0.647,0,-409060.574473746,-372912.2055852814,-36150.32737396115,45.1637484691135,
3021,1pxn,21,0,3,0.647,0,-409064.68147026753,-372912.2055852814,-36150.338594535526,-49.28708866362356,
3022,1pxn,22,0,3,0.647,0,-409059.24261599005,-372912.2055852814,-36149.82085678929,64.19655448518962,
3023,1pxn,23,0,3,0.647,0,-409048.9347656147,-372912.2055852814,-36149.78137270564,300.990706497688,
3024,1pxn,24,0,3,0.647,0,-409060.4281228406,-372912.2055852814,-36149.75227342003,35.276546987711505,
3025,1pxn,25,0,3,0.647,0,-409045.06099098176,-372912.2055852814,-36150.10247085446,397.7267709244451,
3026,1pxn,26,0,3,0.647,0,-409060.7623078001,-372912.2055852814,-36149.81932369822,29.116274891360284,
3027,1pxn,27,0,3,0.647,0,-409062.0909383374,-372912.2055852814,-36150.28683803433,9.25846354699297,
3028,1pxn,28,0,3,0.647,0,-409065.62372591323,-372912.2055852814,-36149.90279219502,-81.06586076791291,
3029,1pxn,29,0,3,0.647,0,-409060.90651797503,-372912.2055852814,-36149.84745846146,26.439512308544582,
3030,1pxn,30,0,3,0.647,0,-409049.8723135662,-372912.2055852814,-36149.51080451363,273.1308863846016,
3031,1pxn,31,0,3,0.647,0,-409060.7352561431,-372912.2055852814,-36150.20738337392,38.688969634849634,
3032,1pxn,32,0,3,0.647,0,-409062.0422063694,-372912.2055852814,-36150.55301032423,16.520328247916396,
3033,1pxn,33,0,3,0.647,0,-409061.418705158,-372912.2055852814,-36149.49381838196,6.4730613095367175,
3034,1pxn,34,0,3,0.647,0,-409060.9950250311,-372912.2055852814,-36150.187676469024,32.24410474516784,
3035,1pxn,35,0,3,0.647,0,-409063.9146082626,-372912.2055852814,-36149.95528666132,-40.4421202861912,
3036,1pxn,36,0,3,0.647,0,-409061.92224892206,-372912.2055852814,-36150.19347164982,10.9954539019245,
3037,1pxn,37,0,3,0.647,0,-409062.04469796247,-372912.2055852814,-36149.75522557848,-1.9344825410165312,
3038,1pxn,38,0,3,0.647,0,-409061.87678524083,-372912.2055852814,-36149.32529423588,-7.976775482358812,
3039,1pxn,39,0,3,0.647,0,-409062.4487333225,-372912.2055852814,-36149.7057636177,-12.392379198699977,
3040,1pxn,40,0,3,0.647,0,-409061.30208387197,-372912.2055852814,-36150.20099935883,25.470392795973158,
3041,1pxn,41,0,3,0.647,0,-409054.48010968417,-372912.2055852814,-36149.64748005026,170.02439636256327,
3042,1pxn,42,0,3,0.647,0,-409058.3297506196,-372912.2055852814,-36150.38156268948,98.17791525374913,
3043,1pxn,43,0,3,0.647,0,-409053.1460547077,-372912.2055852814,-36149.39886967295,195.05534345891493,
3044,1pxn,44,0,3,0.647,0,-409058.210016228,-372912.2055852814,-36149.88712100142,89.53695972054413,
3045,1pxn,45,0,3,0.647,0,-409059.2674940747,-372912.2055852814,-36149.89533738249,65.34041550600847,
3046,1pxn,46,0,3,0.647,0,-409060.75088735647,-372912.2055852814,-36150.45742766016,44.094663513822105,
3047,1pxn,47,0,3,0.647,0,-409059.5226627217,-372912.2055852814,-36149.96554539555,61.075121960627875,
3048,1pxn,48,0,3,0.647,0,-409057.8038815481,-372912.2055852814,-36149.619580308135,92.73301297827155,
3049,1pxn,49,0,3,0.647,0,-409057.0088352186,-372912.2055852814,-36149.96291712874,118.98475206073965,
3050,1pxn,50,0,3,0.647,0,-409054.6466304583,-372912.2055852814,-36150.01240972632,174.59981433540844,
3051,1pxn,51,0,3,0.647,0,-409055.8031509148,-372912.2055852814,-36150.171024242576,151.5875566703937,
3052,1pxn,52,0,3,0.647,0,-409052.75079246605,-372912.2055852814,-36150.03088180178,218.7448532146422,
3053,1pxn,53,0,3,0.647,0,-409055.6107264832,-372912.2055852814,-36149.81366346234,147.78403411266302,
3054,1pxn,54,0,3,0.647,0,-409059.42209317506,-372912.2055852814,-36150.190435627635,68.5804027546583,
3055,1pxn,55,0,3,0.647,0,-409064.91150044673,-372912.2055852814,-36149.78347663039,-67.39303361645776,
3056,1pxn,56,0,3,0.647,0,-409059.24039136624,-372912.2055852814,-36150.13567874783,71.5078223619963,
3057,1pxn,57,0,3,0.647,0,-409059.95735766715,-372912.2055852814,-36150.35141334885,59.949144772439205,
3058,1pxn,58,0,3,0.647,0,-409057.86358939833,-372912.2055852814,-36149.88830767029,97.55311743085264,
3059,1pxn,59,0,3,0.647,0,-409027.9340818153,-372912.2055852814,-36150.269157210525,796.526557635028,
3060,1pxn,60,0,3,0.647,0,-409060.7426203712,-372912.2055852814,-36150.24012527817,39.27419274876361,
3061,1pxn,61,0,3,0.647,0,-409060.53442289657,-372912.2055852814,-36150.30234829539,45.51023743591189,
3062,1pxn,62,0,3,0.647,0,-409057.84570374317,-372912.2055852814,-36149.61617831343,91.69011838724927,
3063,1pxn,63,0,3,0.647,0,-409059.7991736458,-372912.2055852814,-36150.32229779118,62.92553425282179,
3064,1pxn,64,0,3,0.647,0,-409059.71275784814,-372912.2055852814,-36149.7999217903,52.87205313388456,
3065,1pxn,65,0,3,0.647,0,-409060.08120762534,-372912.2055852814,-36149.69269988888,41.902803637699634,
3066,1pxn,66,0,3,0.647,0,-409059.0890559775,-372912.2055852814,-36150.19446239823,76.35328251354626,
3067,1pxn,67,0,3,0.647,0,-409054.5601190554,-372912.2055852814,-36149.48428998345,164.41608408946288,
3068,1pxn,68,0,3,0.647,0,-409050.2082864418,-372912.2055852814,-36150.43358008021,286.6628779072757,
3069,1pxn,69,0,3,0.647,0,-409055.5287491307,-372912.2055852814,-36149.4830407297,142.05013543109706,
3070,1pxn,70,0,3,0.647,0,-409054.7167101127,-372912.2055852814,-36150.31488219851,179.95892002563653,
3071,1pxn,71,0,3,0.647,0,-409061.2673889326,-372912.2055852814,-36150.334807017985,29.35615502924712,
3072,1pxn,72,0,3,0.647,0,-409058.3939848468,-372912.2055852814,-36150.35043285244,95.97876768834625,
3073,1pxn,73,0,3,0.647,0,-409060.97458558535,-372912.2055852814,-36149.51072011345,17.104465144373712,
3074,1pxn,74,0,3,0.647,0,-409055.44239412964,-372912.2055852814,-36149.866590181526,152.88638954328536,
3075,1pxn,75,0,3,0.647,0,-409062.043389015,-372912.2055852814,-36149.81739548797,-0.4706253243911923,
3076,1pxn,76,0,3,0.647,0,-409053.21268977947,-372912.2055852814,-36149.86280230635,204.21724288197174,
3077,1pxn,77,0,3,0.647,0,-409060.12111585593,-372912.2055852814,-36150.0770987665,49.84694668061916,
3078,1pxn,78,0,3,0.647,0,-409065.413487069,-372912.2055852814,-36149.8879151141,-76.56071148112574,
3079,1pxn,79,0,3,0.647,0,-409053.97984349,-372912.2055852814,-36149.911667863074,187.65312455486608,
3080,1pxn,80,0,3,0.647,0,-409062.4213240966,-372912.2055852814,-36149.860468128856,-8.192736655185787,
3081,1pxn,81,0,3,0.647,0,-409061.59792377776,-372912.2055852814,-36149.81235859745,9.685893631508513,
3082,1pxn,82,0,3,0.647,0,-409055.11995064444,-372912.2055852814,-36149.94494442099,162.1290046433399,
3083,1pxn,83,0,3,0.647,0,-409062.3021119462,-372912.2055852814,-36149.912157276805,-4.25165909030932,
3084,1pxn,84,0,3,0.647,0,-409054.3123280033,-372912.2055852814,-36149.767320553,176.6571214850686,
3085,1pxn,85,0,3,0.647,0,-409061.4486273453,-372912.2055852814,-36149.802072504695,12.89154821874934,
3086,1pxn,86,0,3,0.647,0,-409061.12919490755,-372912.2055852814,-36150.02791271561,25.46583421444925,
3087,1pxn,87,0,3,0.647,0,-409052.2601831482,-372912.2055852814,-36149.94401524419,228.0553824487111,
3088,1pxn,88,0,3,0.647,0,-409058.79265753157,-372912.2055852814,-36150.57734630459,92.01790568990842,
3089,1pxn,89,0,3,0.647,0,-409062.1247405932,-372912.2055852814,-36149.97395215386,1.2636451979128438,
3090,1pxn,90,0,3,0.647,0,-409060.84085335553,-372912.2055852814,-36149.96596554869,30.686612760617795,
3091,1pxn,91,0,3,0.647,0,-409062.07446315157,-372912.2055852814,-36150.501331964675,14.58473789753215,
3092,1pxn,92,0,3,0.647,0,-409057.4095514939,-372912.2055852814,-36150.30144683474,117.55069570574774,
3093,1pxn,93,0,3,0.647,0,-409046.6533381567,-372912.2055852814,-36149.69234762543,351.54870639434455,
3094,1pxn,94,0,3,0.647,0,-409059.75640600146,-372912.2055852814,-36150.5344957506,68.80518075346994,
3095,1pxn,95,0,3,0.647,0,-409059.78892826306,-372912.2055852814,-36149.992627838794,55.55942868595522,
3096,1pxn,96,0,3,0.647,0,-409062.56858467316,-372912.2055852814,-36150.40602169393,0.9921178574442736,
3097,1pxn,97,0,3,0.647,0,-409058.85844235844,-372912.2055852814,-36150.68533954972,92.99125493781925,
3098,1pxn,98,0,3,0.647,0,-409032.4901107473,-372912.2055852814,-36150.143313983615,688.5600207780237,
3099,1pxn,99,0,3,0.647,0,-409060.30463113653,-372912.2055852814,-36150.00979719513,44.062972669022635,
3100,1pxn,100,0,3,0.647,0,-409054.7489501759,-372912.2055852814,-36150.25898394936,177.92640225834378,
4001,2fvd,1,0,4,0.647,0,-423854.3683951874,-372912.2055852814,-50942.53386884389,8.556822385185418,
4002,2fvd,2,0,4,0.647,0,-423858.87535075145,-372912.2055852814,-50942.08781516015,-105.66228427840439,
4003,2fvd,3,0,4,0.647,0,-423853.2632478554,-372912.2055852814,-50942.3413680142,29.60295070425841,
4004,2fvd,4,0,4,0.647,0,-423857.98847121804,-372912.2055852814,-50941.06589590965,-108.77637413339083,
4005,2fvd,5,0,4,0.647,0,-423856.4318158554,-372912.2055852814,-50942.30377143086,-44.332961021811,
4006,2fvd,6,0,4,0.647,0,-423851.85465235304,-372912.2055852814,-50942.3055635637,61.26026441756392,
4007,2fvd,7,0,4,0.647,0,-423834.0050279874,-372912.2055852814,-50941.19683265154,447.3144386285764,
4008,2fvd,8,0,4,0.647,0,-423842.4660628812,-372912.2055852814,-50942.3778999394,279.43439744601307,
4009,2fvd,9,0,4,0.647,0,-423854.48064402543,-372912.2055852814,-50942.34568446339,1.6286677798688711,
4010,2fvd,10,0,4,0.647,0,-423830.46606311965,-372912.2055852814,-50936.813947254996,427.85316890941397,
4011,2fvd,11,0,4,0.647,0,-423831.1243676621,-372912.2055852814,-50940.337306971,493.92291077588067,
4012,2fvd,12,0,4,0.647,0,-423799.0959216882,-372912.2055852814,-50942.374016100744,1279.4840494017249,
4013,2fvd,13,0,4,0.647,0,-423837.2130963881,-372912.2055852814,-50941.022246772656,369.30857782021894,
4014,2fvd,14,0,4,0.647,0,-423835.3495682852,-372912.2055852814,-50938.95807289543,364.68157634368214,
4015,2fvd,15,0,4,0.647,0,-423840.7935341527,-372912.2055852814,-50941.675119573454,301.7973259455944,
4016,2fvd,16,0,4,0.647,0,-423839.5661070128,-372912.2055852814,-50941.23015182672,319.84126820670076,
4017,2fvd,17,0,4,0.647,0,-423818.9375668099,-372912.2055852814,-50939.614517683396,758.2892977930262,
4018,2fvd,18,0,4,0.647,0,-423849.79421261715,-372912.2055852814,-50942.26484995542,107.83625538793544,
4019,2fvd,19,0,4,0.647,0,-423827.0563983399,-372912.2055852814,-50942.253945047305,631.9312359366963,
4020,2fvd,20,0,4,0.647,0,-423827.399542876,-372912.2055852814,-50935.733940715174,473.6632631927353,
4021,2fvd,21,0,4,0.647,0,-423839.1170281251,-372912.2055852814,-50941.888688141684,345.3834815656854,
4022,2fvd,22,0,4,0.647,0,-423832.2970773358,-372912.2055852814,-50938.085084969425,414.94211006158264,
4023,2fvd,23,0,4,0.647,0,-423825.1892991443,-372912.2055852814,-50940.29551988308,629.8252090691487,
4024,2fvd,24,0,4,0.647,0,-423822.27277439105,-372912.2055852814,-50937.0333145207,621.8536248484222,
4025,2fvd,25,0,4,0.647,0,-423850.17388729047,-372912.2055852814,-50938.36846064986,9.2278774762841,
4026,2fvd,26,0,4,0.647,0,-423852.74148867297,-372912.2055852814,-50941.534637207384,23.03134893021032,
4027,2fvd,27,0,4,0.647,0,-423846.20050036197,-372912.2055852814,-50931.45481576977,-58.57608165067198,
4028,2fvd,28,0,4,0.647,0,-423844.5101323804,-372912.2055852814,-50930.90592860637,-32.25290864580495,
4029,2fvd,29,0,4,0.647,0,-423852.8025277035,-372912.2055852814,-50940.25558047948,-7.871993405196944,
4030,2fvd,30,0,4,0.647,0,-423852.75475803803,-372912.2055852814,-50940.91576510134,8.453820299894689,
4031,2fvd,31,0,4,0.647,0,-423849.6493471642,-372912.2055852814,-50938.368713850425,21.32989909090335,
4032,2fvd,32,0,4,0.647,0,-423850.790543385,-372912.2055852814,-50942.18372773586,82.98959923600539,
4033,2fvd,33,0,4,0.647,0,-423850.41376111703,-372912.2055852814,-50938.42280864177,4.949550092575169,
4034,2fvd,34,0,4,0.647,0,-423846.28734213905,-372912.2055852814,-50941.30753927886,166.63050113838256,
4035,2fvd,35,0,4,0.647,0,-423851.97555441444,-372912.2055852814,-50941.22408240502,33.532648660022474,
4036,2fvd,36,0,4,0.647,0,-423849.161238857,-372912.2055852814,-50939.48418497501,58.30931927731596,
4037,2fvd,37,0,4,0.647,0,-423852.2096691211,-372912.2055852814,-50941.72910159288,39.77985440693473,
4038,2fvd,38,0,4,0.647,0,-423852.50318024354,-372912.2055852814,-50942.50989883601,51.01693929978911,
4039,2fvd,39,0,4,0.647,0,-423848.8097694595,-372912.2055852814,-50936.27876972614,-7.504235533183668,
4040,2fvd,40,0,4,0.647,0,-423841.66694646387,-372912.2055852814,-50938.924095148424,218.21582923086467,
4041,2fvd,41,0,4,0.647,0,-423850.78506556945,-372912.2055852814,-50940.39766978679,41.92844590139245,
4042,2fvd,42,0,4,0.647,0,-423825.8564537247,-372912.2055852814,-50942.04051297366,654.6807555878514,
4043,2fvd,43,0,4,0.647,0,-423851.1157892723,-372912.2055852814,-50941.864794725756,68.13448096160825,
4044,2fvd,44,0,4,0.647,0,-423849.4312692365,-372912.2055852814,-50941.830845112185,106.19753913139441,
4045,2fvd,45,0,4,0.647,0,-423849.3979450841,-372912.2055852814,-50939.62692176757,56.14233263841847,
4046,2fvd,46,0,4,0.647,0,-423851.57623622613,-372912.2055852814,-50941.23763793173,43.05374271333957,
4047,2fvd,47,0,4,0.647,0,-423842.29465714877,-372912.2055852814,-50928.16751250086,-44.31221168019832,
4048,2fvd,48,0,4,0.647,0,-423846.33711633884,-372912.2055852814,-50941.87777858434,178.6327116025285,
4049,2fvd,49,0,4,0.647,0,-423820.8410905977,-372912.2055852814,-50942.253469163756,775.2486632733057,
4050,2fvd,50,0,4,0.647,0,-423850.8092571278,-372912.2055852814,-50940.9759871906,54.706891464501346,
4051,2fvd,51,0,4,0.647,0,-423852.2626563836,-372912.2055852814,-50941.458933288435,32.327709997590155,
4052,2fvd,52,0,4,0.647,0,-423844.6453057012,-372912.2055852814,-50941.1141870564,200.03795277941572,
4053,2fvd,53,0,4,0.647,0,-423846.49178845476,-372912.2055852814,-50941.24536412419,160.482063968047,
4054,2fvd,54,0,4,0.647,0,-423847.7824492531,-372912.2055852814,-50938.13923245134,59.08962088552259,
4055,2fvd,55,0,4,0.647,0,-423847.529109471,-372912.2055852814,-50942.56504612623,166.9934629863077,
4056,2fvd,56,0,4,0.647,0,-423831.461509027,-372912.2055852814,-50930.186467463354,252.06432621860026,
4057,2fvd,57,0,4,0.647,0,-423856.7016666611,-372912.2055852814,-50941.80097394643,-62.15065387236538,
4058,2fvd,58,0,4,0.647,0,-423831.7383463161,-372912.2055852814,-50940.2345800942,477.39528860302664,
4059,2fvd,59,0,4,0.647,0,-423833.25253758614,-372912.2055852814,-50939.22750943361,419.25360725797674,
4060,2fvd,60,0,4,0.647,0,-423849.8740074714,-372912.2055852814,-50938.884108836035,28.034400049120144,
4061,2fvd,61,0,4,0.647,0,-423838.08971693413,-372912.2055852814,-50940.52320664583,337.58508907477193,
4062,2fvd,62,0,4,0.647,0,-423853.15895480703,-372912.2055852814,-50940.853636557484,-2.299896881777047,
4063,2fvd,63,0,4,0.647,0,-423831.40259034233,-372912.2055852814,-50941.49786132042,514.2699624362642,
4064,2fvd,64,0,4,0.647,0,-423845.2212947388,-372912.2055852814,-50941.999254161696,207.16546234202764,
4065,2fvd,65,0,4,0.647,0,-423831.52040154533,-372912.2055852814,-50941.61229061542,514.191973784947,
4066,2fvd,66,0,4,0.647,0,-423844.27088481974,-372912.2055852814,-50935.73982709112,84.73661838646287,
4067,2fvd,67,0,4,0.647,0,-423840.82140895026,-372912.2055852814,-50942.33754735653,316.43046541866966,
4068,2fvd,68,0,4,0.647,0,-423830.22782564926,-372912.2055852814,-50941.56859850345,542.9919180232616,
4069,2fvd,69,0,4,0.647,0,-423828.0535371829,-372912.2055852814,-50941.84204148708,599.4379462017417,
4070,2fvd,70,0,4,0.647,0,-423845.1346317606,-372912.2055852814,-50941.391738409424,195.1543120334075,
4071,2fvd,71,0,4,0.647,0,-423845.01336965745,-372912.2055852814,-50941.6190454906,203.19250838077767,
4072,2fvd,72,0,4,0.647,0,-423845.0542551955,-372912.2055852814,-50942.21816306768,216.0656450176103,
4073,2fvd,73,0,4,0.647,0,-423850.53239158593,-372912.2055852814,-50941.90480315147,82.51056742707503,
4074,2fvd,74,0,4,0.647,0,-423806.8490407397,-372912.2055852814,-50933.25340756237,890.366647234247,
4075,2fvd,75,0,4,0.647,0,-423842.4895700891,-372912.2055852814,-50941.2324409431,252.47739638258525,
4076,2fvd,76,0,4,0.647,0,-423818.6925494751,-372912.2055852814,-50941.64062493501,810.662674946437,
4077,2fvd,77,0,4,0.647,0,-423835.2144434234,-372912.2055852814,-50940.37067943276,400.3731103032467,
4078,2fvd,78,0,4,0.647,0,-423844.9236663954,-372912.2055852814,-50942.593148404936,227.7244615932407,
4079,2fvd,79,0,4,0.647,0,-423844.13448245113,-372912.2055852814,-50940.72840257941,202.9214153861153,
4080,2fvd,80,0,4,0.647,0,-423850.20594102936,-372912.2055852814,-50941.06806051193,70.74295244023361,
4081,2fvd,81,0,4,0.647,0,-423844.4959265967,-372912.2055852814,-50941.5149891919,212.7254335796887,
4082,2fvd,82,0,4,0.647,0,-423849.4715932237,-372912.2055852814,-50940.956068599844,85.09482029200977,
4083,2fvd,83,0,4,0.647,0,-423848.803017654,-372912.2055852814,-50941.08885955272,103.57477131567317,
4084,2fvd,84,0,4,0.647,0,-423847.355069824,-372912.2055852814,-50941.26622625647,141.05541486010392,
4085,2fvd,85,0,4,0.647,0,-423853.0488924165,-372912.2055852814,-50941.13815783919,6.7994187644564565,
4086,2fvd,86,0,4,0.647,0,-423851.17166210007,-372912.2055852814,-50941.10250764548,49.26726526911761,
4087,2fvd,87,0,4,0.647,0,-423854.19555688684,-372912.2055852814,-50940.75377147858,-28.507452153237395,
4088,2fvd,88,0,4,0.647,0,-423849.3564991733,-372912.2055852814,-50940.77702435313,83.62009373142276,
4089,2fvd,89,0,4,0.647,0,-423854.3674732228,-372912.2055852814,-50940.96570795236,-27.584565850312053,
4090,2fvd,90,0,4,0.647,0,-423854.1947812517,-372912.2055852814,-50938.8073654717,-73.37475440174063,
4091,2fvd,91,0,4,0.647,0,-423851.96138293337,-372912.2055852814,-50941.811517888884,47.40603485028511,
4092,2fvd,92,0,4,0.647,0,-423853.33976808994,-372912.2055852814,-50942.30678694902,27.040893868507293,
4093,2fvd,93,0,4,0.647,0,-423854.48434601026,-372912.2055852814,-50942.53704434095,5.956161591034013,
4094,2fvd,94,0,4,0.647,0,-423853.5826120456,-372912.2055852814,-50941.92519223153,12.640995979577063,
4095,2fvd,95,0,4,0.647,0,-423857.5556727726,-372912.2055852814,-50942.403572851996,-67.94824176995516,
4096,2fvd,96,0,4,0.647,0,-423852.77165419655,-372912.2055852814,-50942.53144317327,45.32260708497696,
4097,2fvd,97,0,4,0.647,0,-423852.24020914,-372912.2055852814,-50942.6582602805,60.50249319788934,
4098,2fvd,98,0,4,0.647,0,-423856.0556868987,-372912.2055852814,-50942.4909051007,-31.343816281880486,
4099,2fvd,99,0,4,0.647,0,-423856.189625867,-372912.2055852814,-50942.15775900541,-42.115053731729795,
4100,2fvd,100,0,4,0.647,0,-423854.3414155622,-372912.2055852814,-50941.79612099586,-7.833882213381851,
5001,3pxf,1,0,5,0.647,0,-408177.2787253775,-372912.2055852814,-35269.23331246662,95.93585393409707,
5002,3pxf,2,0,5,0.647,0,-408171.17607372167,-372912.2055852814,-35269.16914711284,235.1866561276025,
5003,3pxf,3,0,5,0.647,0,-408179.07478424115,-372912.2055852814,-35269.40770308065,58.53929569876552,
5004,3pxf,4,0,5,0.647,0,-408174.7730525052,-372912.2055852814,-35269.64907286453,163.30570559574568,
5005,3pxf,5,0,5,0.647,0,-408176.6842581251,-372912.2055852814,-35269.41665331411,113.87253482550457,
5006,3pxf,6,0,5,0.647,0,-408173.19392799493,-372912.2055852814,-35268.075153180835,163.42573174835283,
5007,3pxf,7,0,5,0.647,0,-408150.25690375955,-372912.2055852814,-35267.74822429704,684.8269170584393,
5008,3pxf,8,0,5,0.647,0,-408172.0744193411,-372912.2055852814,-35268.412235239026,197.0155115323469,
5009,3pxf,9,0,5,0.647,0,-408179.72697459813,-372912.2055852814,-35269.204655507085,38.81704049481653,
5010,3pxf,10,0,5,0.647,0,-408176.06808545353,-372912.2055852814,-35264.2391048758,8.684710782715204,
5011,3pxf,11,0,5,0.647,0,-408179.6057743947,-372912.2055852814,-35269.855651327845,56.62430384527848,
5012,3pxf,12,0,5,0.647,0,-408168.176707319,-372912.2055852814,-35262.57189945268,152.21754330069373,
5013,3pxf,13,0,5,0.647,0,-408155.8622982418,-372912.2055852814,-35266.57488180089,528.505528736398,
5014,3pxf,14,0,5,0.647,0,-408177.8943784749,-372912.2055852814,-35269.34918940949,84.4107420181001,
5015,3pxf,15,0,5,0.647,0,-408177.9739513019,-372912.2055852814,-35269.83027029919,93.669737903034,
5016,3pxf,16,0,5,0.647,0,-408172.7423838293,-372912.2055852814,-35265.99802763152,125.93893449685666,
5017,3pxf,17,0,5,0.647,0,-408175.7869163969,-372912.2055852814,-35269.21067796039,129.81582217297387,
5018,3pxf,18,0,5,0.647,0,-408176.72399412753,-372912.2055852814,-35269.38174996662,112.15131052609709,
5019,3pxf,19,0,5,0.647,0,-408176.63532092364,-372912.2055852814,-35268.85543198275,102.05898214470443,
5020,3pxf,20,0,5,0.647,0,-408178.0489188647,-372912.2055852814,-35269.84106148171,92.18979541587434,
5021,3pxf,21,0,5,0.647,0,-408166.6041416147,-372912.2055852814,-35268.84006331253,333.0290624414302,
5022,3pxf,22,0,5,0.647,0,-408174.81377195474,-372912.2055852814,-35268.8483322947,143.9011765719702,
5023,3pxf,23,0,5,0.647,0,-408175.49238478334,-372912.2055852814,-35264.255428919074,22.337125004451423,
5024,3pxf,24,0,5,0.647,0,-408178.56034567114,-372912.2055852814,-35269.05708364534,62.31705469010955,
5025,3pxf,25,0,5,0.647,0,-408177.6784756997,-372912.2055852814,-35266.26340062308,18.22959838894518,
5026,3pxf,26,0,5,0.647,0,-408178.2514202511,-372912.2055852814,-35269.73356268692,85.04102140985454,
5027,3pxf,27,0,5,0.647,0,-408167.926461629,-372912.2055852814,-35267.38800523567,269.0503837701269,
5028,3pxf,28,0,5,0.647,0,-408178.1611966705,-372912.2055852814,-35268.949844160554,69.0486480427588,
5029,3pxf,29,0,5,0.647,0,-408172.5825365102,-372912.2055852814,-35260.431291022775,1.2531054187698198,
5030,3pxf,30,0,5,0.647,0,-408162.7521262979,-372912.2055852814,-35260.426190832135,227.8301371234332,
5031,3pxf,31,0,5,0.647,0,-408178.4536586026,-372912.2055852814,-35269.00047613072,63.47191663843163,
5032,3pxf,32,0,5,0.647,0,-408179.0754865622,-372912.2055852814,-35263.463511803624,-78.55320746794939,
5033,3pxf,33,0,5,0.647,0,-408175.66438367154,-372912.2055852814,-35262.517282763,-21.711866152323893,
5034,3pxf,34,0,5,0.647,0,-408180.46596562024,-372912.2055852814,-35268.681729772565,9.716548770292112,
5035,3pxf,35,0,5,0.647,0,-408181.3358625094,-372912.2055852814,-35269.023905971524,-2.452979446834413,
5036,3pxf,36,0,5,0.647,0,-408174.4772926485,-372912.2055852814,-35266.09982691097,88.27853384287529,
5037,3pxf,37,0,5,0.647,0,-408183.24196114327,-372912.2055852814,-35269.239369162795,-41.43995893545152,
5038,3pxf,38,0,5,0.647,0,-408181.2717155284,-372912.2055852814,-35269.02960655975,-0.8422562360109572,
5039,3pxf,39,0,5,0.647,0,-408179.373750619,-372912.2055852814,-35268.58274117994,32.62089387265825,
5040,3pxf,40,0,5,0.647,0,-408177.982606492,-372912.2055852814,-35268.84719173002,70.79981411163199,
5041,3pxf,41,0,5,0.647,0,-408177.3856968053,-372912.2055852814,-35266.3879363327,27.85310177451003,
5042,3pxf,42,0,5,0.647,0,-408175.5842415011,-372912.2055852814,-35266.35182470965,68.56289417120699,
5043,3pxf,43,0,5,0.647,0,-408179.3966844897,-372912.2055852814,-35267.005519011494,-4.279581003829491,
5044,3pxf,44,0,5,0.647,0,-408180.2389126336,-372912.2055852814,-35268.95933745193,21.35430019656169,
5045,3pxf,45,0,5,0.647,0,-408177.3953432062,-372912.2055852814,-35267.56848956036,54.854854659027005,
5046,3pxf,46,0,5,0.647,0,-408182.3492553449,-372912.2055852814,-35268.32473526287,-41.945632969969274,
5047,3pxf,47,0,5,0.647,0,-408180.10736798437,-372912.2055852814,-35269.14560065555,28.6831233886777,
5048,3pxf,48,0,5,0.647,0,-408177.473631165,-372912.2055852814,-35265.356195309636,2.0327740560922316,
5049,3pxf,49,0,5,0.647,0,-408182.67184960033,-372912.2055852814,-35268.84019459176,-37.49805871886473,
5050,3pxf,50,0,5,0.647,0,-408177.53121217253,-372912.2055852814,-35268.51475445318,73.54302868312578,
5051,3pxf,51,0,5,0.647,0,-408174.1929853478,-372912.2055852814,-35265.28097153592,75.95156240641701,
5052,3pxf,52,0,5,0.647,0,-408177.90197845455,-372912.2055852814,-35267.19929251957,34.657682263107404,
5053,3pxf,53,0,5,0.647,0,-408182.0456082144,-372912.2055852814,-35269.62255410242,-5.0149503686389165,
5054,3pxf,54,0,5,0.647,0,-408174.5642094529,-372912.2055852814,-35264.23888120937,43.35975735646192,
5055,3pxf,55,0,5,0.647,0,-408177.84016939194,-372912.2055852814,-35266.80992875385,27.104091364940356,
5056,3pxf,56,0,5,0.647,0,-408173.4434954738,-372912.2055852814,-35268.64773378658,170.87459140999803,
5057,3pxf,57,0,5,0.647,0,-408174.35833478655,-372912.2055852814,-35264.8059782176,61.18490762952993,
5058,3pxf,58,0,5,0.647,0,-408175.8347021854,-372912.2055852814,-35268.84675423193,120.32157516369689,
5059,3pxf,59,0,5,0.647,0,-408176.47117782326,-372912.2055852814,-35266.35714999723,48.23246074061609,
5060,3pxf,60,0,5,0.647,0,-408180.7803232586,-372912.2055852814,-35269.51610616731,21.70846617483391,
5061,3pxf,61,0,5,0.647,0,-408179.0356395163,-372912.2055852814,-35267.57088259744,17.083907888989707,
5062,3pxf,62,0,5,0.647,0,-408182.0568392491,-372912.2055852814,-35269.46056572485,-9.009484910579657,
5063,3pxf,63,0,5,0.647,0,-408174.8537931958,-372912.2055852814,-35268.30151400852,130.36833558513234,
5064,3pxf,64,0,5,0.647,0,-408177.82474326255,-372912.2055852814,-35267.72707028079,48.60961240905495,
5065,3pxf,65,0,5,0.647,0,-408176.9019542255,-372912.2055852814,-35267.381872871396,61.929191765310456,
5066,3pxf,66,0,5,0.647,0,-408174.06641884806,-372912.2055852814,-35267.517584511515,130.44777573029535,
5067,3pxf,67,0,5,0.647,0,-408175.7823530355,-372912.2055852814,-35266.57995421576,69.25512504340655,
5068,3pxf,68,0,5,0.647,0,-408169.61977342423,-372912.2055852814,-35259.97799015927,59.12267902886936,
5069,3pxf,69,0,5,0.647,0,-408171.84868260403,-372912.2055852814,-35267.277362176654,176.05032981831567,
5070,3pxf,70,0,5,0.647,0,-408178.35732119443,-372912.2055852814,-35268.326162972924,50.143479219376296,
5071,3pxf,71,0,5,0.647,0,-408176.0141724865,-372912.2055852814,-35263.46230677652,-7.985416385426858,
5072,3pxf,72,0,5,0.647,0,-408176.19188127574,-372912.2055852814,-35266.98312727499,69.10857108827997,
5073,3pxf,73,0,5,0.647,0,-408171.2162908533,-372912.2055852814,-35260.42539668965,32.62355218748381,
5074,3pxf,74,0,5,0.647,0,-408179.0641703075,-372912.2055852814,-35270.03066150236,73.1498213041275,
5075,3pxf,75,0,5,0.647,0,-408180.07033678086,-372912.2055852814,-35269.555769005296,38.99579007625998,
5076,3pxf,76,0,5,0.647,0,-408174.71823847946,-372912.2055852814,-35268.07364273953,128.23946530724936,
5077,3pxf,77,0,5,0.647,0,-408180.10579792346,-372912.2055852814,-35269.1568952291,28.979788906801154,
5078,3pxf,78,0,5,0.647,0,-408174.76129960176,-372912.2055852814,-35266.160544642684,83.12936206983191,
5079,3pxf,79,0,5,0.647,0,-408174.27592038305,-372912.2055852814,-35266.55343074488,103.38264151054678,
5080,3pxf,80,0,5,0.647,0,-408176.1384673631,-372912.2055852814,-35266.426328638074,57.500243577293666,
5081,3pxf,81,0,5,0.647,0,-408182.7398280122,-372912.2055852814,-35266.72932554173,-87.74347482918628,
5082,3pxf,82,0,5,0.647,0,-408176.3981089807,-372912.2055852814,-35266.40597183394,51.043326580555416,
5083,3pxf,83,0,5,0.647,0,-408169.32829274936,-372912.2055852814,-35266.16552750158,208.53238390958302,
5084,3pxf,84,0,5,0.647,0,-408179.8624190307,-372912.2055852814,-35265.86982125926,-41.209486999727545,
5085,3pxf,85,0,5,0.647,0,-408179.34562294866,-372912.2055852814,-35266.65237135577,-11.245852301037628,
5086,3pxf,86,0,5,0.647,0,-408183.815160594,-372912.2055852814,-35266.51325635004,-117.523907195911,
5087,3pxf,87,0,5,0.647,0,-408175.6560157159,-372912.2055852814,-35265.927689292905,57.126946393337455,
5088,3pxf,88,0,5,0.647,0,-408179.8811645722,-372912.2055852814,-35266.221364238736,-33.53499576364035,
5089,3pxf,89,0,5,0.647,0,-408144.67898865725,-372912.2055852814,-35266.48333741116,784.2877105380069,
5090,3pxf,90,0,5,0.647,0,-408176.9595751679,-372912.2055852814,-35269.91963983464,119.12271770547598,
5091,3pxf,91,0,5,0.647,0,-408176.7587021509,-372912.2055852814,-35265.99553836274,33.26302983737372,
5092,3pxf,92,0,5,0.647,0,-408175.3413054561,-372912.2055852814,-35265.50937820363,54.737854509580885,
5093,3pxf,93,0,5,0.647,0,-408181.6919216728,-372912.2055852814,-35266.68576402354,-64.58273304125962,
5094,3pxf,94,0,5,0.647,0,-408175.4272654569,-372912.2055852814,-35266.59829864788,77.86667178905547,
5095,3pxf,95,0,5,0.647,0,-408180.0776815037,-372912.2055852814,-35266.41839868712,-33.523061541277194,
5096,3pxf,96,0,5,0.647,0,-408180.3664548313,-372912.2055852814,-35266.55045107889,-37.137132178106754,
5097,3pxf,97,0,5,0.647,0,-408174.51633130695,-372912.2055852814,-35266.7087300806,101.41992166034822,
5098,3pxf,98,0,5,0.647,0,-408177.5622000015,-372912.2055852814,-35266.32219416785,22.266791039633155,
5099,3pxf,99,0,5,0.647,0,-408180.82709415944,-372912.2055852814,-35269.1821819334,12.929427811034502,
5100,3pxf,100,0,5,0.647,0,-408180.3679350531,-372912.2055852814,-35269.72722340512,36.08684327350228,
6001,4eky,1,1,6,0.5522,0,-406122.31901823817,-372912.2055852814,-33208.848382244636,-29.172762454703033,
6002,4eky,2,1,6,0.5522,0,-406123.29731264024,-372912.2055852814,-33208.83904338895,-51.94812643427408,
6003,4eky,3,1,6,0.5522,0,-406118.77861820976,-372912.2055852814,-33208.41305471473,42.43191041440722,
6004,4eky,4,1,6,0.5522,0,-406119.6452926329,-372912.2055852814,-33208.44930554447,23.28188741868799,
6005,4eky,5,1,6,0.5522,0,-406124.38091554586,-372912.2055852814,-33208.34616638236,-88.30261685384095,
6006,4eky,6,1,6,0.5522,0,-406120.1956499448,-372912.2055852814,-33208.75321508466,17.59866679130744,
6007,4eky,7,1,6,0.5522,0,-406119.1971494786,-372912.2055852814,-33208.395039687726,32.364913678964335,
6008,4eky,8,1,6,0.5522,0,-406120.4090198511,-372912.2055852814,-33208.76261974392,12.895116456129905,
6009,4eky,9,1,6,0.5522,0,-406113.35038786475,-372912.2055852814,-33208.658328424026,173.2660220261151,
6010,4eky,10,1,6,0.5522,0,-406113.87098500936,-372912.2055852814,-33208.51990617334,158.0686737394573,
6011,4eky,11,1,6,0.5522,0,-406111.16005214374,-372912.2055852814,-33208.45638288078,219.1193888263936,
6012,4eky,12,1,6,0.5522,0,-406103.46340497653,-372912.2055852814,-33208.472612867925,396.9825613559768,
6013,4eky,13,1,6,0.5522,0,-406111.87099024,-372912.2055852814,-33208.494061241676,203.59365049614308,
6014,4eky,14,1,6,0.5522,0,-406096.80963199644,-372912.2055852814,-33208.585918436635,553.0350999041531,
6015,4eky,15,1,6,0.5522,0,-406118.28119849483,-372912.2055852814,-33208.47012258582,55.21869791333872,
6016,4eky,16,1,6,0.5522,0,-406121.0964291329,-372912.2055852814,-33208.499744544555,-9.018964274134946,
6017,4eky,17,1,6,0.5522,0,-406117.60478442255,-372912.2055852814,-33208.49469197803,71.38376062456888,
6018,4eky,18,1,6,0.5522,0,-406119.57894385664,-372912.2055852814,-33208.56176532327,27.405310655628217,
6019,4eky,19,1,6,0.5522,0,-406115.60384302656,-372912.2055852814,-33208.532721291114,118.4035421865365,
6020,4eky,20,1,6,0.5522,0,-406118.02360805223,-372912.2055852814,-33208.452283988525,60.747506809524175,
6021,4eky,21,1,6,0.5522,0,-406114.76933335577,-372912.2055852814,-33208.414213190605,134.91493064484524,
6022,4eky,22,1,6,0.5522,0,-406118.14656814246,-372912.2055852814,-33208.44106180482,57.65319006344495,
6023,4eky,23,1,6,0.5522,0,-406117.84527441184,-372912.2055852814,-33208.58910430484,68.01512970211269,
6024,4eky,24,1,6,0.5522,0,-406119.3079401783,-372912.2055852814,-33208.511773834754,32.50197282988462,
6025,4eky,25,1,6,0.5522,0,-406118.8731951943,-372912.2055852814,-33208.49256576114,42.08448162782592,
6026,4eky,26,1,6,0.5522,0,-406119.5899943939,-372912.2055852814,-33208.62642479949,28.641562157434727,
6027,4eky,27,1,6,0.5522,0,-406123.31969296257,-372912.2055852814,-33208.56035769992,-58.89087358953121,
6028,4eky,28,1,6,0.5522,0,-406116.94171323697,-372912.2055852814,-33208.446264455844,85.55778022320953,
6029,4eky,29,1,6,0.5522,0,-406120.7383761039,-372912.2055852814,-33208.40994061046,-2.8329931908187493,
6030,4eky,30,1,6,0.5522,0,-406119.4389535716,-372912.2055852814,-33208.46810198842,28.47363550638795,
6031,4eky,31,1,6,0.5522,0,-406119.69631847064,-372912.2055852814,-33208.44505001121,22.007068719059593,
6032,4eky,32,1,6,0.5522,0,-406111.25241775136,-372912.2055852814,-33208.563660870124,219.4632765184215,
6033,4eky,33,1,6,0.5522,0,-406122.72906660347,-372912.2055852814,-33208.61707545333,-43.96276372006351,
6034,4eky,34,1,6,0.5522,0,-406096.74520956783,-372912.2055852814,-33208.50247789441,552.5965317855294,
6035,4eky,35,1,6,0.5522,0,-406119.3106153242,-372912.2055852814,-33208.5005895,32.1823656141527,
6036,4eky,36,1,6,0.5522,0,-406118.79771878646,-372912.2055852814,-33208.600833902885,46.321731601954006,
6037,4eky,37,1,6,0.5522,0,-406120.02960818354,-372912.2055852814,-33208.589455972244,17.65130592478196,
6038,4eky,38,1,6,0.5522,0,-406119.65724875836,-372912.2055852814,-33208.49166942655,23.98310694510102,
6039,4eky,39,1,6,0.5522,0,-406119.57318344037,-372912.2055852814,-33208.47358490043,25.504660151943646,
6040,4eky,40,1,6,0.5522,0,-406117.8722575239,-372912.2055852814,-33208.561116824676,66.74747773135748,
6041,4eky,41,1,6,0.5522,0,-406114.1959613791,-372912.2055852814,-33208.62602091842,153.02160477577425,
6042,4eky,42,1,6,0.5522,0,-406106.9031097522,-372912.2055852814,-33208.49946273385,318.28025747035775,
6043,4eky,43,1,6,0.5522,0,-406117.85640015523,-372912.2055852814,-33208.48050046978,65.25410003149501,
6044,4eky,44,1,6,0.5522,0,-406118.8311474255,-372912.2055852814,-33208.62131441646,46.02314073490415,
6045,4eky,45,1,6,0.5522,0,-406110.4076935283,-372912.2055852814,-33208.5651042562,238.97636514203282,
6046,4eky,46,1,6,0.5522,0,-406116.7593714377,-372912.2055852814,-33208.61379052215,93.62592487134431,
6047,4eky,47,1,6,0.5522,0,-406113.6170979968,-372912.2055852814,-33208.616804490615,166.1579756160859,
6048,4eky,48,1,6,0.5522,0,-406102.39767370437,-372912.2055852814,-33208.45143116527,421.070446664933,
6049,4eky,49,1,6,0.5522,0,-406117.32013081847,-372912.2055852814,-33208.50919390731,78.28245111068726,
6050,4eky,50,1,6,0.5522,0,-406117.57523300557,-372912.2055852814,-33208.465319762814,71.38789311560274,
6051,4eky,51,1,6,0.5522,0,-406112.9180877141,-372912.2055852814,-33208.52210379653,180.0936857887867,
6052,4eky,52,1,6,0.5522,0,-406109.6985770098,-372912.2055852814,-33208.61227406082,256.4167420698504,
6053,4eky,53,1,6,0.5522,0,-406111.5260465676,-372912.2055852814,-33208.47137964778,211.0251905719321,
6054,4eky,54,1,6,0.5522,0,-406096.727646791,-372912.2055852814,-33208.58895457803,554.9957387388306,
6055,4eky,55,1,6,0.5522,0,-406119.8324888877,-372912.2055852814,-33208.602406273414,22.495625914165224,
6056,4eky,56,1,6,0.5522,0,-406097.9240226085,-372912.2055852814,-33208.47286940627,524.7296693209709,
6057,4eky,57,1,6,0.5522,0,-406115.11160432635,-372912.2055852814,-33208.51982379966,129.45741305833693,
6058,4eky,58,1,6,0.5522,0,-406104.6192733428,-372912.2055852814,-33208.55296076356,372.180470100724,
6059,4eky,59,1,6,0.5522,0,-406097.42556432704,-372912.2055852814,-33208.45335913711,535.7744728666582,
6060,4eky,60,1,6,0.5522,0,-406119.55945662473,-372912.2055852814,-33208.47119725761,25.766147689182848,
6061,4eky,61,1,6,0.5522,0,-406120.6327514881,-372912.2055852814,-33208.53365851455,2.4557709586467773,
6062,4eky,62,1,6,0.5522,0,-406119.2887208989,-372912.2055852814,-33208.47039950906,31.99106532526163,
6063,4eky,63,1,6,0.5522,0,-406112.3903574131,-372912.2055852814,-33208.614680419494,194.39830327901802,
6064,4eky,64,1,6,0.5522,0,-406107.73402612755,-372912.2055852814,-33208.4716044765,298.4764439776916,
6065,4eky,65,1,6,0.5522,0,-406116.08286289213,-372912.2055852814,-33208.57337308936,108.29453440268831,
6066,4eky,66,1,6,0.5522,0,-406118.5158387652,-372912.2055852814,-33208.47634578763,49.95127517882141,
6067,4eky,67,1,6,0.5522,0,-406087.1441047273,-372912.2055852814,-33208.50735438876,774.1157238183158,
6068,4eky,68,1,6,0.5522,0,-406118.86054500256,-372912.2055852814,-33208.610606799695,45.098292994798804,
6069,4eky,69,1,6,0.5522,0,-406118.5956710065,-372912.2055852814,-33208.52219165378,49.16753074924031,
6070,4eky,70,1,6,0.5522,0,-406116.2220460108,-372912.2055852814,-33208.52977896749,104.07959110525596,
6071,4eky,71,1,6,0.5522,0,-406102.72313609044,-372912.2055852814,-33208.50364709911,414.769233783808,
6072,4eky,72,1,6,0.5522,0,-406103.750556343,-372912.2055852814,-33208.506374607656,391.1392577487239,
6073,4eky,73,1,6,0.5522,0,-406096.39377864543,-372912.2055852814,-33209.40233720355,581.4519700198442,
6074,4eky,74,1,6,0.5522,0,-406119.7918661019,-372912.2055852814,-33209.73068584024,49.451154526240956,
6075,4eky,75,1,6,0.5522,0,-406099.9075302712,-372912.2055852814,-33209.88130403571,511.4681701309135,
6076,4eky,76,1,6,0.5522,0,-406119.07363253157,-372912.2055852814,-33209.60364819579,63.0844564526233,
6077,4eky,77,1,6,0.5522,0,-406120.83605247055,-372912.2055852814,-33209.96344650798,30.73923333963962,
6078,4eky,78,1,6,0.5522,0,-406105.4645623049,-372912.2055852814,-33209.18188727914,367.19103355338746,
6079,4eky,79,1,6,0.5522,0,-406101.6599438421,-372912.2055852814,-33209.813052306745,469.4826309002027,
6080,4eky,80,1,6,0.5522,0,-406125.90600212733,-372912.2055852814,-33209.58527113018,-94.89751460760624,
6081,4eky,81,1,6,0.5522,0,-406102.72980000917,-372912.2055852814,-33209.22819698863,431.3240775502068,
6082,4eky,82,1,6,0.5522,0,-406120.7926618984,-372912.2055852814,-33209.38732505857,18.454167463206698,
6083,4eky,83,1,6,0.5522,0,-406117.92022233526,-372912.2055852814,-33208.44882489261,63.05186943394999,
6084,4eky,84,1,6,0.5522,0,-406120.831300729,-372912.2055852814,-33210.09080595789,33.78578978889364,
6085,4eky,85,1,6,0.5522,0,-406113.3997237319,-372912.2055852814,-33209.65512866788,195.11506960253644,
6086,4eky,86,1,6,0.5522,0,-406119.644470804,-372912.2055852814,-33209.09898663579,38.28284112445973,
6087,4eky,87,1,6,0.5522,0,-406123.76907593827,-372912.2055852814,-33209.59401334338,-45.41722578839883,
6088,4eky,88,1,6,0.5522,0,-406120.8414501781,-372912.2055852814,-33209.55433918052,21.180520153196873,
6089,4eky,89,1,6,0.5522,0,-406120.0069936744,-372912.2055852814,-33208.985186586906,27.298573662350194,
6090,4eky,90,1,6,0.5522,0,-406121.19268577604,-372912.2055852814,-33209.35755647241,8.54291779498112,
6091,4eky,91,1,6,0.5522,0,-406123.0616367988,-372912.2055852814,-33209.47035194454,-31.954991277887576,
6092,4eky,92,1,6,0.5522,0,-406120.2777110568,-372912.2055852814,-33209.65803582487,36.57195455104944,
6093,4eky,93,1,6,0.5522,0,-406119.7508668831,-372912.2055852814,-33207.79672051482,5.798319083430627,
6094,4eky,94,1,6,0.5522,0,-406122.0248424342,-372912.2055852814,-33208.73573757224,-24.986555112649874,
6095,4eky,95,1,6,0.5522,0,-406121.1222157411,-372912.2055852814,-33208.24046994262,-15.592631944366252,
6096,4eky,96,1,6,0.5522,0,-406121.336551272,-372912.2055852814,-33208.415115187694,-16.507911679918347,
6097,4eky,97,1,6,0.5522,0,-406115.715750792,-372912.2055852814,-33208.399364958335,112.74761771833522,
6098,4eky,98,1,6,0.5522,0,-406118.39170589356,-372912.2055852814,-33208.24488366662,47.47620388982293,
6099,4eky,99,1,6,0.5522,0,-406120.368020796,-372912.2055852814,-33207.88093830161,-6.491479943397148,
6100,4eky,100,1,6,0.5522,0,-406118.62608143006,-372912.2055852814,-33208.16586787519,40.249228182375106,
7001,3g2n,1,1,7,0.5522,0,-400456.2775916296,-372912.2055852814,-27548.37055066327,99.1267867803387,
7002,3g2n,2,1,7,0.5522,0,-400458.8758868712,-372912.2055852814,-27548.407495767868,40.0606494351957,
7003,3g2n,3,1,7,0.5522,0,-400457.8193748433,-372912.2055852814,-27548.443446845802,65.25344713961225,
7004,3g2n,4,1,7,0.5522,0,-400459.19822199515,-372912.2055852814,-27548.594760091102,36.94584277460198,
7005,3g2n,5,1,7,0.5522,0,-400457.1202542027,-372912.2055852814,-27548.679539890087,86.81998705262689,
7006,3g2n,6,1,7,0.5522,0,-400458.8665588486,-372912.2055852814,-27548.27278664807,37.16929264621651,
7007,3g2n,7,1,7,0.5522,0,-400456.9698126454,-372912.2055852814,-27548.505683035648,86.2800174726526,
7008,3g2n,8,1,7,0.5522,0,-400457.01093293604,-372912.2055852814,-27548.59845134715,87.47104912806849,
7009,3g2n,9,1,7,0.5522,0,-400457.61651332554,-372912.2055852814,-27548.67324218253,75.23075122731181,
7010,3g2n,10,1,7,0.5522,0,-400457.36944316205,-372912.2055852814,-27548.17611411313,69.4642789275945,
7011,3g2n,11,1,7,0.5522,0,-400429.64063273254,-372912.2055852814,-27547.85093548993,701.4070409298027,
7012,3g2n,12,1,7,0.5522,0,-400458.27573181596,-372912.2055852814,-27548.46572342614,55.24331549079981,
7013,3g2n,13,1,7,0.5522,0,-400453.72077564796,-372912.2055852814,-27548.49241450528,160.89861097636287,
7014,3g2n,14,1,7,0.5522,0,-400455.42271394905,-372912.2055852814,-27548.492988557613,121.66421934056966,
7015,3g2n,15,1,7,0.5522,0,-400443.13333357754,-372912.2055852814,-27548.373845071586,402.3165491482784,
7016,3g2n,16,1,7,0.5522,0,-400450.91980862495,-372912.2055852814,-27548.350416393077,222.21589072417376,
7017,3g2n,17,1,7,0.5522,0,-400455.820934965,-372912.2055852814,-27548.32457128266,108.59722993102254,
7018,3g2n,18,1,7,0.5522,0,-400456.9788688558,-372912.2055852814,-27548.42699137429,84.25650347891114,
7019,3g2n,19,1,7,0.5522,0,-400457.7394673366,-372912.2055852814,-27548.298959703243,63.76420535809642,
7020,3g2n,20,1,7,0.5522,0,-400435.326863854,-372912.2055852814,-27547.820407004154,569.5754325705697,
7021,3g2n,21,1,7,0.5522,0,-400457.9163288911,-372912.2055852814,-27547.840247661865,49.10753005045788,
7022,3g2n,22,1,7,0.5522,0,-400458.99685971317,-372912.2055852814,-27548.330174476898,35.48787809781903,
7023,3g2n,23,1,7,0.5522,0,-400455.8376401503,-372912.2055852814,-27548.492361695564,112.08133804885692,
7024,3g2n,24,1,7,0.5522,0,-400456.9241392153,-372912.2055852814,-27548.38271305064,84.49751657064294,
7025,3g2n,25,1,7,0.5522,0,-400457.78318850574,-372912.2055852814,-27548.272289783752,62.14094829240872,
7026,3g2n,26,1,7,0.5522,0,-400450.7744040924,-372912.2055852814,-27548.32340219716,224.94603674477588,
7027,3g2n,27,1,7,0.5522,0,-400458.7710591097,-372912.2055852814,-27548.50065162877,44.62626022868453,
7028,3g2n,28,1,7,0.5522,0,-400457.5494805414,-372912.2055852814,-27548.48950705031,72.53953114811178,
7029,3g2n,29,1,7,0.5522,0,-400462.2009791424,-372912.2055852814,-27548.54619231919,-33.41938147038219,
7030,3g2n,30,1,7,0.5522,0,-400454.2428143757,-372912.2055852814,-27548.4065478752,146.87998039532872,
7031,3g2n,31,1,7,0.5522,0,-400457.4496207375,-372912.2055852814,-27548.335238487518,71.28483536024243,
7032,3g2n,32,1,7,0.5522,0,-400456.4235103416,-372912.2055852814,-27548.01047232846,87.45821767980343,
7033,3g2n,33,1,7,0.5522,0,-400455.6992827793,-372912.2055852814,-27548.532835275924,116.20527775573215,
7034,3g2n,34,1,7,0.5522,0,-400450.4806848901,-372912.2055852814,-27548.296779365337,231.1054253711212,
7035,3g2n,35,1,7,0.5522,0,-400453.85326637217,-372912.2055852814,-27548.428896159923,156.3785344524298,
7036,3g2n,36,1,7,0.5522,0,-400458.4221703251,-372912.2055852814,-27547.979201228416,40.64689483463688,
7037,3g2n,37,1,7,0.5522,0,-400455.4713820954,-372912.2055852814,-27548.298196465767,116.04989287241135,
7038,3g2n,38,1,7,0.5522,0,-400457.68832720694,-372912.2055852814,-27548.44005599717,68.19728259951536,
7039,3g2n,39,1,7,0.5522,0,-400455.74666455283,-372912.2055852814,-27548.435791821277,112.87475287334155,
7040,3g2n,40,1,7,0.5522,0,-400428.92708329763,-372912.2055852814,-27548.42777928809,731.164215801238,
7041,3g2n,41,1,7,0.5522,0,-400457.9417339402,-372912.2055852814,-27548.534953982627,64.54198403893099,
7042,3g2n,42,1,7,0.5522,0,-400459.0654944914,-372912.2055852814,-27547.84925648669,22.814890195093867,
7043,3g2n,43,1,7,0.5522,0,-400445.66662646714,-372912.2055852814,-27548.499155909813,346.78716387741406,
7044,3g2n,44,1,7,0.5522,0,-400455.1583774526,-372912.2055852814,-27548.586454064643,129.91532955630277,
7045,3g2n,45,1,7,0.5522,0,-400456.7950863975,-372912.2055852814,-27548.550025732315,91.33186734712635,
7046,3g2n,46,1,7,0.5522,0,-400456.2634105521,-372912.2055852814,-27548.428364546096,100.78703000608658,
7047,3g2n,47,1,7,0.5522,0,-400451.585562541,-372912.2055852814,-27548.549567491802,211.45577413797565,
7048,3g2n,48,1,7,0.5522,0,-400460.67315460613,-372912.2055852814,-27548.587395341194,2.7632535844349126,
7049,3g2n,49,1,7,0.5522,0,-400456.5978893181,-372912.2055852814,-27547.982503683364,82.79197067453369,
7050,3g2n,50,1,7,0.5522,0,-400457.6365979153,-372912.2055852814,-27547.78403714398,54.262034261425946,
7051,3g2n,51,1,7,0.5522,0,-400458.2220899004,-372912.2055852814,-27548.56363776425,58.738285727495374,
7052,3g2n,52,1,7,0.5522,0,-400460.265071704,-372912.2055852814,-27548.498914034164,10.133441455227928,
7053,3g2n,53,1,7,0.5522,0,-400445.908892824,-372912.2055852814,-27548.333091051376,337.37082235571364,
7054,3g2n,54,1,7,0.5522,0,-400458.00811861333,-372912.2055852814,-27548.67101279,66.14870774446284,
7055,3g2n,55,1,7,0.5522,0,-400455.1212410468,-372912.2055852814,-27547.777065367496,112.1067686535656,
7056,3g2n,56,1,7,0.5522,0,-400458.6674104769,-372912.2055852814,-27548.012824744976,35.76689929671068,
7057,3g2n,57,1,7,0.5522,0,-400454.8523134726,-372912.2055852814,-27548.29757669667,130.31166224454128,
7058,3g2n,58,1,7,0.5522,0,-400455.12256529805,-372912.2055852814,-27548.563968748844,130.22265375824318,
7059,3g2n,59,1,7,0.5522,0,-400458.8670229453,-372912.2055852814,-27548.420800239837,40.57186483403393,
7060,3g2n,60,1,7,0.5522,0,-400462.5620750923,-372912.2055852814,-27548.427706332004,-44.47880366905776,
7061,3g2n,61,1,7,0.5522,0,-400445.9731003484,-372912.2055852814,-27547.781158299244,323.1622900394684,
7062,3g2n,62,1,7,0.5522,0,-400452.0603005427,-372912.2055852814,-27548.373773784435,196.45415654553736,
7063,3g2n,63,1,7,0.5522,0,-400448.46064023563,-372912.2055852814,-27548.38836124638,279.80069009420765,
7064,3g2n,64,1,7,0.5522,0,-400419.2687562543,-372912.2055852814,-27548.34166726569,951.9047381367704,
7065,3g2n,65,1,7,0.5522,0,-400457.23075191554,-372912.2055852814,-27548.44967791537,78.97110619775027,
7066,3g2n,66,1,7,0.5522,0,-400458.1377916175,-372912.2055852814,-27548.38506230811,56.564202465062166,
7067,3g2n,67,1,7,0.5522,0,-400458.08035756537,-372912.2055852814,-27547.98138579825,48.57966170725023,
7068,3g2n,68,1,7,0.5522,0,-400426.91660798975,-372912.2055852814,-27548.564800412452,780.6866599930058,
7069,3g2n,69,1,7,0.5522,0,-400454.7515915027,-372912.2055852814,-27548.500152141845,137.30586679200445,
7070,3g2n,70,1,7,0.5522,0,-400455.74615137157,-372912.2055852814,-27548.499420971668,114.353910180453,
7071,3g2n,71,1,7,0.5522,0,-400455.14572907874,-372912.2055852814,-27547.81703326205,112.46374276619682,
7072,3g2n,72,1,7,0.5522,0,-400438.3801715214,-372912.2055852814,-27548.30530515412,510.3465020457789,
7073,3g2n,73,1,7,0.5522,0,-400454.52482129534,-372912.2055852814,-27547.822792084015,126.91501799286394,
7074,3g2n,74,1,7,0.5522,0,-400456.52094195667,-372912.2055852814,-27548.47291740874,95.8756281534928,
7075,3g2n,75,1,7,0.5522,0,-400456.90216047945,-372912.2055852814,-27547.916981310642,74.26432919386906,
7076,3g2n,76,1,7,0.5522,0,-400458.3601009985,-372912.2055852814,-27548.16128477553,46.27719385783564,
7077,3g2n,77,1,7,0.5522,0,-400456.2348002034,-372912.2055852814,-27548.18576052884,95.8522187768964,
7078,3g2n,78,1,7,0.5522,0,-400458.3297396141,-372912.2055852814,-27548.014779538906,43.59885299803489,
7079,3g2n,79,1,7,0.5522,0,-400458.53909860435,-372912.2055852814,-27547.866284520424,35.346543513272735,
7080,3g2n,80,1,7,0.5522,0,-400456.3517848689,-372912.2055852814,-27548.5703999112,102.02448317695553,
7081,3g2n,81,1,7,0.5522,0,-400459.3108101326,-372912.2055852814,-27547.65835031966,12.75537632245133,
7082,3g2n,82,1,7,0.5522,0,-400457.36000199494,-372912.2055852814,-27547.43003180722,52.47693071247907,
7083,3g2n,83,1,7,0.5522,0,-400458.28077919676,-372912.2055852814,-27548.02863535384,45.04742972679575,
7084,3g2n,84,1,7,0.5522,0,-400453.865574016,-372912.2055852814,-27548.142531485355,149.49098716827666,
7085,3g2n,85,1,7,0.5522,0,-400457.4015725395,-372912.2055852814,-27547.625637323654,56.02906154956289,
7086,3g2n,86,1,7,0.5522,0,-400458.26501946023,-372912.2055852814,-27548.12111070851,47.543390224452935,
7087,3g2n,87,1,7,0.5522,0,-400456.57740019145,-372912.2055852814,-27548.660578281673,98.90123286595335,
7088,3g2n,88,1,7,0.5522,0,-400458.6822388013,-372912.2055852814,-27547.91376516322,33.14058178866548,
7089,3g2n,89,1,7,0.5522,0,-400459.24229745445,-372912.2055852814,-27548.125369043148,25.10502382463561,
7090,3g2n,90,1,7,0.5522,0,-400460.4259635645,-372912.2055852814,-27548.043961078918,-4.068277374305524,
7091,3g2n,91,1,7,0.5522,0,-400457.70678737643,-372912.2055852814,-27547.52428999642,46.65351531606979,
7092,3g2n,92,1,7,0.5522,0,-400458.3362216791,-372912.2055852814,-27548.03087106446,43.82045242243594,
7093,3g2n,93,1,7,0.5522,0,-400451.03682376345,-372912.2055852814,-27548.61698678235,225.66471673786359,
7094,3g2n,94,1,7,0.5522,0,-400462.3381048727,-372912.2055852814,-27548.59706118802,-35.408511949658376,
7095,3g2n,95,1,7,0.5522,0,-400464.4946155388,-372912.2055852814,-27548.67319187621,-83.38321393677631,
7096,3g2n,96,1,7,0.5522,0,-400458.19633038243,-372912.2055852814,-27548.564453930652,59.35113556810579,
7097,3g2n,97,1,7,0.5522,0,-400460.66091050085,-372912.2055852814,-27548.517891020572,1.442801649780359,
7098,3g2n,98,1,7,0.5522,0,-400450.81072805694,-372912.2055852814,-27548.616413802898,230.86539437224351,
7099,3g2n,99,1,7,0.5522,0,-400459.15265795484,-372912.2055852814,-27548.559501678737,37.18349620072996,
7100,3g2n,100,1,7,0.5522,0,-400455.56082917633,-372912.2055852814,-27548.769189209735,124.84854488484642,
8001,3ebp,1,1,8,0.5522,1,-419292.7784364267,-372912.2055852814,-46385.61497004955,116.27402415937584,
8002,3ebp,2,1,8,0.5522,1,-419297.3276041193,-372912.2055852814,-46385.66837509603,12.599274623288196,
8003,3ebp,3,1,8,0.5522,1,-419293.8146183834,-372912.2055852814,-46385.42193411918,87.92758628017182,
8004,3ebp,4,1,8,0.5522,1,-419297.63237396354,-372912.2055852814,-46384.73393025128,-15.977694984249942,
8005,3ebp,5,1,8,0.5522,1,-419298.333361332,-372912.2055852814,-46384.74246799079,-31.94596277311984,
8006,3ebp,6,1,8,0.5522,1,-419294.75328261126,-372912.2055852814,-46385.341081402,64.41696700549869,
8007,3ebp,7,1,8,0.5522,1,-419295.3967461929,-372912.2055852814,-46383.999929985715,18.650657920761827,
8008,3ebp,8,1,8,0.5522,1,-419279.3717964633,-372912.2055852814,-46383.691285243905,381.0772608113442,
8009,3ebp,9,1,8,0.5522,1,-419255.6488201366,-372912.2055852814,-46383.55296518532,924.9523547511583,
8010,3ebp,10,1,8,0.5522,1,-419263.07539129705,-372912.2055852814,-46385.023023507296,787.5919055360671,
8011,3ebp,11,1,8,0.5522,1,-419290.9772677168,-372912.2055852814,-46383.76328240962,115.10902995788082,
8012,3ebp,12,1,8,0.5522,1,-419280.81278741825,-372912.2055852814,-46378.447158745206,226.9147900186555,
8013,3ebp,13,1,8,0.5522,1,-419288.53524083336,-372912.2055852814,-46385.314633867434,207.19852220167346,
8014,3ebp,14,1,8,0.5522,1,-419288.64763483836,-372912.2055852814,-46385.01838856072,197.77507580833606,
8015,3ebp,15,1,8,0.5522,1,-419233.3718852148,-372912.2055852814,-46384.95258020492,1470.9465671387586,
8016,3ebp,16,1,8,0.5522,1,-419290.77920133347,-372912.2055852814,-46384.892897388614,145.72608951705638,
8017,3ebp,17,1,8,0.5522,1,-419286.59703606804,-372912.2055852814,-46378.525163433245,95.32567820567958,
8018,3ebp,18,1,8,0.5522,1,-419299.56711188395,-372912.2055852814,-46385.317853501714,-47.128221291512084,
8019,3ebp,19,1,8,0.5522,1,-419288.8165851281,-372912.2055852814,-46385.02212732165,193.96520744657283,
8020,3ebp,20,1,8,0.5522,1,-419284.0437621819,-372912.2055852814,-46385.10728489486,305.99289957446234,
8021,3ebp,21,1,8,0.5522,1,-419289.29535663564,-372912.2055852814,-46384.897578409604,180.0523080528811,
8022,3ebp,22,1,8,0.5522,1,-419299.1871944113,-372912.2055852814,-46384.9514700386,-46.816119617083864,
8023,3ebp,23,1,8,0.5522,1,-419295.1729164914,-372912.2055852814,-46385.30772455664,53.97075271315197,
8024,3ebp,24,1,8,0.5522,1,-419291.22257215256,-372912.2055852814,-46378.53359296051,-11.147328396991487,
8025,3ebp,25,1,8,0.5522,1,-419294.1099664914,-372912.2055852814,-46378.371789595774,-81.46349788553572,
8026,3ebp,26,1,8,0.5522,1,-419291.5754763827,-372912.2055852814,-46378.160075655855,-27.899006945029818,
8027,3ebp,27,1,8,0.5522,1,-419293.6793798551,-372912.2055852814,-46378.40011843176,-70.88065568668948,
8028,3ebp,28,1,8,0.5522,1,-419297.75740784867,-372912.2055852814,-46384.86987905828,-15.725990906238504,
8029,3ebp,29,1,8,0.5522,1,-419284.0905843125,-372912.2055852814,-46385.098084739126,304.7009949603486,
8030,3ebp,30,1,8,0.5522,1,-419287.86205149133,-372912.2055852814,-46384.952429703175,214.37001076808218,
8031,3ebp,31,1,8,0.5522,1,-419291.24532342405,-372912.2055852814,-46383.76707845063,109.01505728432734,
8032,3ebp,32,1,8,0.5522,1,-419292.43783087004,-372912.2055852814,-46382.93408631412,62.30592728114917,
8033,3ebp,33,1,8,0.5522,1,-419296.20145780285,-372912.2055852814,-46385.10158311454,25.49829201941264,
8034,3ebp,34,1,8,0.5522,1,-419283.6750624524,-372912.2055852814,-46384.0567143175,290.2685842730727,
8035,3ebp,35,1,8,0.5522,1,-419297.99687934364,-372912.2055852814,-46384.83771683899,-21.990013166405923,
8036,3ebp,36,1,8,0.5522,1,-419296.1813884424,-372912.2055852814,-46385.404184600986,32.939258517584356,
8037,3ebp,37,1,8,0.5522,1,-419296.71354714496,-372912.2055852814,-46384.05573239056,-10.428659391976062,
8038,3ebp,38,1,8,0.5522,1,-419294.2255172773,-372912.2055852814,-46382.939770958124,21.211990385028617,
8039,3ebp,39,1,8,0.5522,1,-419295.65436557384,-372912.2055852814,-46382.93789666028,-11.781256434627409,
8040,3ebp,40,1,8,0.5522,1,-419293.57202566136,-372912.2055852814,-46385.30646066991,90.85902635064328,
8041,3ebp,41,1,8,0.5522,1,-419297.6973218964,-372912.2055852814,-46385.31748511521,-4.018335044614711,
8042,3ebp,42,1,8,0.5522,1,-419296.1068680628,-372912.2055852814,-46383.99562003344,2.1754687132463943,
8043,3ebp,43,1,8,0.5522,1,-419293.5688205406,-372912.2055852814,-46384.94800450535,82.66674266266364,
8044,3ebp,44,1,8,0.5522,1,-419292.51012880076,-372912.2055852814,-46385.01992552606,108.73929230572487,
8045,3ebp,45,1,8,0.5522,1,-419295.53764245374,-372912.2055852814,-46384.05846147863,16.75128125006284,
8046,3ebp,46,1,8,0.5522,1,-419295.8401003227,-372912.2055852814,-46384.061997464596,9.857978870260846,
8047,3ebp,47,1,8,0.5522,1,-419299.02246824355,-372912.2055852814,-46385.02514236304,-41.31851978533932,
8048,3ebp,48,1,8,0.5522,1,-419294.75395039195,-372912.2055852814,-46384.90379389254,54.31747808911094,
8049,3ebp,49,1,8,0.5522,1,-419289.033247356,-372912.2055852814,-46378.42324375241,36.79498759908134,
8050,3ebp,50,1,8,0.5522,1,-419283.6296211228,-372912.2055852814,-46383.981840244254,289.5898490803565,
8051,3ebp,51,1,8,0.5522,1,-419291.27141771175,-372912.2055852814,-46384.89122336236,134.33670622038673,
8052,3ebp,52,1,8,0.5522,1,-419299.4960796283,-372912.2055852814,-46384.89375131456,-55.27020733445632,
8053,3ebp,53,1,8,0.5522,1,-419292.90764087875,-372912.2055852814,-46385.02406158177,99.66782572837423,
8054,3ebp,54,1,8,0.5522,1,-419289.34720653744,-372912.2055852814,-46385.107148281044,183.68941695678308,
8055,3ebp,55,1,8,0.5522,1,-419291.30083835573,-372912.2055852814,-46384.867131045736,133.10266803258563,
8056,3ebp,56,1,8,0.5522,1,-419295.41030648816,-372912.2055852814,-46383.98759692041,18.05354284044153,
8057,3ebp,57,1,8,0.5522,1,-419294.5364485429,-372912.2055852814,-46384.86459367601,58.42921141413298,
8058,3ebp,58,1,8,0.5522,1,-419293.9199271544,-372912.2055852814,-46385.304368576704,82.78798251503746,
8059,3ebp,59,1,8,0.5522,1,-419278.89693704696,-372912.2055852814,-46378.434139451696,270.79511710154367,
8060,3ebp,60,1,8,0.5522,1,-419292.98384212423,-372912.2055852814,-46384.95008125035,96.204556290979,
8061,3ebp,61,1,8,0.5522,1,-419273.85617828806,-372912.2055852814,-46383.97230332223,514.7508683940799,
8062,3ebp,62,1,8,0.5522,1,-419291.2584160017,-372912.2055852814,-46383.999037644564,114.06224135800066,
8063,3ebp,63,1,8,0.5522,1,-419293.9969036624,-372912.2055852814,-46385.3074250433,81.08334586412478,
8064,3ebp,64,1,8,0.5522,1,-419298.4291744574,-372912.2055852814,-46385.09713905183,-25.976556966334815,
8065,3ebp,65,1,8,0.5522,1,-419292.86475904746,-372912.2055852814,-46384.94642167417,98.86628544725238,
8066,3ebp,66,1,8,0.5522,1,-419294.10375401814,-372912.2055852814,-46383.98116370171,48.03500502114567,
8067,3ebp,67,1,8,0.5522,1,-419296.0367140815,-372912.2055852814,-46385.026787630035,27.572547637854537,
8068,3ebp,68,1,8,0.5522,1,-419292.60677095223,-372912.2055852814,-46382.94373416034,58.632561054505274,
8069,3ebp,69,1,8,0.5522,1,-419296.1999485838,-372912.2055852814,-46385.32039769619,30.579079563816094,
8070,3ebp,70,1,8,0.5522,1,-419282.69655688555,-372912.2055852814,-46385.09899925319,336.86912031217867,
8071,3ebp,71,1,8,0.5522,1,-419293.5674572632,-372912.2055852814,-46385.02605339022,84.49803062980617,
8072,3ebp,72,1,8,0.5522,1,-419294.8863311754,-372912.2055852814,-46385.37583910552,62.150325912938186,
8073,3ebp,73,1,8,0.5522,1,-419295.2397866296,-372912.2055852814,-46384.233317396334,27.652272982454033,
8074,3ebp,74,1,8,0.5522,1,-419293.74983144255,-372912.2055852814,-46384.88908486692,77.13381296067395,
8075,3ebp,75,1,8,0.5522,1,-419294.34306285233,-372912.2055852814,-46385.307816467,73.10975175252419,
8076,3ebp,76,1,8,0.5522,1,-419294.440754448,-372912.2055852814,-46384.06097867218,42.10416743350546,
8077,3ebp,77,1,8,0.5522,1,-419288.966750954,-372912.2055852814,-46385.383970371164,198.8466001861468,
8078,3ebp,78,1,8,0.5522,1,-419275.93868756754,-372912.2055852814,-46385.03528266281,491.23994947312514,
8079,3ebp,79,1,8,0.5522,1,-419288.3421155855,-372912.2055852814,-46385.30094548197,211.33643454902833,
8080,3ebp,80,1,8,0.5522,1,-419294.00842979987,-372912.2055852814,-46384.06345697371,52.13096165106615,
8081,3ebp,81,1,8,0.5522,1,-419299.9589436398,-372912.2055852814,-46384.14488484589,-83.21337603079111,
8082,3ebp,82,1,8,0.5522,1,-419293.19857940514,-372912.2055852814,-46384.188316783606,73.68589103254519,
8083,3ebp,83,1,8,0.5522,1,-419283.58167297096,-372912.2055852814,-46384.19213970633,295.5451805328311,
8084,3ebp,84,1,8,0.5522,1,-419294.151015793,-372912.2055852814,-46384.750884166635,64.69529819965918,
8085,3ebp,85,1,8,0.5522,1,-419294.32486898144,-372912.2055852814,-46384.46376743046,54.06507920412033,
8086,3ebp,86,1,8,0.5522,1,-419298.30996773095,-372912.2055852814,-46383.953437796554,-49.60196205093105,
8087,3ebp,87,1,8,0.5522,1,-419299.44074522407,-372912.2055852814,-46383.98253058526,-75.00741487137007,
8088,3ebp,88,1,8,0.5522,1,-419296.54938525433,-372912.2055852814,-46383.825470587886,-11.95295957528009,
8089,3ebp,89,1,8,0.5522,1,-419295.10358059866,-372912.2055852814,-46384.56816651552,38.515062803311984,
8090,3ebp,90,1,8,0.5522,1,-419296.8276493295,-372912.2055852814,-46384.25726111857,-8.412555404652503,
8091,3ebp,91,1,8,0.5522,1,-419296.6104174301,-372912.2055852814,-46383.86317997304,-12.490795904107495,
8092,3ebp,92,1,8,0.5522,1,-419282.2789357349,-372912.2055852814,-46384.361117026485,329.4837244499993,
8093,3ebp,93,1,8,0.5522,1,-419294.7079489575,-372912.2055852814,-46383.75093849628,28.792819361197985,
8094,3ebp,94,1,8,0.5522,1,-419296.7956766232,-372912.2055852814,-46383.27583312122,-30.307514556548465,
8095,3ebp,95,1,8,0.5522,1,-419294.5786870763,-372912.2055852814,-46384.13477488487,40.62514655413044,
8096,3ebp,96,1,8,0.5522,1,-419294.74041551794,-372912.2055852814,-46383.7787844154,28.686264841263263,
8097,3ebp,97,1,8,0.5522,1,-419293.7242305325,-372912.2055852814,-46383.958047589935,56.25395431389693,
8098,3ebp,98,1,8,0.5522,1,-419293.5909093364,-372912.2055852814,-46384.34318747252,68.20995081665107,
8099,3ebp,99,1,8,0.5522,1,-419293.2027452335,-372912.2055852814,-46383.939076266004,67.84220187127201,
8100,3ebp,100,1,8,0.5522,1,-419296.185582106,-372912.2055852814,-46383.80032481877,-4.143334883848133,
9001,3l7b,1,1,9,0.5522,0,-400947.4626984295,-372912.2055852814,-28038.05439938805,64.50695313341448,
9002,3l7b,2,1,9,0.5522,0,-400932.5949200239,-372912.2055852814,-28038.87829067013,426.3654525072515,
9003,3l7b,3,1,9,0.5522,0,-400934.3877906649,-372912.2055852814,-28038.88987030289,385.28790601174813,
9004,3l7b,4,1,9,0.5522,0,-400946.9450336095,-372912.2055852814,-28038.720187144492,91.79801787672945,
9005,3l7b,5,1,9,0.5522,0,-400949.7159587443,-372912.2055852814,-28039.02739586136,34.98336758065858,
9006,3l7b,6,1,9,0.5522,0,-400944.98685151304,-372912.2055852814,-28038.653894858573,135.42603334345824,
9007,3l7b,7,1,9,0.5522,0,-400931.86191961163,-372912.2055852814,-28038.75413479111,440.4057409881726,
9008,3l7b,8,1,9,0.5522,0,-400942.27080227394,-372912.2055852814,-28036.158444600318,140.5131666925654,
9009,3l7b,9,1,9,0.5522,0,-400939.80987724656,-372912.2055852814,-28038.42237611315,249.47094693092515,
9010,3l7b,10,1,9,0.5522,0,-400947.41758736933,-372912.2055852814,-28037.23900254271,46.743740940605214,
9011,3l7b,11,1,9,0.5522,0,-400946.6983332335,-372912.2055852814,-28039.02791376612,104.58340817501991,
9012,3l7b,12,1,9,0.5522,0,-400944.14607623185,-372912.2055852814,-28039.030403630946,163.4972704841223,
9013,3l7b,13,1,9,0.5522,0,-400946.2137815653,-372912.2055852814,-28038.88812633059,112.53386025199747,
9014,3l7b,14,1,9,0.5522,0,-400951.808874428,-372912.2055852814,-28038.521237688277,-24.952699408881365,
9015,3l7b,15,1,9,0.5522,0,-400928.2310315667,-372912.2055852814,-28036.05232806704,461.8308652268386,
9016,3l7b,16,1,9,0.5522,0,-400946.56272569264,-372912.2055852814,-28038.541248696063,96.48782923122083,
9017,3l7b,17,1,9,0.5522,0,-400937.3426205813,-372912.2055852814,-28035.960082488273,249.58539736168697,
9018,3l7b,18,1,9,0.5522,0,-400948.2029594478,-372912.2055852814,-28038.65101917288,61.19450759778279,
9019,3l7b,19,1,9,0.5522,0,-400948.452212423,-372912.2055852814,-28038.893630163882,61.04133980301651,
9020,3l7b,20,1,9,0.5522,0,-400946.94947697193,-372912.2055852814,-28037.67877419493,67.67999837046335,
9021,3l7b,21,1,9,0.5522,0,-400944.01945930684,-372912.2055852814,-28035.929727988456,94.91384717839223,
9022,3l7b,22,1,9,0.5522,0,-400946.4502308365,-372912.2055852814,-28036.34614391825,48.46170351947922,
9023,3l7b,23,1,9,0.5522,0,-400947.71304303396,-372912.2055852814,-28038.5448050668,70.04289301871431,
9024,3l7b,24,1,9,0.5522,0,-400951.41733081604,-372912.2055852814,-28037.487349646304,-39.76551386133808,
9025,3l7b,25,1,9,0.5522,0,-400948.61681187147,-372912.2055852814,-28038.165454642985,40.45345992058654,
9026,3l7b,26,1,9,0.5522,0,-400949.1277055737,-372912.2055852814,-28037.678809659694,17.44967135054557,
9027,3l7b,27,1,9,0.5522,0,-400945.260771483,-372912.2055852814,-28038.656832771514,129.17703865606046,
9028,3l7b,28,1,9,0.5522,0,-400949.8443956074,-372912.2055852814,-28038.421421902392,18.047451690286426,
9029,3l7b,29,1,9,0.5522,0,-400948.6298706531,-372912.2055852814,-28038.423982398723,46.114108939063065,
9030,3l7b,30,1,9,0.5522,0,-400946.7736232129,-372912.2055852814,-28035.954730646823,31.97789368904358,
9031,3l7b,31,1,9,0.5522,0,-400949.57113689167,-372912.2055852814,-28037.988886194442,14.374436993364,
9032,3l7b,32,1,9,0.5522,0,-400946.6919037845,-372912.2055852814,-28039.029128270362,104.75968192337048,
9033,3l7b,33,1,9,0.5522,0,-400953.0796855836,-372912.2055852814,-28038.875751571868,-46.083016477418425,
9034,3l7b,34,1,9,0.5522,0,-400949.78645411105,-372912.2055852814,-28038.74941714308,26.947364274864196,
9035,3l7b,35,1,9,0.5522,0,-400948.12126851076,-372912.2055852814,-28037.9932987859,47.9109529157314,
9036,3l7b,36,1,9,0.5522,0,-400939.7245614973,-372912.2055852814,-28036.054599778865,196.83615543894427,
9037,3l7b,37,1,9,0.5522,0,-400949.811084181,-372912.2055852814,-28038.75014461777,26.39615733322577,
9038,3l7b,38,1,9,0.5522,0,-400945.6887481805,-372912.2055852814,-28036.279103296016,64.4759172547716,
9039,3l7b,39,1,9,0.5522,0,-400949.30804973823,-372912.2055852814,-28037.680141585086,13.321551047269411,
9040,3l7b,40,1,9,0.5522,0,-400946.85182699526,-372912.2055852814,-28038.00461693308,77.4459723765093,
9041,3l7b,41,1,9,0.5522,0,-400932.45456705976,-372912.2055852814,-28038.891690271113,429.91107088999837,
9042,3l7b,42,1,9,0.5522,0,-400952.0995146033,-372912.2055852814,-28038.875494973872,-23.485653995060584,
9043,3l7b,43,1,9,0.5522,0,-400945.19124472135,-372912.2055852814,-28038.12130381367,118.43077272164868,
9044,3l7b,44,1,9,0.5522,0,-400950.62833008135,-372912.2055852814,-28039.029531793807,13.992840495318925,
9045,3l7b,45,1,9,0.5522,0,-400949.52142083633,-372912.2055852814,-28036.095032291625,-28.15239204474392,
9046,3l7b,46,1,9,0.5522,0,-400951.76946595276,-372912.2055852814,-28038.890262263034,-15.53400952431739,
9047,3l7b,47,1,9,0.5522,0,-400947.86767868686,-372912.2055852814,-28035.931148426745,6.2045561879483655,
9048,3l7b,48,1,9,0.5522,0,-400944.2932138589,-372912.2055852814,-28038.717995243285,152.89988763119152,
9049,3l7b,49,1,9,0.5522,0,-400946.27357682586,-372912.2055852814,-28038.87874956629,110.93871546455817,
9050,3l7b,50,1,9,0.5522,0,-400944.94605286384,-372912.2055852814,-28038.561530964587,134.23691054949114,
9051,3l7b,51,1,9,0.5522,0,-400949.26809427125,-372912.2055852814,-28039.02603931925,45.28008507862606,
9052,3l7b,52,1,9,0.5522,0,-400938.85970745946,-372912.2055852814,-28036.28288294575,222.04449823347935,
9053,3l7b,53,1,9,0.5522,0,-400946.20859497786,-372912.2055852814,-28039.024935083602,115.80835059261463,
9054,3l7b,54,1,9,0.5522,0,-400947.0974426862,-372912.2055852814,-28036.285553770278,32.13940169779643,
9055,3l7b,55,1,9,0.5522,0,-400936.5658142267,-372912.2055852814,-28038.561470763896,327.488416212652,
9056,3l7b,56,1,9,0.5522,0,-400946.27859511937,-372912.2055852814,-28038.72319044373,107.23571228074174,
9057,3l7b,57,1,9,0.5522,0,-400947.1916269958,-372912.2055852814,-28038.889505522464,90.01601385142925,
9058,3l7b,58,1,9,0.5522,0,-400946.4300603118,-372912.2055852814,-28038.894923823093,107.70310777480809,
9059,3l7b,59,1,9,0.5522,0,-400945.09758996946,-372912.2055852814,-28036.708699660514,88.01507696767504,
9060,3l7b,60,1,9,0.5522,0,-400917.719889551,-372912.2055852814,-28035.929613368724,701.3936902640812,
9061,3l7b,61,1,9,0.5522,0,-400947.0346607268,-372912.2055852814,-28037.48764373562,61.30804121847772,
9062,3l7b,62,1,9,0.5522,0,-400945.02003796364,-372912.2055852814,-28038.65432341597,134.6706183803812,
9063,3l7b,63,1,9,0.5522,0,-400944.3540808557,-372912.2055852814,-28038.54178621075,147.43278451807416,
9064,3l7b,64,1,9,0.5522,0,-400948.44963815773,-372912.2055852814,-28038.14728357098,43.889542467100775,
9065,3l7b,65,1,9,0.5522,0,-400932.92899155617,-372912.2055852814,-28038.54809548161,411.0470980207985,
9066,3l7b,66,1,9,0.5522,0,-400935.1763774898,-372912.2055852814,-28038.88839389584,367.06861506213727,
9067,3l7b,67,1,9,0.5522,0,-400948.6609268783,-372912.2055852814,-28036.053546743606,-9.265609431448734,
9068,3l7b,68,1,9,0.5522,0,-400949.65586385096,-372912.2055852814,-28038.718828993056,29.253467717126366,
9069,3l7b,69,1,9,0.5522,0,-400946.99981173873,-372912.2055852814,-28036.35514767668,35.995698439202144,
9070,3l7b,70,1,9,0.5522,0,-400950.33151522244,-372912.2055852814,-28038.721820788596,13.741569392457045,
9071,3l7b,71,1,9,0.5522,0,-400947.4351347983,-372912.2055852814,-28038.272198157523,70.16514450965516,
9072,3l7b,72,1,9,0.5522,0,-400931.1565691825,-372912.2055852814,-28039.031296627734,463.0630120863208,
9073,3l7b,73,1,9,0.5522,0,-400922.55506199563,-372912.2055852814,-28038.418535726283,647.287877908356,
9074,3l7b,74,1,9,0.5522,0,-400942.22346705163,-372912.2055852814,-28036.157648818706,141.58639169067354,
9075,3l7b,75,1,9,0.5522,0,-400942.3636962323,-372912.2055852814,-28038.893422680114,201.44107394693032,
9076,3l7b,76,1,9,0.5522,0,-400947.65394639934,-372912.2055852814,-28038.89122720263,79.39437802090708,
9077,3l7b,77,1,9,0.5522,0,-400949.3876963257,-372912.2055852814,-28038.65055562756,33.863136548900485,
9078,3l7b,78,1,9,0.5522,0,-400945.6911718991,-372912.2055852814,-28038.721926527236,120.75286694202354,
9079,3l7b,79,1,9,0.5522,0,-400918.78198949975,-372912.2055852814,-28036.157283084605,682.1512719675086,
9080,3l7b,80,1,9,0.5522,0,-400948.765305787,-372912.2055852814,-28038.4221354892,42.94830981085052,
9081,3l7b,81,1,9,0.5522,0,-400948.26004660124,-372912.2055852814,-28039.027062015746,68.54980052986568,
9082,3l7b,82,1,9,0.5522,0,-400943.5586941388,-372912.2055852814,-28038.146199541305,156.65239263504844,
9083,3l7b,83,1,9,0.5522,0,-400945.7096566258,-372912.2055852814,-28038.52257485888,115.7294403340162,
9084,3l7b,84,1,9,0.5522,0,-400949.3132434782,-372912.2055852814,-28038.89220161936,41.15254895260245,
9085,3l7b,85,1,9,0.5522,0,-400946.17515634,-372912.2055852814,-28038.754318611835,110.33889980926078,
9086,3l7b,86,1,9,0.5522,0,-400944.1965126094,-372912.2055852814,-28036.160465734218,96.15183984938226,
9087,3l7b,87,1,9,0.5522,0,-400948.2451654672,-372912.2055852814,-28036.164381997798,2.8779981553616287,
9088,3l7b,88,1,9,0.5522,0,-400946.77717453206,-372912.2055852814,-28037.692678110812,71.9740189435822,
9089,3l7b,89,1,9,0.5522,0,-400947.70534887904,-372912.2055852814,-28037.931746201728,56.082851165314075,
9090,3l7b,90,1,9,0.5522,0,-400949.122720569,-372912.2055852814,-28037.461232679103,12.547183921267047,
9091,3l7b,91,1,9,0.5522,0,-400947.31376662833,-372912.2055852814,-28037.943909542773,65.39344569542536,
9092,3l7b,92,1,9,0.5522,0,-400949.34486186475,-372912.2055852814,-28037.666022377227,12.147046574742253,
9093,3l7b,93,1,9,0.5522,0,-400947.93672379816,-372912.2055852814,-28037.572672622417,42.46678532563998,
9094,3l7b,94,1,9,0.5522,0,-400940.6927637306,-372912.2055852814,-28037.956930475448,218.37766954608506,
9095,3l7b,95,1,9,0.5522,0,-400948.2644815146,-372912.2055852814,-28037.736011998866,38.67520833271208,
9096,3l7b,96,1,9,0.5522,0,-400951.21908855403,-372912.2055852814,-28038.40587385199,-14.012267317530618,
9097,3l7b,97,1,9,0.5522,0,-400951.50506007666,-372912.2055852814,-28038.375608699534,-21.30485828893168,
9098,3l7b,98,1,9,0.5522,0,-400951.40225341887,-372912.2055852814,-28038.173100548003,-23.604029354237856,
9099,3l7b,99,1,9,0.5522,0,-400950.6115995644,-372912.2055852814,-28038.513849275325,2.486733999363843,
9100,3l7b,100,1,9,0.5522,0,-400947.95023894275,-372912.2055852814,-28038.127979533885,54.9608002800566,
10001,3syr,1,1,10,0.5522,0,-403537.7512441109,-372912.2055852814,-30627.131495595386,36.570264591135206,
10002,3syr,2,1,10,0.5522,0,-403538.7859295141,-372912.2055852814,-30627.508061290195,21.393663578276108,
10003,3syr,3,1,10,0.5522,0,-403537.9218618705,-372912.2055852814,-30627.368227959087,38.09490358183611,
10004,3syr,4,1,10,0.5522,0,-403535.7293975483,-372912.2055852814,-30627.302040219714,87.12800642128299,
10005,3syr,5,1,10,0.5522,0,-403538.9227225019,-372912.2055852814,-30627.511009335925,18.307125889385322,
10006,3syr,6,1,10,0.5522,0,-403540.88077811705,-372912.2055852814,-30627.543942332675,-26.087256331669867,
10007,3syr,7,1,10,0.5522,0,-403537.83954764734,-372912.2055852814,-30627.674833774974,47.06361274474871,
10008,3syr,8,1,10,0.5522,0,-403538.3824924063,-372912.2055852814,-30627.386037707736,27.883213639630117,
10009,3syr,9,1,10,0.5522,0,-403540.22902987734,-372912.2055852814,-30627.469807267596,-12.767180090651076,
10010,3syr,10,1,10,0.5522,0,-403537.61790107,-372912.2055852814,-30627.557736397197,49.4745745622138,
10011,3syr,11,1,10,0.5522,0,-403535.8705882264,-372912.2055852814,-30627.571851611545,90.09407054194777,
10012,3syr,12,1,10,0.5522,0,-403536.5076122712,-372912.2055852814,-30627.489693940093,73.50934617639706,
10013,3syr,13,1,10,0.5522,0,-403534.8004783823,-372912.2055852814,-30627.484313846042,112.75272095726673,
10014,3syr,14,1,10,0.5522,0,-403531.744878618,-372912.2055852814,-30627.239129424503,177.5624383937975,
10015,3syr,15,1,10,0.5522,0,-403530.33828557865,-372912.2055852814,-30627.122431874683,207.308135026393,
10016,3syr,16,1,10,0.5522,0,-403529.8371308725,-372912.2055852814,-30627.08113825362,217.91278357500968,
10017,3syr,17,1,10,0.5522,0,-403505.5198419224,-372912.2055852814,-30627.199489593913,781.4120352631074,
10018,3syr,18,1,10,0.5522,0,-403535.356549723,-372912.2055852814,-30627.13086390536,91.77866194526884,
10019,3syr,19,1,10,0.5522,0,-403528.7173188461,-372912.2055852814,-30627.294857025554,248.66473433330825,
10020,3syr,20,1,10,0.5522,0,-403536.66194854485,-372912.2055852814,-30627.678758502414,74.31019953789776,
10021,3syr,21,1,10,0.5522,0,-403532.0422134529,-372912.2055852814,-30627.131772637775,168.23002789582895,
10022,3syr,22,1,10,0.5522,0,-403528.17760877125,-372912.2055852814,-30627.083667397907,256.24059581907846,
10023,3syr,23,1,10,0.5522,0,-403524.0939081742,-372912.2055852814,-30626.970649600436,347.80671643908533,
10024,3syr,24,1,10,0.5522,0,-403537.94798512565,-372912.2055852814,-30627.074014068057,30.70775350062727,
10025,3syr,25,1,10,0.5522,0,-403534.34629629384,-372912.2055852814,-30627.24075388949,117.609782705077,
10026,3syr,26,1,10,0.5522,0,-403539.1584662031,-372912.2055852814,-30627.24280309718,6.6857641957705916,
10027,3syr,27,1,10,0.5522,0,-403536.66145340935,-372912.2055852814,-30626.968751788547,57.94847384842438,
10028,3syr,28,1,10,0.5522,0,-403538.01631660573,-372912.2055852814,-30627.13504898589,30.53949077779214,
10029,3syr,29,1,10,0.5522,0,-403538.0749379529,-372912.2055852814,-30627.243111133983,31.679622731980114,
10030,3syr,30,1,10,0.5522,0,-403538.24948485004,-372912.2055852814,-30627.239466071536,27.570418525355837,
10031,3syr,31,1,10,0.5522,0,-403536.7695046796,-372912.2055852814,-30627.19807219546,60.745006574917404,
10032,3syr,32,1,10,0.5522,0,-403536.56519122235,-372912.2055852814,-30627.24450910132,66.52744731686627,
10033,3syr,33,1,10,0.5522,0,-403537.9838773741,-372912.2055852814,-30626.967449784686,27.422627834907303,
10034,3syr,34,1,10,0.5522,0,-403538.06273172604,-372912.2055852814,-30627.196776509692,30.89260319107526,
10035,3syr,35,1,10,0.5522,0,-403539.2380038036,-372912.2055852814,-30627.244203091075,4.883868181050666,
10036,3syr,36,1,10,0.5522,0,-403536.5504728388,-372912.2055852814,-30627.195056677272,65.72646131459457,
10037,3syr,37,1,10,0.5522,0,-403537.1572565566,-372912.2055852814,-30627.137080073764,50.39672412888552,
10038,3syr,38,1,10,0.5522,0,-403537.25331510423,-372912.2055852814,-30627.199301124027,49.61641290275988,
10039,3syr,39,1,10,0.5522,0,-403536.4243784083,-372912.2055852814,-30627.12033999007,66.91126022157721,
10040,3syr,40,1,10,0.5522,0,-403529.2724024187,-372912.2055852814,-30627.238498449733,234.56454342326006,
10041,3syr,41,1,10,0.5522,0,-403536.3563231809,-372912.2055852814,-30627.241095185687,71.26533201246973,
10042,3syr,42,1,10,0.5522,0,-403525.405166639,-372912.2055852814,-30626.96827614348,317.51364467519323,
10043,3syr,43,1,10,0.5522,0,-403537.8204818501,-372912.2055852814,-30627.07165443938,33.59363455438671,
10044,3syr,44,1,10,0.5522,0,-403537.7716215681,-372912.2055852814,-30627.195330977847,37.57242815524666,
10045,3syr,45,1,10,0.5522,0,-403539.0392602216,-372912.2055852814,-30626.985741734912,3.506743593734078,
10046,3syr,46,1,10,0.5522,0,-403531.13958625303,-372912.2055852814,-30627.192121863773,190.43679182473514,
10047,3syr,47,1,10,0.5522,0,-403537.25143386255,-372912.2055852814,-30627.197917461803,49.62788735765454,
10048,3syr,48,1,10,0.5522,0,-403536.93609548913,-372912.2055852814,-30627.200556993892,56.960632056661886,
10049,3syr,49,1,10,0.5522,0,-403510.085434867,-372912.2055852814,-30627.124733925273,674.4030541162285,
10050,3syr,50,1,10,0.5522,0,-403537.3179048133,-372912.2055852814,-30627.090021491458,45.6068906342413,
10051,3syr,51,1,10,0.5522,0,-403526.8967411799,-372912.2055852814,-30627.20272719901,288.523688411543,
10052,3syr,52,1,10,0.5522,0,-403537.2782817613,-372912.2055852814,-30627.12777984183,47.39134816480705,
10053,3syr,53,1,10,0.5522,0,-403532.59630919824,-372912.2055852814,-30627.096213341167,154.63225959789483,
10054,3syr,54,1,10,0.5522,0,-403527.6432755421,-372912.2055852814,-30626.981100202014,266.1973570800343,
10055,3syr,55,1,10,0.5522,0,-403526.88046428404,-372912.2055852814,-30627.074093461444,285.93267808987036,
10056,3syr,56,1,10,0.5522,0,-403527.32576013904,-372912.2055852814,-30627.300623536517,280.88781935827063,
10057,3syr,57,1,10,0.5522,0,-403530.84514437424,-372912.2055852814,-30627.19941604178,197.39499059490132,
10058,3syr,58,1,10,0.5522,0,-403535.8873126638,-372912.2055852814,-30627.132035732677,79.56600074299159,
10059,3syr,59,1,10,0.5522,0,-403537.06081150303,-372912.2055852814,-30626.984278083255,49.09710228931581,
10060,3syr,60,1,10,0.5522,0,-403527.9078258853,-372912.2055852814,-30627.124969005992,263.4143746735498,
10061,3syr,61,1,10,0.5522,0,-403537.5162694885,-372912.2055852814,-30627.12636721175,41.870644774645754,
10062,3syr,62,1,10,0.5522,0,-403530.6941313874,-372912.2055852814,-30626.98359096091,195.90038820048838,
10063,3syr,63,1,10,0.5522,0,-403539.98527251015,-372912.2055852814,-30627.1239271168,-15.122187426516655,
10064,3syr,64,1,10,0.5522,0,-403537.5256510506,-372912.2055852814,-30627.202334642818,43.406151390324695,
10065,3syr,65,1,10,0.5522,0,-403530.6665876939,-372912.2055852814,-30626.981183886935,196.4800524171199,
10066,3syr,66,1,10,0.5522,0,-403538.7463041674,-372912.2055852814,-30627.237856865337,16.0763837181054,
10067,3syr,67,1,10,0.5522,0,-403528.02452020184,-372912.2055852814,-30627.137631893565,261.01535292953594,
10068,3syr,68,1,10,0.5522,0,-403536.2556930613,-372912.2055852814,-30627.126462102344,70.9424159976972,
10069,3syr,69,1,10,0.5522,0,-403529.7846351697,-372912.2055852814,-30627.075229406764,218.9871019936948,
10070,3syr,70,1,10,0.5522,0,-403538.1476878357,-372912.2055852814,-30627.124377966335,27.263918689243557,
10071,3syr,71,1,10,0.5522,0,-403538.3608837856,-372912.2055852814,-30626.98162925284,19.055639753793756,
10072,3syr,72,1,10,0.5522,0,-403538.29121544765,-372912.2055852814,-30627.09293222468,23.22893729884113,
10073,3syr,73,1,10,0.5522,0,-403540.18796287314,-372912.2055852814,-30627.075397253444,-20.915463472188662,
10074,3syr,74,1,10,0.5522,0,-403539.6879777442,-372912.2055852814,-30626.96498572867,-11.931682739921351,
10075,3syr,75,1,10,0.5522,0,-403527.19020299456,-372912.2055852814,-30627.090628028323,279.17122991124654,
10076,3syr,76,1,10,0.5522,0,-403522.6895558367,-372912.2055852814,-30627.302230239322,387.838281871108,
10077,3syr,77,1,10,0.5522,0,-403539.4012794479,-372912.2055852814,-30627.091757536342,-2.396835630386766,
10078,3syr,78,1,10,0.5522,0,-403534.0614245962,-372912.2055852814,-30626.963998437335,117.79694777269489,
10079,3syr,79,1,10,0.5522,0,-403531.217423646,-372912.2055852814,-30627.090389132907,186.29580639487315,
10080,3syr,80,1,10,0.5522,0,-403537.1484040152,-372912.2055852814,-30627.07869827788,49.254552386595584,
10081,3syr,81,1,10,0.5522,0,-403536.1372079088,-372912.2055852814,-30627.132463813236,73.81315126496229,
10082,3syr,82,1,10,0.5522,0,-403529.13765790866,-372912.2055852814,-30627.12836527865,235.13209438282354,
10083,3syr,83,1,10,0.5522,0,-403536.41225236485,-372912.2055852814,-30626.993102312495,64.25672287674065,
10084,3syr,84,1,10,0.5522,0,-403533.12776027434,-372912.2055852814,-30623.986704826762,70.66973681184574,
10085,3syr,85,1,10,0.5522,0,-403529.0087676178,-372912.2055852814,-30626.963813901355,234.3097301932801,
10086,3syr,86,1,10,0.5522,0,-403530.1769014281,-372912.2055852814,-30626.833060741832,204.356685099594,
10087,3syr,87,1,10,0.5522,0,-403536.5339229835,-372912.2055852814,-30627.137931943347,64.79078238525285,
10088,3syr,88,1,10,0.5522,0,-403539.5467857699,-372912.2055852814,-30627.0383489136,-6.983923228626351,
10089,3syr,89,1,10,0.5522,0,-403539.67856697575,-372912.2055852814,-30627.49251371663,0.4504191344604562,
10090,3syr,90,1,10,0.5522,0,-403540.3851367067,-372912.2055852814,-30627.191317677905,-22.789211599016525,
10091,3syr,91,1,10,0.5522,0,-403538.9268960787,-372912.2055852814,-30627.42922759097,16.324949081321034,
10092,3syr,92,1,10,0.5522,0,-403540.69797168486,-372912.2055852814,-30627.31369912665,-27.18117432362711,
10093,3syr,93,1,10,0.5522,0,-403536.1456946864,-372912.2055852814,-30626.048774481227,48.62697184982787,
10094,3syr,94,1,10,0.5522,0,-403541.3401275705,-372912.2055852814,-30627.514207601955,-37.365805553916104,
10095,3syr,95,1,10,0.5522,0,-403540.55993141065,-372912.2055852814,-30627.398812413623,-22.035130952484426,
10096,3syr,96,1,10,0.5522,0,-403537.95449666487,-372912.2055852814,-30627.19287663739,33.29862980432852,
10097,3syr,97,1,10,0.5522,0,-403539.5350879861,-372912.2055852814,-30627.624793529918,6.80956819957977,
10098,3syr,98,1,10,0.5522,0,-403538.27882738225,-372912.2055852814,-30627.35150194209,29.47737220932574,
10099,3syr,99,1,10,0.5522,0,-403526.77903659485,-372912.2055852814,-30627.344180882385,294.500020056938,
10100,3syr,100,1,10,0.5522,0,-403540.6765413265,-372912.2055852814,-30627.63079679053,-19.374532675027137,
11001,4wiv,1,0,11,0.4956,0,-404594.3678095565,-372912.2055852814,-31680.863554606054,-29.948034018284783,
11002,4wiv,2,0,11,0.4956,0,-404595.36493334896,-372912.2055852814,-31680.40931774101,-63.4172058805063,
11003,4wiv,3,0,11,0.4956,0,-404593.7960384111,-372912.2055852814,-31680.628981897447,-22.172053338415264,
11004,4wiv,4,0,11,0.4956,0,-404574.72858022904,-372912.2055852814,-31680.551606425855,415.74965731350085,
11005,4wiv,5,0,11,0.4956,0,-404593.8156629727,-372912.2055852814,-31680.36046035013,-28.81686046520494,
11006,4wiv,6,0,11,0.4956,0,-404583.3395747319,-372912.2055852814,-31680.48885149679,215.72824366814677,
11007,4wiv,7,0,11,0.4956,0,-404591.0822043339,-372912.2055852814,-31680.558121630744,38.776370633102054,
11008,4wiv,8,0,11,0.4956,0,-404583.3279331551,-372912.2055852814,-31680.65362055025,219.79636944437064,
11009,4wiv,9,0,11,0.4956,0,-404581.81737964577,-372912.2055852814,-31680.948380837057,261.42789458986147,
11010,4wiv,10,0,11,0.4956,0,-404565.541927479,-372912.2055852814,-31677.23537404259,551.1247669679815,
11011,4wiv,11,0,11,0.4956,0,-404578.99650082696,-372912.2055852814,-31682.5079054924,362.44239842285873,
11012,4wiv,12,0,11,0.4956,0,-404575.001609169,-372912.2055852814,-31672.621960589502,226.59148329526087,
11013,4wiv,13,0,11,0.4956,0,-404587.6544637904,-372912.2055852814,-31681.96411688051,150.24496609426646,
11014,4wiv,14,0,11,0.4956,0,-404582.06361278147,-372912.2055852814,-31681.969144293864,279.28898810613526,
11015,4wiv,15,0,11,0.4956,0,-404592.8934407751,-372912.2055852814,-31682.227994510726,35.516449468274864,
11016,4wiv,16,0,11,0.4956,0,-404585.74229172594,-372912.2055852814,-31674.596946129415,24.449707965533538,
11017,4wiv,17,0,11,0.4956,0,-404583.0002024696,-372912.2055852814,-31674.45875860176,84.49710832637426,
11018,4wiv,18,0,11,0.4956,0,-404575.3178326413,-372912.2055852814,-31679.02628535946,366.9864344676171,
11019,4wiv,19,0,11,0.4956,0,-404575.44442447234,-372912.2055852814,-31674.091742822722,250.2739033022964,
11020,4wiv,20,0,11,0.4956,0,-404587.17215525336,-372912.2055852814,-31674.46120939574,-11.653891739012412,
11021,4wiv,21,0,11,0.4956,0,-404577.4875541553,-372912.2055852814,-31679.031826386068,317.0792468243033,
11022,4wiv,22,0,11,0.4956,0,-404567.3346654398,-372912.2055852814,-31675.291692683313,464.960890521752,
11023,4wiv,23,0,11,0.4956,0,-404582.68971597357,-372912.2055852814,-31682.074647793386,267.2836739947954,
11024,4wiv,24,0,11,0.4956,0,-404568.01518116146,-372912.2055852814,-31665.710374185655,228.31737167698847,
11025,4wiv,25,0,11,0.4956,0,-404594.8790078834,-372912.2055852814,-31681.412715384577,-29.072599087921514,
11026,4wiv,26,0,11,0.4956,0,-404595.239918269,-372912.2055852814,-31681.80005712231,-28.46307762682539,
11027,4wiv,27,0,11,0.4956,0,-404582.0550621818,-372912.2055852814,-31679.43227852306,220.98465517166187,
11028,4wiv,28,0,11,0.4956,0,-404586.851011537,-372912.2055852814,-31680.218537816618,128.51900571839604,
11029,4wiv,29,0,11,0.4956,0,-404594.1291455403,-372912.2055852814,-31682.229586431597,7.057131193484806,
11030,4wiv,30,0,11,0.4956,0,-404581.6148648185,-372912.2055852814,-31665.5045638772,-90.04488224002624,
11031,4wiv,31,0,11,0.4956,0,-404595.7604726027,-372912.2055852814,-31681.413097033117,-49.39085738273139,
11032,4wiv,32,0,11,0.4956,0,-404598.23950732517,-372912.2055852814,-31681.87971288881,-95.79833891576251,
11033,4wiv,33,0,11,0.4956,0,-404587.99929469055,-372912.2055852814,-31681.327986547563,127.62346265869411,
11034,4wiv,34,0,11,0.4956,0,-404593.13293572515,-372912.2055852814,-31681.698861071665,17.79145773734074,
11035,4wiv,35,0,11,0.4956,0,-404584.98888003035,-372912.2055852814,-31665.689338395194,-163.5905198034813,
11036,4wiv,36,0,11,0.4956,0,-404594.9203909559,-372912.2055852814,-31681.967433521364,-17.234811283469586,
11037,4wiv,37,0,11,0.4956,0,-404595.3077128158,-372912.2055852814,-31681.79644084892,-30.109850262197213,
11038,4wiv,38,0,11,0.4956,0,-404586.4882081372,-372912.2055852814,-31674.067662188623,-4.957110747061513,
11039,4wiv,39,0,11,0.4956,0,-404588.2281002323,-372912.2055852814,-31673.69960458,-53.56758571417041,
11040,4wiv,40,0,11,0.4956,0,-404593.5631023273,-372912.2055852814,-31679.43338722906,-44.37148767276022,
11041,4wiv,41,0,11,0.4956,0,-404585.722094141,-372912.2055852814,-31674.599773505543,24.98067618138602,
11042,4wiv,42,0,11,0.4956,0,-404576.0669856146,-372912.2055852814,-31674.25348568878,239.6471814027963,
11043,4wiv,43,0,11,0.4956,0,-404590.08124860324,-372912.2055852814,-31674.767248818473,-71.68174133170614,
11044,4wiv,44,0,11,0.4956,0,-404581.8786845879,-372912.2055852814,-31664.568133959387,-117.72329756007468,
11045,4wiv,45,0,11,0.4956,0,-404595.4806583002,-372912.2055852814,-31681.875078150842,-32.28464861511318,
11046,4wiv,46,0,11,0.4956,0,-404579.2259081823,-372912.2055852814,-31664.574111411188,-56.41097706244767,
11047,4wiv,47,0,11,0.4956,0,-404587.97212178214,-372912.2055852814,-31673.67836905441,-48.15428527378115,
11048,4wiv,48,0,11,0.4956,0,-404588.92885368335,-372912.2055852814,-31674.462806055162,-52.12750006684682,
11049,4wiv,49,0,11,0.4956,0,-404584.2668218837,-372912.2055852814,-31682.879029998396,249.46424203347533,
11050,4wiv,50,0,11,0.4956,0,-404589.0815854893,-372912.2055852814,-31673.681401023467,-73.66920729110312,
11051,4wiv,51,0,11,0.4956,0,-404593.3133109579,-372912.2055852814,-31674.263064930055,-157.84162652770843,
11052,4wiv,52,0,11,0.4956,0,-404582.9924403206,-372912.2055852814,-31665.67370671949,-117.91200139137638,
11053,4wiv,53,0,11,0.4956,0,-404581.0199354515,-372912.2055852814,-31665.021365949724,-87.4682940343801,
11054,4wiv,54,0,11,0.4956,0,-404583.18839178234,-372912.2055852814,-31682.244817444895,259.7081420424675,
11055,4wiv,55,0,11,0.4956,0,-404584.0831370125,-372912.2055852814,-31681.695752272204,226.41308318939957,
11056,4wiv,56,0,11,0.4956,0,-404591.9703112168,-372912.2055852814,-31679.423051783655,-7.879193117750369,
11057,4wiv,57,0,11,0.4956,0,-404589.8869132474,-372912.2055852814,-31681.96676219425,98.82446099590545,
11058,4wiv,58,0,11,0.4956,0,-404583.7512442842,-372912.2055852814,-31672.628257283766,24.965309439805097,
11059,4wiv,59,0,11,0.4956,0,-404592.6122042755,-372912.2055852814,-31683.260545501307,65.81310872501672,
11060,4wiv,60,0,11,0.4956,0,-404590.6210067497,-372912.2055852814,-31682.074250766847,84.37460804405362,
11061,4wiv,61,0,11,0.4956,0,-404593.77517422294,-372912.2055852814,-31682.90259445629,30.739837431766475,
11062,4wiv,62,0,11,0.4956,0,-404595.1565343812,-372912.2055852814,-31680.22148472986,-62.94294365469228,
11063,4wiv,63,0,11,0.4956,0,-404587.41181211866,-372912.2055852814,-31669.18622452934,-138.82455116171425,
11064,4wiv,64,0,11,0.4956,0,-404570.5206227378,-372912.2055852814,-31681.41791046581,532.7649080582453,
11065,4wiv,65,0,11,0.4956,0,-404589.6437828169,-372912.2055852814,-31676.241542944525,-27.595510431058422,
11066,4wiv,66,0,11,0.4956,0,-404587.6646524442,-372912.2055852814,-31674.601070323784,-19.785877143869325,
11067,4wiv,67,0,11,0.4956,0,-404581.12650295306,-372912.2055852814,-31681.968713829134,300.8893273740642,
11068,4wiv,68,0,11,0.4956,0,-404589.92037425167,-372912.2055852814,-31675.626454720114,-48.158131861509666,
11069,4wiv,69,0,11,0.4956,0,-404590.1761454568,-372912.2055852814,-31679.026452073667,24.349445624724428,
11070,4wiv,70,0,11,0.4956,0,-404596.9534726665,-372912.2055852814,-31682.073546835993,-61.67175814754251,
11071,4wiv,71,0,11,0.4956,0,-404576.8289796333,-372912.2055852814,-31681.77154774389,395.445811503711,
11072,4wiv,72,0,11,0.4956,0,-404589.226298295,-372912.2055852814,-31680.541680762384,81.19544518097807,
11073,4wiv,73,0,11,0.4956,0,-404587.3905851469,-372912.2055852814,-31672.900120535705,-52.69056907145552,
11074,4wiv,74,0,11,0.4956,0,-404572.63646968454,-372912.2055852814,-31665.19016022404,109.75150770746127,
11075,4wiv,75,0,11,0.4956,0,-404595.4849018972,-372912.2055852814,-31682.2284433337,-24.233713585281613,
11076,4wiv,76,0,11,0.4956,0,-404592.9760479552,-372912.2055852814,-31681.970526108358,27.674120232457803,
11077,4wiv,77,0,11,0.4956,0,-404589.33978872746,-372912.2055852814,-31681.799742767427,107.58989267649636,
11078,4wiv,78,0,11,0.4956,0,-404585.6005468294,-372912.2055852814,-31676.238141188223,65.56528008488338,
11079,4wiv,79,0,11,0.4956,0,-404578.862061284,-372912.2055852814,-31682.90204984863,374.63183271240285,
11080,4wiv,80,0,11,0.4956,0,-404586.1870062427,-372912.2055852814,-31681.96147001705,184.0243029415636,
11081,4wiv,81,0,11,0.4956,0,-404588.68464132404,-372912.2055852814,-31674.417555549953,-47.53933071396432,
11082,4wiv,82,0,11,0.4956,0,-404565.275792934,-372912.2055852814,-31674.09960053285,484.94932036437245,
11083,4wiv,83,0,11,0.4956,0,-404586.6311202864,-372912.2055852814,-31680.219299027518,133.60737236074706,
11084,4wiv,84,0,11,0.4956,0,-404598.8679485691,-372912.2055852814,-31683.346837529753,-76.45784032483724,
11085,4wiv,85,0,11,0.4956,0,-404596.19771332305,-372912.2055852814,-31683.44395566902,-12.641155218033445,
11086,4wiv,86,0,11,0.4956,0,-404596.3320629818,-372912.2055852814,-31682.928914854143,-27.61645529552477,
11087,4wiv,87,0,11,0.4956,0,-404595.85740204854,-372912.2055852814,-31683.24566395004,-9.36610646469992,
11088,4wiv,88,0,11,0.4956,0,-404597.3632334694,-372912.2055852814,-31683.2992188426,-42.856398809518296,
11089,4wiv,89,0,11,0.4956,0,-404598.49388086057,-372912.2055852814,-31683.33436239681,-68.11931743963233,
11090,4wiv,90,0,11,0.4956,0,-404561.05147787184,-372912.2055852814,-31682.78492183407,782.6526071981592,
11091,4wiv,91,0,11,0.4956,0,-404595.5733308266,-372912.2055852814,-31683.16773439367,-4.612366725757556,
11092,4wiv,92,0,11,0.4956,0,-404591.86466263985,-372912.2055852814,-31683.18481744251,81.30549784721782,
11093,4wiv,93,0,11,0.4956,0,-404587.2734884695,-372912.2055852814,-31683.4775217267,193.93041054766672,
11094,4wiv,94,0,11,0.4956,0,-404594.5243202672,-372912.2055852814,-31683.504517802794,27.344801368564024,
11095,4wiv,95,0,11,0.4956,0,-404595.19467934174,-372912.2055852814,-31682.938982078645,-1.155609750333635,
11096,4wiv,96,0,11,0.4956,0,-404597.99857001763,-372912.2055852814,-31682.961119243715,-65.30436963956329,
11097,4wiv,97,0,11,0.4956,0,-404596.61001612997,-372912.2055852814,-31683.061048636053,-30.979129766008032,
11098,4wiv,98,0,11,0.4956,0,-404573.0638024581,-372912.2055852814,-31675.281408676703,332.60669745622175,
11099,4wiv,99,0,11,0.4956,0,-404578.8970885198,-372912.2055852814,-31674.454360434625,179.01573967585378,
11100,4wiv,100,0,11,0.4956,0,-404589.20873581595,-372912.2055852814,-31675.907485166405,-25.26664362789638,
12001,4lzs,1,0,12,0.4956,0,-391663.6541509095,-372912.2055852814,-18754.783940279223,76.91556667552754,
12002,4lzs,2,0,12,0.4956,0,-391667.0114644829,-372912.2055852814,-18754.70550727222,-2.3146316748034015,
12003,4lzs,3,0,12,0.4956,0,-391666.3593600453,-372912.2055852814,-18754.798779183366,14.874155266858033,
12004,4lzs,4,0,12,0.4956,0,-391661.5669125235,-372912.2055852814,-18754.605173670985,120.92597138958243,
12005,4lzs,5,0,12,0.4956,0,-391663.62239060464,-372912.2055852814,-18754.68406316016,75.34475562384985,
12006,4lzs,6,0,12,0.4956,0,-391663.1660883492,-372912.2055852814,-18753.40790709231,56.4384775689322,
12007,4lzs,7,0,12,0.4956,0,-391663.1193792285,-372912.2055852814,-18754.66524838779,86.51059456436936,
12008,4lzs,8,0,12,0.4956,0,-391666.0301075644,-372912.2055852814,-18754.512828165032,15.872710715014136,
12009,4lzs,9,0,12,0.4956,0,-391641.4938518467,-372912.2055852814,-18753.509885543324,558.5638029777258,
12010,4lzs,10,0,12,0.4956,0,-391664.8925947613,-372912.2055852814,-18754.88282751415,50.63676680728809,
12011,4lzs,11,0,12,0.4956,0,-391662.62066518376,-372912.2055852814,-18754.733683997132,99.58937628960793,
12012,4lzs,12,0,12,0.4956,0,-391664.77343178424,-372912.2055852814,-18754.65167092655,48.054132794063804,
12013,4lzs,13,0,12,0.4956,0,-391662.49963913026,-372912.2055852814,-18753.118882888295,65.14210517783964,
12014,4lzs,14,0,12,0.4956,0,-391663.18543974194,-372912.2055852814,-18754.635238194205,84.29515143003741,
12015,4lzs,15,0,12,0.4956,0,-391665.36172506824,-372912.2055852814,-18754.750766449906,36.77296443606041,
12016,4lzs,16,0,12,0.4956,0,-391665.3317117459,-372912.2055852814,-18754.57662179444,33.449216935181454,
12017,4lzs,17,0,12,0.4956,0,-391664.5688998169,-372912.2055852814,-18754.721376502253,54.37820077259954,
12018,4lzs,18,0,12,0.4956,0,-391666.1627277499,-372912.2055852814,-18754.70399093006,17.22273467036759,
12019,4lzs,19,0,12,0.4956,0,-391665.5255737366,-372912.2055852814,-18754.782241159417,33.72034842702355,
12020,4lzs,20,0,12,0.4956,0,-391667.42227343377,-372912.2055852814,-18754.628547245004,-13.562851524877505,
12021,4lzs,21,0,12,0.4956,0,-391663.63965589466,-372912.2055852814,-18753.143339329697,39.4166729913584,
12022,4lzs,22,0,12,0.4956,0,-391664.66110227164,-372912.2055852814,-18754.619202965237,49.895783917422996,
12023,4lzs,23,0,12,0.4956,0,-391665.62352212385,-372912.2055852814,-18754.631499314048,27.985415422346872,
12024,4lzs,24,0,12,0.4956,0,-391665.9967660373,-372912.2055852814,-18754.534839623906,17.149180895665875,
12025,4lzs,25,0,12,0.4956,0,-391666.1008132166,-372912.2055852814,-18754.84769307945,21.964368016766926,
12026,4lzs,26,0,12,0.4956,0,-391666.8262451058,-372912.2055852814,-18754.479860776402,-3.2469031809140008,
12027,4lzs,27,0,12,0.4956,0,-391666.51790574804,-372912.2055852814,-18754.44021936629,2.949418693346206,
12028,4lzs,28,0,12,0.4956,0,-391666.2361316746,-372912.2055852814,-18754.31242980931,6.500386000153088,
12029,4lzs,29,0,12,0.4956,0,-391664.00704605045,-372912.2055852814,-18753.168415301778,31.5227203847684,
12030,4lzs,30,0,12,0.4956,0,-391662.3349892562,-372912.2055852814,-18750.252834552266,2.846376735353256,
12031,4lzs,31,0,12,0.4956,0,-391666.470821953,-372912.2055852814,-18754.55522649858,6.68732427669719,
12032,4lzs,32,0,12,0.4956,0,-391666.04966140457,-372912.2055852814,-18754.8443931875,23.0678595083203,
12033,4lzs,33,0,12,0.4956,0,-391665.5375037557,-372912.2055852814,-18754.846505337693,34.92720280720804,
12034,4lzs,34,0,12,0.4956,0,-391665.6486735407,-372912.2055852814,-18754.63033887122,27.378649524073186,
12035,4lzs,35,0,12,0.4956,0,-391666.0632237555,-372912.2055852814,-18754.30844657991,10.395881886760744,
12036,4lzs,36,0,12,0.4956,0,-391666.47786483826,-372912.2055852814,-18754.77924823139,11.690975368045699,
12037,4lzs,37,0,12,0.4956,0,-391666.2997110552,-372912.2055852814,-18754.537201994397,10.217580378663422,
12038,4lzs,38,0,12,0.4956,0,-391665.65928298887,-372912.2055852814,-18754.87018495176,32.66497184897253,
12039,4lzs,39,0,12,0.4956,0,-391666.27217907325,-372912.2055852814,-18754.624526971318,12.866244772017286,
12040,4lzs,40,0,12,0.4956,0,-391666.8080790258,-372912.2055852814,-18754.640777432658,0.8828428241678915,
12041,4lzs,41,0,12,0.4956,0,-391660.8152757052,-372912.2055852814,-18750.388721057512,41.0254210216899,
12042,4lzs,42,0,12,0.4956,0,-391665.6379506353,-372912.2055852814,-18754.71804099653,29.648384652452382,
12043,4lzs,43,0,12,0.4956,0,-391661.2597688497,-372912.2055852814,-18754.604136043527,127.98494451304816,
12044,4lzs,44,0,12,0.4956,0,-391661.1782511241,-372912.2055852814,-18754.613305681683,130.07624480261654,
12045,4lzs,45,0,12,0.4956,0,-391667.0940952366,-372912.2055852814,-18754.63567327831,-5.830552280739861,
12046,4lzs,46,0,12,0.4956,0,-391665.4619420832,-372912.2055852814,-18754.170013928153,21.069433863520548,
12047,4lzs,47,0,12,0.4956,0,-391664.20220600686,-372912.2055852814,-18754.626064800956,60.63642087153059,
12048,4lzs,48,0,12,0.4956,0,-391663.49223906454,-372912.2055852814,-18754.68777268503,78.43166511522729,
12049,4lzs,49,0,12,0.4956,0,-391665.34377982374,-372912.2055852814,-18754.707044952847,36.178549931052785,
12050,4lzs,50,0,12,0.4956,0,-391663.86113331374,-372912.2055852814,-18754.115276568868,56.72268756750913,
12051,4lzs,51,0,12,0.4956,0,-391666.3078984084,-372912.2055852814,-18754.744271480777,14.803911323426059,
12052,4lzs,52,0,12,0.4956,0,-391662.77285576524,-372912.2055852814,-18754.680328035094,94.84936039120825,
12053,4lzs,53,0,12,0.4956,0,-391662.01243526395,-372912.2055852814,-18754.713222765662,113.14364424023488,
12054,4lzs,54,0,12,0.4956,0,-391661.1866928702,-372912.2055852814,-18754.449024402835,126.09315722391293,
12055,4lzs,55,0,12,0.4956,0,-391665.38134918234,-372912.2055852814,-18754.880655699708,39.31573887207834,
12056,4lzs,56,0,12,0.4956,0,-391663.64368349966,-372912.2055852814,-18754.553125494458,71.83423549705289,
12057,4lzs,57,0,12,0.4956,0,-391659.84289296594,-372912.2055852814,-18750.379953229167,63.24690876477847,
12058,4lzs,58,0,12,0.4956,0,-391667.33388779225,-372912.2055852814,-18754.851917677857,-6.37358566037402,
12059,4lzs,59,0,12,0.4956,0,-391656.12559810886,-372912.2055852814,-18754.71259328101,248.8828177653507,
12060,4lzs,60,0,12,0.4956,0,-391664.853219128,-372912.2055852814,-18755.227980965115,59.504218147089524,
12061,4lzs,61,0,12,0.4956,0,-391664.636370129,-372912.2055852814,-18754.609983169772,50.25350714114437,
12062,4lzs,62,0,12,0.4956,0,-391665.94259519037,-372912.2055852814,-18754.82845106099,25.169230890982774,
12063,4lzs,63,0,12,0.4956,0,-391665.7726906897,-372912.2055852814,-18754.616828167178,24.2071818901745,
12064,4lzs,64,0,12,0.4956,0,-391666.2038059599,-372912.2055852814,-18754.570726656653,13.202301493047477,
12065,4lzs,65,0,12,0.4956,0,-391665.9277255005,-372912.2055852814,-18754.693519943692,22.40054860151243,
12066,4lzs,66,0,12,0.4956,0,-391668.5548541611,-372912.2055852814,-18754.64553206537,-39.28910429726851,
12067,4lzs,67,0,12,0.4956,0,-391663.5428424241,-372912.2055852814,-18754.741948598363,78.51405016175218,
12068,4lzs,68,0,12,0.4956,0,-391665.6706416374,-372912.2055852814,-18754.68516614411,28.13640012768921,
12069,4lzs,69,0,12,0.4956,0,-391664.58181390824,-372912.2055852814,-18754.769507610537,55.19032447608886,
12070,4lzs,70,0,12,0.4956,0,-391667.16384536657,-372912.2055852814,-18754.728698545434,-5.293814866525587,
12071,4lzs,71,0,12,0.4956,0,-391666.1892989637,-372912.2055852814,-18754.59014903877,13.98473154461599,
12072,4lzs,72,0,12,0.4956,0,-391667.16130057635,-372912.2055852814,-18755.17198716972,4.987347913085423,
12073,4lzs,73,0,12,0.4956,0,-391667.6360388163,-372912.2055852814,-18754.66774945829,-17.58837383875177,
12074,4lzs,74,0,12,0.4956,0,-391667.21530646714,-372912.2055852814,-18755.064337932803,1.2594921084381223,
12075,4lzs,75,0,12,0.4956,0,-391661.8117680014,-372912.2055852814,-18754.817550891377,120.17700497928244,
12076,4lzs,76,0,12,0.4956,0,-391667.26736915775,-372912.2055852814,-18754.87467842672,-4.314754170049463,
12077,4lzs,77,0,12,0.4956,0,-391664.24258241715,-372912.2055852814,-18754.890927427747,65.81319600433467,
12078,4lzs,78,0,12,0.4956,0,-391664.42624757346,-372912.2055852814,-18754.880126052834,61.328691259715995,
12079,4lzs,79,0,12,0.4956,0,-391664.1803460183,-372912.2055852814,-18754.624713027217,61.1093515405696,
12080,4lzs,80,0,12,0.4956,0,-391665.7516188091,-372912.2055852814,-18754.50090777252,22.01992319482614,
12081,4lzs,81,0,12,0.4956,0,-391664.88843551907,-372912.2055852814,-18754.581166559197,43.77621433080745,
12082,4lzs,82,0,12,0.4956,0,-391666.7634066108,-372912.2055852814,-18754.59125419829,0.7709802723526306,
12083,4lzs,83,0,12,0.4956,0,-391666.2162158252,-372912.2055852814,-18754.625553959348,14.180470837528901,
12084,4lzs,84,0,12,0.4956,0,-391666.75573330285,-372912.2055852814,-18755.114866667725,13.022721353743474,
12085,4lzs,85,0,12,0.4956,0,-391667.49907321396,-372912.2055852814,-18754.78627630446,-11.696578009392944,
12086,4lzs,86,0,12,0.4956,0,-391666.8418159548,-372912.2055852814,-18754.75273027394,2.686544611654444,
12087,4lzs,87,0,12,0.4956,0,-391667.17361963406,-372912.2055852814,-18754.458933406808,-11.740146712013242,
12088,4lzs,88,0,12,0.4956,0,-391665.11536610784,-372912.2055852814,-18754.890900933482,45.68571498711471,
12089,4lzs,89,0,12,0.4956,0,-391650.44059751095,-372912.2055852814,-18755.077713423707,388.4019164850936,
12090,4lzs,90,0,12,0.4956,0,-391663.83958176407,-372912.2055852814,-18754.649075382687,69.52937118746145,
12091,4lzs,91,0,12,0.4956,0,-391668.3052338125,-372912.2055852814,-18754.8179951844,-29.555628302953224,
12092,4lzs,92,0,12,0.4956,0,-391665.552606023,-372912.2055852814,-18754.72016864393,31.665542881284512,
12093,4lzs,93,0,12,0.4956,0,-391667.40054044785,-372912.2055852814,-18754.55901684735,-14.665086024451343,
12094,4lzs,94,0,12,0.4956,0,-391664.3763067189,-372912.2055852814,-18754.750746124722,59.49678270407623,
12095,4lzs,95,0,12,0.4956,0,-391666.1016634466,-372912.2055852814,-18754.787746691443,20.562364699531503,
12096,4lzs,96,0,12,0.4956,0,-391667.54764971795,-372912.2055852814,-18754.74820461247,-13.694732877272228,
12097,4lzs,97,0,12,0.4956,0,-391668.6501922074,-372912.2055852814,-18754.692466699817,-40.40531349188076,
12098,4lzs,98,0,12,0.4956,0,-391667.3948250178,-372912.2055852814,-18754.74474092696,-10.250386054740355,
12099,4lzs,99,0,12,0.4956,0,-391668.0003012778,-372912.2055852814,-18754.81901448343,-22.500211407472833,
12100,4lzs,100,0,12,0.4956,0,-391666.86307228263,-372912.2055852814,-18754.570313596465,-2.0102664697229558,
13001,3u5j,1,0,13,0.4956,0,-409249.16075432114,-372912.2055852814,-36339.69820733383,63.25596578252667,
13002,3u5j,2,0,13,0.4956,0,-409250.5144065895,-372912.2055852814,-36339.60032291725,29.782734631631705,
13003,3u5j,3,0,13,0.4956,0,-409241.79394718836,-372912.2055852814,-36340.04215480402,241.0701911145485,
13004,3u5j,4,0,13,0.4956,0,-409249.05651733064,-372912.2055852814,-36340.04072822645,73.55844731502575,
13005,3u5j,5,0,13,0.4956,0,-409244.7326440792,-372912.2055852814,-36340.03898288324,173.2290846729418,
13006,3u5j,6,0,13,0.4956,0,-409249.3278327117,-372912.2055852814,-36339.759011462476,60.80522308290948,
13007,3u5j,7,0,13,0.4956,0,-409251.36500871,-372912.2055852814,-36340.00577618196,19.517358150779316,
13008,3u5j,8,0,13,0.4956,0,-409218.0287469008,-372912.2055852814,-36339.986161545065,787.817493824001,
13009,3u5j,9,0,13,0.4956,0,-409217.4842895397,-372912.2055852814,-36339.984470740106,800.3339879528146,
13010,3u5j,10,0,13,0.4956,0,-409247.9058102348,-372912.2055852814,-36339.777534440305,94.0249904440697,
13011,3u5j,11,0,13,0.4956,0,-409221.9063959552,-372912.2055852814,-36339.988064125326,698.4406568778426,
13012,3u5j,12,0,13,0.4956,0,-409233.1925985196,-372912.2055852814,-36339.33512188509,423.11743705314933,
13013,3u5j,13,0,13,0.4956,0,-409237.2473570087,-372912.2055852814,-36339.983219817426,344.5579783418786,
13014,3u5j,14,0,13,0.4956,0,-409250.2858577945,-372912.2055852814,-36339.98515363052,43.92760212011179,
13015,3u5j,15,0,13,0.4956,0,-409251.60584655235,-372912.2055852814,-36339.98605240896,13.508664557291018,
13016,3u5j,16,0,13,0.4956,0,-409239.602270154,-372912.2055852814,-36339.97793324306,290.13047981667415,
13017,3u5j,17,0,13,0.4956,0,-409229.9882111829,-372912.2055852814,-36339.984802559164,511.9943567589525,
13018,3u5j,18,0,13,0.4956,0,-409251.0293248274,-372912.2055852814,-36339.33143307283,11.707690858754846,
13019,3u5j,19,0,13,0.4956,0,-409251.1082888675,-372912.2055852814,-36339.98169197157,24.882063271907313,
13020,3u5j,20,0,13,0.4956,0,-409249.14057481074,-372912.2055852814,-36339.32998372629,55.2298782334377,
13021,3u5j,21,0,13,0.4956,0,-409254.01439861767,-372912.2055852814,-36339.322442844656,-57.33706564598581,
13022,3u5j,22,0,13,0.4956,0,-409249.9544823148,-372912.2055852814,-36339.324548557546,36.33538733709281,
13023,3u5j,23,0,13,0.4956,0,-409250.4729455692,-372912.2055852814,-36339.32576091602,24.407298311584224,
13024,3u5j,24,0,13,0.4956,0,-409251.77985256695,-372912.2055852814,-36339.9886464031,9.55580946082133,
13025,3u5j,25,0,13,0.4956,0,-409254.13548336737,-372912.2055852814,-36339.9873631747,-44.79591923335598,
13026,3u5j,26,0,13,0.4956,0,-409252.70779754006,-372912.2055852814,-36339.98330815151,-11.966212981930747,
13027,3u5j,27,0,13,0.4956,0,-409250.24043309514,-372912.2055852814,-36339.329338446405,29.85166315139896,
13028,3u5j,28,0,13,0.4956,0,-409251.09640654706,-372912.2055852814,-36339.98313464239,25.1893448705706,
13029,3u5j,29,0,13,0.4956,0,-409252.81418102793,-372912.2055852814,-36339.33002950266,-29.484438021023514,
13030,3u5j,30,0,13,0.4956,0,-409251.91762566357,-372912.2055852814,-36339.324870243814,-8.928355493599248,
13031,3u5j,31,0,13,0.4956,0,-409249.64369553165,-372912.2055852814,-36339.32536216095,43.52106295568815,
13032,3u5j,32,0,13,0.4956,0,-409249.2276896217,-372912.2055852814,-36339.33045203998,53.23176253925762,
13033,3u5j,33,0,13,0.4956,0,-409254.1518091839,-372912.2055852814,-36339.33421595409,-60.234334227256376,
13034,3u5j,34,0,13,0.4956,0,-409250.5177480855,-372912.2055852814,-36339.97958369568,38.451639224707606,
13035,3u5j,35,0,13,0.4956,0,-409251.5724909289,-372912.2055852814,-36339.97630490377,14.053080697096917,
13036,3u5j,36,0,13,0.4956,0,-409250.3667490758,-372912.2055852814,-36339.32995332792,26.952926941662167,
13037,3u5j,37,0,13,0.4956,0,-409250.6695849877,-372912.2055852814,-36339.978057220724,34.91499573054652,
13038,3u5j,38,0,13,0.4956,0,-409248.911765007,-372912.2055852814,-36339.99098749473,75.74946667475989,
13039,3u5j,39,0,13,0.4956,0,-409243.0085313006,-372912.2055852814,-36339.32699550703,196.56925092552405,
13040,3u5j,40,0,13,0.4956,0,-409251.33410131716,-372912.2055852814,-36339.327588334825,4.590716274883588,
13041,3u5j,41,0,13,0.4956,0,-409249.01851489954,-372912.2055852814,-36339.32723034933,57.98115227273143,
13042,3u5j,42,0,13,0.4956,0,-409246.86616468214,-372912.2055852814,-36339.334048524644,107.77275826720081,
13043,3u5j,43,0,13,0.4956,0,-409248.3085052652,-372912.2055852814,-36339.981361642625,89.43898938174759,
13044,3u5j,44,0,13,0.4956,0,-409248.7801032045,-372912.2055852814,-36339.989387288835,78.7487583448189,
13045,3u5j,45,0,13,0.4956,0,-409246.6992346923,-372912.2055852814,-36339.9850981982,126.63581741899422,
13046,3u5j,46,0,13,0.4956,0,-409249.1509136537,-372912.2055852814,-36339.98801781252,70.16608536988879,
13047,3u5j,47,0,13,0.4956,0,-409251.2984583062,-372912.2055852814,-36339.538332060125,10.27252939174816,
13048,3u5j,48,0,13,0.4956,0,-409243.2142911979,-372912.2055852814,-36339.985193446424,207.00272003557063,
13049,3u5j,49,0,13,0.4956,0,-409249.39830547356,-372912.2055852814,-36339.98384131506,64.36478215619495,
13050,3u5j,50,0,13,0.4956,0,-409245.7143348137,-372912.2055852814,-36339.803522423055,145.16091133059533,
13051,3u5j,51,0,13,0.4956,0,-409242.93755072186,-372912.2055852814,-36339.51567353323,202.5571206038792,
13052,3u5j,52,0,13,0.4956,0,-409249.7877926507,-372912.2055852814,-36339.98396994188,55.385960683507605,
13053,3u5j,53,0,13,0.4956,0,-409247.6895310264,-372912.2055852814,-36339.33091850593,88.71329935693255,
13054,3u5j,54,0,13,0.4956,0,-409255.016195757,-372912.2055852814,-36339.98208107069,-65.2274376323049,
13055,3u5j,55,0,13,0.4956,0,-409250.2468259914,-372912.2055852814,-36339.98759068563,44.883896709341116,
13056,3u5j,56,0,13,0.4956,0,-409248.6497287133,-372912.2055852814,-36339.3221097739,66.36748048458246,
13057,3u5j,57,0,13,0.4956,0,-409252.83521759324,-372912.2055852814,-36339.98719449356,-14.814968036101144,
13058,3u5j,58,0,13,0.4956,0,-409249.08214860945,-372912.2055852814,-36339.979414537695,71.55344873182631,
13059,3u5j,59,0,13,0.4956,0,-409246.87794789515,-372912.2055852814,-36339.32815243318,107.3650638209371,
13060,3u5j,60,0,13,0.4956,0,-409246.9806376674,-372912.2055852814,-36339.98546399191,120.15494605552924,
13061,3u5j,61,0,13,0.4956,0,-409250.8547842335,-372912.2055852814,-36339.335355773714,15.823152204755644,
13062,3u5j,62,0,13,0.4956,0,-409246.3482243397,-372912.2055852814,-36339.32809729889,119.57950778089577,
13063,3u5j,63,0,13,0.4956,0,-409243.6139237418,-372912.2055852814,-36339.32643987253,182.59575634273443,
13064,3u5j,64,0,13,0.4956,0,-409252.66443344735,-372912.2055852814,-36339.98174770191,-11.002198070558094,
13065,3u5j,65,0,13,0.4956,0,-409249.8284366112,-372912.2055852814,-36339.98355753734,54.4391784131577,
13066,3u5j,66,0,13,0.4956,0,-409244.5711607912,-372912.2055852814,-36339.37803740814,161.71121301737764,
13067,3u5j,67,0,13,0.4956,0,-409250.84128257475,-372912.2055852814,-36339.56067116573,21.330404226620313,
13068,3u5j,68,0,13,0.4956,0,-409249.56479331636,-372912.2055852814,-36339.454939022806,48.328704685937964,
13069,3u5j,69,0,13,0.4956,0,-409248.726769207,-372912.2055852814,-36339.82022513464,76.07769759701195,
13070,3u5j,70,0,13,0.4956,0,-409250.55986797594,-372912.2055852814,-36339.35380019262,23.0494210725066,
13071,3u5j,71,0,13,0.4956,0,-409251.3310139163,-372912.2055852814,-36339.36350162342,5.490093539591483,
13072,3u5j,72,0,13,0.4956,0,-409252.37099170464,-372912.2055852814,-36339.48117001369,-15.778866449209183,
13073,3u5j,73,0,13,0.4956,0,-409249.36895096116,-372912.2055852814,-36339.59662313774,56.11224999451018,
13074,3u5j,74,0,13,0.4956,0,-409251.73457504594,-372912.2055852814,-36339.560758724954,0.7326096317947626,
13075,3u5j,75,0,13,0.4956,0,-409249.4809504432,-372912.2055852814,-36339.50748546436,51.473917001644004,
13076,3u5j,76,0,13,0.4956,0,-409250.70418250345,-372912.2055852814,-36339.4509210141,21.96110835716815,
13077,3u5j,77,0,13,0.4956,0,-409251.48839577846,-372912.2055852814,-36339.68127895906,9.188901027468123,
13078,3u5j,78,0,13,0.4956,0,-409252.8330267944,-372912.2055852814,-36339.68808175638,-21.66215059776705,
13079,3u5j,79,0,13,0.4956,0,-409250.27735915617,-372912.2055852814,-36339.335914507654,29.15177552975236,
13080,3u5j,80,0,13,0.4956,0,-409250.8472013452,-372912.2055852814,-36339.645733669546,23.15550207545272,
13081,3u5j,81,0,13,0.4956,0,-409238.5891170185,-372912.2055852814,-36339.606893673685,304.93797042058736,
13082,3u5j,82,0,13,0.4956,0,-409249.5296682992,-372912.2055852814,-36339.35979761198,46.944693769285706,
13083,3u5j,83,0,13,0.4956,0,-409249.0778970254,-372912.2055852814,-36339.41551126554,58.64757421012807,
13084,3u5j,84,0,13,0.4956,0,-409250.25600772875,-372912.2055852814,-36339.63443304613,36.528152177897255,
13085,3u5j,85,0,13,0.4956,0,-409252.2689108234,-372912.2055852814,-36339.379134670045,-15.777816327220993,
13086,3u5j,86,0,13,0.4956,0,-409248.0021311917,-372912.2055852814,-36339.25777055338,79.8177364341944,
13087,3u5j,87,0,13,0.4956,0,-409250.13610029046,-372912.2055852814,-36339.66095997408,39.90500888456055,
13088,3u5j,88,0,13,0.4956,0,-409248.9181874671,-372912.2055852814,-36339.3729577215,61.34925608047368,
13089,3u5j,89,0,13,0.4956,0,-409248.7319100775,-372912.2055852814,-36339.42484940603,66.84156540591701,
13090,3u5j,90,0,13,0.4956,0,-409251.06645658397,-372912.2055852814,-36339.64967580154,18.19026387810211,
13091,3u5j,91,0,13,0.4956,0,-409251.67189130024,-372912.2055852814,-36339.31226934507,-3.552170082596111,
13092,3u5j,92,0,13,0.4956,0,-409250.00486627006,-372912.2055852814,-36339.25710578277,33.618238393905045,
13093,3u5j,93,0,13,0.4956,0,-409232.80143564753,-372912.2055852814,-36339.29040010288,431.10655837668355,
13094,3u5j,94,0,13,0.4956,0,-409246.1751468458,-372912.2055852814,-36339.34121795013,123.87333901312613,
13095,3u5j,95,0,13,0.4956,0,-409249.6283006502,-372912.2055852814,-36339.376198962476,45.04840184837021,
13096,3u5j,96,0,13,0.4956,0,-409248.88147604256,-372912.2055852814,-36339.399766698625,62.81407134112869,
13097,3u5j,97,0,13,0.4956,0,-409248.6731167119,-372912.2055852814,-36339.3748312743,67.04392710637403,
13098,3u5j,98,0,13,0.4956,0,-409243.08221587323,-372912.2055852814,-36339.81239624336,206.06365121075834,
13099,3u5j,99,0,13,0.4956,0,-409248.32587987016,-372912.2055852814,-36339.697714641836,82.49726624475989,
13100,3u5j,100,0,13,0.4956,0,-409249.9174186268,-372912.2055852814,-36339.58803285673,43.266188571837496,
14001,3p5o,1,0,14,0.4956,0,-420158.90286852815,-372912.2055852814,-47263.47919339501,387.00004166360503,
14002,3p5o,2,0,14,0.4956,0,-420172.45072947815,-372912.2055852814,-47263.322537070206,70.96636555244426,
14003,3p5o,3,0,14,0.4956,0,-420176.99066041794,-372912.2055852814,-47263.80963969799,-22.49407558589105,
14004,3p5o,4,0,14,0.4956,0,-420155.060007263,-372912.2055852814,-47263.97825760209,487.1272216934999,
14005,3p5o,5,0,14,0.4956,0,-420138.75972462096,-372912.2055852814,-47263.17840803233,844.5756999514603,
14006,3p5o,6,0,14,0.4956,0,-420149.8354504593,-372912.2055852814,-47262.8719151076,582.0954997479046,
14007,3p5o,7,0,14,0.4956,0,-420165.1826429406,-372912.2055852814,-47263.431050723426,241.07480707891747,
14008,3p5o,8,0,14,0.4956,0,-420141.0002024065,-372912.2055852814,-47263.64467424714,803.6614091633464,
14009,3p5o,9,0,14,0.4956,0,-420162.6939448903,-372912.2055852814,-47263.16625315514,292.3591705154614,
14010,3p5o,10,0,14,0.4956,0,-420162.68739341595,-372912.2055852814,-47264.38088769286,320.52038895645734,
14011,3p5o,11,0,14,0.4956,0,-420168.68542157504,-372912.2055852814,-47264.33176535936,181.0697857833456,
14012,3p5o,12,0,14,0.4956,0,-420155.91163540294,-372912.2055852814,-47263.881445175044,465.2556626335074,
14013,3p5o,13,0,14,0.4956,0,-420173.0520025233,-372912.2055852814,-47264.37388712731,81.34538801344023,
14014,3p5o,14,0,14,0.4956,0,-420127.4953823278,-372912.2055852814,-47262.86454380124,1097.0997230696346,
14015,3p5o,15,0,14,0.4956,0,-420166.67998454365,-372912.2055852814,-47263.449536269625,206.97157624552753,
14016,3p5o,16,0,14,0.4956,0,-420157.52116282657,-372912.2055852814,-47263.41335309111,417.34461860560276,
14017,3p5o,17,0,14,0.4956,0,-420161.4558097015,-372912.2055852814,-47263.09924680558,319.366043127562,
14018,3p5o,18,0,14,0.4956,0,-420150.7588879205,-372912.2055852814,-47263.923440462044,585.0492767352574,
14019,3p5o,19,0,14,0.4956,0,-420161.8424405792,-372912.2055852814,-47263.80877256962,326.8121760987662,
14020,3p5o,20,0,14,0.4956,0,-420173.8700085322,-372912.2055852814,-47263.276945954196,37.185656930363045,
14021,3p5o,21,0,14,0.4956,0,-420145.1595799367,-372912.2055852814,-47264.2342788633,721.3404901344019,
14022,3p5o,22,0,14,0.4956,0,-420156.65454177954,-372912.2055852814,-47263.97159499495,450.2027388361169,
14023,3p5o,23,0,14,0.4956,0,-420158.70777994784,-372912.2055852814,-47263.131365543326,383.47779039042376,
14024,3p5o,24,0,14,0.4956,0,-420150.3545862476,-372912.2055852814,-47263.42590678298,582.899295598653,
14025,3p5o,25,0,14,0.4956,0,-420157.5030708204,-372912.2055852814,-47263.763517683416,425.83681750824655,
14026,3p5o,26,0,14,0.4956,0,-420172.48947261646,-372912.2055852814,-47264.483911877505,96.85486685127016,
14027,3p5o,27,0,14,0.4956,0,-420166.81529017177,-372912.2055852814,-47264.235111361464,221.9671463163538,
14028,3p5o,28,0,14,0.4956,0,-420172.4381828199,-372912.2055852814,-47263.13329440915,66.89165892764358,
14029,3p5o,29,0,14,0.4956,0,-420175.77497323253,-372912.2055852814,-47263.206640785604,-8.365148360559322,
14030,3p5o,30,0,14,0.4956,0,-420174.2527031489,-372912.2055852814,-47264.15408588015,48.587836634541944,
14031,3p5o,31,0,14,0.4956,0,-420174.4760484436,-372912.2055852814,-47263.307317679755,23.910433196397552,
14032,3p5o,32,0,14,0.4956,0,-420175.6520157645,-372912.2055852814,-47263.52834708058,1.88904161487316,
14033,3p5o,33,0,14,0.4956,0,-420173.23604681,-372912.2055852814,-47262.92429406014,43.672815677417155,
14034,3p5o,34,0,14,0.4956,0,-420173.27629250684,-372912.2055852814,-47263.447991197936,54.821470755276906,
14035,3p5o,35,0,14,0.4956,0,-420168.50009499874,-372912.2055852814,-47262.92637622925,152.93447490453104,
14036,3p5o,36,0,14,0.4956,0,-420168.9119689949,-372912.2055852814,-47263.75601506793,162.56836103786023,
14037,3p5o,37,0,14,0.4956,0,-420175.1229962893,-372912.2055852814,-47263.9587760624,24.01444864930621,
14038,3p5o,38,0,14,0.4956,0,-420173.52154353657,-372912.2055852814,-47263.46058571904,49.45628421000335,
14039,3p5o,39,0,14,0.4956,0,-420174.5530628154,-372912.2055852814,-47264.01748031946,38.51117911204728,
14040,3p5o,40,0,14,0.4956,0,-420176.1916140209,-372912.2055852814,-47264.125153606765,3.20829565635673,
14041,3p5o,41,0,14,0.4956,0,-420170.9878292124,-372912.2055852814,-47263.08327258193,99.1840769263207,
14042,3p5o,42,0,14,0.4956,0,-420173.8958846966,-372912.2055852814,-47264.20639730059,58.02259563253632,
14043,3p5o,43,0,14,0.4956,0,-420174.01679541555,-372912.2055852814,-47262.87518054815,24.535740623026182,
14044,3p5o,44,0,14,0.4956,0,-420167.0260796733,-372912.2055852814,-47263.19662982785,193.15827185651764,
14045,3p5o,45,0,14,0.4956,0,-420174.56234135135,-372912.2055852814,-47264.13537639939,41.015959180022605,
14046,3p5o,46,0,14,0.4956,0,-420175.12940437,-372912.2055852814,-47263.45126283728,12.163141795582758,
14047,3p5o,47,0,14,0.4956,0,-420156.3460363337,-372912.2055852814,-47263.10285485359,437.2834198435334,
14048,3p5o,48,0,14,0.4956,0,-420171.1873530932,-372912.2055852814,-47262.87499481999,89.77994763890389,
14049,3p5o,49,0,14,0.4956,0,-420177.3030761669,-372912.2055852814,-47263.96523333159,-26.11047947782373,
14050,3p5o,50,0,14,0.4956,0,-420172.819744427,-372912.2055852814,-47263.357099002234,63.25369576118894,
14051,3p5o,51,0,14,0.4956,0,-420174.66412263,-372912.2055852814,-47264.483276909225,46.69160348222906,
14052,3p5o,52,0,14,0.4956,0,-420172.28742267593,-372912.2055852814,-47264.35074306094,98.44330330513803,
14053,3p5o,53,0,14,0.4956,0,-420170.85265995964,-372912.2055852814,-47262.92485678759,98.64799894225128,
14054,3p5o,54,0,14,0.4956,0,-420167.91077731916,-372912.2055852814,-47264.307484155586,198.37356883651285,
14055,3p5o,55,0,14,0.4956,0,-420173.02440312895,-372912.2055852814,-47263.46906614872,61.11617771269273,
14056,3p5o,56,0,14,0.4956,0,-420170.3024584095,-372912.2055852814,-47264.16338092648,139.89699324968834,
14057,3p5o,57,0,14,0.4956,0,-420176.7776115725,-372912.2055852814,-47264.43983448115,-3.0484155563194975,
14058,3p5o,58,0,14,0.4956,0,-420164.16630176106,-372912.2055852814,-47264.160741454056,281.33925945743454,
14059,3p5o,59,0,14,0.4956,0,-420160.76669352147,-372912.2055852814,-47264.30081898542,362.96635248393994,
14060,3p5o,60,0,14,0.4956,0,-420172.2427860985,-372912.2055852814,-47263.30792147481,75.42461016806512,
14061,3p5o,61,0,14,0.4956,0,-420156.39695525565,-372912.2055852814,-47263.59773398009,447.5213853755227,
14062,3p5o,62,0,14,0.4956,0,-420141.5700329731,-372912.2055852814,-47263.47988921969,786.7207711200479,
14063,3p5o,63,0,14,0.4956,0,-420162.2952606568,-372912.2055852814,-47262.94537795158,296.4595441548025,
14064,3p5o,64,0,14,0.4956,0,-420160.9295202978,-372912.2055852814,-47263.94176501595,350.9314965835297,
14065,3p5o,65,0,14,0.4956,0,-420170.3363860584,-372912.2055852814,-47263.354349737994,120.45790066062119,
14066,3p5o,66,0,14,0.4956,0,-420172.7832694538,-372912.2055852814,-47264.219280129364,83.9771977460285,
14067,3p5o,67,0,14,0.4956,0,-420173.0127069244,-372912.2055852814,-47264.38363344037,82.47632137039407,
14068,3p5o,68,0,14,0.4956,0,-420148.39332643553,-372912.2055852814,-47264.28458965384,647.9287187178095,
14069,3p5o,69,0,14,0.4956,0,-420166.4307419847,-372912.2055852814,-47263.96959245768,224.71202679709174,
14070,3p5o,70,0,14,0.4956,0,-420176.1803043373,-372912.2055852814,-47264.26772386401,6.7568513927094935,
14071,3p5o,71,0,14,0.4956,0,-420175.24206580606,-372912.2055852814,-47264.0254304465,22.805726975197413,
14072,3p5o,72,0,14,0.4956,0,-420163.25681673386,-372912.2055852814,-47263.23807007634,281.03517499048695,
14073,3p5o,73,0,14,0.4956,0,-420167.0944565724,-372912.2055852814,-47263.20511842337,191.77721476836484,
14074,3p5o,74,0,14,0.4956,0,-420141.7323640473,-372912.2055852814,-47263.95759755938,793.9935436345955,
14075,3p5o,75,0,14,0.4956,0,-420171.1983702221,-372912.2055852814,-47264.23237604471,120.82784126701992,
14076,3p5o,76,0,14,0.4956,0,-420166.11084060767,-372912.2055852814,-47264.11981219613,235.55327726652362,
14077,3p5o,77,0,14,0.4956,0,-420159.76978499105,-372912.2055852814,-47264.305488294,386.0632861461352,
14078,3p5o,78,0,14,0.4956,0,-420172.4165047894,-372912.2055852814,-47264.33644092648,95.1367839982401,
14079,3p5o,79,0,14,0.4956,0,-420171.76218407246,-372912.2055852814,-47263.051529830416,80.59502439830452,
14080,3p5o,80,0,14,0.4956,0,-420169.198791344,-372912.2055852814,-47263.55878234469,151.40578588904395,
14081,3p5o,81,0,14,0.4956,0,-420160.00635123655,-372912.2055852814,-47263.30757338372,357.5954744073244,
14082,3p5o,82,0,14,0.4956,0,-420136.058032576,-372912.2055852814,-47264.36250985228,934.1842352334538,
14083,3p5o,83,0,14,0.4956,0,-420173.49620293465,-372912.2055852814,-47263.975741392096,61.92042441132259,
14084,3p5o,84,0,14,0.4956,0,-420172.2834868024,-372912.2055852814,-47264.10502952897,92.86777804778792,
14085,3p5o,85,0,14,0.4956,0,-420167.45134298905,-372912.2055852814,-47263.32821763125,186.38595365774822,
14086,3p5o,86,0,14,0.4956,0,-420169.85311510036,-372912.2055852814,-47262.89791489213,121.07675610959294,
14087,3p5o,87,0,14,0.4956,0,-420177.11437501403,-372912.2055852814,-47262.914570694884,-45.987783504211365,
14088,3p5o,88,0,14,0.4956,0,-420175.9422462772,-372912.2055852814,-47262.95160991513,-18.103707994204647,
14089,3p5o,89,0,14,0.4956,0,-420173.552350689,-372912.2055852814,-47262.8338441309,34.29285002675182,
14090,3p5o,90,0,14,0.4956,0,-420175.8121597357,-372912.2055852814,-47263.05529285037,-12.712855795315638,
14091,3p5o,91,0,14,0.4956,0,-420173.79629232374,-372912.2055852814,-47262.93686664673,31.043177945245986,
14092,3p5o,92,0,14,0.4956,0,-420174.26892614766,-372912.2055852814,-47264.153965896,48.21095849473968,
14093,3p5o,93,0,14,0.4956,0,-420166.0290197919,-372912.2055852814,-47262.85682344996,208.314897711015,
14094,3p5o,94,0,14,0.4956,0,-420172.11837713816,-372912.2055852814,-47262.948556726864,70.0064009900234,
14095,3p5o,95,0,14,0.4956,0,-420170.11116671946,-372912.2055852814,-47263.11018056246,120.02090704778915,
14096,3p5o,96,0,14,0.4956,0,-420172.84127341607,-372912.2055852814,-47263.61796278321,68.77288717730079,
14097,3p5o,97,0,14,0.4956,0,-420172.1784843396,-372912.2055852814,-47263.623508458964,84.18505269738512,
14098,3p5o,98,0,14,0.4956,0,-420170.9387605975,-372912.2055852814,-47264.07090485661,123.09096737663182,
14099,3p5o,99,0,14,0.4956,0,-420165.3763258645,-372912.2055852814,-47264.14798111292,253.1411802861431,
14100,3p5o,100,0,14,0.4956,0,-420166.55650245055,-372912.2055852814,-47264.229943519465,227.8157596719541,
15001,4ogj,1,0,15,0.4956,1,-427449.60779633315,-372912.2055852814,-54541.92068152958,104.19840457572805,
15002,4ogj,2,0,15,0.4956,1,-427452.0226509494,-372912.2055852814,-54542.49515983164,61.75831855549619,
15003,4ogj,3,0,15,0.4956,1,-427438.7520440442,-372912.2055852814,-54542.63681014704,371.0523177082882,
15004,4ogj,4,0,15,0.4956,1,-427453.5678345335,-372912.2055852814,-54542.18071549468,18.87427993487128,
15005,4ogj,5,0,15,0.4956,1,-427454.28679475875,-372912.2055852814,-54542.876438223655,18.338410540951354,
15006,4ogj,6,0,15,0.4956,1,-427453.88758561737,-372912.2055852814,-54542.20293212756,12.012972497051317,
15007,4ogj,7,0,15,0.4956,1,-427444.8113488329,-372912.2055852814,-54542.60515201914,230.59137603521614,
15008,4ogj,8,0,15,0.4956,1,-427423.71896973974,-372912.2055852814,-54541.61041043036,694.0539069876475,
15009,4ogj,9,0,15,0.4956,1,-427453.57569199,-372912.2055852814,-54542.20057455533,19.151043502530417,
15010,4ogj,10,0,15,0.4956,1,-427447.3905611111,-372912.2055852814,-54542.08457198068,159.1084670522783,
15011,4ogj,11,0,15,0.4956,1,-427455.39358974225,-372912.2055852814,-54542.506310799,-15.720229294391624,
15012,4ogj,12,0,15,0.4956,1,-427448.0740902198,-372912.2055852814,-54542.80657243066,159.99563725777458,
15013,4ogj,13,0,15,0.4956,1,-427424.422258235,-372912.2055852814,-54542.23131811244,692.1541603052585,
15014,4ogj,14,0,15,0.4956,1,-427389.746551461,-372912.2055852814,-54535.82711925432,1344.11062084298,
15015,4ogj,15,0,15,0.4956,1,-427432.94404447824,-372912.2055852814,-54541.28198659504,473.74499617633194,
15016,4ogj,16,0,15,0.4956,1,-427436.380921237,-372912.2055852814,-54541.50531128876,399.6387250744405,
15017,4ogj,17,0,15,0.4956,1,-427409.2712222112,-372912.2055852814,-54537.343592920304,928.8317306393996,
15018,4ogj,18,0,15,0.4956,1,-427432.3415142073,-372912.2055852814,-54540.10984312817,460.6094038265459,
15019,4ogj,19,0,15,0.4956,1,-427445.84110073,-372912.2055852814,-54541.74375357553,186.98041314861644,
15020,4ogj,20,0,15,0.4956,1,-427428.3168691469,-372912.2055852814,-54541.21558005445,578.9188230200785,
15021,4ogj,21,0,15,0.4956,1,-427424.86518608726,-372912.2055852814,-54538.76673633688,602.0448476340335,
15022,4ogj,22,0,15,0.4956,1,-427443.3185058607,-372912.2055852814,-54541.59652108773,241.7575709625661,
15023,4ogj,23,0,15,0.4956,1,-427371.3664009345,-372912.2055852814,-54542.553524964416,1923.0815617985124,
15024,4ogj,24,0,15,0.4956,1,-427440.2357324729,-372912.2055852814,-54542.57645099692,335.4457346639897,
15025,4ogj,25,0,15,0.4956,1,-427396.929264761,-372912.2055852814,-54542.85975417205,1340.6497311306296,
15026,4ogj,26,0,15,0.4956,1,-427408.2216295821,-372912.2055852814,-54540.333230481294,1021.9785916362669,
15027,4ogj,27,0,15,0.4956,1,-427451.11362854374,-372912.2055852814,-54537.46215879249,-33.34288797392083,
15028,4ogj,28,0,15,0.4956,1,-427402.7007874025,-372912.2055852814,-54528.563154489624,877.8678364082612,
15029,4ogj,29,0,15,0.4956,1,-427412.83214717335,-372912.2055852814,-54538.86619006932,881.8267746098076,
15030,4ogj,30,0,15,0.4956,1,-427412.9918870995,-372912.2055852814,-54537.933700569716,856.6393656948545,
15031,4ogj,31,0,15,0.4956,1,-427383.1746633127,-372912.2055852814,-54537.06993111297,1524.3218841357195,
15032,4ogj,32,0,15,0.4956,1,-427454.1316800786,-372912.2055852814,-54541.16465472512,-17.559225201122707,
15033,4ogj,33,0,15,0.4956,1,-427452.11640200706,-372912.2055852814,-54539.46987646156,-10.168324050124605,
15034,4ogj,34,0,15,0.4956,1,-427437.8362129999,-372912.2055852814,-54541.60995831415,368.492117503058,
15035,4ogj,35,0,15,0.4956,1,-427444.85069798655,-372912.2055852814,-54540.63213750052,184.18516731854572,
15036,4ogj,36,0,15,0.4956,1,-427451.3888768924,-372912.2055852814,-54541.97954159312,64.48305645977206,
15037,4ogj,37,0,15,0.4956,1,-427447.42478135915,-372912.2055852814,-54538.954134606654,86.12972859074652,
15038,4ogj,38,0,15,0.4956,1,-427452.6058454586,-372912.2055852814,-54539.31336066201,-25.064498255951527,
15039,4ogj,39,0,15,0.4956,1,-427439.0494885666,-372912.2055852814,-54537.08098841536,236.07279129101832,
15040,4ogj,40,0,15,0.4956,1,-427454.3577171338,-372912.2055852814,-54540.69373948209,-33.631327011350976,
15041,4ogj,41,0,15,0.4956,1,-427450.9354462395,-372912.2055852814,-54541.45349723111,62.80854454781624,
15042,4ogj,42,0,15,0.4956,1,-427446.98087704903,-372912.2055852814,-54539.60851892158,111.45686596035667,
15043,4ogj,43,0,15,0.4956,1,-427442.3220691157,-372912.2055852814,-54541.671358928856,266.46174979526415,
15044,4ogj,44,0,15,0.4956,1,-427448.27502159006,-372912.2055852814,-54541.884757690954,134.10449688734377,
15045,4ogj,45,0,15,0.4956,1,-427449.8543240202,-372912.2055852814,-54539.37551684015,39.82044899922983,
15046,4ogj,46,0,15,0.4956,1,-427439.4273839963,-372912.2055852814,-54540.767404400554,312.3690878089538,
15047,4ogj,47,0,15,0.4956,1,-427450.02414650447,-372912.2055852814,-54541.37793433007,82.08109378158625,
15048,4ogj,48,0,15,0.4956,1,-427453.5166745553,-372912.2055852814,-54542.249270365464,21.634969935999546,
15049,4ogj,49,0,15,0.4956,1,-427452.6476279268,-372912.2055852814,-54542.815108799274,54.724205547596426,
15050,4ogj,50,0,15,0.4956,1,-427450.62525912357,-372912.2055852814,-54541.94260337278,81.24068494509538,
15051,4ogj,51,0,15,0.4956,1,-427429.0270739866,-372912.2055852814,-54527.84589507508,254.22885039740964,
15052,4ogj,52,0,15,0.4956,1,-427442.75725997216,-372912.2055852814,-54541.99624369376,263.9180308949356,
15053,4ogj,53,0,15,0.4956,1,-427442.7734758628,-372912.2055852814,-54541.611121558475,254.66295615178728,
15054,4ogj,54,0,15,0.4956,1,-427451.9421550851,-372912.2055852814,-54542.68044193908,67.88730418582661,
15055,4ogj,55,0,15,0.4956,1,-427447.1453889086,-372912.2055852814,-54541.90091001328,160.5269267702099,
15056,4ogj,56,0,15,0.4956,1,-427453.26621181465,-372912.2055852814,-54541.686010562626,14.421698322343254,
15057,4ogj,57,0,15,0.4956,1,-427454.71784783097,-372912.2055852814,-54542.02470237845,-11.243404645853436,
15058,4ogj,58,0,15,0.4956,1,-427422.25254849327,-372912.2055852814,-54542.116908036915,739.5504965637714,
15059,4ogj,59,0,15,0.4956,1,-427441.79432157404,-372912.2055852814,-54541.60267978239,277.04811848023905,
15060,4ogj,60,0,15,0.4956,1,-427454.3628587795,-372912.2055852814,-54541.93999119185,-5.0106490153570995,
15061,4ogj,61,0,15,0.4956,1,-427437.7736326674,-372912.2055852814,-54542.85405953684,398.62491000615984,
15062,4ogj,62,0,15,0.4956,1,-427433.2009413762,-372912.2055852814,-54528.56601201817,174.58347303027278,
15063,4ogj,63,0,15,0.4956,1,-427448.5222262365,-372912.2055852814,-54539.201439865705,66.5250432596039,
15064,4ogj,64,0,15,0.4956,1,-427430.72218062705,-372912.2055852814,-54542.07471033268,543.2630374580568,
15065,4ogj,65,0,15,0.4956,1,-427439.41191480285,-372912.2055852814,-54541.17088560097,322.030313405588,
15066,4ogj,66,0,15,0.4956,1,-427440.3037726206,-372912.2055852814,-54543.53978409972,356.09168067701995,
15067,4ogj,67,0,15,0.4956,1,-427447.88753301627,-372912.2055852814,-54540.266622186566,105.7251044816704,
15068,4ogj,68,0,15,0.4956,1,-427411.61550269224,-372912.2055852814,-54541.198134430575,963.659177340524,
15069,4ogj,69,0,15,0.4956,1,-427425.3858971072,-372912.2055852814,-54531.57859833621,424.2745660754527,
15070,4ogj,70,0,15,0.4956,1,-427413.5215800031,-372912.2055852814,-54537.219952695814,827.9649401714465,
15071,4ogj,71,0,15,0.4956,1,-427434.9110857918,-372912.2055852814,-54538.44049728739,362.8576457902797,
15072,4ogj,72,0,15,0.4956,1,-427418.24380122847,-372912.2055852814,-54542.130573362934,832.3095345088774,
15073,4ogj,73,0,15,0.4956,1,-427453.58700502646,-372912.2055852814,-54541.954474263715,13.214951137441636,
15074,4ogj,74,0,15,0.4956,1,-427408.5025889794,-372912.2055852814,-54530.60678238496,791.2022924696483,
15075,4ogj,75,0,15,0.4956,1,-427403.4567811861,-372912.2055852814,-54541.91517684686,1168.3391558066155,
15076,4ogj,76,0,15,0.4956,1,-427442.02284608013,-372912.2055852814,-54538.53484436207,201.0322527302969,
15077,4ogj,77,0,15,0.4956,1,-427406.20376790286,-372912.2055852814,-54529.844029610176,826.624869012911,
15078,4ogj,78,0,15,0.4956,1,-427446.21108678705,-372912.2055852814,-54541.82472809478,180.31564875767364,
15079,4ogj,79,0,15,0.4956,1,-427447.54233921313,-372912.2055852814,-54541.696896522146,146.66837241626968,
15080,4ogj,80,0,15,0.4956,1,-427454.1878024114,-372912.2055852814,-54542.350215622035,8.486246828080787,
15081,4ogj,81,0,15,0.4956,1,-427446.7396098742,-372912.2055852814,-54542.27194328689,178.4406441549808,
15082,4ogj,82,0,15,0.4956,1,-427454.8041294289,-372912.2055852814,-54542.60372404456,0.11945126373882217,
15083,4ogj,83,0,15,0.4956,1,-427449.9128088129,-372912.2055852814,-54541.97751890945,98.47535081412636,
15084,4ogj,84,0,15,0.4956,1,-427452.7233887685,-372912.2055852814,-54542.06880184345,35.76687178240182,
15085,4ogj,85,0,15,0.4956,1,-427450.3553856534,-372912.2055852814,-54541.64537000451,80.6097507066491,
15086,4ogj,86,0,15,0.4956,1,-427454.7733139468,-372912.2055852814,-54542.32718999013,-5.546953625397347,
15087,4ogj,87,0,15,0.4956,1,-427450.9002957716,-372912.2055852814,-54541.90381103831,74.00361668351673,
15088,4ogj,88,0,15,0.4956,1,-427446.80867322505,-372912.2055852814,-54541.40943531021,156.9580989988831,
15089,4ogj,89,0,15,0.4956,1,-427452.40878068603,-372912.2055852814,-54541.73038582586,35.21784775568826,
15090,4ogj,90,0,15,0.4956,1,-427452.9913465153,-372912.2055852814,-54541.92478285804,26.26646264396241,
15091,4ogj,91,0,15,0.4956,1,-427455.3919082656,-372912.2055852814,-54542.22490579721,-22.17080702510774,
15092,4ogj,92,0,15,0.4956,1,-427453.7340689371,-372912.2055852814,-54541.955808081475,9.854335360860205,
15093,4ogj,93,0,15,0.4956,1,-427453.0383652819,-372912.2055852814,-54541.89924933842,24.593367177881756,
15094,4ogj,94,0,15,0.4956,1,-427448.69359958894,-372912.2055852814,-54533.69455686938,-64.41865886493599,
15095,4ogj,95,0,15,0.4956,1,-427453.09160079784,-372912.2055852814,-54541.80808086034,21.263331966563495,
15096,4ogj,96,0,15,0.4956,1,-427452.7323306868,-372912.2055852814,-54542.37618567504,42.649105798024394,
15097,4ogj,97,0,15,0.4956,1,-427422.2043166229,-372912.2055852814,-54542.10413391226,740.3681716042032,
15098,4ogj,98,0,15,0.4956,1,-427454.9168685747,-372912.2055852814,-54542.74981232807,0.8885006500075046,
15099,4ogj,99,0,15,0.4956,1,-427458.85620296723,-372912.2055852814,-54542.272430189725,-100.9634021648663,
15100,4ogj,100,0,15,0.4956,1,-427446.54994650907,-372912.2055852814,-54542.861869566965,196.41840845655597,
16001,2wbg,1,0,16,0.3853,0,-402156.7972153366,-372912.2055852814,-29245.712877254326,25.85657466626711,
16002,2wbg,2,0,16,0.3853,0,-402157.36215191474,-372912.2055852814,-29245.806856493782,14.996040430975643,
16003,2wbg,3,0,16,0.3853,0,-402128.794931286,-372912.2055852814,-29245.259050111596,661.1390828492547,
16004,2wbg,4,0,16,0.3853,0,-402110.9954252926,-372912.2055852814,-29242.95042262538,1018.3672276032734,
16005,2wbg,5,0,16,0.3853,0,-402146.19716748,-372912.2055852814,-29235.752149652082,40.599649970232264,
16006,2wbg,6,0,16,0.3853,0,-402136.3651506391,-372912.2055852814,-29242.415889541946,421.00083706287415,
16007,2wbg,7,0,16,0.3853,0,-402147.7428517574,-372912.2055852814,-29245.275040428478,224.5584019957175,
16008,2wbg,8,0,16,0.3853,0,-402153.9728909224,-372912.2055852814,-29245.25971369012,80.536842861485,
16009,2wbg,9,0,16,0.3853,0,-402154.17411167326,-372912.2055852814,-29243.291774492103,30.51482610798144,
16010,2wbg,10,0,16,0.3853,0,-402155.0747338471,-372912.2055852814,-29245.03063170178,49.84498524486535,
16011,2wbg,11,0,16,0.3853,0,-402143.29770169494,-372912.2055852814,-29243.010052780945,274.8341416432307,
16012,2wbg,12,0,16,0.3853,0,-402154.3481659531,-372912.2055852814,-29242.210250179607,1.5604959237297114,
16013,2wbg,13,0,16,0.3853,0,-402150.0453379095,-372912.2055852814,-29241.662479023773,88.1541648916951,
16014,2wbg,14,0,16,0.3853,0,-402156.4616424977,-372912.2055852814,-29245.3815862344,25.955315757562193,
16015,2wbg,15,0,16,0.3853,0,-402152.85480988864,-372912.2055852814,-29244.027000109974,77.89335354245773,
16016,2wbg,16,0,16,0.3853,0,-402156.65407159325,-372912.2055852814,-29244.887251119453,10.118156832658288,
16017,2wbg,17,0,16,0.3853,0,-402154.3924322963,-372912.2055852814,-29245.329605738956,72.47373787673305,
16018,2wbg,18,0,16,0.3853,0,-402153.3197693466,-372912.2055852814,-29245.130070905518,92.6085505635431,
16019,2wbg,19,0,16,0.3853,0,-402155.22826101724,-372912.2055852814,-29244.518016736332,34.4833826654526,
16020,2wbg,20,0,16,0.3853,0,-402155.2325603604,-372912.2055852814,-29245.312091212112,52.696029886752996,
16021,2wbg,21,0,16,0.3853,0,-402145.1959601581,-372912.2055852814,-29245.27926842435,283.3886174420873,
16022,2wbg,22,0,16,0.3853,0,-402153.06425785396,-372912.2055852814,-29242.540751497578,38.78966150587784,
16023,2wbg,23,0,16,0.3853,0,-402148.18340825377,-372912.2055852814,-29244.225289444763,190.19109506861557,
16024,2wbg,24,0,16,0.3853,0,-402149.4624362826,-372912.2055852814,-29242.394451002914,118.47587057464793,
16025,2wbg,25,0,16,0.3853,0,-402150.1852638066,-372912.2055852814,-29245.240505854923,167.4386559273581,
16026,2wbg,26,0,16,0.3853,0,-402154.401217365,-372912.2055852814,-29245.308705072246,71.7891685554735,
16027,2wbg,27,0,16,0.3853,0,-402153.10955161694,-372912.2055852814,-29240.699344496552,-4.718691704748027,
16028,2wbg,28,0,16,0.3853,0,-402152.50341686024,-372912.2055852814,-29245.283624510605,114.97511637696914,
16029,2wbg,29,0,16,0.3853,0,-402144.1913668752,-372912.2055852814,-29245.30004481538,307.0342038513355,
16030,2wbg,30,0,16,0.3853,0,-402121.6834903595,-372912.2055852814,-29242.418937187038,759.6382465382909,
16031,2wbg,31,0,16,0.3853,0,-402153.9157963479,-372912.2055852814,-29245.33536217672,83.59797057112175,
16032,2wbg,32,0,16,0.3853,0,-402152.36452826275,-372912.2055852814,-29245.251488010723,117.43687822984641,
16033,2wbg,33,0,16,0.3853,0,-402149.51070004114,-372912.2055852814,-29241.844754915077,104.68658893653736,
16034,2wbg,34,0,16,0.3853,0,-402128.687563756,-372912.2055852814,-29227.944185356933,264.32477005467445,
16035,2wbg,35,0,16,0.3853,0,-402143.16095685307,-372912.2055852814,-29244.09012333614,302.894571308411,
16036,2wbg,36,0,16,0.3853,0,-402151.41737004515,-372912.2055852814,-29241.696634094555,57.30198684542396,
16037,2wbg,37,0,16,0.3853,0,-402149.8352180061,-372912.2055852814,-29245.275513152916,176.31819132247912,
16038,2wbg,38,0,16,0.3853,0,-402155.8614791271,-372912.2055852814,-29245.386708001923,39.91352263644736,
16039,2wbg,39,0,16,0.3853,0,-402145.6110379928,-372912.2055852814,-29234.29699657424,20.559489892349216,
16040,2wbg,40,0,16,0.3853,0,-402150.12538316246,-372912.2055852814,-29241.10796539052,73.52088934441184,
16041,2wbg,41,0,16,0.3853,0,-402150.3606994391,-372912.2055852814,-29241.68491296037,81.39909412257695,
16042,2wbg,42,0,16,0.3853,0,-402138.8493196008,-372912.2055852814,-29245.407437305294,432.70127018645644,
16043,2wbg,43,0,16,0.3853,0,-402146.733327561,-372912.2055852814,-29245.301694195095,248.45323347260148,
16044,2wbg,44,0,16,0.3853,0,-402144.57003993663,-372912.2055852814,-29245.37129871114,299.9449494771723,
16045,2wbg,45,0,16,0.3853,0,-402150.1786019442,-372912.2055852814,-29240.855073730785,66.46181486785858,
16046,2wbg,46,0,16,0.3853,0,-402148.56560724345,-372912.2055852814,-29245.300609628986,206.17484952774785,
16047,2wbg,47,0,16,0.3853,0,-402154.3249908918,-372912.2055852814,-29244.996235351402,66.34126984360516,
16048,2wbg,48,0,16,0.3853,0,-402153.0508307159,-372912.2055852814,-29243.87843016847,69.94690163688843,
16049,2wbg,49,0,16,0.3853,0,-402155.28211840393,-372912.2055852814,-29245.38987622722,53.34695931471209,
16050,2wbg,50,0,16,0.3853,0,-402138.7293992578,-372912.2055852814,-29242.487316768,368.1271196703556,
16051,2wbg,51,0,16,0.3853,0,-402152.59118280653,-372912.2055852814,-29245.322402994458,113.84543865643907,
16052,2wbg,52,0,16,0.3853,0,-402146.1004845142,-372912.2055852814,-29238.716689686615,111.19312938990721,
16053,2wbg,53,0,16,0.3853,0,-402150.96677494916,-372912.2055852814,-29245.337938468296,151.66343028516297,
16054,2wbg,54,0,16,0.3853,0,-402150.811985099,-372912.2055852814,-29244.581213395428,137.78247429129345,
16055,2wbg,55,0,16,0.3853,0,-402147.3174001211,-372912.2055852814,-29245.297851126033,234.89557698659002,
16056,2wbg,56,0,16,0.3853,0,-402128.6121516764,-372912.2055852814,-29244.496042888004,647.7587162049208,
16057,2wbg,57,0,16,0.3853,0,-402140.868981981,-372912.2055852814,-29243.487854640323,341.8601214053529,
16058,2wbg,58,0,16,0.3853,0,-402152.00595720974,-372912.2055852814,-29245.364562015366,128.3132716410846,
16059,2wbg,59,0,16,0.3853,0,-402122.4837289685,-372912.2055852814,-29245.076009671528,802.4578529383465,
16060,2wbg,60,0,16,0.3853,0,-402148.8019474983,-372912.2055852814,-29243.879844944317,167.96110180991246,
16061,2wbg,61,0,16,0.3853,0,-402154.3023971856,-372912.2055852814,-29244.33685944541,51.65672346778451,
16062,2wbg,62,0,16,0.3853,0,-402153.5365991383,-372912.2055852814,-29245.2592785166,90.58793507722969,
16063,2wbg,63,0,16,0.3853,0,-402149.53895946685,-372912.2055852814,-29242.327252785984,115.16157632840408,
16064,2wbg,64,0,16,0.3853,0,-402147.29167806474,-372912.2055852814,-29245.74423293336,245.7825507156223,
16065,2wbg,65,0,16,0.3853,0,-402153.7861420452,-372912.2055852814,-29245.34421328767,86.79198128668206,
16066,2wbg,66,0,16,0.3853,0,-402155.74642446014,-372912.2055852814,-29245.37663976414,42.33456720757142,
16067,2wbg,67,0,16,0.3853,0,-402148.32672523794,-372912.2055852814,-29245.744136731464,221.91157740244915,
16068,2wbg,68,0,16,0.3853,0,-402156.19810555276,-372912.2055852814,-29245.576161722976,36.519639442131954,
16069,2wbg,69,0,16,0.3853,0,-402156.28886162606,-372912.2055852814,-29245.175974111396,25.198209114748344,
16070,2wbg,70,0,16,0.3853,0,-402157.035862827,-372912.2055852814,-29245.69973037703,20.050058606748173,
16071,2wbg,71,0,16,0.3853,0,-402157.2682020897,-372912.2055852814,-29245.296522776905,5.393999777314806,
16072,2wbg,72,0,16,0.3853,0,-402154.4058021547,-372912.2055852814,-29245.358545701343,72.83279300488529,
16073,2wbg,73,0,16,0.3853,0,-402155.736096108,-372912.2055852814,-29245.589432458717,47.47986077784925,
16074,2wbg,74,0,16,0.3853,0,-402157.0792157588,-372912.2055852814,-29245.288526515804,9.567729939536964,
16075,2wbg,75,0,16,0.3853,0,-402143.86143427435,-372912.2055852814,-29245.521557252232,319.75082851903704,
16076,2wbg,76,0,16,0.3853,0,-402154.143024945,-372912.2055852814,-29245.43359367116,80.62322671530522,
16077,2wbg,77,0,16,0.3853,0,-402157.654667759,-372912.2055852814,-29245.696681837875,5.709776890446818,
16078,2wbg,78,0,16,0.3853,0,-402157.79127765587,-372912.2055852814,-29245.33262697919,-5.83582665149786,
16079,2wbg,79,0,16,0.3853,0,-402157.89728193823,-372912.2055852814,-29245.305883686382,-8.897058458220034,
16080,2wbg,80,0,16,0.3853,0,-402158.13945376273,-372912.2055852814,-29245.146366636593,-18.160223956851787,
16081,2wbg,81,0,16,0.3853,0,-402158.5699851155,-372912.2055852814,-29245.44238410457,-21.262187830767715,
16082,2wbg,82,0,16,0.3853,0,-402154.62245541206,-372912.2055852814,-29245.356394688923,67.7870466757055,
16083,2wbg,83,0,16,0.3853,0,-402156.86088606063,-372912.2055852814,-29245.32698945268,15.48950878180427,
16084,2wbg,84,0,16,0.3853,0,-402156.7120520116,-372912.2055852814,-29245.508322398502,23.1033405594433,
16085,2wbg,85,0,16,0.3853,0,-402156.02352517215,-372912.2055852814,-29245.54319540723,39.78533735844613,
16086,2wbg,86,0,16,0.3853,0,-402156.854024553,-372912.2055852814,-29246.041878263783,32.1334665294249,
16087,2wbg,87,0,16,0.3853,0,-402153.8260309333,-372912.2055852814,-29245.70097575647,94.09925965128913,
16088,2wbg,88,0,16,0.3853,0,-402152.02626269474,-372912.2055852814,-29245.721449177105,136.0750294964579,
16089,2wbg,89,0,16,0.3853,0,-402158.69234361645,-372912.2055852814,-29245.759332399208,-16.7748405862114,
16090,2wbg,90,0,16,0.3853,0,-402149.31308139255,-372912.2055852814,-29245.76159648164,199.56829552511644,
16091,2wbg,91,0,16,0.3853,0,-402156.22935821954,-372912.2055852814,-29245.232936184246,27.88396687233801,
16092,2wbg,92,0,16,0.3853,0,-402155.7915863336,-372912.2055852814,-29245.122775535423,35.438861475885986,
16093,2wbg,93,0,16,0.3853,0,-402156.00054707524,-372912.2055852814,-29245.39930603965,36.997057217875266,
16094,2wbg,94,0,16,0.3853,0,-402155.24435871234,-372912.2055852814,-29245.707013885814,61.53108663371183,
16095,2wbg,95,0,16,0.3853,0,-402156.1057702983,-372912.2055852814,-29245.70995352729,41.73425329718967,
16096,2wbg,96,0,16,0.3853,0,-402159.7780297936,-372912.2055852814,-29245.745775561172,-42.123986714950846,
16097,2wbg,97,0,16,0.3853,0,-402160.35517681536,-372912.2055852814,-29245.802288215,-54.13010045922454,
16098,2wbg,98,0,16,0.3853,0,-402152.6030156552,-372912.2055852814,-29245.241744320232,111.71253346908078,
16099,2wbg,99,0,16,0.3853,0,-402153.8052905733,-372912.2055852814,-29245.340441863376,86.26343462934207,
16100,2wbg,100,0,16,0.3853,0,-402152.2082729281,-372912.2055852814,-29245.700293283302,131.38990730383009,
17001,2cet,1,0,17,0.3853,0,-401016.36046042974,-372912.2055852814,-28104.76510737954,14.072289555790483,
17002,2cet,2,0,17,0.3853,0,-401004.98405013885,-372912.2055852814,-28104.529019699676,270.9742319759034,
17003,2cet,3,0,17,0.3853,0,-401012.57130730053,-372912.2055852814,-28104.66094945489,99.050297726221,
17004,2cet,4,0,17,0.3853,0,-401016.6215370288,-372912.2055852814,-28104.73301415263,7.311632761327996,
17005,2cet,5,0,17,0.3853,0,-401008.81392948236,-372912.2055852814,-28104.65330420552,185.52118498102195,
17006,2cet,6,0,17,0.3853,0,-400992.95376211306,-372912.2055852814,-28104.596124158485,549.9467299928829,
17007,2cet,7,0,17,0.3853,0,-401014.13118722924,-372912.2055852814,-28104.70625798522,64.12345155098662,
17008,2cet,8,0,17,0.3853,0,-400991.0678323352,-372912.2055852814,-28104.568499670608,592.8002680166387,
17009,2cet,9,0,17,0.3853,0,-401001.1452386072,-372912.2055852814,-28093.31557975827,100.91126079997608,
17010,2cet,10,0,17,0.3853,0,-400991.99773058196,-372912.2055852814,-28104.568600879284,571.358638946821,
17011,2cet,11,0,17,0.3853,0,-400998.0090383727,-372912.2055852814,-28104.577976332286,432.9507911958496,
17012,2cet,12,0,17,0.3853,0,-401007.9148225182,-372912.2055852814,-28104.700886772258,207.3523641894577,
17013,2cet,13,0,17,0.3853,0,-401012.5198861649,-372912.2055852814,-28102.45588474093,49.38609697751115,
17014,2cet,14,0,17,0.3853,0,-401011.0101446798,-372912.2055852814,-28103.259734199615,102.73877159755358,
17015,2cet,15,0,17,0.3853,0,-401006.3435450185,-372912.2055852814,-28094.523663775304,8.894546421519586,
17016,2cet,16,0,17,0.3853,0,-401004.4296455673,-372912.2055852814,-28095.129827485664,67.00858349491429,
17017,2cet,17,0,17,0.3853,0,-401009.97220553394,-372912.2055852814,-28104.736253188235,160.72355367605545,
17018,2cet,18,0,17,0.3853,0,-400999.1984080812,-372912.2055852814,-28100.635359035106,314.60435938584845,
17019,2cet,19,0,17,0.3853,0,-400981.6059058299,-372912.2055852814,-28104.69641451655,813.9472631841285,
17020,2cet,20,0,17,0.3853,0,-401005.9478835455,-372912.2055852814,-28102.775741742236,208.31615540375932,
17021,2cet,21,0,17,0.3853,0,-401007.6505969753,-372912.2055852814,-28103.258722708804,180.18845659457577,
17022,2cet,22,0,17,0.3853,0,-401004.3043524911,-372912.2055852814,-28095.770618067356,84.674892330294,
17023,2cet,23,0,17,0.3853,0,-401009.23736296495,-372912.2055852814,-28102.239199028598,120.08598900214363,
17024,2cet,24,0,17,0.3853,0,-401011.41980829765,-372912.2055852814,-28104.443935976607,120.60004586323728,
17025,2cet,25,0,17,0.3853,0,-401006.4309132391,-372912.2055852814,-28104.503820763213,237.0276749692649,
17026,2cet,26,0,17,0.3853,0,-401008.87922572996,-372912.2055852814,-28104.74672006187,186.16963856355576,
17027,2cet,27,0,17,0.3853,0,-401005.4268337627,-372912.2055852814,-28095.915469185697,62.13020541983695,
17028,2cet,28,0,17,0.3853,0,-401015.63937353995,-372912.2055852814,-28104.43149052678,23.00756087779341,
17029,2cet,29,0,17,0.3853,0,-401012.8945018938,-372912.2055852814,-28104.696119771583,92.4083001203029,
17030,2cet,30,0,17,0.3853,0,-401009.0634792139,-372912.2055852814,-28095.768899933668,-25.112798197195126,
17031,2cet,31,0,17,0.3853,0,-401015.3528722514,-372912.2055852814,-28104.648054586036,34.608523392383816,
17032,2cet,32,0,17,0.3853,0,-401019.9848851555,-372912.2055852814,-28103.959477887733,-88.08718762087891,
17033,2cet,33,0,17,0.3853,0,-401012.92132276203,-372912.2055852814,-28104.722989009006,92.40941553984358,
17034,2cet,34,0,17,0.3853,0,-401012.8157526245,-372912.2055852814,-28102.845732138736,51.553348899292956,
17035,2cet,35,0,17,0.3853,0,-401015.7451588501,-372912.2055852814,-28104.394661472423,19.718795503732377,
17036,2cet,36,0,17,0.3853,0,-401013.79568204196,-372912.2055852814,-28100.787446067912,-18.50956468864957,
17037,2cet,37,0,17,0.3853,0,-401012.87315824535,-372912.2055852814,-28102.72206317006,47.37766966608628,
17038,2cet,38,0,17,0.3853,0,-401014.102439343,-372912.2055852814,-28103.257523880573,31.37779144267959,
17039,2cet,39,0,17,0.3853,0,-401010.6998636861,-372912.2055852814,-28104.416646586043,136.57305471670608,
17040,2cet,40,0,17,0.3853,0,-401015.9492978447,-372912.2055852814,-28104.595144675357,19.634490944603876,
17041,2cet,41,0,17,0.3853,0,-401015.5647917979,-372912.2055852814,-28104.717492924316,31.322828675796174,
17042,2cet,42,0,17,0.3853,0,-401011.5614700904,-372912.2055852814,-28104.452381239505,117.52799970450957,
17043,2cet,43,0,17,0.3853,0,-401012.65153470536,-372912.2055852814,-28104.74789612113,99.20524757530322,
17044,2cet,44,0,17,0.3853,0,-400997.780392482,-372912.2055852814,-28104.43107091008,434.835771179651,
17045,2cet,45,0,17,0.3853,0,-401014.7278951397,-372912.2055852814,-28104.606536791904,48.06341489237543,
17046,2cet,46,0,17,0.3853,0,-401016.0421509137,-372912.2055852814,-28104.475407586666,14.732045445858207,
17047,2cet,47,0,17,0.3853,0,-401003.842858388,-372912.2055852814,-28104.66309420882,300.3825705619866,
17048,2cet,48,0,17,0.3853,0,-401012.28554969945,-372912.2055852814,-28103.458703325374,77.91557018014947,
17049,2cet,49,0,17,0.3853,0,-401014.7862703347,-372912.2055852814,-28104.67578838883,48.31423068017971,
17050,2cet,50,0,17,0.3853,0,-401011.4610960027,-372912.2055852814,-28103.9464807373,108.17633842603955,
17051,2cet,51,0,17,0.3853,0,-401013.3470876803,-372912.2055852814,-28104.665845559222,81.2732840205639,
17052,2cet,52,0,17,0.3853,0,-401009.2569399171,-372912.2055852814,-28095.113658235652,-44.68434051409579,
17053,2cet,53,0,17,0.3853,0,-401015.29291588,-372912.2055852814,-28104.62006335078,35.34565694414657,
17054,2cet,54,0,17,0.3853,0,-401015.35361440387,-372912.2055852814,-28104.577297077747,32.95970204605102,
17055,2cet,55,0,17,0.3853,0,-401013.23417338624,-372912.2055852814,-28104.118244991885,71.24918042440228,
17056,2cet,56,0,17,0.3853,0,-401013.3089882126,-372912.2055852814,-28104.69459842263,82.81493539955973,
17057,2cet,57,0,17,0.3853,0,-401014.29662468965,-372912.2055852814,-28104.725722478015,60.75723494927447,
17058,2cet,58,0,17,0.3853,0,-401013.0903185597,-372912.2055852814,-28104.7336144906,88.75730929052193,
17059,2cet,59,0,17,0.3853,0,-400996.9635284385,-372912.2055852814,-28095.127509043796,239.12787011409114,
17060,2cet,60,0,17,0.3853,0,-401012.24686151656,-372912.2055852814,-28104.685748205764,107.10406802669503,
17061,2cet,61,0,17,0.3853,0,-401002.4780155712,-372912.2055852814,-28102.787636802776,288.6075184032488,
17062,2cet,62,0,17,0.3853,0,-401014.1569213858,-372912.2055852814,-28101.012934372993,-21.640058010626174,
17063,2cet,63,0,17,0.3853,0,-401014.95757987996,-372912.2055852814,-28104.457133577453,39.32143898105638,
17064,2cet,64,0,17,0.3853,0,-401009.3973642581,-372912.2055852814,-28104.633476183993,171.60961438970452,
17065,2cet,65,0,17,0.3853,0,-401012.2754733255,-372912.2055852814,-28104.728364990337,107.42703043674373,
17066,2cet,66,0,17,0.3853,0,-401006.07795211574,-372912.2055852814,-28104.49728714046,245.0164829163768,
17067,2cet,67,0,17,0.3853,0,-401011.9295071651,-372912.2055852814,-28102.55192481099,65.21529677040661,
17068,2cet,68,0,17,0.3853,0,-401013.3121671968,-372912.2055852814,-28104.624677644355,81.12921483019807,
17069,2cet,69,0,17,0.3853,0,-401012.3404395275,-372912.2055852814,-28104.726819561107,105.89323578313068,
17070,2cet,70,0,17,0.3853,0,-401012.443038269,-372912.2055852814,-28104.67203931627,102.26399014169905,
17071,2cet,71,0,17,0.3853,0,-401013.4142051627,-372912.2055852814,-28104.651893065555,79.40376595928139,
17072,2cet,72,0,17,0.3853,0,-401014.58553221734,-372912.2055852814,-28104.569897637946,50.50146291073045,
17073,2cet,73,0,17,0.3853,0,-401004.6482399544,-372912.2055852814,-28100.92689298211,195.65118333467015,
17074,2cet,74,0,17,0.3853,0,-401001.0661613038,-372912.2055852814,-28104.561839864822,362.0797458403088,
17075,2cet,75,0,17,0.3853,0,-401011.1040016105,-372912.2055852814,-28104.693550811393,133.63897591473514,
17076,2cet,76,0,17,0.3853,0,-401004.24282637174,-372912.2055852814,-28104.562697516067,288.84388700622156,
17077,2cet,77,0,17,0.3853,0,-400998.75657474925,-372912.2055852814,-28104.54478155194,414.9467030099436,
17078,2cet,78,0,17,0.3853,0,-401013.65243354347,-372912.2055852814,-28104.78998510656,77.09456710727203,
17079,2cet,79,0,17,0.3853,0,-401012.8120647957,-372912.2055852814,-28104.50366900979,89.87132476636778,
17080,2cet,80,0,17,0.3853,0,-401004.86967366864,-372912.2055852814,-28104.59703265248,275.1802319892164,
17081,2cet,81,0,17,0.3853,0,-401010.11533549335,-372912.2055852814,-28104.371904657466,149.02082168023077,
17082,2cet,82,0,17,0.3853,0,-401013.76535841724,-372912.2055852814,-28104.59153621015,69.91411738686453,
17083,2cet,83,0,17,0.3853,0,-401014.02290475264,-372912.2055852814,-28104.547098026855,62.95018894933942,
17084,2cet,84,0,17,0.3853,0,-401014.56421334954,-372912.2055852814,-28104.179211543185,41.98365230639605,
17085,2cet,85,0,17,0.3853,0,-401015.10476273205,-372912.2055852814,-28104.64846669255,40.339568232914786,
17086,2cet,86,0,17,0.3853,0,-401012.4200369706,-372912.2055852814,-28104.42707948503,97.14550477935073,
17087,2cet,87,0,17,0.3853,0,-401013.5742158283,-372912.2055852814,-28104.459973381145,71.28805928989793,
17088,2cet,88,0,17,0.3853,0,-401014.31137248786,-372912.2055852814,-28104.591935203654,57.33193480373415,
17089,2cet,89,0,17,0.3853,0,-401015.6044222405,-372912.2055852814,-28104.385345683677,22.749431628538176,
17090,2cet,90,0,17,0.3853,0,-401014.4627901902,-372912.2055852814,-28104.26018868503,46.1899031766377,
17091,2cet,91,0,17,0.3853,0,-401009.24839183583,-372912.2055852814,-28104.03597156821,161.26621628811668,
17092,2cet,92,0,17,0.3853,0,-401015.23722579994,-372912.2055852814,-28103.918276713473,20.446316382199797,
17093,2cet,93,0,17,0.3853,0,-401013.80391442706,-372912.2055852814,-28104.306023345573,62.44091160832918,
17094,2cet,94,0,17,0.3853,0,-401016.544229134,-372912.2055852814,-28104.60415016231,6.122720955278624,
17095,2cet,95,0,17,0.3853,0,-401012.9166214754,-372912.2055852814,-28104.365331874476,84.27006032686276,
17096,2cet,96,0,17,0.3853,0,-401011.88973918464,-372912.2055852814,-28104.643302546127,114.36068447895197,
17097,2cet,97,0,17,0.3853,0,-401016.457927882,-372912.2055852814,-28104.535985217673,6.540954138976238,
17098,2cet,98,0,17,0.3853,0,-401000.97564464714,-372912.2055852814,-28104.503629491897,362.8247464410879,
17099,2cet,99,0,17,0.3853,0,-401013.5891469707,-372912.2055852814,-28104.318851934062,67.6894010863083,
17100,2cet,100,0,17,0.3853,0,-401014.0415274194,-372912.2055852814,-28104.317793593986,57.232854209562724,
18001,2j7h,1,0,18,0.3853,2,-387442.23921611876,-372912.2055852814,-14523.248512970695,-156.4685351000945,
18002,2j7h,2,0,18,0.3853,2,-387413.6830445674,-372912.2055852814,-14523.625318276176,510.7417615889741,
18003,2j7h,3,0,18,0.3853,2,-387439.9353640078,-372912.2055852814,-14522.902881073245,-111.3109042029801,
18004,2j7h,4,0,18,0.3853,2,-387431.06649009854,-372912.2055852814,-14522.905094819555,93.26123698724814,
18005,2j7h,5,0,18,0.3853,2,-387441.76348152757,-372912.2055852814,-14523.772000419376,-133.4259274561613,
18006,2j7h,6,0,18,0.3853,2,-387427.2220566866,-372912.2055852814,-14522.905013876447,181.91411097288093,
18007,2j7h,7,0,18,0.3853,2,-387442.1906417902,-372912.2055852814,-14523.498306410798,-149.58801090019924,
18008,2j7h,8,0,18,0.3853,2,-387441.29903012526,-372912.2055852814,-14523.493703203687,-129.13310993173818,
18009,2j7h,9,0,18,0.3853,2,-387436.34705111384,-372912.2055852814,-14523.490519838808,-15.011171220868787,
18010,2j7h,10,0,18,0.3853,2,-387442.1174953279,-372912.2055852814,-14523.496624755153,-147.93999330757902,
18011,2j7h,11,0,18,0.3853,2,-387439.510856479,-372912.2055852814,-14523.492968516835,-87.91378831401762,
18012,2j7h,12,0,18,0.3853,2,-387421.6153388025,-372912.2055852814,-14523.62301321555,327.7655550131307,
18013,2j7h,13,0,18,0.3853,2,-387442.5653384328,-372912.2055852814,-14523.624793516883,-155.31185878828228,
18014,2j7h,14,0,18,0.3853,2,-387442.0820216984,-372912.2055852814,-14523.492977338323,-147.206063408428,
18015,2j7h,15,0,18,0.3853,2,-387445.8236977752,-372912.2055852814,-14524.008143680581,-221.6111454673431,
18016,2j7h,16,0,18,0.3853,2,-387440.9569745955,-372912.2055852814,-14523.495139228591,-121.21200650590981,
18017,2j7h,17,0,18,0.3853,2,-387429.90442213416,-372912.2055852814,-14523.621315138815,136.57559379186984,
18018,2j7h,18,0,18,0.3853,2,-387440.1295775172,-372912.2055852814,-14523.494143801221,-102.1547317078985,
18019,2j7h,19,0,18,0.3853,2,-387442.9607165601,-372912.2055852814,-14523.496796178111,-167.38118375669674,
18020,2j7h,20,0,18,0.3853,2,-387441.3420583008,-372912.2055852814,-14522.904347943553,-143.71621839737915,
18021,2j7h,21,0,18,0.3853,2,-387442.366057381,-372912.2055852814,-14522.903017925499,-167.36086910930115,
18022,2j7h,22,0,18,0.3853,2,-387443.06387645006,-372912.2055852814,-14523.494696544894,-169.8085260261507,
18023,2j7h,23,0,18,0.3853,2,-387441.42684948404,-372912.2055852814,-14523.619166778812,-129.18743559336778,
18024,2j7h,24,0,18,0.3853,2,-387442.14935904724,-372912.2055852814,-14523.624313699493,-145.73021112312344,
18025,2j7h,25,0,18,0.3853,2,-387438.84210932255,-372912.2055852814,-14523.623930650243,-69.47205398464341,
18026,2j7h,26,0,18,0.3853,2,-387439.595227629,-372912.2055852814,-14522.903233694324,-103.45904133615834,
18027,2j7h,27,0,18,0.3853,2,-387429.9877142902,-372912.2055852814,-14523.493796335944,131.71417759045866,
18028,2j7h,28,0,18,0.3853,2,-387440.9513767657,-372912.2055852814,-14523.495719658622,-121.06953244913932,
18029,2j7h,29,0,18,0.3853,2,-387440.24392497534,-372912.2055852814,-14523.621924059877,-101.84496396861643,
18030,2j7h,30,0,18,0.3853,2,-387442.0759247541,-372912.2055852814,-14523.49440710474,-147.03249333526546,
18031,2j7h,31,0,18,0.3853,2,-387437.90368813236,-372912.2055852814,-14523.624591039905,-47.81631829556131,
18032,2j7h,32,0,18,0.3853,2,-387440.8667801766,-372912.2055852814,-14523.495639520177,-119.12053679653539,
18033,2j7h,33,0,18,0.3853,2,-387440.1686851085,-372912.2055852814,-14523.495318191526,-103.02949210295718,
18034,2j7h,34,0,18,0.3853,2,-387442.51788032067,-372912.2055852814,-14523.624919521098,-154.21454299747273,
18035,2j7h,35,0,18,0.3853,2,-387436.2322548028,-372912.2055852814,-14523.493309574613,-12.299572562679263,
18036,2j7h,36,0,18,0.3853,2,-387441.2419231829,-372912.2055852814,-14523.491736488828,-127.86154607838657,
18037,2j7h,37,0,18,0.3853,2,-387441.5052238703,-372912.2055852814,-14523.497222261914,-133.80689924056787,
18038,2j7h,38,0,18,0.3853,2,-387441.47619846475,-372912.2055852814,-14523.62001987029,-130.30577736663432,
18039,2j7h,39,0,18,0.3853,2,-387441.5956348475,-372912.2055852814,-14523.624336438665,-132.96050335167848,
18040,2j7h,40,0,18,0.3853,2,-387441.31039854855,-372912.2055852814,-14522.90473173786,-142.97727665939337,
18041,2j7h,41,0,18,0.3853,2,-387441.39286842913,-372912.2055852814,-14522.899986135253,-144.9885134810353,
18042,2j7h,42,0,18,0.3853,2,-387440.86467292876,-372912.2055852814,-14523.49488426972,-119.0893589965394,
18043,2j7h,43,0,18,0.3853,2,-387416.19170188863,-372912.2055852814,-14523.625340687522,452.89126626033254,
18044,2j7h,44,0,18,0.3853,2,-387429.95511427504,-372912.2055852814,-14522.906941907891,118.93276719181802,
18045,2j7h,45,0,18,0.3853,2,-387436.2413958609,-372912.2055852814,-14523.49350421358,-12.50588188985399,
18046,2j7h,46,0,18,0.3853,2,-387440.8226887584,-372912.2055852814,-14523.623628991132,-115.15225722118845,
18047,2j7h,47,0,18,0.3853,2,-387438.55236494495,-372912.2055852814,-14522.904528873452,-79.3801889894144,
18048,2j7h,48,0,18,0.3853,2,-387435.9939996746,-372912.2055852814,-14523.493961738834,-6.79023951992437,
18049,2j7h,49,0,18,0.3853,2,-387436.8673664927,-372912.2055852814,-14523.497253971575,-26.85463611099196,
18050,2j7h,50,0,18,0.3853,2,-387422.4500473437,-372912.2055852814,-14523.497145640144,305.6141435319473,
18051,2j7h,51,0,18,0.3853,2,-387442.0750142928,-372912.2055852814,-14523.624421315679,-144.0132986689222,
18052,2j7h,52,0,18,0.3853,2,-387431.3650699408,-372912.2055852814,-14523.496498125085,100.01390646793438,
18053,2j7h,53,0,18,0.3853,2,-387443.59885400534,-372912.2055852814,-14523.603354739425,-179.6396840357054,
18054,2j7h,54,0,18,0.3853,2,-387436.0422856809,-372912.2055852814,-14523.623141693359,-4.924780756795295,
18055,2j7h,55,0,18,0.3853,2,-387442.49794617255,-372912.2055852814,-14523.621195750722,-153.84072280615837,
18056,2j7h,56,0,18,0.3853,2,-387438.72551850945,-372912.2055852814,-14523.62362994481,-66.7903403947115,
18057,2j7h,57,0,18,0.3853,2,-387427.01391887636,-372912.2055852814,-14523.493248539457,200.27889648301797,
18058,2j7h,58,0,18,0.3853,2,-387437.56673893303,-372912.2055852814,-14523.622054266223,-40.10458455893586,
18059,2j7h,59,0,18,0.3853,2,-387442.0528842805,-372912.2055852814,-14523.494788276443,-146.49237736399334,
18060,2j7h,60,0,18,0.3853,2,-387431.3896445331,-372912.2055852814,-14523.492791729459,99.36173139311998,
18061,2j7h,61,0,18,0.3853,2,-387441.8485582468,-372912.2055852814,-14523.50010492135,-141.65790234643836,
18062,2j7h,62,0,18,0.3853,2,-387442.448209852,-372912.2055852814,-14523.493347036132,-155.64203740473798,
18063,2j7h,63,0,18,0.3853,2,-387440.12112489296,-372912.2055852814,-14522.904679911622,-115.55316978243829,
18064,2j7h,64,0,18,0.3853,2,-387441.15250480146,-372912.2055852814,-14523.622318404206,-122.78821871056189,
18065,2j7h,65,0,18,0.3853,2,-387442.1385158598,-372912.2055852814,-14523.65770672488,-144.71009982104664,
18066,2j7h,66,0,18,0.3853,2,-387441.2175234556,-372912.2055852814,-14523.493872302064,-127.24962197682629,
18067,2j7h,67,0,18,0.3853,2,-387422.96329535503,-372912.2055852814,-14523.62251569558,296.6694653770959,
18068,2j7h,68,0,18,0.3853,2,-387439.25445711595,-372912.2055852814,-14523.494468050489,-81.96649847120868,
18069,2j7h,69,0,18,0.3853,2,-387443.9472358822,-372912.2055852814,-14523.540647762296,-189.11961821638195,
18070,2j7h,70,0,18,0.3853,2,-387444.3966892659,-372912.2055852814,-14523.841437923202,-192.54787357592758,
18071,2j7h,71,0,18,0.3853,2,-387444.0852472182,-372912.2055852814,-14524.153933691272,-178.15952573186954,
18072,2j7h,72,0,18,0.3853,2,-387442.8019901214,-372912.2055852814,-14523.646936016568,-160.2585582002691,
18073,2j7h,73,0,18,0.3853,2,-387442.97388759226,-372912.2055852814,-14523.667975681314,-163.73742185321444,
18074,2j7h,74,0,18,0.3853,2,-387442.01326707006,-372912.2055852814,-14523.214772301202,-152.03610457782145,
18075,2j7h,75,0,18,0.3853,2,-387442.07601702167,-372912.2055852814,-14523.685328649768,-142.63186565523887,
18076,2j7h,76,0,18,0.3853,2,-387441.94477277965,-372912.2055852814,-14523.61789928604,-141.16025960214742,
18077,2j7h,77,0,18,0.3853,2,-387439.88732324546,-372912.2055852814,-14523.652575301418,-92.91469829878503,
18078,2j7h,78,0,18,0.3853,2,-387442.56763675815,-372912.2055852814,-14523.646806555276,-154.85722670537697,
18079,2j7h,79,0,18,0.3853,2,-387441.1550451515,-372912.2055852814,-14523.432833718547,-127.21642123048942,
18080,2j7h,80,0,18,0.3853,2,-387441.4894131721,-372912.2055852814,-14523.605577754268,-130.9435588654165,
18081,2j7h,81,0,18,0.3853,2,-387443.0875310895,-372912.2055852814,-14524.098322438487,-156.43407117914177,
18082,2j7h,82,0,18,0.3853,2,-387443.20513260365,-372912.2055852814,-14523.390622275358,-175.4659799828229,
18083,2j7h,83,0,18,0.3853,2,-387441.38144463254,-372912.2055852814,-14523.545929508695,-129.82926641424183,
18084,2j7h,84,0,18,0.3853,2,-387439.17369134695,-372912.2055852814,-14523.515065657386,-79.62900349300797,
18085,2j7h,85,0,18,0.3853,2,-387435.1362214536,-372912.2055852814,-14523.573091464517,14.815370997913798,
18086,2j7h,86,0,18,0.3853,2,-387441.43172097206,-372912.2055852814,-14523.428073453193,-133.70649155151236,
18087,2j7h,87,0,18,0.3853,2,-387442.28525084216,-372912.2055852814,-14524.061702328214,-138.7775289665979,
18088,2j7h,88,0,18,0.3853,2,-387443.13336378307,-372912.2055852814,-14523.7194625609,-166.22771452975877,
18089,2j7h,89,0,18,0.3853,2,-387440.25360664725,-372912.2055852814,-14523.570121812114,-103.26281683918153,
18090,2j7h,90,0,18,0.3853,2,-387444.6722646206,-372912.2055852814,-14523.474190639743,-207.37171576968328,
18091,2j7h,91,0,18,0.3853,2,-387430.8941230323,-372912.2055852814,-14523.579464452752,112.78744914506616,
18092,2j7h,92,0,18,0.3853,2,-387442.0308518408,-372912.2055852814,-14523.230179923066,-152.08631082368296,
18093,2j7h,93,0,18,0.3853,2,-387442.83444377786,-372912.2055852814,-14523.558131652353,-163.05483458519345,
18094,2j7h,94,0,18,0.3853,2,-387434.36659893405,-372912.2055852814,-14523.579255836492,32.70544171637853,
18095,2j7h,95,0,18,0.3853,2,-387442.1529902365,-372912.2055852814,-14523.853251593599,-140.5345150788354,
18096,2j7h,96,0,18,0.3853,2,-387442.166355252,-372912.2055852814,-14523.550970690736,-147.81348287686572,
18097,2j7h,97,0,18,0.3853,2,-387441.3945719152,-372912.2055852814,-14524.133595990417,-116.58007773391215,
18098,2j7h,98,0,18,0.3853,2,-387440.4558537006,-372912.2055852814,-14523.69438542653,-105.06115766217212,
18099,2j7h,99,0,18,0.3853,2,-387444.09952563007,-372912.2055852814,-14523.575569766053,-191.8261826926407,
18100,2j7h,100,0,18,0.3853,2,-387444.3232636152,-372912.2055852814,-14523.704800563344,-194.00557021811008,
19001,2cbv,1,0,19,0.3853,1,-390084.6977147908,-372912.2055852814,-17170.08218518132,-55.57463644671757,
19002,2cbv,2,0,19,0.3853,1,-390082.924675301,-372912.2055852814,-17169.955349417854,-17.612276676406115,
19003,2cbv,3,0,19,0.3853,1,-390085.88829611207,-372912.2055852814,-17170.26993015641,-78.70059197363776,
19004,2cbv,4,0,19,0.3853,1,-390085.5516337303,-372912.2055852814,-17170.04160353774,-76.20230992691273,
19005,2cbv,5,0,19,0.3853,1,-390073.53335209197,-372912.2055852814,-17170.244300755203,205.6201575141473,
19006,2cbv,6,0,19,0.3853,1,-390081.6306059362,-372912.2055852814,-17170.2330094301,18.63266379934936,
19007,2cbv,7,0,19,0.3853,1,-390061.7552594986,-372912.2055852814,-17169.556090744674,461.3589252515284,
19008,2cbv,8,0,19,0.3853,1,-390052.85408303136,-372912.2055852814,-17169.55493125552,666.5981924681407,
19009,2cbv,9,0,19,0.3853,1,-390061.1479442568,-372912.2055852814,-17169.556706818283,475.3781544288076,
19010,2cbv,10,0,19,0.3853,1,-390067.38562899845,-372912.2055852814,-17169.55583670968,331.51366191001114,
19011,2cbv,11,0,19,0.3853,1,-390065.6547589152,-372912.2055852814,-17169.551357718647,371.32518626682383,
19012,2cbv,12,0,19,0.3853,1,-390079.67569537443,-372912.2055852814,-17169.554708155334,48.07197332382661,
19013,2cbv,13,0,19,0.3853,1,-390061.6128177942,-372912.2055852814,-17169.551761003673,464.54386278955195,
19014,2cbv,14,0,19,0.3853,1,-390063.21128219366,-372912.2055852814,-17169.556188675106,427.78450257911555,
19015,2cbv,15,0,19,0.3853,1,-390065.65444524575,-372912.2055852814,-17169.55561408633,371.43057382656815,
19016,2cbv,16,0,19,0.3853,1,-390075.9536150993,-372912.2055852814,-17169.55390402907,133.8866399456159,
19017,2cbv,17,0,19,0.3853,1,-390079.5755421368,-372912.2055852814,-17169.554781171024,50.383245632610915,
19018,2cbv,18,0,19,0.3853,1,-390028.28665678226,-372912.2055852814,-17169.557033034504,1233.1849687353656,
19019,2cbv,19,0,19,0.3853,1,-390082.42555864115,-372912.2055852814,-17169.55404618615,-15.356645437899152,
19020,2cbv,20,0,19,0.3853,1,-390083.0327436477,-372912.2055852814,-17169.556854518592,-29.293902638828207,
19021,2cbv,21,0,19,0.3853,1,-390079.8966212122,-372912.2055852814,-17169.556937547863,43.028713488290656,
19022,2cbv,22,0,19,0.3853,1,-390082.32274985325,-372912.2055852814,-17169.55584737891,-12.944281975435901,
19023,2cbv,23,0,19,0.3853,1,-390082.7508695419,-372912.2055852814,-17169.552923949897,-22.884372407209813,
19024,2cbv,24,0,19,0.3853,1,-390083.7946833818,-372912.2055852814,-17169.551947208583,-46.977815578366965,
19025,2cbv,25,0,19,0.3853,1,-390081.57041829807,-372912.2055852814,-17169.55371806258,4.355792636219538,
19026,2cbv,26,0,19,0.3853,1,-390083.0685167612,-372912.2055852814,-17169.556777568996,-30.120624733278948,
19027,2cbv,27,0,19,0.3853,1,-390070.26098537433,-372912.2055852814,-17169.553997012317,265.1639442449664,
19028,2cbv,28,0,19,0.3853,1,-390082.0536837728,-372912.2055852814,-17169.556559117973,-6.723057664886872,
19029,2cbv,29,0,19,0.3853,1,-390084.100436464,-372912.2055852814,-17169.551904650867,-54.02963055932054,
19030,2cbv,30,0,19,0.3853,1,-390073.06394349056,-372912.2055852814,-17169.559278401066,200.64798625635805,
19031,2cbv,31,0,19,0.3853,1,-390083.0506412532,-372912.2055852814,-17169.553274782833,-29.789181893954563,
19032,2cbv,32,0,19,0.3853,1,-390081.729149565,-372912.2055852814,-17169.55644616717,0.7582742497414483,
19033,2cbv,33,0,19,0.3853,1,-390082.5191637425,-372912.2055852814,-17169.724512251556,-13.5841894997611,
19034,2cbv,34,0,19,0.3853,1,-390082.7406695636,-372912.2055852814,-17169.553992005527,-22.624525371646616,
19035,2cbv,35,0,19,0.3853,1,-390084.0661923288,-372912.2055852814,-17169.557101043403,-53.12011038307,
19036,2cbv,36,0,19,0.3853,1,-390084.0959204881,-372912.2055852814,-17169.55706492299,-53.80649097927002,
19037,2cbv,37,0,19,0.3853,1,-390072.4095141439,-372912.2055852814,-17169.55351981753,215.60668941601423,
19038,2cbv,38,0,19,0.3853,1,-390081.17306615395,-372912.2055852814,-17169.556786628902,13.589713581794227,
19039,2cbv,39,0,19,0.3853,1,-390081.37115237105,-372912.2055852814,-17169.55492124194,8.978720052400895,
19040,2cbv,40,0,19,0.3853,1,-390083.224097833,-372912.2055852814,-17169.556176456153,-33.72227147247831,
19041,2cbv,41,0,19,0.3853,1,-390068.3178564609,-372912.2055852814,-17169.55473157996,309.9905010259217,
19042,2cbv,42,0,19,0.3853,1,-390082.68878026324,-372912.2055852814,-17169.5550387823,-21.403790433303488,
19043,2cbv,43,0,19,0.3853,1,-390083.5438029765,-372912.2055852814,-17169.556088598907,-41.09687326238051,
19044,2cbv,44,0,19,0.3853,1,-390081.565798655,-372912.2055852814,-17169.55455425614,4.481607218328448,
19045,2cbv,45,0,19,0.3853,1,-390061.9822251795,-372912.2055852814,-17169.557999762237,456.16899530220326,
19046,2cbv,46,0,19,0.3853,1,-390082.07257325965,-372912.2055852814,-17169.5551491701,-7.191173750183641,
19047,2cbv,47,0,19,0.3853,1,-390077.7986577599,-372912.2055852814,-17169.55476865405,91.35888414696713,
19048,2cbv,48,0,19,0.3853,1,-390080.8567897528,-372912.2055852814,-17169.553284617603,20.80246235948737,
19049,2cbv,49,0,19,0.3853,1,-390080.916975081,-372912.2055852814,-17169.555378767192,19.462847955626742,
19050,2cbv,50,0,19,0.3853,1,-390082.2369519623,-372912.2055852814,-17169.552470656563,-11.04360467431486,
19051,2cbv,51,0,19,0.3853,1,-390072.81420035625,-372912.2055852814,-17169.555310698688,206.31570235995608,
19052,2cbv,52,0,19,0.3853,1,-390073.91399763507,-372912.2055852814,-17169.555882903278,180.96696995911864,
19053,2cbv,53,0,19,0.3853,1,-390067.7557598947,-372912.2055852814,-17169.555224868,322.96413126986727,
19054,2cbv,54,0,19,0.3853,1,-390081.3243909629,-372912.2055852814,-17169.55673131579,10.098805036490095,
19055,2cbv,55,0,19,0.3853,1,-390076.33631186176,-372912.2055852814,-17169.556260260284,125.11577893313523,
19056,2cbv,56,0,19,0.3853,1,-390083.4733154922,-372912.2055852814,-17169.55433032149,-39.511940100191254,
19057,2cbv,57,0,19,0.3853,1,-390071.3266544194,-372912.2055852814,-17169.55707827443,240.66008785147633,
19058,2cbv,58,0,19,0.3853,1,-390081.1832806023,-372912.2055852814,-17169.555853875805,13.332653010238289,
19059,2cbv,59,0,19,0.3853,1,-390048.7920870184,-372912.2055852814,-17169.553401442707,760.2347674918075,
19060,2cbv,60,0,19,0.3853,1,-390080.0506851822,-372912.2055852814,-17169.556968363464,39.47662456319917,
19061,2cbv,61,0,19,0.3853,1,-390084.17892903095,-372912.2055852814,-17170.300575586498,-38.57495023315324,
19062,2cbv,62,0,19,0.3853,1,-390085.5468191655,-372912.2055852814,-17170.2937577688,-70.27646871958692,
19063,2cbv,63,0,19,0.3853,1,-390084.6923997845,-372912.2055852814,-17170.447612138923,-47.02512365522796,
19064,2cbv,64,0,19,0.3853,1,-390083.86001090694,-372912.2055852814,-17170.27829650277,-31.73429145618323,
19065,2cbv,65,0,19,0.3853,1,-390087.0996526332,-372912.2055852814,-17170.286879571617,-106.24427416874164,
19066,2cbv,66,0,19,0.3853,1,-390083.54667045193,-372912.2055852814,-17170.31323680514,-23.70274639226215,
19067,2cbv,67,0,19,0.3853,1,-390082.7664146571,-372912.2055852814,-17170.32878199452,-5.351139732537464,
19068,2cbv,68,0,19,0.3853,1,-390083.1894401757,-372912.2055852814,-17170.231290551365,-17.35454602573171,
19069,2cbv,69,0,19,0.3853,1,-390083.95981903357,-372912.2055852814,-17170.408787759483,-31.0267216672864,
19070,2cbv,70,0,19,0.3853,1,-390083.5394227953,-372912.2055852814,-17170.15835640067,-27.10723843496982,
19071,2cbv,71,0,19,0.3853,1,-390084.49086226476,-372912.2055852814,-17170.461350115474,-42.060752775980724,
19072,2cbv,72,0,19,0.3853,1,-390083.61660189927,-372912.2055852814,-17170.317523809612,-25.21654320666111,
19073,2cbv,73,0,19,0.3853,1,-390083.83871246857,-372912.2055852814,-17170.434253903568,-27.646674698801625,
19074,2cbv,74,0,19,0.3853,1,-390084.8076754512,-372912.2055852814,-17170.452162834346,-49.57850215140041,
19075,2cbv,75,0,19,0.3853,1,-390083.03935314703,-372912.2055852814,-17170.46993133658,-8.390269680177722,
19076,2cbv,76,0,19,0.3853,1,-390083.27483251673,-372912.2055852814,-17170.177513631523,-20.563865422333862,
19077,2cbv,77,0,19,0.3853,1,-390085.56686358136,-372912.2055852814,-17170.16116908425,-73.79627163161781,
19078,2cbv,78,0,19,0.3853,1,-390083.1755219849,-372912.2055852814,-17170.0197298252,-21.91229116485452,
19079,2cbv,79,0,19,0.3853,1,-390084.3601079284,-372912.2055852814,-17170.11715755099,-46.98275524438583,
19080,2cbv,80,0,19,0.3853,1,-390084.26374623174,-372912.2055852814,-17170.25670102471,-41.54265277929064,
19081,2cbv,81,0,19,0.3853,1,-390083.64803223294,-372912.2055852814,-17170.34502420062,-25.307169837612868,
19082,2cbv,82,0,19,0.3853,1,-390083.96270219993,-372912.2055852814,-17170.331097038925,-32.88479964059521,
19083,2cbv,83,0,19,0.3853,1,-390083.1053040619,-372912.2055852814,-17170.115780028045,-18.078057096750808,
19084,2cbv,84,0,19,0.3853,1,-390083.5048899503,-372912.2055852814,-17170.205377014816,-25.226570989085705,
19085,2cbv,85,0,19,0.3853,1,-390086.3221350015,-372912.2055852814,-17170.25791636342,-88.98219908157635,
19086,2cbv,86,0,19,0.3853,1,-390084.6698472945,-372912.2055852814,-17170.053668948352,-55.58959666955717,
19087,2cbv,87,0,19,0.3853,1,-390083.49524699117,-372912.2055852814,-17169.885181637943,-32.3880798728999,
19088,2cbv,88,0,19,0.3853,1,-390086.2631547301,-372912.2055852814,-17170.08710316056,-91.56112774662046,
19089,2cbv,89,0,19,0.3853,1,-390084.3570393173,-372912.2055852814,-17170.304788860023,-42.58511061524502,
19090,2cbv,90,0,19,0.3853,1,-390082.79832945747,-372912.2055852814,-17170.18035730952,-9.509867060169636,
19091,2cbv,91,0,19,0.3853,1,-390086.71512539673,-372912.2055852814,-17170.426774533928,-94.15081097064049,
19092,2cbv,92,0,19,0.3853,1,-390071.76728305215,-372912.2055852814,-17170.178468021095,244.82853816534754,
19093,2cbv,93,0,19,0.3853,1,-390085.77956019324,-372912.2055852814,-17170.192923816383,-77.96889050413861,
19094,2cbv,94,0,19,0.3853,1,-390084.096526712,-372912.2055852814,-17170.27690610521,-37.2205388210553,
19095,2cbv,95,0,19,0.3853,1,-390086.06855913985,-372912.2055852814,-17170.413147064388,-79.55489579130665,
19096,2cbv,96,0,19,0.3853,1,-390082.7818553,-372912.2055852814,-17170.198391946495,-8.714075355646264,
19097,2cbv,97,0,19,0.3853,1,-390083.8223831059,-372912.2055852814,-17170.48520031804,-26.095258421574442,
19098,2cbv,98,0,19,0.3853,1,-390082.54362554866,-372912.2055852814,-17169.699364187658,-14.72822028133034,
19099,2cbv,99,0,19,0.3853,1,-390083.49048297096,-372912.2055852814,-17170.390321644485,-20.62941367495239,
19100,2cbv,100,0,19,0.3853,1,-390084.2278618811,-372912.2055852814,-17169.90998643869,-48.710568289124254,
20001,2j78,1,0,20,0.3853,0,-392555.00226116914,-372912.2055852814,-19643.874566877876,24.856756734779925,
20002,2j78,2,0,20,0.3853,0,-392555.6340946927,-372912.2055852814,-19643.394233251598,-0.7904270199253483,
20003,2j78,3,0,20,0.3853,0,-392554.1340180111,-372912.2055852814,-19643.67715462545,40.32648491990504,
20004,2j78,4,0,20,0.3853,0,-392553.96599931264,-372912.2055852814,-19642.708493913207,21.863241465867464,
20005,2j78,5,0,20,0.3853,0,-392554.7547550576,-372912.2055852814,-19643.404330457244,19.72047378798086,
20006,2j78,6,0,20,0.3853,0,-392555.9044699146,-372912.2055852814,-19643.47371521094,-5.192530231883793,
20007,2j78,7,0,20,0.3853,0,-392552.74860037083,-372912.2055852814,-19643.455283905063,67.15851431898797,
20008,2j78,8,0,20,0.3853,0,-392554.7282573658,-372912.2055852814,-19643.476227546726,21.98951134826866,
20009,2j78,9,0,20,0.3853,0,-392553.03583029675,-372912.2055852814,-19643.104221607242,52.43914596354323,
20010,2j78,10,0,20,0.3853,0,-392554.00909260655,-372912.2055852814,-19643.349583650623,35.65336705397115,
20011,2j78,11,0,20,0.3853,0,-392536.9356464519,-372912.2055852814,-19643.121754373107,424.12252078547664,
20012,2j78,12,0,20,0.3853,0,-392553.2642428354,-372912.2055852814,-19643.61904713014,59.043986286131826,
20013,2j78,13,0,20,0.3853,0,-392553.5290245785,-372912.2055852814,-19642.906495953594,36.506153745841104,
20014,2j78,14,0,20,0.3853,0,-392549.1454174595,-372912.2055852814,-19642.838670636203,136.0304464090914,
20015,2j78,15,0,20,0.3853,0,-392550.930027224,-372912.2055852814,-19643.35157563785,106.70423789836936,
20016,2j78,16,0,20,0.3853,0,-392547.98538298183,-372912.2055852814,-19642.83842643598,162.77584557525623,
20017,2j78,17,0,20,0.3853,0,-392552.9570566788,-372912.2055852814,-19643.60473706821,65.79786947631642,
20018,2j78,18,0,20,0.3853,0,-392538.9848741665,-372912.2055852814,-19643.347833837066,382.07972334932873,
20019,2j78,19,0,20,0.3853,0,-392533.270617701,-372912.2055852814,-19642.90356084207,503.6084292373221,
20020,2j78,20,0,20,0.3853,0,-392554.43960071367,-372912.2055852814,-19643.122709179912,20.493764674853264,
20021,2j78,21,0,20,0.3853,0,-392554.2916598993,-372912.2055852814,-19643.480043674503,32.14569010497361,
20022,2j78,22,0,20,0.3853,0,-392544.5540668442,-372912.2055852814,-19643.34860345224,253.66883697397407,
20023,2j78,23,0,20,0.3853,0,-392537.6406216397,-372912.2055852814,-19643.407469237838,414.45414805235583,
20024,2j78,24,0,20,0.3853,0,-392554.2299611645,-372912.2055852814,-19643.403074945007,31.793555660997292,
20025,2j78,25,0,20,0.3853,0,-392556.032901354,-372912.2055852814,-19643.351899231468,-10.963372804297862,
20026,2j78,26,0,20,0.3853,0,-392546.82985992,-372912.2055852814,-19643.403577173736,202.45552603103403,
20027,2j78,27,0,20,0.3853,0,-392529.67585087556,-372912.2055852814,-19643.351284230743,596.8304681746016,
20028,2j78,28,0,20,0.3853,0,-392553.83812872344,-372912.2055852814,-19643.404119754825,40.853520297164955,
20029,2j78,29,0,20,0.3853,0,-392556.7902301925,-372912.2055852814,-19643.35007765392,-28.469797283289196,
20030,2j78,30,0,20,0.3853,0,-392557.5220727696,-372912.2055852814,-19643.401855910804,-44.152453067672944,
20031,2j78,31,0,20,0.3853,0,-392552.23762208933,-372912.2055852814,-19643.121529663596,71.24539777086837,
20032,2j78,32,0,20,0.3853,0,-392553.6512468535,-372912.2055852814,-19643.12560572723,38.74043254214916,
20033,2j78,33,0,20,0.3853,0,-392554.7751500978,-372912.2055852814,-19643.40492262939,19.263808802891504,
20034,2j78,34,0,20,0.3853,0,-392553.49522841716,-372912.2055852814,-19643.348437334087,47.4769220844596,
20035,2j78,35,0,20,0.3853,0,-392555.3547803235,-372912.2055852814,-19642.638209606204,-11.783604084981084,
20036,2j78,36,0,20,0.3853,0,-392546.79568282503,-372912.2055852814,-19643.406092668567,203.301677253601,
20037,2j78,37,0,20,0.3853,0,-392551.91865660984,-372912.2055852814,-19643.40398278335,85.11444014517805,
20038,2j78,38,0,20,0.3853,0,-392544.83415556716,-372912.2055852814,-19643.12411352494,242.03297687585567,
20039,2j78,39,0,20,0.3853,0,-392548.74971675116,-372912.2055852814,-19643.404491747413,158.20366631859773,
20040,2j78,40,0,20,0.3853,0,-392538.81156136864,-372912.2055852814,-19643.123760248218,380.90915170062885,
20041,2j78,41,0,20,0.3853,0,-392554.7386761086,-372912.2055852814,-19643.123944068942,13.625399442728915,
20042,2j78,42,0,20,0.3853,0,-392557.27009508753,-372912.2055852814,-19643.479205871616,-36.55797720740036,
20043,2j78,43,0,20,0.3853,0,-392555.85018598277,-372912.2055852814,-19643.40399583677,-5.548479987818058,
20044,2j78,44,0,20,0.3853,0,-392552.91049676394,-372912.2055852814,-19642.906631494556,50.772869647172605,
20045,2j78,45,0,20,0.3853,0,-392552.5794690626,-372912.2055852814,-19643.350006485973,68.63101998324937,
20046,2j78,46,0,20,0.3853,0,-392554.6359749662,-372912.2055852814,-19642.904715086017,10.938203602050399,
20047,2j78,47,0,20,0.3853,0,-392553.2743070497,-372912.2055852814,-19642.905106450115,42.34803679105428,
20048,2j78,48,0,20,0.3853,0,-392539.53453413385,-372912.2055852814,-19642.838687742744,357.6630755204583,
20049,2j78,49,0,20,0.3853,0,-392554.7682553901,-372912.2055852814,-19643.40667530397,19.463222175093325,
20050,2j78,50,0,20,0.3853,0,-392554.6363671796,-372912.2055852814,-19643.348360444095,21.159863945849345,
20051,2j78,51,0,20,0.3853,0,-392554.10872606176,-372912.2055852814,-19643.350456560645,33.37589477771126,
20052,2j78,52,0,20,0.3853,0,-392556.03306555026,-372912.2055852814,-19643.350978101287,-10.988401026228795,
20053,2j78,53,0,20,0.3853,0,-392549.0582024234,-372912.2055852814,-19642.83729907373,138.01004393849655,
20054,2j78,54,0,20,0.3853,0,-392553.13194272656,-372912.2055852814,-19642.901828611877,45.555447328724476,
20055,2j78,55,0,20,0.3853,0,-392553.9177879762,-372912.2055852814,-19643.24827661613,35.42270613441064,
20056,2j78,56,0,20,0.3853,0,-392553.99554089486,-372912.2055852814,-19643.351971293483,36.02093730189835,
20057,2j78,57,0,20,0.3853,0,-392554.5499098378,-372912.2055852814,-19643.35059865812,23.205232054455152,
20058,2j78,58,0,20,0.3853,0,-392534.76998884225,-372912.2055852814,-19643.40546264747,480.6062399083162,
20059,2j78,59,0,20,0.3853,0,-392554.3820445909,-372912.2055852814,-19643.511932099853,30.79673415910546,
20060,2j78,60,0,20,0.3853,0,-392541.0841253175,-372912.2055852814,-19642.905010605846,323.45809546853195,
20061,2j78,61,0,20,0.3853,0,-392556.0713387503,-372912.2055852814,-19643.348337913547,-11.931886162129848,
20062,2j78,62,0,20,0.3853,0,-392556.5370070564,-372912.2055852814,-19642.839793528106,-34.39776453268511,
20063,2j78,63,0,20,0.3853,0,-392543.24334759254,-372912.2055852814,-19642.900692666564,273.5656728731956,
20064,2j78,64,0,20,0.3853,0,-392550.80725101405,-372912.2055852814,-19643.07637914518,103.18934267850658,
20065,2j78,65,0,20,0.3853,0,-392552.99413756304,-372912.2055852814,-19643.32658770183,58.52848720355284,
20066,2j78,66,0,20,0.3853,0,-392557.55172590155,-372912.2055852814,-19643.1464648495,-50.72572832036577,
20067,2j78,67,0,20,0.3853,0,-392556.3254200589,-372912.2055852814,-19643.331609452758,-18.176907802322138,
20068,2j78,68,0,20,0.3853,0,-392555.7263794917,-372912.2055852814,-19642.921887780223,-13.81111037586021,
20069,2j78,69,0,20,0.3853,0,-392557.3566942887,-372912.2055852814,-19642.763052428756,-55.0698929518201,
20070,2j78,70,0,20,0.3853,0,-392545.9962955638,-372912.2055852814,-19642.897963787113,210.01825505109744,
20071,2j78,71,0,20,0.3853,0,-392558.1371864154,-372912.2055852814,-19643.29684105018,-60.7590109340429,
20072,2j78,72,0,20,0.3853,0,-392557.28548149025,-372912.2055852814,-19643.19735213617,-43.412497630856585,
20073,2j78,73,0,20,0.3853,0,-392554.4541077985,-372912.2055852814,-19642.75676360229,11.720317854595743,
20074,2j78,74,0,20,0.3853,0,-392556.038337,-372912.2055852814,-19643.122510696438,-16.37854706244378,
20075,2j78,75,0,20,0.3853,0,-392555.12774195493,-372912.2055852814,-19643.445478940997,12.068098180294617,
20076,2j78,76,0,20,0.3853,0,-392553.9984949606,-372912.2055852814,-19642.83294638494,23.983816198841527,
20077,2j78,77,0,20,0.3853,0,-392554.7448966875,-372912.2055852814,-19643.26107832292,16.644340508229497,
20078,2j78,78,0,20,0.3853,0,-392555.79484186316,-372912.2055852814,-19643.088755394016,-11.541831578660119,
20079,2j78,79,0,20,0.3853,0,-392552.94908321614,-372912.2055852814,-19643.326600099597,59.567751024613415,
20080,2j78,80,0,20,0.3853,0,-392556.56891662616,-372912.2055852814,-19643.19345294932,-26.97803669350223,
20081,2j78,81,0,20,0.3853,0,-392555.0949860289,-372912.2055852814,-19643.224223221336,7.721189672925364,
20082,2j78,82,0,20,0.3853,0,-392552.5139994099,-372912.2055852814,-19642.50851562122,50.73554570523317,
20083,2j78,83,0,20,0.3853,0,-392555.25065503235,-372912.2055852814,-19642.94388183454,-2.333448785598672,
20084,2j78,84,0,20,0.3853,0,-392554.6257554366,-372912.2055852814,-19642.578808332477,3.6582832753355805,
20085,2j78,85,0,20,0.3853,0,-392551.255271159,-372912.2055852814,-19642.95552935699,90.07089037600579,
20086,2j78,86,0,20,0.3853,0,-392544.6054314151,-372912.2055852814,-19643.162015522506,248.18152195272563,
20087,2j78,87,0,20,0.3853,0,-392554.64305008174,-372912.2055852814,-19642.9127583752,10.960530217278473,
20088,2j78,88,0,20,0.3853,0,-392559.05662778753,-372912.2055852814,-19642.736539925132,-94.88268356785534,
20089,2j78,89,0,20,0.3853,0,-392538.7500517594,-372912.2055852814,-19642.975372637306,378.90569738723,
20090,2j78,90,0,20,0.3853,0,-392554.42062423367,-372912.2055852814,-19643.737730289486,35.11409641375165,
20091,2j78,91,0,20,0.3853,0,-392554.60652012343,-372912.2055852814,-19643.30200692514,20.779215871901478,
20092,2j78,92,0,20,0.3853,0,-392554.63194257795,-372912.2055852814,-19643.30829300979,20.33792069924112,
20093,2j78,93,0,20,0.3853,0,-392546.5289106446,-372912.2055852814,-19642.961279953513,199.1959649895042,
20094,2j78,94,0,20,0.3853,0,-392554.3302146568,-372912.2055852814,-19642.882969881084,17.48774750437334,
20095,2j78,95,0,20,0.3853,0,-392557.30702383036,-372912.2055852814,-19642.978787029777,-48.949506885392154,
20096,2j78,96,0,20,0.3853,0,-392554.1370633024,-372912.2055852814,-19643.140926922355,27.890554239126292,
20097,2j78,97,0,20,0.3853,0,-392554.0726436748,-372912.2055852814,-19643.256795133148,32.0480905595893,
20098,2j78,98,0,20,0.3853,0,-392555.38565544033,-372912.2055852814,-19643.219949568298,0.9196410276709295,
20099,2j78,99,0,20,0.3853,0,-392557.00024244905,-372912.2055852814,-19643.44304784635,-31.168851401650436,
20100,2j78,100,0,20,0.3853,0,-392554.25533575553,-372912.2055852814,-19643.29080649713,28.619431779415887,
