mol_id,ligand_pdb,pose_index,label,ligunity_rank,ligunity_score,formal_charge,aimnet_complex_eV,aimnet_pocket_eV,aimnet_ligand_eV,aimnet_interaction_kcal_mol,error
1001,3gv9,1,1,1,0.74951171875,-1,-524686.8155123662,-498853.89414065,-25836.55073760268,83.6951656188499,
1002,3gv9,2,1,1,0.74951171875,-1,-524690.2292853962,-498853.89414065,-25837.245585782497,20.995269065051943,
1003,3gv9,3,1,1,0.74951171875,-1,-524695.8991163591,-498853.89414065,-25837.05820183274,-114.07531558246119,
1004,3gv9,4,1,1,0.74951171875,-1,-524695.3575669449,-498853.89414065,-25837.241966290443,-97.3491803480817,
1005,3gv9,5,1,1,0.74951171875,-1,-524692.7202547115,-498853.89414065,-25837.24000887391,-36.57645454199334,
1006,3gv9,6,1,1,0.74951171875,-1,-524690.5255785952,-498853.89414065,-25836.45175920245,-4.14349024221699,
1007,3gv9,7,1,1,0.74951171875,-1,-524701.5512331048,-498853.89414065,-25837.005078686445,-245.6412729972193,
1008,3gv9,8,1,1,0.74951171875,-1,-524693.2199786674,-498853.89414065,-25836.4800930154,-65.62443873353132,
1009,3gv9,9,1,1,0.74951171875,-1,-524691.6218175362,-498853.89414065,-25837.243527246683,-11.164755919080445,
1010,3gv9,10,1,1,0.74951171875,-1,-524687.9404361617,-498853.89414065,-25837.240447087257,73.65888518612856,
1011,3gv9,11,1,1,0.74951171875,-1,-524695.743435047,-498853.89414065,-25837.021296901672,-111.33626716689902,
1012,3gv9,12,1,1,0.74951171875,-1,-524683.4237051826,-498853.89414065,-25835.79534263727,144.49227567818102,
1013,3gv9,13,1,1,0.74951171875,-1,-524674.30251532,-498853.89414065,-25835.88867108342,356.9841158733619,
1014,3gv9,14,1,1,0.74951171875,-1,-524691.750079147,-498853.89414065,-25836.238946003883,-37.28873273060521,
1015,3gv9,15,1,1,0.74951171875,-1,-524689.2783887902,-498853.89414065,-25836.365925086706,22.638008178887222,
1016,3gv9,16,1,1,0.74951171875,-1,-524693.3408386033,-498853.89414065,-25836.635391129224,-64.83027548387211,
1017,3gv9,17,1,1,0.74951171875,-1,-524682.9219230037,-498853.89414065,-25835.792192770212,155.99100995482092,
1018,3gv9,18,1,1,0.74951171875,-1,-524674.5456041613,-498853.89414065,-25833.442987753122,294.9795566040966,
1019,3gv9,19,1,1,0.74951171875,-1,-524692.671625323,-498853.89414065,-25836.37227894184,-55.46536180631578,
1020,3gv9,20,1,1,0.74951171875,-1,-524691.6932993602,-498853.89414065,-25836.828159553974,-22.391772486328886,
1021,3gv9,21,1,1,0.74951171875,-1,-524687.1169768196,-498853.89414065,-25833.441886140077,5.051412321743734,
1022,3gv9,22,1,1,0.74951171875,-1,-524668.0264485994,-498853.89414065,-25813.388877494304,-17.143913568881686,
1023,3gv9,23,1,1,0.74951171875,-1,-524683.7734042773,-498853.89414065,-25836.63454051134,155.78038569380638,
1024,3gv9,24,1,1,0.74951171875,-1,-524687.9734513978,-498853.89414065,-25833.448243154256,-14.55276442648633,
1025,3gv9,25,1,1,0.74951171875,-1,-524690.115804426,-498853.89414065,-25836.68537668702,10.693473763573841,
1026,3gv9,26,1,1,0.74951171875,-1,-524690.5085697095,-498853.89414065,-25835.8876390886,-16.760174886679593,
1027,3gv9,27,1,1,0.74951171875,-1,-524689.9940927842,-498853.89414065,-25836.271643204658,3.959290141340741,
1028,3gv9,28,1,1,0.74951171875,-1,-524691.3608075004,-498853.89414065,-25836.296732319563,-26.97933120789962,
1029,3gv9,29,1,1,0.74951171875,-1,-524687.1087541353,-498853.89414065,-25836.241624487608,69.80453200195619,
1030,3gv9,30,1,1,0.74951171875,-1,-524675.2609134832,-498853.89414065,-25836.637008650272,352.14000344391246,
1031,3gv9,31,1,1,0.74951171875,-1,-524676.925941802,-498853.89414065,-25835.793607516258,294.2942460684171,
1032,3gv9,32,1,1,0.74951171875,-1,-524673.5003400813,-498853.89414065,-25836.831110073297,397.2158757381142,
1033,3gv9,33,1,1,0.74951171875,-1,-524687.870523594,-498853.89414065,-25836.67058606264,62.129799883324054,
1034,3gv9,34,1,1,0.74951171875,-1,-524689.1385671715,-498853.89414065,-25833.44435901758,-41.510542773208236,
1035,3gv9,35,1,1,0.74951171875,-1,-524683.9650274733,-498853.89414065,-25833.446751458614,77.84928789257329,
1036,3gv9,36,1,1,0.74951171875,-1,-524690.3910814744,-498853.89414065,-25836.37164796707,-2.8893219287981116,
1037,3gv9,37,1,1,0.74951171875,-1,-524667.7846973907,-498853.89414065,-25836.368048204153,518.3432670041482,
1038,3gv9,38,1,1,0.74951171875,-1,-524636.2339464495,-498853.89414065,-25813.36890999791,715.5481415091792,
1039,3gv9,39,1,1,0.74951171875,-1,-524667.5306161115,-498853.89414065,-25835.79639185783,511.0198119806552,
1040,3gv9,40,1,1,0.74951171875,-1,-524693.6294737528,-498853.89414065,-25836.39385600206,-77.05629250680833,
1041,3gv9,41,1,1,0.74951171875,-1,-524688.7058689218,-498853.89414065,-25835.795437557666,22.684875037447092,
1042,3gv9,42,1,1,0.74951171875,-1,-524690.2577297906,-498853.89414065,-25836.830546183555,10.768285222882175,
1043,3gv9,43,1,1,0.74951171875,-1,-524690.6562738636,-498853.89414065,-25836.64043609616,-2.806402198326494,
1044,3gv9,44,1,1,0.74951171875,-1,-524683.2624241632,-498853.89414065,-25836.836064113348,172.21111171881097,
1045,3gv9,45,1,1,0.74951171875,-1,-524673.7388231973,-498853.89414065,-25835.794359458654,367.8082872966926,
1046,3gv9,46,1,1,0.74951171875,-1,-524690.2754676262,-498853.89414065,-25836.830744965046,10.363825028313517,
1047,3gv9,47,1,1,0.74951171875,-1,-524688.4158199647,-498853.89414065,-25836.39733941671,43.25374949580827,
1048,3gv9,48,1,1,0.74951171875,-1,-524689.808596931,-498853.89414065,-25836.83293027994,21.1805135824679,
1049,3gv9,49,1,1,0.74951171875,-1,-524675.922577403,-498853.89414065,-25835.889005942314,319.6323187491816,
1050,3gv9,50,1,1,0.74951171875,-1,-524656.3874498825,-498853.89414065,-25813.38491226551,251.16633269562138,
1051,3gv9,51,1,1,0.74951171875,-1,-524682.6396432737,-498853.89414065,-25836.39913187739,176.4968834832414,
1052,3gv9,52,1,1,0.74951171875,-1,-524691.2536228817,-498853.89414065,-25836.638038231104,-16.636893883433164,
1053,3gv9,53,1,1,0.74951171875,-1,-524677.1564618866,-498853.89414065,-25813.380395514934,-227.8826207631343,
1054,3gv9,54,1,1,0.74951171875,-1,-524691.1689843604,-498853.89414065,-25836.64113931176,-14.61357059569985,
1055,3gv9,55,1,1,0.74951171875,-1,-524688.7850355724,-498853.89414065,-25835.892515642612,23.09792252729121,
1056,3gv9,56,1,1,0.74951171875,-1,-524634.24935808,-498853.89414065,-25813.386317534416,761.7152638562177,
1057,3gv9,57,1,1,0.74951171875,-1,-524698.8254750442,-498853.89414065,-25836.853060735433,-186.2894160969332,
1058,3gv9,58,1,1,0.74951171875,-1,-524673.7345073889,-498853.89414065,-25813.3936434817,-148.6649700235636,
1059,3gv9,59,1,1,0.74951171875,-1,-524669.7696369359,-498853.89414065,-25836.369932217567,472.61292006355114,
1060,3gv9,60,1,1,0.74951171875,-1,-524691.8805447739,-498853.89414065,-25837.221810234754,-17.631953951430095,
1061,3gv9,61,1,1,0.74951171875,-1,-524684.7506909441,-498853.89414065,-25836.638842744796,133.34283162877736,
1062,3gv9,62,1,1,0.74951171875,-1,-524689.1607238272,-498853.89414065,-25836.240363670557,22.45591164351006,
1063,3gv9,63,1,1,0.74951171875,-1,-524692.606428943,-498853.89414065,-25836.297263337343,-55.69179850202294,
1064,3gv9,64,1,1,0.74951171875,-1,-524691.2123614172,-498853.89414065,-25836.634782863825,-15.760452461218739,
1065,3gv9,65,1,1,0.74951171875,-1,-524675.3856580774,-498853.89414065,-25835.79721571323,329.8972395700051,
1066,3gv9,66,1,1,0.74951171875,-1,-524683.8736125301,-498853.89414065,-25836.63851348874,153.56114752279848,
1067,3gv9,67,1,1,0.74951171875,-1,-524691.3233653227,-498853.89414065,-25836.636376692026,-18.28350878003389,
1068,3gv9,68,1,1,0.74951171875,-1,-524694.3556476455,-498853.89414065,-25836.295996232002,-96.0589602016917,
1069,3gv9,69,1,1,0.74951171875,-1,-524679.5112099568,-498853.89414065,-25836.295275492637,246.2452844927538,
1070,3gv9,70,1,1,0.74951171875,-1,-524692.0384178679,-498853.89414065,-25836.634184850423,-34.82355726783359,
1071,3gv9,71,1,1,0.74951171875,-1,-524691.3969939718,-498853.89414065,-25836.37273247358,-26.061205874380217,
1072,3gv9,72,1,1,0.74951171875,-1,-524686.8733387213,-498853.89414065,-25836.397511763542,78.82818639887412,
1073,3gv9,73,1,1,0.74951171875,-1,-524691.2219073097,-498853.89414065,-25836.396818740337,-21.46816902292555,
1074,3gv9,74,1,1,0.74951171875,-1,-524690.0982083451,-498853.89414065,-25836.34853015658,3.33138350205085,
1075,3gv9,75,1,1,0.74951171875,-1,-524692.0023700813,-498853.89414065,-25835.88781092879,-51.20406708031121,
1076,3gv9,76,1,1,0.74951171875,-1,-524679.9792968851,-498853.89414065,-25835.93561591026,227.15699649292506,
1077,3gv9,77,1,1,0.74951171875,-1,-524688.9231220406,-498853.89414065,-25836.833185834854,41.60594288330368,
1078,3gv9,78,1,1,0.74951171875,-1,-524690.0573368588,-498853.89414065,-25836.146269572942,-0.3903374964650316,
1079,3gv9,79,1,1,0.74951171875,-1,-524689.626967601,-498853.89414065,-25835.449931485622,-6.523724410829574,
1080,3gv9,80,1,1,0.74951171875,-1,-524690.3785197656,-498853.89414065,-25835.515619440048,-22.340128833814124,
1081,3gv9,81,1,1,0.74951171875,-1,-524689.1414014618,-498853.89414065,-25834.80435912129,-10.213555618154775,
1082,3gv9,82,1,1,0.74951171875,-1,-524684.7096800724,-498853.89414065,-25835.520404560535,108.4967675548809,
1083,3gv9,83,1,1,0.74951171875,-1,-524684.4801503936,-498853.89414065,-25836.8650562596,144.79825251373052,
1084,3gv9,84,1,1,0.74951171875,-1,-524680.8941063356,-498853.89414065,-25835.226571692197,189.7100412989285,
1085,3gv9,85,1,1,0.74951171875,-1,-524689.6838715891,-498853.89414065,-25835.36736057517,-9.74009198062914,
1086,3gv9,86,1,1,0.74951171875,-1,-524689.4043404679,-498853.89414065,-25835.135616226165,-8.63810283346108,
1087,3gv9,87,1,1,0.74951171875,-1,-524630.959539167,-498853.89414065,-25835.76160014984,1353.5665652295916,
1088,3gv9,88,1,1,0.74951171875,-1,-524691.5377966982,-498853.89414065,-25835.032314403026,-60.218968909856336,
1089,3gv9,89,1,1,0.74951171875,-1,-524679.5494928878,-498853.89414065,-25836.307085080116,245.63479468899484,
1090,3gv9,90,1,1,0.74951171875,-1,-524689.2586826305,-498853.89414065,-25835.57788513419,4.919810000075552,
1091,3gv9,91,1,1,0.74951171875,-1,-524689.4960525999,-498853.89414065,-25834.954780859916,-14.923197452485553,
1092,3gv9,92,1,1,0.74951171875,-1,-524691.2457509559,-498853.89414065,-25835.905959410637,-33.337501616454254,
1093,3gv9,93,1,1,0.74951171875,-1,-524690.2152040076,-498853.89414065,-25835.505720539062,-18.802252064781896,
1094,3gv9,94,1,1,0.74951171875,-1,-524687.8142791758,-498853.89414065,-25835.422219319313,34.63880598345227,
1095,3gv9,95,1,1,0.74951171875,-1,-524694.2131114373,-498853.89414065,-25836.444836808412,-89.33965192192301,
1096,3gv9,96,1,1,0.74951171875,-1,-524691.3092336277,-498853.89414065,-25836.45948175904,-22.036918216604363,
1097,3gv9,97,1,1,0.74951171875,-1,-524688.5241249722,-498853.89414065,-25836.331071836918,39.22800999770524,
1098,3gv9,98,1,1,0.74951171875,-1,-524687.4064529906,-498853.89414065,-25836.747734798162,74.61061433467817,
1099,3gv9,99,1,1,0.74951171875,-1,-524687.6872462848,-498853.89414065,-25836.551707668274,63.61487413850329,
1100,3gv9,100,1,1,0.74951171875,-1,-524691.1751805168,-498853.89414065,-25836.49860213515,-18.043442735031164,
2001,4jxs,1,1,2,0.74951171875,-2,-547949.5394991158,-498853.89414065,-49092.5045424283,-72.42893845959601,
2002,4jxs,2,1,2,0.74951171875,-2,-547945.8344494668,-498853.89414065,-49092.689105349855,17.267658266161302,
2003,4jxs,3,1,2,0.74951171875,-2,-547945.5326432555,-498853.89414065,-49092.920535880374,29.56438965450861,
2004,4jxs,4,1,2,0.74951171875,-2,-547925.8878298072,-498853.89414065,-49092.752869623946,478.71807407684867,
2005,4jxs,5,1,2,0.74951171875,-2,-547945.0259624987,-498853.89414065,-49093.16829856043,46.96226861573917,
2006,4jxs,6,1,2,0.74951171875,-2,-547947.0759022202,-498853.89414065,-49092.7746468962,-9.388287412717416,
2007,4jxs,7,1,2,0.74951171875,-2,-547950.892299202,-498853.89414065,-49092.89137001638,-94.704793456839,
2008,4jxs,8,1,2,0.74951171875,-2,-547948.6046958683,-498853.89414065,-49093.348020154284,-31.420805015431206,
2009,4jxs,9,1,2,0.74951171875,-2,-547939.6877417235,-498853.89414065,-49092.92593898182,164.4756194789212,
2010,4jxs,10,1,2,0.74951171875,-2,-547948.0301158997,-498853.89414065,-49093.32996423845,-18.587055478092537,
2011,4jxs,11,1,2,0.74951171875,-2,-547948.8756344288,-498853.89414065,-49093.40487583284,-36.35767355377242,
2012,4jxs,12,1,2,0.74951171875,-2,-547944.8305687726,-498853.89414065,-49092.529800134966,36.74403150243818,
2013,4jxs,13,1,2,0.74951171875,-2,-547943.5036500663,-498853.89414065,-49092.91721974616,76.277612270817,
2014,4jxs,14,1,2,0.74951171875,-2,-547951.3388813403,-498853.89414065,-49091.603544342564,-134.70118776612648,
2015,4jxs,15,1,2,0.74951171875,-2,-547942.8224199682,-498853.89414065,-49092.97443901305,93.30665917328186,
2016,4jxs,16,1,2,0.74951171875,-2,-547946.9723676414,-498853.89414065,-49090.819734084675,-52.08208370077659,
2017,4jxs,17,1,2,0.74951171875,-2,-547946.7466728954,-498853.89414065,-49091.041349309744,-41.766870717544215,
2018,4jxs,18,1,2,0.74951171875,-2,-547926.0061548915,-498853.89414065,-49092.80538131602,477.2003811995364,
2019,4jxs,19,1,2,0.74951171875,-2,-547940.0983252048,-498853.89414065,-49092.294528144645,140.44665965832303,
2020,4jxs,20,1,2,0.74951171875,-2,-547946.7605782122,-498853.89414065,-49092.647995251486,-5.037399354864292,
2021,4jxs,21,1,2,0.74951171875,-2,-547948.0183592705,-498853.89414065,-49092.441755908774,-38.79851183778155,
2022,4jxs,22,1,2,0.74951171875,-2,-547926.9157458517,-498853.89414065,-49092.89675887232,458.3319318620353,
2023,4jxs,23,1,2,0.74951171875,-2,-547944.8633765846,-498853.89414065,-49090.906347888755,-1.4502327893780949,
2024,4jxs,24,1,2,0.74951171875,-2,-547941.938600269,-498853.89414065,-49092.548840391704,103.87348825544967,
2025,4jxs,25,1,2,0.74951171875,-2,-547951.4141378521,-498853.89414065,-49093.04004283552,-103.310201950671,
2026,4jxs,26,1,2,0.74951171875,-2,-547947.9605148401,-498853.89414065,-49093.11092384465,-22.033208390845118,
2027,4jxs,27,1,2,0.74951171875,-2,-547942.562608984,-498853.89414065,-49092.48724453454,88.06307122798923,
2028,4jxs,28,1,2,0.74951171875,-2,-547943.218035516,-498853.89414065,-49089.450648921775,2.923017966251938,
2029,4jxs,29,1,2,0.74951171875,-2,-547936.7442920326,-498853.89414065,-49090.36874361639,173.38285582710662,
2030,4jxs,30,1,2,0.74951171875,-2,-547950.2909221913,-498853.89414065,-49092.34099079974,-93.52875638782791,
2031,4jxs,31,1,2,0.74951171875,-2,-547946.7131445825,-498853.89414065,-49085.855314868735,-160.58648473179426,
2032,4jxs,32,1,2,0.74951171875,-2,-547947.0120374529,-498853.89414065,-49092.62121619587,-11.453726894949336,
2033,4jxs,33,1,2,0.74951171875,-2,-547939.8846461745,-498853.89414065,-49085.424971807064,-13.041517340838904,
2034,4jxs,34,1,2,0.74951171875,-2,-547944.3038003417,-498853.89414065,-49092.830551880645,55.82710011641796,
2035,4jxs,35,1,2,0.74951171875,-2,-547949.3176481692,-498853.89414065,-49088.52063699369,-159.18397592296444,
2036,4jxs,36,1,2,0.74951171875,-2,-547946.8026561408,-498853.89414065,-49092.94343914394,0.8053585744970891,
2037,4jxs,37,1,2,0.74951171875,-2,-547927.9305155395,-498853.89414065,-49076.479026216315,56.32887775580304,
2038,4jxs,38,1,2,0.74951171875,-2,-547948.498769072,-498853.89414065,-49092.960001099156,-37.926007042131836,
2039,4jxs,39,1,2,0.74951171875,-2,-547943.0616211563,-498853.89414065,-49088.787408608245,-8.764666184037939,
2040,4jxs,40,1,2,0.74951171875,-2,-547944.3698147506,-498853.89414065,-49091.922874885866,33.373242928495756,
2041,4jxs,41,1,2,0.74951171875,-2,-547945.8461509167,-498853.89414065,-49092.04728617077,2.1971145438379796,
2042,4jxs,42,1,2,0.74951171875,-2,-547944.4836223092,-498853.89414065,-49092.13445015557,35.627819907960344,
2043,4jxs,43,1,2,0.74951171875,-2,-547919.7563476979,-498853.89414065,-49063.83446534281,-46.76083457919129,
2044,4jxs,44,1,2,0.74951171875,-2,-547921.9499213664,-498853.89414065,-49091.48188411002,540.2187777932644,
2045,4jxs,45,1,2,0.74951171875,-2,-547944.938394648,-498853.89414065,-49090.72564266926,-7.347351786398444,
2046,4jxs,46,1,2,0.74951171875,-2,-547942.4069532123,-498853.89414065,-49092.49799110301,91.90040035054994,
2047,4jxs,47,1,2,0.74951171875,-2,-547943.7750769376,-498853.89414065,-49088.045809108065,-42.31903809972216,
2048,4jxs,48,1,2,0.74951171875,-2,-547892.420945373,-498853.89414065,-49088.82733853464,1159.9578658685307,
2049,4jxs,49,1,2,0.74951171875,-2,-547942.874337402,-498853.89414065,-49086.63650723106,-54.0467642992194,
2050,4jxs,50,1,2,0.74951171875,-2,-547946.8022328283,-498853.89414065,-49092.57955695994,-7.576202118024692,
2051,4jxs,51,1,2,0.74951171875,-2,-547907.5405830411,-498853.89414065,-49092.22126694326,889.5565866416672,
2052,4jxs,52,1,2,0.74951171875,-2,-547922.7855151859,-498853.89414065,-49086.56275864248,407.511798422678,
2053,4jxs,53,1,2,0.74951171875,-2,-547945.2661847444,-498853.89414065,-49092.91518958217,35.58578032962803,
2054,4jxs,54,1,2,0.74951171875,-2,-547942.8137627514,-498853.89414065,-49090.449870514916,35.288366732307956,
2055,4jxs,55,1,2,0.74951171875,-2,-547929.4380065022,-498853.89414065,-49090.52064456348,345.37272181938897,
2056,4jxs,56,1,2,0.74951171875,-2,-547932.7295062215,-498853.89414065,-49091.969613987276,302.8829638114814,
2057,4jxs,57,1,2,0.74951171875,-2,-547928.9684772762,-498853.89414065,-49092.295800942244,397.13640157435725,
2058,4jxs,58,1,2,0.74951171875,-2,-547937.7956656488,-498853.89414065,-49083.01648302679,-20.40955272699607,
2059,4jxs,59,1,2,0.74951171875,-2,-547906.0644254057,-498853.89414065,-49092.84166868334,937.9043944006831,
2060,4jxs,60,1,2,0.74951171875,-2,-547939.3849910316,-498853.89414065,-49082.0819462121,-78.61119765101685,
2061,4jxs,61,1,2,0.74951171875,-2,-547942.1273163827,-498853.89414065,-49090.958291846575,62.842670487558095,
2062,4jxs,62,1,2,0.74951171875,-2,-547936.1223438205,-498853.89414065,-49089.55343760853,168.9239191280344,
2063,4jxs,63,1,2,0.74951171875,-2,-547944.7396229176,-498853.89414065,-49091.562459158944,16.533879895963473,
2064,4jxs,64,1,2,0.74951171875,-2,-547942.0885826618,-498853.89414065,-49086.99884279377,-27.57117295413741,
2065,4jxs,65,1,2,0.74951171875,-2,-547950.317452934,-498853.89414065,-49092.490190523924,-90.6999424717474,
2066,4jxs,66,1,2,0.74951171875,-2,-547941.2959938911,-498853.89414065,-49092.64746322043,120.96663982954894,
2067,4jxs,67,1,2,0.74951171875,-2,-547925.9197946159,-498853.89414065,-49092.77339984779,478.4543862858528,
2068,4jxs,68,1,2,0.74951171875,-2,-547942.2361360309,-498853.89414065,-49091.35040350561,69.37553945443393,
2069,4jxs,69,1,2,0.74951171875,-2,-547935.2681723799,-498853.89414065,-49092.62056719071,259.35126892184496,
2070,4jxs,70,1,2,0.74951171875,-2,-547946.3772634533,-498853.89414065,-49093.053629177884,13.156189538108004,
2071,4jxs,71,1,2,0.74951171875,-2,-547947.3590595393,-498853.89414065,-49092.45577268605,-23.27146428764388,
2072,4jxs,72,1,2,0.74951171875,-2,-547894.387950134,-498853.89414065,-49090.72301765089,1158.3130574265851,
2073,4jxs,73,1,2,0.74951171875,-2,-547942.2707383306,-498853.89414065,-49091.241472888054,66.06559175119439,
2074,4jxs,74,1,2,0.74951171875,-2,-547907.4347548153,-498853.89414065,-49084.73428367384,719.3431077140111,
2075,4jxs,75,1,2,0.74951171875,-2,-547928.7869110375,-498853.89414065,-49075.6239332736,16.861016706353762,
2076,4jxs,76,1,2,0.74951171875,-2,-547916.4522141336,-498853.89414065,-49089.99990503793,632.8236691187485,
2077,4jxs,77,1,2,0.74951171875,-2,-547946.2178576557,-498853.89414065,-49092.79903583531,10.961112604489355,
2078,4jxs,78,1,2,0.74951171875,-2,-547929.9895140198,-498853.89414065,-49092.78665383466,384.91007151384565,
2079,4jxs,79,1,2,0.74951171875,-2,-547924.4838349789,-498853.89414065,-49085.93468453293,353.863880560418,
2080,4jxs,80,1,2,0.74951171875,-2,-547942.7642079262,-498853.89414065,-49092.197740811156,76.73797471672853,
2081,4jxs,81,1,2,0.74951171875,-2,-547939.2709109158,-498853.89414065,-49091.48081033236,140.76250791472643,
2082,4jxs,82,1,2,0.74951171875,-2,-547932.8207586523,-498853.89414065,-49085.484863030986,151.2367231690082,
2083,4jxs,83,1,2,0.74951171875,-2,-547944.6819053857,-498853.89414065,-49091.39419313078,13.984571010671791,
2084,4jxs,84,1,2,0.74951171875,-2,-547954.5780246375,-498853.89414065,-49092.4762272418,-189.27306096245562,
2085,4jxs,85,1,2,0.74951171875,-2,-547928.601463151,-498853.89414065,-49090.922286975445,373.92596383348865,
2086,4jxs,86,1,2,0.74951171875,-2,-547927.2651082244,-498853.89414065,-49088.23226605661,342.70968447512195,
2087,4jxs,87,1,2,0.74951171875,-2,-547928.85846844,-498853.89414065,-49091.689616340445,385.69431659804115,
2088,4jxs,88,1,2,0.74951171875,-2,-547947.3972699014,-498853.89414065,-49093.05868979101,-10.249017433188081,
2089,4jxs,89,1,2,0.74951171875,-2,-547924.3073579787,-498853.89414065,-49087.69171978836,398.4517324132883,
2090,4jxs,90,1,2,0.74951171875,-2,-547939.573159394,-498853.89414065,-49090.0189945281,100.08221915354905,
2091,4jxs,91,1,2,0.74951171875,-2,-547949.8919552385,-498853.89414065,-49089.32315893774,-153.9212158881977,
2092,4jxs,92,1,2,0.74951171875,-2,-547940.0893716187,-498853.89414065,-49088.9674558223,63.929023833530536,
2093,4jxs,93,1,2,0.74951171875,-2,-547939.0223149626,-498853.89414065,-49089.662404644536,104.56183544494168,
2094,4jxs,94,1,2,0.74951171875,-2,-547947.1682503495,-498853.89414065,-49089.8241157115,-79.55875137504955,
2095,4jxs,95,1,2,0.74951171875,-2,-547922.8148117332,-498853.89414065,-49089.661469507264,478.2941741031767,
2096,4jxs,96,1,2,0.74951171875,-2,-547948.774994579,-498853.89414065,-49092.82068775899,-47.50856050327823,
2097,4jxs,97,1,2,0.74951171875,-2,-547945.9398564221,-498853.89414065,-49092.99316759712,21.8487581270935,
2098,4jxs,98,1,2,0.74951171875,-2,-547948.0165301086,-498853.89414065,-49093.02495296602,-25.307486729184788,
2099,4jxs,99,1,2,0.74951171875,-2,-547952.9852288781,-498853.89414065,-49092.67846097355,-147.87869752358588,
2100,4jxs,100,1,2,0.74951171875,-2,-547946.5962229191,-498853.89414065,-49092.905507344054,4.691093671655372,
3001,4kz6,1,1,3,0.74951171875,-1,-527969.1642916092,-498853.89414065,-29110.721420685124,-104.89621205392952,
3002,4kz6,2,1,3,0.74951171875,-1,-527955.7048752495,-498853.89414065,-29110.57430032857,202.09262666115907,
3003,4kz6,3,1,3,0.74951171875,-1,-527937.6810772307,-498853.89414065,-29110.425270924647,614.2945832659711,
3004,4kz6,4,1,3,0.74951171875,-1,-527965.6626061834,-498853.89414065,-29110.42969323166,-30.872822699598913,
3005,4kz6,5,1,3,0.74951171875,-1,-527964.3940692731,-498853.89414065,-29110.260947773528,-5.511029313243472,
3006,4kz6,6,1,3,0.74951171875,-1,-527957.4712946304,-498853.89414065,-29096.244819591117,-169.0876478951076,
3007,4kz6,7,1,3,0.74951171875,-1,-527963.7752854564,-498853.89414065,-29110.018754253466,3.173349234817285,
3008,4kz6,8,1,3,0.74951171875,-1,-527963.6287148334,-498853.89414065,-29110.826209614355,25.173711068815535,
3009,4kz6,9,1,3,0.74951171875,-1,-527942.1362119355,-498853.89414065,-29110.399884471964,510.97131080716645,
3010,4kz6,10,1,3,0.74951171875,-1,-527935.9512286076,-498853.89414065,-29110.184968481135,648.6443341876534,
3011,4kz6,11,1,3,0.74951171875,-1,-527940.4695936331,-498853.89414065,-29108.026422748644,494.67111429176117,
3012,4kz6,12,1,3,0.74951171875,-1,-527947.378341634,-498853.89414065,-29110.25983179577,386.8552367248349,
3013,4kz6,13,1,3,0.74951171875,-1,-527963.0451693126,-498853.89414065,-29110.64010841615,34.338994879715976,
3014,4kz6,14,1,3,0.74951171875,-1,-527967.7411113122,-498853.89414065,-29110.798074433875,-70.30921730351072,
3015,4kz6,15,1,3,0.74951171875,-1,-527957.7570775637,-498853.89414065,-29109.76856503852,136.1870198428358,
3016,4kz6,16,1,3,0.74951171875,-1,-527960.002837021,-498853.89414065,-29110.57248050936,102.93730762760322,
3017,4kz6,17,1,3,0.74951171875,-1,-527961.4902067223,-498853.89414065,-29110.141970763278,58.70995689866796,
3018,4kz6,18,1,3,0.74951171875,-1,-527962.0400915929,-498853.89414065,-29110.08568848141,44.73141028470605,
3019,4kz6,19,1,3,0.74951171875,-1,-527963.2911834307,-498853.89414065,-29110.17017127045,17.828766516904864,
3020,4kz6,20,1,3,0.74951171875,-1,-527945.8173393199,-498853.89414065,-29110.128478804898,419.8237333239098,
3021,4kz6,21,1,3,0.74951171875,-1,-527943.5553774127,-498853.89414065,-29110.142999181826,472.32066192140894,
3022,4kz6,22,1,3,0.74951171875,-1,-527962.1587704757,-498853.89414065,-29110.284035215456,46.56859458083763,
3023,4kz6,23,1,3,0.74951171875,-1,-527959.6449473241,-498853.89414065,-29109.424462298233,84.7165112342351,
3024,4kz6,24,1,3,0.74951171875,-1,-527936.7367427537,-498853.89414065,-29077.851784641225,-115.09098480631229,
3025,4kz6,25,1,3,0.74951171875,-1,-527963.6187847444,-498853.89414065,-29110.060354719233,7.7416709208763805,
3026,4kz6,26,1,3,0.74951171875,-1,-527965.5924827942,-498853.89414065,-29110.699469724972,-23.034545200252943,
3027,4kz6,27,1,3,0.74951171875,-1,-527946.6284952797,-498853.89414065,-29110.28329957493,404.68828428626597,
3028,4kz6,28,1,3,0.74951171875,-1,-527963.1511641033,-498853.89414065,-29110.2941145993,23.915889976907366,
3029,4kz6,29,1,3,0.74951171875,-1,-527965.1582809576,-498853.89414065,-29110.788517335724,-10.968126292559482,
3030,4kz6,30,1,3,0.74951171875,-1,-527931.409564186,-498853.89414065,-29110.657194355797,764.2673911811291,
3031,4kz6,31,1,3,0.74951171875,-1,-527963.6251170823,-498853.89414065,-29109.343011999805,-8.946672351463588,
3032,4kz6,32,1,3,0.74951171875,-1,-527925.0652693993,-498853.89414065,-29110.412013897967,904.9163088861186,
3033,4kz6,33,1,3,0.74951171875,-1,-527964.9494140187,-498853.89414065,-29110.514914581847,-12.460969649083982,
3034,4kz6,34,1,3,0.74951171875,-1,-527961.3579682597,-498853.89414065,-29110.274609217715,64.8181637124791,
3035,4kz6,35,1,3,0.74951171875,-1,-527966.8049842902,-498853.89414065,-29110.508311549504,-55.403706191143435,
3036,4kz6,36,1,3,0.74951171875,-1,-527949.4216434547,-498853.89414065,-29110.3870778776,342.6699417112014,
3037,4kz6,37,1,3,0.74951171875,-1,-527933.4472952822,-498853.89414065,-29110.243697354865,707.7407284046313,
3038,4kz6,38,1,3,0.74951171875,-1,-527965.283978928,-498853.89414065,-29110.485047797043,-20.864964162855117,
3039,4kz6,39,1,3,0.74951171875,-1,-527960.7883068509,-498853.89414065,-29110.40257341631,80.90579239923365,
3040,4kz6,40,1,3,0.74951171875,-1,-527955.0673154333,-498853.89414065,-29110.163391458165,207.3193216384419,
3041,4kz6,41,1,3,0.74951171875,-1,-527966.4995589295,-498853.89414065,-29110.280520567965,-53.61341487759278,
3042,4kz6,42,1,3,0.74951171875,-1,-527951.2351212093,-498853.89414065,-29096.75286645658,-13.562233395558767,
3043,4kz6,43,1,3,0.74951171875,-1,-527950.1092293152,-498853.89414065,-29109.935019204695,316.3891144389248,
3044,4kz6,44,1,3,0.74951171875,-1,-527960.3035140373,-498853.89414065,-29110.64348586865,97.64095339673199,
3045,4kz6,45,1,3,0.74951171875,-1,-527956.7478024849,-498853.89414065,-29110.150301913094,168.26451752594798,
3046,4kz6,46,1,3,0.74951171875,-1,-527906.1690324732,-498853.89414065,-29077.787728796084,588.339997307066,
3047,4kz6,47,1,3,0.74951171875,-1,-527964.9667654969,-498853.89414065,-29110.38893155225,-15.766341922410929,
3048,4kz6,48,1,3,0.74951171875,-1,-527960.1660946199,-498853.89414065,-29110.413982937407,95.5174571209424,
3049,4kz6,49,1,3,0.74951171875,-1,-527962.6816343257,-498853.89414065,-29110.486906240058,39.189384725334016,
3050,4kz6,50,1,3,0.74951171875,-1,-527960.3381225356,-498853.89414065,-29110.11967552669,84.76350902062268,
3051,4kz6,51,1,3,0.74951171875,-1,-527961.7495038101,-498853.89414065,-29110.144438514788,52.78733170511574,
3052,4kz6,52,1,3,0.74951171875,-1,-527963.798169721,-498853.89414065,-29110.695314595778,18.247477690891554,
3053,4kz6,53,1,3,0.74951171875,-1,-527966.8159449586,-498853.89414065,-29109.966186801266,-68.15815889688956,
3054,4kz6,54,1,3,0.74951171875,-1,-527958.649211485,-498853.89414065,-29110.234250733924,126.35289013028809,
3055,4kz6,55,1,3,0.74951171875,-1,-527965.3419659325,-498853.89414065,-29110.15213043459,-29.87943301456608,
3056,4kz6,56,1,3,0.74951171875,-1,-527916.8970254549,-498853.89414065,-29110.29609344371,1090.6072998784707,
3057,4kz6,57,1,3,0.74951171875,-1,-527925.6283143797,-498853.89414065,-29110.7282139755,899.2239301967992,
3058,4kz6,58,1,3,0.74951171875,-1,-527972.9118744322,-498853.89414065,-29113.13284475572,-135.70876487390478,
3059,4kz6,59,1,3,0.74951171875,-1,-527945.4789673575,-498853.89414065,-29112.623342046816,485.1596892663823,
3060,4kz6,60,1,3,0.74951171875,-1,-527965.0904027709,-498853.89414065,-29112.951426873286,40.47506072278339,
3061,4kz6,61,1,3,0.74951171875,-1,-527967.5786247888,-498853.89414065,-29113.11501566537,-13.132254969391521,
3062,4kz6,62,1,3,0.74951171875,-1,-527966.4756183514,-498853.89414065,-29113.10050449736,11.969042254251525,
3063,4kz6,63,1,3,0.74951171875,-1,-527966.7566081771,-498853.89414065,-29112.947640637238,1.9641385802497762,
3064,4kz6,64,1,3,0.74951171875,-1,-527965.5311236269,-498853.89414065,-29113.10951365002,33.95736402028694,
3065,4kz6,65,1,3,0.74951171875,-1,-527966.287043322,-498853.89414065,-29112.993590126116,13.852181766900973,
3066,4kz6,66,1,3,0.74951171875,-1,-527969.4840147087,-498853.89414065,-29112.82728975482,-63.70670747508081,
3067,4kz6,67,1,3,0.74951171875,-1,-527965.7995422521,-498853.89414065,-29112.765782485087,19.840854504747668,
3068,4kz6,68,1,3,0.74951171875,-1,-527966.2670060882,-498853.89414065,-29113.092735329938,16.60059407092241,
3069,4kz6,69,1,3,0.74951171875,-1,-527968.8479761371,-498853.89414065,-29112.76977432735,-50.36564683884452,
3070,4kz6,70,1,3,0.74951171875,-1,-527965.8488027045,-498853.89414065,-29113.215717399795,29.08062710754915,
3071,4kz6,71,1,3,0.74951171875,-1,-527964.0043819286,-498853.89414065,-29112.73683301576,60.57064438629138,
3072,4kz6,72,1,3,0.74951171875,-1,-527964.9610753991,-498853.89414065,-29113.04798931845,45.684203652084214,
3073,4kz6,73,1,3,0.74951171875,-1,-527964.7804846057,-498853.89414065,-29113.19659159549,53.27557619788557,
3074,4kz6,74,1,3,0.74951171875,-1,-527966.9049382993,-498853.89414065,-29113.240181455683,5.289716237959342,
3075,4kz6,75,1,3,0.74951171875,-1,-527966.0547530092,-498853.89414065,-29112.941475848038,18.007139832712333,
3076,4kz6,76,1,3,0.74951171875,-1,-527968.7581202277,-498853.89414065,-29113.135682264645,-39.85548285386454,
3077,4kz6,77,1,3,0.74951171875,-1,-527967.0465085843,-498853.89414065,-29113.076505789828,-1.7494226109833475,
3078,4kz6,78,1,3,0.74951171875,-1,-527963.2066232451,-498853.89414065,-29112.76725418337,79.6689254539679,
3079,4kz6,79,1,3,0.74951171875,-1,-527969.4913667478,-498853.89414065,-29113.208824226935,-55.077855581192615,
3080,4kz6,80,1,3,0.74951171875,-1,-527965.0857243874,-498853.89414065,-29113.033367464614,42.47254173414268,
3081,4kz6,81,1,3,0.74951171875,-1,-527960.3131874391,-498853.89414065,-29112.98568368919,151.4302443204157,
3082,4kz6,82,1,3,0.74951171875,-1,-527967.0676970967,-498853.89414065,-29112.82424856193,-8.055231185222295,
3083,4kz6,83,1,3,0.74951171875,-1,-527965.2430484034,-498853.89414065,-29112.59262604483,28.68082514689713,
3084,4kz6,84,1,3,0.74951171875,-1,-527965.5546131918,-498853.89414065,-29113.149024466355,34.326822855555406,
3085,4kz6,85,1,3,0.74951171875,-1,-527967.9957398364,-498853.89414065,-29113.044110099156,-24.386277676013677,
3086,4kz6,86,1,3,0.74951171875,-1,-527970.2876501569,-498853.89414065,-29113.088737586808,-76.20985093230028,
3087,4kz6,87,1,3,0.74951171875,-1,-527967.4806097337,-498853.89414065,-29113.066718975384,-11.985722233560722,
3088,4kz6,88,1,3,0.74951171875,-1,-527966.8755265066,-498853.89414065,-29113.35982600816,8.727037216631214,
3089,4kz6,89,1,3,0.74951171875,-1,-527967.5772080162,-498853.89414065,-29112.493804285597,-27.42505815318929,
3090,4kz6,90,1,3,0.74951171875,-1,-527964.9717467913,-498853.89414065,-29113.077671090436,46.122593424435436,
3091,4kz6,91,1,3,0.74951171875,-1,-527966.9636884369,-498853.89414065,-29112.850776920397,-5.04497603096609,
3092,4kz6,92,1,3,0.74951171875,-1,-527968.3263362983,-498853.89414065,-29113.102888921578,-30.654541352219876,
3093,4kz6,93,1,3,0.74951171875,-1,-527969.0313408413,-498853.89414065,-29113.24623546965,-43.60668241020221,
3094,4kz6,94,1,3,0.74951171875,-1,-527969.8771542051,-498853.89414065,-29112.926519641955,-70.48442407846423,
3095,4kz6,95,1,3,0.74951171875,-1,-527966.5856026597,-498853.89414065,-29113.243432889063,12.728750863791783,
3096,4kz6,96,1,3,0.74951171875,-1,-527971.732911531,-498853.89414065,-29113.05662361748,-110.27893570352086,
3097,4kz6,97,1,3,0.74951171875,-1,-527948.6460978129,-498853.89414065,-29113.00528348453,420.931704707302,
3098,4kz6,98,1,3,0.74951171875,-1,-527962.1574912557,-498853.89414065,-29110.410847762894,49.522460910204934,
3099,4kz6,99,1,3,0.74951171875,-1,-527949.9562569149,-498853.89414065,-29110.77483121522,339.28326683039796,
3100,4kz6,100,1,3,0.74951171875,-1,-527962.7241381743,-498853.89414065,-29110.78125969537,44.99717462538897,
4001,3gr2,1,1,4,0.74951171875,0,-517267.2807798253,-498853.89414065,-18417.155313424897,86.90769279093993,
4002,3gr2,2,1,4,0.74951171875,0,-517272.49068375083,-498853.89414065,-18416.821925334756,-40.92365787577863,
4003,3gr2,3,1,4,0.74951171875,0,-517266.21691532584,-498853.89414065,-18417.00520413382,107.97938847903991,
4004,3gr2,4,1,4,0.74951171875,0,-517273.48250726017,-498853.89414065,-18416.783159785104,-64.68960616428336,
4005,3gr2,5,1,4,0.74951171875,0,-517272.5387029664,-498853.89414065,-18416.428128771615,-51.11217177332479,
4006,3gr2,6,1,4,0.74951171875,0,-517262.04837246396,-498853.89414065,-18417.075006567065,205.71795287995653,
4007,3gr2,7,1,4,0.74951171875,0,-517266.6626624182,-498853.89414065,-18416.692011855674,90.47783082478587,
4008,3gr2,8,1,4,0.74951171875,0,-517260.4142420607,-498853.89414065,-18416.50726246102,230.3094050932845,
4009,3gr2,9,1,4,0.74951171875,0,-517268.1749983446,-498853.89414065,-18416.817065917086,58.48635102245075,
4010,3gr2,10,1,4,0.74951171875,0,-517274.0769796387,-498853.89414065,-18417.082769177985,-71.48930814878636,
4011,3gr2,11,1,4,0.74951171875,0,-517273.46365030267,-498853.89414065,-18416.44999895258,-71.9376257077083,
4012,3gr2,12,1,4,0.74951171875,0,-517266.3371348546,-498853.89414065,-18416.598752193284,95.83405587092162,
4013,3gr2,13,1,4,0.74951171875,0,-517269.1881582157,-498853.89414065,-18417.073406271767,41.03367836489299,
4014,3gr2,14,1,4,0.74951171875,0,-517271.4694754795,-498853.89414065,-18416.909813396764,-15.347288832175403,
4015,3gr2,15,1,4,0.74951171875,0,-517258.711981909,-498853.89414065,-18416.64374639852,272.711851110134,
4016,3gr2,16,1,4,0.74951171875,0,-517269.5875307038,-498853.89414065,-18416.444200582933,17.31410211850221,
4017,3gr2,17,1,4,0.74951171875,0,-517235.6841495054,-498853.89414065,-18416.637443058316,803.6009232106671,
4018,3gr2,18,1,4,0.74951171875,0,-517246.11468973913,-498853.89414065,-18416.561421089005,561.3138429919701,
4019,3gr2,19,1,4,0.74951171875,0,-517272.75848899933,-498853.89414065,-18416.439914755654,-55.9087668492609,
4020,3gr2,20,1,4,0.74951171875,0,-517269.9368373171,-498853.89414065,-18416.492244295907,10.366814596739616,
4021,3gr2,21,1,4,0.74951171875,0,-517268.17134580185,-498853.89414065,-18416.99151449663,62.59346047225551,
4022,3gr2,22,1,4,0.74951171875,0,-517273.24495737423,-498853.89414065,-18417.097680531573,-51.95855493988959,
4023,3gr2,23,1,4,0.74951171875,0,-517261.22307130846,-498853.89414065,-18416.4936429487,211.34328612284705,
4024,3gr2,24,1,4,0.74951171875,0,-517271.90514362016,-498853.89414065,-18416.982465021443,-23.71864856201156,
4025,3gr2,25,1,4,0.74951171875,0,-517243.7544778602,-498853.89414065,-18416.919419668746,623.9972652884477,
4026,3gr2,26,1,4,0.74951171875,0,-517242.2044641391,-498853.89414065,-18416.777763567996,656.4747635539342,
4027,3gr2,27,1,4,0.74951171875,0,-517214.569158943,-498853.89414065,-18416.896510504317,1296.498410247244,
4028,3gr2,28,1,4,0.74951171875,0,-517242.37351907947,-498853.89414065,-18416.52878650291,646.8347164980029,
4029,3gr2,29,1,4,0.74951171875,0,-517267.2924821244,-498853.89414065,-18416.988224946093,82.78467950500352,
4030,3gr2,30,1,4,0.74951171875,0,-517262.2250613884,-498853.89414065,-18417.006093554322,200.05423766044444,
4031,3gr2,31,1,4,0.74951171875,0,-517254.905543001,-498853.89414065,-18416.59766583903,359.4277746657276,
4032,3gr2,32,1,4,0.74951171875,0,-517271.2158939108,-498853.89414065,-18416.921368710828,-9.233087065184703,
4033,3gr2,33,1,4,0.74951171875,0,-517226.65372553637,-498853.89414065,-18416.977246157956,1019.6834927114908,
4034,3gr2,34,1,4,0.74951171875,0,-517250.79517491313,-498853.89414065,-18416.437254630153,450.515944203077,
4035,3gr2,35,1,4,0.74951171875,0,-517268.4768914447,-498853.89414065,-18416.545299105477,45.25743919033321,
4036,3gr2,36,1,4,0.74951171875,0,-517268.4100851284,-498853.89414065,-18416.496624432635,45.67556482194769,
4037,3gr2,37,1,4,0.74951171875,0,-517257.49168235227,-498853.89414065,-18416.981757573914,308.6473502833624,
4038,3gr2,38,1,4,0.74951171875,0,-517236.8368068204,-498853.89414065,-18416.486876644318,773.5478700736686,
4039,3gr2,39,1,4,0.74951171875,0,-517273.3344355688,-498853.89414065,-18416.77924310429,-61.36531264775644,
4040,3gr2,40,1,4,0.74951171875,0,-517270.16149768385,-498853.89414065,-18416.891439937186,14.391693642606572,
4041,3gr2,41,1,4,0.74951171875,0,-517248.8571180867,-498853.89414065,-18416.917731605594,506.28865862078874,
4042,3gr2,42,1,4,0.74951171875,0,-517252.9386542157,-498853.89414065,-18416.53091054423,403.2458939080615,
4043,3gr2,43,1,4,0.74951171875,0,-517265.85171023157,-498853.89414065,-18416.821830652785,112.17252509330788,
4044,3gr2,44,1,4,0.74951171875,0,-517263.4010045544,-498853.89414065,-18416.50319927199,161.33932638290585,
4045,3gr2,45,1,4,0.74951171875,0,-517269.4814971702,-498853.89414065,-18416.551718793933,22.238722338668705,
4046,3gr2,46,1,4,0.74951171875,0,-517258.74917437293,-498853.89414065,-18416.98846986158,279.8036844248644,
4047,3gr2,47,1,4,0.74951171875,0,-517256.11000418814,-498853.89414065,-18416.68717392547,333.7163453585694,
4048,3gr2,48,1,4,0.74951171875,0,-517268.13265627774,-498853.89414065,-18416.527925633025,52.7950489306556,
4049,3gr2,49,1,4,0.74951171875,0,-517261.30416178866,-498853.89414065,-18416.487023167436,209.32063944301427,
4050,3gr2,50,1,4,0.74951171875,0,-517268.86180505325,-498853.89414065,-18416.43117710216,33.749404593735605,
4051,3gr2,51,1,4,0.74951171875,0,-517267.64406204375,-498853.89414065,-18416.488621331882,63.15592091688997,
4052,3gr2,52,1,4,0.74951171875,0,-517271.5180548445,-498853.89414065,-18416.897605829072,-16.74906880133794,
4053,3gr2,53,1,4,0.74951171875,0,-517266.5106685476,-498853.89414065,-18416.442770563197,88.23525200162736,
4054,3gr2,54,1,4,0.74951171875,0,-517269.73977028,-498853.89414065,-18416.50629245503,15.235246675848687,
4055,3gr2,55,1,4,0.74951171875,0,-517247.3234404341,-498853.89414065,-18416.685146324467,536.292561485086,
4056,3gr2,56,1,4,0.74951171875,0,-517269.75923854276,-498853.89414065,-18416.643607758117,17.952863986624575,
4057,3gr2,57,1,4,0.74951171875,0,-517252.74184748693,-498853.89414065,-18416.602431319778,409.4336731559561,
4058,3gr2,58,1,4,0.74951171875,0,-517269.93736443075,-498853.89414065,-18417.967695720625,44.37937721806256,
4059,3gr2,59,1,4,0.74951171875,0,-517270.794984074,-498853.89414065,-18417.789106302094,20.483828585901975,
4060,3gr2,60,1,4,0.74951171875,0,-517263.6743160353,-498853.89414065,-18417.98306056125,189.16302594914595,
4061,3gr2,61,1,4,0.74951171875,0,-517258.7302273231,-498853.89414065,-18417.989156596486,303.316998088187,
4062,3gr2,62,1,4,0.74951171875,0,-517264.3625310377,-498853.89414065,-18417.85536924762,170.3477793225887,
4063,3gr2,63,1,4,0.74951171875,0,-517264.2574024513,-498853.89414065,-18417.160602711272,156.75040517527086,
4064,3gr2,64,1,4,0.74951171875,0,-517272.1837829964,-498853.89414065,-18417.997848816347,-6.728918656052213,
4065,3gr2,65,1,4,0.74951171875,0,-517274.2885295765,-498853.89414065,-18418.129639379804,-52.226365246109395,
4066,3gr2,66,1,4,0.74951171875,0,-517263.4300614314,-498853.89414065,-18418.248208217454,200.91012113246654,
4067,3gr2,67,1,4,0.74951171875,0,-517271.4937218145,-498853.89414065,-18418.0019289927,9.278361337164526,
4068,3gr2,68,1,4,0.74951171875,0,-517271.3529189245,-498853.89414065,-18417.09263073666,-8.443562808906062,
4069,3gr2,69,1,4,0.74951171875,0,-517273.4385971145,-498853.89414065,-18418.148717366283,-32.186508234186505,
4070,3gr2,70,1,4,0.74951171875,0,-517272.19284814753,-498853.89414065,-18417.992916949224,-7.051697565562112,
4071,3gr2,71,1,4,0.74951171875,0,-517271.59798327246,-498853.89414065,-18417.879570119214,4.0523723440297506,
4072,3gr2,72,1,4,0.74951171875,0,-517271.9645709411,-498853.89414065,-18418.151380829644,1.8667637655918037,
4073,3gr2,73,1,4,0.74951171875,0,-517271.1913351135,-498853.89414065,-18418.138008229565,19.38962606918204,
4074,3gr2,74,1,4,0.74951171875,0,-517246.4110698568,-498853.89414065,-18417.862686194603,584.4870413207663,
4075,3gr2,75,1,4,0.74951171875,0,-517245.1856594399,-498853.89414065,-18417.789041258526,611.047384280859,
4076,3gr2,76,1,4,0.74951171875,0,-517272.1828981505,-498853.89414065,-18418.219302974772,-1.6016594132829713,
4077,3gr2,77,1,4,0.74951171875,0,-517267.45445358916,-498853.89414065,-18418.103943251197,104.77860413520808,
4078,3gr2,78,1,4,0.74951171875,0,-517271.594559388,-498853.89414065,-18418.01344227059,7.218494145186574,
4079,3gr2,79,1,4,0.74951171875,0,-517267.76862961205,-498853.89414065,-18418.19984304173,99.745034638645,
4080,3gr2,80,1,4,0.74951171875,0,-517270.1311482951,-498853.89414065,-18417.999900631738,40.6532780378473,
4081,3gr2,81,1,4,0.74951171875,0,-517267.35026771,-498853.89414065,-18417.870242901277,101.79192948778079,
4082,3gr2,82,1,4,0.74951171875,0,-517271.0422888712,-498853.89414065,-18418.001476667952,19.678221461639204,
4083,3gr2,83,1,4,0.74951171875,0,-517262.1667285875,-498853.89414065,-18418.14612581594,227.6891925037067,
4084,3gr2,84,1,4,0.74951171875,0,-517272.62618827977,-498853.89414065,-18418.20610293014,-12.128572902196854,
4085,3gr2,85,1,4,0.74951171875,0,-517270.0500503497,-498853.89414065,-18418.079002283645,44.34756851524802,
4086,3gr2,86,1,4,0.74951171875,0,-517222.81644693174,-498853.89414065,-18418.099485390012,1134.052691001055,
4087,3gr2,87,1,4,0.74951171875,0,-517272.1078204527,-498853.89414065,-18418.23146878941,0.41022377842283253,
4088,3gr2,88,1,4,0.74951171875,0,-517251.66428490146,-498853.89414065,-18417.922015212607,464.71318417585314,
4089,3gr2,89,1,4,0.74951171875,0,-517256.8071869479,-498853.89414065,-18417.771731935572,342.6494308474861,
4090,3gr2,90,1,4,0.74951171875,0,-517270.11538404395,-498853.89414065,-18417.903967030477,38.80452890569822,
4091,3gr2,91,1,4,0.74951171875,0,-517270.6109424845,-498853.89414065,-18418.178579323125,33.70938969356356,
4092,3gr2,92,1,4,0.74951171875,0,-517270.6040783243,-498853.89414065,-18418.176737092566,33.82519814321343,
4093,3gr2,93,1,4,0.74951171875,0,-517268.4399445073,-498853.89414065,-18417.097562395167,58.84494981405467,
4094,3gr2,94,1,4,0.74951171875,0,-517269.905500369,-498853.89414065,-18417.02892433865,23.465597582716388,
4095,3gr2,95,1,4,0.74951171875,0,-517270.19910788693,-498853.89414065,-18416.72375600798,9.657498485567457,
4096,3gr2,96,1,4,0.74951171875,0,-517272.0230038182,-498853.89414065,-18416.94057338698,-27.402613336065524,
4097,3gr2,97,1,4,0.74951171875,0,-517269.7227972911,-498853.89414065,-18416.971773378682,26.36089820238734,
4098,3gr2,98,1,4,0.74951171875,0,-517257.7525500075,-498853.89414065,-18417.07864414913,304.86585674460656,
4099,3gr2,99,1,4,0.74951171875,0,-517272.98730027827,-498853.89414065,-18416.680307500195,-55.64169190779913,
4100,3gr2,100,1,4,0.74951171875,0,-517274.54061293753,-498853.89414065,-18416.674728088212,-91.59059707956563,
5001,2r9w,1,1,5,0.74951171875,-2,-535680.3159900318,-498853.89414065,-36825.3761580058,-24.1142159927944,
5002,2r9w,2,1,5,0.74951171875,-2,-535673.326424436,-498853.89414065,-36825.43012536253,138.3135125571974,
5003,2r9w,3,1,5,0.74951171875,-2,-535672.6302806002,-498853.89414065,-36825.76428557119,162.07288825411936,
5004,2r9w,4,1,5,0.74951171875,-2,-535671.8909523052,-498853.89414065,-36825.44058860028,171.65757428301384,
5005,2r9w,5,1,5,0.74951171875,-2,-535675.6528153582,-498853.89414065,-36825.42961216649,84.65382883884216,
5006,2r9w,6,1,5,0.74951171875,-2,-535684.1018818181,-498853.89414065,-36825.715844757215,-103.5855920346297,
5007,2r9w,7,1,5,0.74951171875,-2,-535676.0470156383,-498853.89414065,-36825.99651480397,88.6364398122592,
5008,2r9w,8,1,5,0.74951171875,-2,-535673.554380731,-498853.89414065,-36825.76107061585,140.6884943562808,
5009,2r9w,9,1,5,0.74951171875,-2,-535679.0245196681,-498853.89414065,-36825.79288483342,15.277747042636864,
5010,2r9w,10,1,5,0.74951171875,-2,-535680.0750601899,-498853.89414065,-36825.38775122847,-18.290895784454015,
5011,2r9w,11,1,5,0.74951171875,-2,-535671.2825782907,-498853.89414065,-36825.92313075742,196.81469883833358,
5012,2r9w,12,1,5,0.74951171875,-2,-535661.6987033349,-498853.89414065,-36816.13371480187,192.07481078181266,
5013,2r9w,13,1,5,0.74951171875,-2,-535675.0466992124,-498853.89414065,-36824.133469111526,68.74143029682924,
5014,2r9w,14,1,5,0.74951171875,-2,-535674.2280323219,-498853.89414065,-36825.51825226034,119.55419532078331,
5015,2r9w,15,1,5,0.74951171875,-2,-535666.8928831231,-498853.89414065,-36825.07223523339,278.42135728045645,
5016,2r9w,16,1,5,0.74951171875,-2,-535675.7022128862,-498853.89414065,-36823.89399600705,48.102544888880715,
5017,2r9w,17,1,5,0.74951171875,-2,-535677.6197530192,-498853.89414065,-36825.10761774262,31.86980101617181,
5018,2r9w,18,1,5,0.74951171875,-2,-535666.7338099343,-498853.89414065,-36821.84066594328,207.56791397644545,
5019,2r9w,19,1,5,0.74951171875,-2,-535664.807302953,-498853.89414065,-36819.70847225865,202.82466591782276,
5020,2r9w,20,1,5,0.74951171875,-2,-535678.17726116,-498853.89414065,-36825.90213657105,37.33539731453966,
5021,2r9w,21,1,5,0.74951171875,-2,-535678.2256281535,-498853.89414065,-36825.37263346394,24.009396218463923,
5022,2r9w,22,1,5,0.74951171875,-2,-535644.9127262544,-498853.89414065,-36819.624152607576,659.6600460977629,
5023,2r9w,23,1,5,0.74951171875,-2,-535677.1270628285,-498853.89414065,-36825.63615120134,55.41977782868613,
5024,2r9w,24,1,5,0.74951171875,-2,-535678.2944682997,-498853.89414065,-36825.33724439824,21.60581349238943,
5025,2r9w,25,1,5,0.74951171875,-2,-535674.304102094,-498853.89414065,-36825.33679426392,113.61546389650591,
5026,2r9w,26,1,5,0.74951171875,-2,-535681.5882077974,-498853.89414065,-36825.463841445104,-51.430226480550864,
5027,2r9w,27,1,5,0.74951171875,-2,-535680.9738607269,-498853.89414065,-36824.37031472406,-62.480371732412635,
5028,2r9w,28,1,5,0.74951171875,-2,-535680.7705298227,-498853.89414065,-36824.15092206677,-62.850764556678214,
5029,2r9w,29,1,5,0.74951171875,-2,-535679.7905543606,-498853.89414065,-36824.38241601666,-34.91361623669538,
5030,2r9w,30,1,5,0.74951171875,-2,-535644.8629178267,-498853.89414065,-36821.841156608716,711.9339825358861,
5031,2r9w,31,1,5,0.74951171875,-2,-535672.5287363094,-498853.89414065,-36819.6893470355,24.32314455824448,
5032,2r9w,32,1,5,0.74951171875,-2,-535670.9353522521,-498853.89414065,-36818.00445175847,22.212845698226122,
5033,2r9w,33,1,5,0.74951171875,-2,-535679.8047550481,-498853.89414065,-36825.47723365506,-9.993997354525794,
5034,2r9w,34,1,5,0.74951171875,-2,-535672.4984209699,-498853.89414065,-36818.47317112173,-3.023449936265976,
5035,2r9w,35,1,5,0.74951171875,-2,-535680.7490487408,-498853.89414065,-36825.399997121895,-33.55104398869299,
5036,2r9w,36,1,5,0.74951171875,-2,-535669.7561605436,-498853.89414065,-36819.600976175905,86.22238018341955,
5037,2r9w,37,1,5,0.74951171875,-2,-535679.1743621393,-498853.89414065,-36825.62544227322,7.960980399417613,
5038,2r9w,38,1,5,0.74951171875,-2,-535677.8006566626,-498853.89414065,-36823.812361604825,-2.1712522230576483,
5039,2r9w,39,1,5,0.74951171875,-2,-535678.0983164918,-498853.89414065,-36825.5597646304,31.260620097731593,
5040,2r9w,40,1,5,0.74951171875,-2,-535672.0534314227,-498853.89414065,-36821.840507275665,84.8908692417627,
5041,2r9w,41,1,5,0.74951171875,-2,-535682.4084938033,-498853.89414065,-36825.71200979432,-64.62357306884756,
5042,2r9w,42,1,5,0.74951171875,-2,-535672.291314454,-498853.89414065,-36825.38792813505,161.21062462204998,
5043,2r9w,43,1,5,0.74951171875,-2,-535674.8603146386,-498853.89414065,-36825.30833066186,100.13251165186857,
5044,2r9w,44,1,5,0.74951171875,-2,-535664.6484526258,-498853.89414065,-36824.06172526559,306.8762406698222,
5045,2r9w,45,1,5,0.74951171875,-2,-535670.1921788021,-498853.89414065,-36819.49191481551,73.6525455615444,
5046,2r9w,46,1,5,0.74951171875,-2,-535673.3065320415,-498853.89414065,-36823.887505061284,103.19857282894804,
5047,2r9w,47,1,5,0.74951171875,-2,-535677.6477107864,-498853.89414065,-36823.890266663635,3.1522968036702803,
5048,2r9w,48,1,5,0.74951171875,-2,-535676.5963474374,-498853.89414065,-36825.12970162114,55.97936072289545,
5049,2r9w,49,1,5,0.74951171875,-2,-535670.3256486519,-498853.89414065,-36819.50390577992,70.8511759140857,
5050,2r9w,50,1,5,0.74951171875,-2,-535677.164966018,-498853.89414065,-36825.819291717664,58.769030149735535,
5051,2r9w,51,1,5,0.74951171875,-2,-535668.3305970591,-498853.89414065,-36825.52333725175,255.66954596403846,
5052,2r9w,52,1,5,0.74951171875,-2,-535658.1180020733,-498853.89414065,-36825.10400295937,481.5075026035261,
5053,2r9w,53,1,5,0.74951171875,-2,-535656.0222291811,-498853.89414065,-36825.6214420863,541.7696033604301,
5054,2r9w,54,1,5,0.74951171875,-2,-535641.3146769267,-498853.89414065,-36812.114662117616,569.4600700895387,
5055,2r9w,55,1,5,0.74951171875,-2,-535676.7734109324,-498853.89414065,-36821.83764708718,-24.020401514819856,
5056,2r9w,56,1,5,0.74951171875,-2,-535675.4702510397,-498853.89414065,-36820.700145608986,-20.200227724152935,
5057,2r9w,57,1,5,0.74951171875,-2,-535665.191517429,-498853.89414065,-36820.83429659089,219.92659547961486,
5058,2r9w,58,1,5,0.74951171875,-2,-535651.6005208652,-498853.89414065,-36825.27140558447,635.6645859806798,
5059,2r9w,59,1,5,0.74951171875,-2,-535671.4917248648,-498853.89414065,-36822.83867562493,120.86243914755396,
5060,2r9w,60,1,5,0.74951171875,-2,-535680.7622557742,-498853.89414065,-36825.11441016877,-40.44139700633279,
5061,2r9w,61,1,5,0.74951171875,-2,-535676.987344326,-498853.89414065,-36824.073964602554,22.616884257400255,
5062,2r9w,62,1,5,0.74951171875,-2,-535661.6887895477,-498853.89414065,-36813.726302839175,136.78718943300558,
5063,2r9w,63,1,5,0.74951171875,-2,-535674.2932105672,-498853.89414065,-36818.77898693761,-37.360001040801386,
5064,2r9w,64,1,5,0.74951171875,-2,-535672.1967914711,-498853.89414065,-36823.819215781295,127.21501012520868,
5065,2r9w,65,1,5,0.74951171875,-2,-535677.3483209176,-498853.89414065,-36825.2030010291,40.32876481814189,
5066,2r9w,66,1,5,0.74951171875,-2,-535662.4118202341,-498853.89414065,-36825.559262282506,392.9882329247887,
5067,2r9w,67,1,5,0.74951171875,-2,-535651.512897433,-498853.89414065,-36825.13491476258,634.5376772025207,
5068,2r9w,68,1,5,0.74951171875,-2,-535678.1289524747,-498853.89414065,-36823.88444448197,-8.079662865047487,
5069,2r9w,69,1,5,0.74951171875,-2,-535675.5845248415,-498853.89414065,-36825.353340155685,84.4697712131019,
5070,2r9w,70,1,5,0.74951171875,-2,-535657.7342209679,-498853.89414065,-36821.839799410955,415.0833830838633,
5071,2r9w,71,1,5,0.74951171875,-2,-535676.4101280433,-498853.89414065,-36825.345267064185,65.24473917730613,
5072,2r9w,72,1,5,0.74951171875,-2,-535678.9185272318,-498853.89414065,-36822.61893511498,-55.471028604595624,
5073,2r9w,73,1,5,0.74951171875,-2,-535677.4004484277,-498853.89414065,-36822.4369884797,-24.659088816804445,
5074,2r9w,74,1,5,0.74951171875,-2,-535664.3453778934,-498853.89414065,-36822.96854019846,288.65586350493595,
5075,2r9w,75,1,5,0.74951171875,-2,-535682.2062662255,-498853.89414065,-36823.18675637922,-118.19382150167995,
5076,2r9w,76,1,5,0.74951171875,-2,-535677.0867049557,-498853.89414065,-36825.902385718466,62.48996630210047,
5077,2r9w,77,1,5,0.74951171875,-2,-535664.7410706145,-498853.89414065,-36822.6627322503,272.47887376758365,
5078,2r9w,78,1,5,0.74951171875,-2,-535677.7183798117,-498853.89414065,-36822.95248556818,-20.103115440747054,
5079,2r9w,79,1,5,0.74951171875,-2,-535675.8054756087,-498853.89414065,-36822.942464000786,23.77840059491931,
5080,2r9w,80,1,5,0.74951171875,-2,-535673.7438000006,-498853.89414065,-36823.030533558966,73.35270182421662,
5081,2r9w,81,1,5,0.74951171875,-2,-535675.8832548722,-498853.89414065,-36822.588008648956,13.810833574275412,
5082,2r9w,82,1,5,0.74951171875,-2,-535675.3344665926,-498853.89414065,-36822.568076975,26.00655662267948,
5083,2r9w,83,1,5,0.74951171875,-2,-535670.3939471107,-498853.89414065,-36822.79755330762,145.2294923873084,
5084,2r9w,84,1,5,0.74951171875,-2,-535680.6794036787,-498853.89414065,-36822.98820770463,-87.56217591748677,
5085,2r9w,85,1,5,0.74951171875,-2,-535666.0612121536,-498853.89414065,-36822.65491057118,241.85531445676457,
5086,2r9w,86,1,5,0.74951171875,-2,-535655.0950669806,-498853.89414065,-36822.40049470152,488.8736604065219,
5087,2r9w,87,1,5,0.74951171875,-2,-535650.6944234383,-498853.89414065,-36822.72122133454,597.7510431603968,
5088,2r9w,88,1,5,0.74951171875,-2,-535666.1879077269,-498853.89414065,-36822.64708924973,238.75328117332623,
5089,2r9w,89,1,5,0.74951171875,-2,-535677.6809689566,-498853.89414065,-36822.79866028508,-22.787695924076676,
5090,2r9w,90,1,5,0.74951171875,-2,-535678.2481689019,-498853.89414065,-36823.01126898016,-30.964764410838132,
5091,2r9w,91,1,5,0.74951171875,-2,-535677.107010172,-498853.89414065,-36823.13215447148,-1.8613332828470817,
5092,2r9w,92,1,5,0.74951171875,-2,-535681.6033378106,-498853.89414065,-36825.998716361166,-39.4446242890121,
5093,2r9w,93,1,5,0.74951171875,-2,-535676.7879480734,-498853.89414065,-36825.84290254792,68.00774917697731,
5094,2r9w,94,1,5,0.74951171875,-2,-535684.6925402744,-498853.89414065,-36825.562064773694,-120.7527502808372,
5095,2r9w,95,1,5,0.74951171875,-2,-535682.1303786498,-498853.89414065,-36825.63444448193,-59.99878386435539,
5096,2r9w,96,1,5,0.74951171875,-2,-535680.4894790809,-498853.89414065,-36825.86070526322,-16.941043301116355,
5097,2r9w,97,1,5,0.74951171875,-2,-535671.875981526,-498853.89414065,-36825.54127217015,174.32462693128213,
5098,2r9w,98,1,5,0.74951171875,-2,-535676.5637913955,-498853.89414065,-36825.77331174101,71.57212283652183,
5099,2r9w,99,1,5,0.74951171875,-2,-535676.5147484106,-498853.89414065,-36825.694012648666,70.87440042502365,
5100,2r9w,100,1,5,0.74951171875,-2,-535670.9076379548,-498853.89414065,-36825.69733167374,200.25397781789604,
6001,3g2z,1,0,6,0.5771484375,0,-515760.95799328637,-498853.89414065,-16911.415225126886,100.34503344623809,
6002,3g2z,2,0,6,0.5771484375,0,-515763.6359453077,-498853.89414065,-16911.19298515573,33.46501728614894,
6003,3g2z,3,0,6,0.5771484375,0,-515761.1310780518,-498853.89414065,-16911.41550848737,96.36013838207623,
6004,3g2z,4,0,6,0.5771484375,0,-515768.20531578606,-498853.89414065,-16911.415081241277,-66.78551178283792,
6005,3g2z,5,0,6,0.5771484375,0,-515763.92396071804,-498853.89414065,-16911.19333157792,26.831212825057804,
6006,3g2z,6,0,6,0.5771484375,0,-515763.44334809727,-498853.89414065,-16911.41543046489,43.036125160419644,
6007,3g2z,7,0,6,0.5771484375,0,-515760.73671199614,-498853.89414065,-16911.415218331953,105.44774452870301,
6008,3g2z,8,0,6,0.5771484375,0,-515762.2875082965,-498853.89414065,-16911.321888008264,67.53328387552001,
6009,3g2z,9,0,6,0.5771484375,0,-515764.1774202759,-498853.89414065,-16910.966029861116,15.744594454835253,
6010,3g2z,10,0,6,0.5771484375,0,-515766.1634378904,-498853.89414065,-16911.50196073308,-17.6952002296658,
6011,3g2z,11,0,6,0.5771484375,0,-515761.7557377987,-498853.89414065,-16911.0798536922,74.21475895257493,
6012,3g2z,12,0,6,0.5771484375,0,-515764.9714464868,-498853.89414065,-16911.609823265222,12.280143629280488,
6013,3g2z,13,0,6,0.5771484375,0,-515765.30849145603,-498853.89414065,-16911.448605933332,0.7899420014344943,
6014,3g2z,14,0,6,0.5771484375,0,-515741.1777902418,-498853.89414065,-16911.009445824766,547.1298588501234,
6015,3g2z,15,0,6,0.5771484375,0,-515764.59352518845,-498853.89414065,-16911.44759915128,17.254238866597902,
6016,3g2z,16,0,6,0.5771484375,0,-515743.191435414,-498853.89414065,-16911.228378095773,505.74279614912155,
6017,3g2z,17,0,6,0.5771484375,0,-515765.9010566945,-498853.89414065,-16911.50097260728,-11.667332833927896,
6018,3g2z,18,0,6,0.5771484375,0,-515768.7587746257,-498853.89414065,-16911.43855021253,-79.00736849287681,
6019,3g2z,19,0,6,0.5771484375,0,-515740.4975919895,-498853.89414065,-16911.44279626861,572.8089018183289,
6020,3g2z,20,0,6,0.5771484375,0,-515711.4488588149,-498853.89414065,-16911.174842842964,1236.5094498222027,
6021,3g2z,21,0,6,0.5771484375,0,-515709.99114719284,-498853.89414065,-16911.3192065145,1273.4541837584795,
6022,3g2z,22,0,6,0.5771484375,0,-515764.4168520146,-498853.89414065,-16911.138692417288,14.204860528011695,
6023,3g2z,23,0,6,0.5771484375,0,-515746.658621835,-498853.89414065,-16911.026303210405,421.1276202910058,
6024,3g2z,24,0,6,0.5771484375,0,-515768.83777413017,-498853.89414065,-16911.321829774526,-83.5207775871631,
6025,3g2z,25,0,6,0.5771484375,0,-515764.93097628903,-498853.89414065,-16911.475360253,10.112617835149253,
6026,3g2z,26,0,6,0.5771484375,0,-515764.7787202919,-498853.89414065,-16911.4629356648,13.337206728775099,
6027,3g2z,27,0,6,0.5771484375,0,-515763.21776655543,-498853.89414065,-16911.020562448648,39.13228632018999,
6028,3g2z,28,0,6,0.5771484375,0,-515764.038536864,-498853.89414065,-16911.43561182275,29.77613930550453,
6029,3g2z,29,0,6,0.5771484375,0,-515756.69718830544,-498853.89414065,-16911.47397742524,199.95639069240744,
6030,3g2z,30,0,6,0.5771484375,0,-515739.5199133032,-498853.89414065,-16911.174864688062,589.1760588986972,
6031,3g2z,31,0,6,0.5771484375,0,-515763.5353513383,-498853.89414065,-16911.137101330904,34.496057713639686,
6032,3g2z,32,0,6,0.5771484375,0,-515740.20082156605,-498853.89414065,-16911.175943234113,573.498813197865,
6033,3g2z,33,0,6,0.5771484375,0,-515721.45285101485,-498853.89414065,-16911.348779686832,1009.8229881055134,
6034,3g2z,34,0,6,0.5771484375,0,-515752.342362451,-498853.89414065,-16911.5249621357,301.55679595638725,
6035,3g2z,35,0,6,0.5771484375,0,-515747.90210218955,-498853.89414065,-16911.08925602689,393.90400853418396,
6036,3g2z,36,0,6,0.5771484375,0,-515766.4343194241,-498853.89414065,-16911.604580917505,-21.575399122223022,
6037,3g2z,37,0,6,0.5771484375,0,-515742.5939217235,-498853.89414065,-16911.201453366426,518.9008901801612,
6038,3g2z,38,0,6,0.5771484375,0,-515768.4411672677,-498853.89414065,-16911.09291640773,-79.65367370886896,
6039,3g2z,39,0,6,0.5771484375,0,-515765.11162220174,-498853.89414065,-16911.3033428575,1.9800087480440194,
6040,3g2z,40,0,6,0.5771484375,0,-515733.1727813209,-498853.89414065,-16911.26893530145,737.7137194425984,
6041,3g2z,41,0,6,0.5771484375,0,-515756.0822181876,-498853.89414065,-16911.34763268485,211.22435957957745,
6042,3g2z,42,0,6,0.5771484375,0,-515717.0555132801,-498853.89414065,-16911.175344624662,1107.2284977185952,
6043,3g2z,43,0,6,0.5771484375,0,-515742.3713474893,-498853.89414065,-16911.501473047872,530.9521921675336,
6044,3g2z,44,0,6,0.5771484375,0,-515763.97705239314,-498853.89414065,-16911.00800500169,21.333157336556283,
6045,3g2z,45,0,6,0.5771484375,0,-515756.40030153346,-498853.89414065,-16911.26482454791,201.97958236622966,
6046,3g2z,46,0,6,0.5771484375,0,-515763.91218768305,-498853.89414065,-16911.137190916685,25.80807105784517,
6047,3g2z,47,0,6,0.5771484375,0,-515753.34393179644,-498853.89414065,-16911.203122236875,271.0382537800262,
6048,3g2z,48,0,6,0.5771484375,0,-515765.62317542976,-498853.89414065,-16911.192715623525,-12.367813555014903,
6049,3g2z,49,0,6,0.5771484375,0,-515753.4003973032,-498853.89414065,-16911.182186999467,269.25335021641115,
6050,3g2z,50,0,6,0.5771484375,0,-515747.0295086975,-498853.89414065,-16911.20633492723,416.7263960751655,
6051,3g2z,51,0,6,0.5771484375,0,-515765.06140674883,-498853.89414065,-16910.83189363136,-7.733872827433251,
6052,3g2z,52,0,6,0.5771484375,0,-515763.6886586423,-498853.89414065,-16911.00744227424,27.9706984186619,
6053,3g2z,53,0,6,0.5771484375,0,-515768.0312190379,-498853.89414065,-16910.806842961458,-76.79705333859228,
6054,3g2z,54,0,6,0.5771484375,0,-515731.9126432265,-498853.89414065,-16911.504098274854,772.1961812384477,
6055,3g2z,55,0,6,0.5771484375,0,-515764.44095637137,-498853.89414065,-16910.992115893503,10.268865918311459,
6056,3g2z,56,0,6,0.5771484375,0,-515769.9837015594,-498853.89414065,-16911.29961643472,-110.45874366503715,
6057,3g2z,57,0,6,0.5771484375,0,-515758.1694043602,-498853.89414065,-16911.025349893713,155.66068529614944,
6058,3g2z,58,0,6,0.5771484375,0,-515766.59921537584,-498853.89414065,-16911.500114777235,-27.787036528962645,
6059,3g2z,59,0,6,0.5771484375,0,-515749.09747447306,-498853.89414065,-16911.230770566603,369.60147162648747,
6060,3g2z,60,0,6,0.5771484375,0,-515761.88444815815,-498853.89414065,-16911.137493112234,72.57582415473928,
6061,3g2z,61,0,6,0.5771484375,0,-515740.8617794688,-498853.89414065,-16911.081919231558,556.0885168598165,
6062,3g2z,62,0,6,0.5771484375,0,-515763.5242866153,-498853.89414065,-16911.604158618593,45.52181320907815,
6063,3g2z,63,0,6,0.5771484375,0,-515764.8550721877,-498853.89414065,-16910.83357540622,-2.9369021622128506,
6064,3g2z,64,0,6,0.5771484375,0,-515757.61141093326,-498853.89414065,-16911.298421778825,174.82550667462175,
6065,3g2z,65,0,6,0.5771484375,0,-515751.3042974646,-498853.89414065,-16911.40898207679,322.8205795309098,
6066,3g2z,66,0,6,0.5771484375,0,-515764.8368821318,-498853.89414065,-16911.30532530799,8.361381665972203,
6067,3g2z,67,0,6,0.5771484375,0,-515758.92086921865,-498853.89414065,-16910.928665795465,136.1019057121286,
6068,3g2z,68,0,6,0.5771484375,0,-515752.1267688449,-498853.89414065,-16911.065713354496,295.9379741371147,
6069,3g2z,69,0,6,0.5771484375,0,-515758.1382650609,-498853.89414065,-16911.31987003341,163.17057036504065,
6070,3g2z,70,0,6,0.5771484375,0,-515758.55703121674,-498853.89414065,-16911.301424839643,153.08823712535013,
6071,3g2z,71,0,6,0.5771484375,0,-515747.7363929027,-498853.89414065,-16911.301259257933,402.6142661197005,
6072,3g2z,72,0,6,0.5771484375,0,-515766.8242055948,-498853.89414065,-16911.34986371651,-36.44030600659072,
6073,3g2z,73,0,6,0.5771484375,0,-515758.77646610397,-498853.89414065,-16911.434333779955,151.09290138787205,
6074,3g2z,74,0,6,0.5771484375,0,-515764.2114289576,-498853.89414065,-16911.125909485963,18.647247360742107,
6075,3g2z,75,0,6,0.5771484375,0,-515743.28916627396,-498853.89414065,-16910.982083060888,497.8093705465409,
6076,3g2z,76,0,6,0.5771484375,0,-515764.8190067584,-498853.89414065,-16911.296896972803,8.579235543060125,
6077,3g2z,77,0,6,0.5771484375,0,-515764.0610678072,-498853.89414065,-16910.967729904798,18.466950063812497,
6078,3g2z,78,0,6,0.5771484375,0,-515767.0089353944,-498853.89414065,-16911.153448619985,-45.229716114729584,
6079,3g2z,79,0,6,0.5771484375,0,-515764.0481502884,-498853.89414065,-16911.073933520456,21.213948682399856,
6080,3g2z,80,0,6,0.5771484375,0,-515764.34263222176,-498853.89414065,-16911.28429106727,19.2739942429619,
6081,3g2z,81,0,6,0.5771484375,0,-515754.30273264897,-498853.89414065,-16911.26318023458,250.31275118883767,
6082,3g2z,82,0,6,0.5771484375,0,-515761.1305296744,-498853.89414065,-16911.262813189176,92.85154703781048,
6083,3g2z,83,0,6,0.5771484375,0,-515766.24347420264,-498853.89414065,-16911.226661958834,-25.88942198713467,
6084,3g2z,84,0,6,0.5771484375,0,-515757.06221707404,-498853.89414065,-16911.068849005846,182.19614402146496,
6085,3g2z,85,0,6,0.5771484375,0,-515764.458498093,-498853.89414065,-16911.33274374261,17.719409014192863,
6086,3g2z,86,0,6,0.5771484375,0,-515762.8788058335,-498853.89414065,-16911.415496089605,56.05629237779994,
6087,3g2z,87,0,6,0.5771484375,0,-515765.1340732598,-498853.89414065,-16910.99463413014,-5.656717322517298,
6088,3g2z,88,0,6,0.5771484375,0,-515765.118441599,-498853.89414065,-16911.269260265974,1.0367864790540884,
6089,3g2z,89,0,6,0.5771484375,0,-515741.4211971636,-498853.89414065,-16911.15744946256,544.9298068561177,
6090,3g2z,90,0,6,0.5771484375,0,-515764.47527475905,-498853.89414065,-16911.305754997877,16.71015466563697,
6091,3g2z,91,0,6,0.5771484375,0,-515764.2793711596,-498853.89414065,-16911.13137702002,17.206547291701682,
6092,3g2z,92,0,6,0.5771484375,0,-515763.5953320439,-498853.89414065,-16911.266138591913,36.08853971236569,
6093,3g2z,93,0,6,0.5771484375,0,-515759.006798702,-498853.89414065,-16911.193293371343,140.22278162211242,
6094,3g2z,94,0,6,0.5771484375,0,-515764.7561122949,-498853.89414065,-16911.003630676416,3.26673487150849,
6095,3g2z,95,0,6,0.5771484375,0,-515763.67433263594,-498853.89414065,-16911.415278055807,37.70598052115116,
6096,3g2z,96,0,6,0.5771484375,0,-515764.6439129288,-498853.89414065,-16911.415583470014,15.353970820581745,
6097,3g2z,97,0,6,0.5771484375,0,-515765.50060610723,-498853.89414065,-16911.193262436533,-9.528688022780225,
6098,3g2z,98,0,6,0.5771484375,0,-515764.01189503324,-498853.89414065,-16911.104787686018,22.761528688988324,
6099,3g2z,99,0,6,0.5771484375,0,-515765.11872744793,-498853.89414065,-16910.80719737067,-9.625228851509831,
6100,3g2z,100,0,6,0.5771484375,0,-515745.62936522317,-498853.89414065,-16911.19312439218,448.7098294595466,
7001,4de3,1,0,7,0.5771484375,0,-593086.8629733018,-498853.89414065,-94238.86238338535,135.90850858333533,
7002,4de3,2,0,7,0.5771484375,0,-593088.1023714979,-498853.89414065,-94238.94769819562,109.2947134638627,
7003,4de3,3,0,7,0.5771484375,0,-593089.4444122289,-498853.89414065,-94238.95317961757,78.47292358923923,
7004,4de3,4,0,7,0.5771484375,0,-593094.6772196281,-498853.89414065,-94238.86135270192,-44.316060709907106,
7005,4de3,5,0,7,0.5771484375,0,-593092.0969173006,-498853.89414065,-94238.9408977825,17.021477666651105,
7006,4de3,6,0,7,0.5771484375,0,-593068.5687971105,-498853.89414065,-94238.78559090679,556.0113570402452,
7007,4de3,7,0,7,0.5771484375,0,-593090.1273778651,-498853.89414065,-94238.86886509245,60.77902272823297,
7008,4de3,8,0,7,0.5771484375,0,-593091.2549359191,-498853.89414065,-94238.53163858248,27.000288230924337,
7009,4de3,9,0,7,0.5771484375,0,-593089.7207246103,-498853.89414065,-94238.59484161927,63.83753815287899,
7010,4de3,10,0,7,0.5771484375,0,-593092.8955827926,-498853.89414065,-94238.61369170733,-8.941737458581583,
7011,4de3,11,0,7,0.5771484375,0,-593085.3612744494,-498853.89414065,-94238.57321842496,163.8702043964152,
7012,4de3,12,0,7,0.5771484375,0,-593085.9000535891,-498853.89414065,-94238.65628280236,153.36117232197708,
7013,4de3,13,0,7,0.5771484375,0,-593091.6636691383,-498853.89414065,-94238.9990874726,28.354303767298116,
7014,4de3,14,0,7,0.5771484375,0,-593090.3489356329,-498853.89414065,-94238.7075314719,51.94933755531361,
7015,4de3,15,0,7,0.5771484375,0,-593076.1079984431,-498853.89414065,-94238.57651873415,377.33192526777435,
7016,4de3,16,0,7,0.5771484375,0,-593083.5676336724,-498853.89414065,-94238.66922100379,207.44641538624478,
7017,4de3,17,0,7,0.5771484375,0,-593052.1552027144,-498853.89414065,-94238.63412209346,931.0248818688856,
7018,4de3,18,0,7,0.5771484375,0,-593089.2631559346,-498853.89414065,-94238.51806791611,72.61887882923706,
7019,4de3,19,0,7,0.5771484375,0,-593087.9082537268,-498853.89414065,-94238.64957018678,106.8961804018135,
7020,4de3,20,0,7,0.5771484375,0,-593082.5830018511,-498853.89414065,-94238.517769118,226.66000114018874,
7021,4de3,21,0,7,0.5771484375,0,-593090.4635042537,-498853.89414065,-94238.65807755773,48.166888042355545,
7022,4de3,22,0,7,0.5771484375,0,-593086.1186193515,-498853.89414065,-94238.51730783765,145.11608728333383,
7023,4de3,23,0,7,0.5771484375,0,-593071.6001752003,-498853.89414065,-94238.70452626531,484.23672256561053,
7024,4de3,24,0,7,0.5771484375,0,-593072.0813494015,-498853.89414065,-94238.72697867943,473.6583468528798,
7025,4de3,25,0,7,0.5771484375,0,-593061.4977469731,-498853.89414065,-94238.7380759318,717.9779255931321,
7026,4de3,26,0,7,0.5771484375,0,-593086.3094513703,-498853.89414065,-94238.52396817987,140.8689875279146,
7027,4de3,27,0,7,0.5771484375,0,-593087.3596038197,-498853.89414065,-94238.58564045017,118.07409307804598,
7028,4de3,28,0,7,0.5771484375,0,-593090.3352933814,-498853.89414065,-94238.51989742105,47.93699134416247,
7029,4de3,29,0,7,0.5771484375,0,-593089.5431552209,-498853.89414065,-94238.63941319777,68.96023056702975,
7030,4de3,30,0,7,0.5771484375,0,-593086.5220889274,-498853.89414065,-94238.67648341246,139.48253378601112,
7031,4de3,31,0,7,0.5771484375,0,-593076.138157395,-498853.89414065,-94238.55908556764,376.23442494545526,
7032,4de3,32,0,7,0.5771484375,0,-593080.156093954,-498853.89414065,-94238.62564047163,285.11339929189785,
7033,4de3,33,0,7,0.5771484375,0,-593079.3716476839,-498853.89414065,-94238.51021595781,300.5414075021291,
7034,4de3,34,0,7,0.5771484375,0,-593082.9090193186,-498853.89414065,-94238.5847844679,220.68727041803155,
7035,4de3,35,0,7,0.5771484375,0,-593090.7339805646,-498853.89414065,-94238.51795848196,38.69833348706679,
7036,4de3,36,0,7,0.5771484375,0,-593071.9882050743,-498853.89414065,-94238.62883975093,473.54316860998176,
7037,4de3,37,0,7,0.5771484375,0,-593091.0851384095,-498853.89414065,-94238.63545026367,33.30986606094375,
7038,4de3,38,0,7,0.5771484375,0,-593068.3639953559,-498853.89414065,-94238.65534390994,557.7306305964134,
7039,4de3,39,0,7,0.5771484375,0,-593070.0928788616,-498853.89414065,-94238.64556940382,517.6362243541267,
7040,4de3,40,0,7,0.5771484375,0,-593090.0684683905,-498853.89414065,-94238.55029930665,54.79120594524435,
7041,4de3,41,0,7,0.5771484375,0,-593064.546698331,-498853.89414065,-94238.6442641217,645.5040852358629,
7042,4de3,42,0,7,0.5771484375,0,-593091.857840908,-498853.89414065,-94238.55971922465,13.744523888415472,
7043,4de3,43,0,7,0.5771484375,0,-593089.4090127174,-498853.89414065,-94238.49597491806,68.74586487478281,
7044,4de3,44,0,7,0.5771484375,0,-593095.199696078,-498853.89414065,-94238.46106292789,-65.59555535194058,
7045,4de3,45,0,7,0.5771484375,0,-593081.9558617166,-498853.89414065,-94238.59172256773,242.82760327197335,
7046,4de3,46,0,7,0.5771484375,0,-593082.9926460658,-498853.89414065,-94238.70858814307,221.6137723888629,
7047,4de3,47,0,7,0.5771484375,0,-593090.5472987269,-498853.89414065,-94238.48473902528,42.23726006667348,
7048,4de3,48,0,7,0.5771484375,0,-593093.0151185384,-498853.89414065,-94238.68150873964,-10.134399325261889,
7049,4de3,49,0,7,0.5771484375,0,-593090.4141266636,-498853.89414065,-94238.90767868345,55.06150101807055,
7050,4de3,50,0,7,0.5771484375,0,-593069.2999954362,-498853.89414065,-94238.61602254694,535.2391838026219,
7051,4de3,51,0,7,0.5771484375,0,-593087.4319877152,-498853.89414065,-94238.58903159683,116.48308249307375,
7052,4de3,52,0,7,0.5771484375,0,-593092.4549706567,-498853.89414065,-94238.72675426795,3.8263043635179854,
7053,4de3,53,0,7,0.5771484375,0,-593062.3060415081,-498853.89414065,-94238.62800588195,696.7999351575024,
7054,4de3,54,0,7,0.5771484375,0,-593097.5753527571,-498853.89414065,-94238.56576629465,-117.96498283363876,
7055,4de3,55,0,7,0.5771484375,0,-593086.2614383681,-498853.89414065,-94238.52731062954,142.05327238076765,
7056,4de3,56,0,7,0.5771484375,0,-593092.9777756024,-498853.89414065,-94238.55166896178,-12.267427170366435,
7057,4de3,57,0,7,0.5771484375,0,-593088.4053938824,-498853.89414065,-94238.66981174533,95.89863749331724,
7058,4de3,58,0,7,0.5771484375,0,-593085.0591862936,-498853.89414065,-94238.87162711208,177.7179905636732,
7059,4de3,59,0,7,0.5771484375,0,-593070.7346837653,-498853.89414065,-94238.63479574506,502.5874052004029,
7060,4de3,60,0,7,0.5771484375,0,-593076.0481681812,-498853.89414065,-94238.54475404813,377.97913282182003,
7061,4de3,61,0,7,0.5771484375,0,-593090.8180282406,-498853.89414065,-94238.51755525653,36.75084943669506,
7062,4de3,62,0,7,0.5771484375,0,-593088.4322144066,-498853.89414065,-94238.5529995162,92.5863875167813,
7063,4de3,63,0,7,0.5771484375,0,-593089.2599800054,-498853.89414065,-94238.62061955516,75.05701447364305,
7064,4de3,64,0,7,0.5771484375,0,-593088.8585151872,-498853.89414065,-94238.71562614029,86.50591701827136,
7065,4de3,65,0,7,0.5771484375,0,-593091.0072467613,-498853.89414065,-94238.60021128242,34.29345992650979,
7066,4de3,66,0,7,0.5771484375,0,-593076.1961858857,-498853.89414065,-94238.57434608524,375.24817205498664,
7067,4de3,67,0,7,0.5771484375,0,-593087.1252711846,-498853.89414065,-94238.52769454305,122.14166765465717,
7068,4de3,68,0,7,0.5771484375,0,-593082.8646785605,-498853.89414065,-94238.58341242863,221.67815261449766,
7069,4de3,69,0,7,0.5771484375,0,-593083.8853558443,-498853.89414065,-94238.61968876903,198.97732757567954,
7070,4de3,70,0,7,0.5771484375,0,-593063.8843285118,-498853.89414065,-94238.65383758135,660.9994653583054,
7071,4de3,71,0,7,0.5771484375,0,-593088.6651738558,-498853.89414065,-94238.60484345739,88.40976467917532,
7072,4de3,72,0,7,0.5771484375,0,-593075.2605106672,-498853.89414065,-94238.76893152778,401.3126020893108,
7073,4de3,73,0,7,0.5771484375,0,-593061.9235156468,-498853.89414065,-94238.56616332119,704.1950677470516,
7074,4de3,74,0,7,0.5771484375,0,-593090.2207550232,-498853.89414065,-94238.72649105375,55.34247097963707,
7075,4de3,75,0,7,0.5771484375,0,-593093.2424413247,-498853.89414065,-94238.49179412906,-19.751510164197782,
7076,4de3,76,0,7,0.5771484375,0,-593078.2195954609,-498853.89414065,-94238.64806963994,330.28734432397135,
7077,4de3,77,0,7,0.5771484375,0,-593085.1775534145,-498853.89414065,-94238.59552146976,168.62123254059634,
7078,4de3,78,0,7,0.5771484375,0,-593089.513830899,-498853.89414065,-94238.52657695599,67.03439994399957,
7079,4de3,79,0,7,0.5771484375,0,-593093.2519105955,-498853.89414065,-94238.63174929206,-16.742434003688622,
7080,4de3,80,0,7,0.5771484375,0,-593089.421537562,-498853.89414065,-94238.48822923495,68.27841540077104,
7081,4de3,81,0,7,0.5771484375,0,-593066.8162858326,-498853.89414065,-94238.57919420784,591.665606239959,
7082,4de3,82,0,7,0.5771484375,0,-593059.7445170273,-498853.89414065,-94238.68134387319,757.1000962647425,
7083,4de3,83,0,7,0.5771484375,0,-593072.7518345995,-498853.89414065,-94238.55505569761,454.231952728349,
7084,4de3,84,0,7,0.5771484375,0,-593094.7554262269,-498853.89414065,-94238.33730222775,-58.204438746435756,
7085,4de3,85,0,7,0.5771484375,0,-593091.5731218151,-498853.89414065,-94238.1926084358,11.844526242804477,
7086,4de3,86,0,7,0.5771484375,0,-593078.4188915615,-498853.89414065,-94238.18625493832,315.0417670497414,
7087,4de3,87,0,7,0.5771484375,0,-593082.8755053852,-498853.89414065,-94238.28286357706,214.49765893844526,
7088,4de3,88,0,7,0.5771484375,0,-593078.4799964866,-498853.89414065,-94238.31540270631,316.61087228239165,
7089,4de3,89,0,7,0.5771484375,0,-593068.0945884265,-498853.89414065,-94238.42529847218,558.63832815671,
7090,4de3,90,0,7,0.5771484375,0,-593089.7464503323,-498853.89414065,-94238.11026831456,52.06976303763592,
7091,4de3,91,0,7,0.5771484375,0,-593093.941391973,-498853.89414065,-94238.30944391077,-40.07479095168187,
7092,4de3,92,0,7,0.5771484375,0,-593075.5169169442,-498853.89414065,-94238.3182463248,385.00668519551806,
7093,4de3,93,0,7,0.5771484375,0,-593060.1388570658,-498853.89414065,-94238.51761056964,744.2306192667295,
7094,4de3,94,0,7,0.5771484375,0,-593091.7437782574,-498853.89414065,-94238.23604192324,8.910695207366844,
7095,4de3,95,0,7,0.5771484375,0,-593090.4333520962,-498853.89414065,-94238.49413697903,45.08165375414347,
7096,4de3,96,0,7,0.5771484375,0,-593077.9520372436,-498853.89414065,-94238.47807206704,332.5371462301425,
7097,4de3,97,0,7,0.5771484375,0,-593095.1525934926,-498853.89414065,-94238.40653022115,-65.7668980223112,
7098,4de3,98,0,7,0.5771484375,0,-593084.1580820952,-498853.89414065,-94238.90826567002,199.34285224951824,
7099,4de3,99,0,7,0.5771484375,0,-593094.7771322106,-498853.89414065,-94238.75520129983,-49.06800908098118,
7100,4de3,100,0,7,0.5771484375,0,-593095.1189819863,-498853.89414065,-94238.99952950065,-51.31691002428576,
8001,4de2,1,0,8,0.5771484375,1,-527776.8461004228,-498853.89414065,-28937.3214688088,331.36875042739337,
8002,4de2,2,0,8,0.5771484375,1,-527795.3140279085,-498853.89414065,-28937.490876116906,-90.60514935767827,
8003,4de2,3,0,8,0.5771484375,1,-527786.5235974968,-498853.89414065,-28937.455902018693,111.30046973830521,
8004,4de2,4,0,8,0.5771484375,1,-527779.9891668436,-498853.89414065,-28937.513935455223,263.32630320129084,
8005,4de2,5,0,8,0.5771484375,1,-527799.1263677656,-498853.89414065,-28937.517816015632,-177.89854615588996,
8006,4de2,6,0,8,0.5771484375,1,-527787.5855944634,-498853.89414065,-28937.301061579143,83.23953253166975,
8007,4de2,7,0,8,0.5771484375,1,-527771.5953403891,-498853.89414065,-28933.33370266214,360.4940813698777,
8008,4de2,8,0,8,0.5771484375,1,-527780.6126652834,-498853.89414065,-28933.159168251903,148.52477022485084,
8009,4de2,9,0,8,0.5771484375,1,-527777.54582538,-498853.89414065,-28936.67894689098,300.4158021647929,
8010,4de2,10,0,8,0.5771484375,1,-527788.9126639992,-498853.89414065,-28936.985776254092,45.365929706993434,
8011,4de2,11,0,8,0.5771484375,1,-527785.0242475749,-498853.89414065,-28933.856718369872,62.87715364325823,
8012,4de2,12,0,8,0.5771484375,1,-527780.9766351756,-498853.89414065,-28937.13005752221,231.70230706338,
8013,4de2,13,0,8,0.5771484375,1,-527789.3353675783,-498853.89414065,-28937.49942825094,47.463250045308534,
8014,4de2,14,0,8,0.5771484375,1,-527788.4252780258,-498853.89414065,-28934.63879189745,2.482572245674655,
8015,4de2,15,0,8,0.5771484375,1,-527790.2014184624,-498853.89414065,-28937.538695880325,28.39717525376144,
8016,4de2,16,0,8,0.5771484375,1,-527776.7272809176,-498853.89414065,-28937.155952074667,330.2918867462101,
8017,4de2,17,0,8,0.5771484375,1,-527785.2944498538,-498853.89414065,-28937.037796803863,130.00355244501333,
8018,4de2,18,0,8,0.5771484375,1,-527773.6815504312,-498853.89414065,-28937.368241944467,405.42362100338977,
8019,4de2,19,0,8,0.5771484375,1,-527793.7968818127,-498853.89414065,-28937.207499035743,-62.153759984862106,
8020,4de2,20,0,8,0.5771484375,1,-527787.1416013566,-498853.89414065,-28937.25661901489,92.45338692960827,
8021,4de2,21,0,8,0.5771484375,1,-527781.7854299276,-498853.89414065,-28937.194109209926,214.52812400805843,
8022,4de2,22,0,8,0.5771484375,1,-527789.8716778635,-498853.89414065,-28937.440964498674,33.747434905601914,
8023,4de2,23,0,8,0.5771484375,1,-527772.1425546139,-498853.89414065,-28936.703372159154,425.5814461741116,
8024,4de2,24,0,8,0.5771484375,1,-527775.6860774186,-498853.89414065,-28937.15546936645,354.29147831941333,
8025,4de2,25,0,8,0.5771484375,1,-527792.1196412026,-498853.89414065,-28937.13059280172,-25.249172559815854,
8026,4de2,26,0,8,0.5771484375,1,-527788.6127881288,-498853.89414065,-28936.50950244919,41.29809670262682,
8027,4de2,27,0,8,0.5771484375,1,-527788.0738113254,-498853.89414065,-28933.678868123443,-11.548781202332494,
8028,4de2,28,0,8,0.5771484375,1,-527764.7914144424,-498853.89414065,-28932.99727378144,509.63810680479725,
8029,4de2,29,0,8,0.5771484375,1,-527765.924133557,-498853.89414065,-28937.371720471532,584.394120612018,
8030,4de2,30,0,8,0.5771484375,1,-527788.1107333332,-498853.89414065,-28933.991391220246,-5.193269107177231,
8031,4de2,31,0,8,0.5771484375,1,-527778.0046539485,-498853.89414065,-28937.202391305116,301.90587896463404,
8032,4de2,32,0,8,0.5771484375,1,-527791.8335016099,-498853.89414065,-28936.79834596171,-26.31243094036018,
8033,4de2,33,0,8,0.5771484375,1,-527788.5824581117,-498853.89414065,-28937.250386246593,59.08270975944942,
8034,4de2,34,0,8,0.5771484375,1,-527779.1262528925,-498853.89414065,-28937.11531368748,274.03313530166605,
8035,4de2,35,0,8,0.5771484375,1,-527785.7937750847,-498853.89414065,-28937.3309302713,125.24865742288858,
8036,4de2,36,0,8,0.5771484375,1,-527789.6831609933,-498853.89414065,-28937.36702305927,36.38960710899462,
8037,4de2,37,0,8,0.5771484375,1,-527774.5093992829,-498853.89414065,-28937.10883186117,380.35083432905463,
8038,4de2,38,0,8,0.5771484375,1,-527786.7100650548,-498853.89414065,-28936.91404108063,94.50481561772587,
8039,4de2,39,0,8,0.5771484375,1,-527791.5212649137,-498853.89414065,-28937.11838708177,-11.731758117823567,
8040,4de2,40,0,8,0.5771484375,1,-527781.70501672,-498853.89414065,-28932.958924570223,118.71681867378113,
8041,4de2,41,0,8,0.5771484375,1,-527777.7918178022,-498853.89414065,-28937.154791333825,305.7163156803593,
8042,4de2,42,0,8,0.5771484375,1,-527756.8858883261,-498853.89414065,-28936.787901231204,779.3578155483352,
8043,4de2,43,0,8,0.5771484375,1,-527786.6596522809,-498853.89414065,-28933.420297750385,15.099726628130346,
8044,4de2,44,0,8,0.5771484375,1,-527772.6353626129,-498853.89414065,-28934.15511915937,355.4529135553849,
8045,4de2,45,0,8,0.5771484375,1,-527780.3828074216,-498853.89414065,-28937.00360230461,242.48017379435896,
8046,4de2,46,0,8,0.5771484375,1,-527787.4820001601,-498853.89414065,-28937.149278679048,82.12827708917833,
8047,4de2,47,0,8,0.5771484375,1,-527767.9075533629,-498853.89414065,-28936.656338789613,522.158279817245,
8048,4de2,48,0,8,0.5771484375,1,-527793.3584131774,-498853.89414065,-28936.94266138329,-58.14973439967342,
8049,4de2,49,0,8,0.5771484375,1,-527768.7275978058,-498853.89414065,-28936.68193123594,503.8377815512658,
8050,4de2,50,0,8,0.5771484375,1,-527768.5076940239,-498853.89414065,-28936.97035089985,515.5599986866401,
8051,4de2,51,0,8,0.5771484375,1,-527773.7181956649,-498853.89414065,-28936.87713042751,393.253261210855,
8052,4de2,52,0,8,0.5771484375,1,-527779.7001437721,-498853.89414065,-28936.989702233226,257.90222827614514,
8053,4de2,53,0,8,0.5771484375,1,-527788.2929830431,-498853.89414065,-28937.19118598953,64.39297306431213,
8054,4de2,54,0,8,0.5771484375,1,-527778.3284554214,-498853.89414065,-28937.154060700093,293.32430938239946,
8055,4de2,55,0,8,0.5771484375,1,-527789.8447690785,-498853.89414065,-28934.17203227535,-41.015401662117355,
8056,4de2,56,0,8,0.5771484375,1,-527762.9175199148,-498853.89414065,-28933.74493388191,570.0925926949594,
8057,4de2,57,0,8,0.5771484375,1,-527771.4576573402,-498853.89414065,-28932.73500362888,349.8628002105724,
8058,4de2,58,0,8,0.5771484375,1,-527761.3322088302,-498853.89414065,-28937.167749025975,685.5827271337232,
8059,4de2,59,0,8,0.5771484375,1,-527788.0350283415,-498853.89414065,-28936.745236107257,60.05770120998273,
8060,4de2,60,0,8,0.5771484375,1,-527794.1499664363,-498853.89414065,-28937.39816413178,-65.89924326840631,
8061,4de2,61,0,8,0.5771484375,1,-527785.6312481642,-498853.89414065,-28933.832388796956,48.31833423893198,
8062,4de2,62,0,8,0.5771484375,1,-527776.7180349111,-498853.89414065,-28937.094034829293,329.0772591226764,
8063,4de2,63,0,8,0.5771484375,1,-527757.5492085845,-498853.89414065,-28932.751190879495,670.972534859088,
8064,4de2,64,0,8,0.5771484375,1,-527791.2903926848,-498853.89414065,-28936.55630604281,-19.369614722397525,
8065,4de2,65,0,8,0.5771484375,1,-527790.0040733845,-498853.89414065,-28936.690786608608,13.39480854746448,
8066,4de2,66,0,8,0.5771484375,1,-527769.2529011249,-498853.89414065,-28936.43266648904,485.97581761726497,
8067,4de2,67,0,8,0.5771484375,1,-527759.9151786745,-498853.89414065,-28936.31402573839,698.5728921082297,
8068,4de2,68,0,8,0.5771484375,1,-527791.7370525775,-498853.89414065,-28936.37507633223,-33.84909295340713,
8069,4de2,69,0,8,0.5771484375,1,-527745.9756871939,-498853.89414065,-28936.38033215061,1021.5542643213324,
8070,4de2,70,0,8,0.5771484375,1,-527788.5179704606,-498853.89414065,-28936.595054634963,45.45752434738192,
8071,4de2,71,0,8,0.5771484375,1,-527780.8788558722,-498853.89414065,-28936.524975397737,220.00362609436888,
8072,4de2,72,0,8,0.5771484375,1,-527748.0740659116,-498853.89414065,-28936.35036019339,972.4733317828367,
8073,4de2,73,0,8,0.5771484375,1,-527782.7933804274,-498853.89414065,-28936.559953012616,176.66024397707164,
8074,4de2,74,0,8,0.5771484375,1,-527783.511309135,-498853.89414065,-28936.51824570552,159.14262132630685,
8075,4de2,75,0,8,0.5771484375,1,-527773.856375742,-498853.89414065,-28936.305437901166,376.88321008604015,
8076,4de2,76,0,8,0.5771484375,1,-527774.3918282267,-498853.89414065,-28936.378896304508,366.22937347459924,
8077,4de2,77,0,8,0.5771484375,1,-527793.439631912,-498853.89414065,-28936.63207895413,-67.18488387702456,
8078,4de2,78,0,8,0.5771484375,1,-527756.9392581463,-498853.89414065,-28936.446424403344,770.2524355341984,
8079,4de2,79,0,8,0.5771484375,1,-527789.7640370607,-498853.89414065,-28936.30480659857,10.029267190043312,
8080,4de2,80,0,8,0.5771484375,1,-527780.9704748866,-498853.89414065,-28936.38088975206,214.5681475070078,
8081,4de2,81,0,8,0.5771484375,1,-527776.5280940413,-498853.89414065,-28936.59984929219,322.06121042030287,
8082,4de2,82,0,8,0.5771484375,1,-527791.3578103065,-498853.89414065,-28936.623202511226,-19.381632803309586,
8083,4de2,83,0,8,0.5771484375,1,-527790.8565153211,-498853.89414065,-28936.727311709074,-5.420680678356214,
8084,4de2,84,0,8,0.5771484375,1,-527791.6326345381,-498853.89414065,-28936.169255116125,-36.18750575913856,
8085,4de2,85,0,8,0.5771484375,1,-527790.366661924,-498853.89414065,-28936.386993267686,-1.972322681830163,
8086,4de2,86,0,8,0.5771484375,1,-527791.4605395228,-498853.89414065,-28937.48401419178,-1.8998358775892297,
8087,4de2,87,0,8,0.5771484375,1,-527779.3535665601,-498853.89414065,-28936.426026680616,252.89582160813174,
8088,4de2,88,0,8,0.5771484375,1,-527781.9728503105,-498853.89414065,-28936.288853385588,189.33041206851365,
8089,4de2,89,0,8,0.5771484375,1,-527788.0779927551,-498853.89414065,-28936.505378940255,53.53568062192799,
8090,4de2,90,0,8,0.5771484375,1,-527790.2879798292,-498853.89414065,-28936.562049665605,3.879025966260335,
8091,4de2,91,0,8,0.5771484375,1,-527790.3700373202,-498853.89414065,-28936.082837172897,-9.064167337657922,
8092,4de2,92,0,8,0.5771484375,1,-527744.5350542691,-498853.89414065,-28936.67582289234,1061.590227172906,
8093,4de2,93,0,8,0.5771484375,1,-527782.860215488,-498853.89414065,-28937.486839392335,196.4934985584143,
8094,4de2,94,0,8,0.5771484375,1,-527790.624204862,-498853.89414065,-28937.436255850946,16.28516606625336,
8095,4de2,95,0,8,0.5771484375,1,-527786.0598692178,-498853.89414065,-28937.45432535663,121.95793920547513,
8096,4de2,96,0,8,0.5771484375,1,-527792.8427310017,-498853.89414065,-28937.44943878903,-34.571256315748705,
8097,4de2,97,0,8,0.5771484375,1,-527790.6426796495,-498853.89414065,-28937.1470670487,9.190275139784685,
8098,4de2,98,0,8,0.5771484375,1,-527788.4669491231,-498853.89414065,-28937.39460764185,65.07223469983691,
8099,4de2,99,0,8,0.5771484375,1,-527791.4312792897,-498853.89414065,-28937.479245641378,-1.3350442559006797,
8100,4de2,100,0,8,0.5771484375,1,-527790.5121732828,-498853.89414065,-28937.058934190412,10.1674314578442,
9001,3g31,1,0,9,0.5771484375,-1,-521218.4158841298,-498853.89414065,-22368.5151071383,92.08915365133164,
9002,3g31,2,0,9,0.5771484375,-1,-521219.70992922055,-498853.89414065,-22368.517264319795,62.29751072851694,
9003,3g31,3,0,9,0.5771484375,-1,-521221.63301425433,-498853.89414065,-22368.552998854066,18.77417426150964,
9004,3g31,4,0,9,0.5771484375,-1,-521217.99725588405,-498853.89414065,-22368.466552240992,100.62324780429368,
9005,3g31,5,0,9,0.5771484375,-1,-521221.18685250747,-498853.89414065,-22368.22789421513,21.56581748912451,
9006,3g31,6,0,9,0.5771484375,-1,-521221.2875642704,-498853.89414065,-22368.574774576562,27.24260022981596,
9007,3g31,7,0,9,0.5771484375,-1,-521221.22312521195,-498853.89414065,-22368.452459497596,25.907947489763366,
9008,3g31,8,0,9,0.5771484375,-1,-521200.2396279351,-498853.89414065,-22368.043085625613,500.35850434063894,
9009,3g31,9,0,9,0.5771484375,-1,-521217.387276374,-498853.89414065,-22368.40142012968,113.18772730386824,
9010,3g31,10,0,9,0.5771484375,-1,-521219.82644105714,-498853.89414065,-22368.228346465366,52.94807994684163,
9011,3g31,11,0,9,0.5771484375,-1,-521223.2403492854,-498853.89414065,-22368.37158156767,-22.47543411302522,
9012,3g31,12,0,9,0.5771484375,-1,-521221.62810421747,-498853.89414065,-22368.509247048045,17.878461786028556,
9013,3g31,13,0,9,0.5771484375,-1,-521219.20863672363,-498853.89414065,-22368.29964174911,68.83909463053077,
9014,3g31,14,0,9,0.5771484375,-1,-521216.14431092906,-498853.89414065,-22368.300490958827,139.5237094263206,
9015,3g31,15,0,9,0.5771484375,-1,-521221.90110375744,-498853.89414065,-22368.553636504555,12.606588021818796,
9016,3g31,16,0,9,0.5771484375,-1,-521220.82847627264,-498853.89414065,-22366.829983381773,-2.406419841876846,
9017,3g31,17,0,9,0.5771484375,-1,-521221.2117573248,-498853.89414065,-22368.399829430724,24.95641902051497,
9018,3g31,18,0,9,0.5771484375,-1,-521217.874792196,-498853.89414065,-22368.300756467717,99.62398618104727,
9019,3g31,19,0,9,0.5771484375,-1,-521221.2494772003,-498853.89414065,-22368.19751821294,19.421170512616428,
9020,3g31,20,0,9,0.5771484375,-1,-521215.51717009407,-498853.89414065,-22368.298009155536,153.9286889045524,
9021,3g31,21,0,9,0.5771484375,-1,-521221.6496921407,-498853.89414065,-22368.29553466871,12.45230790419921,
9022,3g31,22,0,9,0.5771484375,-1,-521220.9936758207,-498853.89414065,-22368.370491815942,29.308956508020625,
9023,3g31,23,0,9,0.5771484375,-1,-521217.0718081818,-498853.89414065,-22368.549626810694,123.88032389450365,
9024,3g31,24,0,9,0.5771484375,-1,-521211.6847073511,-498853.89414065,-22368.225035367752,240.62456377458713,
9025,3g31,25,0,9,0.5771484375,-1,-521226.4517208861,-498853.89414065,-22368.296334995175,-98.2666496966384,
9026,3g31,26,0,9,0.5771484375,-1,-521203.0119093881,-498853.89414065,-22368.29586677088,442.2574469846017,
9027,3g31,27,0,9,0.5771484375,-1,-521222.3216143624,-498853.89414065,-22368.50955639615,1.8928716542171495,
9028,3g31,28,0,9,0.5771484375,-1,-521216.796930112,-498853.89414065,-22368.512240989337,129.3570252495076,
9029,3g31,29,0,9,0.5771484375,-1,-521200.19687553507,-498853.89414065,-22368.297502605463,507.21139303938685,
9030,3g31,30,0,9,0.5771484375,-1,-521221.67046052974,-498853.89414065,-22368.38876633181,14.12335070146183,
9031,3g31,31,0,9,0.5771484375,-1,-521221.1181873904,-498853.89414065,-22368.042705936576,18.87872955061789,
9032,3g31,32,0,9,0.5771484375,-1,-521223.8237974868,-498853.89414065,-22368.039566932464,-43.58650864278618,
9033,3g31,33,0,9,0.5771484375,-1,-521223.079229735,-498853.89414065,-22368.550325287724,-14.638000908643614,
9034,3g31,34,0,9,0.5771484375,-1,-521224.5086077677,-498853.89414065,-22368.510165197986,-48.52635506969306,
9035,3g31,35,0,9,0.5771484375,-1,-521227.2662634627,-498853.89414065,-22368.591935945893,-110.23372788187801,
9036,3g31,36,0,9,0.5771484375,-1,-521216.73315288883,-498853.89414065,-22366.82992225721,92.03257136636944,
9037,3g31,37,0,9,0.5771484375,-1,-521222.0777962135,-498853.89414065,-22368.29376546874,2.539194736229613,
9038,3g31,38,0,9,0.5771484375,-1,-521224.9447210507,-498853.89414065,-22368.300509503322,-63.41814146616992,
9039,3g31,39,0,9,0.5771484375,-1,-521221.82151695347,-498853.89414065,-22368.405927671338,11.035656708065744,
9040,3g31,40,0,9,0.5771484375,-1,-521216.2760122047,-498853.89414065,-22368.551450712825,142.273875270503,
9041,3g31,41,0,9,0.5771484375,-1,-521222.871554427,-498853.89414065,-22368.224446786786,-17.363831293382717,
9042,3g31,42,0,9,0.5771484375,-1,-521223.31533493864,-498853.89414065,-22368.40071405306,-23.532833282965882,
9043,3g31,43,0,9,0.5771484375,-1,-521226.29321903747,-498853.89414065,-22368.30035219177,-94.51887148067173,
9044,3g31,44,0,9,0.5771484375,-1,-521206.47314321256,-498853.89414065,-22368.513141257892,367.44996752339887,
9045,3g31,45,0,9,0.5771484375,-1,-521222.5853768216,-498853.89414065,-22368.553012831355,-3.1875059485785826,
9046,3g31,46,0,9,0.5771484375,-1,-521220.526106544,-498853.89414065,-22368.36797700658,40.03336729567451,
9047,3g31,47,0,9,0.5771484375,-1,-521220.4986532555,-498853.89414065,-22368.405635697985,41.53488522251384,
9048,3g31,48,0,9,0.5771484375,-1,-521221.1938573347,-498853.89414065,-22368.403248740564,25.44805375607563,
9049,3g31,49,0,9,0.5771484375,-1,-521219.4045141266,-498853.89414065,-22368.298376282895,64.29287206643498,
9050,3g31,50,0,9,0.5771484375,-1,-521217.5379166232,-498853.89414065,-22368.55368323459,113.22515124568847,
9051,3g31,51,0,9,0.5771484375,-1,-521221.0409585164,-498853.89414065,-22368.51207850709,31.483658305399015,
9052,3g31,52,0,9,0.5771484375,-1,-521201.2463533656,-498853.89414065,-22368.40675400033,485.5292563482067,
9053,3g31,53,0,9,0.5771484375,-1,-521217.5918637739,-498853.89414065,-22368.554313792134,111.99564139888999,
9054,3g31,54,0,9,0.5771484375,-1,-521204.8858471738,-498853.89414065,-22368.552709175485,404.96634160254,
9055,3g31,55,0,9,0.5771484375,-1,-521226.882088773,-498853.89414065,-22368.29974803164,-108.11246244667986,
9056,3g31,56,0,9,0.5771484375,-1,-521214.89919405425,-498853.89414065,-22368.297035543466,168.15710290134913,
9057,3g31,57,0,9,0.5771484375,-1,-521219.8944824563,-498853.89414065,-22368.3670161201,54.57680621225549,
9058,3g31,58,0,9,0.5771484375,-1,-521214.7474907564,-498853.89414065,-22368.298266543294,171.68385158808948,
9059,3g31,59,0,9,0.5771484375,-1,-521214.01323377347,-498853.89414065,-22368.300385503317,188.66508424163646,
9060,3g31,60,0,9,0.5771484375,-1,-521223.22640337807,-498853.89414065,-22368.510660393367,-18.946599937211708,
9061,3g31,61,0,9,0.5771484375,-1,-521214.58383565414,-498853.89414065,-22368.203640310312,173.27569512961335,
9062,3g31,62,0,9,0.5771484375,-1,-521220.87624230253,-498853.89414065,-22368.55076072945,36.17413767304053,
9063,3g31,63,0,9,0.5771484375,-1,-521221.8486547545,-498853.89414065,-22368.223191110636,6.1958389504293585,
9064,3g31,64,0,9,0.5771484375,-1,-521219.5829890744,-498853.89414065,-22368.40686602726,62.67897493495694,
9065,3g31,65,0,9,0.5771484375,-1,-521221.7254071014,-498853.89414065,-22368.370064033414,12.424967411181845,
9066,3g31,66,0,9,0.5771484375,-1,-521214.74939056503,-498853.89414065,-22368.041398382025,165.7165204408646,
9067,3g31,67,0,9,0.5771484375,-1,-521220.6357246713,-498853.89414065,-22368.42038427129,38.7140534627553,
9068,3g31,68,0,9,0.5771484375,-1,-521224.01772808295,-498853.89414065,-22368.22900268271,-43.69016225223932,
9069,3g31,69,0,9,0.5771484375,-1,-521218.676491283,-498853.89414065,-22368.404650522614,83.53221986124103,
9070,3g31,70,0,9,0.5771484375,-1,-521216.78071125614,-498853.89414065,-22366.83472551241,91.04661505854935,
9071,3g31,71,0,9,0.5771484375,-1,-521222.52659647923,-498853.89414065,-22368.228356523658,-9.318751364701686,
9072,3g31,72,0,9,0.5771484375,-1,-521206.65801494586,-498853.89414065,-22368.225793717633,356.5603323788268,
9073,3g31,73,0,9,0.5771484375,-1,-521219.29740428197,-498853.89414065,-22368.22816431358,65.14375728487839,
9074,3g31,74,0,9,0.5771484375,-1,-521221.7869051622,-498853.89414065,-22368.391374631065,11.498222494521798,
9075,3g31,75,0,9,0.5771484375,-1,-521220.0711674021,-498853.89414065,-22367.014364084447,19.309457603150925,
9076,3g31,76,0,9,0.5771484375,-1,-521220.7394482718,-498853.89414065,-22367.18639913037,7.865757047653095,
9077,3g31,77,0,9,0.5771484375,-1,-521220.4338377194,-498853.89414065,-22367.47203467622,21.500215976704816,
9078,3g31,78,0,9,0.5771484375,-1,-521218.89638849365,-498853.89414065,-22367.106167419093,48.517538001087566,
9079,3g31,79,0,9,0.5771484375,-1,-521220.83425005537,-498853.89414065,-22367.32393045559,8.851123686869082,
9080,3g31,80,0,9,0.5771484375,-1,-521221.3183237539,-498853.89414065,-22367.483458323622,1.3669190396678654,
9081,3g31,81,0,9,0.5771484375,-1,-521223.0390840845,-498853.89414065,-22367.016204742933,-49.08988041605148,
9082,3g31,82,0,9,0.5771484375,-1,-521224.7665070222,-498853.89414065,-22366.832533287103,-93.16076408671515,
9083,3g31,83,0,9,0.5771484375,-1,-521224.2641578243,-498853.89414065,-22367.182429937864,-73.50750792968884,
9084,3g31,84,0,9,0.5771484375,-1,-521215.4040633962,-498853.89414065,-22367.11533735528,129.26393170270106,
9085,3g31,85,0,9,0.5771484375,-1,-521221.42836608755,-498853.89414065,-22367.36968387499,-3.7944185737252387,
9086,3g31,86,0,9,0.5771484375,-1,-521222.3404183911,-498853.89414065,-22368.51791529193,1.6520011671533423,
9087,3g31,87,0,9,0.5771484375,-1,-521220.55160831666,-498853.89414065,-22368.55392004385,43.73323075260053,
9088,3g31,88,0,9,0.5771484375,-1,-521224.8673408852,-498853.89414065,-22368.463067902456,-57.88502672100254,
9089,3g31,89,0,9,0.5771484375,-1,-521221.5759775863,-498853.89414065,-22368.588919950867,20.917831243040304,
9090,3g31,90,0,9,0.5771484375,-1,-521222.8476928697,-498853.89414065,-22368.571276081944,-8.815497159813331,
9091,3g31,91,0,9,0.5771484375,-1,-521221.5344589577,-498853.89414065,-22368.461489392663,18.93665508110828,
9092,3g31,92,0,9,0.5771484375,-1,-521220.99890234333,-498853.89414065,-22368.406073315273,30.008958900223245,
9093,3g31,93,0,9,0.5771484375,-1,-521220.9529061393,-498853.89414065,-22368.451545311356,32.11826570365833,
9094,3g31,94,0,9,0.5771484375,-1,-521220.8907239662,-498853.89414065,-22368.594407154458,36.846693047422036,
9095,3g31,95,0,9,0.5771484375,-1,-521226.360457264,-498853.89414065,-22368.595661295796,-89.25943210148635,
9096,3g31,96,0,9,0.5771484375,-1,-521221.94398777944,-498853.89414065,-22368.55660153761,11.68603426794649,
9097,3g31,97,0,9,0.5771484375,-1,-521221.73527223634,-498853.89414065,-22368.450633956338,14.055458556008332,
9098,3g31,98,0,9,0.5771484375,-1,-521221.9911116736,-498853.89414065,-22368.468773437882,8.57396735821031,
9099,3g31,99,0,9,0.5771484375,-1,-521222.7048178092,-498853.89414065,-22368.724531991626,-1.9865547578812492,
9100,3g31,100,0,9,0.5771484375,-1,-521223.1575541423,-498853.89414065,-22368.541668607126,-16.643832446045657,
10001,4de1,1,0,10,0.5771484375,0,-527049.1342454439,-498853.89414065,-28227.801766658155,750.889760865961,
10002,4de1,2,0,10,0.5771484375,0,-527079.9819520747,-498853.89414065,-28227.80632402929,39.62984211595616,
10003,4de1,3,0,10,0.5771484375,0,-527078.8340100234,-498853.89414065,-28227.650907540636,62.51802532625248,
10004,4de1,4,0,10,0.5771484375,0,-527077.5134821569,-498853.89414065,-28227.75654628309,95.40620862607379,
10005,4de1,5,0,10,0.5771484375,0,-527062.9656512027,-498853.89414065,-28227.729223990766,430.25709314804044,
10006,4de1,6,0,10,0.5771484375,0,-527077.3901267534,-498853.89414065,-28227.881137991273,101.12400485549061,
10007,4de1,7,0,10,0.5771484375,0,-527077.1761192714,-498853.89414065,-28227.67237039836,101.24483956682684,
10008,4de1,8,0,10,0.5771484375,0,-527074.1951790338,-498853.89414065,-28227.699067855203,170.602612477678,
10009,4de1,9,0,10,0.5771484375,0,-527069.0341032182,-498853.89414065,-28227.71414032015,289.96742747863993,
10010,4de1,10,0,10,0.5771484375,0,-527075.1245839035,-498853.89414065,-28227.563907289827,146.05315034383952,
10011,4de1,11,0,10,0.5771484375,0,-527077.7839714324,-498853.89414065,-28227.722510242784,88.38368801631985,
10012,4de1,12,0,10,0.5771484375,0,-527079.2195631003,-498853.89414065,-28227.732600772702,55.51085084151754,
10013,4de1,13,0,10,0.5771484375,0,-527078.573285151,-498853.89414065,-28227.700947785703,69.68443918055264,
10014,4de1,14,0,10,0.5771484375,0,-527079.7343962227,-498853.89414065,-28227.727590704286,43.522982073152036,
10015,4de1,15,0,10,0.5771484375,0,-527043.5590200012,-498853.89414065,-28227.849377775507,880.5554523015941,
10016,4de1,16,0,10,0.5771484375,0,-527078.5776121353,-498853.89414065,-28227.66278179916,68.70452799431122,
10017,4de1,17,0,10,0.5771484375,0,-527065.7805117106,-498853.89414065,-28227.84346588882,367.97934852472594,
10018,4de1,18,0,10,0.5771484375,0,-527078.929006431,-498853.89414065,-28227.698221588456,61.418443987237886,
10019,4de1,19,0,10,0.5771484375,0,-527078.9500315075,-498853.89414065,-28227.85692020686,64.5932712851464,
10020,4de1,20,0,10,0.5771484375,0,-527080.2303029334,-498853.89414065,-28227.860381090955,35.14932071650501,
10021,4de1,21,0,10,0.5771484375,0,-527067.6318001335,-498853.89414065,-28227.684946024743,321.63206839150695,
10022,4de1,22,0,10,0.5771484375,0,-527066.1908362543,-498853.89414065,-28227.56747158798,352.15245998276845,
10023,4de1,23,0,10,0.5771484375,0,-527055.6400229966,-498853.89414065,-28227.70305826696,598.5866968596098,
10024,4de1,24,0,10,0.5771484375,0,-527063.642231155,-498853.89414065,-28227.688921118104,413.7253824754523,
10025,4de1,25,0,10,0.5771484375,0,-527079.2633806204,-498853.89414065,-28227.73842724594,54.63475648721756,
10026,4de1,26,0,10,0.5771484375,0,-527047.3839767759,-498853.89414065,-28227.76874216827,790.4903523708059,
10027,4de1,27,0,10,0.5771484375,0,-527079.4782682096,-498853.89414065,-28227.903387809114,53.48341191516596,
10028,4de1,28,0,10,0.5771484375,0,-527079.8993997907,-498853.89414065,-28227.635227167928,37.5879556546004,
10029,4de1,29,0,10,0.5771484375,0,-527073.727741081,-498853.89414065,-28227.82499405178,184.2859148244081,
10030,4de1,30,0,10,0.5771484375,0,-527065.5350483691,-498853.89414065,-28227.872819269025,374.3167726796303,
10031,4de1,31,0,10,0.5771484375,0,-527073.5806525236,-498853.89414065,-28227.780688846426,186.65615523229414,
10032,4de1,32,0,10,0.5771484375,0,-527051.9179726874,-498853.89414065,-28227.662358725385,683.4806623172551,
10033,4de1,33,0,10,0.5771484375,0,-527078.6050429081,-498853.89414065,-28227.822918200818,71.76479249638835,
10034,4de1,34,0,10,0.5771484375,0,-527082.8797373807,-498853.89414065,-28227.69117280277,-29.85012490231963,
10035,4de1,35,0,10,0.5771484375,0,-527060.6084254419,-498853.89414065,-28227.724485838728,484.5067461712382,
10036,4de1,36,0,10,0.5771484375,0,-527044.0237326508,-498853.89414065,-28227.924775445783,871.5776356000963,
10037,4de1,37,0,10,0.5771484375,0,-527064.5824695413,-498853.89414065,-28227.632377291047,390.7390385654904,
10038,4de1,38,0,10,0.5771484375,0,-527060.091034088,-498853.89414065,-28227.669021571004,495.15903783501676,
10039,4de1,39,0,10,0.5771484375,0,-527079.7997767364,-498853.89414065,-28227.44490423234,35.49636670313126,
10040,4de1,40,0,10,0.5771484375,0,-527080.740617711,-498853.89414065,-28227.713788593137,20.0006790712105,
10041,4de1,41,0,10,0.5771484375,0,-527082.1999065613,-498853.89414065,-28227.72720142635,-13.34201397818714,
10042,4de1,42,0,10,0.5771484375,0,-527080.9926282053,-498853.89414065,-28227.709557795846,14.091614509051775,
10043,4de1,43,0,10,0.5771484375,0,-527081.571659032,-498853.89414065,-28227.764902019822,2.015114558964764,
10044,4de1,44,0,10,0.5771484375,0,-527076.4877503549,-498853.89414065,-28227.641142154054,116.39886346969868,
10045,4de1,45,0,10,0.5771484375,0,-527077.6191059982,-498853.89414065,-28227.707798803174,91.84632138983481,
10046,4de1,46,0,10,0.5771484375,0,-527064.0612369215,-498853.89414065,-28227.74226334127,405.2929808442649,
10047,4de1,47,0,10,0.5771484375,0,-527071.3610433673,-498853.89414065,-28227.699369454698,235.96628862281148,
10048,4de1,48,0,10,0.5771484375,0,-527078.9614407754,-498853.89414065,-28227.7738268021,62.41398788209836,
10049,4de1,49,0,10,0.5771484375,0,-527074.154946897,-498853.89414065,-28227.76548930439,173.0621025997139,
10050,4de1,50,0,10,0.5771484375,0,-527082.6921914255,-498853.89414065,-28227.657706642472,-26.296960422671457,
10051,4de1,51,0,10,0.5771484375,0,-527077.8562430476,-498853.89414065,-28227.632959032373,84.65196500469752,
10052,4de1,52,0,10,0.5771484375,0,-527078.9965741371,-498853.89414065,-28227.817033613042,62.60016604454691,
10053,4de1,53,0,10,0.5771484375,0,-527074.4587177073,-498853.89414065,-28227.74858286413,165.6671095234307,
10054,4de1,54,0,10,0.5771484375,0,-527076.8675125872,-498853.89414065,-28227.684567296827,108.642745929351,
10055,4de1,55,0,10,0.5771484375,0,-527077.809505943,-498853.89414065,-28227.5817829016,84.54959863059759,
10056,4de1,56,0,10,0.5771484375,0,-527078.894110117,-498853.89414065,-28227.792872512655,64.4058742706783,
10057,4de1,57,0,10,0.5771484375,0,-527082.3872946834,-498853.89414065,-28227.694416547147,-18.419324005347647,
10058,4de1,58,0,10,0.5771484375,0,-527074.0672571098,-498853.89414065,-28227.64763840469,172.36657082111705,
10059,4de1,59,0,10,0.5771484375,0,-527073.5636885499,-498853.89414065,-28227.744469666795,186.21211963359906,
10060,4de1,60,0,10,0.5771484375,0,-527075.1782802974,-498853.89414065,-28227.755458736734,149.23216338587156,
10061,4de1,61,0,10,0.5771484375,0,-527079.7254696374,-498853.89414065,-28227.79584130081,45.30273016640442,
10062,4de1,62,0,10,0.5771484375,0,-527040.9068846141,-498853.89414065,-28227.69615813526,938.181818405716,
10063,4de1,63,0,10,0.5771484375,0,-527065.1691421305,-498853.89414065,-28227.77225890191,380.4357938396583,
10064,4de1,64,0,10,0.5771484375,0,-527077.89531273,-498853.89414065,-28227.743664408044,86.30392333669133,
10065,4de1,65,0,10,0.5771484375,0,-527080.0030556356,-498853.89414065,-28227.674737298814,36.10872034783026,
10066,4de1,66,0,10,0.5771484375,0,-527075.4809096789,-498853.89414065,-28227.64172627958,139.63063129263975,
10067,4de1,67,0,10,0.5771484375,0,-527076.7248702233,-498853.89414065,-28227.889647746408,116.66142450156659,
10068,4de1,68,0,10,0.5771484375,0,-527053.8304851984,-498853.89414065,-28227.7849116567,642.2032138147335,
10069,4de1,69,0,10,0.5771484375,0,-527038.9497294163,-498853.89414065,-28227.728545868722,984.061768334535,
10070,4de1,70,0,10,0.5771484375,0,-527082.1881237661,-498853.89414065,-28227.657963717305,-14.666955767235214,
10071,4de1,71,0,10,0.5771484375,0,-527072.7344802057,-498853.89414065,-28227.706134522276,204.45008888326578,
10072,4de1,72,0,10,0.5771484375,0,-527078.5309475099,-498853.89414065,-28227.82417877944,73.50254260391712,
10073,4de1,73,0,10,0.5771484375,0,-527077.2069817518,-498853.89414065,-28227.686638319818,100.86215994658626,
10074,4de1,74,0,10,0.5771484375,0,-527056.9692310726,-498853.89414065,-28227.590442800843,565.3374561032834,
10075,4de1,75,0,10,0.5771484375,0,-527067.8332188611,-498853.89414065,-28227.816651606874,320.02444506515735,
10076,4de1,76,0,10,0.5771484375,0,-527078.5304273998,-498853.89414065,-28227.675166333036,70.07822798080878,
10077,4de1,77,0,10,0.5771484375,0,-527076.5564821546,-498853.89414065,-28227.701318407384,116.20156788290849,
10078,4de1,78,0,10,0.5771484375,0,-527070.9083781873,-498853.89414065,-28227.77957251104,248.2545220736698,
10079,4de1,79,0,10,0.5771484375,0,-527080.4530290102,-498853.89414065,-28227.770056987123,27.930212051697552,
10080,4de1,80,0,10,0.5771484375,0,-527076.5292435621,-498853.89414065,-28227.698887193517,116.77363962456076,
10081,4de1,81,0,10,0.5771484375,0,-527081.4529888218,-498853.89414065,-28227.69125499758,3.053373939293314,
10082,4de1,82,0,10,0.5771484375,0,-527078.2051165735,-498853.89414065,-28227.617574715936,76.25197960977452,
10083,4de1,83,0,10,0.5771484375,0,-527056.2963128721,-498853.89414065,-28227.780839884603,585.245979508685,
10084,4de1,84,0,10,0.5771484375,0,-527083.8323019926,-498853.89414065,-28227.745838129842,-50.55617430750695,
10085,4de1,85,0,10,0.5771484375,0,-527067.2760350143,-498853.89414065,-28227.74988057646,331.33363327487194,
10086,4de1,86,0,10,0.5771484375,0,-527073.3207836484,-498853.89414065,-28227.59319164785,188.32508574145314,
10087,4de1,87,0,10,0.5771484375,0,-527077.4712082183,-498853.89414065,-28226.705921376066,72.15308288996847,
10088,4de1,88,0,10,0.5771484375,0,-527071.8602148925,-498853.89414065,-28227.037956500368,209.20257472020447,
10089,4de1,89,0,10,0.5771484375,0,-527081.1211896574,-498853.89414065,-28226.89204510483,-7.725373518029193,
10090,4de1,90,0,10,0.5771484375,0,-527077.6941190993,-498853.89414065,-28227.14068605932,77.03854762896314,
10091,4de1,91,0,10,0.5771484375,0,-527075.8222139364,-498853.89414065,-28226.932677471952,115.40891419493296,
10092,4de1,92,0,10,0.5771484375,0,-527066.2553042953,-498853.89414065,-28226.821066642122,333.4532846833428,
10093,4de1,93,0,10,0.5771484375,0,-527079.7126704489,-498853.89414065,-28226.892061496103,24.756229050095712,
10094,4de1,94,0,10,0.5771484375,0,-527065.1210091298,-498853.89414065,-28226.918164337003,361.8498786393381,
10095,4de1,95,0,10,0.5771484375,0,-527075.8739146327,-498853.89414065,-28226.909954274022,113.69265842117392,
10096,4de1,96,0,10,0.5771484375,0,-527076.2707473075,-498853.89414065,-28226.759166443662,101.06422957024603,
10097,4de1,97,0,10,0.5771484375,0,-527085.2002388572,-498853.89414065,-28227.894695127332,-78.66882389261303,
10098,4de1,98,0,10,0.5771484375,0,-527078.6348763441,-498853.89414065,-28227.919130051458,73.29551510182075,
10099,4de1,99,0,10,0.5771484375,0,-527078.604844678,-498853.89414065,-28227.776380563097,70.69618037158273,
10100,4de1,100,0,10,0.5771484375,0,-527078.8119468725,-498853.89414065,-28227.843155050592,67.4601465712081,
11001,3qqs,1,0,11,0.433837890625,-2,-523216.26588379045,-498853.89414065,-24360.569045372602,-41.571198099635836,
11002,3qqs,2,0,11,0.433837890625,-2,-523213.1290863921,-498853.89414065,-24360.321536489126,25.057377893578927,
11003,3qqs,3,0,11,0.433837890625,-2,-523219.92698557867,-498853.89414065,-24360.49076492368,-127.80340103628605,
11004,3qqs,4,0,11,0.433837890625,-2,-523200.4079599846,-498853.89414065,-24360.50289625704,322.5957774756394,
11005,3qqs,5,0,11,0.433837890625,-2,-523192.0336919298,-498853.89414065,-24360.56536264001,517.1514955117644,
11006,3qqs,6,0,11,0.433837890625,-2,-523215.57313704694,-498853.89414065,-24359.617423244115,-47.54100629725242,
11007,3qqs,7,0,11,0.433837890625,-2,-523215.33026474906,-498853.89414065,-24354.457067080137,-160.94087819771036,
11008,3qqs,8,0,11,0.433837890625,-2,-523219.86057850905,-498853.89414065,-24360.409133620855,-128.15448019427618,
11009,3qqs,9,0,11,0.433837890625,-2,-523183.0131224563,-498853.89414065,-24359.76403445779,706.6917024408308,
11010,3qqs,10,0,11,0.433837890625,-2,-523213.8610117604,-498853.89414065,-24360.12401849806,3.6239048488605334,
11011,3qqs,11,0,11,0.433837890625,-2,-523181.00629440136,-498853.89414065,-24352.294240273823,580.7127107258477,
11012,3qqs,12,0,11,0.433837890625,-2,-523194.71285067685,-498853.89414065,-24359.642600842115,434.08923450364836,
11013,3qqs,13,0,11,0.433837890625,-2,-523217.809793072,-498853.89414065,-24354.483148582563,-217.51870595186062,
11014,3qqs,14,0,11,0.433837890625,-2,-523190.447969543,-498853.89414065,-24359.804056831,536.1629934370975,
11015,3qqs,15,0,11,0.433837890625,-2,-523211.43041570677,-498853.89414065,-24357.754509158727,5.0325979463891946,
11016,3qqs,16,0,11,0.433837890625,-2,-523212.4768491555,-498853.89414065,-24350.512378104326,-186.10624022531923,
11017,3qqs,17,0,11,0.433837890625,-2,-523215.03142339195,-498853.89414065,-24359.80669731675,-30.684028840618897,
11018,3qqs,18,0,11,0.433837890625,-2,-523213.1143667271,-498853.89414065,-24358.97144336283,-5.737065682577317,
11019,3qqs,19,0,11,0.433837890625,-2,-523186.6502469648,-498853.89414065,-24358.42616874754,591.965702544474,
11020,3qqs,20,0,11,0.433837890625,-2,-523212.83676265366,-498853.89414065,-24359.149653263685,4.774254274017428,
11021,3qqs,21,0,11,0.433837890625,-2,-523180.4103004804,-498853.89414065,-24352.27356229007,593.9798114141156,
11022,3qqs,22,0,11,0.433837890625,-2,-523209.28630671103,-498853.89414065,-24359.44530076563,93.46750671924127,
11023,3qqs,23,0,11,0.433837890625,-2,-523218.2005626727,-498853.89414065,-24359.668186493513,-106.960252270391,
11024,3qqs,24,0,11,0.433837890625,-2,-523213.293173479,-498853.89414065,-24357.417677946683,-45.69112903263417,
11025,3qqs,25,0,11,0.433837890625,-2,-523209.66438710893,-498853.89414065,-24358.788766213045,69.60871916724861,
11026,3qqs,26,0,11,0.433837890625,-2,-523197.23644517566,-498853.89414065,-24356.88785285532,312.367765148024,
11027,3qqs,27,0,11,0.433837890625,-2,-523218.29565969296,-498853.89414065,-24359.440007753958,-114.41516839227927,
11028,3qqs,28,0,11,0.433837890625,-2,-523216.5218277145,-498853.89414065,-24359.616085715887,-69.44917694699467,
11029,3qqs,29,0,11,0.433837890625,-2,-523206.7107480785,-498853.89414065,-24358.64073915063,134.3076681504029,
11030,3qqs,30,0,11,0.433837890625,-2,-523196.8297547568,-498853.89414065,-24359.176087566015,374.5142149974881,
11031,3qqs,31,0,11,0.433837890625,-2,-523208.0148404408,-498853.89414065,-24342.123625703443,-276.65910081966456,
11032,3qqs,32,0,11,0.433837890625,-2,-523196.1928437222,-498853.89414065,-24359.504025884267,396.76416964926085,
11033,3qqs,33,0,11,0.433837890625,-2,-523198.16554418404,-498853.89414065,-24357.4883834797,304.7907982130699,
11034,3qqs,34,0,11,0.433837890625,-2,-523188.7880923322,-498853.89414065,-24349.803022183773,343.8113334116018,
11035,3qqs,35,0,11,0.433837890625,-2,-523219.69170202507,-498853.89414065,-24360.04959339678,-132.55129049234958,
11036,3qqs,36,0,11,0.433837890625,-2,-523177.1681729275,-498853.89414065,-24359.76646573126,841.5355071156307,
11037,3qqs,37,0,11,0.433837890625,-2,-523202.157575952,-498853.89414065,-24359.060089655515,248.97676412963943,
11038,3qqs,38,0,11,0.433837890625,-2,-523215.5616137852,-498853.89414065,-24358.65330035269,-69.50847562141567,
11039,3qqs,39,0,11,0.433837890625,-2,-523217.97112949385,-498853.89414065,-24360.235800572027,-88.57990586882505,
11040,3qqs,40,0,11,0.433837890625,-2,-523214.3521301318,-498853.89414065,-24358.779423304197,-38.708655625514965,
11041,3qqs,41,0,11,0.433837890625,-2,-523215.80384031136,-498853.89414065,-24360.333678312894,-36.34391568851154,
11042,3qqs,42,0,11,0.433837890625,-2,-523204.4524925819,-498853.89414065,-24360.225194640752,222.92268865812383,
11043,3qqs,43,0,11,0.433837890625,-2,-523222.4691601862,-498853.89414065,-24360.5655074793,-184.70373588786032,
11044,3qqs,44,0,11,0.433837890625,-2,-523211.9609253276,-498853.89414065,-24359.773529000875,39.35845910106877,
11045,3qqs,45,0,11,0.433837890625,-2,-523221.54140545626,-498853.89414065,-24359.439960070238,-189.2649434255594,
11046,3qqs,46,0,11,0.433837890625,-2,-523212.1054881981,-498853.89414065,-24359.977003045675,40.71698305383921,
11047,3qqs,47,0,11,0.433837890625,-2,-523219.7875171472,-498853.89414065,-24360.563271351453,-122.91514465577922,
11048,3qqs,48,0,11,0.433837890625,-2,-523200.65586988814,-498853.89414065,-24359.616139479276,296.42974219994915,
11049,3qqs,49,0,11,0.433837890625,-2,-523203.1241381933,-498853.89414065,-24359.765479512796,242.9539858755732,
11050,3qqs,50,0,11,0.433837890625,-2,-523215.8738345674,-498853.89414065,-24360.51473409712,-33.782776005113966,
11051,3qqs,51,0,11,0.433837890625,-2,-523213.3662751187,-498853.89414065,-24360.482938237783,23.309688663667423,
11052,3qqs,52,0,11,0.433837890625,-2,-523211.8851078915,-498853.89414065,-24359.169340677854,27.17393699083568,
11053,3qqs,53,0,11,0.433837890625,-2,-523204.74050742586,-498853.89414065,-24360.091693349466,213.20229566028704,
11054,3qqs,54,0,11,0.433837890625,-2,-523214.9811645022,-498853.89414065,-24359.626564570066,-33.67899113074788,
11055,3qqs,55,0,11,0.433837890625,-2,-523218.5785407294,-498853.89414065,-24360.25335437834,-102.18234132949127,
11056,3qqs,56,0,11,0.433837890625,-2,-523215.42696701176,-498853.89414065,-24358.33241886675,-73.80315011638129,
11057,3qqs,57,0,11,0.433837890625,-2,-523219.4928835651,-498853.89414065,-24360.26286310731,-123.04831152563412,
11058,3qqs,58,0,11,0.433837890625,-2,-523220.2679682692,-498853.89414065,-24360.351873345968,-138.86956455137434,
11059,3qqs,59,0,11,0.433837890625,-2,-523203.1267704834,-498853.89414065,-24336.03559095442,-304.3309462911214,
11060,3qqs,60,0,11,0.433837890625,-2,-523208.99836008437,-498853.89414065,-24360.583054371473,126.34493512300143,
11061,3qqs,61,0,11,0.433837890625,-2,-523218.55485923786,-498853.89414065,-24360.2465936619,-101.79213898557715,
11062,3qqs,62,0,11,0.433837890625,-2,-523213.65383582015,-498853.89414065,-24360.206888146993,10.31251503186559,
11063,3qqs,63,0,11,0.433837890625,-2,-523215.2317969371,-498853.89414065,-24352.254309602376,-209.46695068578856,
11064,3qqs,64,0,11,0.433837890625,-2,-523210.135427909,-498853.89414065,-24360.549972959157,99.3606526761032,
11065,3qqs,65,0,11,0.433837890625,-2,-523208.7998860052,-498853.89414065,-24360.40900165616,126.90810515292465,
11066,3qqs,66,0,11,0.433837890625,-2,-523195.1862369796,-498853.89414065,-24360.522215433713,443.4570813884442,
11067,3qqs,67,0,11,0.433837890625,-2,-523199.2771842946,-498853.89414065,-24358.77970988332,308.93446256886625,
11068,3qqs,68,0,11,0.433837890625,-2,-523212.54500203015,-498853.89414065,-24360.337373204824,38.89188659965707,
11069,3qqs,69,0,11,0.433837890625,-2,-523200.3653464784,-498853.89414065,-24348.286219723817,41.85521474804033,
11070,3qqs,70,0,11,0.433837890625,-2,-523216.8094139864,-498853.89414065,-24360.10228235304,-64.86911311892854,
11071,3qqs,71,0,11,0.433837890625,-2,-523220.3159886171,-498853.89414065,-24359.768181152936,-153.43720181659896,
11072,3qqs,72,0,11,0.433837890625,-2,-523208.1117625703,-498853.89414065,-24360.484822340604,144.52507505693882,
11073,3qqs,73,0,11,0.433837890625,-2,-523210.94226511026,-498853.89414065,-24358.771177836046,39.73455478678356,
11074,3qqs,74,0,11,0.433837890625,-2,-523200.2425372025,-498853.89414065,-24355.213619001504,204.43688631448663,
11075,3qqs,75,0,11,0.433837890625,-2,-523205.6073697973,-498853.89414065,-24359.79277486383,186.31875044545058,
11076,3qqs,76,0,11,0.433837890625,-2,-523213.96417357214,-498853.89414065,-24360.54847604811,11.03316059054644,
11077,3qqs,77,0,11,0.433837890625,-2,-523216.9720434567,-498853.89414065,-24359.141357608423,-90.77888883202246,
11078,3qqs,78,0,11,0.433837890625,-2,-523213.7795655002,-498853.89414065,-24359.444103546735,-10.17711102762366,
11079,3qqs,79,0,11,0.433837890625,-2,-523193.32516099705,-498853.89414065,-24348.280716963407,204.07885210791645,
11080,3qqs,80,0,11,0.433837890625,-2,-523213.143075468,-498853.89414065,-24358.641244598028,-14.013669384430617,
11081,3qqs,81,0,11,0.433837890625,-2,-523218.5938742032,-498853.89414065,-24360.476370759592,-97.39305970854628,
11082,3qqs,82,0,11,0.433837890625,-2,-523213.8414922526,-498853.89414065,-24358.211443849203,-40.030983776868936,
11083,3qqs,83,0,11,0.433837890625,-2,-523213.07794043614,-498853.89414065,-24357.939529843923,-28.69354651678553,
11084,3qqs,84,0,11,0.433837890625,-2,-523206.34520788677,-498853.89414065,-24360.51761371672,186.0189809286182,
11085,3qqs,85,0,11,0.433837890625,-2,-523212.02205674554,-498853.89414065,-24357.798315473185,-7.6007709169549935,
11086,3qqs,86,0,11,0.433837890625,-2,-523197.73047793115,-498853.89414065,-24358.302174516317,333.59013147132623,
11087,3qqs,87,0,11,0.433837890625,-2,-523214.52877867414,-498853.89414065,-24358.09915298998,-58.46967390417128,
11088,3qqs,88,0,11,0.433837890625,-2,-523211.9395614136,-498853.89414065,-24356.57088822901,-34.00352804189018,
11089,3qqs,89,0,11,0.433837890625,-2,-523208.5995097479,-498853.89414065,-24359.96466440736,121.28223103959196,
11090,3qqs,90,0,11,0.433837890625,-2,-523213.22944705386,-498853.89414065,-24357.630152054426,-39.32179343388898,
11091,3qqs,91,0,11,0.433837890625,-2,-523212.8214640785,-498853.89414065,-24357.75482935487,-27.038355666174464,
11092,3qqs,92,0,11,0.433837890625,-2,-523212.60677112825,-498853.89414065,-24357.98496384203,-16.780391269453435,
11093,3qqs,93,0,11,0.433837890625,-2,-523217.4634583165,-498853.89414065,-24360.06048495351,-80.91560460810625,
11094,3qqs,94,0,11,0.433837890625,-2,-523218.6122699401,-498853.89414065,-24360.38513500273,-99.92122201356268,
11095,3qqs,95,0,11,0.433837890625,-2,-523220.59078225686,-498853.89414065,-24360.073903747198,-152.72396318241397,
11096,3qqs,96,0,11,0.433837890625,-2,-523219.1499922443,-498853.89414065,-24360.64046902239,-106.43325055668654,
11097,3qqs,97,0,11,0.433837890625,-2,-523200.11742192705,-498853.89414065,-24360.623639889345,332.0801585568402,
11098,3qqs,98,0,11,0.433837890625,-2,-523207.5583335927,-498853.89414065,-24360.629039235708,160.61317107217306,
11099,3qqs,99,0,11,0.433837890625,-2,-523212.51940328075,-498853.89414065,-24360.65243119776,46.747617700145994,
11100,3qqs,100,0,11,0.433837890625,-2,-523210.3980312665,-498853.89414065,-24360.60615820467,94.60053793037315,
12001,3twp,1,0,12,0.433837890625,-1,-512349.14827376656,-498853.89414065,-13492.566978893272,-61.96724849462309,
12002,3twp,2,0,12,0.433837890625,-1,-512343.77563810383,-498853.89414065,-13491.789045653335,43.989106493667165,
12003,3twp,3,0,12,0.433837890625,-1,-512347.98216465156,-498853.89414065,-13491.677527985565,-55.58735867257425,
12004,3twp,4,0,12,0.433837890625,-1,-512345.39621073054,-498853.89414065,-13491.650844833843,3.430827314361349,
12005,3twp,5,0,12,0.433837890625,-1,-512343.67483903514,-498853.89414065,-13491.927367351047,49.50336236462284,
12006,3twp,6,0,12,0.433837890625,-1,-512345.9844283914,-498853.89414065,-13492.554833791248,10.712686402269647,
12007,3twp,7,0,12,0.433837890625,-1,-512345.30632048886,-498853.89414065,-13492.543370506755,26.085876502411374,
12008,3twp,8,0,12,0.433837890625,-1,-512347.5074154739,-498853.89414065,-13492.690512857429,-21.279396464829045,
12009,3twp,9,0,12,0.433837890625,-1,-512343.18195533805,-498853.89414065,-13492.648969254486,77.51006564530056,
12010,3twp,10,0,12,0.433837890625,-1,-512347.4773910497,-498853.89414065,-13492.710123977653,-20.134773617306923,
12011,3twp,11,0,12,0.433837890625,-1,-512321.010191739,-498853.89414065,-13491.856466672412,570.5275369102437,
12012,3twp,12,0,12,0.433837890625,-1,-512350.030384243,-498853.89414065,-13491.858056805126,-98.65733105023497,
12013,3twp,13,0,12,0.433837890625,-1,-512350.0577602392,-498853.89414065,-13491.398986659042,-109.87504558072334,
12014,3twp,14,0,12,0.433837890625,-1,-512336.94481952523,-498853.89414065,-13491.859230062953,203.1300159827421,
12015,3twp,15,0,12,0.433837890625,-1,-512345.2195619647,-498853.89414065,-13491.859580955497,12.318013946101072,
12016,3twp,16,0,12,0.433837890625,-1,-512349.16041204386,-498853.89414065,-13491.855728230468,-78.64899374784541,
12017,3twp,17,0,12,0.433837890625,-1,-512344.9877726143,-498853.89414065,-13491.85754009246,17.616139927789217,
12018,3twp,18,0,12,0.433837890625,-1,-512332.5573749547,-498853.89414065,-13491.85765822886,304.2706440006862,
12019,3twp,19,0,12,0.433837890625,-1,-512321.83663278853,-498853.89414065,-13492.19184669017,559.2034004995849,
12020,3twp,20,0,12,0.433837890625,-1,-512338.9307709043,-498853.89414065,-13491.397442123882,146.68380636012756,
12021,3twp,21,0,12,0.433837890625,-1,-512346.0157443588,-498853.89414065,-13491.855864605895,-6.128089293702635,
12022,3twp,22,0,12,0.433837890625,-1,-512347.62496891664,-498853.89414065,-13491.39887627124,-53.7760905288442,
12023,3twp,23,0,12,0.433837890625,-1,-512350.2997742597,-498853.89414065,-13491.8565242505,-104.90495396419101,
12024,3twp,24,0,12,0.433837890625,-1,-512347.30950778775,-498853.89414065,-13491.85870119094,-35.897569522864465,
12025,3twp,25,0,12,0.433837890625,-1,-512343.2672606861,-498853.89414065,-13491.859477899066,57.33677442314339,
12026,3twp,26,0,12,0.433837890625,-1,-512346.8769919876,-498853.89414065,-13491.857638559333,-25.948023092457547,
12027,3twp,27,0,12,0.433837890625,-1,-512347.19304940145,-498853.89414065,-13491.85772731065,-33.23443354836661,
12028,3twp,28,0,12,0.433837890625,-1,-512344.44848142617,-498853.89414065,-13491.85720940589,30.044864352634942,
12029,3twp,29,0,12,0.433837890625,-1,-512342.5576089328,-498853.89414065,-13491.39876051902,63.07733744438027,
12030,3twp,30,0,12,0.433837890625,-1,-512348.70203834807,-498853.89414065,-13491.39755990266,-78.64425784976133,
12031,3twp,31,0,12,0.433837890625,-1,-512344.9254432473,-498853.89414065,-13491.399155042163,8.482878899023127,
12032,3twp,32,0,12,0.433837890625,-1,-512346.64882820897,-498853.89414065,-13492.386433801643,-8.492133384786271,
12033,3twp,33,0,12,0.433837890625,-1,-512350.3519371753,-498853.89414065,-13491.858201763622,-106.06917500375799,
12034,3twp,34,0,12,0.433837890625,-1,-512345.7721845213,-498853.89414065,-13491.399005970947,-11.046876414115207,
12035,3twp,35,0,12,0.433837890625,-1,-512345.2606779639,-498853.89414065,-13491.857067606441,11.311897273316465,
12036,3twp,36,0,12,0.433837890625,-1,-512321.1529349988,-498853.89414065,-13491.398258945934,556.6692779476602,
12037,3twp,37,0,12,0.433837890625,-1,-512345.35341842525,-498853.89414065,-13491.858414552204,9.204312735781848,
12038,3twp,38,0,12,0.433837890625,-1,-512346.56103941833,-498853.89414065,-13491.8575778222,-18.66338438870771,
12039,3twp,39,0,12,0.433837890625,-1,-512348.5285067562,-498853.89414065,-13491.858455500595,-64.0140192937114,
12040,3twp,40,0,12,0.433837890625,-1,-512346.8763806825,-498853.89414065,-13491.85602816104,-25.971062729683236,
12041,3twp,41,0,12,0.433837890625,-1,-512347.72155031614,-498853.89414065,-13491.858005366317,-45.41554205407454,
12042,3twp,42,0,12,0.433837890625,-1,-512345.2343716178,-498853.89414065,-13491.397668800346,1.3245478849117345,
12043,3twp,43,0,12,0.433837890625,-1,-512323.1250593964,-498853.89414065,-13491.85710956811,521.7723556691598,
12044,3twp,44,0,12,0.433837890625,-1,-512346.8988724058,-498853.89414065,-13491.397677621833,-37.05954872319709,
12045,3twp,45,0,12,0.433837890625,-1,-512344.31430092506,-498853.89414065,-13491.858268699638,33.163568110384524,
12046,3twp,46,0,12,0.433837890625,-1,-512344.5592346494,-498853.89414065,-13491.397247574321,16.88386253350129,
12047,3twp,47,0,12,0.433837890625,-1,-512350.49100060796,-498853.89414065,-13491.858421227924,-109.27099297656338,
12048,3twp,48,0,12,0.433837890625,-1,-512340.36237926834,-498853.89414065,-13491.39890297412,113.70382121317675,
12049,3twp,49,0,12,0.433837890625,-1,-512342.31292380445,-498853.89414065,-13491.400409600727,68.75793927728358,
12050,3twp,50,0,12,0.433837890625,-1,-512326.58622926514,-498853.89414065,-13491.692256054865,438.15427003332604,
12051,3twp,51,0,12,0.433837890625,-1,-512344.87840996723,-498853.89414065,-13491.397363862983,9.526186530689523,
12052,3twp,52,0,12,0.433837890625,-1,-512344.3743933742,-498853.89414065,-13491.858165762416,31.775429524241975,
12053,3twp,53,0,12,0.433837890625,-1,-512346.13087001495,-498853.89414065,-13491.858153662673,-8.73016309005714,
12054,3twp,54,0,12,0.433837890625,-1,-512344.5700986985,-498853.89414065,-13491.397546432005,16.6402234319654,
12055,3twp,55,0,12,0.433837890625,-1,-512339.4182621095,-498853.89414065,-13491.856454274646,146.0270637627253,
12056,3twp,56,0,12,0.433837890625,-1,-512340.9151543384,-498853.89414065,-13491.397916278831,100.93377153630527,
12057,3twp,57,0,12,0.433837890625,-1,-512319.0217705523,-498853.89414065,-13491.397954187385,605.8080697013784,
12058,3twp,58,0,12,0.433837890625,-1,-512346.65645673906,-498853.89414065,-13491.86036582946,-20.799467102475443,
12059,3twp,59,0,12,0.433837890625,-1,-512339.5010578189,-498853.89414065,-13491.398392579547,133.55459571739019,
12060,3twp,60,0,12,0.433837890625,-1,-512346.656171531,-498853.89414065,-13491.858312807075,-20.840233869480677,
12061,3twp,61,0,12,0.433837890625,-1,-512335.1995157008,-498853.89414065,-13491.856009206764,243.30340359669682,
12062,3twp,62,0,12,0.433837890625,-1,-512343.54557439726,-498853.89414065,-13491.397533617006,40.266019563275684,
12063,3twp,63,0,12,0.433837890625,-1,-512345.5420071188,-498853.89414065,-13491.85737159013,4.8313028707505685,
12064,3twp,64,0,12,0.433837890625,-1,-512303.9240223174,-498853.89414065,-13491.857106945507,964.5587291477602,
12065,3twp,65,0,12,0.433837890625,-1,-512345.57292169385,-498853.89414065,-13491.859480700485,4.167033074696413,
12066,3twp,66,0,12,0.433837890625,-1,-512338.72673472797,-498853.89414065,-13491.399867496477,151.44492278409317,
12067,3twp,67,0,12,0.433837890625,-1,-512346.61199158465,-498853.89414065,-13491.856323144428,-19.867302813963462,
12068,3twp,68,0,12,0.433837890625,-1,-512343.80342194485,-498853.89414065,-13491.862765214435,45.04840936391098,
12069,3twp,69,0,12,0.433837890625,-1,-512346.84708024614,-498853.89414065,-13491.859336993686,-25.219075121658168,
12070,3twp,70,0,12,0.433837890625,-1,-512342.42556551145,-498853.89414065,-13491.85725726842,76.69551729734977,
12071,3twp,71,0,12,0.433837890625,-1,-512348.71653355693,-498853.89414065,-13491.859700164787,-68.32131768774664,
12072,3twp,72,0,12,0.433837890625,-1,-512349.7872258132,-498853.89414065,-13492.668798825733,-74.35380930484759,
12073,3twp,73,0,12,0.433837890625,-1,-512335.8741883939,-498853.89414065,-13491.858044466964,227.79201590329072,
12074,3twp,74,0,12,0.433837890625,-1,-512344.7719633583,-498853.89414065,-13491.85877599477,22.621320182688,
12075,3twp,75,0,12,0.433837890625,-1,-512332.34896016156,-498853.89414065,-13491.769418678276,307.0419509294718,
12076,3twp,76,0,12,0.433837890625,-1,-512346.17250695877,-498853.89414065,-13491.253841421596,-23.62610516446754,
12077,3twp,77,0,12,0.433837890625,-1,-512345.77308863454,-498853.89414065,-13490.71580084323,-26.822810286294985,
12078,3twp,78,0,12,0.433837890625,-1,-512328.60813148355,-498853.89414065,-13491.302732846729,382.54547864465957,
12079,3twp,79,0,12,0.433837890625,-1,-512344.2981490944,-498853.89414065,-13490.917659363738,11.845071593678089,
12080,3twp,80,0,12,0.433837890625,-1,-512344.6907012468,-498853.89414065,-13490.629829308979,-3.8449148374627335,
12081,3twp,81,0,12,0.433837890625,-1,-512345.13163477235,-498853.89414065,-13490.697586647264,-12.450562153408342,
12082,3twp,82,0,12,0.433837890625,-1,-512344.81573960226,-498853.89414065,-13490.786912939535,-3.1059332386457137,
12083,3twp,83,0,12,0.433837890625,-1,-512334.6125819836,-498853.89414065,-13490.680283627502,229.72554069910723,
12084,3twp,84,0,12,0.433837890625,-1,-512342.4526611422,-498853.89414065,-13491.254472217552,62.17012371094718,
12085,3twp,85,0,12,0.433837890625,-1,-512333.57936112635,-498853.89414065,-13491.015231869213,261.27626964641973,
12086,3twp,86,0,12,0.433837890625,-1,-512331.71624210523,-498853.89414065,-13490.797809443466,299.226934698622,
12087,3twp,87,0,12,0.433837890625,-1,-512320.12768049573,-498853.89414065,-13490.885418734542,568.4858322299398,
12088,3twp,88,0,12,0.433837890625,-1,-512346.42750635796,-498853.89414065,-13491.363367817394,-26.980792317147657,
12089,3twp,89,0,12,0.433837890625,-1,-512334.91084280657,-498853.89414065,-13491.417938730709,239.8582135154566,
12090,3twp,90,0,12,0.433837890625,-1,-512346.7250075643,-498853.89414065,-13491.106857202045,-39.75660842992641,
12091,3twp,91,0,12,0.433837890625,-1,-512334.71365910803,-498853.89414065,-13490.79348542451,230.00514229130619,
12092,3twp,92,0,12,0.433837890625,-1,-512344.20577633433,-498853.89414065,-13490.751562080375,10.14494369775739,
12093,3twp,93,0,12,0.433837890625,-1,-512345.08168155,-498853.89414065,-13491.46076121091,6.300610047572739,
12094,3twp,94,0,12,0.433837890625,-1,-512341.2169563178,-498853.89414065,-13491.50542064666,96.45316217204005,
12095,3twp,95,0,12,0.433837890625,-1,-512336.57349962025,-498853.89414065,-13491.27121659278,198.13294365806226,
12096,3twp,96,0,12,0.433837890625,-1,-512347.15693309956,-498853.89414065,-13492.158490798465,-25.465801044524817,
12097,3twp,97,0,12,0.433837890625,-1,-512345.45143842744,-498853.89414065,-13491.636364660255,1.8233256329083445,
12098,3twp,98,0,12,0.433837890625,-1,-512346.98174202483,-498853.89414065,-13492.12156917809,-22.277231678932527,
12099,3twp,99,0,12,0.433837890625,-1,-512345.99426424544,-498853.89414065,-13491.873968265048,-5.21526581378992,
12100,3twp,100,0,12,0.433837890625,-1,-512349.018316478,-498853.89414065,-13491.96651073455,-72.81748692077554,
13001,2qbp,1,0,13,0.396728515625,-2,-634190.8405827727,-498853.89414065,-135356.82014900947,458.29856823289606,
13002,2qbp,2,0,13,0.396728515625,-2,-634215.797855449,-498853.89414065,-135357.32197160038,-105.65750818009676,
13003,2qbp,3,0,13,0.396728515625,-2,-634219.2265870703,-498853.89414065,-135356.7735463729,-197.37292392020137,
13004,2qbp,4,0,13,0.396728515625,-2,-634206.837464899,-498853.89414065,-135357.285135751,100.12455181213217,
13005,2qbp,5,0,13,0.396728515625,-2,-634209.8126506057,-498853.89414065,-135357.47699654603,35.93955455983416,
13006,2qbp,6,0,13,0.396728515625,-2,-634194.990557802,-498853.89414065,-135357.50819668683,378.46462694781286,
13007,2qbp,7,0,13,0.396728515625,-2,-634166.7842736985,-498853.89414065,-135357.74391690397,1034.3528279841369,
13008,2qbp,8,0,13,0.396728515625,-2,-634176.631047413,-498853.89414065,-135356.91713551187,788.2147999251072,
13009,2qbp,9,0,13,0.396728515625,-2,-634208.660785332,-498853.89414065,-135356.99527675414,51.39347649692991,
13010,2qbp,10,0,13,0.396728515625,-2,-634204.3465443375,-498853.89414065,-135357.05553114915,152.2717366618255,
13011,2qbp,11,0,13,0.396728515625,-2,-634210.3829687667,-498853.89414065,-135357.336966758,19.558541704118344,
13012,2qbp,12,0,13,0.396728515625,-2,-634202.0572460743,-498853.89414065,-135356.77061492705,198.49388459029558,
13013,2qbp,13,0,13,0.396728515625,-2,-634189.3794015791,-498853.89414065,-135356.828997617,492.19826077429656,
13014,2qbp,14,0,13,0.396728515625,-2,-634205.2453033301,-498853.89414065,-135357.05756378674,131.59273565968698,
13015,2qbp,15,0,13,0.396728515625,-2,-634215.584054662,-498853.89414065,-135357.3293439796,-100.5571338018601,
13016,2qbp,16,0,13,0.396728515625,-2,-634199.6797088536,-498853.89414065,-135355.74520457292,229.6746708701069,
13017,2qbp,17,0,13,0.396728515625,-2,-634170.8856839981,-498853.89414065,-135356.774456506,917.4157717189078,
13018,2qbp,18,0,13,0.396728515625,-2,-634205.1544509353,-498853.89414065,-135357.16635615143,136.19665318529448,
13019,2qbp,19,0,13,0.396728515625,-2,-634208.321313901,-498853.89414065,-135357.0211787274,59.81918736123318,
13020,2qbp,20,0,13,0.396728515625,-2,-634181.5044154974,-498853.89414065,-135357.16926068568,681.6464067477638,
13021,2qbp,21,0,13,0.396728515625,-2,-634165.8891728666,-498853.89414065,-135357.18066555762,1042.0054589175218,
13022,2qbp,22,0,13,0.396728515625,-2,-634184.9351666096,-498853.89414065,-135357.39907211575,607.8309841055724,
13023,2qbp,23,0,13,0.396728515625,-2,-634175.1154752207,-498853.89414065,-135357.176823025,829.1532612727196,
13024,2qbp,24,0,13,0.396728515625,-2,-634203.7665167006,-498853.89414065,-135357.82339668775,183.35489170453656,
13025,2qbp,25,0,13,0.396728515625,-2,-634206.2627599683,-498853.89414065,-135356.4881439855,94.99849562770642,
13026,2qbp,26,0,13,0.396728515625,-2,-634188.8472007933,-498853.89414065,-135345.9899493208,254.51671077796604,
13027,2qbp,27,0,13,0.396728515625,-2,-634212.0065850164,-498853.89414065,-135357.0791950872,-23.82729442378542,
13028,2qbp,28,0,13,0.396728515625,-2,-634179.5602710696,-498853.89414065,-135357.70685738826,738.876716787461,
13029,2qbp,29,0,13,0.396728515625,-2,-634212.0395386663,-498853.89414065,-135357.81220704818,-7.6835662562669835,
13030,2qbp,30,0,13,0.396728515625,-2,-634178.2759717377,-498853.89414065,-135357.05570704254,753.4774792684418,
13031,2qbp,31,0,13,0.396728515625,-2,-634180.213917538,-498853.89414065,-135352.3650753548,600.618851055235,
13032,2qbp,32,0,13,0.396728515625,-2,-634208.5971402975,-498853.89414065,-135356.70267731452,46.113662485370334,
13033,2qbp,33,0,13,0.396728515625,-2,-634180.950257614,-498853.89414065,-135356.3000092855,674.3801776329499,
13034,2qbp,34,0,13,0.396728515625,-2,-634217.4715584043,-498853.89414065,-135354.97306651378,-198.42105333302555,
13035,2qbp,35,0,13,0.396728515625,-2,-634209.4080517126,-498853.89414065,-135357.37023094797,42.80775350642425,
13036,2qbp,36,0,13,0.396728515625,-2,-634194.5675726389,-498853.89414065,-135357.3242727568,383.97750994933835,
13037,2qbp,37,0,13,0.396728515625,-2,-634192.5606334653,-498853.89414065,-135357.16917729878,426.6820405261251,
13038,2qbp,38,0,13,0.396728515625,-2,-634198.7349619988,-498853.89414065,-135343.25341311598,-36.60650347905698,
13039,2qbp,39,0,13,0.396728515625,-2,-634212.8460320366,-498853.89414065,-135355.6765459826,-75.53125935055806,
13040,2qbp,40,0,13,0.396728515625,-2,-634180.9138508292,-498853.89414065,-135356.68267709517,684.0442673628763,
13041,2qbp,41,0,13,0.396728515625,-2,-634212.3076831546,-498853.89414065,-135354.74988121295,-84.48603645123997,
13042,2qbp,42,0,13,0.396728515625,-2,-634191.0334981206,-498853.89414065,-135356.9463341287,456.75973260380135,
13043,2qbp,43,0,13,0.396728515625,-2,-634202.7352578933,-498853.89414065,-135349.1484347632,7.086910365722595,
13044,2qbp,44,0,13,0.396728515625,-2,-634174.9943645301,-498853.89414065,-135356.8277667215,823.8967105645839,
13045,2qbp,45,0,13,0.396728515625,-2,-634174.4768964198,-498853.89414065,-135357.26369590068,845.8825743606943,
13046,2qbp,46,0,13,0.396728515625,-2,-634184.4888770254,-498853.89414065,-135346.51512277627,367.13283207828727,
13047,2qbp,47,0,13,0.396728515625,-2,-634210.9653274846,-498853.89414065,-135356.02064782882,-24.226004992076586,
13048,2qbp,48,0,13,0.396728515625,-2,-634160.5292213114,-498853.89414065,-135345.0856626978,886.6914861641831,
13049,2qbp,49,0,13,0.396728515625,-2,-634173.4652271118,-498853.89414065,-135356.39259577304,849.1241766667066,
13050,2qbp,50,0,13,0.396728515625,-2,-634166.757292849,-498853.89414065,-135354.8617901852,968.5116001014975,
13051,2qbp,51,0,13,0.396728515625,-2,-634193.673973812,-498853.89414065,-135346.46817735338,154.23688113232413,
13052,2qbp,52,0,13,0.396728515625,-2,-634214.3332826647,-498853.89414065,-135356.71912548447,-85.78561912516427,
13053,2qbp,53,0,13,0.396728515625,-2,-634178.0448359695,-498853.89414065,-135356.27350718284,740.7696394293,
13054,2qbp,54,0,13,0.396728515625,-2,-634166.3176020059,-498853.89414065,-135357.07917625213,1029.7852492746865,
13055,2qbp,55,0,13,0.396728515625,-2,-634209.6669888926,-498853.89414065,-135355.04112005734,-16.874052815183468,
13056,2qbp,56,0,13,0.396728515625,-2,-634202.9327945265,-498853.89414065,-135357.15196404362,187.09737717440575,
13057,2qbp,57,0,13,0.396728515625,-2,-634181.5570345965,-498853.89414065,-135357.04403168464,677.5451321292807,
13058,2qbp,58,0,13,0.396728515625,-2,-634212.2225731435,-498853.89414065,-135357.0246283462,-30.066437901684285,
13059,2qbp,59,0,13,0.396728515625,-2,-634202.7129701818,-498853.89414065,-135356.00406584644,165.69548570719527,
13060,2qbp,60,0,13,0.396728515625,-2,-634208.546758339,-498853.89414065,-135357.45739377046,64.6796729794832,
13061,2qbp,61,0,13,0.396728515625,-2,-634198.881191447,-498853.89414065,-135357.6923532536,292.9912350021781,
13062,2qbp,62,0,13,0.396728515625,-2,-634195.4225740555,-498853.89414065,-135357.3455824605,364.75212232654997,
13063,2qbp,63,0,13,0.396728515625,-2,-634185.3556375486,-498853.89414065,-135344.0108639648,289.3952794736786,
13064,2qbp,64,0,13,0.396728515625,-2,-634197.53336598,-498853.89414065,-135356.7392026534,302.092653645782,
13065,2qbp,65,0,13,0.396728515625,-2,-634194.230903804,-498853.89414065,-135357.03814828896,385.143090743388,
13066,2qbp,66,0,13,0.396728515625,-2,-634187.4531266812,-498853.89414065,-135356.70632631096,533.7903476739444,
13067,2qbp,67,0,13,0.396728515625,-2,-634207.308584435,-498853.89414065,-135357.72421098256,99.38559259739326,
13068,2qbp,68,0,13,0.396728515625,-2,-634208.7271673235,-498853.89414065,-135356.42004165554,36.59743490191982,
13069,2qbp,69,0,13,0.396728515625,-2,-634211.7411040958,-498853.89414065,-135355.77884954715,-47.691839479765825,
13070,2qbp,70,0,13,0.396728515625,-2,-634210.9394255701,-498853.89414065,-135355.44682634386,-36.861330452181114,
13071,2qbp,71,0,13,0.396728515625,-2,-634207.7390769256,-498853.89414065,-135356.914603894,70.78821693892313,
13072,2qbp,72,0,13,0.396728515625,-2,-634207.8559815439,-498853.89414065,-135355.5670568397,37.01715909670754,
13073,2qbp,73,0,13,0.396728515625,-2,-634199.9095564034,-498853.89414065,-135355.54587615037,219.7776378318283,
13074,2qbp,74,0,13,0.396728515625,-2,-634194.7159193875,-498853.89414065,-135355.89208230886,347.5294563284462,
13075,2qbp,75,0,13,0.396728515625,-2,-634213.4539345634,-498853.89414065,-135355.96488380933,-82.90059640280604,
13076,2qbp,76,0,13,0.396728515625,-2,-634201.3562250289,-498853.89414065,-135355.37015098834,182.3643482953328,
13077,2qbp,77,0,13,0.396728515625,-2,-634209.9818130579,-498853.89414065,-135355.34041148925,-17.232246156852884,
13078,2qbp,78,0,13,0.396728515625,-2,-634194.8256010684,-498853.89414065,-135354.3013307503,308.31653427716907,
13079,2qbp,79,0,13,0.396728515625,-2,-634196.236171409,-498853.89414065,-135355.3069266727,298.9776023361479,
13080,2qbp,80,0,13,0.396728515625,-2,-634200.9952049407,-498853.89414065,-135355.37745047116,190.8579993797515,
13081,2qbp,81,0,13,0.396728515625,-2,-634199.5208517459,-498853.89414065,-135355.43119091296,226.09667577664533,
13082,2qbp,82,0,13,0.396728515625,-2,-634216.6885142747,-498853.89414065,-135355.3781232288,-171.02279697802896,
13083,2qbp,83,0,13,0.396728515625,-2,-634194.8950213325,-498853.89414065,-135355.7119346609,339.2449639068054,
13084,2qbp,84,0,13,0.396728515625,-2,-634171.0748981538,-498853.89414065,-135355.61345652246,886.2790939800976,
13085,2qbp,85,0,13,0.396728515625,-2,-634216.8182750639,-498853.89414065,-135357.0182660272,-136.19256041226268,
13086,2qbp,86,0,13,0.396728515625,-2,-634212.2117142202,-498853.89414065,-135357.53279033813,-18.09753126081223,
13087,2qbp,87,0,13,0.396728515625,-2,-634198.6736910488,-498853.89414065,-135356.46086115146,269.3774253369106,
13088,2qbp,88,0,13,0.396728515625,-2,-634217.4149110767,-498853.89414065,-135357.1736200502,-146.36876484481053,
13089,2qbp,89,0,13,0.396728515625,-2,-634212.8038468655,-498853.89414065,-135357.43208766484,-34.07469326399148,
13090,2qbp,90,0,13,0.396728515625,-2,-634209.285682005,-498853.89414065,-135357.37641197944,45.77220397243071,
13091,2qbp,91,0,13,0.396728515625,-2,-634204.3289439823,-498853.89414065,-135357.40573570633,160.7535194362072,
13092,2qbp,92,0,13,0.396728515625,-2,-634205.990088478,-498853.89414065,-135357.00637725496,113.237192670046,
13093,2qbp,93,0,13,0.396728515625,-2,-634212.9577774551,-498853.89414065,-135356.95768917107,-48.564306143341554,
13094,2qbp,94,0,13,0.396728515625,-2,-634212.6684719445,-498853.89414065,-135357.452584689,-30.48020081691515,
13095,2qbp,95,0,13,0.396728515625,-2,-634199.9006803478,-498853.89414065,-135356.9419834664,252.17732407412538,
13096,2qbp,96,0,13,0.396728515625,-2,-634210.133526698,-498853.89414065,-135357.48687184358,28.767705857040635,
13097,2qbp,97,0,13,0.396728515625,-2,-634212.5749529746,-498853.89414065,-135357.7556616118,-21.334482262534372,
13098,2qbp,98,0,13,0.396728515625,-2,-634214.9213665846,-498853.89414065,-135357.60713503265,-78.86916982963109,
13099,2qbp,99,0,13,0.396728515625,-2,-634202.9830668997,-498853.89414065,-135357.13867211842,185.63154962987272,
13100,2qbp,100,0,13,0.396728515625,-2,-634209.2356805059,-498853.89414065,-135357.17616379762,42.30743315979117,
14001,2qbq,1,0,14,0.396728515625,-2,-615762.3684898957,-498853.89414065,-116908.39124980125,-1.9163187138880042,
14002,2qbq,2,0,14,0.396728515625,-2,-615755.0387036827,-498853.89414065,-116907.9120396629,156.06171852283595,
14003,2qbq,3,0,14,0.396728515625,-2,-615729.6720862738,-498853.89414065,-116907.66222837131,735.2690273440824,
14004,2qbq,4,0,14,0.396728515625,-2,-615741.669708064,-498853.89414065,-116908.19417503032,470.86427757205905,
14005,2qbq,5,0,14,0.396728515625,-2,-615763.8297050341,-498853.89414065,-116907.93057325039,-46.236193940272194,
14006,2qbq,6,0,14,0.396728515625,-2,-615753.9363658158,-498853.89414065,-116908.51527133137,195.3930863718539,
14007,2qbq,7,0,14,0.396728515625,-2,-615753.5786808035,-498853.89414065,-116908.4815089957,202.86292074905177,
14008,2qbq,8,0,14,0.396728515625,-2,-615767.0987736044,-498853.89414065,-116908.64278235588,-105.1987739229383,
14009,2qbq,9,0,14,0.396728515625,-2,-615764.400416795,-498853.89414065,-116908.50031438026,-46.258577223402526,
14010,2qbq,10,0,14,0.396728515625,-2,-615766.5030956299,-498853.89414065,-116908.61216166169,-92.16824348289745,
14011,2qbq,11,0,14,0.396728515625,-2,-615756.1753380648,-498853.89414065,-116908.70950832526,148.24037122104443,
14012,2qbq,12,0,14,0.396728515625,-2,-615756.2531526444,-498853.89414065,-116908.52397837791,142.1675021614807,
14013,2qbq,13,0,14,0.396728515625,-2,-615737.619093199,-498853.89414065,-116908.14563825283,563.1543907288419,
14014,2qbq,14,0,14,0.396728515625,-2,-615764.1709273038,-498853.89414065,-116908.25351407677,-46.65777403805397,
14015,2qbq,15,0,14,0.396728515625,-2,-615746.205245038,-498853.89414065,-116908.79432561557,380.1121115202679,
14016,2qbq,16,0,14,0.396728515625,-2,-615753.2652129886,-498853.89414065,-116901.18182900104,41.75704062377522,
14017,2qbq,17,0,14,0.396728515625,-2,-615742.8730841919,-498853.89414065,-116908.21708765182,443.6421424183249,
14018,2qbq,18,0,14,0.396728515625,-2,-615750.3032681372,-498853.89414065,-116908.03849961907,268.1796922879527,
14019,2qbq,19,0,14,0.396728515625,-2,-615754.2669192753,-498853.89414065,-116908.22220769088,181.0121344101918,
14020,2qbq,20,0,14,0.396728515625,-2,-615759.3583755997,-498853.89414065,-116908.64404060993,73.32806051907653,
14021,2qbq,21,0,14,0.396728515625,-2,-615734.0704187785,-498853.89414065,-116908.06261530075,643.0742121822163,
14022,2qbq,22,0,14,0.396728515625,-2,-615740.1550692361,-498853.89414065,-116908.24348189989,506.92972213250073,
14023,2qbq,23,0,14,0.396728515625,-2,-615753.9157518795,-498853.89414065,-116908.37797870788,192.70241192641734,
14024,2qbq,24,0,14,0.396728515625,-2,-615749.8643522616,-498853.89414065,-116908.62090530548,291.7319270169384,
14025,2qbq,25,0,14,0.396728515625,-2,-615758.3590166605,-498853.89414065,-116908.42054703388,91.21994083703898,
14026,2qbq,26,0,14,0.396728515625,-2,-615741.193192157,-498853.89414065,-116908.17428496033,481.3943195266329,
14027,2qbq,27,0,14,0.396728515625,-2,-615735.0819524876,-498853.89414065,-116907.62076833408,609.5584575918969,
14028,2qbq,28,0,14,0.396728515625,-2,-615765.0979143438,-498853.89414065,-116908.5022987381,-62.2974924297725,
14029,2qbq,29,0,14,0.396728515625,-2,-615745.9833680434,-498853.89414065,-116908.13301017437,369.97842020351106,
14030,2qbq,30,0,14,0.396728515625,-2,-615760.2988326277,-498853.89414065,-116906.25554105193,-3.439502058168525,
14031,2qbq,31,0,14,0.396728515625,-2,-615745.5175907067,-498853.89414065,-116908.74635496299,394.86356759046146,
14032,2qbq,32,0,14,0.396728515625,-2,-615727.0327518341,-498853.89414065,-116908.14898874912,807.358486405178,
14033,2qbq,33,0,14,0.396728515625,-2,-615752.3063648983,-498853.89414065,-116908.14540615234,224.4525068412455,
14034,2qbq,34,0,14,0.396728515625,-2,-615756.6264164476,-498853.89414065,-116908.62494876534,135.888266823279,
14035,2qbq,35,0,14,0.396728515625,-2,-615751.7445904962,-498853.89414065,-116908.10512044589,236.47832185181647,
14036,2qbq,36,0,14,0.396728515625,-2,-615746.8035729734,-498853.89414065,-116908.07990100536,349.8393186541969,
14037,2qbq,37,0,14,0.396728515625,-2,-615759.3080335155,-498853.89414065,-116908.33562638912,67.37677567036741,
14038,2qbq,38,0,14,0.396728515625,-2,-615709.0690482585,-498853.89414065,-116908.39886679799,1227.373656624493,
14039,2qbq,39,0,14,0.396728515625,-2,-615748.4522265247,-498853.89414065,-116908.7221386687,326.63081693119506,
14040,2qbq,40,0,14,0.396728515625,-2,-615749.6202945468,-498853.89414065,-116908.29543807659,289.8545790239344,
14041,2qbq,41,0,14,0.396728515625,-2,-615765.5246304318,-498853.89414065,-116906.94272520694,-108.10241919692604,
14042,2qbq,42,0,14,0.396728515625,-2,-615733.8073896794,-498853.89414065,-116908.51207533032,659.5046018126093,
14043,2qbq,43,0,14,0.396728515625,-2,-615758.4927364043,-498853.89414065,-116908.61735727947,92.67484237088257,
14044,2qbq,44,0,14,0.396728515625,-2,-615752.6826259402,-498853.89414065,-116908.18185689602,216.61629520687427,
14045,2qbq,45,0,14,0.396728515625,-2,-615763.5066280409,-498853.89414065,-116905.74171140346,-89.26221480059226,
14046,2qbq,46,0,14,0.396728515625,-2,-615733.2773610974,-498853.89414065,-116907.74966802746,654.145821204755,
14047,2qbq,47,0,14,0.396728515625,-2,-615727.6800301722,-498853.89414065,-116908.64331498306,803.8313270915855,
14048,2qbq,48,0,14,0.396728515625,-2,-615756.5877669362,-498853.89414065,-116908.18786087188,126.70005945646537,
14049,2qbq,49,0,14,0.396728515625,-2,-615756.6224228635,-498853.89414065,-116905.21577727351,57.36299880969777,
14050,2qbq,50,0,14,0.396728515625,-2,-615758.4790153829,-498853.89414065,-116908.4952566877,90.17555010373106,
14051,2qbq,51,0,14,0.396728515625,-2,-615740.1719164602,-498853.89414065,-116901.6453829066,354.3854384896827,
14052,2qbq,52,0,14,0.396728515625,-2,-615719.5357749221,-498853.89414065,-116908.62672999057,991.2598558191335,
14053,2qbq,53,0,14,0.396728515625,-2,-615755.8891850746,-498853.89414065,-116908.07188048515,140.13516863299208,
14054,2qbq,54,0,14,0.396728515625,-2,-615740.5006622553,-498853.89414065,-116908.36656787545,501.7985878083181,
14055,2qbq,55,0,14,0.396728515625,-2,-615738.0921261064,-498853.89414065,-116908.69511892955,564.9173181710299,
14056,2qbq,56,0,14,0.396728515625,-2,-615752.4609189687,-498853.89414065,-116906.84566834125,190.9157393502785,
14057,2qbq,57,0,14,0.396728515625,-2,-615748.7774361565,-498853.89414065,-116900.39625504169,127.13186704884542,
14058,2qbq,58,0,14,0.396728515625,-2,-615747.789368245,-498853.89414065,-116908.48433914334,336.4329046653683,
14059,2qbq,59,0,14,0.396728515625,-2,-615760.1937100044,-498853.89414065,-116908.39943554561,48.424064739100444,
14060,2qbq,60,0,14,0.396728515625,-2,-615757.9049035368,-498853.89414065,-116908.24570348415,97.66005020537717,
14061,2qbq,61,0,14,0.396728515625,-2,-615746.3033307537,-498853.89414065,-116908.48969378624,370.82522431150096,
14062,2qbq,62,0,14,0.396728515625,-2,-615726.0780799713,-498853.89414065,-116908.23500099331,831.3572320330584,
14063,2qbq,63,0,14,0.396728515625,-2,-615768.248976802,-498853.89414065,-116908.24800636928,-140.82684029774944,
14064,2qbq,64,0,14,0.396728515625,-2,-615756.378081089,-498853.89414065,-116907.07593097839,105.89381747117076,
14065,2qbq,65,0,14,0.396728515625,-2,-615766.121135313,-498853.89414065,-116905.84222188148,-147.23635811476564,
14066,2qbq,66,0,14,0.396728515625,-2,-615756.8816495414,-498853.89414065,-116907.3385049358,100.33635239185656,
14067,2qbq,67,0,14,0.396728515625,-2,-615762.4690344087,-498853.89414065,-116908.56047179858,-0.33257830083844814,
14068,2qbq,68,0,14,0.396728515625,-2,-615749.7899636683,-498853.89414065,-116906.41016736183,242.46654064073195,
14069,2qbq,69,0,14,0.396728515625,-2,-615753.5305901223,-498853.89414065,-116907.18807246837,174.14456329884405,
14070,2qbq,70,0,14,0.396728515625,-2,-615739.1949191865,-498853.89414065,-116905.50290861279,465.872186903915,
14071,2qbq,71,0,14,0.396728515625,-2,-615731.6645053229,-498853.89414065,-116907.0945874707,676.2326424234897,
14072,2qbq,72,0,14,0.396728515625,-2,-615756.3993185518,-498853.89414065,-116907.50485041294,115.29518708127837,
14073,2qbq,73,0,14,0.396728515625,-2,-615744.4015066072,-498853.89414065,-116906.42406573448,367.0478165196725,
14074,2qbq,74,0,14,0.396728515625,-2,-615760.923870194,-498853.89414065,-116906.0537823692,-22.505876504890093,
14075,2qbq,75,0,14,0.396728515625,-2,-615756.458901336,-498853.89414065,-116907.2575168864,108.21752881772872,
14076,2qbq,76,0,14,0.396728515625,-2,-615762.5529589412,-498853.89414065,-116907.04672517929,-37.17575031489216,
14077,2qbq,77,0,14,0.396728515625,-2,-615762.3082877739,-498853.89414065,-116907.12671508941,-29.68888800925035,
14078,2qbq,78,0,14,0.396728515625,-2,-615749.8308978424,-498853.89414065,-116907.58681430973,268.6566993831519,
14079,2qbq,79,0,14,0.396728515625,-2,-615763.3559226744,-498853.89414065,-116907.31621005695,-49.47806497988785,
14080,2qbq,80,0,14,0.396728515625,-2,-615764.4162848647,-498853.89414065,-116907.07456376705,-79.50309381200927,
14081,2qbq,81,0,14,0.396728515625,-2,-615727.3297632381,-498853.89414065,-116905.76253225956,745.4762466949144,
14082,2qbq,82,0,14,0.396728515625,-2,-615760.580584365,-498853.89414065,-116907.07700028569,9.00644848009238,
14083,2qbq,83,0,14,0.396728515625,-2,-615759.4290861837,-498853.89414065,-116908.28406527202,63.396207218311844,
14084,2qbq,84,0,14,0.396728515625,-2,-615753.1210814026,-498853.89414065,-116907.3803837553,188.0228623468668,
14085,2qbq,85,0,14,0.396728515625,-2,-615761.5997004545,-498853.89414065,-116907.263990666,-10.182826239076856,
14086,2qbq,86,0,14,0.396728515625,-2,-615757.2878119973,-498853.89414065,-116907.13502028138,86.27755604412249,
14087,2qbq,87,0,14,0.396728515625,-2,-615746.2344515971,-498853.89414065,-116906.71816065471,331.5610908838556,
14088,2qbq,88,0,14,0.396728515625,-2,-615745.6790795979,-498853.89414065,-116907.04053559455,351.80241615394334,
14089,2qbq,89,0,14,0.396728515625,-2,-615755.1420764818,-498853.89414065,-116907.34253754768,140.54485437675044,
14090,2qbq,90,0,14,0.396728515625,-2,-615763.8995515136,-498853.89414065,-116907.22536256463,-64.10943677015577,
14091,2qbq,91,0,14,0.396728515625,-2,-615755.2624994866,-498853.89414065,-116906.3500234143,114.87991427088603,
14092,2qbq,92,0,14,0.396728515625,-2,-615768.1842245517,-498853.89414065,-116907.8653530136,-148.15781394292944,
14093,2qbq,93,0,14,0.396728515625,-2,-615765.1611600562,-498853.89414065,-116908.35915663395,-67.05690854565142,
14094,2qbq,94,0,14,0.396728515625,-2,-615751.2014179407,-498853.89414065,-116908.8282464996,265.6798614975393,
14095,2qbq,95,0,14,0.396728515625,-2,-615751.3506242684,-498853.89414065,-116908.27014782588,249.36902068056412,
14096,2qbq,96,0,14,0.396728515625,-2,-615768.3422738669,-498853.89414065,-116908.8120705143,-129.9706935293536,
14097,2qbq,97,0,14,0.396728515625,-2,-615763.7331907644,-498853.89414065,-116908.23073496971,-37.08862832194646,
14098,2qbq,98,0,14,0.396728515625,-2,-615756.9406127362,-498853.89414065,-116908.73027672917,131.07164882992765,
14099,2qbq,99,0,14,0.396728515625,-2,-615748.0054489127,-498853.89414065,-116908.22081592242,325.3729762526051,
14100,2qbq,100,0,14,0.396728515625,-2,-615762.1840243397,-498853.89414065,-116908.64652230892,8.224281937558015,
15001,1bzc,1,0,15,0.396728515625,-1,-548756.4185011486,-498853.89414065,-49916.89162449652,331.31697861948874,
15002,1bzc,2,0,15,0.396728515625,-1,-548773.3048095657,-498853.89414065,-49916.449656115205,-68.28257731201275,
15003,1bzc,3,0,15,0.396728515625,-1,-548758.5865559679,-498853.89414065,-49916.532512353035,273.03912399724913,
15004,1bzc,4,0,15,0.396728515625,-1,-548771.5352150153,-498853.89414065,-49916.72472117955,-21.131606469692198,
15005,1bzc,5,0,15,0.396728515625,-1,-548775.6379526213,-498853.89414065,-49916.44948960954,-122.08997405480342,
15006,1bzc,6,0,15,0.396728515625,-1,-548776.4935608163,-498853.89414065,-49916.45943679038,-141.59138031928615,
15007,1bzc,7,0,15,0.396728515625,-1,-548775.9063686088,-498853.89414065,-49916.58574138695,-125.13775314287462,
15008,1bzc,8,0,15,0.396728515625,-1,-548772.5531370144,-498853.89414065,-49917.28348688902,-31.720002048294475,
15009,1bzc,9,0,15,0.396728515625,-1,-548778.8300073401,-498853.89414065,-49916.34958091492,-198.00445380518724,
15010,1bzc,10,0,15,0.396728515625,-1,-548765.095856155,-498853.89414065,-49916.73867868009,127.68540413463765,
15011,1bzc,11,0,15,0.396728515625,-1,-548764.5165823055,-498853.89414065,-49916.317368076416,131.3281231202588,
15012,1bzc,12,0,15,0.396728515625,-1,-548768.0571621608,-498853.89414065,-49916.43976186337,52.50287979923128,
15013,1bzc,13,0,15,0.396728515625,-1,-548752.9454640106,-498853.89414065,-49916.770393477025,408.61146393417204,
15014,1bzc,14,0,15,0.396728515625,-1,-548762.4783234398,-498853.89414065,-49911.1720813376,59.67835824143527,
15015,1bzc,15,0,15,0.396728515625,-1,-548759.8554072931,-498853.89414065,-49916.73535134012,248.45629548725333,
15016,1bzc,16,0,15,0.396728515625,-1,-548764.3582994293,-498853.89414065,-49916.47625969464,138.6423407206421,
15017,1bzc,17,0,15,0.396728515625,-1,-548766.1023698996,-498853.89414065,-49916.707760022226,103.76164459668242,
15018,1bzc,18,0,15,0.396728515625,-1,-548756.0422540259,-498853.89414065,-49916.30225481215,326.40225559117215,
15019,1bzc,19,0,15,0.396728515625,-1,-548753.5316552918,-498853.89414065,-49916.722593770566,393.9912844388341,
15020,1bzc,20,0,15,0.396728515625,-1,-548738.5125977496,-498853.89414065,-49883.14200465502,-34.04780221782928,
15021,1bzc,21,0,15,0.396728515625,-1,-548763.0363640294,-498853.89414065,-49911.48211114222,53.959093672804094,
15022,1bzc,22,0,15,0.396728515625,-1,-548762.377806003,-498853.89414065,-49916.58801190677,186.89067133970278,
15023,1bzc,23,0,15,0.396728515625,-1,-548768.5224746715,-498853.89414065,-49914.48536251599,-3.2970012409587106,
15024,1bzc,24,0,15,0.396728515625,-1,-548769.1863916914,-498853.89414065,-49916.7300846439,33.157230561835945,
15025,1bzc,25,0,15,0.396728515625,-1,-548760.6281515608,-498853.89414065,-49916.432945833745,223.66275269687014,
15026,1bzc,26,0,15,0.396728515625,-1,-548761.2915289355,-498853.89414065,-49911.37044496584,91.62086360958854,
15027,1bzc,27,0,15,0.396728515625,-1,-548753.457341547,-498853.89414065,-49916.75163237864,396.37464631537796,
15028,1bzc,28,0,15,0.396728515625,-1,-548738.9603467833,-498853.89414065,-49916.50788621718,725.0623674496892,
15029,1bzc,29,0,15,0.396728515625,-1,-548753.9200694964,-498853.89414065,-49916.53248326594,380.65018771082066,
15030,1bzc,30,0,15,0.396728515625,-1,-548760.6851638805,-498853.89414065,-49916.375976071984,221.0342634559348,
15031,1bzc,31,0,15,0.396728515625,-1,-548761.3926056873,-498853.89414065,-49916.12710048372,198.98106042592008,
15032,1bzc,32,0,15,0.396728515625,-1,-548754.4537605892,-498853.89414065,-49916.548395798745,368.70993046103655,
15033,1bzc,33,0,15,0.396728515625,-1,-548766.3452119485,-498853.89414065,-49915.11635018999,61.46279135890979,
15034,1bzc,34,0,15,0.396728515625,-1,-548756.5484372182,-498853.89414065,-49916.23638211313,313.2103333486927,
15035,1bzc,35,0,15,0.396728515625,-1,-548767.4340267585,-498853.89414065,-49916.43960012612,66.86899379747236,
15036,1bzc,36,0,15,0.396728515625,-1,-548743.041325773,-498853.89414065,-49916.74091751994,636.3265857649602,
15037,1bzc,37,0,15,0.396728515625,-1,-548779.6501017914,-498853.89414065,-49916.65210433418,-209.9399253454562,
15038,1bzc,38,0,15,0.396728515625,-1,-548770.6738909585,-498853.89414065,-49916.739341275126,-0.9318544479609457,
15039,1bzc,39,0,15,0.396728515625,-1,-548759.7506381974,-498853.89414065,-49916.472938330146,244.82094046110092,
15040,1bzc,40,0,15,0.396728515625,-1,-548768.8776289624,-498853.89414065,-49916.439923034326,33.58618256718358,
15041,1bzc,41,0,15,0.396728515625,-1,-548769.7187911526,-498853.89414065,-49916.377447323146,12.747797521068295,
15042,1bzc,42,0,15,0.396728515625,-1,-548775.7442919267,-498853.89414065,-49916.05181566003,-133.71279582711495,
15043,1bzc,43,0,15,0.396728515625,-1,-548767.8527819768,-498853.89414065,-49916.82001368818,65.9848142005173,
15044,1bzc,44,0,15,0.396728515625,-1,-548767.6173891376,-498853.89414065,-49916.39936272921,61.71266046811095,
15045,1bzc,45,0,15,0.396728515625,-1,-548757.3713269187,-498853.89414065,-49916.275212125125,295.12948739914304,
15046,1bzc,46,0,15,0.396728515625,-1,-548767.4117223572,-498853.89414065,-49916.82463272038,76.26240806874509,
15047,1bzc,47,0,15,0.396728515625,-1,-548720.2239353315,-498853.89414065,-49911.81702241418,1048.9603908127203,
15048,1bzc,48,0,15,0.396728515625,-1,-548750.2248989593,-498853.89414065,-49909.68494020523,307.95475035032507,
15049,1bzc,49,0,15,0.396728515625,-1,-548769.7257490412,-498853.89414065,-49916.77170841509,21.679221566742523,
15050,1bzc,50,0,15,0.396728515625,-1,-548757.0154413681,-498853.89414065,-49916.84835045162,316.5532869529417,
15051,1bzc,51,0,15,0.396728515625,-1,-548771.6430041746,-498853.89414065,-49915.8891574007,-42.88584202070753,
15052,1bzc,52,0,15,0.396728515625,-1,-548769.6220953118,-498853.89414065,-49916.84323342265,25.718939209931946,
15053,1bzc,53,0,15,0.396728515625,-1,-548761.3573551876,-498853.89414065,-49907.14924174661,-7.240384565421649,
15054,1bzc,54,0,15,0.396728515625,-1,-548757.2241504441,-498853.89414065,-49916.54037563625,304.63827336164195,
15055,1bzc,55,0,15,0.396728515625,-1,-548769.3391305015,-498853.89414065,-49916.942236916395,34.527337554232766,
15056,1bzc,56,0,15,0.396728515625,-1,-548764.1224172364,-498853.89414065,-49913.95332364859,85.90162594770744,
15057,1bzc,57,0,15,0.396728515625,-1,-548771.1974624943,-498853.89414065,-49916.664668725076,-14.727690802070097,
15058,1bzc,58,0,15,0.396728515625,-1,-548748.7708884729,-498853.89414065,-49916.16307731095,490.8744192971965,
15059,1bzc,59,0,15,0.396728515625,-1,-548759.3026392411,-498853.89414065,-49915.70886094982,237.5319988458261,
15060,1bzc,60,0,15,0.396728515625,-1,-548738.8017105261,-498853.89414065,-49916.58969032885,730.6070540757707,
15061,1bzc,61,0,15,0.396728515625,-1,-548767.0859048618,-498853.89414065,-49916.389192627015,73.7344509039141,
15062,1bzc,62,0,15,0.396728515625,-1,-548765.2841168147,-498853.89414065,-49916.63871853176,121.03887440536565,
15063,1bzc,63,0,15,0.396728515625,-1,-548772.4810208634,-498853.89414065,-49916.741777644726,-42.54907603746356,
15064,1bzc,64,0,15,0.396728515625,-1,-548725.7732013564,-498853.89414065,-49897.039235697404,580.20741880646,
15065,1bzc,65,0,15,0.396728515625,-1,-548750.8498474164,-498853.89414065,-49916.51351632291,451.01380274013445,
15066,1bzc,66,0,15,0.396728515625,-1,-548767.72956721,-498853.89414065,-49916.35155733052,58.02335398251338,
15067,1bzc,67,0,15,0.396728515625,-1,-548750.3170873031,-498853.89414065,-49916.207994983764,456.25405335914405,
15068,1bzc,68,0,15,0.396728515625,-1,-548749.6560103099,-498853.89414065,-49916.65099708857,481.714722207791,
15069,1bzc,69,0,15,0.396728515625,-1,-548762.4304938868,-498853.89414065,-49915.219521233084,154.11751523789346,
15070,1bzc,70,0,15,0.396728515625,-1,-548766.0434480261,-498853.89414065,-49916.20554117981,93.5389736433576,
15071,1bzc,71,0,15,0.396728515625,-1,-548752.153663839,-498853.89414065,-49916.75232379252,426.4541128398818,
15072,1bzc,72,0,15,0.396728515625,-1,-548770.797012965,-498853.89414065,-49916.82266669089,-1.8495856303607079,
15073,1bzc,73,0,15,0.396728515625,-1,-548754.6946429417,-498853.89414065,-49916.4216102224,360.23130660307396,
15074,1bzc,74,0,15,0.396728515625,-1,-548775.0271320294,-498853.89414065,-49916.05433201912,-117.11666709355042,
15075,1bzc,75,0,15,0.396728515625,-1,-548767.5090491127,-498853.89414065,-49915.108257786575,34.437453511461655,
15076,1bzc,76,0,15,0.396728515625,-1,-548766.6907776843,-498853.89414065,-49915.13475005442,53.91816713310686,
15077,1bzc,77,0,15,0.396728515625,-1,-548765.6656029776,-498853.89414065,-49914.45702938849,61.930647659385286,
15078,1bzc,78,0,15,0.396728515625,-1,-548767.0115086983,-498853.89414065,-49914.79751901451,38.74520171779339,
15079,1bzc,79,0,15,0.396728515625,-1,-548775.4508789133,-498853.89414065,-49916.35139761979,-120.03800688411243,
15080,1bzc,80,0,15,0.396728515625,-1,-548767.4377171646,-498853.89414065,-49915.117546574416,36.296611847447714,
15081,1bzc,81,0,15,0.396728515625,-1,-548762.3803864375,-498853.89414065,-49914.68898765856,143.03862559798486,
15082,1bzc,82,0,15,0.396728515625,-1,-548768.7530447196,-498853.89414065,-49916.69370208803,42.31144746394633,
15083,1bzc,83,0,15,0.396728515625,-1,-548763.4083599999,-498853.89414065,-49915.03532998377,127.31983585079642,
15084,1bzc,84,0,15,0.396728515625,-1,-548764.2687602292,-498853.89414065,-49915.206359208765,111.42256283190876,
15085,1bzc,85,0,15,0.396728515625,-1,-548763.598484318,-498853.89414065,-49914.75616012627,116.49765506723314,
15086,1bzc,86,0,15,0.396728515625,-1,-548763.1179727267,-498853.89414065,-49916.282210947305,162.77008355207812,
15087,1bzc,87,0,15,0.396728515625,-1,-548752.9732419502,-498853.89414065,-49914.733727351966,361.0042528381729,
15088,1bzc,88,0,15,0.396728515625,-1,-548773.708619083,-498853.89414065,-49916.84352640921,-68.51178124822154,
15089,1bzc,89,0,15,0.396728515625,-1,-548760.4715469584,-498853.89414065,-49914.163198099675,174.9325144349208,
15090,1bzc,90,0,15,0.396728515625,-1,-548760.5369129133,-498853.89414065,-49916.33103244129,223.4165872294496,
15091,1bzc,91,0,15,0.396728515625,-1,-548769.7438042865,-498853.89414065,-49916.53896956262,15.895772279893801,
15092,1bzc,92,0,15,0.396728515625,-1,-548765.1101147782,-498853.89414065,-49916.58912564935,123.90781765542457,
15093,1bzc,93,0,15,0.396728515625,-1,-548770.1380853013,-498853.89414065,-49916.55678854996,7.2143516892490105,
15094,1bzc,94,0,15,0.396728515625,-1,-548766.5524417415,-498853.89414065,-49916.46176323417,87.70992066383991,
15095,1bzc,95,0,15,0.396728515625,-1,-548752.9588957087,-498853.89414065,-49916.48470477873,401.7135837264375,
15096,1bzc,96,0,15,0.396728515625,-1,-548770.8661069076,-498853.89414065,-49916.44519741954,-12.147577985992456,
15097,1bzc,97,0,15,0.396728515625,-1,-548755.1847294222,-498853.89414065,-49916.61100889856,353.29728110871946,
15098,1bzc,98,0,15,0.396728515625,-1,-548771.6336684478,-498853.89414065,-49916.74947930995,-22.831060509931838,
15099,1bzc,99,0,15,0.396728515625,-1,-548771.704501177,-498853.89414065,-49916.89801012093,-21.039300176452656,
15100,1bzc,100,0,15,0.396728515625,-1,-548769.8045456806,-498853.89414065,-49916.76350395502,19.67292854976762,
16001,2hb1,1,0,16,0.396728515625,-2,-597274.5563934281,-498853.89414065,-98436.84928089834,373.28173620176176,
16002,2hb1,2,0,16,0.396728515625,-2,-597295.3044881953,-498853.89414065,-98437.43082237698,-91.77003048830532,
16003,2hb1,3,0,16,0.396728515625,-2,-597282.7050612094,-498853.89414065,-98436.90756696917,186.7131018001753,
16004,2hb1,4,0,16,0.396728515625,-2,-597283.1972137822,-498853.89414065,-98437.10241598345,179.85711886778716,
16005,2hb1,5,0,16,0.396728515625,-2,-597268.599395898,-498853.89414065,-98437.15647548891,517.7374382199151,
16006,2hb1,6,0,16,0.396728515625,-2,-597296.5060250744,-498853.89414065,-98437.02269113518,-128.88985918077984,
16007,2hb1,7,0,16,0.396728515625,-2,-597291.9606371941,-498853.89414065,-98437.07149225927,-22.945343902128805,
16008,2hb1,8,0,16,0.396728515625,-2,-597294.3810500784,-498853.89414065,-98437.14530051206,-77.05933224740876,
16009,2hb1,9,0,16,0.396728515625,-2,-597296.3809798927,-498853.89414065,-98436.75641030527,-132.14683060122474,
16010,2hb1,10,0,16,0.396728515625,-2,-597290.672992347,-498853.89414065,-98437.34182090021,12.982378236758098,
16011,2hb1,11,0,16,0.396728515625,-2,-597272.1225780072,-498853.89414065,-98436.84682327963,429.3501790936915,
16012,2hb1,12,0,16,0.396728515625,-2,-597278.430443777,-498853.89414065,-98437.16264117215,291.170272415559,
16013,2hb1,13,0,16,0.396728515625,-2,-597274.9930198027,-498853.89414065,-98437.28237075068,373.20018206075326,
16014,2hb1,14,0,16,0.396728515625,-2,-597293.7586747839,-498853.89414065,-98437.33626586653,-58.303251307684604,
16015,2hb1,15,0,16,0.396728515625,-2,-597282.3587501766,-498853.89414065,-98436.76874942041,191.49801521296567,
16016,2hb1,16,0,16,0.396728515625,-2,-597290.5510303207,-498853.89414065,-98428.58390006874,-186.16756285213538,
16017,2hb1,17,0,16,0.396728515625,-2,-597288.0416623786,-498853.89414065,-98437.3556016133,73.98007962561425,
16018,2hb1,18,0,16,0.396728515625,-2,-597250.3831278367,-498853.89414065,-98436.19559967972,915.6562365859824,
16019,2hb1,19,0,16,0.396728515625,-2,-597293.1521978499,-498853.89414065,-98437.27523816086,-45.72489329024825,
16020,2hb1,20,0,16,0.396728515625,-2,-597268.3850231899,-498853.89414065,-98436.61187792278,510.12227208680446,
16021,2hb1,21,0,16,0.396728515625,-2,-597279.3562989369,-498853.89414065,-98431.49374050356,139.09159020192166,
16022,2hb1,22,0,16,0.396728515625,-2,-597271.0353697373,-498853.89414065,-98437.39956135012,467.1682401149913,
16023,2hb1,23,0,16,0.396728515625,-2,-597284.1303274157,-498853.89414065,-98433.29938775755,70.6390929883202,
16024,2hb1,24,0,16,0.396728515625,-2,-597279.3232433333,-498853.89414065,-98437.26703191258,272.9891332079917,
16025,2hb1,25,0,16,0.396728515625,-2,-597292.5807142525,-498853.89414065,-98435.75716031052,-67.55387533658111,
16026,2hb1,26,0,16,0.396728515625,-2,-597294.6515151544,-498853.89414065,-98437.0137971089,-86.32894558672712,
16027,2hb1,27,0,16,0.396728515625,-2,-597293.10893586,-498853.89414065,-98437.18175107695,-46.88311147182773,
16028,2hb1,28,0,16,0.396728515625,-2,-597282.8037146308,-498853.89414065,-98436.4497883365,173.88147380308237,
16029,2hb1,29,0,16,0.396728515625,-2,-597292.9714536787,-498853.89414065,-98437.10051525093,-45.586039705309645,
16030,2hb1,30,0,16,0.396728515625,-2,-597259.5522957876,-498853.89414065,-98436.23060358025,705.0174096104455,
16031,2hb1,31,0,16,0.396728515625,-2,-597274.6977400156,-498853.89414065,-98432.2131338761,263.11011630485456,
16032,2hb1,32,0,16,0.396728515625,-2,-597282.752247019,-498853.89414065,-98436.76448750947,182.32548045742342,
16033,2hb1,33,0,16,0.396728515625,-2,-597276.7323291436,-498853.89414065,-98437.24631429173,332.2592741180384,
16034,2hb1,34,0,16,0.396728515625,-2,-597284.2931204869,-498853.89414065,-98436.3447235272,137.11210675883487,
16035,2hb1,35,0,16,0.396728515625,-2,-597245.6904214444,-498853.89414065,-98436.9997005508,1042.4156234008246,
16036,2hb1,36,0,16,0.396728515625,-2,-597295.6716439559,-498853.89414065,-98437.30370438553,-103.1682539871237,
16037,2hb1,37,0,16,0.396728515625,-2,-597290.1334397927,-498853.89414065,-98437.14511913515,20.888705262437774,
16038,2hb1,38,0,16,0.396728515625,-2,-597295.6894487722,-498853.89414065,-98437.11182952381,-108.00358223265322,
16039,2hb1,39,0,16,0.396728515625,-2,-597272.2968852939,-498853.89414065,-98437.31580311514,436.1454894989934,
16040,2hb1,40,0,16,0.396728515625,-2,-597267.3387483789,-498853.89414065,-98425.59582913376,280.21382240679196,
16041,2hb1,41,0,16,0.396728515625,-2,-597296.0072557017,-498853.89414065,-98428.87636059977,-305.2468091610424,
16042,2hb1,42,0,16,0.396728515625,-2,-597285.0219773783,-498853.89414065,-98435.23593557335,94.73500990931977,
16043,2hb1,43,0,16,0.396728515625,-2,-597290.2241925718,-498853.89414065,-98437.37758702494,24.156733349416196,
16044,2hb1,44,0,16,0.396728515625,-2,-597293.273093356,-498853.89414065,-98437.37739354826,-46.15705069420506,
16045,2hb1,45,0,16,0.396728515625,-2,-597292.7044702902,-498853.89414065,-98437.1060791061,-39.30095095750777,
16046,2hb1,46,0,16,0.396728515625,-2,-597292.9056172653,-498853.89414065,-98437.43089932657,-36.448978165965976,
16047,2hb1,47,0,16,0.396728515625,-2,-597296.5031775655,-498853.89414065,-98437.06231677986,-127.91040499158248,
16048,2hb1,48,0,16,0.396728515625,-2,-597272.7378731801,-498853.89414065,-98437.2102632568,423.5422603061057,
16049,2hb1,49,0,16,0.396728515625,-2,-597296.8435911074,-498853.89414065,-98437.27491581894,-130.85787744695338,
16050,2hb1,50,0,16,0.396728515625,-2,-597286.6703690125,-498853.89414065,-98432.04483610846,-16.86630605777314,
16051,2hb1,51,0,16,0.396728515625,-2,-597297.5773884328,-498853.89414065,-98437.3296682284,-146.5170252102479,
16052,2hb1,52,0,16,0.396728515625,-2,-597287.2314798518,-498853.89414065,-98436.99085867859,84.25216064535442,
16053,2hb1,53,0,16,0.396728515625,-2,-597295.939996226,-498853.89414065,-98436.5423548863,-126.91374089053758,
16054,2hb1,54,0,16,0.396728515625,-2,-597295.3774347289,-498853.89414065,-98436.9346352265,-104.89456503110577,
16055,2hb1,55,0,16,0.396728515625,-2,-597294.1082020672,-498853.89414065,-98436.73516333557,-80.22529560944918,
16056,2hb1,56,0,16,0.396728515625,-2,-597297.370252263,-498853.89414065,-98437.37798446871,-140.62615268903295,
16057,2hb1,57,0,16,0.396728515625,-2,-597295.2083445608,-498853.89414065,-98437.30954218365,-92.34969330491738,
16058,2hb1,58,0,16,0.396728515625,-2,-597277.5960455074,-498853.89414065,-98436.91200298525,304.6320997254403,
16059,2hb1,59,0,16,0.396728515625,-2,-597284.6105025979,-498853.89414065,-98432.95719314076,51.674794903611236,
16060,2hb1,60,0,16,0.396728515625,-2,-597293.6588277353,-498853.89414065,-98437.28907943223,-57.08886869460565,
16061,2hb1,61,0,16,0.396728515625,-2,-597281.6371720552,-498853.89414065,-98437.15383780457,217.01835109719724,
16062,2hb1,62,0,16,0.396728515625,-2,-597263.2421819998,-498853.89414065,-98436.90276146389,635.4269411492184,
16063,2hb1,63,0,16,0.396728515625,-2,-597295.9580485793,-498853.89414065,-98437.19943875528,-112.17732405770538,
16064,2hb1,64,0,16,0.396728515625,-2,-597262.9854078724,-498853.89414065,-98430.92646962855,503.53172947918324,
16065,2hb1,65,0,16,0.396728515625,-2,-597290.6310079962,-498853.89414065,-98433.71978795982,-69.57550349738202,
16066,2hb1,66,0,16,0.396728515625,-2,-597291.1080372168,-498853.89414065,-98436.43271190382,-18.014546285808997,
16067,2hb1,67,0,16,0.396728515625,-2,-597292.6209572973,-498853.89414065,-98436.3319858954,-55.22610909980659,
16068,2hb1,68,0,16,0.396728515625,-2,-597293.3262024953,-498853.89414065,-98436.60315156434,-65.23622084171464,
16069,2hb1,69,0,16,0.396728515625,-2,-597290.1503498092,-498853.89414065,-98436.43480682827,4.118560089770865,
16070,2hb1,70,0,16,0.396728515625,-2,-597294.4508098795,-498853.89414065,-98434.83900070644,-131.85256845478366,
16071,2hb1,71,0,16,0.396728515625,-2,-597294.4577620747,-498853.89414065,-98436.12476397015,-102.36248464315504,
16072,2hb1,72,0,16,0.396728515625,-2,-597292.8691012098,-498853.89414065,-98436.07788312889,-66.8081926645705,
16073,2hb1,73,0,16,0.396728515625,-2,-597286.3532301917,-498853.89414065,-98437.41804945923,114.35633236716217,
16074,2hb1,74,0,16,0.396728515625,-2,-597292.7789485587,-498853.89414065,-98435.9852868364,-66.86454437451366,
16075,2hb1,75,0,16,0.396728515625,-2,-597293.6823869171,-498853.89414065,-98436.66083950258,-72.11971327819568,
16076,2hb1,76,0,16,0.396728515625,-2,-597291.0280530287,-498853.89414065,-98436.00345993496,-26.068852650198608,
16077,2hb1,77,0,16,0.396728515625,-2,-597294.1726064518,-498853.89414065,-98436.42498159863,-88.86345678164112,
16078,2hb1,78,0,16,0.396728515625,-2,-597294.4091414793,-498853.89414065,-98436.22075790621,-99.02759432420876,
16079,2hb1,79,0,16,0.396728515625,-2,-597285.0658476176,-498853.89414065,-98436.38510299183,120.22376837717513,
16080,2hb1,80,0,16,0.396728515625,-2,-597291.362810774,-498853.89414065,-98436.35276985622,-25.733271499541285,
16081,2hb1,81,0,16,0.396728515625,-2,-597293.5676968083,-498853.89414065,-98436.44205141522,-74.52026969187665,
16082,2hb1,82,0,16,0.396728515625,-2,-597293.2866525336,-498853.89414065,-98436.96637583233,-55.94802645335743,
16083,2hb1,83,0,16,0.396728515625,-2,-597236.5308727594,-498853.89414065,-98436.69838756777,1246.6913914998154,
16084,2hb1,84,0,16,0.396728515625,-2,-597258.0318601711,-498853.89414065,-98436.47920573212,745.8123896819095,
16085,2hb1,85,0,16,0.396728515625,-2,-597295.4280776813,-498853.89414065,-98436.5336940334,-115.30834281895315,
16086,2hb1,86,0,16,0.396728515625,-2,-597294.6177318527,-498853.89414065,-98436.52702022053,-96.77522585885059,
16087,2hb1,87,0,16,0.396728515625,-2,-597293.659167421,-498853.89414065,-98436.47033328272,-75.97743677501592,
16088,2hb1,88,0,16,0.396728515625,-2,-597281.6130977108,-498853.89414065,-98436.3738690064,199.58701089204695,
16089,2hb1,89,0,16,0.396728515625,-2,-597288.8395582571,-498853.89414065,-98436.75868440128,41.81492563591682,
16090,2hb1,90,0,16,0.396728515625,-2,-597291.6519521906,-498853.89414065,-98435.82694572664,-44.526823456404834,
16091,2hb1,91,0,16,0.396728515625,-2,-597300.3203480365,-498853.89414065,-98436.77720362402,-222.51131278204952,
16092,2hb1,92,0,16,0.396728515625,-2,-597286.6344413294,-498853.89414065,-98437.40114683367,107.48166567155488,
16093,2hb1,93,0,16,0.396728515625,-2,-597298.1153552219,-498853.89414065,-98437.4116673515,-157.03188938123807,
16094,2hb1,94,0,16,0.396728515625,-2,-597294.8541811539,-498853.89414065,-98437.26601702429,-85.18620513988304,
16095,2hb1,95,0,16,0.396728515625,-2,-597271.7512796046,-498853.89414065,-98437.38785070635,450.3889125166239,
16096,2hb1,96,0,16,0.396728515625,-2,-597289.6213369353,-498853.89414065,-98437.47242397524,40.24590661855964,
16097,2hb1,97,0,16,0.396728515625,-2,-597274.4962300941,-498853.89414065,-98437.30622387386,385.2064909862651,
16098,2hb1,98,0,16,0.396728515625,-2,-597295.3330335601,-498853.89414065,-98437.42015272833,-92.67435018014432,
16099,2hb1,99,0,16,0.396728515625,-2,-597290.4821862997,-498853.89414065,-98437.20882571198,14.315528317152532,
16100,2hb1,100,0,16,0.396728515625,-2,-597298.2635126247,-498853.89414065,-98437.34662312723,-161.94843569867234,
17001,2qbr,1,0,17,0.396728515625,-2,-612428.9971764535,-498853.89414065,-113597.91178584805,525.9822713594173,
17002,2qbr,2,0,17,0.396728515625,-2,-612451.2583802935,-498853.89414065,-113598.2865135741,21.268142089505435,
17003,2qbr,3,0,17,0.396728515625,-2,-612452.5171956882,-498853.89414065,-113598.28183329811,-7.868760258550819,
17004,2qbr,4,0,17,0.396728515625,-2,-612452.6343469783,-498853.89414065,-113598.11750090828,-14.359928122271832,
17005,2qbr,5,0,17,0.396728515625,-2,-612454.1379538327,-498853.89414065,-113597.67725897541,-59.18614605824586,
17006,2qbr,6,0,17,0.396728515625,-2,-612434.69784929,-498853.89414065,-113598.12106192825,399.34765380375563,
17007,2qbr,7,0,17,0.396728515625,-2,-612453.4912852213,-498853.89414065,-113597.65026057472,-44.8962115239105,
17008,2qbr,8,0,17,0.396728515625,-2,-612455.1789970412,-498853.89414065,-113598.23130822887,-70.41649345034462,
17009,2qbr,9,0,17,0.396728515625,-2,-612448.6251771152,-498853.89414065,-113598.06556785812,76.89612067905588,
17010,2qbr,10,0,17,0.396728515625,-2,-612458.1865491435,-498853.89414065,-113598.05421508072,-143.85615757266837,
17011,2qbr,11,0,17,0.396728515625,-2,-612453.3249267498,-498853.89414065,-113597.76665127983,-38.37586061268587,
17012,2qbr,12,0,17,0.396728515625,-2,-612451.0282675936,-498853.89414065,-113597.93546570053,18.479310732878712,
17013,2qbr,13,0,17,0.396728515625,-2,-612442.9410418719,-498853.89414065,-113598.31768608799,213.78937783160137,
17014,2qbr,14,0,17,0.396728515625,-2,-612440.9942094827,-498853.89414065,-113597.37095106361,236.8521709488181,
17015,2qbr,15,0,17,0.396728515625,-2,-612452.5515427144,-498853.89414065,-113598.49594307652,-3.72333271187202,
17016,2qbr,16,0,17,0.396728515625,-2,-612456.2979481979,-498853.89414065,-113594.88398361912,-173.4112593882654,
17017,2qbr,17,0,17,0.396728515625,-2,-612454.0519538072,-498853.89414065,-113594.67163623085,-126.51424541837655,
17018,2qbr,18,0,17,0.396728515625,-2,-612438.690478892,-498853.89414065,-113597.65692878483,296.57226334386786,
17019,2qbr,19,0,17,0.396728515625,-2,-612458.4597624103,-498853.89414065,-113597.58482909908,-160.9809030588431,
17020,2qbr,20,0,17,0.396728515625,-2,-612442.9331971556,-498853.89414065,-113598.29821944945,213.52136993823743,
17021,2qbr,21,0,17,0.396728515625,-2,-612443.7150702939,-498853.89414065,-113598.44024384728,198.76610745469958,
17022,2qbr,22,0,17,0.396728515625,-2,-612458.719499217,-498853.89414065,-113598.05951655624,-156.02402330358493,
17023,2qbr,23,0,17,0.396728515625,-2,-612439.8761617556,-498853.89414065,-113577.35505891552,-198.9424742184378,
17024,2qbr,24,0,17,0.396728515625,-2,-612441.8623636514,-498853.89414065,-113598.21612835639,236.3223116024152,
17025,2qbr,25,0,17,0.396728515625,-2,-612404.011184305,-498853.89414065,-113597.19886077156,1085.7324955698778,
17026,2qbr,26,0,17,0.396728515625,-2,-612458.8537660106,-498853.89414065,-113597.87623990295,-163.34674914915095,
17027,2qbr,27,0,17,0.396728515625,-2,-612451.6082535252,-498853.89414065,-113592.01893336287,-131.3339595487503,
17028,2qbr,28,0,17,0.396728515625,-2,-612434.1286660893,-498853.89414065,-113595.2256276082,345.7030286003789,
17029,2qbr,29,0,17,0.396728515625,-2,-612453.5965164453,-498853.89414065,-113598.13403011074,-36.166910673362615,
17030,2qbr,30,0,17,0.396728515625,-2,-612427.0023519244,-498853.89414065,-113598.20141566513,578.6630400751013,
17031,2qbr,31,0,17,0.396728515625,-2,-612456.4640818695,-498853.89414065,-113597.12425673714,-125.58046747520626,
17032,2qbr,32,0,17,0.396728515625,-2,-612450.9129074379,-498853.89414065,-113597.94211602917,21.292939342787697,
17033,2qbr,33,0,17,0.396728515625,-2,-612448.876568988,-498853.89414065,-113598.16264236679,73.33747772321023,
17034,2qbr,34,0,17,0.396728515625,-2,-612450.726046966,-498853.89414065,-113598.32212055443,34.365156722027976,
17035,2qbr,35,0,17,0.396728515625,-2,-612458.1401850447,-498853.89414065,-113598.13532603493,-140.91651301576925,
17036,2qbr,36,0,17,0.396728515625,-2,-612448.0397892757,-498853.89414065,-113598.16820443385,92.76234061436337,
17037,2qbr,37,0,17,0.396728515625,-2,-612450.5820664614,-498853.89414065,-113592.94254601708,-86.37050989200614,
17038,2qbr,38,0,17,0.396728515625,-2,-612441.5433370039,-498853.89414065,-113585.27511549709,-54.74760515258041,
17039,2qbr,39,0,17,0.396728515625,-2,-612447.7198968098,-498853.89414065,-113598.44665551891,106.56047069164998,
17040,2qbr,40,0,17,0.396728515625,-2,-612449.9347502007,-498853.89414065,-113597.96472812405,44.3712283919728,
17041,2qbr,41,0,17,0.396728515625,-2,-612407.4860640019,-498853.89414065,-113598.30880678406,1031.1958292229551,
17042,2qbr,42,0,17,0.396728515625,-2,-612423.1262264693,-498853.89414065,-113597.9613040757,662.5115117379557,
17043,2qbr,43,0,17,0.396728515625,-2,-612433.6012783364,-498853.89414065,-113598.53394962063,434.156597107928,
17044,2qbr,44,0,17,0.396728515625,-2,-612450.1638553306,-498853.89414065,-113598.3451826643,47.86142870997688,
17045,2qbr,45,0,17,0.396728515625,-2,-612447.0760257095,-498853.89414065,-113598.46102083435,121.73976303992814,
17046,2qbr,46,0,17,0.396728515625,-2,-612451.384253576,-498853.89414065,-113597.97693598983,11.226406547354573,
17047,2qbr,47,0,17,0.396728515625,-2,-612425.0925034151,-498853.89414065,-113597.99616862049,617.9720836844276,
17048,2qbr,48,0,17,0.396728515625,-2,-612448.7686129665,-498853.89414065,-113597.93186462631,70.50514159673162,
17049,2qbr,49,0,17,0.396728515625,-2,-612452.2852146775,-498853.89414065,-113597.97523713818,-9.58942647502841,
17050,2qbr,50,0,17,0.396728515625,-2,-612458.3125911799,-498853.89414065,-113598.30437720535,-140.99388033982052,
17051,2qbr,51,0,17,0.396728515625,-2,-612455.0936959848,-498853.89414065,-113594.98439893832,-143.32491135596945,
17052,2qbr,52,0,17,0.396728515625,-2,-612450.8671159757,-498853.89414065,-113597.25490666142,6.501491051932114,
17053,2qbr,53,0,17,0.396728515625,-2,-612452.3336931316,-498853.89414065,-113598.04633606186,-9.067786054683536,
17054,2qbr,54,0,17,0.396728515625,-2,-612457.1285493985,-498853.89414065,-113598.34095669506,-112.8456851354954,
17055,2qbr,55,0,17,0.396728515625,-2,-612434.0749927327,-498853.89414065,-113597.82669831028,406.92288094211244,
17056,2qbr,56,0,17,0.396728515625,-2,-612453.7214782699,-498853.89414065,-113598.26293647998,-36.07594731356639,
17057,2qbr,57,0,17,0.396728515625,-2,-612421.8821464335,-498853.89414065,-113598.07212830296,693.7563463028789,
17058,2qbr,58,0,17,0.396728515625,-2,-612443.0416217007,-498853.89414065,-113598.1853206229,208.4175317390054,
17059,2qbr,59,0,17,0.396728515625,-2,-612457.4138554194,-498853.89414065,-113596.95783234348,-151.32060354136442,
17060,2qbr,60,0,17,0.396728515625,-2,-612446.0845825225,-498853.89414065,-113597.60469091647,124.85554904501558,
17061,2qbr,61,0,17,0.396728515625,-2,-612432.4200886637,-498853.89414065,-113596.6367975544,417.6461120863458,
17062,2qbr,62,0,17,0.396728515625,-2,-612451.4317519957,-498853.89414065,-113596.50287783859,-23.861521532719625,
17063,2qbr,63,0,17,0.396728515625,-2,-612445.3385351017,-498853.89414065,-113596.93814588299,126.68891764982152,
17064,2qbr,64,0,17,0.396728515625,-2,-612451.6646677121,-498853.89414065,-113596.61186981907,-26.719270771381755,
17065,2qbr,65,0,17,0.396728515625,-2,-612454.2923890647,-498853.89414065,-113596.39482081642,-92.32123361613232,
17066,2qbr,66,0,17,0.396728515625,-2,-612414.4648678148,-498853.89414065,-113595.74840129135,811.2164367652207,
17067,2qbr,67,0,17,0.396728515625,-2,-612450.8831812897,-498853.89414065,-113596.56676161995,-9.737985531868476,
17068,2qbr,68,0,17,0.396728515625,-2,-612447.9493401047,-498853.89414065,-113596.46710301154,55.6198173350999,
17069,2qbr,69,0,17,0.396728515625,-2,-612448.3728689268,-498853.89414065,-113596.43337071648,45.07512547072728,
17070,2qbr,70,0,17,0.396728515625,-2,-612454.1656187639,-498853.89414065,-113596.92076266525,-77.26933387023314,
17071,2qbr,71,0,17,0.396728515625,-2,-612456.0796950326,-498853.89414065,-113597.05205775013,-118.38124463060522,
17072,2qbr,72,0,17,0.396728515625,-2,-612435.2656521647,-498853.89414065,-113596.95021689647,359.253480595247,
17073,2qbr,73,0,17,0.396728515625,-2,-612449.8011252728,-498853.89414065,-113595.74235678425,-3.796408144350234,
17074,2qbr,74,0,17,0.396728515625,-2,-612448.0407270058,-498853.89414065,-113596.48630560157,53.95520757714353,
17075,2qbr,75,0,17,0.396728515625,-2,-612450.8131474713,-498853.89414065,-113596.55706239452,-8.346636765506611,
17076,2qbr,76,0,17,0.396728515625,-2,-612448.404616952,-498853.89414065,-113596.82615614643,53.400845814109445,
17077,2qbr,77,0,17,0.396728515625,-2,-612418.2045081571,-498853.89414065,-113596.85633838882,750.527918211874,
17078,2qbr,78,0,17,0.396728515625,-2,-612432.3882091508,-498853.89414065,-113595.94677317856,402.4689309959556,
17079,2qbr,79,0,17,0.396728515625,-2,-612395.5109420583,-498853.89414065,-113597.1329734396,1280.2333405007691,
17080,2qbr,80,0,17,0.396728515625,-2,-612450.3390503824,-498853.89414065,-113598.02160692924,36.359501122479784,
17081,2qbr,81,0,17,0.396728515625,-2,-612442.0736604636,-498853.89414065,-113597.8416818451,222.81474967522522,
17082,2qbr,82,0,17,0.396728515625,-2,-612452.6221127667,-498853.89414065,-113596.93839610336,-41.26860325281939,
17083,2qbr,83,0,17,0.396728515625,-2,-612453.7708201567,-498853.89414065,-113596.11365307083,-86.7774511116862,
17084,2qbr,84,0,17,0.396728515625,-2,-612447.4612484574,-498853.89414065,-113598.34584129562,110.20021217411352,
17085,2qbr,85,0,17,0.396728515625,-2,-612451.6550562833,-498853.89414065,-113598.2444427084,11.150399241548016,
17086,2qbr,86,0,17,0.396728515625,-2,-612455.2279807188,-498853.89414065,-113598.36302006958,-68.50873668909772,
17087,2qbr,87,0,17,0.396728515625,-2,-612447.5693790624,-498853.89414065,-113597.53003955593,88.89382614799368,
17088,2qbr,88,0,17,0.396728515625,-2,-612444.986578986,-498853.89414065,-113598.26965344661,165.51051234757756,
17089,2qbr,89,0,17,0.396728515625,-2,-612450.5326867853,-498853.89414065,-113597.76882029285,26.064741271203346,
17090,2qbr,90,0,17,0.396728515625,-2,-612452.4630589947,-498853.89414065,-113597.71071995018,-19.790525125965523,
17091,2qbr,91,0,17,0.396728515625,-2,-612450.2426178167,-498853.89414065,-113597.77490044346,32.89410220110418,
17092,2qbr,92,0,17,0.396728515625,-2,-612448.9408715516,-498853.89414065,-113598.09679640045,70.33618132191269,
17093,2qbr,93,0,17,0.396728515625,-2,-612444.6304293424,-498853.89414065,-113598.09436858406,169.68135328328938,
17094,2qbr,94,0,17,0.396728515625,-2,-612456.6734278941,-498853.89414065,-113598.02247930286,-109.69459705081782,
17095,2qbr,95,0,17,0.396728515625,-2,-612456.2035745248,-498853.89414065,-113598.36977971306,-90.85058323405097,
17096,2qbr,96,0,17,0.396728515625,-2,-612449.0251766307,-498853.89414065,-113597.57830823174,56.435438799318426,
17097,2qbr,97,0,17,0.396728515625,-2,-612448.4434003085,-498853.89414065,-113598.06816840878,81.14796354742464,
17098,2qbr,98,0,17,0.396728515625,-2,-612453.2793740197,-498853.89414065,-113597.84923756836,-35.420904644841166,
17099,2qbr,99,0,17,0.396728515625,-2,-612459.4680474565,-498853.89414065,-113598.19543553104,-170.1515897638495,
17100,2qbr,100,0,17,0.396728515625,-2,-612453.9323713941,-498853.89414065,-113597.77935040703,-52.09101805742279,
18001,1y6r,1,0,18,0.38232421875,1,-533981.9807933259,-498853.89414065,-35128.03849472572,-1.1105487143733015,
18002,1y6r,2,0,18,0.38232421875,1,-533981.6282580037,-498853.89414065,-35128.471139361114,16.996131253214067,
18003,1y6r,3,0,18,0.38232421875,1,-533974.5395770359,-498853.89414065,-35127.718424905965,163.10699007150492,
18004,1y6r,4,0,18,0.38232421875,1,-533979.9877655196,-498853.89414065,-35127.70457877682,37.14947962920389,
18005,1y6r,5,0,18,0.38232421875,1,-533982.2815165955,-498853.89414065,-35128.556918938586,3.9097543010284252,
18006,1y6r,6,0,18,0.38232421875,1,-533978.7436476785,-498853.89414065,-35128.2060685055,77.40414648604839,
18007,1y6r,7,0,18,0.38232421875,1,-533984.8961138417,-498853.89414065,-35128.175794829556,-65.17322129769923,
18008,1y6r,8,0,18,0.38232421875,1,-533985.1024272281,-498853.89414065,-35128.64051281379,-59.214269710645745,
18009,1y6r,9,0,18,0.38232421875,1,-533982.2980816503,-498853.89414065,-35128.90223665995,11.490970893495001,
18010,1y6r,10,0,18,0.38232421875,1,-533958.9010716219,-498853.89414065,-35106.17354633376,26.902789351537454,
18011,1y6r,11,0,18,0.38232421875,1,-533955.6934764079,-498853.89414065,-35127.61122577352,595.2363243036843,
18012,1y6r,12,0,18,0.38232421875,1,-533985.7855280924,-498853.89414065,-35127.74372868703,-95.64728311362596,
18013,1y6r,13,0,18,0.38232421875,1,-533964.3632346679,-498853.89414065,-35128.18296210928,408.49150238581916,
18014,1y6r,14,0,18,0.38232421875,1,-533966.6862331469,-498853.89414065,-35124.777827491016,276.3976151160918,
18015,1y6r,15,0,18,0.38232421875,1,-533980.0717422358,-498853.89414065,-35125.24626385135,-21.477158371779556,
18016,1y6r,16,0,18,0.38232421875,1,-533972.4208246756,-498853.89414065,-35127.30746184753,202.4895469527884,
18017,1y6r,17,0,18,0.38232421875,1,-533954.2724791755,-498853.89414065,-35114.45978759689,324.7259298356999,
18018,1y6r,18,0,18,0.38232421875,1,-533987.1561888149,-498853.89414065,-35127.7411298649,-127.31540052618817,
18019,1y6r,19,0,18,0.38232421875,1,-533975.3258530042,-498853.89414065,-35127.18512718839,132.67689797233305,
18020,1y6r,20,0,18,0.38232421875,1,-533932.4296931613,-498853.89414065,-35113.02887620495,795.4349408749097,
18021,1y6r,21,0,18,0.38232421875,1,-533975.0681942989,-498853.89414065,-35127.17975844909,138.49484280154746,
18022,1y6r,22,0,18,0.38232421875,1,-533912.6473017025,-498853.89414065,-35113.01350924835,1251.2733548756103,
18023,1y6r,23,0,18,0.38232421875,1,-533979.7251458756,-498853.89414065,-35125.498801638314,-7.660796714073083,
18024,1y6r,24,0,18,0.38232421875,1,-533958.5683679271,-498853.89414065,-35127.61015968488,528.9151663293188,
18025,1y6r,25,0,18,0.38232421875,1,-533975.318102776,-498853.89414065,-35128.418379415765,161.2950944588128,
18026,1y6r,26,0,18,0.38232421875,1,-533983.8696856935,-498853.89414065,-35127.58951668903,-55.0231209941607,
18027,1y6r,27,0,18,0.38232421875,1,-533979.6970007408,-498853.89414065,-35125.28141250176,-12.02486706819185,
18028,1y6r,28,0,18,0.38232421875,1,-533977.8708739269,-498853.89414065,-35125.24483792947,29.243187994620477,
18029,1y6r,29,0,18,0.38232421875,1,-533983.6276112188,-498853.89414065,-35128.41381322314,-30.432021340602073,
18030,1y6r,30,0,18,0.38232421875,1,-533969.5586054911,-498853.89414065,-35123.09843801424,171.43149393135687,
18031,1y6r,31,0,18,0.38232421875,1,-533981.0650636095,-498853.89414065,-35128.411830355355,28.616004355151542,
18032,1y6r,32,0,18,0.38232421875,1,-533938.2274131763,-498853.89414065,-35106.16747358905,503.5086379501284,
18033,1y6r,33,0,18,0.38232421875,1,-533980.0176441509,-498853.89414065,-35127.30546598603,27.256702422600828,
18034,1y6r,34,0,18,0.38232421875,1,-533969.3259622592,-498853.89414065,-35126.908078392,264.64876845606176,
18035,1y6r,35,0,18,0.38232421875,1,-533982.1908440135,-498853.89414065,-35128.41076760454,2.630383886750149,
18036,1y6r,36,0,18,0.38232421875,1,-533966.2281562227,-498853.89414065,-35127.448724199996,348.5534612448284,
18037,1y6r,37,0,18,0.38232421875,1,-533965.1734134692,-498853.89414065,-35127.74301560683,379.6629280244698,
18038,1y6r,38,0,18,0.38232421875,1,-533976.5305377233,-498853.89414065,-35125.16699795887,58.35704276104524,
18039,1y6r,39,0,18,0.38232421875,1,-533981.0303097356,-498853.89414065,-35128.411257644126,29.404240692846006,
18040,1y6r,40,0,18,0.38232421875,1,-533951.7129898955,-498853.89414065,-35106.16497588621,192.4662525986707,
18041,1y6r,41,0,18,0.38232421875,1,-533957.848517223,-498853.89414065,-35127.26595668961,537.5778082856262,
18042,1y6r,42,0,18,0.38232421875,1,-533955.6818412383,-498853.89414065,-35128.34924106762,612.5236746784651,
18043,1y6r,43,0,18,0.38232421875,1,-533983.7309822578,-498853.89414065,-35127.986130733916,-42.678406626864174,
18044,1y6r,44,0,18,0.38232421875,1,-533980.426997273,-498853.89414065,-35125.25979368852,-29.357528691976892,
18045,1y6r,45,0,18,0.38232421875,1,-533956.3916231978,-498853.89414065,-35125.34270184202,526.8232722346794,
18046,1y6r,46,0,18,0.38232421875,1,-533977.285556792,-498853.89414065,-35127.18547885582,87.49316468314626,
18047,1y6r,47,0,18,0.38232421875,1,-533979.5890117876,-498853.89414065,-35125.253626842925,-10.175335161397149,
18048,1y6r,48,0,18,0.38232421875,1,-533985.9376222331,-498853.89414065,-35127.18515675233,-112.0356321358065,
18049,1y6r,49,0,18,0.38232421875,1,-533982.6711410423,-498853.89414065,-35127.60465927882,-27.03482832038613,
18050,1y6r,50,0,18,0.38232421875,1,-533976.1853072931,-498853.89414065,-35123.182535757274,20.555460092424838,
18051,1y6r,51,0,18,0.38232421875,1,-533977.8253331325,-498853.89414065,-35126.91285326047,68.75873098426821,
18052,1y6r,52,0,18,0.38232421875,1,-533941.5097374904,-498853.89414065,-35125.286039401755,868.7010424855855,
18053,1y6r,53,0,18,0.38232421875,1,-533927.0944768776,-498853.89414065,-35125.287225325534,1201.152197391025,
18054,1y6r,54,0,18,0.38232421875,1,-533967.1686144759,-498853.89414065,-35116.73781206176,79.86647704213749,
18055,1y6r,55,0,18,0.38232421875,1,-533960.2422201327,-498853.89414065,-35127.737902511784,493.26103704989725,
18056,1y6r,56,0,18,0.38232421875,1,-533975.374830513,-498853.89414065,-35125.24422528313,86.78918856738646,
18057,1y6r,57,0,18,0.38232421875,1,-533975.0099944163,-498853.89414065,-35125.21369989676,94.4985766947101,
18058,1y6r,58,0,18,0.38232421875,1,-533984.8381338853,-498853.89414065,-35128.408551354856,-58.46867875568259,
18059,1y6r,59,0,18,0.38232421875,1,-533969.2990340581,-498853.89414065,-35125.164453078934,225.06079259455075,
18060,1y6r,60,0,18,0.38232421875,1,-533986.1018749464,-498853.89414065,-35128.42107020782,-87.32254833294479,
18061,1y6r,61,0,18,0.38232421875,1,-533943.5178091067,-498853.89414065,-35125.28131224675,822.2848001466441,
18062,1y6r,62,0,18,0.38232421875,1,-533976.5726711293,-498853.89414065,-35125.2479490535,59.25219992813167,
18063,1y6r,63,0,18,0.38232421875,1,-533962.0367456961,-498853.89414065,-35118.15349327488,230.85656682664666,
18064,1y6r,64,0,18,0.38232421875,1,-533978.0317485917,-498853.89414065,-35127.180033077464,70.15999036447872,
18065,1y6r,65,0,18,0.38232421875,1,-533974.6778968562,-498853.89414065,-35125.915242214694,118.33487854058748,
18066,1y6r,66,0,18,0.38232421875,1,-533967.0877411951,-498853.89414065,-35128.65993284151,356.6620956853107,
18067,1y6r,67,0,18,0.38232421875,1,-533981.1345273543,-498853.89414065,-35128.412865449616,27.038002187348702,
18068,1y6r,68,0,18,0.38232421875,1,-533958.3710429955,-498853.89414065,-35127.27219804095,525.6720066982908,
18069,1y6r,69,0,18,0.38232421875,1,-533974.8056614685,-498853.89414065,-35128.41381337215,173.00697627183075,
18070,1y6r,70,0,18,0.38232421875,1,-533980.188016652,-498853.89414065,-35127.73821013138,33.307136273479806,
18071,1y6r,71,0,18,0.38232421875,1,-533972.6858767408,-498853.89414065,-35128.52525021596,224.46016804209674,
18072,1y6r,72,0,18,0.38232421875,1,-533984.9144982535,-498853.89414065,-35128.61975844668,-55.3591316779734,
18073,1y6r,73,0,18,0.38232421875,1,-533982.9944888492,-498853.89414065,-35128.78803806473,-7.20204279372168,
18074,1y6r,74,0,18,0.38232421875,1,-533982.6098639359,-498853.89414065,-35128.95648546979,5.552107858326689,
18075,1y6r,75,0,18,0.38232421875,1,-533960.4262481919,-498853.89414065,-35128.862750460336,514.956859109944,
18076,1y6r,76,0,18,0.38232421875,1,-533969.0629000057,-498853.89414065,-35128.114817072616,298.543183198217,
18077,1y6r,77,0,18,0.38232421875,1,-533960.4440999617,-498853.89414065,-35128.370637257525,503.1967874669456,
18078,1y6r,78,0,18,0.38232421875,1,-533967.8653852929,-498853.89414065,-35128.758952741475,341.01264991199,
18079,1y6r,79,0,18,0.38232421875,1,-533984.7677734188,-498853.89414065,-35128.610281576344,-52.19411843132888,
18080,1y6r,80,0,18,0.38232421875,1,-533980.6904380906,-498853.89414065,-35128.54860212372,40.40910595905788,
18081,1y6r,81,0,18,0.38232421875,1,-533982.0593854326,-498853.89414065,-35128.155804743,-0.2176924854975675,
18082,1y6r,82,0,18,0.38232421875,1,-533982.2852436143,-498853.89414065,-35128.81130461857,9.690080345611976,
18083,1y6r,83,0,18,0.38232421875,1,-533982.6709686508,-498853.89414065,-35128.94298862381,3.831754993355004,
18084,1y6r,84,0,18,0.38232421875,1,-533977.8108585316,-498853.89414065,-35128.66129042672,109.41244211186398,
18085,1y6r,85,0,18,0.38232421875,1,-533972.888759001,-498853.89414065,-35128.548159887025,220.30990154220925,
18086,1y6r,86,0,18,0.38232421875,1,-533967.5681969663,-498853.89414065,-35128.64305285081,345.1932605600941,
18087,1y6r,87,0,18,0.38232421875,1,-533971.776398151,-498853.89414065,-35128.608934272954,247.36304276428052,
18088,1y6r,88,0,18,0.38232421875,1,-533982.2771370846,-498853.89414065,-35128.52905878888,3.368277906304649,
18089,1y6r,89,0,18,0.38232421875,1,-533981.995055734,-498853.89414065,-35128.623702694604,12.055768700672267,
18090,1y6r,90,0,18,0.38232421875,1,-533976.5685535658,-498853.89414065,-35128.542580236644,135.32315318100424,
18091,1y6r,91,0,18,0.38232421875,1,-533987.4013782283,-498853.89414065,-35128.108541746566,-124.49688345147582,
18092,1y6r,92,0,18,0.38232421875,1,-533981.3979588586,-498853.89414065,-35128.71043323444,27.825203515513493,
18093,1y6r,93,0,18,0.38232421875,1,-533965.6260153491,-498853.89414065,-35128.738479544416,392.18162447267275,
18094,1y6r,94,0,18,0.38232421875,1,-533981.5799639513,-498853.89414065,-35128.51098014876,19.028568949594476,
18095,1y6r,95,0,18,0.38232421875,1,-533960.1959754368,-498853.89414065,-35128.03925551934,501.27683051621347,
18096,1y6r,96,0,18,0.38232421875,1,-533984.0211821933,-498853.89414065,-35128.087926183805,-47.023117280006815,
18097,1y6r,97,0,18,0.38232421875,1,-533981.219765364,-498853.89414065,-35127.48535176088,3.6833932051982505,
18098,1y6r,98,0,18,0.38232421875,1,-533982.3428563465,-498853.89414065,-35128.370332469196,-1.8075601627951228,
18099,1y6r,99,0,18,0.38232421875,1,-533981.5670259136,-498853.89414065,-35128.55271797342,20.289424287060204,
18100,1y6r,100,0,18,0.38232421875,1,-533982.5667529393,-498853.89414065,-35128.016773004994,-15.124013183957212,
19001,1nc1,1,0,19,0.38232421875,0,-534509.3863877679,-498853.89414065,-35658.36706823942,66.29494997830753,
19002,1nc1,2,0,19,0.38232421875,0,-534508.9840527948,-498853.89414065,-35658.31452892062,74.3614293952277,
19003,1nc1,3,0,19,0.38232421875,0,-534514.7008337552,-498853.89414065,-35658.68960294959,-48.82125879519179,
19004,1nc1,4,0,19,0.38232421875,0,-534509.2580357518,-498853.89414065,-35658.59265915391,74.45706785830272,
19005,1nc1,5,0,19,0.38232421875,0,-534496.1694126005,-498853.89414065,-35658.36683923838,371.08035711253643,
19006,1nc1,6,0,19,0.38232421875,0,-534510.9815981264,-498853.89414065,-35658.702146240445,37.235607475772156,
19007,1nc1,7,0,19,0.38232421875,0,-534499.7212940628,-498853.89414065,-35658.18064630857,284.8783137980464,
19008,1nc1,8,0,19,0.38232421875,0,-534509.8036189552,-498853.89414065,-35658.40433795085,57.532830189249914,
19009,1nc1,9,0,19,0.38232421875,0,-534512.0036832864,-498853.89414065,-35658.55142963764,10.190156328443631,
19010,1nc1,10,0,19,0.38232421875,0,-534514.4776346858,-498853.89414065,-35658.71059567568,-43.19006221588519,
19011,1nc1,11,0,19,0.38232421875,0,-534508.5177726621,-498853.89414065,-35658.39127201667,86.88384253371488,
19012,1nc1,12,0,19,0.38232421875,0,-534502.3626421269,-498853.89414065,-35658.197348215486,224.35253555280664,
19013,1nc1,13,0,19,0.38232421875,0,-534510.5474680389,-498853.89414065,-35658.52692038646,43.206080936165044,
19014,1nc1,14,0,19,0.38232421875,0,-534507.1644064214,-498853.89414065,-35658.196081169815,113.59200160071711,
19015,1nc1,15,0,19,0.38232421875,0,-534511.0666338975,-498853.89414065,-35658.48774988291,30.330538550603563,
19016,1nc1,16,0,19,0.38232421875,0,-534499.3458839532,-498853.89414065,-35656.23019314644,248.5569581509122,
19017,1nc1,17,0,19,0.38232421875,0,-534506.6994225854,-498853.89414065,-35658.100171186896,122.10304684115668,
19018,1nc1,18,0,19,0.38232421875,0,-534495.1014349784,-498853.89414065,-35658.34607324836,395.2296310414246,
19019,1nc1,19,0,19,0.38232421875,0,-534502.7585828925,-498853.89414065,-35657.96637521019,209.8955605529044,
19020,1nc1,20,0,19,0.38232421875,0,-534500.7629580374,-498853.89414065,-35656.2257059299,215.77497577919493,
19021,1nc1,21,0,19,0.38232421875,0,-534496.015564459,-498853.89414065,-35640.80666954157,-30.318953670347554,
19022,1nc1,22,0,19,0.38232421875,0,-534508.5506102021,-498853.89414065,-35655.76369465229,25.5332173813471,
19023,1nc1,23,0,19,0.38232421875,0,-534514.2100658142,-498853.89414065,-35658.371264346744,-44.844943795416235,
19024,1nc1,24,0,19,0.38232421875,0,-534502.6133028442,-498853.89414065,-35653.03999502292,99.64077211401134,
19025,1nc1,25,0,19,0.38232421875,0,-534508.1608881826,-498853.89414065,-35657.399221190186,72.23655860921333,
19026,1nc1,26,0,19,0.38232421875,0,-534512.7251378472,-498853.89414065,-35658.48543263313,-7.968908159345419,
19027,1nc1,27,0,19,0.38232421875,0,-534487.0567882532,-498853.89414065,-35647.31155324814,326.28151537477436,
19028,1nc1,28,0,19,0.38232421875,0,-534452.2899010654,-498853.89414065,-35656.37444103596,1337.0201376062555,
19029,1nc1,29,0,19,0.38232421875,0,-534455.4569236065,-498853.89414065,-35634.921792098256,769.277025896389,
19030,1nc1,30,0,19,0.38232421875,0,-534478.943900841,-498853.89414065,-35658.488339641066,771.1119607947918,
19031,1nc1,31,0,19,0.38232421875,0,-534495.260114717,-498853.89414065,-35640.80386234155,-12.9626043298532,
19032,1nc1,32,0,19,0.38232421875,0,-534494.2385773982,-498853.89414065,-35656.322326757814,368.4588967980543,
19033,1nc1,33,0,19,0.38232421875,0,-534512.7493324454,-498853.89414065,-35651.6047070854,-167.20014945127818,
19034,1nc1,34,0,19,0.38232421875,0,-534497.5976973647,-498853.89414065,-35657.7336843991,323.5424305345445,
19035,1nc1,35,0,19,0.38232421875,0,-534494.6764914865,-498853.89414065,-35656.22743112674,356.1720127808975,
19036,1nc1,36,0,19,0.38232421875,0,-534510.7114272887,-498853.89414065,-35657.858447261955,24.009734351522557,
19037,1nc1,37,0,19,0.38232421875,0,-534510.8417190636,-498853.89414065,-35655.81419650552,-26.13640770136631,
19038,1nc1,38,0,19,0.38232421875,0,-534506.3500270422,-498853.89414065,-35656.2235119426,86.88350921246814,
19039,1nc1,39,0,19,0.38232421875,0,-534503.0080935383,-498853.89414065,-35655.89200059411,156.30549331690509,
19040,1nc1,40,0,19,0.38232421875,0,-534500.2002305265,-498853.89414065,-35658.01824320188,270.0886719591615,
19041,1nc1,41,0,19,0.38232421875,0,-534482.0933821376,-498853.89414065,-35657.40332449314,673.4621529986499,
19042,1nc1,42,0,19,0.38232421875,0,-534502.2848989243,-498853.89414065,-35657.86415691015,218.46176236065776,
19043,1nc1,43,0,19,0.38232421875,0,-534476.9716204578,-498853.89414065,-35658.19256509182,809.7731037676139,
19044,1nc1,44,0,19,0.38232421875,0,-534502.3391195412,-498853.89414065,-35653.29073218336,111.74572556856921,
19045,1nc1,45,0,19,0.38232421875,0,-534513.0905486073,-498853.89414065,-35658.35250438091,-19.460878787550616,
19046,1nc1,46,0,19,0.38232421875,0,-534511.1212657864,-498853.89414065,-35656.32871279952,-20.717880665212384,
19047,1nc1,47,0,19,0.38232421875,0,-534506.3156341488,-498853.89414065,-35656.32779551384,90.08146445906553,
19048,1nc1,48,0,19,0.38232421875,0,-534501.8235508378,-498853.89414065,-35656.25165689823,191.91556832369778,
19049,1nc1,49,0,19,0.38232421875,0,-534511.6420520272,-498853.89414065,-35658.740652837725,22.893161934576543,
19050,1nc1,50,0,19,0.38232421875,0,-534487.3056466307,-498853.89414065,-35656.74663866398,538.1209433764067,
19051,1nc1,51,0,19,0.38232421875,0,-534509.0040151948,-498853.89414065,-35656.22911445138,25.810285398710477,
19052,1nc1,52,0,19,0.38232421875,0,-534501.8725872363,-498853.89414065,-35658.54536534187,243.6789353840485,
19053,1nc1,53,0,19,0.38232421875,0,-534507.3388506051,-498853.89414065,-35655.881553240986,56.19494115049394,
19054,1nc1,54,0,19,0.38232421875,0,-534513.4792663779,-498853.89414065,-35658.200087347,-31.93974382924101,
19055,1nc1,55,0,19,0.38232421875,0,-534491.4475978786,-498853.89414065,-35656.367129513,433.85358958297246,
19056,1nc1,56,0,19,0.38232421875,0,-534498.2360519344,-498853.89414065,-35656.98767203924,291.61817074096547,
19057,1nc1,57,0,19,0.38232421875,0,-534487.1391127879,-498853.89414065,-35650.64453292725,401.24340381428163,
19058,1nc1,58,0,19,0.38232421875,0,-534501.7632658655,-498853.89414065,-35658.45011288759,244.00337230722292,
19059,1nc1,59,0,19,0.38232421875,0,-534509.4272369766,-498853.89414065,-35658.54427153697,69.43934996576897,
19060,1nc1,60,0,19,0.38232421875,0,-534507.6720741268,-498853.89414065,-35656.703048833515,67.45476259397597,
19061,1nc1,61,0,19,0.38232421875,0,-534509.8039539034,-498853.89414065,-35658.106070318194,50.64689109139045,
19062,1nc1,62,0,19,0.38232421875,0,-534479.0451469894,-498853.89414065,-35634.07902140257,205.8849183964944,
19063,1nc1,63,0,19,0.38232421875,0,-534483.7263385231,-498853.89414065,-35656.749272593166,620.7224890425117,
19064,1nc1,64,0,19,0.38232421875,0,-534502.7238653328,-498853.89414065,-35658.934531875755,233.022389592645,
19065,1nc1,65,0,19,0.38232421875,0,-534506.9070345785,-498853.89414065,-35659.05052436223,139.23106540053956,
19066,1nc1,66,0,19,0.38232421875,0,-534493.6345036054,-498853.89414065,-35658.535409876014,433.4240784908219,
19067,1nc1,67,0,19,0.38232421875,0,-534495.0527791405,-498853.89414065,-35658.67881805536,404.024938855669,
19068,1nc1,68,0,19,0.38232421875,0,-534509.9128773685,-498853.89414065,-35658.91198519697,66.71989492339269,
19069,1nc1,69,0,19,0.38232421875,0,-534485.3809666659,-498853.89414065,-35658.95556823251,633.4442437324032,
19070,1nc1,70,0,19,0.38232421875,0,-534506.2545991564,-498853.89414065,-35658.958048351975,152.14403619962775,
19071,1nc1,71,0,19,0.38232421875,0,-534511.1204225445,-498853.89414065,-35658.987887748386,40.6235960511894,
19072,1nc1,72,0,19,0.38232421875,0,-534512.7888418908,-498853.89414065,-35658.738043256904,-3.6126189297257154,
19073,1nc1,73,0,19,0.38232421875,0,-534507.8819329615,-498853.89414065,-35658.66149170038,107.7780683026327,
19074,1nc1,74,0,19,0.38232421875,0,-534504.7659973378,-498853.89414065,-35658.51294691202,176.20772659455181,
19075,1nc1,75,0,19,0.38232421875,0,-534511.7621529425,-498853.89414065,-35659.04391396877,27.11693685014562,
19076,1nc1,76,0,19,0.38232421875,0,-534504.8080295201,-498853.89414065,-35658.764403053494,181.0371578211498,
19077,1nc1,77,0,19,0.38232421875,0,-534510.5439340945,-498853.89414065,-35658.76846388814,48.857701103056925,
19078,1nc1,78,0,19,0.38232421875,0,-534508.4690753544,-498853.89414065,-35659.06616310117,103.57018726181512,
19079,1nc1,79,0,19,0.38232421875,0,-534512.1717859978,-498853.89414065,-35658.959052749844,15.713627986637631,
19080,1nc1,80,0,19,0.38232421875,0,-534503.8728693599,-498853.89414065,-35658.833291598465,204.1910710105773,
19081,1nc1,81,0,19,0.38232421875,0,-534477.2655622835,-498853.89414065,-35659.00890026328,821.8197805055888,
19082,1nc1,82,0,19,0.38232421875,0,-534511.119239318,-498853.89414065,-35658.60424364445,31.803838695713676,
19083,1nc1,83,0,19,0.38232421875,0,-534512.2914579087,-498853.89414065,-35658.94507036438,12.631486692954581,
19084,1nc1,84,0,19,0.38232421875,0,-534516.6332089478,-498853.89414065,-35659.03165597549,-85.4949591875494,
19085,1nc1,85,0,19,0.38232421875,0,-534516.2917151775,-498853.89414065,-35659.21472395298,-73.39827791096472,
19086,1nc1,86,0,19,0.38232421875,0,-534492.3339952703,-498853.89414065,-35658.6962862694,467.12441092133184,
19087,1nc1,87,0,19,0.38232421875,0,-534505.9207939977,-498853.89414065,-35658.8008499228,156.21668413388235,
19088,1nc1,88,0,19,0.38232421875,0,-534511.8329591479,-498853.89414065,-35658.53555054304,13.760967869643629,
19089,1nc1,89,0,19,0.38232421875,0,-534510.537524941,-498853.89414065,-35658.9112296485,52.297756338214626,
19090,1nc1,90,0,19,0.38232421875,0,-534512.4257099803,-498853.89414065,-35658.739628144474,4.797950235556179,
19091,1nc1,91,0,19,0.38232421875,0,-534511.2247180814,-498853.89414065,-35658.990154930325,38.270766292087195,
19092,1nc1,92,0,19,0.38232421875,0,-534513.1564611818,-498853.89414065,-35659.06250167725,-4.607932253426264,
19093,1nc1,93,0,19,0.38232421875,0,-534509.0930640871,-498853.89414065,-35658.45406592724,75.06536908934001,
19094,1nc1,94,0,19,0.38232421875,0,-534510.9378188128,-498853.89414065,-35658.67827636835,37.69473010309736,
19095,1nc1,95,0,19,0.38232421875,0,-534512.0589765186,-498853.89414065,-35658.59423575637,9.902196650868587,
19096,1nc1,96,0,19,0.38232421875,0,-534511.219261783,-498853.89414065,-35658.39862186548,24.755514988821897,
19097,1nc1,97,0,19,0.38232421875,0,-534511.3244429106,-498853.89414065,-35658.51123390427,24.92687587001627,
19098,1nc1,98,0,19,0.38232421875,0,-534511.7903995687,-498853.89414065,-35658.46233327028,13.053984659375034,
19099,1nc1,99,0,19,0.38232421875,0,-534511.7934151465,-498853.89414065,-35658.54706598153,14.938426524030884,
19100,1nc1,100,0,19,0.38232421875,0,-534507.7700196678,-498853.89414065,-35658.307929851915,102.20552024759711,
20001,3ivg,1,0,20,0.379638671875,-1,-545988.9970649546,-498853.89414065,-47137.85297097707,63.417582826688665,
20002,3ivg,2,0,20,0.379638671875,-1,-545988.631981886,-498853.89414065,-47138.378371146275,83.95261412474439,
20003,3ivg,3,0,20,0.379638671875,-1,-545966.7728274376,-498853.89414065,-47138.12159014189,582.1151801848853,
20004,3ivg,4,0,20,0.379638671875,-1,-545988.995777419,-498853.89414065,-47138.4030970603,76.13348295931296,
20005,3ivg,5,0,20,0.379638671875,-1,-545990.3533686316,-498853.89414065,-47137.834690388976,31.71891663521141,
20006,3ivg,6,0,20,0.379638671875,-1,-545971.9179002558,-498853.89414065,-47137.98720161689,460.36790936117256,
20007,3ivg,7,0,20,0.379638671875,-1,-545988.2247507335,-498853.89414065,-47138.25399695033,90.47545050107507,
20008,3ivg,8,0,20,0.379638671875,-1,-545963.9403622654,-498853.89414065,-47137.88109525734,641.8874349779198,
20009,3ivg,9,0,20,0.379638671875,-1,-545970.2168044066,-498853.89414065,-47138.137149345814,503.05398833015033,
20010,3ivg,10,0,20,0.379638671875,-1,-545978.7761067217,-498853.89414065,-47137.61096822168,293.5377629149798,
20011,3ivg,11,0,20,0.379638671875,-1,-545986.2464250242,-498853.89414065,-47138.07900201225,132.06124600382302,
20012,3ivg,12,0,20,0.379638671875,-1,-545930.4067754059,-498853.89414065,-47137.9685556337,1417.207202877937,
20013,3ivg,13,0,20,0.379638671875,-1,-545945.7487127101,-498853.89414065,-47137.14987458543,1044.5344903875632,
20014,3ivg,14,0,20,0.379638671875,-1,-545965.5970533555,-498853.89414065,-47137.21736026998,588.377138431446,
20015,3ivg,15,0,20,0.379638671875,-1,-545991.2070711761,-498853.89414065,-47138.40365278603,25.152652843796,
20016,3ivg,16,0,20,0.379638671875,-1,-545985.6178443788,-498853.89414065,-47138.29440934839,151.52407122113016,
20017,3ivg,17,0,20,0.379638671875,-1,-545990.6059762598,-498853.89414065,-47138.21261521125,34.60879978221792,
20018,3ivg,18,0,20,0.379638671875,-1,-545987.3951645112,-498853.89414065,-47137.45648060809,91.2149995042184,
20019,3ivg,19,0,20,0.379638671875,-1,-545982.2732442827,-498853.89414065,-47137.76748509401,216.50121974057348,
20020,3ivg,20,0,20,0.379638671875,-1,-545985.0329560546,-498853.89414065,-47137.089933262,137.2360379972996,
20021,3ivg,21,0,20,0.379638671875,-1,-545989.1183437919,-498853.89414065,-47137.24156029218,46.521361054845755,
20022,3ivg,22,0,20,0.379638671875,-1,-545990.9728291541,-498853.89414065,-47138.054338981165,22.49903449194261,
20023,3ivg,23,0,20,0.379638671875,-1,-545989.641155145,-498853.89414065,-47137.66892887348,44.320398450775556,
20024,3ivg,24,0,20,0.379638671875,-1,-545991.199052444,-498853.89414065,-47138.25076515669,21.811896711889133,
20025,3ivg,25,0,20,0.379638671875,-1,-545986.9784999999,-498853.89414065,-47135.58728773588,57.71889976243648,
20026,3ivg,26,0,20,0.379638671875,-1,-545984.7524937899,-498853.89414065,-47137.31003887649,148.77940751689718,
20027,3ivg,27,0,20,0.379638671875,-1,-545983.504738978,-498853.89414065,-47128.37928524309,-28.394754288965252,
20028,3ivg,28,0,20,0.379638671875,-1,-545988.6517171623,-498853.89414065,-47137.19339107608,56.17121825342955,
20029,3ivg,29,0,20,0.379638671875,-1,-545990.1592837637,-498853.89414065,-47137.74461494082,34.117430832568715,
20030,3ivg,30,0,20,0.379638671875,-1,-545990.9266841328,-498853.89414065,-47138.18298555608,26.529824457605585,
20031,3ivg,31,0,20,0.379638671875,-1,-545977.0045913669,-498853.89414065,-47137.68176394397,336.02246562858244,
20032,3ivg,32,0,20,0.379638671875,-1,-545960.5290474055,-498853.89414065,-47137.71879101244,716.8113996693264,
20033,3ivg,33,0,20,0.379638671875,-1,-545971.0344006927,-498853.89414065,-47121.07161767477,90.65926071397821,
20034,3ivg,34,0,20,0.379638671875,-1,-545984.825220874,-498853.89414065,-47130.5874007761,-7.925436347837833,
20035,3ivg,35,0,20,0.379638671875,-1,-545970.0604509027,-498853.89414065,-47137.39139020884,489.4619715377145,
20036,3ivg,36,0,20,0.379638671875,-1,-545980.7341788319,-498853.89414065,-47137.33321146367,241.97832435875716,
20037,3ivg,37,0,20,0.379638671875,-1,-545970.3200935042,-498853.89414065,-47135.85968848759,448.1525901022948,
20038,3ivg,38,0,20,0.379638671875,-1,-545993.8635099445,-498853.89414065,-47137.8837945282,-48.09449665328398,
20039,3ivg,39,0,20,0.379638671875,-1,-545957.9953213846,-498853.89414065,-47138.02659269863,782.3385852691707,
20040,3ivg,40,0,20,0.379638671875,-1,-545980.4139003514,-498853.89414065,-47116.60172946448,-228.71521066386194,
20041,3ivg,41,0,20,0.379638671875,-1,-545984.2967905318,-498853.89414065,-47137.74525481158,169.3244921836394,
20042,3ivg,42,0,20,0.379638671875,-1,-545970.1684411679,-498853.89414065,-47128.475633369526,281.36941982171913,
20043,3ivg,43,0,20,0.379638671875,-1,-545990.8976040842,-498853.89414065,-47138.158427905975,26.634113443345523,
20044,3ivg,44,0,20,0.379638671875,-1,-545974.7786430029,-498853.89414065,-47137.844629208346,391.10981656440845,
20045,3ivg,45,0,20,0.379638671875,-1,-545975.8869006252,-498853.89414065,-47137.376852077185,354.76559174852696,
20046,3ivg,46,0,20,0.379638671875,-1,-545947.3797389333,-498853.89414065,-47137.09145125444,1005.574858136017,
20047,3ivg,47,0,20,0.379638671875,-1,-545987.815045557,-498853.89414065,-47137.64105295086,85.78865190258061,
20048,3ivg,48,0,20,0.379638671875,-1,-545975.1169177948,-498853.89414065,-47136.968830969905,363.1126273771315,
20049,3ivg,49,0,20,0.379638671875,-1,-545986.0723946905,-498853.89414065,-47137.7930895842,129.48118361697027,
20050,3ivg,50,0,20,0.379638671875,-1,-545987.3242946629,-498853.89414065,-47137.193483215524,86.78443307892923,
20051,3ivg,51,0,20,0.379638671875,-1,-545982.9357636189,-498853.89414065,-47125.65902384439,-78.00458890291546,
20052,3ivg,52,0,20,0.379638671875,-1,-545951.8341237663,-498853.89414065,-47127.3054193675,677.1830472380158,
20053,3ivg,53,0,20,0.379638671875,-1,-545988.4797296738,-498853.89414065,-47137.05468606645,56.938730449694035,
20054,3ivg,54,0,20,0.379638671875,-1,-545964.0164114445,-498853.89414065,-47137.802709889365,638.3260897190529,
20055,3ivg,55,0,20,0.379638671875,-1,-545954.802625901,-498853.89414065,-47137.80649332398,850.8882800225651,
20056,3ivg,56,0,20,0.379638671875,-1,-545960.5069848208,-498853.89414065,-47138.00605438346,723.9446256651368,
20057,3ivg,57,0,20,0.379638671875,-1,-545961.5875467571,-498853.89414065,-47137.93142733419,697.3053348110227,
20058,3ivg,58,0,20,0.379638671875,-1,-545983.630319959,-498853.89414065,-47138.02744468744,191.2011218352972,
20059,3ivg,59,0,20,0.379638671875,-1,-545988.3473710929,-498853.89414065,-47137.74653143877,75.94532513610878,
20060,3ivg,60,0,20,0.379638671875,-1,-545971.1970600097,-498853.89414065,-47137.995434012984,477.18072389777683,
20061,3ivg,61,0,20,0.379638671875,-1,-545973.8798102504,-498853.89414065,-47137.675583054996,407.9390953399052,
20062,3ivg,62,0,20,0.379638671875,-1,-545992.34555637,-498853.89414065,-47138.15385715361,-6.861863552433885,
20063,3ivg,63,0,20,0.379638671875,-1,-545989.2738735887,-498853.89414065,-47137.832189691006,56.55499624003737,
20064,3ivg,64,0,20,0.379638671875,-1,-545991.9377605823,-498853.89414065,-47138.027550441,-0.3705712730562615,
20065,3ivg,65,0,20,0.379638671875,-1,-545988.8575443095,-498853.89414065,-47138.02545438403,70.61256719354682,
20066,3ivg,66,0,20,0.379638671875,-1,-545982.559141091,-498853.89414065,-47138.00505058167,215.386673010191,
20067,3ivg,67,0,20,0.379638671875,-1,-545992.4231447786,-498853.89414065,-47137.89859547915,-14.537568813292262,
20068,3ivg,68,0,20,0.379638671875,-1,-545991.1020376893,-498853.89414065,-47137.649019908844,10.17253503218305,
20069,3ivg,69,0,20,0.379638671875,-1,-545988.2370614475,-498853.89414065,-47137.62449352139,75.67486475964117,
20070,3ivg,70,0,20,0.379638671875,-1,-545988.7095632171,-498853.89414065,-47136.89996942577,48.07079253886338,
20071,3ivg,71,0,20,0.379638671875,-1,-545985.5356487846,-498853.89414065,-47137.557964143096,136.4367167715382,
20072,3ivg,72,0,20,0.379638671875,-1,-545989.9902574329,-498853.89414065,-47137.67704544658,36.457081065074675,
20073,3ivg,73,0,20,0.379638671875,-1,-545986.6457183128,-498853.89414065,-47137.51012713903,109.73475780033384,
20074,3ivg,74,0,20,0.379638671875,-1,-545989.5124909347,-498853.89414065,-47137.95680769463,53.92610895161946,
20075,3ivg,75,0,20,0.379638671875,-1,-545961.8370849699,-498853.89414065,-47137.95853577809,692.1759824867928,
20076,3ivg,76,0,20,0.379638671875,-1,-545970.9268523364,-498853.89414065,-47137.036177959984,461.2908907803537,
20077,3ivg,77,0,20,0.379638671875,-1,-545976.9886621895,-498853.89414065,-47138.29710058564,350.57980124314383,
20078,3ivg,78,0,20,0.379638671875,-1,-545986.9303964884,-498853.89414065,-47137.89567078347,112.06077076950798,
20079,3ivg,79,0,20,0.379638671875,-1,-545962.8394545228,-498853.89414065,-47137.691356164156,662.8994832001705,
20080,3ivg,80,0,20,0.379638671875,-1,-545986.0396193472,-498853.89414065,-47137.850425136065,131.5591902244956,
20081,3ivg,81,0,20,0.379638671875,-1,-545985.1610707259,-498853.89414065,-47137.41280744666,141.7272990697814,
20082,3ivg,82,0,20,0.379638671875,-1,-545986.8601072347,-498853.89414065,-47137.54205563734,105.52712047599324,
20083,3ivg,83,0,20,0.379638671875,-1,-545990.4767153325,-498853.89414065,-47137.842155885635,29.0466325817995,
20084,3ivg,84,0,20,0.379638671875,-1,-545981.3059925941,-498853.89414065,-47137.6435867965,235.94941095367219,
20085,3ivg,85,0,20,0.379638671875,-1,-545984.900058738,-498853.89414065,-47137.83770747179,157.54480585440686,
20086,3ivg,86,0,20,0.379638671875,-1,-545983.7266192947,-498853.89414065,-47138.1554931819,191.9332748291972,
20087,3ivg,87,0,20,0.379638671875,-1,-545990.5762138873,-498853.89414065,-47137.93697635533,28.938753375822913,
20088,3ivg,88,0,20,0.379638671875,-1,-545991.5531764238,-498853.89414065,-47137.59161595696,-1.55473791033892,
20089,3ivg,89,0,20,0.379638671875,-1,-545988.7526118523,-498853.89414065,-47138.273902487694,78.76171652001432,
20090,3ivg,90,0,20,0.379638671875,-1,-545970.191051385,-498853.89414065,-47138.05332982985,501.7149431592069,
20091,3ivg,91,0,20,0.379638671875,-1,-545973.6432185083,-498853.89414065,-47138.28918458217,427.54501788959794,
20092,3ivg,92,0,20,0.379638671875,-1,-545976.6633816271,-498853.89414065,-47137.74419572645,345.33066025954287,
20093,3ivg,93,0,20,0.379638671875,-1,-545978.5211925125,-498853.89414065,-47138.04533417219,309.43294100775023,
20094,3ivg,94,0,20,0.379638671875,-1,-545974.0714762568,-498853.89414065,-47137.97383966739,410.39713310642213,
20095,3ivg,95,0,20,0.379638671875,-1,-545990.734509191,-498853.89414065,-47137.74868353152,20.946241283819397,
20096,3ivg,96,0,20,0.379638671875,-1,-545982.334916374,-498853.89414065,-47138.09540815348,222.64111292814874,
20097,3ivg,97,0,20,0.379638671875,-1,-545989.3895876916,-498853.89414065,-47137.581308078705,48.10109821322269,
20098,3ivg,98,0,20,0.379638671875,-1,-545992.5325669558,-498853.89414065,-47138.0001139536,-14.71983252834364,
20099,3ivg,99,0,20,0.379638671875,-1,-545989.8131686958,-498853.89414065,-47137.53607807749,37.29005960073786,
20100,3ivg,100,0,20,0.379638671875,-1,-545991.3166112511,-498853.89414065,-47137.90590990779,11.14837525517589,
