mol_id,ligand_pdb,pose_index,label,ligunity_rank,ligunity_score,formal_charge,aimnet_complex_eV,aimnet_pocket_eV,aimnet_ligand_eV,aimnet_interaction_kcal_mol,error
1001,3gc5,1,1,1,0.9150390625,1,-659177.0023740517,-633995.6701188497,-25194.603799832526,306.0490897385345,
1002,3gc5,2,1,1,0.9150390625,1,-659180.8972094348,-633995.6701188497,-25194.253858563974,208.16221473398176,
1003,3gc5,3,1,1,0.9150390625,1,-659186.2069803765,-633995.6701188497,-25194.25561889775,85.75658222373696,
1004,3gc5,4,1,1,0.9150390625,1,-659179.786628946,-633995.6701188497,-25194.5396657712,240.36367998844653,
1005,3gc5,5,1,1,0.9150390625,1,-659182.9533515857,-633995.6701188497,-25194.7000274933,171.035350252123,
1006,3gc5,6,1,1,0.9150390625,1,-659180.4820763757,-633995.6701188497,-25194.597792965844,225.66672622260785,
1007,3gc5,7,1,1,0.9150390625,1,-659181.0069374731,-633995.6701188497,-25194.587350694015,213.32233727409917,
1008,3gc5,8,1,1,0.9150390625,1,-659187.4776853465,-633995.6701188497,-25194.587672007754,64.11075611006623,
1009,3gc5,9,1,1,0.9150390625,1,-659183.8964842395,-633995.6701188497,-25194.703527358834,149.36690339430112,
1010,3gc5,10,1,1,0.9150390625,1,-659165.453300505,-633995.6701188497,-25194.706385431364,574.742732772011,
1011,3gc5,11,1,1,0.9150390625,1,-659177.1255110791,-633995.6701188497,-25194.54046419032,301.74892782253227,
1012,3gc5,12,1,1,0.9150390625,1,-659174.9112457327,-633995.6701188497,-25194.697354731634,356.42908158528604,
1013,3gc5,13,1,1,0.9150390625,1,-659167.4439547197,-633995.6701188497,-25194.5857106424,526.0543292956966,
1014,3gc5,14,1,1,0.9150390625,1,-659184.6631129078,-633995.6701188497,-25194.53899410136,127.89379926708123,
1015,3gc5,15,1,1,0.9150390625,1,-659165.3818210205,-633995.6701188497,-25194.5865805573,573.6283228131617,
1016,3gc5,16,1,1,0.9150390625,1,-659184.7135435634,-633995.6701188497,-25194.59842054315,128.10124702485493,
1017,3gc5,17,1,1,0.9150390625,1,-659184.0153669999,-633995.6701188497,-25194.41253772146,139.91502136083528,
1018,3gc5,18,1,1,0.9150390625,1,-659190.0578843048,-633995.6701188497,-25194.53318463035,3.35344584724426,
1019,3gc5,19,1,1,0.9150390625,1,-659163.1725804796,-633995.6701188497,-25194.24709161885,616.7458190719433,
1020,3gc5,20,1,1,0.9150390625,1,-659182.3958102309,-633995.6701188497,-25194.5338410116,180.06020802173447,
1021,3gc5,21,1,1,0.9150390625,1,-659180.7484444366,-633995.6701188497,-25194.245748666588,211.40579841360898,
1022,3gc5,22,1,1,0.9150390625,1,-659186.1425428679,-633995.6701188497,-25194.24540310867,87.00696477980357,
1023,3gc5,23,1,1,0.9150390625,1,-659184.3877001544,-633995.6701188497,-25194.733053085878,138.7200747330988,
1024,3gc5,24,1,1,0.9150390625,1,-659174.843759089,-633995.6701188497,-25194.601497990563,355.77485159732714,
1025,3gc5,25,1,1,0.9150390625,1,-659181.4115968035,-633995.6701188497,-25194.70397889382,206.68018161078137,
1026,3gc5,26,1,1,0.9150390625,1,-659181.9416941842,-633995.6701188497,-25194.253489670828,184.06731733320245,
1027,3gc5,27,1,1,0.9150390625,1,-659177.4469914129,-633995.6701188497,-25194.7028556443,298.0802511000386,
1028,3gc5,28,1,1,0.9150390625,1,-659166.3999799334,-633995.6701188497,-25194.602500615194,550.5161457597588,
1029,3gc5,29,1,1,0.9150390625,1,-659192.0294619339,-633995.6701188497,-25194.412928400103,-44.88538891986065,
1030,3gc5,30,1,1,0.9150390625,1,-659190.1218507878,-633995.6701188497,-25194.251697329357,-4.612907661636876,
1031,3gc5,31,1,1,0.9150390625,1,-659157.8189160516,-633995.6701188497,-25194.538455871418,746.9232729652819,
1032,3gc5,32,1,1,0.9150390625,1,-659175.9590604,-633995.6701188497,-25194.699446735456,332.3141440856445,
1033,3gc5,33,1,1,0.9150390625,1,-659180.0497157859,-633995.6701188497,-25194.542573464576,234.36380633482852,
1034,3gc5,34,1,1,0.9150390625,1,-659164.6951392135,-633995.6701188497,-25194.537319747284,588.3276002032649,
1035,3gc5,35,1,1,0.9150390625,1,-659176.7732517114,-633995.6701188497,-25194.25615951188,303.31600018462643,
1036,3gc5,36,1,1,0.9150390625,1,-659189.7360429012,-633995.6701188497,-25194.40642091401,7.852044185199339,
1037,3gc5,37,1,1,0.9150390625,1,-659187.7610669271,-633995.6701188497,-25194.25557464129,49.917474412394185,
1038,3gc5,38,1,1,0.9150390625,1,-659185.7774962328,-633995.6701188497,-25194.739615527466,106.8219492922716,
1039,3gc5,39,1,1,0.9150390625,1,-659180.1075968137,-633995.6701188497,-25194.536029545143,232.8781317574574,
1040,3gc5,40,1,1,0.9150390625,1,-659175.8988084339,-633995.6701188497,-25194.25427675016,323.4377236935801,
1041,3gc5,41,1,1,0.9150390625,1,-659190.3376217174,-633995.6701188497,-25194.732422975365,1.497093249359035,
1042,3gc5,42,1,1,0.9150390625,1,-659188.0029092273,-633995.6701188497,-25194.600298968628,52.28999032088877,
1043,3gc5,43,1,1,0.9150390625,1,-659177.8965159794,-633995.6701188497,-25194.602186737135,285.3924881837612,
1044,3gc5,44,1,1,0.9150390625,1,-659174.317954316,-633995.6701188497,-25194.602438164427,367.92187863840843,
1045,3gc5,45,1,1,0.9150390625,1,-659189.289735003,-633995.6701188497,-25194.699696598116,24.90724675858164,
1046,3gc5,46,1,1,0.9150390625,1,-659187.2795711895,-633995.6701188497,-25194.251685885265,60.931353054388204,
1047,3gc5,47,1,1,0.9150390625,1,-659172.5418325504,-633995.6701188497,-25194.5829168237,408.43004675564305,
1048,3gc5,48,1,1,0.9150390625,1,-659189.3331847183,-633995.6701188497,-25194.53095048435,20.013894694198054,
1049,3gc5,49,1,1,0.9150390625,1,-659183.9330861109,-633995.6701188497,-25194.408894774977,141.72845539643464,
1050,3gc5,50,1,1,0.9150390625,1,-659187.6424486926,-633995.6701188497,-25194.41357728608,56.29650343077589,
1051,3gc5,51,1,1,0.9150390625,1,-659164.6838699421,-633995.6701188497,-25194.704027620628,592.4318506617952,
1052,3gc5,52,1,1,0.9150390625,1,-659190.9387958937,-633995.6701188497,-25194.698297945335,-13.153254485456918,
1053,3gc5,53,1,1,0.9150390625,1,-659180.702078371,-633995.6701188497,-25194.60074597365,220.6614576669004,
1054,3gc5,54,1,1,0.9150390625,1,-659176.6180451503,-633995.6701188497,-25194.531346661523,313.24111493696995,
1055,3gc5,55,1,1,0.9150390625,1,-659180.3993526092,-633995.6701188497,-25194.526638624742,225.93352351188574,
1056,3gc5,56,1,1,0.9150390625,1,-659186.9809252762,-633995.6701188497,-25194.737343100383,79.01781286255525,
1057,3gc5,57,1,1,0.9150390625,1,-659181.0056128489,-633995.6701188497,-25194.407934216324,209.2154415677874,
1058,3gc5,58,1,1,0.9150390625,1,-659173.3107867232,-633995.6701188497,-25194.536544171646,389.6281635151185,
1059,3gc5,59,1,1,0.9150390625,1,-659182.802566736,-633995.6701188497,-25194.40862902768,167.792723235466,
1060,3gc5,60,1,1,0.9150390625,1,-659177.0015926503,-633995.6701188497,-25194.540625316575,304.6102703363393,
1061,3gc5,61,1,1,0.9150390625,1,-659182.6894445556,-633995.6701188497,-25194.58893583483,174.55935643897428,
1062,3gc5,62,1,1,0.9150390625,1,-659170.9108914277,-633995.6701188497,-25194.70097040899,448.76282287638827,
1063,3gc5,63,1,1,0.9150390625,1,-659184.5499397805,-633995.6701188497,-25194.59762109585,131.85560419272775,
1064,3gc5,64,1,1,0.9150390625,1,-659183.063808202,-633995.6701188497,-25194.601882470324,166.22488217006284,
1065,3gc5,65,1,1,0.9150390625,1,-659187.8817358897,-633995.6701188497,-25194.699313250843,57.36763745861047,
1066,3gc5,66,1,1,0.9150390625,1,-659184.8346004775,-633995.6701188497,-25194.534507719352,123.83574353695703,
1067,3gc5,67,1,1,0.9150390625,1,-659184.8740257611,-633995.6701188497,-25194.70033737786,126.75069766890535,
1068,3gc5,68,1,1,0.9150390625,1,-659175.3101825856,-633995.6701188497,-25194.600932968333,345.0058405224031,
1069,3gc5,69,1,1,0.9150390625,1,-659186.8886320578,-633995.6701188497,-25194.53877456254,76.5670457744277,
1070,3gc5,70,1,1,0.9150390625,1,-659184.6515105804,-633995.6701188497,-25194.25390469797,121.58703746884609,
1071,3gc5,71,1,1,0.9150390625,1,-659183.3599391421,-633995.6701188497,-25194.24355441101,151.13269911119798,
1072,3gc5,72,1,1,0.9150390625,1,-659161.333264991,-633995.6701188497,-25194.532410380914,665.7410488342963,
1073,3gc5,73,1,1,0.9150390625,1,-659173.8057804095,-633995.6701188497,-25194.24693184859,371.5347191075409,
1074,3gc5,74,1,1,0.9150390625,1,-659157.1827749303,-633995.6701188497,-25194.533284304216,761.4737765492494,
1075,3gc5,75,1,1,0.9150390625,1,-659180.2964044353,-633995.6701188497,-25194.53953845568,228.60504196807216,
1076,3gc5,76,1,1,0.9150390625,1,-659191.9103800498,-633995.6701188497,-25194.52929778166,-39.455753747749306,
1077,3gc5,77,1,1,0.9150390625,1,-659184.0043604212,-633995.6701188497,-25194.25380101568,136.5082836989749,
1078,3gc5,78,1,1,0.9150390625,1,-659168.4358622422,-633995.6701188497,-25194.52790133424,501.84728411254093,
1079,3gc5,79,1,1,0.9150390625,1,-659190.6362045398,-633995.6701188497,-25194.25505783923,-16.39669176329958,
1080,3gc5,80,1,1,0.9150390625,1,-659189.7119680636,-633995.6701188497,-25194.59850382574,12.836760301781048,
1081,3gc5,81,1,1,0.9150390625,1,-659186.8606873439,-633995.6701188497,-25194.165665609304,68.6073693248575,
1082,3gc5,82,1,1,0.9150390625,1,-659174.8440259537,-633995.6701188497,-25194.284928170517,348.4684240750909,
1083,3gc5,83,1,1,0.9150390625,1,-659176.4871769687,-633995.6701188497,-25193.954784838035,302.96317539010874,
1084,3gc5,84,1,1,0.9150390625,1,-659193.2230287187,-633995.6701188497,-25194.426170153096,-72.10433077255323,
1085,3gc5,85,1,1,0.9150390625,1,-659188.4544018494,-633995.6701188497,-25194.311016989413,35.207322194528224,
1086,3gc5,86,1,1,0.9150390625,1,-659179.9344200186,-633995.6701188497,-25194.265238431766,230.6270921025273,
1087,3gc5,87,1,1,0.9150390625,1,-659180.5710380962,-633995.6701188497,-25193.83522826202,206.03006038626117,
1088,3gc5,88,1,1,0.9150390625,1,-659189.2915769808,-633995.6701188497,-25194.111946371868,11.310927536087249,
1089,3gc5,89,1,1,0.9150390625,1,-659185.0747311399,-633995.6701188497,-25193.701419112745,99.08671925007224,
1090,3gc5,90,1,1,0.9150390625,1,-659189.4430803946,-633995.6701188497,-25194.23158249028,10.576050246578236,
1091,3gc5,91,1,1,0.9150390625,1,-659190.8737660637,-633995.6701188497,-25193.717458752468,-34.27232010220097,
1092,3gc5,92,1,1,0.9150390625,1,-659177.633202254,-633995.6701188497,-25194.08840763338,279.6166193479829,
1093,3gc5,93,1,1,0.9150390625,1,-659189.9583881187,-633995.6701188497,-25194.1989315725,-2.060176221611666,
1094,3gc5,94,1,1,0.9150390625,1,-659187.442896544,-633995.6701188497,-25194.246656624153,57.04900338955116,
1095,3gc5,95,1,1,0.9150390625,1,-659187.9733141651,-633995.6701188497,-25193.938651678636,37.714519688995495,
1096,3gc5,96,1,1,0.9150390625,1,-659193.8692295693,-633995.6701188497,-25194.29038992293,-90.1372428883003,
1097,3gc5,97,1,1,0.9150390625,1,-659186.2216539668,-633995.6701188497,-25194.350043801132,87.59569119336608,
1098,3gc5,98,1,1,0.9150390625,1,-659188.0822227886,-633995.6701188497,-25194.310129014328,43.769498036303155,
1099,3gc5,99,1,1,0.9150390625,1,-659177.074056237,-633995.6701188497,-25193.88594966896,287.8420412440135,
1100,3gc5,100,1,1,0.9150390625,1,-659188.3480606668,-633995.6701188497,-25193.616928962543,21.65355798001823,
2001,3ge7,1,1,2,0.9150390625,1,-665598.9380275594,-633995.6701188497,-31598.04815247334,-120.37043835287511,
2002,3ge7,2,1,2,0.9150390625,1,-665582.9274711742,-633995.6701188497,-31597.58053998326,238.0583627707941,
2003,3ge7,3,1,2,0.9150390625,1,-665579.0772376637,-633995.6701188497,-31598.404593017465,345.84997120864597,
2004,3ge7,4,1,2,0.9150390625,1,-665588.8909107579,-633995.6701188497,-31597.83023926295,106.2963811965771,
2005,3ge7,5,1,2,0.9150390625,1,-665595.2798226165,-633995.6701188497,-31597.914303269754,-39.09686425336053,
2006,3ge7,6,1,2,0.9150390625,1,-665596.2741406991,-633995.6701188497,-31598.41095749713,-50.57326538984941,
2007,3ge7,7,1,2,0.9150390625,1,-665557.6536869387,-633995.6701188497,-31597.48024114645,818.5727268699816,
2008,3ge7,8,1,2,0.9150390625,1,-665589.2341184005,-633995.6701188497,-31598.572828110824,115.50633058458193,
2009,3ge7,9,1,2,0.9150390625,1,-665594.8472488658,-633995.6701188497,-31598.1409792719,-23.894203794831732,
2010,3ge7,10,1,2,0.9150390625,1,-665593.6268556549,-633995.6701188497,-31598.030457016575,1.70002846165181,
2011,3ge7,11,1,2,0.9150390625,1,-665575.7944601903,-633995.6701188497,-31597.80364027112,407.69431859859503,
2012,3ge7,12,1,2,0.9150390625,1,-665576.6942103191,-633995.6701188497,-31585.006157119344,91.82861538618802,
2013,3ge7,13,1,2,0.9150390625,1,-665555.1470040812,-633995.6701188497,-31596.997624639927,865.2488057695082,
2014,3ge7,14,1,2,0.9150390625,1,-665583.1781420243,-633995.6701188497,-31597.553042438398,231.6436471923908,
2015,3ge7,15,1,2,0.9150390625,1,-665593.4744437616,-633995.6701188497,-31597.449054059158,-8.192740492655266,
2016,3ge7,16,1,2,0.9150390625,1,-665584.3836854683,-633995.6701188497,-31597.56761982716,204.17931751035857,
2017,3ge7,17,1,2,0.9150390625,1,-665564.0362423046,-633995.6701188497,-31598.240237381815,688.9134331094883,
2018,3ge7,18,1,2,0.9150390625,1,-665559.1899369193,-633995.6701188497,-31598.357314404617,803.3717505342892,
2019,3ge7,19,1,2,0.9150390625,1,-665592.8776428681,-633995.6701188497,-31598.18831640161,22.61760966581176,
2020,3ge7,20,1,2,0.9150390625,1,-665574.9836176919,-633995.6701188497,-31598.067790132533,432.4842313305197,
2021,3ge7,21,1,2,0.9150390625,1,-665594.0292269277,-633995.6701188497,-31598.130431872378,-5.273398576189444,
2022,3ge7,22,1,2,0.9150390625,1,-665587.6902123375,-633995.6701188497,-31598.5553282467,150.70609374176038,
2023,3ge7,23,1,2,0.9150390625,1,-665555.4657985846,-633995.6701188497,-31597.640123691923,872.7136099940259,
2024,3ge7,24,1,2,0.9150390625,1,-665583.0839711858,-633995.6701188497,-31597.81633926607,239.8870474055872,
2025,3ge7,25,1,2,0.9150390625,1,-665585.1508669836,-633995.6701188497,-31598.211668979893,201.33981777551998,
2026,3ge7,26,1,2,0.9150390625,1,-665593.4623892439,-633995.6701188497,-31597.789662700663,-0.06013484058103128,
2027,3ge7,27,1,2,0.9150390625,1,-665567.1707524937,-633995.6701188497,-31597.660172101627,603.2532878304019,
2028,3ge7,28,1,2,0.9150390625,1,-665586.6749645456,-633995.6701188497,-31597.371067833672,146.80857010799005,
2029,3ge7,29,1,2,0.9150390625,1,-665593.085971682,-633995.6701188497,-31596.87967739306,-12.36449936126838,
2030,3ge7,30,1,2,0.9150390625,1,-665590.0140496178,-633995.6701188497,-31597.35552894746,69.44910386216945,
2031,3ge7,31,1,2,0.9150390625,1,-665596.9432194812,-633995.6701188497,-31598.290154543287,-68.78837094173416,
2032,3ge7,32,1,2,0.9150390625,1,-665579.2044152304,-633995.6701188497,-31598.526925575505,345.73824265340915,
2033,3ge7,33,1,2,0.9150390625,1,-665584.180346219,-633995.6701188497,-31597.99381619371,218.69675369212575,
2034,3ge7,34,1,2,0.9150390625,1,-665559.2214203908,-633995.6701188497,-31597.632935505877,785.9411501917782,
2035,3ge7,35,1,2,0.9150390625,1,-665584.8607492427,-633995.6701188497,-31597.98816001094,202.87585254611187,
2036,3ge7,36,1,2,0.9150390625,1,-665571.3543952837,-633995.6701188497,-31596.387786206375,477.4342773672824,
2037,3ge7,37,1,2,0.9150390625,1,-665576.2529965028,-633995.6701188497,-31597.549036797653,391.2489244555686,
2038,3ge7,38,1,2,0.9150390625,1,-665594.6796802563,-633995.6701188497,-31598.50479298509,-11.640236326770454,
2039,3ge7,39,1,2,0.9150390625,1,-665578.3435801695,-633995.6701188497,-31597.80032780073,348.8338280117638,
2040,3ge7,40,1,2,0.9150390625,1,-665598.3823826298,-633995.6701188497,-31598.400795382033,-99.42482321299934,
2041,3ge7,41,1,2,0.9150390625,1,-665591.8088204252,-633995.6701188497,-31597.230406772862,25.17531992164531,
2042,3ge7,42,1,2,0.9150390625,1,-665592.9085672332,-633995.6701188497,-31598.274029773245,23.881074170271827,
2043,3ge7,43,1,2,0.9150390625,1,-665587.4507084766,-633995.6701188497,-31598.43073939956,153.3560969138857,
2044,3ge7,44,1,2,0.9150390625,1,-665587.0674428329,-633995.6701188497,-31597.709135722886,145.55383652227954,
2045,3ge7,45,1,2,0.9150390625,1,-665585.8880024388,-633995.6701188497,-31593.936853420506,85.76148167787102,
2046,3ge7,46,1,2,0.9150390625,1,-665593.5327503068,-633995.6701188497,-31598.331499528656,10.812354591694186,
2047,3ge7,47,1,2,0.9150390625,1,-665579.4793404023,-633995.6701188497,-31597.99595774762,327.1539085863218,
2048,3ge7,48,1,2,0.9150390625,1,-665589.8795368507,-633995.6701188497,-31597.468663167725,75.15997905891557,
2049,3ge7,49,1,2,0.9150390625,1,-665576.176637812,-633995.6701188497,-31598.60170197166,417.2848332905207,
2050,3ge7,50,1,2,0.9150390625,1,-665566.9258035405,-633995.6701188497,-31595.293890428293,554.3341931721094,
2051,3ge7,51,1,2,0.9150390625,1,-665583.2717915009,-633995.6701188497,-31597.958261695272,238.82861701450847,
2052,3ge7,52,1,2,0.9150390625,1,-665578.4505142106,-633995.6701188497,-31597.252767883758,333.7408387859816,
2053,3ge7,53,1,2,0.9150390625,1,-665590.0220328706,-633995.6701188497,-31597.679189499984,76.7287953325133,
2054,3ge7,54,1,2,0.9150390625,1,-665588.5280446245,-633995.6701188497,-31597.9180410174,116.68902958131766,
2055,3ge7,55,1,2,0.9150390625,1,-665589.5515755097,-633995.6701188497,-31598.15206631697,98.48259826064907,
2056,3ge7,56,1,2,0.9150390625,1,-665587.7459277047,-633995.6701188497,-31596.560084667573,103.40985686138735,
2057,3ge7,57,1,2,0.9150390625,1,-665588.7108520401,-633995.6701188497,-31597.101062987516,93.63342949518558,
2058,3ge7,58,1,2,0.9150390625,1,-665594.5458753391,-633995.6701188497,-31597.93559072591,-21.68073755645185,
2059,3ge7,59,1,2,0.9150390625,1,-665589.0019219497,-633995.6701188497,-31598.243724283344,113.27159338986803,
2060,3ge7,60,1,2,0.9150390625,1,-665576.1966359749,-633995.6701188497,-31598.24683957971,408.6403435363478,
2061,3ge7,61,1,2,0.9150390625,1,-665587.4762963043,-633995.6701188497,-31596.84115829743,116.10941655382092,
2062,3ge7,62,1,2,0.9150390625,1,-665574.689740075,-633995.6701188497,-31593.94507945751,344.1892434576188,
2063,3ge7,63,1,2,0.9150390625,1,-665597.0012064705,-633995.6701188497,-31598.241286602384,-71.25250417256022,
2064,3ge7,64,1,2,0.9150390625,1,-665577.2667793764,-633995.6701188497,-31598.237384658823,383.7442147849179,
2065,3ge7,65,1,2,0.9150390625,1,-665583.0310117739,-633995.6701188497,-31598.43103927053,255.28363931309252,
2066,3ge7,66,1,2,0.9150390625,1,-665586.4863952978,-633995.6701188497,-31598.48440143888,176.8311631215013,
2067,3ge7,67,1,2,0.9150390625,1,-665595.3536584805,-633995.6701188497,-31598.275005471474,-32.4815693505488,
2068,3ge7,68,1,2,0.9150390625,1,-665581.2285869105,-633995.6701188497,-31597.771003071735,281.62774775276455,
2069,3ge7,69,1,2,0.9150390625,1,-665563.2861380414,-633995.6701188497,-31598.048765671025,701.7958058038915,
2070,3ge7,70,1,2,0.9150390625,1,-665577.8310432418,-633995.6701188497,-31597.78780206715,360.3643600697576,
2071,3ge7,71,1,2,0.9150390625,1,-665581.5538744909,-633995.6701188497,-31593.246235799557,169.78282584437045,
2072,3ge7,72,1,2,0.9150390625,1,-665581.3583250775,-633995.6701188497,-31597.792683538566,279.1358779911981,
2073,3ge7,73,1,2,0.9150390625,1,-665588.8443410235,-633995.6701188497,-31598.276278909812,117.65622339646791,
2074,3ge7,74,1,2,0.9150390625,1,-665544.4143177702,-633995.6701188497,-31579.286210146296,704.3155107172009,
2075,3ge7,75,1,2,0.9150390625,1,-665558.8424887786,-633995.6701188497,-31597.614158686763,794.2465170224591,
2076,3ge7,76,1,2,0.9150390625,1,-665569.0552891329,-633995.6701188497,-31597.8664933709,564.5527220220183,
2077,3ge7,77,1,2,0.9150390625,1,-665561.5904042261,-633995.6701188497,-31598.19698163546,744.3182978971153,
2078,3ge7,78,1,2,0.9150390625,1,-665588.1458098276,-633995.6701188497,-31596.313292645413,88.4971968089849,
2079,3ge7,79,1,2,0.9150390625,1,-665570.2684331517,-633995.6701188497,-31597.788126539952,534.7697742980772,
2080,3ge7,80,1,2,0.9150390625,1,-665571.0929895474,-633995.6701188497,-31595.97345083631,473.9076362337158,
2081,3ge7,81,1,2,0.9150390625,1,-665578.893229334,-633995.6701188497,-31598.489552479754,352.052515839338,
2082,3ge7,82,1,2,0.9150390625,1,-665570.6497250629,-633995.6701188497,-31597.14025831414,511.0367777322277,
2083,3ge7,83,1,2,0.9150390625,1,-665593.7273159454,-633995.6701188497,-31597.693777230154,-8.380661192259389,
2084,3ge7,84,1,2,0.9150390625,1,-665578.6033982023,-633995.6701188497,-31597.91038694657,345.38030603477347,
2085,3ge7,85,1,2,0.9150390625,1,-665587.0535141813,-633995.6701188497,-31597.554798048506,142.31592753609232,
2086,3ge7,86,1,2,0.9150390625,1,-665597.1772283597,-633995.6701188497,-31598.17927132224,-76.74177170175372,
2087,3ge7,87,1,2,0.9150390625,1,-665599.0750555972,-633995.6701188497,-31598.335005697376,-116.91538747953625,
2088,3ge7,88,1,2,0.9150390625,1,-665581.1097593887,-633995.6701188497,-31597.74100804008,283.67627364069307,
2089,3ge7,89,1,2,0.9150390625,1,-665601.2597844881,-633995.6701188497,-31598.234307941566,-169.61857797913777,
2090,3ge7,90,1,2,0.9150390625,1,-665590.3545580937,-633995.6701188497,-31598.20648762263,81.22036509754356,
2091,3ge7,91,1,2,0.9150390625,1,-665596.2488536666,-633995.6701188497,-31598.117861565715,-56.74908531326999,
2092,3ge7,92,1,2,0.9150390625,1,-665575.8308020219,-633995.6701188497,-31596.62578829802,379.69434429078586,
2093,3ge7,93,1,2,0.9150390625,1,-665598.4270947856,-633995.6701188497,-31597.720116165052,-116.15274566149806,
2094,3ge7,94,1,2,0.9150390625,1,-665594.8619824928,-633995.6701188497,-31598.538739529024,-15.061399872494933,
2095,3ge7,95,1,2,0.9150390625,1,-665566.1548665147,-633995.6701188497,-31597.93712360836,633.0668285059362,
2096,3ge7,96,1,2,0.9150390625,1,-665586.8308336124,-633995.6701188497,-31597.33212130941,142.31601585409922,
2097,3ge7,97,1,2,0.9150390625,1,-665596.8811760085,-633995.6701188497,-31597.927366357813,-75.72370877640508,
2098,3ge7,98,1,2,0.9150390625,1,-665565.2544427051,-633995.6701188497,-31598.058286186802,656.6251702717074,
2099,3ge7,99,1,2,0.9150390625,1,-665573.2021594624,-633995.6701188497,-31598.00783458776,472.1830263327733,
2100,3ge7,100,1,2,0.9150390625,1,-665600.6147311166,-633995.6701188497,-31598.284448277722,-153.5870302309429,
3001,3rr4,1,1,3,0.9150390625,0,-656572.7582907476,-633995.6701188497,-22604.916225367204,641.7301580614045,
3002,3rr4,2,1,3,0.9150390625,0,-656595.4596606445,-633995.6701188497,-22604.916174405233,118.22295652284447,
3003,3rr4,3,1,3,0.9150390625,0,-656583.5336698097,-633995.6701188497,-22604.964521580354,394.35775094137625,
3004,3rr4,4,1,3,0.9150390625,0,-656593.8341294178,-633995.6701188497,-22604.600035362855,148.41825761950915,
3005,3rr4,5,1,3,0.9150390625,0,-656600.2127516364,-633995.6701188497,-22604.591513448373,1.1272148371139359,
3006,3rr4,6,1,3,0.9150390625,0,-656591.2084514451,-633995.6701188497,-22604.518668108598,207.09145663771812,
3007,3rr4,7,1,3,0.9150390625,0,-656579.1194562119,-633995.6701188497,-22604.442971521035,484.1247046584466,
3008,3rr4,8,1,3,0.9150390625,0,-656587.442649404,-633995.6701188497,-22604.72984200062,298.80270036342034,
3009,3rr4,9,1,3,0.9150390625,0,-656588.6416511184,-633995.6701188497,-22604.6042527491,268.25690703890876,
3010,3rr4,10,1,3,0.9150390625,0,-656596.1080049378,-633995.6701188497,-22604.91594302,103.26644606776273,
3011,3rr4,11,1,3,0.9150390625,0,-656598.6254382823,-633995.6701188497,-22604.911535196916,45.11140720135903,
3012,3rr4,12,1,3,0.9150390625,0,-656588.3252715716,-633995.6701188497,-22604.517830901757,273.5598575655515,
3013,3rr4,13,1,3,0.9150390625,0,-656590.0774976109,-633995.6701188497,-22604.601535373346,235.08283614687565,
3014,3rr4,14,1,3,0.9150390625,0,-656587.5341832292,-633995.6701188497,-22604.729855411664,296.69218947645976,
3015,3rr4,15,1,3,0.9150390625,0,-656595.5257655038,-633995.6701188497,-22604.803197317735,114.09322872472721,
3016,3rr4,16,1,3,0.9150390625,0,-656585.7965683141,-633995.6701188497,-22604.732972317353,336.8344188906072,
3017,3rr4,17,1,3,0.9150390625,0,-656594.2900336479,-633995.6701188497,-22604.59668868126,137.82768000351098,
3018,3rr4,18,1,3,0.9150390625,0,-656578.5496007901,-633995.6701188497,-22604.608742647782,501.0886558662652,
3019,3rr4,19,1,3,0.9150390625,0,-656595.2558257385,-633995.6701188497,-22604.617530756608,116.03661497850736,
3020,3rr4,20,1,3,0.9150390625,0,-656598.1375459679,-633995.6701188497,-22604.741572373525,52.44303543383127,
3021,3rr4,21,1,3,0.9150390625,0,-656590.0852937498,-633995.6701188497,-22604.345687442437,229.00305946539822,
3022,3rr4,22,1,3,0.9150390625,0,-656600.3119271201,-633995.6701188497,-22604.13784753622,-11.621610614358728,
3023,3rr4,23,1,3,0.9150390625,0,-656598.659995402,-633995.6701188497,-22604.27077590765,29.53824085138803,
3024,3rr4,24,1,3,0.9150390625,0,-656581.7797650793,-633995.6701188497,-22604.311033659593,419.73396541438143,
3025,3rr4,25,1,3,0.9150390625,0,-656576.40106822,-633995.6701188497,-22604.272857242242,542.8892925047855,
3026,3rr4,26,1,3,0.9150390625,0,-656580.9948745769,-633995.6701188497,-22604.74413281025,447.82147406457955,
3027,3rr4,27,1,3,0.9150390625,0,-656589.661704178,-633995.6701188497,-22604.59299402775,244.47429238688824,
3028,3rr4,28,1,3,0.9150390625,0,-656569.5777477124,-633995.6701188497,-22604.34149210991,701.8215590838935,
3029,3rr4,29,1,3,0.9150390625,0,-656594.0794270434,-633995.6701188497,-22604.59575920643,142.66294948043787,
3030,3rr4,30,1,3,0.9150390625,0,-656563.4960443926,-633995.6701188497,-22604.14883094372,837.6260973436391,
3031,3rr4,31,1,3,0.9150390625,0,-656594.7058727992,-633995.6701188497,-22604.609371238366,128.53066808110557,
3032,3rr4,32,1,3,0.9150390625,0,-656591.5981611111,-633995.6701188497,-22604.146404975072,189.519946448112,
3033,3rr4,33,1,3,0.9150390625,0,-656568.1135705655,-633995.6701188497,-22604.269550972596,733.92728417454,
3034,3rr4,34,1,3,0.9150390625,0,-656581.6927554709,-633995.6701188497,-22604.340072267667,422.41010086095787,
3035,3rr4,35,1,3,0.9150390625,0,-656596.683554019,-633995.6701188497,-22604.052563660756,70.08396794201896,
3036,3rr4,36,1,3,0.9150390625,0,-656584.9223753908,-633995.6701188497,-22604.272099130765,346.3657984485576,
3037,3rr4,37,1,3,0.9150390625,0,-656598.844540874,-633995.6701188497,-22604.787216895238,37.191933262623955,
3038,3rr4,38,1,3,0.9150390625,0,-656584.9789165509,-633995.6701188497,-22604.837286763803,358.09546476664974,
3039,3rr4,39,1,3,0.9150390625,0,-656596.8107890143,-633995.6701188497,-22604.06391494812,67.41162615089125,
3040,3rr4,40,1,3,0.9150390625,0,-656594.4139165231,-633995.6701188497,-22604.91593849005,142.33294852014438,
3041,3rr4,41,1,3,0.9150390625,0,-656584.8644066845,-633995.6701188497,-22604.140515320913,344.66819383068497,
3042,3rr4,42,1,3,0.9150390625,0,-656599.5543708307,-633995.6701188497,-22604.610260301248,16.742149596209448,
3043,3rr4,43,1,3,0.9150390625,0,-656591.3185162797,-633995.6701188497,-22604.518190436975,204.5422858858913,
3044,3rr4,44,1,3,0.9150390625,0,-656582.9420816847,-633995.6701188497,-22604.77865242304,403.7138526010685,
3045,3rr4,45,1,3,0.9150390625,0,-656556.07985648,-633995.6701188497,-22604.316819422856,1012.5213597805741,
3046,3rr4,46,1,3,0.9150390625,0,-656597.7974379164,-633995.6701188497,-22604.91529315056,64.2922097120884,
3047,3rr4,47,1,3,0.9150390625,0,-656599.4137437,-633995.6701188497,-22604.737188749925,22.912127830243204,
3048,3rr4,48,1,3,0.9150390625,0,-656590.0650689104,-633995.6701188497,-22604.74014198126,238.56579310239033,
3049,3rr4,49,1,3,0.9150390625,0,-656570.0471623638,-633995.6701188497,-22604.14901768507,686.5580343828602,
3050,3rr4,50,1,3,0.9150390625,0,-656593.628708328,-633995.6701188497,-22604.520211034433,151.31458774208954,
3051,3rr4,51,1,3,0.9150390625,0,-656582.7729455336,-633995.6701188497,-22604.351831548825,397.7715017182283,
3052,3rr4,52,1,3,0.9150390625,0,-656593.6085978546,-633995.6701188497,-22605.29307114424,169.6009238040642,
3053,3rr4,53,1,3,0.9150390625,0,-656599.3131448423,-633995.6701188497,-22605.290960007325,38.00226116932433,
3054,3rr4,54,1,3,0.9150390625,0,-656587.0803324234,-633995.6701188497,-22605.24473928751,319.0317419368211,
3055,3rr4,55,1,3,0.9150390625,0,-656599.9575903666,-633995.6701188497,-22605.337358408586,24.21096688308659,
3056,3rr4,56,1,3,0.9150390625,0,-656598.9391475716,-633995.6701188497,-22605.25189178528,45.72590851594571,
3057,3rr4,57,1,3,0.9150390625,0,-656600.6858013668,-633995.6701188497,-22605.28214984478,6.144882555627694,
3058,3rr4,58,1,3,0.9150390625,0,-656596.9468372863,-633995.6701188497,-22605.273862593785,92.17633402210271,
3059,3rr4,59,1,3,0.9150390625,0,-656577.4948641165,-633995.6701188497,-22605.297883623258,541.3034298034933,
3060,3rr4,60,1,3,0.9150390625,0,-656597.069116334,-633995.6701188497,-22605.237325006143,88.51393540840472,
3061,3rr4,61,1,3,0.9150390625,0,-656599.7217047011,-633995.6701188497,-22605.30296229662,28.857426370188296,
3062,3rr4,62,1,3,0.9150390625,0,-656592.5993922156,-633995.6701188497,-22605.2104555303,190.9685973966971,
3063,3rr4,63,1,3,0.9150390625,0,-656600.5270542455,-633995.6701188497,-22605.248709016458,9.034514319272061,
3064,3rr4,64,1,3,0.9150390625,0,-656555.0739861378,-633995.6701188497,-22605.267373495713,1057.6375785822447,
3065,3rr4,65,1,3,0.9150390625,0,-656601.843410412,-633995.6701188497,-22605.260672205106,-21.045502336373215,
3066,3rr4,66,1,3,0.9150390625,0,-656602.3094189417,-633995.6701188497,-22605.276160650865,-31.434742282264484,
3067,3rr4,67,1,3,0.9150390625,0,-656593.116593267,-633995.6701188497,-22605.28792875351,180.82823278343335,
3068,3rr4,68,1,3,0.9150390625,0,-656589.4418926039,-633995.6701188497,-22605.243750446454,264.55006722454925,
3069,3rr4,69,1,3,0.9150390625,0,-656599.4256300573,-633995.6701188497,-22605.332363777772,36.36308411577028,
3070,3rr4,70,1,3,0.9150390625,0,-656585.8519240868,-633995.6701188497,-22605.297433906213,348.5746779144174,
3071,3rr4,71,1,3,0.9150390625,0,-656598.6536792766,-633995.6701188497,-22605.22230529131,51.62668302723166,
3072,3rr4,72,1,3,0.9150390625,0,-656601.6410016217,-633995.6701188497,-22605.259509199277,-16.404664299269616,
3073,3rr4,73,1,3,0.9150390625,0,-656596.0216075575,-633995.6701188497,-22605.285536938325,113.78185521814486,
3074,3rr4,74,1,3,0.9150390625,0,-656603.8720895153,-633995.6701188497,-22605.2848321134,-67.27081311151834,
3075,3rr4,75,1,3,0.9150390625,0,-656582.8665327823,-633995.6701188497,-22605.340501838342,418.41260699329354,
3076,3rr4,76,1,3,0.9150390625,0,-656601.8470827737,-633995.6701188497,-22605.33033412041,-19.52374707974051,
3077,3rr4,77,1,3,0.9150390625,0,-656598.1379145477,-633995.6701188497,-22605.22263532223,63.528110920849635,
3078,3rr4,78,1,3,0.9150390625,0,-656592.2280666631,-633995.6701188497,-22605.212930493966,199.58864207798936,
3079,3rr4,79,1,3,0.9150390625,0,-656575.0508558247,-633995.6701188497,-22604.965216332093,589.9921099357529,
3080,3rr4,80,1,3,0.9150390625,0,-656567.5015486727,-633995.6701188497,-22604.837307744638,761.1336265045925,
3081,3rr4,81,1,3,0.9150390625,0,-656572.7917479968,-633995.6701188497,-22605.265401178018,649.010801053204,
3082,3rr4,82,1,3,0.9150390625,0,-656587.0860564213,-633995.6701188497,-22605.286403649465,319.86054642265094,
3083,3rr4,83,1,3,0.9150390625,0,-656598.7946035808,-633995.6701188497,-22605.211122506276,48.119010219231306,
3084,3rr4,84,1,3,0.9150390625,0,-656598.4022218382,-633995.6701188497,-22605.221980267183,57.41793407695374,
3085,3rr4,85,1,3,0.9150390625,0,-656600.3643203621,-633995.6701188497,-22605.27879744114,13.481102376794336,
3086,3rr4,86,1,3,0.9150390625,0,-656599.5625816238,-633995.6701188497,-22605.250475996152,31.316528862587873,
3087,3rr4,87,1,3,0.9150390625,0,-656591.3271411761,-633995.6701188497,-22605.277675383702,221.85752999041105,
3088,3rr4,88,1,3,0.9150390625,0,-656590.2435728111,-633995.6701188497,-22605.209583097116,245.27496466667571,
3089,3rr4,89,1,3,0.9150390625,0,-656598.8982528099,-633995.6701188497,-22605.294396334306,47.649142309569264,
3090,3rr4,90,1,3,0.9150390625,0,-656594.7769019407,-633995.6701188497,-22605.285654001847,142.4881481794125,
3091,3rr4,91,1,3,0.9150390625,0,-656595.3383509917,-633995.6701188497,-22605.28444545807,129.5129558023306,
3092,3rr4,92,1,3,0.9150390625,0,-656602.9127041497,-633995.6701188497,-22605.300178938523,-44.79295480538022,
3093,3rr4,93,1,3,0.9150390625,0,-656587.5707652963,-633995.6701188497,-22605.300320618764,309.00382716139325,
3094,3rr4,94,1,3,0.9150390625,0,-656600.9599765342,-633995.6701188497,-22605.292050533906,0.050568308195902203,
3095,3rr4,95,1,3,0.9150390625,0,-656597.1957901067,-633995.6701188497,-22605.321633153573,87.53696088054141,
3096,3rr4,96,1,3,0.9150390625,0,-656594.8574717292,-633995.6701188497,-22604.83829485716,130.31381776529318,
3097,3rr4,97,1,3,0.9150390625,0,-656578.0947773703,-633995.6701188497,-22604.837241881505,516.8464506015928,
3098,3rr4,98,1,3,0.9150390625,0,-656566.3905696672,-633995.6701188497,-22604.8881154591,787.9250647283742,
3099,3rr4,99,1,3,0.9150390625,0,-656574.4062178984,-633995.6701188497,-22604.88748525919,603.0652925455322,
3100,3rr4,100,1,3,0.9150390625,0,-656576.6496130326,-633995.6701188497,-22604.837371342794,550.175717383714,
4001,1s38,1,1,4,0.9150390625,0,-650002.7098677537,-633995.6701188497,-16008.154046363396,25.69630986117283,
4002,1s38,2,1,4,0.9150390625,0,-650000.4826710008,-633995.6701188497,-16008.153168774408,77.03644942700342,
4003,1s38,3,1,4,0.9150390625,0,-649999.6383322851,-633995.6701188497,-16008.152488387388,96.49167266726961,
4004,1s38,4,1,4,0.9150390625,0,-649999.9573369554,-633995.6701188497,-16008.14688364343,89.00600174464111,
4005,1s38,5,1,4,0.9150390625,0,-649999.9545966468,-633995.6701188497,-16008.155202276263,89.261026990783,
4006,1s38,6,1,4,0.9150390625,0,-649999.0395391665,-633995.6701188497,-16008.153974480194,110.33444013385244,
4007,1s38,7,1,4,0.9150390625,0,-650000.2118943112,-633995.6701188497,-16008.15051013903,83.21939863875967,
4008,1s38,8,1,4,0.9150390625,0,-649983.694379427,-633995.6701188497,-16008.153343624634,464.18768239999883,
4009,1s38,9,1,4,0.9150390625,0,-650003.709161349,-633995.6701188497,-16008.154194808754,2.655475340768599,
4010,1s38,10,1,4,0.9150390625,0,-650005.467160069,-633995.6701188497,-16008.153980798286,-37.88987342761217,
4011,1s38,11,1,4,0.9150390625,0,-650000.5472321293,-633995.6701188497,-16008.15809536652,75.66124434826354,
4012,1s38,12,1,4,0.9150390625,0,-649980.128190436,-633995.6701188497,-16008.152073896688,546.3966735768911,
4013,1s38,13,1,4,0.9150390625,0,-649997.7124508697,-633995.6701188497,-16008.152550584826,140.90498746955998,
4014,1s38,14,1,4,0.9150390625,0,-650003.2323241314,-633995.6701188497,-16008.150659180445,13.570069278327827,
4015,1s38,15,1,4,0.9150390625,0,-649999.845891901,-633995.6701188497,-16008.150808341068,91.66649142998402,
4016,1s38,16,1,4,0.9150390625,0,-650000.5258621803,-633995.6701188497,-16008.154469079536,76.07042291449802,
4017,1s38,17,1,4,0.9150390625,0,-650002.1158022062,-633995.6701188497,-16008.15646780209,39.451626535605975,
4018,1s38,18,1,4,0.9150390625,0,-650002.6878842196,-633995.6701188497,-16008.154841846985,26.22160648807481,
4019,1s38,19,1,4,0.9150390625,0,-650002.0363233166,-633995.6701188497,-16008.151088929933,41.160413531827686,
4020,1s38,20,1,4,0.9150390625,0,-650002.5987567534,-633995.6701188497,-16008.150626576704,28.179728243448203,
4021,1s38,21,1,4,0.9150390625,0,-650002.6246161539,-633995.6701188497,-16008.1547613211,27.678745771959978,
4022,1s38,22,1,4,0.9150390625,0,-649980.2444791874,-633995.6701188497,-16008.14929757194,543.6509676942368,
4023,1s38,23,1,4,0.9150390625,0,-649982.0636903724,-633995.6701188497,-16008.149955875439,501.7141419883742,
4024,1s38,24,1,4,0.9150390625,0,-649995.640390434,-633995.6701188497,-16008.15330789165,188.70530016696188,
4025,1s38,25,1,4,0.9150390625,0,-649996.2500423569,-633995.6701188497,-16008.1553452082,174.69337447360388,
4026,1s38,26,1,4,0.9150390625,0,-650002.6760785362,-633995.6701188497,-16008.155793733162,26.51580303091888,
4027,1s38,27,1,4,0.9150390625,0,-650000.128324174,-633995.6701188497,-16008.154707229894,85.24335900112555,
4028,1s38,28,1,4,0.9150390625,0,-650001.0576827606,-633995.6701188497,-16008.151915646356,63.747465415746845,
4029,1s38,29,1,4,0.9150390625,0,-649970.2612330246,-633995.6701188497,-16008.153171963248,773.9594389216383,
4030,1s38,30,1,4,0.9150390625,0,-649998.4695918044,-633995.6701188497,-16008.154707259697,123.49463683440553,
4031,1s38,31,1,4,0.9150390625,0,-650001.1766764452,-633995.6701188497,-16008.155230916303,61.079857803216214,
4032,1s38,32,1,4,0.9150390625,0,-649986.8930173597,-633995.6701188497,-16008.152925766271,390.4157033184188,
4033,1s38,33,1,4,0.9150390625,0,-649997.7251782495,-633995.6701188497,-16008.154881245646,140.66523343426596,
4034,1s38,34,1,4,0.9150390625,0,-650002.0096692225,-633995.6701188497,-16008.157183177036,41.9156082207001,
4035,1s38,35,1,4,0.9150390625,0,-649974.6917053243,-633995.6701188497,-16008.151050872368,671.741407024729,
4036,1s38,36,1,4,0.9150390625,0,-650000.7948442778,-633995.6701188497,-16008.158188319963,69.95331611112942,
4037,1s38,37,1,4,0.9150390625,0,-650002.0136761894,-633995.6701188497,-16008.156483031067,41.80705962080753,
4038,1s38,38,1,4,0.9150390625,0,-650000.1950359873,-633995.6701188497,-16008.156778401893,83.75271039995906,
4039,1s38,39,1,4,0.9150390625,0,-650002.207392894,-633995.6701188497,-16008.152696616215,37.25252948768424,
4040,1s38,40,1,4,0.9150390625,0,-649999.0147354086,-633995.6701188497,-16008.152901894611,110.88169396816001,
4041,1s38,41,1,4,0.9150390625,0,-649996.829534956,-633995.6701188497,-16008.15396223143,161.29806547211507,
4042,1s38,42,1,4,0.9150390625,0,-650000.3295722983,-633995.6701188497,-16008.154012329143,80.5864422115313,
4043,1s38,43,1,4,0.9150390625,0,-649998.6990228819,-633995.6701188497,-16008.153761691612,118.18202518010224,
4044,1s38,44,1,4,0.9150390625,0,-649995.8011047174,-633995.6701188497,-16008.1558198996,185.05706902548016,
4045,1s38,45,1,4,0.9150390625,0,-650002.1775533189,-633995.6701188497,-16008.151337093872,37.90929510554091,
4046,1s38,46,1,4,0.9150390625,0,-649987.9725055476,-633995.6701188497,-16008.157062120003,365.6175009115494,
4047,1s38,47,1,4,0.9150390625,0,-650004.6193244979,-633995.6701188497,-16008.156928605598,-18.270342634957654,
4048,1s38,48,1,4,0.9150390625,0,-649998.7214096865,-633995.6701188497,-16008.156280405086,117.72385611503296,
4049,1s38,49,1,4,0.9150390625,0,-649999.6256606062,-633995.6701188497,-16008.158311135334,96.91816428235659,
4050,1s38,50,1,4,0.9150390625,0,-650000.3102342268,-633995.6701188497,-16008.154536045355,81.04446591887418,
4051,1s38,51,1,4,0.9150390625,0,-649999.7660328075,-633995.6701188497,-16008.151658243698,93.52768509360733,
4052,1s38,52,1,4,0.9150390625,0,-649999.9359873614,-633995.6701188497,-16008.155738569063,89.70253451425758,
4053,1s38,53,1,4,0.9150390625,0,-649996.7571814585,-633995.6701188497,-16008.237682706866,164.89721679002963,
4054,1s38,54,1,4,0.9150390625,0,-650002.760969751,-633995.6701188497,-16008.216308570665,25.95367041517289,
4055,1s38,55,1,4,0.9150390625,0,-650004.559933715,-633995.6701188497,-16008.236812628073,-15.058589325308754,
4056,1s38,56,1,4,0.9150390625,0,-650003.5078330865,-633995.6701188497,-16008.23144433574,9.079631778710114,
4057,1s38,57,1,4,0.9150390625,0,-650004.7135371194,-633995.6701188497,-16008.232665009064,-18.69641434621782,
4058,1s38,58,1,4,0.9150390625,0,-650003.6943948945,-633995.6701188497,-16008.22993109302,4.742518076028436,
4059,1s38,59,1,4,0.9150390625,0,-649988.1576433855,-633995.6701188497,-16008.260873711866,363.74207312511834,
4060,1s38,60,1,4,0.9150390625,0,-650003.4711778392,-633995.6701188497,-16008.232841230196,9.957135014350508,
4061,1s38,61,1,4,0.9150390625,0,-649975.7953570713,-633995.6701188497,-16008.238550222677,648.3083760778521,
4062,1s38,62,1,4,0.9150390625,0,-650004.6019254706,-633995.6701188497,-16008.234185136122,-16.087533617605096,
4063,1s38,63,1,4,0.9150390625,0,-649997.5537829176,-633995.6701188497,-16008.232864982647,146.41605138223602,
4064,1s38,64,1,4,0.9150390625,0,-649999.2006090811,-633995.6701188497,-16008.23278380112,108.43746577928422,
4065,1s38,65,1,4,0.9150390625,0,-650003.7253821869,-633995.6701188497,-16008.229380644125,4.015240484166249,
4066,1s38,66,1,4,0.9150390625,0,-650004.3623252293,-633995.6701188497,-16008.244717634481,-10.319335610664284,
4067,1s38,67,1,4,0.9150390625,0,-650002.581331931,-633995.6701188497,-16008.239109701675,30.622023527587807,
4068,1s38,68,1,4,0.9150390625,0,-650003.861974158,-633995.6701188497,-16008.232940114302,0.9474381350508688,
4069,1s38,69,1,4,0.9150390625,0,-650003.7016813536,-633995.6701188497,-16008.234245396417,4.673978537510259,
4070,1s38,70,1,4,0.9150390625,0,-650003.4486387899,-633995.6701188497,-16008.218066520256,10.136184932857107,
4071,1s38,71,1,4,0.9150390625,0,-650003.7340965942,-633995.6701188497,-16008.21944222526,3.5850960961269607,
4072,1s38,72,1,4,0.9150390625,0,-649979.1344273768,-633995.6701188497,-16008.240869349998,571.3610659354845,
4073,1s38,73,1,4,0.9150390625,0,-650000.9898614665,-633995.6701188497,-16008.224685854477,66.98958247925412,
4074,1s38,74,1,4,0.9150390625,0,-650003.7538069568,-633995.6701188497,-16008.235014534754,3.489670323258475,
4075,1s38,75,1,4,0.9150390625,0,-650004.4410584047,-633995.6701188497,-16008.238941735786,-12.268161156204282,
4076,1s38,76,1,4,0.9150390625,0,-650003.9369211873,-633995.6701188497,-16008.238480246824,-0.653122929063078,
4077,1s38,77,1,4,0.9150390625,0,-650004.3720349749,-633995.6701188497,-16008.241947091383,-10.607137903500004,
4078,1s38,78,1,4,0.9150390625,0,-650003.4287016771,-633995.6701188497,-16008.220746434492,10.657745966862935,
4079,1s38,79,1,4,0.9150390625,0,-650003.6750713959,-633995.6701188497,-16008.228939450544,5.165260720852003,
4080,1s38,80,1,4,0.9150390625,0,-649995.8155232301,-633995.6701188497,-16008.228461033863,186.39971457485524,
4081,1s38,81,1,4,0.9150390625,0,-650003.5792473634,-633995.6701188497,-16008.236002571148,7.537894837450416,
4082,1s38,82,1,4,0.9150390625,0,-650004.3231588088,-633995.6701188497,-16008.237027711433,-9.593470333747316,
4083,1s38,83,1,4,0.9150390625,0,-649972.1888207868,-633995.6701188497,-16008.225678301615,731.1802450193569,
4084,1s38,84,1,4,0.9150390625,0,-650006.5211019149,-633995.6701188497,-16008.24179948048,-60.16920285438737,
4085,1s38,85,1,4,0.9150390625,0,-650002.6151463172,-633995.6701188497,-16008.23171109632,29.671629366523675,
4086,1s38,86,1,4,0.9150390625,0,-650003.2174827389,-633995.6701188497,-16008.23103637175,15.765861984989067,
4087,1s38,87,1,4,0.9150390625,0,-649993.039334633,-633995.6701188497,-16008.241115338367,250.71195969899574,
4088,1s38,88,1,4,0.9150390625,0,-650006.3850582322,-633995.6701188497,-16008.244976437849,-56.95869862519857,
4089,1s38,89,1,4,0.9150390625,0,-650003.6235176852,-633995.6701188497,-16008.236476666492,6.527929861477193,
4090,1s38,90,1,4,0.9150390625,0,-649994.4989678195,-633995.6701188497,-16008.23635075168,216.94214480829595,
4091,1s38,91,1,4,0.9150390625,0,-650003.988898106,-633995.6701188497,-16008.239969349665,-1.8173996217531012,
4092,1s38,92,1,4,0.9150390625,0,-650005.2654189696,-633995.6701188497,-16008.242677039665,-31.192229237078283,
4093,1s38,93,1,4,0.9150390625,0,-650002.8778934559,-633995.6701188497,-16008.228370762628,23.535506481429664,
4094,1s38,94,1,4,0.9150390625,0,-650004.6662538281,-633995.6701188497,-16008.249069220585,-17.227745640020796,
4095,1s38,95,1,4,0.9150390625,0,-650001.9884892927,-633995.6701188497,-16008.236585057539,44.235079869028404,
4096,1s38,96,1,4,0.9150390625,0,-650003.0097110351,-633995.6701188497,-16008.154351300758,18.788791551601367,
4097,1s38,97,1,4,0.9150390625,0,-649927.0143451468,-633995.6701188497,-16008.153575516504,1771.2656715126136,
4098,1s38,98,1,4,0.9150390625,0,-650002.0079499563,-633995.6701188497,-16008.153830773395,41.877947176085485,
4099,1s38,99,1,4,0.9150390625,0,-649990.8908896821,-633995.6701188497,-16008.153946048778,298.2461056794387,
4100,1s38,100,1,4,0.9150390625,0,-649985.2212130805,-633995.6701188497,-16008.153909779352,428.99111774317925,
5001,1r5y,1,1,5,0.9150390625,0,-650437.9482557756,-633995.6701188497,-16445.096741106765,64.99855652869026,
5002,1r5y,2,1,5,0.9150390625,0,-650438.5694719236,-633995.6701188497,-16445.096773233676,50.673712698247925,
5003,1r5y,3,1,5,0.9150390625,0,-650428.7273078236,-633995.6701188497,-16445.096683767104,277.6373455356641,
5004,1r5y,4,1,5,0.9150390625,0,-650433.0332794022,-633995.6701188497,-16445.09667178657,178.3390057129013,
5005,1r5y,5,1,5,0.9150390625,0,-650437.0848889328,-633995.6701188497,-16445.07287916209,84.35799938712903,
5006,1r5y,6,1,5,0.9150390625,0,-650429.079086689,-633995.6701188497,-16445.074885633254,269.02245527505545,
5007,1r5y,7,1,5,0.9150390625,0,-650439.1941875496,-633995.6701188497,-16445.07214197185,35.6994177327228,
5008,1r5y,8,1,5,0.9150390625,0,-650435.4443187842,-633995.6701188497,-16445.072502222323,122.1817533307297,
5009,1r5y,9,1,5,0.9150390625,0,-650426.9468071139,-633995.6701188497,-16445.068343427436,318.04312355481113,
5010,1r5y,10,1,5,0.9150390625,0,-650437.736447064,-633995.6701188497,-16445.07165935304,69.30458247298064,
5011,1r5y,11,1,5,0.9150390625,0,-650439.9142911412,-633995.6701188497,-16445.069968607688,19.04331544823666,
5012,1r5y,12,1,5,0.9150390625,0,-650437.3740828761,-633995.6701188497,-16445.074439730906,77.72501619543033,
5013,1r5y,13,1,5,0.9150390625,0,-650442.664489744,-633995.6701188497,-16445.06967684295,-44.384499229822275,
5014,1r5y,14,1,5,0.9150390625,0,-650439.9352667313,-633995.6701188497,-16445.067975189948,18.513637544290233,
5015,1r5y,15,1,5,0.9150390625,0,-650440.5551165764,-633995.6701188497,-16445.07227798965,4.318785462612049,
5016,1r5y,16,1,5,0.9150390625,0,-650439.3507902005,-633995.6701188497,-16445.07121672895,32.06673820351411,
5017,1r5y,17,1,5,0.9150390625,0,-650438.6210395372,-633995.6701188497,-16445.075603988425,48.996360885383915,
5018,1r5y,18,1,5,0.9150390625,0,-650438.4677012841,-633995.6701188497,-16445.06974199083,52.397244130415345,
5019,1r5y,19,1,5,0.9150390625,0,-650439.0193202177,-633995.6701188497,-16445.071931448245,39.727099416228,
5020,1r5y,20,1,5,0.9150390625,0,-650434.1155918816,-633995.6701188497,-16445.071147766375,152.7916891258914,
5021,1r5y,21,1,5,0.9150390625,0,-650443.3615776876,-633995.6701188497,-16445.073597696082,-60.36931207313819,
5022,1r5y,22,1,5,0.9150390625,0,-650431.675939096,-633995.6701188497,-16445.07043692138,209.0350264020204,
5023,1r5y,23,1,5,0.9150390625,0,-650439.4469218828,-633995.6701188497,-16445.071066048407,29.84641417042362,
5024,1r5y,24,1,5,0.9150390625,0,-650433.1381840387,-633995.6701188497,-16445.07106324699,175.32930037317138,
5025,1r5y,25,1,5,0.9150390625,0,-650435.072556553,-633995.6701188497,-16445.068032887237,130.6517287299823,
5026,1r5y,26,1,5,0.9150390625,0,-650440.0057731549,-633995.6701188497,-16445.074993338847,17.04956314897312,
5027,1r5y,27,1,5,0.9150390625,0,-650437.7624512889,-633995.6701188497,-16445.07000484731,68.66675699237868,
5028,1r5y,28,1,5,0.9150390625,0,-650421.5848863253,-633995.6701188497,-16445.074496534133,441.8338483767823,
5029,1r5y,29,1,5,0.9150390625,0,-650436.4912555796,-633995.6701188497,-16445.070912208812,98.00215070065187,
5030,1r5y,30,1,5,0.9150390625,0,-650437.8077587765,-633995.6701188497,-16445.073321726584,67.6984305606365,
5031,1r5y,31,1,5,0.9150390625,0,-650435.5700738403,-633995.6701188497,-16445.07157554891,119.26040324673595,
5032,1r5y,32,1,5,0.9150390625,0,-650436.2542408237,-633995.6701188497,-16445.070640709662,103.46157989780825,
5033,1r5y,33,1,5,0.9150390625,0,-650437.2621051354,-633995.6701188497,-16445.07094838883,80.22677198157729,
5034,1r5y,34,1,5,0.9150390625,0,-650438.8923479596,-633995.6701188497,-16445.09671863582,43.22675537178623,
5035,1r5y,35,1,5,0.9150390625,0,-650433.5898775432,-633995.6701188497,-16445.073263850474,164.96374783056226,
5036,1r5y,36,1,5,0.9150390625,0,-650435.1762408444,-633995.6701188497,-16445.07430323627,128.4053098508975,
5037,1r5y,37,1,5,0.9150390625,0,-650439.0719519836,-633995.6701188497,-16445.071689393782,38.50780015154424,
5038,1r5y,38,1,5,0.9150390625,0,-650437.9204083661,-633995.6701188497,-16445.067240503096,64.9604329650588,
5039,1r5y,39,1,5,0.9150390625,0,-650443.4367995831,-633995.6701188497,-16444.955649283194,-64.82392521123715,
5040,1r5y,40,1,5,0.9150390625,0,-650439.1573524006,-633995.6701188497,-16444.936966147685,33.43162789046005,
5041,1r5y,41,1,5,0.9150390625,0,-650440.6699020988,-633995.6701188497,-16444.96318784024,-0.843910176548373,
5042,1r5y,42,1,5,0.9150390625,0,-650439.7595950047,-633995.6701188497,-16444.9647438195,20.18415184175254,
5043,1r5y,43,1,5,0.9150390625,0,-650425.4569897184,-633995.6701188497,-16444.945100870395,349.5570879828978,
5044,1r5y,44,1,5,0.9150390625,0,-650442.5376892516,-633995.6701188497,-16444.960502710604,-43.978025710606964,
5045,1r5y,45,1,5,0.9150390625,0,-650440.803188724,-633995.6701188497,-16444.963001218097,-3.92187637977956,
5046,1r5y,46,1,5,0.9150390625,0,-650439.829278825,-633995.6701188497,-16444.95813783672,18.424867190163244,
5047,1r5y,47,1,5,0.9150390625,0,-650443.18030682,-633995.6701188497,-16444.968293633723,-58.61747592766334,
5048,1r5y,48,1,5,0.9150390625,0,-650441.0495895424,-633995.6701188497,-16444.95813181665,-9.716305304405864,
5049,1r5y,49,1,5,0.9150390625,0,-650433.9095308465,-633995.6701188497,-16444.954117265002,154.84478200603127,
5050,1r5y,50,1,5,0.9150390625,0,-650440.5427592229,-633995.6701188497,-16444.96212121513,2.0634772355607844,
5051,1r5y,51,1,5,0.9150390625,0,-650419.6562885615,-633995.6701188497,-16444.96190371778,483.71191732717057,
5052,1r5y,52,1,5,0.9150390625,0,-650440.4097315499,-633995.6701188497,-16444.95903667476,5.060037060912467,
5053,1r5y,53,1,5,0.9150390625,0,-650440.859644664,-633995.6701188497,-16444.955464210765,-5.3975888027361805,
5054,1r5y,54,1,5,0.9150390625,0,-650433.6084408147,-633995.6701188497,-16444.965054359698,162.0402984824715,
5055,1r5y,55,1,5,0.9150390625,0,-650441.9589241125,-633995.6701188497,-16444.960549202227,-30.630312415399104,
5056,1r5y,56,1,5,0.9150390625,0,-650437.6140488514,-633995.6701188497,-16444.96359482076,69.63512499248425,
5057,1r5y,57,1,5,0.9150390625,0,-650441.2194553739,-633995.6701188497,-16444.953233089702,-13.746471763577995,
5058,1r5y,58,1,5,0.9150390625,0,-650442.9314885418,-633995.6701188497,-16444.962754574084,-53.007323871927326,
5059,1r5y,59,1,5,0.9150390625,0,-650441.3444786646,-633995.6701188497,-16444.956320967936,-16.55836917340184,
5060,1r5y,60,1,5,0.9150390625,0,-650440.7237974682,-633995.6701188497,-16444.95727410581,-2.2231408762115494,
5061,1r5y,61,1,5,0.9150390625,0,-650434.4102362526,-633995.6701188497,-16444.961580362575,143.47034415884139,
5062,1r5y,62,1,5,0.9150390625,0,-650440.4121597835,-633995.6701188497,-16444.959680643344,5.018890931583884,
5063,1r5y,63,1,5,0.9150390625,0,-650444.2370641503,-633995.6701188497,-16444.9608375695,-83.15881981436087,
5064,1r5y,64,1,5,0.9150390625,0,-650440.1498455533,-633995.6701188497,-16444.96394934919,11.166439479157342,
5065,1r5y,65,1,5,0.9150390625,0,-650434.993961258,-633995.6701188497,-16444.95948269631,129.96095241895313,
5066,1r5y,66,1,5,0.9150390625,0,-650439.5176926088,-633995.6701188497,-16444.96519323852,25.772917463122237,
5067,1r5y,67,1,5,0.9150390625,0,-650426.0508694771,-633995.6701188497,-16444.952324118876,336.0284674681833,
5068,1r5y,68,1,5,0.9150390625,0,-650440.8012403527,-633995.6701188497,-16444.964705672526,-3.837640217407724,
5069,1r5y,69,1,5,0.9150390625,0,-650440.8717037124,-633995.6701188497,-16444.968168761985,-5.382703154088158,
5070,1r5y,70,1,5,0.9150390625,0,-650440.7248067986,-633995.6701188497,-16444.96521928575,-2.0631963858492126,
5071,1r5y,71,1,5,0.9150390625,0,-650440.829698247,-633995.6701188497,-16444.94272127416,-5.000867121000095,
5072,1r5y,72,1,5,0.9150390625,0,-650441.0974725464,-633995.6701188497,-16444.97362312343,-10.46327558627153,
5073,1r5y,73,1,5,0.9150390625,0,-650438.2561111727,-633995.6701188497,-16445.09674784209,57.899397738918985,
5074,1r5y,74,1,5,0.9150390625,0,-650440.7778002003,-633995.6701188497,-16444.962607887053,-3.345473543911686,
5075,1r5y,75,1,5,0.9150390625,0,-650440.3288284667,-633995.6701188497,-16444.96602275636,7.086809349636403,
5076,1r5y,76,1,5,0.9150390625,0,-650438.1453761437,-633995.6701188497,-16444.944660809302,56.94579787726999,
5077,1r5y,77,1,5,0.9150390625,0,-650440.124234823,-633995.6701188497,-16444.962477650897,11.72309878102598,
5078,1r5y,78,1,5,0.9150390625,0,-650435.4052288065,-633995.6701188497,-16444.956802454257,120.41508959395796,
5079,1r5y,79,1,5,0.9150390625,0,-650434.2357794173,-633995.6701188497,-16444.957284059787,147.39433925676366,
5080,1r5y,80,1,5,0.9150390625,0,-650426.0260258296,-633995.6701188497,-16444.9555377033,336.6754826068011,
5081,1r5y,81,1,5,0.9150390625,0,-650440.6304806453,-633995.6701188497,-16444.968486216323,0.18735359230374982,
5082,1r5y,82,1,5,0.9150390625,0,-650440.1463005673,-633995.6701188497,-16444.94792118337,10.878570514253374,
5083,1r5y,83,1,5,0.9150390625,0,-650438.5523988282,-633995.6701188497,-16444.956933048034,47.84263634231098,
5084,1r5y,84,1,5,0.9150390625,0,-650441.3580719957,-633995.6701188497,-16444.957574095988,-16.84294101593766,
5085,1r5y,85,1,5,0.9150390625,0,-650433.6299758235,-633995.6701188497,-16444.952381398933,161.2514439641992,
5086,1r5y,86,1,5,0.9150390625,0,-650441.2693509888,-633995.6701188497,-16444.960717823767,-14.724489908473236,
5087,1r5y,87,1,5,0.9150390625,0,-650441.4193139946,-633995.6701188497,-16444.959677067065,-18.206719396151804,
5088,1r5y,88,1,5,0.9150390625,0,-650438.3662528675,-633995.6701188497,-16444.916904237532,51.212177873405544,
5089,1r5y,89,1,5,0.9150390625,0,-650438.9920381731,-633995.6701188497,-16444.976120856063,38.146793565209855,
5090,1r5y,90,1,5,0.9150390625,0,-650439.6935735622,-633995.6701188497,-16444.949642088675,21.358388289075354,
5091,1r5y,91,1,5,0.9150390625,0,-650439.0477198042,-633995.6701188497,-16444.93299039867,35.86813267258585,
5092,1r5y,92,1,5,0.9150390625,0,-650420.9397614577,-633995.6701188497,-16444.93185779121,453.4214536881442,
5093,1r5y,93,1,5,0.9150390625,0,-650439.7111724747,-633995.6701188497,-16444.936311629073,20.64514002505842,
5094,1r5y,94,1,5,0.9150390625,0,-650439.3893907052,-633995.6701188497,-16444.962174263263,28.662010424641796,
5095,1r5y,95,1,5,0.9150390625,0,-650440.6334971461,-633995.6701188497,-16444.962693360114,-0.015795004836086302,
5096,1r5y,96,1,5,0.9150390625,0,-650443.659446148,-633995.6701188497,-16444.95361396339,-70.0052125584773,
5097,1r5y,97,1,5,0.9150390625,0,-650438.8195374889,-633995.6701188497,-16445.09663173224,44.9038006699844,
5098,1r5y,98,1,5,0.9150390625,0,-650422.7942140978,-633995.6701188497,-16445.096092310214,414.4440978635793,
5099,1r5y,99,1,5,0.9150390625,0,-650432.6849493656,-633995.6701188497,-16445.096200731063,186.36082438516686,
5100,1r5y,100,1,5,0.9150390625,0,-650437.7929215562,-633995.6701188497,-16445.096972730422,68.58599009453432,
6001,2xj7,1,0,6,0.49169921875,1,-655842.5693914673,-633995.6701188497,-21855.891163087865,207.35792027873129,
6002,2xj7,2,0,6,0.49169921875,1,-655850.1456269706,-633995.6701188497,-21856.815504051236,53.961588076289495,
6003,2xj7,3,0,6,0.49169921875,1,-655844.8885254349,-633995.6701188497,-21856.814577079782,175.17185302072846,
6004,2xj7,4,0,6,0.49169921875,1,-655847.6485611878,-633995.6701188497,-21855.624657965687,84.08372988159148,
6005,2xj7,5,0,6,0.49169921875,1,-655848.4147304228,-633995.6701188497,-21855.891251660367,72.5632442391673,
6006,2xj7,6,0,6,0.49169921875,1,-655854.1994868303,-633995.6701188497,-21856.817152238873,-39.48463300721897,
6007,2xj7,7,0,6,0.49169921875,1,-655851.1226537016,-633995.6701188497,-21855.8915843735,10.12472249402723,
6008,2xj7,8,0,6,0.49169921875,1,-655850.3366487109,-633995.6701188497,-21856.81603882411,49.56885425236345,
6009,2xj7,9,0,6,0.49169921875,1,-655838.796405547,-633995.6701188497,-21855.62192938425,288.1563658585038,
6010,2xj7,10,0,6,0.49169921875,1,-655844.8458255017,-633995.6701188497,-21856.816670394925,176.2048098658972,
6011,2xj7,11,0,6,0.49169921875,1,-655849.4453236248,-633995.6701188497,-21856.814743972787,70.09343905269101,
6012,2xj7,12,0,6,0.49169921875,1,-655852.2228039288,-633995.6701188497,-21855.62389496663,-21.418408812042905,
6013,2xj7,13,0,6,0.49169921875,1,-655849.8829859575,-633995.6701188497,-21855.627270854493,32.6169252518566,
6014,2xj7,14,0,6,0.49169921875,1,-655851.9823007667,-633995.6701188497,-21856.815744257954,11.61242344882721,
6015,2xj7,15,0,6,0.49169921875,1,-655828.9890389527,-633995.6701188497,-21855.88796655036,520.4545750903678,
6016,2xj7,16,0,6,0.49169921875,1,-655847.3849946045,-633995.6701188497,-21856.81442550519,117.59841093382529,
6017,2xj7,17,0,6,0.49169921875,1,-655843.2074554196,-633995.6701188497,-21855.892004169007,192.66321177902026,
6018,2xj7,18,0,6,0.49169921875,1,-655820.1998645747,-633995.6701188497,-21856.816350854424,744.5468018757698,
6019,2xj7,19,0,6,0.49169921875,1,-655841.6514394517,-633995.6701188497,-21855.892485536107,228.55689302003603,
6020,2xj7,20,0,6,0.49169921875,1,-655840.683625915,-633995.6701188497,-21855.62385684946,244.68047869842582,
6021,2xj7,21,0,6,0.49169921875,1,-655831.4495157383,-633995.6701188497,-21856.813822008153,485.0653665597786,
6022,2xj7,22,0,6,0.49169921875,1,-655825.0561428452,-633995.6701188497,-21855.893070734528,611.2670191745807,
6023,2xj7,23,0,6,0.49169921875,1,-655831.4840440388,-633995.6701188497,-21855.892034269342,463.0121947937055,
6024,2xj7,24,0,6,0.49169921875,1,-655834.2236017667,-633995.6701188497,-21856.81700179675,421.1667506813924,
6025,2xj7,25,0,6,0.49169921875,1,-655849.4245120367,-633995.6701188497,-21855.888589478513,49.215735660303125,
6026,2xj7,26,0,6,0.49169921875,1,-655838.0448717559,-633995.6701188497,-21855.626961506394,305.60319028723814,
6027,2xj7,27,0,6,0.49169921875,1,-655813.8705555882,-633995.6701188497,-21856.810936666498,890.379280355173,
6028,2xj7,28,0,6,0.49169921875,1,-655841.7334054791,-633995.6701188497,-21856.816129601983,247.96644968462778,
6029,2xj7,29,0,6,0.49169921875,1,-655834.775068321,-633995.6701188497,-21855.89162925579,387.1100320873684,
6030,2xj7,30,0,6,0.49169921875,1,-655850.6585404659,-633995.6701188497,-21855.89223048785,20.84232771571707,
6031,2xj7,31,0,6,0.49169921875,1,-655832.1371269162,-633995.6701188497,-21855.89301619626,447.9743896347807,
6032,2xj7,32,0,6,0.49169921875,1,-655838.6306690358,-633995.6701188497,-21855.627826936034,292.114341375352,
6033,2xj7,33,0,6,0.49169921875,1,-655834.7326126031,-633995.6701188497,-21855.62768763997,382.0024459450684,
6034,2xj7,34,0,6,0.49169921875,1,-655844.7534139836,-633995.6701188497,-21855.890444255856,156.97658791711032,
6035,2xj7,35,0,6,0.49169921875,1,-655811.8363831575,-633995.6701188497,-21856.592726744184,932.2563706369159,
6036,2xj7,36,0,6,0.49169921875,1,-655844.01327134,-633995.6701188497,-21856.815510965374,195.37722785195658,
6037,2xj7,37,0,6,0.49169921875,1,-655847.2509506128,-633995.6701188497,-21855.89501730301,99.48748199321483,
6038,2xj7,38,0,6,0.49169921875,1,-655849.0123247886,-633995.6701188497,-21856.816966868428,80.12989061572875,
6039,2xj7,39,0,6,0.49169921875,1,-655797.5520403768,-633995.6701188497,-21856.816481090555,1266.8210383672094,
6040,2xj7,40,0,6,0.49169921875,1,-655819.4222090327,-633995.6701188497,-21856.814398861912,762.4349506814298,
6041,2xj7,41,0,6,0.49169921875,1,-655839.4758676371,-633995.6701188497,-21856.814810133954,299.9960814146001,
6042,2xj7,42,0,6,0.49169921875,1,-655832.3920580084,-633995.6701188497,-21856.813887632874,463.3313388007298,
6043,2xj7,43,0,6,0.49169921875,1,-655822.0072285619,-633995.6701188497,-21855.625690288314,675.4107132667586,
6044,2xj7,44,0,6,0.49169921875,1,-655839.965703138,-633995.6701188497,-21855.62539920905,261.27173889179295,
6045,2xj7,45,0,6,0.49169921875,1,-655834.0479785881,-633995.6701188497,-21855.624540097495,397.71789733978505,
6046,2xj7,46,0,6,0.49169921875,1,-655841.6357414806,-633995.6701188497,-21856.81274817088,250.14065733939512,
6047,2xj7,47,0,6,0.49169921875,1,-655838.3940012391,-633995.6701188497,-21855.62535930372,297.5151254690065,
6048,2xj7,48,0,6,0.49169921875,1,-655847.56789101,-633995.6701188497,-21855.893157697705,92.13577928841566,
6049,2xj7,49,0,6,0.49169921875,1,-655837.6618314317,-633995.6701188497,-21856.81860599615,341.91628475772666,
6050,2xj7,50,0,6,0.49169921875,1,-655843.8565258468,-633995.6701188497,-21856.813355959443,198.942169179967,
6051,2xj7,51,0,6,0.49169921875,1,-655844.1535568769,-633995.6701188497,-21855.62461740471,164.67950860188077,
6052,2xj7,52,0,6,0.49169921875,1,-655849.1411099219,-633995.6701188497,-21855.893293953923,55.85963146586062,
6053,2xj7,53,0,6,0.49169921875,1,-655820.6184393696,-633995.6701188497,-21855.89245334961,713.5886551970752,
6054,2xj7,54,0,6,0.49169921875,1,-655847.4999401057,-633995.6701188497,-21855.619436986235,87.39061480699745,
6055,2xj7,55,0,6,0.49169921875,1,-655848.0826122548,-633995.6701188497,-21855.626673675546,74.12075786403511,
6056,2xj7,56,0,6,0.49169921875,1,-655849.8534411573,-633995.6701188497,-21855.89063207009,39.37149844106758,
6057,2xj7,57,0,6,0.49169921875,1,-655850.9518335543,-633995.6701188497,-21855.62482274272,7.91225932446432,
6058,2xj7,58,0,6,0.49169921875,1,-655853.8669645274,-633995.6701188497,-21855.62614259818,-59.28182132317501,
6059,2xj7,59,0,6,0.49169921875,1,-655842.8640305783,-633995.6701188497,-21855.89196494914,200.5818723263248,
6060,2xj7,60,0,6,0.49169921875,1,-655849.2135652982,-633995.6701188497,-21855.89123824933,54.14136511900327,
6061,2xj7,61,0,6,0.49169921875,1,-655841.9035952322,-633995.6701188497,-21855.89417675831,222.78104309483953,
6062,2xj7,62,0,6,0.49169921875,1,-655832.0223692739,-633995.6701188497,-21855.89111969569,450.5770293911042,
6063,2xj7,63,0,6,0.49169921875,1,-655850.1522543068,-633995.6701188497,-21855.62627295352,26.38443746090766,
6064,2xj7,64,0,6,0.49169921875,1,-655843.2774676763,-633995.6701188497,-21855.891098297623,191.02780089345202,
6065,2xj7,65,0,6,0.49169921875,1,-655849.7212771705,-633995.6701188497,-21855.891662276765,42.443029510332515,
6066,2xj7,66,0,6,0.49169921875,1,-655846.5690066302,-633995.6701188497,-21855.8879167805,115.0497418829361,
6067,2xj7,67,0,6,0.49169921875,1,-655845.2313540365,-633995.6701188497,-21856.222086645135,153.6028836485042,
6068,2xj7,68,0,6,0.49169921875,1,-655821.956770786,-633995.6701188497,-21856.13336110809,688.2814644439869,
6069,2xj7,69,0,6,0.49169921875,1,-655818.5272883406,-633995.6701188497,-21856.028676963826,764.9531346933844,
6070,2xj7,70,0,6,0.49169921875,1,-655834.5576395476,-633995.6701188497,-21856.321579373864,402.03894397889707,
6071,2xj7,71,0,6,0.49169921875,1,-655852.7751705433,-633995.6701188497,-21856.434838391313,-15.455485914636942,
6072,2xj7,72,0,6,0.49169921875,1,-655852.898198583,-633995.6701188497,-21856.411864079026,-18.822380136008665,
6073,2xj7,73,0,6,0.49169921875,1,-655853.25000424,-633995.6701188497,-21856.14455739357,-33.09944991977014,
6074,2xj7,74,0,6,0.49169921875,1,-655852.0217534387,-633995.6701188497,-21856.481036997822,2.9840904374914703,
6075,2xj7,75,0,6,0.49169921875,1,-655853.7713529553,-633995.6701188497,-21855.995784736642,-48.552815876230326,
6076,2xj7,76,0,6,0.49169921875,1,-655843.1340098166,-633995.6701188497,-21856.68164358237,212.5664250812037,
6077,2xj7,77,0,6,0.49169921875,1,-655851.5771187029,-633995.6701188497,-21856.389947570344,11.137038930725916,
6078,2xj7,78,0,6,0.49169921875,1,-655852.866916039,-633995.6701188497,-21856.17918214896,-23.466760310968752,
6079,2xj7,79,0,6,0.49169921875,1,-655852.4703029628,-633995.6701188497,-21856.4678950677,-7.662767424788114,
6080,2xj7,80,0,6,0.49169921875,1,-655853.0456024044,-633995.6701188497,-21856.134738243607,-28.61226659141983,
6081,2xj7,81,0,6,0.49169921875,1,-655851.1838993363,-633995.6701188497,-21856.90172467329,32.006753304867544,
6082,2xj7,82,0,6,0.49169921875,1,-655852.444389754,-633995.6701188497,-21856.025042928246,-17.2776075766891,
6083,2xj7,83,0,6,0.49169921875,1,-655853.1393509741,-633995.6701188497,-21856.24069283105,-28.33078913596596,
6084,2xj7,84,0,6,0.49169921875,1,-655841.7009334796,-633995.6701188497,-21856.882161922244,250.23801326259905,
6085,2xj7,85,0,6,0.49169921875,1,-655850.4650579027,-633995.6701188497,-21856.556560791512,40.62396236014328,
6086,2xj7,86,0,6,0.49169921875,1,-655851.9604238356,-633995.6701188497,-21856.20601782897,-1.9437080122821673,
6087,2xj7,87,0,6,0.49169921875,1,-655832.7255979712,-633995.6701188497,-21856.13022784091,439.87415520072733,
6088,2xj7,88,0,6,0.49169921875,1,-655819.481673383,-633995.6701188497,-21855.93450704911,740.7728829512582,
6089,2xj7,89,0,6,0.49169921875,1,-655849.6647153726,-633995.6701188497,-21856.99289659359,69.14244219108816,
6090,2xj7,90,0,6,0.49169921875,1,-655852.477427938,-633995.6701188497,-21856.143754161385,-15.301940130301311,
6091,2xj7,91,0,6,0.49169921875,1,-655852.9270335223,-633995.6701188497,-21856.508470452794,-17.259533728412716,
6092,2xj7,92,0,6,0.49169921875,1,-655822.3068340503,-633995.6701188497,-21856.278502590445,683.5558558882539,
6093,2xj7,93,0,6,0.49169921875,1,-655852.5316265902,-633995.6701188497,-21856.226464963933,-14.644434322451712,
6094,2xj7,94,0,6,0.49169921875,1,-655854.321865269,-633995.6701188497,-21857.021766460923,-37.58823079215199,
6095,2xj7,95,0,6,0.49169921875,1,-655853.6356542195,-633995.6701188497,-21856.094638682374,-43.14390254694316,
6096,2xj7,96,0,6,0.49169921875,1,-655849.8481747591,-633995.6701188497,-21857.057335592297,66.39776684642484,
6097,2xj7,97,0,6,0.49169921875,1,-655852.0171356283,-633995.6701188497,-21856.407896019,1.4039086365208204,
6098,2xj7,98,0,6,0.49169921875,1,-655844.7825896824,-633995.6701188497,-21856.656364030627,173.96630992094634,
6099,2xj7,99,0,6,0.49169921875,1,-655844.383685046,-633995.6701188497,-21856.179464108714,172.1676959085017,
6100,2xj7,100,0,6,0.49169921875,1,-655825.8303635054,-633995.6701188497,-21856.304865516213,602.9092798677415,
7001,2wca,1,0,7,0.49169921875,0,-670811.5884014146,-633995.6701188497,-36825.49608941934,220.86947308055593,
7002,2wca,2,0,7,0.49169921875,0,-670820.2114220483,-633995.6701188497,-36826.181580683224,37.82569739076538,
7003,2wca,3,0,7,0.49169921875,0,-670802.2669133166,-633995.6701188497,-36826.41078241725,456.92141684587784,
7004,2wca,4,0,7,0.49169921875,0,-670814.1453004257,-633995.6701188497,-36826.204401275114,178.2400405652181,
7005,2wca,5,0,7,0.49169921875,0,-670810.4767981393,-633995.6701188497,-36826.08532251981,260.0916916757315,
7006,2wca,6,0,7,0.49169921875,0,-670819.0529293043,-633995.6701188497,-36826.31912465953,67.71301416892587,
7007,2wca,7,0,7,0.49169921875,0,-670807.6141737321,-633995.6701188497,-36825.78499432464,319.17964602867914,
7008,2wca,8,0,7,0.49169921875,0,-670813.3540526704,-633995.6701188497,-36825.570565780596,181.87005353384896,
7009,2wca,9,0,7,0.49169921875,0,-670805.989433222,-633995.6701188497,-36817.9814519491,176.69309007543896,
7010,2wca,10,0,7,0.49169921875,0,-670802.1930205148,-633995.6701188497,-36817.14438249735,244.93716676471686,
7011,2wca,11,0,7,0.49169921875,0,-670820.4938680448,-633995.6701188497,-36826.10776146312,29.610026322132843,
7012,2wca,12,0,7,0.49169921875,0,-670811.7725046651,-633995.6701188497,-36826.04730196853,229.33521462192854,
7013,2wca,13,0,7,0.49169921875,0,-670782.3475494758,-633995.6701188497,-36820.868373652964,788.4618770444691,
7014,2wca,14,0,7,0.49169921875,0,-670801.4274580999,-633995.6701188497,-36825.93146773242,465.22645480579337,
7015,2wca,15,0,7,0.49169921875,0,-670799.930672876,-633995.6701188497,-36812.72452815433,195.18388021814704,
7016,2wca,16,0,7,0.49169921875,0,-670814.6478936599,-633995.6701188497,-36826.22083439489,167.02892199358385,
7017,2wca,17,0,7,0.49169921875,0,-670813.0008411033,-633995.6701188497,-36826.102740844704,202.28755429269907,
7018,2wca,18,0,7,0.49169921875,0,-670799.2977810126,-633995.6701188497,-36825.75571401977,510.28499824421135,
7019,2wca,19,0,7,0.49169921875,0,-670809.6116923906,-633995.6701188497,-36825.81054135223,273.7048999129089,
7020,2wca,20,0,7,0.49169921875,0,-670795.8525019658,-633995.6701188497,-36825.78381009956,590.3829314840846,
7021,2wca,21,0,7,0.49169921875,0,-670767.5804065096,-633995.6701188497,-36826.53500088117,1259.6758119742062,
7022,2wca,22,0,7,0.49169921875,0,-670811.2829170448,-633995.6701188497,-36826.20401962661,244.23936840602144,
7023,2wca,23,0,7,0.49169921875,0,-670805.0825234422,-633995.6701188497,-36826.21364637275,387.4458396873162,
7024,2wca,24,0,7,0.49169921875,0,-670814.5200781004,-633995.6701188497,-36826.04205473323,165.85366187833205,
7025,2wca,25,0,7,0.49169921875,0,-670803.7108652965,-633995.6701188497,-36826.246376117684,419.8317938116065,
7026,2wca,26,0,7,0.49169921875,0,-670815.4126824661,-633995.6701188497,-36825.841931244366,140.6547589219703,
7027,2wca,27,0,7,0.49169921875,0,-670811.2512162247,-633995.6701188497,-36820.405733188585,111.25874494404906,
7028,2wca,28,0,7,0.49169921875,0,-670801.5923630522,-633995.6701188497,-36825.720099290804,456.5493842083687,
7029,2wca,29,0,7,0.49169921875,0,-670815.9614256398,-633995.6701188497,-36825.885189553715,128.99800102967114,
7030,2wca,30,0,7,0.49169921875,0,-670808.8690663946,-633995.6701188497,-36826.20470114612,299.9198029939489,
7031,2wca,31,0,7,0.49169921875,0,-670799.3576043168,-633995.6701188497,-36825.56156643291,504.42829036377987,
7032,2wca,32,0,7,0.49169921875,0,-670801.4751802908,-633995.6701188497,-36826.12269552608,468.5357726232587,
7033,2wca,33,0,7,0.49169921875,0,-670809.4319555537,-633995.6701188497,-36826.330586990334,289.84226714950654,
7034,2wca,34,0,7,0.49169921875,0,-670814.720554672,-633995.6701188497,-36818.56679477357,-11.153027535318447,
7035,2wca,35,0,7,0.49169921875,0,-670813.7735939989,-633995.6701188497,-36826.26379509826,188.18144849988028,
7036,2wca,36,0,7,0.49169921875,0,-670807.6944975929,-633995.6701188497,-36825.69281597991,315.2016506684517,
7037,2wca,37,0,7,0.49169921875,0,-670812.210890703,-633995.6701188497,-36817.90690292976,31.503731031728503,
7038,2wca,38,0,7,0.49169921875,0,-670819.0380782408,-633995.6701188497,-36825.673264523975,53.161599281008264,
7039,2wca,39,0,7,0.49169921875,0,-670805.2478030691,-633995.6701188497,-36825.55696221252,368.49090446034745,
7040,2wca,40,0,7,0.49169921875,0,-670797.0951048211,-633995.6701188497,-36826.04372962375,567.7217155243578,
7041,2wca,41,0,7,0.49169921875,0,-670818.4221744911,-633995.6701188497,-36825.81459852121,70.62391656364804,
7042,2wca,42,0,7,0.49169921875,0,-670805.4011107459,-633995.6701188497,-36825.81372722053,370.87668719556194,
7043,2wca,43,0,7,0.49169921875,0,-670772.6963142076,-633995.6701188497,-36820.90921600719,1011.9664966348954,
7044,2wca,44,0,7,0.49169921875,0,-670798.0331426488,-633995.6701188497,-36826.20199449916,549.7397240631502,
7045,2wca,45,0,7,0.49169921875,0,-670781.5203148798,-633995.6701188497,-36820.804471334435,806.0647375400779,
7046,2wca,46,0,7,0.49169921875,0,-670799.5806435866,-633995.6701188497,-36825.73353811168,503.2506437383218,
7047,2wca,47,0,7,0.49169921875,0,-670822.197414569,-633995.6701188497,-36826.39445169826,-3.0634559000721193,
7048,2wca,48,0,7,0.49169921875,0,-670819.5223811046,-633995.6701188497,-36825.96075244804,48.62293894876976,
7049,2wca,49,0,7,0.49169921875,0,-670803.7359923052,-633995.6701188497,-36825.982788166024,413.1738686594115,
7050,2wca,50,0,7,0.49169921875,0,-670813.727590121,-633995.6701188497,-36825.9009060469,180.87390280017914,
7051,2wca,51,0,7,0.49169921875,0,-670803.6888073005,-633995.6701188497,-36825.78867127557,409.7855388799197,
7052,2wca,52,0,7,0.49169921875,0,-670804.3411373124,-633995.6701188497,-36826.00702538152,399.7778167450731,
7053,2wca,53,0,7,0.49169921875,0,-670805.8508578466,-633995.6701188497,-36826.06145336292,366.21797322358896,
7054,2wca,54,0,7,0.49169921875,0,-670789.314765386,-633995.6701188497,-36825.768386980526,740.7910530118628,
7055,2wca,55,0,7,0.49169921875,0,-670795.1544964084,-633995.6701188497,-36826.14408071895,614.787359877229,
7056,2wca,56,0,7,0.49169921875,0,-670809.6571293996,-633995.6701188497,-36826.1540959682,280.5796552486752,
7057,2wca,57,0,7,0.49169921875,0,-670810.8709092961,-633995.6701188497,-36825.95179613493,247.9240809082604,
7058,2wca,58,0,7,0.49169921875,0,-670795.7426083905,-633995.6701188497,-36825.73849590682,591.8721674248312,
7059,2wca,59,0,7,0.49169921875,0,-670809.8325663576,-633995.6701188497,-36826.45679428239,283.5143718407249,
7060,2wca,60,0,7,0.49169921875,0,-670796.2998139636,-633995.6701188497,-36825.76658203264,579.6703831031977,
7061,2wca,61,0,7,0.49169921875,0,-670782.8586025612,-633995.6701188497,-36825.86838873289,891.9797998307052,
7062,2wca,62,0,7,0.49169921875,0,-670807.4422027095,-633995.6701188497,-36826.36018546485,336.4096148218103,
7063,2wca,63,0,7,0.49169921875,0,-670800.8725678542,-633995.6701188497,-36825.97491033931,479.024338170756,
7064,2wca,64,0,7,0.49169921875,0,-670794.0439429061,-633995.6701188497,-36826.18844695945,641.4204418475034,
7065,2wca,65,0,7,0.49169921875,0,-670799.0586069451,-633995.6701188497,-36818.860470196276,356.79238327241774,
7066,2wca,66,0,7,0.49169921875,0,-670806.1378871127,-633995.6701188497,-36824.52236576938,324.1067180369732,
7067,2wca,67,0,7,0.49169921875,0,-670795.2854047784,-633995.6701188497,-36824.429684361414,572.2336219453953,
7068,2wca,68,0,7,0.49169921875,0,-670808.3526433931,-633995.6701188497,-36825.94829209705,305.9158671814118,
7069,2wca,69,0,7,0.49169921875,0,-670820.732419871,-633995.6701188497,-36826.070229014374,23.24337169406524,
7070,2wca,70,0,7,0.49169921875,0,-670785.888742156,-633995.6701188497,-36821.00098719267,709.8581747421646,
7071,2wca,71,0,7,0.49169921875,0,-670797.5847917267,-633995.6701188497,-36826.09713258405,557.660768737826,
7072,2wca,72,0,7,0.49169921875,0,-670809.4211415574,-633995.6701188497,-36824.32258029838,243.78590946468447,
7073,2wca,73,0,7,0.49169921875,0,-670818.5322706329,-633995.6701188497,-36825.46866269968,60.10756966062586,
7074,2wca,74,0,7,0.49169921875,0,-670813.0758531911,-633995.6701188497,-36825.99049838451,197.9693618317073,
7075,2wca,75,0,7,0.49169921875,0,-670817.3004266836,-633995.6701188497,-36825.94154425521,99.41947370285735,
7076,2wca,76,0,7,0.49169921875,0,-670804.0439199881,-633995.6701188497,-36821.028896709875,291.8334367277812,
7077,2wca,77,0,7,0.49169921875,0,-670808.2213326172,-633995.6701188497,-36826.08180960081,312.0229523908647,
7078,2wca,78,0,7,0.49169921875,0,-670812.8306130988,-633995.6701188497,-36826.25667889976,209.76300121305977,
7079,2wca,79,0,7,0.49169921875,0,-670802.4286033282,-633995.6701188497,-36826.33557059427,451.45833075775886,
7080,2wca,80,0,7,0.49169921875,0,-670817.105567299,-633995.6701188497,-36825.26386733909,88.28543692546411,
7081,2wca,81,0,7,0.49169921875,0,-670799.4546797199,-633995.6701188497,-36824.48372792271,477.33413186954135,
7082,2wca,82,0,7,0.49169921875,0,-670821.5294814629,-633995.6701188497,-36825.112635275356,-17.219941490243432,
7083,2wca,83,0,7,0.49169921875,0,-670807.1024742195,-633995.6701188497,-36824.697941741,305.91168901440705,
7084,2wca,84,0,7,0.49169921875,0,-670761.2153102086,-633995.6701188497,-36825.32779409547,1378.6195698458178,
7085,2wca,85,0,7,0.49169921875,0,-670804.3995790557,-633995.6701188497,-36824.74402721784,369.3046885632728,
7086,2wca,86,0,7,0.49169921875,0,-670818.9595159215,-633995.6701188497,-36824.64763607644,31.321735531649207,
7087,2wca,87,0,7,0.49169921875,0,-670817.1711361477,-633995.6701188497,-36824.73106743951,74.48672578439107,
7088,2wca,88,0,7,0.49169921875,0,-670817.2407121287,-633995.6701188497,-36825.154103299574,82.63770423160094,
7089,2wca,89,0,7,0.49169921875,0,-670816.2577018515,-633995.6701188497,-36824.543263694264,91.22016381077779,
7090,2wca,90,0,7,0.49169921875,0,-670817.7854753061,-633995.6701188497,-36825.10722227954,68.9940649179845,
7091,2wca,91,0,7,0.49169921875,0,-670802.989286668,-633995.6701188497,-36825.144484361605,411.0615647429823,
7092,2wca,92,0,7,0.49169921875,0,-670801.872262098,-633995.6701188497,-36824.62639828582,424.87341453659315,
7093,2wca,93,0,7,0.49169921875,0,-670823.3095746415,-633995.6701188497,-36826.0200743284,-37.343823692644115,
7094,2wca,94,0,7,0.49169921875,0,-670821.4150374158,-633995.6701188497,-36825.98248185777,5.4783396507767605,
7095,2wca,95,0,7,0.49169921875,0,-670813.2021959195,-633995.6701188497,-36825.79211600681,190.48102299093173,
7096,2wca,96,0,7,0.49169921875,0,-670822.1680531428,-633995.6701188497,-36826.45299043317,-1.0364300319823447,
7097,2wca,97,0,7,0.49169921875,0,-670810.5093777553,-633995.6701188497,-36825.95600762036,256.3583154573907,
7098,2wca,98,0,7,0.49169921875,0,-670821.4864678903,-633995.6701188497,-36825.82830097341,0.2756181181705869,
7099,2wca,99,0,7,0.49169921875,0,-670810.7245746771,-633995.6701188497,-36826.45077188869,262.8052916255983,
7100,2wca,100,0,7,0.49169921875,0,-670822.3040161208,-633995.6701188497,-36826.06457646747,-13.128849623622175,
8001,2w66,1,0,8,0.49169921875,1,-656856.5212540375,-633995.6701188497,-22865.3920289611,104.71549805338539,
8002,2w66,2,0,8,0.49169921875,1,-656861.6976986876,-633995.6701188497,-22865.536352399515,-11.327973836934389,
8003,2w66,3,0,8,0.49169921875,1,-656853.5555247416,-633995.6701188497,-22865.19687879434,168.60657057844872,
8004,2w66,4,0,8,0.49169921875,1,-656852.8051493961,-633995.6701188497,-22865.789417121337,199.57489555734935,
8005,2w66,5,0,8,0.49169921875,1,-656856.1827096092,-633995.6701188497,-22865.094580162087,105.66318577928186,
8006,2w66,6,0,8,0.49169921875,1,-656852.7263192286,-633995.6701188497,-22864.662465516256,175.40464101181968,
8007,2w66,7,0,8,0.49169921875,1,-656855.9438330134,-633995.6701188497,-22865.392998400835,118.05349900923049,
8008,2w66,8,0,8,0.49169921875,1,-656848.8773930419,-633995.6701188497,-22864.664048645423,264.1994952648048,
8009,2w66,9,0,8,0.49169921875,1,-656857.9175354884,-633995.6701188497,-22865.53632843844,75.84410786968586,
8010,2w66,10,0,8,0.49169921875,1,-656858.9930620244,-633995.6701188497,-22865.338968191074,46.49064131944223,
8011,2w66,11,0,8,0.49169921875,1,-656856.3924803188,-633995.6701188497,-22865.391783538966,107.67943098442525,
8012,2w66,12,0,8,0.49169921875,1,-656859.1973236251,-633995.6701188497,-22865.536055449174,46.32519704788812,
8013,2w66,13,0,8,0.49169921875,1,-656854.6065270053,-633995.6701188497,-22865.53664476029,152.20507191590977,
8014,2w66,14,0,8,0.49169921875,1,-656846.6243023028,-633995.6701188497,-22864.662640575098,316.12453114554097,
8015,2w66,15,0,8,0.49169921875,1,-656860.5012294998,-633995.6701188497,-22865.988771442084,26.696292065372656,
8016,2w66,16,0,8,0.49169921875,1,-656838.1835882562,-633995.6701188497,-22864.45063579433,505.8830747542995,
8017,2w66,17,0,8,0.49169921875,1,-656855.3998526678,-633995.6701188497,-22865.533966544786,133.8487864139281,
8018,2w66,18,0,8,0.49169921875,1,-656850.8390388092,-633995.6701188497,-22865.195838514494,231.22623493219155,
8019,2w66,19,0,8,0.49169921875,1,-656861.0648195198,-633995.6701188497,-22865.391604277997,-0.07140449665408366,
8020,2w66,20,0,8,0.49169921875,1,-656844.4703640239,-633995.6701188497,-22865.338241878675,381.3752640260093,
8021,2w66,21,0,8,0.49169921875,1,-656842.746246402,-633995.6701188497,-22865.194733503977,417.8249791725276,
8022,2w66,22,0,8,0.49169921875,1,-656857.1402424028,-633995.6701188497,-22865.987857553886,104.1814210119112,
8023,2w66,23,0,8,0.49169921875,1,-656828.009522443,-633995.6701188497,-22865.09163064113,755.2842983950912,
8024,2w66,24,0,8,0.49169921875,1,-656835.9794647443,-633995.6701188497,-22865.093705866264,571.5409185776139,
8025,2w66,25,0,8,0.49169921875,1,-656859.9853743361,-633995.6701188497,-22865.971226695696,38.18760327794663,
8026,2w66,26,0,8,0.49169921875,1,-656837.5963674834,-633995.6701188497,-22865.090138572978,534.1719918890122,
8027,2w66,27,0,8,0.49169921875,1,-656831.906924059,-633995.6701188497,-22865.094821799306,665.4816718704557,
8028,2w66,28,0,8,0.49169921875,1,-656841.7629104602,-633995.6701188497,-22865.094641152547,438.1930602342915,
8029,2w66,29,0,8,0.49169921875,1,-656861.096191396,-633995.6701188497,-22864.662041339794,-17.61897818127518,
8030,2w66,30,0,8,0.49169921875,1,-656838.2722587785,-633995.6701188497,-22865.787719879077,534.6721754256888,
8031,2w66,31,0,8,0.49169921875,1,-656831.3970869681,-633995.6701188497,-22865.09081755927,677.1464545236962,
8032,2w66,32,0,8,0.49169921875,1,-656827.2186486173,-633995.6701188497,-22865.537267211603,783.7989055309814,
8033,2w66,33,0,8,0.49169921875,1,-656846.1377391414,-633995.6701188497,-22865.343040857235,343.03534745368796,
8034,2w66,34,0,8,0.49169921875,1,-656822.3560907593,-633995.6701188497,-22865.387110713647,892.4694624912702,
8035,2w66,35,0,8,0.49169921875,1,-656850.2371235689,-633995.6701188497,-22865.34221119037,248.48216421399525,
8036,2w66,36,0,8,0.49169921875,1,-656856.6877027649,-633995.6701188497,-22865.534992281126,104.17391169404492,
8037,2w66,37,0,8,0.49169921875,1,-656836.5425353097,-633995.6701188497,-22865.532361689726,568.6718464715682,
8038,2w66,38,0,8,0.49169921875,1,-656849.3653830936,-633995.6701188497,-22864.66129586451,252.8826966998287,
8039,2w66,39,0,8,0.49169921875,1,-656838.0331678888,-633995.6701188497,-22865.394984636216,531.1290524705188,
8040,2w66,40,0,8,0.49169921875,1,-656859.768343364,-633995.6701188497,-22864.449310008215,8.096223825503323,
8041,2w66,41,0,8,0.49169921875,1,-656809.9822290287,-633995.6701188497,-22865.988755885282,1191.6917600359666,
8042,2w66,42,0,8,0.49169921875,1,-656858.2242509177,-633995.6701188497,-22865.537919524835,68.80777336595551,
8043,2w66,43,0,8,0.49169921875,1,-656856.9535200646,-633995.6701188497,-22865.095863181858,87.9174615422041,
8044,2w66,44,0,8,0.49169921875,1,-656848.6966209161,-633995.6701188497,-22865.195021126197,280.61271580606564,
8045,2w66,45,0,8,0.49169921875,1,-656859.4941690908,-633995.6701188497,-22865.33987394325,34.95572498771797,
8046,2w66,46,0,8,0.49169921875,1,-656846.9671812853,-633995.6701188497,-22865.787174436973,334.1499208801528,
8047,2w66,47,0,8,0.49169921875,1,-656822.7400163909,-633995.6701188497,-22865.093527246026,876.84573150203,
8048,2w66,48,0,8,0.49169921875,1,-656857.9445015836,-633995.6701188497,-22865.096583101677,65.08148656970796,
8049,2w66,49,0,8,0.49169921875,1,-656858.7751590208,-633995.6701188497,-22865.791825119177,61.958732806467744,
8050,2w66,50,0,8,0.49169921875,1,-656838.6520180454,-633995.6701188497,-22866.64822304599,545.7583931245669,
8051,2w66,51,0,8,0.49169921875,1,-656863.1158230504,-633995.6701188497,-22866.033153597025,-32.574190758154344,
8052,2w66,52,0,8,0.49169921875,1,-656861.7737738836,-633995.6701188497,-22866.639684531616,12.361133871590285,
8053,2w66,53,0,8,0.49169921875,1,-656852.3682715343,-633995.6701188497,-22866.325890037933,222.02089773702676,
8054,2w66,54,0,8,0.49169921875,1,-656858.5878483107,-633995.6701188497,-22866.675368997978,86.65322627308088,
8055,2w66,55,0,8,0.49169921875,1,-656852.188344573,-633995.6701188497,-22866.23736122599,224.12858913217175,
8056,2w66,56,0,8,0.49169921875,1,-656860.061897074,-633995.6701188497,-22867.1686359977,64.03586150312492,
8057,2w66,57,0,8,0.49169921875,1,-656846.926516314,-633995.6701188497,-22866.357064727465,348.229659696179,
8058,2w66,58,0,8,0.49169921875,1,-656861.9430853178,-633995.6701188497,-22866.767740610765,11.409762781712011,
8059,2w66,59,0,8,0.49169921875,1,-656860.5255186757,-633995.6701188497,-22866.816721562056,45.22915370648786,
8060,2w66,60,0,8,0.49169921875,1,-656864.427130838,-633995.6701188497,-22866.573058042453,-50.36317442845025,
8061,2w66,61,0,8,0.49169921875,1,-656853.7294479506,-633995.6701188497,-22866.211979333082,188.00458062590053,
8062,2w66,62,0,8,0.49169921875,1,-656863.3591605475,-633995.6701188497,-22866.966880831646,-16.65342519465112,
8063,2w66,63,0,8,0.49169921875,1,-656860.2031249901,-633995.6701188497,-22866.520931575207,45.842649573533215,
8064,2w66,64,0,8,0.49169921875,1,-656856.9316188145,-633995.6701188497,-22866.486489478277,120.49112059120141,
8065,2w66,65,0,8,0.49169921875,1,-656853.0170180843,-633995.6701188497,-22866.07742888085,201.33079649459432,
8066,2w66,66,0,8,0.49169921875,1,-656852.8038683435,-633995.6701188497,-22866.85787457578,224.2436515651537,
8067,2w66,67,0,8,0.49169921875,1,-656845.3902119746,-633995.6701188497,-22866.51612732163,387.3257499584892,
8068,2w66,68,0,8,0.49169921875,1,-656863.0442820388,-633995.6701188497,-22866.180064145254,-27.536578114836946,
8069,2w66,69,0,8,0.49169921875,1,-656854.6358320162,-633995.6701188497,-22866.37366958312,170.83153327228092,
8070,2w66,70,0,8,0.49169921875,1,-656861.4404045095,-633995.6701188497,-22867.069429639505,29.958971882410886,
8071,2w66,71,0,8,0.49169921875,1,-656859.1932245245,-633995.6701188497,-22866.315592501072,64.39627602426148,
8072,2w66,72,0,8,0.49169921875,1,-656844.8236112493,-633995.6701188497,-22866.673260275053,404.01544507303737,
8073,2w66,73,0,8,0.49169921875,1,-656821.9144910323,-633995.6701188497,-22866.985131893078,939.5042379609419,
8074,2w66,74,0,8,0.49169921875,1,-656853.6957667073,-633995.6701188497,-22866.967210862564,206.19734135701876,
8075,2w66,75,0,8,0.49169921875,1,-656853.7132099172,-633995.6701188497,-22866.848432663588,203.05600104239807,
8076,2w66,76,0,8,0.49169921875,1,-656842.3116197783,-633995.6701188497,-22866.554568681644,459.2062513744518,
8077,2w66,77,0,8,0.49169921875,1,-656851.1394617454,-633995.6701188497,-22866.266060892263,248.97823177421327,
8078,2w66,78,0,8,0.49169921875,1,-656855.4614906957,-633995.6701188497,-22866.50901601069,154.91255456911688,
8079,2w66,79,0,8,0.49169921875,1,-656861.4562949886,-633995.6701188497,-22866.927997175364,26.33101862522958,
8080,2w66,80,0,8,0.49169921875,1,-656863.1638089913,-633995.6701188497,-22866.27834377043,-28.026553122950844,
8081,2w66,81,0,8,0.49169921875,1,-656862.077645053,-633995.6701188497,-22866.940309945265,12.286284964613458,
8082,2w66,82,0,8,0.49169921875,1,-656862.0026303282,-633995.6701188497,-22867.076660457777,17.160483130799438,
8083,2w66,83,0,8,0.49169921875,1,-656857.9972392073,-633995.6701188497,-22866.819785300402,103.60331480176467,
8084,2w66,84,0,8,0.49169921875,1,-656861.8522654223,-633995.6701188497,-22866.583826336788,9.26295541408227,
8085,2w66,85,0,8,0.49169921875,1,-656862.4583409773,-633995.6701188497,-22866.721750501314,-1.5328721172081166,
8086,2w66,86,0,8,0.49169921875,1,-656855.7596508014,-633995.6701188497,-22866.767870191263,154.00613840248144,
8087,2w66,87,0,8,0.49169921875,1,-656860.5050701251,-633995.6701188497,-22867.18761957042,54.25381974742592,
8088,2w66,88,0,8,0.49169921875,1,-656860.5329318689,-633995.6701188497,-22866.21759745829,31.242071357950845,
8089,2w66,89,0,8,0.49169921875,1,-656861.5184107468,-633995.6701188497,-22866.731060329595,20.3571236609567,
8090,2w66,90,0,8,0.49169921875,1,-656842.097342213,-633995.6701188497,-22866.322533327864,458.79674704261265,
8091,2w66,91,0,8,0.49169921875,1,-656860.7650930187,-633995.6701188497,-22866.85238808742,40.52692772563617,
8092,2w66,92,0,8,0.49169921875,1,-656862.1919938374,-633995.6701188497,-22866.2460706269,-6.360199652634113,
8093,2w66,93,0,8,0.49169921875,1,-656863.731657152,-633995.6701188497,-22866.69312405936,-31.556382099681095,
8094,2w66,94,0,8,0.49169921875,1,-656852.9358952095,-633995.6701188497,-22866.063463214563,202.87947851248327,
8095,2w66,95,0,8,0.49169921875,1,-656855.0442678978,-633995.6701188497,-22866.739479306845,169.84855071966365,
8096,2w66,96,0,8,0.49169921875,1,-656855.4804760861,-633995.6701188497,-22866.441223133133,152.91140016958568,
8097,2w66,97,0,8,0.49169921875,1,-656859.9934427188,-633995.6701188497,-22866.54563360266,51.24767990678346,
8098,2w66,98,0,8,0.49169921875,1,-656862.3633454194,-633995.6701188497,-22866.348244014906,-7.95548670513935,
8099,2w66,99,0,8,0.49169921875,1,-656855.5329691222,-633995.6701188497,-22866.53394544473,153.83910930309614,
8100,2w66,100,0,8,0.49169921875,1,-656841.214525317,-633995.6701188497,-22865.87960648887,468.94085274415096,
9001,2w4x,1,0,9,0.49169921875,0,-661334.5421709903,-633995.6701188497,-27355.621170672708,386.2438490319098,
9002,2w4x,2,0,9,0.49169921875,0,-661333.390272607,-633995.6701188497,-27354.72504881316,392.1421957913924,
9003,2w4x,3,0,9,0.49169921875,0,-661320.7055916379,-633995.6701188497,-27355.174712392614,695.0273764772475,
9004,2w4x,4,0,9,0.49169921875,0,-661349.4637887223,-633995.6701188497,-27355.361240538892,36.14903832864388,
9005,2w4x,5,0,9,0.49169921875,0,-661343.2956799009,-633995.6701188497,-27355.49034634524,181.36625745103797,
9006,2w4x,6,0,9,0.49169921875,0,-661335.436134015,-633995.6701188497,-27355.07327303582,352.9937522798691,
9007,2w4x,7,0,9,0.49169921875,0,-661347.1663378816,-633995.6701188497,-27355.38849637203,89.75804777298376,
9008,2w4x,8,0,9,0.49169921875,0,-661346.9352700306,-633995.6701188497,-27354.32305625373,70.51696619324119,
9009,2w4x,9,0,9,0.49169921875,0,-661349.1107610204,-633995.6701188497,-27355.213235351377,40.87696982666882,
9010,2w4x,10,0,9,0.49169921875,0,-661349.9558504119,-633995.6701188497,-27354.965764436063,15.681930614566166,
9011,2w4x,11,0,9,0.49169921875,0,-661345.3594247738,-633995.6701188497,-27353.211639079378,81.22693220238897,
9012,2w4x,12,0,9,0.49169921875,0,-661325.3823140307,-633995.6701188497,-27346.385718646583,384.5005853844408,
9013,2w4x,13,0,9,0.49169921875,0,-661346.4658563472,-633995.6701188497,-27354.88636079722,94.33201426003689,
9014,2w4x,14,0,9,0.49169921875,0,-661319.4122432515,-633995.6701188497,-27341.718951854047,414.55548930691265,
9015,2w4x,15,0,9,0.49169921875,0,-661347.2474941055,-633995.6701188497,-27353.559571298883,45.71052666215796,
9016,2w4x,16,0,9,0.49169921875,0,-661311.0014115615,-633995.6701188497,-27342.787911269006,633.1646655059654,
9017,2w4x,17,0,9,0.49169921875,0,-661345.975613717,-633995.6701188497,-27347.853372666174,-56.54728130479783,
9018,2w4x,18,0,9,0.49169921875,0,-661345.8864595338,-633995.6701188497,-27355.213054212865,115.22695132601221,
9019,2w4x,19,0,9,0.49169921875,0,-661336.670752276,-633995.6701188497,-27354.323331627176,307.22871909551236,
9020,2w4x,20,0,9,0.49169921875,0,-661315.8300386412,-633995.6701188497,-27347.367978188333,627.4327320383098,
9021,2w4x,21,0,9,0.49169921875,0,-661324.6560376325,-633995.6701188497,-27347.83912262612,434.7652089900142,
9022,2w4x,22,0,9,0.49169921875,0,-661311.0475971594,-633995.6701188497,-27341.88733077341,611.3317207226376,
9023,2w4x,23,0,9,0.49169921875,0,-661348.2951533387,-633995.6701188497,-27354.739472898767,48.76010808402177,
9024,2w4x,24,0,9,0.49169921875,0,-661341.783672039,-633995.6701188497,-27354.96547541314,204.13017583526005,
9025,2w4x,25,0,9,0.49169921875,0,-661339.4019584694,-633995.6701188497,-27347.712581905656,91.79809788681878,
9026,2w4x,26,0,9,0.49169921875,0,-661329.7311220065,-633995.6701188497,-27347.230540427503,303.69674413767626,
9027,2w4x,27,0,9,0.49169921875,0,-661345.981133763,-633995.6701188497,-27353.964997741517,84.26284578339836,
9028,2w4x,28,0,9,0.49169921875,0,-661322.3373455746,-633995.6701188497,-27355.382647964296,662.1933449672582,
9029,2w4x,29,0,9,0.49169921875,0,-661347.7663404979,-633995.6701188497,-27354.78313634091,61.961724789021375,
9030,2w4x,30,0,9,0.49169921875,0,-661329.9046146169,-633995.6701188497,-27354.959969672498,477.9407823063098,
9031,2w4x,31,0,9,0.49169921875,0,-661345.0946620295,-633995.6701188497,-27354.98728469305,128.27986673553235,
9032,2w4x,32,0,9,0.49169921875,0,-661343.0139161838,-633995.6701188497,-27353.699877712068,146.5746955709141,
9033,2w4x,33,0,9,0.49169921875,0,-661331.8295035554,-633995.6701188497,-27341.695319119033,127.66168032564784,
9034,2w4x,34,0,9,0.49169921875,0,-661347.6059730396,-633995.6701188497,-27353.387364718255,33.47262796549213,
9035,2w4x,35,0,9,0.49169921875,0,-661338.6132813882,-633995.6701188497,-27355.153564605043,281.5785608875241,
9036,2w4x,36,0,9,0.49169921875,0,-661323.1562046899,-633995.6701188497,-27354.9619407981,633.6082674449376,
9037,2w4x,37,0,9,0.49169921875,0,-661327.3195940591,-633995.6701188497,-27347.075367125803,355.7295183678159,
9038,2w4x,38,0,9,0.49169921875,0,-661341.4944359555,-633995.6701188497,-27354.364025863943,196.9303622764028,
9039,2w4x,39,0,9,0.49169921875,0,-661339.7792925576,-633995.6701188497,-27351.364164385126,167.30405952293927,
9040,2w4x,40,0,9,0.49169921875,0,-661339.5854785038,-633995.6701188497,-27354.783133777913,250.6168249942276,
9041,2w4x,41,0,9,0.49169921875,0,-661328.5741986978,-633995.6701188497,-27341.882832232055,207.05494880981416,
9042,2w4x,42,0,9,0.49169921875,0,-661348.9906411066,-633995.6701188497,-27355.304163548288,45.74385487897581,
9043,2w4x,43,0,9,0.49169921875,0,-661341.2372524183,-633995.6701188497,-27355.15679607086,221.14287081339793,
9044,2w4x,44,0,9,0.49169921875,0,-661339.3187565249,-633995.6701188497,-27354.966560813722,260.99750787882095,
9045,2w4x,45,0,9,0.49169921875,0,-661325.5620187707,-633995.6701188497,-27351.358907255464,495.04094941665926,
9046,2w4x,46,0,9,0.49169921875,0,-661346.7041274055,-633995.6701188497,-27354.96537390643,90.65943870756122,
9047,2w4x,47,0,9,0.49169921875,0,-661319.4022653888,-633995.6701188497,-27353.93092999153,696.4004902329405,
9048,2w4x,48,0,9,0.49169921875,0,-661320.462262754,-633995.6701188497,-27354.879103931722,693.8217807913313,
9049,2w4x,49,0,9,0.49169921875,0,-661346.2840727903,-633995.6701188497,-27354.326905044847,85.62268653292308,
9050,2w4x,50,0,9,0.49169921875,0,-661325.1290029779,-633995.6701188497,-27354.682592245874,581.6725275146529,
9051,2w4x,51,0,9,0.49169921875,0,-661324.9319477866,-633995.6701188497,-27354.879089507387,590.7480626758565,
9052,2w4x,52,0,9,0.49169921875,0,-661343.142314334,-633995.6701188497,-27355.095929834184,175.8074906228298,
9053,2w4x,53,0,9,0.49169921875,0,-661319.6956836767,-633995.6701188497,-27353.561873885923,681.1234677926635,
9054,2w4x,54,0,9,0.49169921875,0,-661342.7136457906,-633995.6701188497,-27355.01092019969,183.73245333052296,
9055,2w4x,55,0,9,0.49169921875,0,-661346.5880432468,-633995.6701188497,-27354.7989255517,89.49801275762483,
9056,2w4x,56,0,9,0.49169921875,0,-661335.5198397533,-633995.6701188497,-27341.734663310584,43.46780453524456,
9057,2w4x,57,0,9,0.49169921875,0,-661304.0459725597,-633995.6701188497,-27354.717487665945,1068.6634663902616,
9058,2w4x,58,0,9,0.49169921875,0,-661342.678268467,-633995.6701188497,-27347.831492873964,18.986746552806324,
9059,2w4x,59,0,9,0.49169921875,0,-661306.6763766895,-633995.6701188497,-27341.697487983034,707.7565807001132,
9060,2w4x,60,0,9,0.49169921875,0,-661338.8733888759,-633995.6701188497,-27355.212587985334,276.94145121125297,
9061,2w4x,61,0,9,0.49169921875,0,-661332.6517304071,-633995.6701188497,-27354.962189707094,414.6419824427058,
9062,2w4x,62,0,9,0.49169921875,0,-661346.5262970374,-633995.6701188497,-27355.211632344064,100.4391588980848,
9063,2w4x,63,0,9,0.49169921875,0,-661349.3379305641,-633995.6701188497,-27354.135889503286,10.794130240317816,
9064,2w4x,64,0,9,0.49169921875,0,-661350.2932289435,-633995.6701188497,-27355.186439904508,12.990694045203888,
9065,2w4x,65,0,9,0.49169921875,0,-661349.3796242963,-633995.6701188497,-27354.78978017264,24.911726989938632,
9066,2w4x,66,0,9,0.49169921875,0,-661322.3039910091,-633995.6701188497,-27355.26120046073,660.1618735554583,
9067,2w4x,67,0,9,0.49169921875,0,-661350.1621707716,-633995.6701188497,-27354.595064672754,2.3755304682078697,
9068,2w4x,68,0,9,0.49169921875,0,-661348.9584693357,-633995.6701188497,-27353.81195912057,12.074701962831353,
9069,2w4x,69,0,9,0.49169921875,0,-661350.0821014531,-633995.6701188497,-27354.955479296976,12.533331498650739,
9070,2w4x,70,0,9,0.49169921875,0,-661352.9748320028,-633995.6701188497,-27355.077291759786,-51.36555757825005,
9071,2w4x,71,0,9,0.49169921875,0,-661350.2298968772,-633995.6701188497,-27355.037348660753,11.013040431342466,
9072,2w4x,72,0,9,0.49169921875,0,-661344.7222597344,-633995.6701188497,-27354.892236325082,134.6758002386948,
9073,2w4x,73,0,9,0.49169921875,0,-661348.8269572891,-633995.6701188497,-27354.66496113234,34.77813549489285,
9074,2w4x,74,0,9,0.49169921875,0,-661350.550589402,-633995.6701188497,-27354.869666370687,-0.2491503456807301,
9075,2w4x,75,0,9,0.49169921875,0,-661349.6077084879,-633995.6701188497,-27354.5071669548,13.13476495346275,
9076,2w4x,76,0,9,0.49169921875,0,-661350.0302395119,-633995.6701188497,-27355.09120098048,16.859112649166452,
9077,2w4x,77,0,9,0.49169921875,0,-661350.5621686615,-633995.6701188497,-27354.95388850861,1.4260342260502414,
9078,2w4x,78,0,9,0.49169921875,0,-661348.4259595766,-633995.6701188497,-27353.799597296056,24.069598286657843,
9079,2w4x,79,0,9,0.49169921875,0,-661333.8703093717,-633995.6701188497,-27355.16134676628,391.1335548335826,
9080,2w4x,80,0,9,0.49169921875,0,-661349.3782194002,-633995.6701188497,-27355.471915277776,40.67453388365236,
9081,2w4x,81,0,9,0.49169921875,0,-661330.3920218982,-633995.6701188497,-27355.241239044004,473.1871291778841,
9082,2w4x,82,0,9,0.49169921875,0,-661348.537131612,-633995.6701188497,-27354.809984657106,44.80599631529176,
9083,2w4x,83,0,9,0.49169921875,0,-661340.9940726052,-633995.6701188497,-27354.638226839827,214.79223997011016,
9084,2w4x,84,0,9,0.49169921875,0,-661350.590081249,-633995.6701188497,-27354.65973398381,-6.001009822021122,
9085,2w4x,85,0,9,0.49169921875,0,-661349.4426699617,-633995.6701188497,-27354.609769198232,19.306707722370607,
9086,2w4x,86,0,9,0.49169921875,0,-661350.0799309359,-633995.6701188497,-27354.996115538415,13.520478804327785,
9087,2w4x,87,0,9,0.49169921875,0,-661349.1526026914,-633995.6701188497,-27354.39692929679,21.087613155293695,
9088,2w4x,88,0,9,0.49169921875,0,-661349.2530243591,-633995.6701188497,-27353.885810199317,6.985148090125444,
9089,2w4x,89,0,9,0.49169921875,0,-661349.8019332775,-633995.6701188497,-27354.87472340756,17.131888061775733,
9090,2w4x,90,0,9,0.49169921875,0,-661336.0463116958,-633995.6701188497,-27354.526738139924,326.31932657751776,
9091,2w4x,91,0,9,0.49169921875,0,-661349.914171506,-633995.6701188497,-27354.819339665697,13.266433598201038,
9092,2w4x,92,0,9,0.49169921875,0,-661339.154958014,-633995.6701188497,-27355.574267062482,278.7888302907896,
9093,2w4x,93,0,9,0.49169921875,0,-661337.2396390475,-633995.6701188497,-27355.154588553243,313.2791185927256,
9094,2w4x,94,0,9,0.49169921875,0,-661350.8158362105,-633995.6701188497,-27354.809739145574,-7.747841701753122,
9095,2w4x,95,0,9,0.49169921875,0,-661338.1195286552,-633995.6701188497,-27354.32553246908,273.86989472644996,
9096,2w4x,96,0,9,0.49169921875,0,-661328.2498400552,-633995.6701188497,-27354.94766399556,515.8170145823229,
9097,2w4x,97,0,9,0.49169921875,0,-661344.0972438045,-633995.6701188497,-27355.095023426347,153.76539163374912,
9098,2w4x,98,0,9,0.49169921875,0,-661343.1768467025,-633995.6701188497,-27354.97353145772,172.1885816744112,
9099,2w4x,99,0,9,0.49169921875,0,-661329.3414402644,-633995.6701188497,-27354.586019250677,482.3043898107863,
9100,2w4x,100,0,9,0.49169921875,0,-661349.5766305072,-633995.6701188497,-27354.914458009538,23.243795061363045,
10001,2vvn,1,0,10,0.49169921875,0,-665598.0378232254,-633995.6701188497,-31611.601014727665,212.9251950076543,
10002,2vvn,2,0,10,0.49169921875,0,-665594.3237756003,-633995.6701188497,-31611.612880641536,298.8468023853711,
10003,2vvn,3,0,10,0.49169921875,0,-665609.3139219836,-633995.6701188497,-31611.867508048126,-40.962337785906435,
10004,2vvn,4,0,10,0.49169921875,0,-665592.3770588894,-633995.6701188497,-31611.86693643959,349.59782209298913,
10005,2vvn,5,0,10,0.49169921875,0,-665608.536673139,-633995.6701188497,-31611.89692967565,-22.360074779437326,
10006,2vvn,6,0,10,0.49169921875,0,-665598.8619103093,-633995.6701188497,-31611.77340393694,197.89668499822938,
10007,2vvn,7,0,10,0.49169921875,0,-665582.2360860512,-633995.6701188497,-31611.687911147186,579.3257899579016,
10008,2vvn,8,0,10,0.49169921875,0,-665606.6486252655,-633995.6701188497,-31611.70544480713,16.76359754468637,
10009,2vvn,9,0,10,0.49169921875,0,-665602.5570188566,-633995.6701188497,-31611.720502847744,111.46552950526647,
10010,2vvn,10,0,10,0.49169921875,0,-665605.004766803,-633995.6701188497,-31611.55921774538,51.29979809333118,
10011,2vvn,11,0,10,0.49169921875,0,-665607.1235011474,-633995.6701188497,-31611.48047661216,0.6248097356460873,
10012,2vvn,12,0,10,0.49169921875,0,-665604.2631926347,-633995.6701188497,-31611.716713333444,72.03283921353051,
10013,2vvn,13,0,10,0.49169921875,0,-665601.1178059233,-633995.6701188497,-31611.423965984894,137.8162656827581,
10014,2vvn,14,0,10,0.49169921875,0,-665597.5882471759,-633995.6701188497,-31611.68715857895,225.27918940259607,
10015,2vvn,15,0,10,0.49169921875,0,-665603.975802447,-633995.6701188497,-31611.68921589286,78.02610833997058,
10016,2vvn,16,0,10,0.49169921875,0,-665579.4711572189,-633995.6701188497,-31611.688409680442,643.0980599934342,
10017,2vvn,17,0,10,0.49169921875,0,-665604.6816848471,-633995.6701188497,-31611.56210976274,58.816936495152454,
10018,2vvn,18,0,10,0.49169921875,0,-665605.8591496607,-633995.6701188497,-31611.43387573393,28.706805887864782,
10019,2vvn,19,0,10,0.49169921875,0,-665596.8137031749,-633995.6701188497,-31611.48128342063,238.3930044484854,
10020,2vvn,20,0,10,0.49169921875,0,-665605.3814243783,-633995.6701188497,-31611.56015711458,42.6355304318622,
10021,2vvn,21,0,10,0.49169921875,0,-665610.4220494432,-633995.6701188497,-31611.75964676769,-69.00370428821155,
10022,2vvn,22,0,10,0.49169921875,0,-665602.8640183021,-633995.6701188497,-31611.68666815193,103.60570748890247,
10023,2vvn,23,0,10,0.49169921875,0,-665596.8244020299,-633995.6701188497,-31611.559576982567,239.9517754226364,
10024,2vvn,24,0,10,0.49169921875,0,-665591.2977275361,-633995.6701188497,-31611.486862236576,365.72307505320924,
10025,2vvn,25,0,10,0.49169921875,0,-665602.5513204142,-633995.6701188497,-31611.685525888515,110.79035086889593,
10026,2vvn,26,0,10,0.49169921875,0,-665598.182968389,-633995.6701188497,-31611.7170028034,212.25281658749572,
10027,2vvn,27,0,10,0.49169921875,0,-665599.85749055,-633995.6701188497,-31611.56071555049,170.03334852885314,
10028,2vvn,28,0,10,0.49169921875,0,-665592.0943130214,-633995.6701188497,-31611.53993212612,348.5771980935969,
10029,2vvn,29,0,10,0.49169921875,0,-665579.6152045085,-633995.6701188497,-31611.573022896362,637.1153681279504,
10030,2vvn,30,0,10,0.49169921875,0,-665585.9305299629,-633995.6701188497,-31611.569231266098,491.39306635107584,
10031,2vvn,31,0,10,0.49169921875,0,-665576.864890273,-633995.6701188497,-31611.763320261547,704.9274825984527,
10032,2vvn,32,0,10,0.49169921875,0,-665608.9907183159,-633995.6701188497,-31611.76308637293,-35.91710518450941,
10033,2vvn,33,0,10,0.49169921875,0,-665591.0170012517,-633995.6701188497,-31611.70912396343,377.3222541442533,
10034,2vvn,34,0,10,0.49169921875,0,-665592.3379728904,-633995.6701188497,-31611.64544397028,345.3914289601144,
10035,2vvn,35,0,10,0.49169921875,0,-665602.230103995,-633995.6701188497,-31611.718454325506,118.95712526457916,
10036,2vvn,36,0,10,0.49169921875,0,-665601.2782195468,-633995.6701188497,-31611.612421208934,138.46292035470125,
10037,2vvn,37,0,10,0.49169921875,0,-665594.5682623042,-633995.6701188497,-31611.70884012611,295.4216833402523,
10038,2vvn,38,0,10,0.49169921875,0,-665594.1808976639,-633995.6701188497,-31611.706875735836,304.3092242387482,
10039,2vvn,39,0,10,0.49169921875,0,-665608.5814755962,-633995.6701188497,-31611.558174902508,-31.205114635800093,
10040,2vvn,40,0,10,0.49169921875,0,-665599.7321985025,-633995.6701188497,-31611.72152152093,176.63092555595696,
10041,2vvn,41,0,10,0.49169921875,0,-665602.5535792066,-633995.6701188497,-31611.68768387468,110.78802622179843,
10042,2vvn,42,0,10,0.49169921875,0,-665599.446776535,-633995.6701188497,-31611.618511551933,180.83744617248396,
10043,2vvn,43,0,10,0.49169921875,0,-665561.9265984998,-633995.6701188497,-31611.424891347,1041.6083183708995,
10044,2vvn,44,0,10,0.49169921875,0,-665602.6513595989,-633995.6701188497,-31611.619172329025,106.95324303338948,
10045,2vvn,45,0,10,0.49169921875,0,-665604.440581481,-633995.6701188497,-31611.712888652397,67.85395599876455,
10046,2vvn,46,0,10,0.49169921875,0,-665588.7227870632,-633995.6701188497,-31611.91357457073,434.94283317988226,
10047,2vvn,47,0,10,0.49169921875,0,-665584.0093548999,-633995.6701188497,-31611.708824330875,538.9155083296396,
10048,2vvn,48,0,10,0.49169921875,0,-665596.4117578078,-633995.6701188497,-31611.721310639696,253.1972439778186,
10049,2vvn,49,0,10,0.49169921875,0,-665578.2307785256,-633995.6701188497,-31611.705372208668,672.0930373724743,
10050,2vvn,50,0,10,0.49169921875,0,-665603.392381217,-633995.6701188497,-31611.764659458713,93.21989147788136,
10051,2vvn,51,0,10,0.49169921875,0,-665603.2300713763,-633995.6701188497,-31611.760676199505,96.87098918255485,
10052,2vvn,52,0,10,0.49169921875,0,-665601.1584515829,-633995.6701188497,-31611.56703113945,140.17811534608893,
10053,2vvn,53,0,10,0.49169921875,0,-665603.5354434056,-633995.6701188497,-31611.764101082397,89.90792257027147,
10054,2vvn,54,0,10,0.49169921875,0,-665593.0134382357,-633995.6701188497,-31611.765878194885,332.59210725195135,
10055,2vvn,55,0,10,0.49169921875,0,-665589.5623650507,-633995.6701188497,-31611.5603845659,407.4369498432225,
10056,2vvn,56,0,10,0.49169921875,0,-665605.3902775306,-633995.6701188497,-31611.71690949233,46.04616759225411,
10057,2vvn,57,0,10,0.49169921875,0,-665595.1733613713,-633995.6701188497,-31611.76422160299,282.7448945578169,
10058,2vvn,58,0,10,0.49169921875,0,-665607.1628818919,-633995.6701188497,-31611.734700674133,5.579214332820748,
10059,2vvn,59,0,10,0.49169921875,0,-665606.3337168947,-633995.6701188497,-31612.247001105854,36.51414201978171,
10060,2vvn,60,0,10,0.49169921875,0,-665582.756030928,-633995.6701188497,-31612.020562583522,575.0067006161469,
10061,2vvn,61,0,10,0.49169921875,0,-665610.3050623043,-633995.6701188497,-31612.0874536875,-58.7465096204849,
10062,2vvn,62,0,10,0.49169921875,0,-665598.4741942991,-633995.6701188497,-31612.00261341961,212.12332483477974,
10063,2vvn,63,0,10,0.49169921875,0,-665600.7207241312,-633995.6701188497,-31612.051995927402,161.45590387093645,
10064,2vvn,64,0,10,0.49169921875,0,-665603.5863962729,-633995.6701188497,-31612.129651719646,97.16271949260735,
10065,2vvn,65,0,10,0.49169921875,0,-665590.2922074897,-633995.6701188497,-31612.119078809334,403.49017869185803,
10066,2vvn,66,0,10,0.49169921875,0,-665569.4096130986,-633995.6701188497,-31612.26282512577,888.3691142813934,
10067,2vvn,67,0,10,0.49169921875,0,-665610.1782979623,-633995.6701188497,-31612.17801236541,-53.734921726213685,
10068,2vvn,68,0,10,0.49169921875,0,-665604.96787044,-633995.6701188497,-31612.30920785101,69.44583114081182,
10069,2vvn,69,0,10,0.49169921875,0,-665600.908049266,-633995.6701188497,-31612.210961813045,160.80192405029925,
10070,2vvn,70,0,10,0.49169921875,0,-665609.5083910484,-633995.6701188497,-31612.124790543632,-39.5138256632455,
10071,2vvn,71,0,10,0.49169921875,0,-665609.5282361165,-633995.6701188497,-31612.21004437835,-38.00546367225566,
10072,2vvn,72,0,10,0.49169921875,0,-665602.785608675,-633995.6701188497,-31612.338239187317,120.43946147110574,
10073,2vvn,73,0,10,0.49169921875,0,-665597.2320605322,-633995.6701188497,-31612.129170382334,243.6860828701205,
10074,2vvn,74,0,10,0.49169921875,0,-665605.5914044639,-633995.6701188497,-31612.25272416504,53.76425021718317,
10075,2vvn,75,0,10,0.49169921875,0,-665607.2234622196,-633995.6701188497,-31611.695998126575,3.289696840539836,
10076,2vvn,76,0,10,0.49169921875,0,-665608.1349384446,-633995.6701188497,-31612.3998458329,-1.4983305455948353,
10077,2vvn,77,0,10,0.49169921875,0,-665608.6070252471,-633995.6701188497,-31612.032966727333,-20.845343996259658,
10078,2vvn,78,0,10,0.49169921875,0,-665607.3065658171,-633995.6701188497,-31612.151545071916,11.878444477308467,
10079,2vvn,79,0,10,0.49169921875,0,-665605.8137315615,-633995.6701188497,-31612.48304467828,53.948582759331,
10080,2vvn,80,0,10,0.49169921875,0,-665608.4423092557,-633995.6701188497,-31612.06342005165,-16.344632657103787,
10081,2vvn,81,0,10,0.49169921875,0,-665602.2661943985,-633995.6701188497,-31611.930552953792,123.01597134940408,
10082,2vvn,82,0,10,0.49169921875,0,-665605.7805550953,-633995.6701188497,-31612.04994052084,44.72603110762458,
10083,2vvn,83,0,10,0.49169921875,0,-665591.7350071326,-633995.6701188497,-31612.081180447647,369.34447153404454,
10084,2vvn,84,0,10,0.49169921875,0,-665607.9067664255,-633995.6701188497,-31612.214587384777,-0.5087200889643836,
10085,2vvn,85,0,10,0.49169921875,0,-665603.0297482564,-633995.6701188497,-31612.1614350024,110.73226761272187,
10086,2vvn,86,0,10,0.49169921875,0,-665599.5598496158,-633995.6701188497,-31612.009635860042,187.24945979971653,
10087,2vvn,87,0,10,0.49169921875,0,-665607.0095871047,-633995.6701188497,-31611.79709976347,10.553233291224888,
10088,2vvn,88,0,10,0.49169921875,0,-665574.4106571038,-633995.6701188497,-31611.917073005752,765.06906649626,
10089,2vvn,89,0,10,0.49169921875,0,-665604.9235931888,-633995.6701188497,-31612.08381419809,65.26918769679507,
10090,2vvn,90,0,10,0.49169921875,0,-665605.5289243121,-633995.6701188497,-31612.170082384662,53.29931201635451,
10091,2vvn,91,0,10,0.49169921875,0,-665607.5561150715,-633995.6701188497,-31611.876973146507,-0.20807705931159284,
10092,2vvn,92,0,10,0.49169921875,0,-665607.7447499741,-633995.6701188497,-31612.055431688146,-0.442749517720354,
10093,2vvn,93,0,10,0.49169921875,0,-665602.8916487647,-633995.6701188497,-31612.271726364208,116.46029677104072,
10094,2vvn,94,0,10,0.49169921875,0,-665608.4508413782,-633995.6701188497,-31612.263023609237,-11.938420688669778,
10095,2vvn,95,0,10,0.49169921875,0,-665577.2004719332,-633995.6701188497,-31612.043758029053,703.6558342217778,
10096,2vvn,96,0,10,0.49169921875,0,-665607.69256198,-633995.6701188497,-31612.221143716888,4.582144381835772,
10097,2vvn,97,0,10,0.49169921875,0,-665607.8817269914,-633995.6701188497,-31611.762923711853,-10.346908754442646,
10098,2vvn,98,0,10,0.49169921875,0,-665609.2191560973,-633995.6701188497,-31611.915959412174,-37.65966953374546,
10099,2vvn,99,0,10,0.49169921875,0,-665605.0683641835,-633995.6701188497,-31611.341105515072,44.80342013818579,
10100,2vvn,100,0,10,0.49169921875,0,-665589.867257799,-633995.6701188497,-31611.44616400631,397.7719673587651,
11001,3rlr,1,0,11,0.375,0,-683852.0040789885,-633995.6701188497,-49859.94624963726,83.30137475891746,
11002,3rlr,2,0,11,0.375,0,-683832.9390536596,-633995.6701188497,-49859.88674089633,521.5789990811988,
11003,3rlr,3,0,11,0.375,0,-683841.3684605109,-633995.6701188497,-49859.97762018766,329.28798544769444,
11004,3rlr,4,0,11,0.375,0,-683855.0257792966,-633995.6701188497,-49859.93615553103,13.386534652605,
11005,3rlr,5,0,11,0.375,0,-683839.4973083627,-633995.6701188497,-49859.74983960713,367.1850340855478,
11006,3rlr,6,0,11,0.375,0,-683858.7062487651,-633995.6701188497,-49859.853714439494,-73.38824429876105,
11007,3rlr,7,0,11,0.375,0,-683850.1761813508,-633995.6701188497,-49858.40435582723,89.89677970480417,
11008,3rlr,8,0,11,0.375,0,-683833.1875828998,-633995.6701188497,-49859.93440741621,516.9469947105825,
11009,3rlr,9,0,11,0.375,0,-683832.4809017373,-633995.6701188497,-49859.68355655993,527.4586912891941,
11010,3rlr,10,0,11,0.375,0,-683829.3333315898,-633995.6701188497,-49858.4121978911,570.7251558339975,
11011,3rlr,11,0,11,0.375,0,-683838.8384186076,-633995.6701188497,-49859.80552354779,383.66349497598355,
11012,3rlr,12,0,11,0.375,0,-683807.9868054288,-633995.6701188497,-49859.795659426076,1094.8911242880479,
11013,3rlr,13,0,11,0.375,0,-683850.915050794,-633995.6701188497,-49859.887228015315,107.05389058962349,
11014,3rlr,14,0,11,0.375,0,-683839.7402461965,-633995.6701188497,-49859.80303216301,362.80940402903997,
11015,3rlr,15,0,11,0.375,0,-683849.2013400989,-633995.6701188497,-49859.688079092164,141.98051477536094,
11016,3rlr,16,0,11,0.375,0,-683845.870629226,-633995.6701188497,-49859.792469355685,221.19582883461308,
11017,3rlr,17,0,11,0.375,0,-683831.6506562425,-633995.6701188497,-49859.86804122056,550.8589245745351,
11018,3rlr,18,0,11,0.375,0,-683839.1500361611,-633995.6701188497,-49859.699406805856,374.0303132764453,
11019,3rlr,19,0,11,0.375,0,-683852.7341762232,-633995.6701188497,-49859.886535856385,65.08790005681274,
11020,3rlr,20,0,11,0.375,0,-683840.6062742071,-633995.6701188497,-49859.79013809882,342.5409794837194,
11021,3rlr,21,0,11,0.375,0,-683830.6144411755,-633995.6701188497,-49859.80610677923,573.3263695438928,
11022,3rlr,22,0,11,0.375,0,-683847.3002135057,-633995.6701188497,-49859.89338040672,190.5558962920398,
11023,3rlr,23,0,11,0.375,0,-683850.3131707804,-633995.6701188497,-49859.923936400075,121.78008889392173,
11024,3rlr,24,0,11,0.375,0,-683837.8838710533,-633995.6701188497,-49858.41336736403,373.572000244273,
11025,3rlr,25,0,11,0.375,0,-683851.7399556084,-633995.6701188497,-49858.227246406925,49.75104838406448,
11026,3rlr,26,0,11,0.375,0,-683853.8096616019,-633995.6701188497,-49859.57228449307,33.039809444789825,
11027,3rlr,27,0,11,0.375,0,-683848.9197584289,-633995.6701188497,-49858.32156163778,116.96130122475583,
11028,3rlr,28,0,11,0.375,0,-683849.9442028748,-633995.6701188497,-49859.78570846043,127.10107891626576,
11029,3rlr,29,0,11,0.375,0,-683848.8617150974,-633995.6701188497,-49859.89145499791,154.50241316709145,
11030,3rlr,30,0,11,0.375,0,-683855.040330549,-633995.6701188497,-49859.88412309013,11.851078209435967,
11031,3rlr,31,0,11,0.375,0,-683838.5939775603,-633995.6701188497,-49859.5347438189,383.05611054964396,
11032,3rlr,32,0,11,0.375,0,-683843.44602329,-633995.6701188497,-49859.55357447587,271.59952318796087,
11033,3rlr,33,0,11,0.375,0,-683851.3401076098,-633995.6701188497,-49859.69025081716,92.70944546021389,
11034,3rlr,34,0,11,0.375,0,-683839.8495624115,-633995.6701188497,-49859.884236696584,362.16113325416615,
11035,3rlr,35,0,11,0.375,0,-683833.4774413152,-633995.6701188497,-49859.93228379212,510.213728923934,
11036,3rlr,36,0,11,0.375,0,-683832.1621737974,-633995.6701188497,-49859.72653127037,535.7997525593686,
11037,3rlr,37,0,11,0.375,0,-683842.0870141429,-633995.6701188497,-49858.370369020355,275.65365262790573,
11038,3rlr,38,0,11,0.375,0,-683849.5276890297,-633995.6701188497,-49859.78744861804,136.7462453507825,
11039,3rlr,39,0,11,0.375,0,-683853.3845010446,-633995.6701188497,-49859.538252714534,42.05945335455199,
11040,3rlr,40,0,11,0.375,0,-683849.7085157232,-633995.6701188497,-49859.56161046348,127.3683311702608,
11041,3rlr,41,0,11,0.375,0,-683851.0580653144,-633995.6701188497,-49859.93965742315,104.96494826842142,
11042,3rlr,42,0,11,0.375,0,-683850.8771607329,-633995.6701188497,-49859.81207442604,106.19457321698857,
11043,3rlr,43,0,11,0.375,0,-683836.574902554,-633995.6701188497,-49859.735961589475,434.25727832754967,
11044,3rlr,44,0,11,0.375,0,-683850.1694371598,-633995.6701188497,-49859.93223589979,125.28605593776119,
11045,3rlr,45,0,11,0.375,0,-683835.2067120266,-633995.6701188497,-49859.86951130952,468.8882311334873,
11046,3rlr,46,0,11,0.375,0,-683844.0945069839,-633995.6701188497,-49859.74883833848,261.14802559226547,
11047,3rlr,47,0,11,0.375,0,-683830.7796125459,-633995.6701188497,-49859.66396114554,566.2394710724632,
11048,3rlr,48,0,11,0.375,0,-683856.1365112411,-633995.6701188497,-49859.44281277381,-23.60430672906888,
11049,3rlr,49,0,11,0.375,0,-683847.3857238336,-633995.6701188497,-49859.798936996114,186.40606449954072,
11050,3rlr,50,0,11,0.375,0,-683837.7115583618,-633995.6701188497,-49859.80036336504,409.5305129322161,
11051,3rlr,51,0,11,0.375,0,-683846.6968743699,-633995.6701188497,-49859.81004450049,202.5474556414338,
11052,3rlr,52,0,11,0.375,0,-683852.6672020303,-633995.6701188497,-49859.86404922925,66.11380769395426,
11053,3rlr,53,0,11,0.375,0,-683814.0095116985,-633995.6701188497,-49859.66939419831,953.0924729604262,
11054,3rlr,54,0,11,0.375,0,-683846.7606377054,-633995.6701188497,-49859.811329576594,201.10667275043608,
11055,3rlr,55,0,11,0.375,0,-683835.0222109454,-633995.6701188497,-49859.8890922996,473.5944755005979,
11056,3rlr,56,0,11,0.375,0,-683848.3244100558,-633995.6701188497,-49859.66631105862,161.70101919975784,
11057,3rlr,57,0,11,0.375,0,-683849.7793910843,-633995.6701188497,-49859.82919502581,131.90455311405475,
11058,3rlr,58,0,11,0.375,0,-683849.3285476912,-633995.6701188497,-49859.56467578135,136.20129005582672,
11059,3rlr,59,0,11,0.375,0,-683854.0752818929,-633995.6701188497,-49859.72855639778,30.518175752472708,
11060,3rlr,60,0,11,0.375,0,-683839.2216320531,-633995.6701188497,-49858.27844810806,339.61118676686493,
11061,3rlr,61,0,11,0.375,0,-683831.2307945533,-633995.6701188497,-49859.80063960279,558.9868469104646,
11062,3rlr,62,0,11,0.375,0,-683844.9612185259,-633995.6701188497,-49858.369336250646,209.3491087435102,
11063,3rlr,63,0,11,0.375,0,-683848.8756920742,-633995.6701188497,-49859.7821298572,151.65899879005428,
11064,3rlr,64,0,11,0.375,0,-683841.8001558678,-633995.6701188497,-49858.37249285303,282.3177383456508,
11065,3rlr,65,0,11,0.375,0,-683830.5797238845,-633995.6701188497,-49859.862973186624,575.4383398014867,
11066,3rlr,66,0,11,0.375,0,-683826.8837839713,-633995.6701188497,-49859.785164121015,658.874419268846,
11067,3rlr,67,0,11,0.375,0,-683844.202015926,-633995.6701188497,-49859.884722951276,261.8023841028173,
11068,3rlr,68,0,11,0.375,0,-683846.1553123043,-633995.6701188497,-49859.8352355691,215.61709340107058,
11069,3rlr,69,0,11,0.375,0,-683853.4545741123,-633995.6701188497,-49859.65084040488,43.03986384413059,
11070,3rlr,70,0,11,0.375,0,-683856.766307493,-633995.6701188497,-49859.190713706834,-43.941295911243245,
11071,3rlr,71,0,11,0.375,0,-683843.2723554866,-633995.6701188497,-49859.21679690804,267.83812266390396,
11072,3rlr,72,0,11,0.375,0,-683838.5649185227,-633995.6701188497,-49859.25404033385,377.25305173216987,
11073,3rlr,73,0,11,0.375,0,-683852.9518552019,-633995.6701188497,-49859.22840267743,44.89119190476619,
11074,3rlr,74,0,11,0.375,0,-683838.5642131169,-633995.6701188497,-49859.174433502776,375.43354164159183,
11075,3rlr,75,0,11,0.375,0,-683837.3334453003,-633995.6701188497,-49859.1801130506,403.94669522748336,
11076,3rlr,76,0,11,0.375,0,-683829.848598008,-633995.6701188497,-49858.90450463019,570.1956930551908,
11077,3rlr,77,0,11,0.375,0,-683853.3268797148,-633995.6701188497,-49859.15071952663,34.451505170657775,
11078,3rlr,78,0,11,0.375,0,-683855.1241134455,-633995.6701188497,-49859.16149658285,-6.745164417912694,
11079,3rlr,79,0,11,0.375,0,-683855.5147302939,-633995.6701188497,-49859.097150835616,-17.236851114860748,
11080,3rlr,80,0,11,0.375,0,-683853.8846019255,-633995.6701188497,-49859.25353455864,23.96109641900082,
11081,3rlr,81,0,11,0.375,0,-683855.0642966378,-633995.6701188497,-49859.14968490921,-5.638139726882187,
11082,3rlr,82,0,11,0.375,0,-683855.8392936488,-633995.6701188497,-49859.165096613986,-23.154593013815735,
11083,3rlr,83,0,11,0.375,0,-683855.7695047898,-633995.6701188497,-49859.10218563996,-22.99598521855491,
11084,3rlr,84,0,11,0.375,0,-683855.6343303071,-633995.6701188497,-49859.15514731727,-18.65746230164228,
11085,3rlr,85,0,11,0.375,0,-683825.6758295638,-633995.6701188497,-49859.14368889059,671.9377394280306,
11086,3rlr,86,0,11,0.375,0,-683854.0912983466,-633995.6701188497,-49859.134375038964,16.4466799099867,
11087,3rlr,87,0,11,0.375,0,-683861.91728725,-633995.6701188497,-49859.11414528217,-164.49142079315712,
11088,3rlr,88,0,11,0.375,0,-683849.4975235658,-633995.6701188497,-49859.23372677289,124.67274837937521,
11089,3rlr,89,0,11,0.375,0,-683846.2895648076,-633995.6701188497,-49859.11177763666,195.8378208732227,
11090,3rlr,90,0,11,0.375,0,-683857.3722741057,-633995.6701188497,-49859.19839310966,-57.73812673086179,
11091,3rlr,91,0,11,0.375,0,-683831.8371144729,-633995.6701188497,-49859.96957153406,548.9004402854281,
11092,3rlr,92,0,11,0.375,0,-683834.1164247142,-633995.6701188497,-49859.26031807385,479.98252410105613,
11093,3rlr,93,0,11,0.375,0,-683848.5571247679,-633995.6701188497,-49859.29028612698,147.66314952764654,
11094,3rlr,94,0,11,0.375,0,-683850.5769348193,-633995.6701188497,-49859.28717920504,101.01357590599717,
11095,3rlr,95,0,11,0.375,0,-683840.9248969601,-633995.6701188497,-49859.929483059306,338.40673537396145,
11096,3rlr,96,0,11,0.375,0,-683839.5802071439,-633995.6701188497,-49859.88445687614,368.3776907481288,
11097,3rlr,97,0,11,0.375,0,-683839.5880011809,-633995.6701188497,-49859.95000359739,369.7094992857033,
11098,3rlr,98,0,11,0.375,0,-683832.0222381551,-633995.6701188497,-49859.95864263497,544.3793603560962,
11099,3rlr,99,0,11,0.375,0,-683839.146702801,-633995.6701188497,-49859.94974232044,379.8800564935657,
11100,3rlr,100,0,11,0.375,0,-683849.9332772689,-633995.6701188497,-49859.9477198752,131.0891013528677,
12001,2xdl,1,0,12,0.375,0,-654356.9027132727,-633995.6701188497,-20366.08785055833,111.96486633880758,
12002,2xdl,2,0,12,0.375,0,-654345.5125316571,-633995.6701188497,-20365.98117831605,372.1687739394739,
12003,2xdl,3,0,12,0.375,0,-654350.5271019081,-633995.6701188497,-20365.71658858912,250.42845276309166,
12004,2xdl,4,0,12,0.375,0,-654351.6341959726,-633995.6701188497,-20365.795634480888,226.72109870431083,
12005,2xdl,5,0,12,0.375,0,-654357.2070463933,-633995.6701188497,-20366.132964181474,105.98712271941166,
12006,2xdl,6,0,12,0.375,0,-654357.2911961715,-633995.6701188497,-20365.69540837663,93.95630616721293,
12007,2xdl,7,0,12,0.375,0,-654359.7284518967,-633995.6701188497,-20366.005172672438,44.895188301709204,
12008,2xdl,8,0,12,0.375,0,-654351.7840737741,-633995.6701188497,-20359.124745490724,69.4304798627849,
12009,2xdl,9,0,12,0.375,0,-654351.4422826655,-633995.6701188497,-20363.959948274067,188.81479512674508,
12010,2xdl,10,0,12,0.375,0,-654340.4410822581,-633995.6701188497,-20363.960946473057,442.5315223312307,
12011,2xdl,11,0,12,0.375,0,-654357.4799702207,-633995.6701188497,-20359.175883236097,-60.74074815889385,
12012,2xdl,12,0,12,0.375,0,-654355.3574562412,-633995.6701188497,-20364.82936826604,118.57804893052878,
12013,2xdl,13,0,12,0.375,0,-654357.428622637,-633995.6701188497,-20365.47682848828,85.74660461860421,
12014,2xdl,14,0,12,0.375,0,-654330.483620141,-633995.6701188497,-20364.58410027879,686.5263218965686,
12015,2xdl,15,0,12,0.375,0,-654355.3532016317,-633995.6701188497,-20364.587882104086,113.10735936736144,
12016,2xdl,16,0,12,0.375,0,-654346.9608848434,-633995.6701188497,-20364.58653384703,306.60769052772514,
12017,2xdl,17,0,12,0.375,0,-654357.0596985557,-633995.6701188497,-20363.117900403908,39.85602212050923,
12018,2xdl,18,0,12,0.375,0,-654358.6298659336,-633995.6701188497,-20364.30002838629,30.907621081747138,
12019,2xdl,19,0,12,0.375,0,-654336.6588019172,-633995.6701188497,-20359.20915708201,420.1741125082382,
12020,2xdl,20,0,12,0.375,0,-654354.2657796334,-633995.6701188497,-20365.46724951523,158.46260061579494,
12021,2xdl,21,0,12,0.375,0,-654361.9621174672,-633995.6701188497,-20365.53697601216,-17.411234902864372,
12022,2xdl,22,0,12,0.375,0,-654354.4658230435,-633995.6701188497,-20363.962823572332,119.15660357602313,
12023,2xdl,23,0,12,0.375,0,-654335.2912406067,-633995.6701188497,-20365.825221153664,604.2808874958589,
12024,2xdl,24,0,12,0.375,0,-654356.9199149053,-633995.6701188497,-20363.36463627475,48.7693740276624,
12025,2xdl,25,0,12,0.375,0,-654334.427953411,-633995.6701188497,-20363.92008993285,580.2553935222071,
12026,2xdl,26,0,12,0.375,0,-654361.5464720618,-633995.6701188497,-20365.56274885195,-7.231888345993455,
12027,2xdl,27,0,12,0.375,0,-654360.8862406502,-633995.6701188497,-20365.62172743933,9.353488235172225,
12028,2xdl,28,0,12,0.375,0,-654356.5160473775,-633995.6701188497,-20365.656540873224,110.93535608704562,
12029,2xdl,29,0,12,0.375,0,-654348.7827304193,-633995.6701188497,-20364.54227137821,263.57421670460116,
12030,2xdl,30,0,12,0.375,0,-654357.7235553305,-633995.6701188497,-20363.70923885959,38.183709953829826,
12031,2xdl,31,0,12,0.375,0,-654326.1875195692,-633995.6701188497,-20365.874983343052,815.3652252664474,
12032,2xdl,32,0,12,0.375,0,-654331.5532183986,-633995.6701188497,-20365.671088727886,686.9273492407068,
12033,2xdl,33,0,12,0.375,0,-654354.3596866913,-633995.6701188497,-20364.028105529716,123.109603702614,
12034,2xdl,34,0,12,0.375,0,-654357.4212539982,-633995.6701188497,-20364.467572721416,62.64253858011084,
12035,2xdl,35,0,12,0.375,0,-654361.9002535383,-633995.6701188497,-20365.554823609757,-15.573043433076844,
12036,2xdl,36,0,12,0.375,0,-654355.8765334081,-633995.6701188497,-20359.512724789554,-15.996866092754031,
12037,2xdl,37,0,12,0.375,0,-654343.9328377731,-633995.6701188497,-20365.665443303755,401.31635795648225,
12038,2xdl,38,0,12,0.375,0,-654329.6344570558,-633995.6701188497,-20365.630397113735,730.2366660466222,
12039,2xdl,39,0,12,0.375,0,-654345.7653564105,-633995.6701188497,-20359.13279631989,208.41105603593462,
12040,2xdl,40,0,12,0.375,0,-654354.0503382724,-633995.6701188497,-20364.878235700304,149.84781517543615,
12041,2xdl,41,0,12,0.375,0,-654341.4272031375,-633995.6701188497,-20364.10972002404,423.2218342130448,
12042,2xdl,42,0,12,0.375,0,-654358.7778156142,-633995.6701188497,-20365.63481006282,58.276617088836105,
12043,2xdl,43,0,12,0.375,0,-654358.9727837185,-633995.6701188497,-20363.041213187145,-6.029219009419395,
12044,2xdl,44,0,12,0.375,0,-654341.1798071306,-633995.6701188497,-20358.762705030615,305.62182665743234,
12045,2xdl,45,0,12,0.375,0,-654353.4079869725,-633995.6701188497,-20365.502325298956,179.05263609053821,
12046,2xdl,46,0,12,0.375,0,-654357.0444216322,-633995.6701188497,-20365.743907156164,100.76547066050661,
12047,2xdl,47,0,12,0.375,0,-654351.5842828791,-633995.6701188497,-20364.562916490006,199.4449697927244,
12048,2xdl,48,0,12,0.375,0,-654348.5930038731,-633995.6701188497,-20364.0764508869,257.2073390770393,
12049,2xdl,49,0,12,0.375,0,-654358.6028715112,-633995.6701188497,-20365.545193048885,60.244306507398946,
12050,2xdl,50,0,12,0.375,0,-654333.7780628245,-633995.6701188497,-20364.756650748426,614.5337771777029,
12051,2xdl,51,0,12,0.375,0,-654362.0819391202,-633995.6701188497,-20365.84461453812,-13.080074920657895,
12052,2xdl,52,0,12,0.375,0,-654364.0395450186,-633995.6701188497,-20365.840901347572,-58.30916758200141,
12053,2xdl,53,0,12,0.375,0,-654351.932624031,-633995.6701188497,-20363.29377755778,162.14499294910277,
12054,2xdl,54,0,12,0.375,0,-654343.9535957169,-633995.6701188497,-20364.576821538383,375.73345411217423,
12055,2xdl,55,0,12,0.375,0,-654339.841571931,-633995.6701188497,-20365.61988249676,494.6125324268066,
12056,2xdl,56,0,12,0.375,0,-654354.054887269,-633995.6701188497,-20364.199904205972,134.10021694971218,
12057,2xdl,57,0,12,0.375,0,-654331.7097285289,-633995.6701188497,-20365.659059556896,683.0407406226742,
12058,2xdl,58,0,12,0.375,0,-654359.165577505,-633995.6701188497,-20365.47997588175,45.76405442141476,
12059,2xdl,59,0,12,0.375,0,-654356.8977173608,-633995.6701188497,-20365.55573940532,99.80930011041859,
12060,2xdl,60,0,12,0.375,0,-654344.5717627596,-633995.6701188497,-20365.692644658262,387.20967588241,
12061,2xdl,61,0,12,0.375,0,-654358.4174272605,-633995.6701188497,-20365.589259865454,65.53695745186363,
12062,2xdl,62,0,12,0.375,0,-654295.0731388967,-633995.6701188497,-20365.596345665628,1526.4543514960992,
12063,2xdl,63,0,12,0.375,0,-654352.9245079199,-633995.6701188497,-20363.959084394144,154.6139472073745,
12064,2xdl,64,0,12,0.375,0,-654347.224949215,-633995.6701188497,-20359.312695654804,178.900623573669,
12065,2xdl,65,0,12,0.375,0,-654328.09691206,-633995.6701188497,-20365.563091370037,764.1411886416948,
12066,2xdl,66,0,12,0.375,0,-654347.9595425915,-633995.6701188497,-20359.262848379785,160.81099240864143,
12067,2xdl,67,0,12,0.375,0,-654358.6589515547,-633995.6701188497,-20364.828102740215,42.41457462153032,
12068,2xdl,68,0,12,0.375,0,-654344.2749821435,-633995.6701188497,-20365.833924683506,397.311594253561,
12069,2xdl,69,0,12,0.375,0,-654337.7262044288,-633995.6701188497,-20364.82193166273,524.992882516104,
12070,2xdl,70,0,12,0.375,0,-654354.8741474192,-633995.6701188497,-20365.128837677414,136.62934382007379,
12071,2xdl,71,0,12,0.375,0,-654358.2494826952,-633995.6701188497,-20364.561012479233,45.69790310118027,
12072,2xdl,72,0,12,0.375,0,-654358.847355951,-633995.6701188497,-20365.682393702442,57.770283625012446,
12073,2xdl,73,0,12,0.375,0,-654350.4216765054,-633995.6701188497,-20359.19090238469,102.37372146101968,
12074,2xdl,74,0,12,0.375,0,-654351.869535331,-633995.6701188497,-20365.47650504368,213.93474452147322,
12075,2xdl,75,0,12,0.375,0,-654355.5480237792,-633995.6701188497,-20365.474034758972,129.0498195999711,
12076,2xdl,76,0,12,0.375,0,-654350.2367382388,-633995.6701188497,-20359.21003732341,107.07976137151144,
12077,2xdl,77,0,12,0.375,0,-654350.290907789,-633995.6701188497,-20364.79210686939,234.5561636273471,
12078,2xdl,78,0,12,0.375,0,-654350.5038893264,-633995.6701188497,-20365.601475092346,248.30916731667384,
12079,2xdl,79,0,12,0.375,0,-654361.542803068,-633995.6701188497,-20365.414548518824,-10.564860208894435,
12080,2xdl,80,0,12,0.375,0,-654339.7542323809,-633995.6701188497,-20363.98463708418,458.9169752487012,
12081,2xdl,81,0,12,0.375,0,-654347.4977274872,-633995.6701188497,-20359.152122440508,168.90730089002017,
12082,2xdl,82,0,12,0.375,0,-654341.7268613618,-633995.6701188497,-20360.57945871609,334.9017916540026,
12083,2xdl,83,0,12,0.375,0,-654348.1801903585,-633995.6701188497,-20365.06233546393,289.46208331934787,
12084,2xdl,84,0,12,0.375,0,-654342.6280793588,-633995.6701188497,-20363.362480106527,378.29720881449316,
12085,2xdl,85,0,12,0.375,0,-654352.0151086637,-633995.6701188497,-20365.625770124367,214.01987825312423,
12086,2xdl,86,0,12,0.375,0,-654348.3605736386,-633995.6701188497,-20365.831441077167,303.0383428431268,
12087,2xdl,87,0,12,0.375,0,-654346.4551830033,-633995.6701188497,-20363.91855761664,302.86555418737623,
12088,2xdl,88,0,12,0.375,0,-654356.1564532261,-633995.6701188497,-20365.45647806185,114.61423618366786,
12089,2xdl,89,0,12,0.375,0,-654359.5888817796,-633995.6701188497,-20365.472804459503,35.83704902524166,
12090,2xdl,90,0,12,0.375,0,-654338.5806878399,-633995.6701188497,-20365.572440596992,522.5951741206421,
12091,2xdl,91,0,12,0.375,0,-654357.8116447072,-633995.6701188497,-20365.212592365908,70.820476108154,
12092,2xdl,92,0,12,0.375,0,-654349.1400452297,-633995.6701188497,-20365.33638629573,273.647066467508,
12093,2xdl,93,0,12,0.375,0,-654353.2872535177,-633995.6701188497,-20365.55976030486,183.16129840103494,
12094,2xdl,94,0,12,0.375,0,-654356.5728842955,-633995.6701188497,-20365.4720446791,105.37008231187573,
12095,2xdl,95,0,12,0.375,0,-654342.0551877359,-633995.6701188497,-20365.484302582907,440.43879219073494,
12096,2xdl,96,0,12,0.375,0,-654351.2068896781,-633995.6701188497,-20365.41986879962,227.9096534796394,
12097,2xdl,97,0,12,0.375,0,-654358.2825702466,-633995.6701188497,-20365.4196747865,64.73610924748164,
12098,2xdl,98,0,12,0.375,0,-654354.0058225732,-633995.6701188497,-20365.392016890222,162.7224472894445,
12099,2xdl,99,0,12,0.375,0,-654344.2980196665,-633995.6701188497,-20366.04162684338,401.5700619467894,
12100,2xdl,100,0,12,0.375,0,-654343.5718233328,-633995.6701188497,-20365.9613525297,416.4653775831245,
13001,1yc1,1,0,13,0.375,-1,-669222.0835511503,-633995.6701188497,-35233.40333519405,161.1909900068475,
13002,1yc1,2,0,13,0.375,-1,-669216.2675401686,-633995.6701188497,-35233.88656465242,306.4549254711946,
13003,1yc1,3,0,13,0.375,-1,-669222.2301114317,-633995.6701188497,-35233.268010626554,154.6905709661342,
13004,1yc1,4,0,13,0.375,-1,-669226.7026179698,-633995.6701188497,-35233.471193443,56.23762707741332,
13005,1yc1,5,0,13,0.375,-1,-669227.8919821794,-633995.6701188497,-35233.56090195006,30.87896415322212,
13006,1yc1,6,0,13,0.375,-1,-669218.1809526503,-633995.6701188497,-35233.717490944066,258.43165307967536,
13007,1yc1,7,0,13,0.375,-1,-669216.2518739667,-633995.6701188497,-35233.24769438338,292.0834982737192,
13008,1yc1,8,0,13,0.375,-1,-669222.7539320556,-633995.6701188497,-35233.45801724023,146.99263701741648,
13009,1yc1,9,0,13,0.375,-1,-669200.3129684295,-633995.6701188497,-35233.82380742854,672.9288742140836,
13010,1yc1,10,0,13,0.375,-1,-669229.0358418047,-633995.6701188497,-35233.70722798536,7.875293087667812,
13011,1yc1,11,0,13,0.375,-1,-669224.764688563,-633995.6701188497,-35233.520550738096,102.0655471214162,
13012,1yc1,12,0,13,0.375,-1,-669188.885939431,-633995.6701188497,-35233.987396071614,940.2148667240119,
13013,1yc1,13,0,13,0.375,-1,-669203.744947907,-633995.6701188497,-35233.37298520929,583.3893399688055,
13014,1yc1,14,0,13,0.375,-1,-669220.7077172516,-633995.6701188497,-35233.32011271546,190.9993174858807,
13015,1yc1,15,0,13,0.375,-1,-669218.3418010738,-633995.6701188497,-35233.463009367704,248.85391575262832,
13016,1yc1,16,0,13,0.375,-1,-669215.3076319365,-633995.6701188497,-35233.58086575097,321.5413510316926,
13017,1yc1,17,0,13,0.375,-1,-669217.919751015,-633995.6701188497,-35233.52730854875,260.0693956587478,
13018,1yc1,18,0,13,0.375,-1,-669208.6044970272,-633995.6701188497,-35233.475765804746,473.69565188516026,
13019,1yc1,19,0,13,0.375,-1,-669210.4402677232,-633995.6701188497,-35232.88815123868,417.8110601387499,
13020,1yc1,20,0,13,0.375,-1,-669223.1179922936,-633995.6701188497,-35233.59607769078,141.7809581092198,
13021,1yc1,21,0,13,0.375,-1,-669204.0727056089,-633995.6701188497,-35233.4713029666,578.0983291533606,
13022,1yc1,22,0,13,0.375,-1,-669196.1406303166,-633995.6701188497,-35230.43858594725,691.0802149469635,
13023,1yc1,23,0,13,0.375,-1,-669219.4297446127,-633995.6701188497,-35233.47137026024,223.9581484988438,
13024,1yc1,24,0,13,0.375,-1,-669224.6845098704,-633995.6701188497,-35233.68737522787,107.76157582257564,
13025,1yc1,25,0,13,0.375,-1,-669191.9139595296,-633995.6701188497,-35233.39365522838,856.6950752943568,
13026,1yc1,26,0,13,0.375,-1,-669202.766895157,-633995.6701188497,-35233.264336536624,603.4382742782889,
13027,1yc1,27,0,13,0.375,-1,-669222.9620837237,-633995.6701188497,-35233.44878850412,141.97972580666945,
13028,1yc1,28,0,13,0.375,-1,-669223.9867338655,-633995.6701188497,-35233.5577173335,120.86269068393835,
13029,1yc1,29,0,13,0.375,-1,-669227.6700571593,-633995.6701188497,-35233.20831772214,27.865891241822073,
13030,1yc1,30,0,13,0.375,-1,-669232.2811529159,-633995.6701188497,-35233.404861840405,-73.93608796576896,
13031,1yc1,31,0,13,0.375,-1,-669226.5164308365,-633995.6701188497,-35233.394482905984,58.76221736253011,
13032,1yc1,32,0,13,0.375,-1,-669213.5859092888,-633995.6701188497,-35233.51199949807,359.6571249803146,
13033,1yc1,33,0,13,0.375,-1,-669218.9159327861,-633995.6701188497,-35233.48156015104,236.04191516610743,
13034,1yc1,34,0,13,0.375,-1,-669223.4152708172,-633995.6701188497,-35233.58119914959,134.58244518405644,
13035,1yc1,35,0,13,0.375,-1,-669227.0930384662,-633995.6701188497,-35233.37451271248,45.00480593681443,
13036,1yc1,36,0,13,0.375,-1,-669226.2344947276,-633995.6701188497,-35233.583639214696,69.6258665926566,
13037,1yc1,37,0,13,0.375,-1,-669207.8922152783,-633995.6701188497,-35233.753484855355,496.5256126742597,
13038,1yc1,38,0,13,0.375,-1,-669215.5353659957,-633995.6701188497,-35233.480979423024,313.9862454233642,
13039,1yc1,39,0,13,0.375,-1,-669226.5726612922,-633995.6701188497,-35233.33542574477,56.10362175990692,
13040,1yc1,40,0,13,0.375,-1,-669201.5860926626,-633995.6701188497,-35233.486681173505,635.7956158126741,
13041,1yc1,41,0,13,0.375,-1,-669212.0011266139,-633995.6701188497,-35232.31252522296,368.54254776336074,
13042,1yc1,42,0,13,0.375,-1,-669221.0220120965,-633995.6701188497,-35233.21321248541,181.28632831476176,
13043,1yc1,43,0,13,0.375,-1,-669186.557000246,-633995.6701188497,-35233.3027029438,978.1320815713742,
13044,1yc1,44,0,13,0.375,-1,-669192.2732532588,-633995.6701188497,-35233.435956533016,849.3850563261958,
13045,1yc1,45,0,13,0.375,-1,-669206.7562227515,-633995.6701188497,-35233.31884042448,512.6990839883471,
13046,1yc1,46,0,13,0.375,-1,-669215.8153012512,-633995.6701188497,-35233.239071051576,301.95224550331574,
13047,1yc1,47,0,13,0.375,-1,-669219.1746050533,-633995.6701188497,-35233.49327329826,230.3469025676711,
13048,1yc1,48,0,13,0.375,-1,-669221.8724049149,-633995.6701188497,-35233.4614008469,167.3991636311829,
13049,1yc1,49,0,13,0.375,-1,-669219.9690935578,-633995.6701188497,-35233.47379548377,211.5763933353245,
13050,1yc1,50,0,13,0.375,-1,-669210.078625512,-633995.6701188497,-35233.4804619951,439.8097381770136,
13051,1yc1,51,0,13,0.375,-1,-669206.5221523162,-633995.6701188497,-35233.59950439167,524.5691412966535,
13052,1yc1,52,0,13,0.375,-1,-669193.473033261,-633995.6701188497,-35232.59835262126,802.4018671282072,
13053,1yc1,53,0,13,0.375,-1,-669204.5790121082,-633995.6701188497,-35232.47630591226,543.4774467477222,
13054,1yc1,54,0,13,0.375,-1,-669218.7885414032,-633995.6701188497,-35233.35193468163,235.99039590542344,
13055,1yc1,55,0,13,0.375,-1,-669227.5447580632,-633995.6701188497,-35233.39865548444,35.1446501121143,
13056,1yc1,56,0,13,0.375,-1,-669217.8456407606,-633995.6701188497,-35233.44906819886,259.9741533944719,
13057,1yc1,57,0,13,0.375,-1,-669221.4277846185,-633995.6701188497,-35233.52889389819,179.2087779820389,
13058,1yc1,58,0,13,0.375,-1,-669213.2918411164,-633995.6701188497,-35233.58924626837,368.21985097797966,
13059,1yc1,59,0,13,0.375,-1,-669219.0388118293,-633995.6701188497,-35233.23722977471,227.57386478272292,
13060,1yc1,60,0,13,0.375,-1,-669227.5567191509,-633995.6701188497,-35233.597255761684,39.44865206969698,
13061,1yc1,61,0,13,0.375,-1,-669221.1191057827,-633995.6701188497,-35233.58780696517,187.68564863709358,
13062,1yc1,62,0,13,0.375,-1,-669212.7124930291,-633995.6701188497,-35233.58961082528,381.5883421380157,
13063,1yc1,63,0,13,0.375,-1,-669220.4723452445,-633995.6701188497,-35233.48811286223,200.3013003343035,
13064,1yc1,64,0,13,0.375,-1,-669228.523546484,-633995.6701188497,-35233.48398550874,14.541010025248374,
13065,1yc1,65,0,13,0.375,-1,-669214.7951727923,-633995.6701188497,-35233.423650409044,329.7334677262422,
13066,1yc1,66,0,13,0.375,-1,-669203.5626878856,-633995.6701188497,-35233.38717607687,587.9196050916617,
13067,1yc1,67,0,13,0.375,-1,-669219.4530937787,-633995.6701188497,-35233.594037751674,226.24848349226002,
13068,1yc1,68,0,13,0.375,-1,-669214.7457581428,-633995.6701188497,-35233.30345324701,328.1011842101778,
13069,1yc1,69,0,13,0.375,-1,-669217.8523917462,-633995.6701188497,-35232.950829396905,248.32881224384857,
13070,1yc1,70,0,13,0.375,-1,-669224.6013839958,-633995.6701188497,-35233.468041698434,104.62055268140998,
13071,1yc1,71,0,13,0.375,-1,-669215.8670200523,-633995.6701188497,-35233.50242533815,306.8326757404088,
13072,1yc1,72,0,13,0.375,-1,-669221.2651383696,-633995.6701188497,-35233.18691046065,175.0731641638008,
13073,1yc1,73,0,13,0.375,-1,-669215.7592427998,-633995.6701188497,-35232.87963146997,294.9561104397402,
13074,1yc1,74,0,13,0.375,-1,-669219.8315173803,-633995.6701188497,-35232.832008610465,199.94901846763918,
13075,1yc1,75,0,13,0.375,-1,-669222.7537155714,-633995.6701188497,-35233.12565238309,139.3331135760863,
13076,1yc1,76,0,13,0.375,-1,-669231.1512078762,-633995.6701188497,-35232.66354850954,-64.974027854563,
13077,1yc1,77,0,13,0.375,-1,-669219.8095670756,-633995.6701188497,-35232.76500626928,198.9100938262961,
13078,1yc1,78,0,13,0.375,-1,-669211.384232831,-633995.6701188497,-35232.8547330303,395.27206542742937,
13079,1yc1,79,0,13,0.375,-1,-669206.835345697,-633995.6701188497,-35232.74663215411,497.6790293299967,
13080,1yc1,80,0,13,0.375,-1,-669225.4356950043,-633995.6701188497,-35232.85042185611,71.13823185023197,
13081,1yc1,81,0,13,0.375,-1,-669227.9313281152,-633995.6701188497,-35232.92851162983,15.38835809130732,
13082,1yc1,82,0,13,0.375,-1,-669226.3182672976,-633995.6701188497,-35232.39031321833,40.17527401837974,
13083,1yc1,83,0,13,0.375,-1,-669207.2528373266,-633995.6701188497,-35233.03886843753,494.7905724283305,
13084,1yc1,84,0,13,0.375,-1,-669216.2191987752,-633995.6701188497,-35232.57112578577,277.2349635821651,
13085,1yc1,85,0,13,0.375,-1,-669223.2733238454,-633995.6701188497,-35233.041716705025,125.4150594019744,
13086,1yc1,86,0,13,0.375,-1,-669217.3515651196,-633995.6701188497,-35232.24461309145,243.59241373217077,
13087,1yc1,87,0,13,0.375,-1,-669210.7857375409,-633995.6701188497,-35232.87553797197,409.55346804225945,
13088,1yc1,88,0,13,0.375,-1,-669230.2810475646,-633995.6701188497,-35233.46105114645,-26.516806665641372,
13089,1yc1,89,0,13,0.375,-1,-669221.6989520314,-633995.6701188497,-35232.33193973733,145.35309020720962,
13090,1yc1,90,0,13,0.375,-1,-669221.3857608703,-633995.6701188497,-35232.872671465375,165.04501983702588,
13091,1yc1,91,0,13,0.375,-1,-669197.2208858546,-633995.6701188497,-35232.49525029492,713.5967370047832,
13092,1yc1,92,0,13,0.375,-1,-669228.4194000482,-633995.6701188497,-35233.326311896504,13.306644011411171,
13093,1yc1,93,0,13,0.375,-1,-669224.8844159066,-633995.6701188497,-35233.98546571559,110.02576306171139,
13094,1yc1,94,0,13,0.375,-1,-669227.4207372336,-633995.6701188497,-35233.938643733956,50.45706324026068,
13095,1yc1,95,0,13,0.375,-1,-669219.2586069967,-633995.6701188497,-35233.4784033401,228.06686235099696,
13096,1yc1,96,0,13,0.375,-1,-669216.0051993398,-633995.6701188497,-35233.19201233512,296.4878917671965,
13097,1yc1,97,0,13,0.375,-1,-669231.2976845916,-633995.6701188497,-35233.42993063754,-50.67866943807808,
13098,1yc1,98,0,13,0.375,-1,-669206.3883267014,-633995.6701188497,-35233.20103366206,518.4662799687673,
13099,1yc1,99,0,13,0.375,-1,-669226.3009782844,-633995.6701188497,-35233.489181648016,65.91447611500415,
13100,1yc1,100,0,13,0.375,-1,-669231.8926000266,-633995.6701188497,-35233.7300197286,-57.477526443043445,
14001,2yki,1,0,14,0.375,0,-673278.6787136412,-633995.6701188497,-39301.747616534005,432.1321071915525,
14002,2yki,2,0,14,0.375,0,-673272.4683501781,-633995.6701188497,-39301.88591266133,578.5356753380428,
14003,2yki,3,0,14,0.375,0,-673298.7677822175,-633995.6701188497,-39302.273192946646,-19.012739580773726,
14004,2yki,4,0,14,0.375,0,-673286.806978992,-633995.6701188497,-39302.24107963297,256.06938468795346,
14005,2yki,5,0,14,0.375,0,-673292.115744821,-633995.6701188497,-39302.245204214814,133.74145148188063,
14006,2yki,6,0,14,0.375,0,-673281.4886979223,-633995.6701188497,-39301.84866750695,369.66262106943515,
14007,2yki,7,0,14,0.375,0,-673268.4646664324,-633995.6701188497,-39301.858726982806,670.2358992155088,
14008,2yki,8,0,14,0.375,0,-673267.8095107586,-633995.6701188497,-39301.286686961386,672.1525916913067,
14009,2yki,9,0,14,0.375,0,-673261.2620532132,-633995.6701188497,-39301.824596349965,835.54503477012,
14010,2yki,10,0,14,0.375,0,-673277.2534768046,-633995.6701188497,-39300.997222606915,447.6943543857952,
14011,2yki,11,0,14,0.375,0,-673255.4813319655,-633995.6701188497,-39301.76099479649,967.3849469312559,
14012,2yki,12,0,14,0.375,0,-673268.700307569,-633995.6701188497,-39301.557574097846,657.8571350049987,
14013,2yki,13,0,14,0.375,0,-673265.214227683,-633995.6701188497,-39301.30733228184,732.4773335895902,
14014,2yki,14,0,14,0.375,0,-673287.0812601508,-633995.6701188497,-39300.95492369391,220.08485035587313,
14015,2yki,15,0,14,0.375,0,-673284.0757102134,-633995.6701188497,-39301.5526881263,303.1792537284076,
14016,2yki,16,0,14,0.375,0,-673282.0267297986,-633995.6701188497,-39301.287360136244,344.311255781307,
14017,2yki,17,0,14,0.375,0,-673281.0622800655,-633995.6701188497,-39301.793895070325,378.2329680579962,
14018,2yki,18,0,14,0.375,0,-673255.5227884711,-633995.6701188497,-39301.28944159009,955.5546619314924,
14019,2yki,19,0,14,0.375,0,-673273.5788155409,-633995.6701188497,-39302.11991757605,558.324017253736,
14020,2yki,20,0,14,0.375,0,-673284.3515929194,-633995.6701188497,-39301.302778010104,291.0541832021048,
14021,2yki,21,0,14,0.375,0,-673263.201069004,-633995.6701188497,-39301.854997102986,791.5313264007201,
14022,2yki,22,0,14,0.375,0,-673278.5802690149,-633995.6701188497,-39301.77111345984,434.9441461875738,
14023,2yki,23,0,14,0.375,0,-673274.9711528035,-633995.6701188497,-39301.33777523491,508.1793263443525,
14024,2yki,24,0,14,0.375,0,-673279.4862663659,-633995.6701188497,-39301.29355031702,403.03848324493123,
14025,2yki,25,0,14,0.375,0,-673296.9541458703,-633995.6701188497,-39301.30120319583,0.39609201123333665,
14026,2yki,26,0,14,0.375,0,-673294.8185919882,-633995.6701188497,-39301.812465851086,61.433131370041075,
14027,2yki,27,0,14,0.375,0,-673278.070823169,-633995.6701188497,-39301.56072074625,441.84047525057986,
14028,2yki,28,0,14,0.375,0,-673284.0870360497,-633995.6701188497,-39301.7630828068,307.76989033171327,
14029,2yki,29,0,14,0.375,0,-673288.9357181109,-633995.6701188497,-39302.06457502103,202.90920137110226,
14030,2yki,30,0,14,0.375,0,-673289.9147345037,-633995.6701188497,-39302.27219737031,185.1204321332351,
14031,2yki,31,0,14,0.375,0,-673275.6583956244,-633995.6701188497,-39301.56235409233,497.51004188600797,
14032,2yki,32,0,14,0.375,0,-673296.5804781229,-633995.6701188497,-39302.08199567053,27.01857718076629,
14033,2yki,33,0,14,0.375,0,-673264.9129392422,-633995.6701188497,-39301.54888886667,744.9956372684042,
14034,2yki,34,0,14,0.375,0,-673298.377611971,-633995.6701188497,-39301.31704622962,-32.0644670508687,
14035,2yki,35,0,14,0.375,0,-673285.0669776114,-633995.6701188497,-39301.312292759154,274.7764356215819,
14036,2yki,36,0,14,0.375,0,-673290.890372178,-633995.6701188497,-39301.29062575552,139.98611370700687,
14037,2yki,37,0,14,0.375,0,-673292.442083574,-633995.6701188497,-39302.08947045065,122.6245951422673,
14038,2yki,38,0,14,0.375,0,-673293.2719457508,-633995.6701188497,-39301.55760592677,91.22243142922974,
14039,2yki,39,0,14,0.375,0,-673295.1530821683,-633995.6701188497,-39301.79057294581,53.21474218289885,
14040,2yki,40,0,14,0.375,0,-673294.8434425802,-633995.6701188497,-39301.32022685263,49.50876213620216,
14041,2yki,41,0,14,0.375,0,-673284.0466198243,-633995.6701188497,-39301.788203184384,309.2812003004501,
14042,2yki,42,0,14,0.375,0,-673298.045107326,-633995.6701188497,-39302.112468545216,-6.053853426795909,
14043,2yki,43,0,14,0.375,0,-673292.7116877498,-633995.6701188497,-39301.27527559254,97.63159568159683,
14044,2yki,44,0,14,0.375,0,-673292.8224908323,-633995.6701188497,-39302.11147422049,114.35961435425268,
14045,2yki,45,0,14,0.375,0,-673274.8145003981,-633995.6701188497,-39301.26934791065,510.21384504769674,
14046,2yki,46,0,14,0.375,0,-673292.546937874,-633995.6701188497,-39301.76036650397,112.61728023741347,
14047,2yki,47,0,14,0.375,0,-673259.969563997,-633995.6701188497,-39302.29304790947,876.1532937551411,
14048,2yki,48,0,14,0.375,0,-673270.2328085811,-633995.6701188497,-39301.77926177237,627.6290613370799,
14049,2yki,49,0,14,0.375,0,-673262.8236801244,-633995.6701188497,-39302.07840669609,805.3860683184135,
14050,2yki,50,0,14,0.375,0,-673294.7369092912,-633995.6701188497,-39301.54917693593,57.24519248846853,
14051,2yki,51,0,14,0.375,0,-673279.348795137,-633995.6701188497,-39301.75494575951,416.84867676315673,
14052,2yki,52,0,14,0.375,0,-673283.8564547361,-633995.6701188497,-39301.767317001555,313.18486459362117,
14053,2yki,53,0,14,0.375,0,-673275.7167685993,-633995.6701188497,-39301.297519211534,490.0566916686172,
14054,2yki,54,0,14,0.375,0,-673290.1398234129,-633995.6701188497,-39301.31161612723,157.77822887631032,
14055,2yki,55,0,14,0.375,0,-673266.2745356021,-633995.6701188497,-39301.805797819885,719.5209404892469,
14056,2yki,56,0,14,0.375,0,-673292.5627172651,-633995.6701188497,-39301.81252575371,113.45621970883677,
14057,2yki,57,0,14,0.375,0,-673275.3407590454,-633995.6701188497,-39301.334237341674,499.5744181675463,
14058,2yki,58,0,14,0.375,0,-673291.6607522429,-633995.6701188497,-39301.53837001774,127.933845782542,
14059,2yki,59,0,14,0.375,0,-673281.4617281316,-633995.6701188497,-39301.29846853468,357.59666950129537,
14060,2yki,60,0,14,0.375,0,-673294.1556416214,-633995.6701188497,-39301.30479473326,65.0139559166145,
14061,2yki,61,0,14,0.375,0,-673267.9007359659,-633995.6701188497,-39301.54090881804,675.9113837195196,
14062,2yki,62,0,14,0.375,0,-673293.3742736935,-633995.6701188497,-39302.24880230877,104.80206023896446,
14063,2yki,63,0,14,0.375,0,-673278.3802806346,-633995.6701188497,-39301.2858856366,428.3663683705791,
14064,2yki,64,0,14,0.375,0,-673281.5364338071,-633995.6701188497,-39302.21744960997,377.06612274082204,
14065,2yki,65,0,14,0.375,0,-673278.406947828,-633995.6701188497,-39301.81262952543,439.8984109247495,
14066,2yki,66,0,14,0.375,0,-673271.6262175799,-633995.6701188497,-39301.52285325982,589.5833657037473,
14067,2yki,67,0,14,0.375,0,-673295.8955159547,-633995.6701188497,-39302.263291780684,46.99496764284955,
14068,2yki,68,0,14,0.375,0,-673258.4283031435,-633995.6701188497,-39301.56478339884,894.9014348065808,
14069,2yki,69,0,14,0.375,0,-673300.6894883732,-633995.6701188497,-39301.790868584874,-74.45100031652967,
14070,2yki,70,0,14,0.375,0,-673272.547033003,-633995.6701188497,-39302.27637625191,585.7255105987207,
14071,2yki,71,0,14,0.375,0,-673292.6867356804,-633995.6701188497,-39304.94070852259,182.73389547461525,
14072,2yki,72,0,14,0.375,0,-673285.2012362989,-633995.6701188497,-39305.15177423212,360.2209028890784,
14073,2yki,73,0,14,0.375,0,-673299.5156072148,-633995.6701188497,-39302.262356345425,-36.50789166053305,
14074,2yki,74,0,14,0.375,0,-673294.9333478869,-633995.6701188497,-39304.91125935771,130.24667335557515,
14075,2yki,75,0,14,0.375,0,-673295.0539935889,-633995.6701188497,-39305.25653154108,135.4266830733004,
14076,2yki,76,0,14,0.375,0,-673293.8471691818,-633995.6701188497,-39305.11801398251,160.06242425144765,
14077,2yki,77,0,14,0.375,0,-673291.6901270963,-633995.6701188497,-39304.89958602644,204.76792810930692,
14078,2yki,78,0,14,0.375,0,-673288.9756176681,-633995.6701188497,-39304.84056848742,266.00502583200546,
14079,2yki,79,0,14,0.375,0,-673287.7329189839,-633995.6701188497,-39305.20707691166,303.11422332594464,
14080,2yki,80,0,14,0.375,0,-673299.511373809,-633995.6701188497,-39305.06967926476,28.32813745386688,
14081,2yki,81,0,14,0.375,0,-673297.5739380039,-633995.6701188497,-39305.130816583405,74.4163285670152,
14082,2yki,82,0,14,0.375,0,-673294.2151338072,-633995.6701188497,-39304.779865329045,143.77906521133406,
14083,2yki,83,0,14,0.375,0,-673298.1664180221,-633995.6701188497,-39302.189961199496,-7.064321476544666,
14084,2yki,84,0,14,0.375,0,-673293.0668576718,-633995.6701188497,-39305.004392866824,175.43666997700984,
14085,2yki,85,0,14,0.375,0,-673285.511908806,-633995.6701188497,-39304.90051800463,347.26251842630654,
14086,2yki,86,0,14,0.375,0,-673293.9516672553,-633995.6701188497,-39305.13115460135,157.95567129964024,
14087,2yki,87,0,14,0.375,0,-673273.9778028639,-633995.6701188497,-39302.12491202805,549.2383258060553,
14088,2yki,88,0,14,0.375,0,-673284.062855369,-633995.6701188497,-39301.98716062758,313.4948673804677,
14089,2yki,89,0,14,0.375,0,-673299.1285502232,-633995.6701188497,-39302.0915961907,-31.51996810873665,
14090,2yki,90,0,14,0.375,0,-673296.1336447061,-633995.6701188497,-39301.84489649989,31.85516379648242,
14091,2yki,91,0,14,0.375,0,-673286.1395441355,-633995.6701188497,-39302.098702912066,268.1775129356613,
14092,2yki,92,0,14,0.375,0,-673300.1453005583,-633995.6701188497,-39302.06416964981,-55.59925890134381,
14093,2yki,93,0,14,0.375,0,-673282.3243372358,-633995.6701188497,-39301.91703737236,351.9689672640463,
14094,2yki,94,0,14,0.375,0,-673294.4497854919,-633995.6701188497,-39301.822916333454,70.17900506585775,
14095,2yki,95,0,14,0.375,0,-673295.6020534398,-633995.6701188497,-39302.23720533106,53.160806184407,
14096,2yki,96,0,14,0.375,0,-673291.8865061761,-633995.6701188497,-39302.233400885794,138.75562898473657,
14097,2yki,97,0,14,0.375,0,-673268.9312977857,-633995.6701188497,-39302.09430569861,664.9076988155301,
14098,2yki,98,0,14,0.375,0,-673295.1859607459,-633995.6701188497,-39302.09316987254,59.4345950740379,
14099,2yki,99,0,14,0.375,0,-673291.4594192269,-633995.6701188497,-39302.096593205664,145.44962795410106,
14100,2yki,100,0,14,0.375,0,-673281.412912941,-633995.6701188497,-39302.16802543852,378.7748331131592,
15001,3b27,1,0,15,0.375,0,-673833.0130524283,-633995.6701188497,-39849.581725441705,282.23324514967044,
15002,3b27,2,0,15,0.375,0,-673844.1215947819,-633995.6701188497,-39849.44660698701,22.948267288426354,
15003,3b27,3,0,15,0.375,0,-673836.0242274645,-633995.6701188497,-39849.44385325242,209.6144909855901,
15004,3b27,4,0,15,0.375,0,-673835.4274236955,-633995.6701188497,-39849.518266343366,225.0931194891363,
15005,3b27,5,0,15,0.375,0,-673839.8213266821,-633995.6701188497,-39849.46508916546,122.54101464757187,
15006,3b27,6,0,15,0.375,0,-673835.1455164056,-633995.6701188497,-39849.41416435767,229.1934072106717,
15007,3b27,7,0,15,0.375,0,-673841.0951552482,-633995.6701188497,-39849.562138640176,95.40384412523407,
15008,3b27,8,0,15,0.375,0,-673840.8813956626,-633995.6701188497,-39849.58517553736,100.86450074332113,
15009,3b27,9,0,15,0.375,0,-673839.5227560349,-633995.6701188497,-39849.65748869706,133.8630559405001,
15010,3b27,10,0,15,0.375,0,-673837.7084759874,-633995.6701188497,-39849.59233375717,174.19883914468014,
15011,3b27,11,0,15,0.375,0,-673821.6845905276,-633995.6701188497,-39849.41563465525,539.6436381328514,
15012,3b27,12,0,15,0.375,0,-673843.3568850703,-633995.6701188497,-39849.2311073773,35.613353110775506,
15013,3b27,13,0,15,0.375,0,-673834.1631853973,-633995.6701188497,-39849.56283425618,255.27490771866243,
15014,3b27,14,0,15,0.375,0,-673844.7220362674,-633995.6701188497,-39849.48062496711,9.886230949111381,
15015,3b27,15,0,15,0.375,0,-673839.0644895823,-633995.6701188497,-39849.188387238275,133.61319476060385,
15016,3b27,16,0,15,0.375,0,-673843.0666577317,-633995.6701188497,-39849.47107824017,47.84001409703072,
15017,3b27,17,0,15,0.375,0,-673836.8257172647,-633995.6701188497,-39849.19725405508,185.44498452663973,
15018,3b27,18,0,15,0.375,0,-673833.1855155777,-633995.6701188497,-39849.47807719637,275.86596512448165,
15019,3b27,19,0,15,0.375,0,-673833.0367453636,-633995.6701188497,-39849.5651789539,281.30530200711667,
15020,3b27,20,0,15,0.375,0,-673833.2829982139,-633995.6701188497,-39849.41813745428,272.2357188398541,
15021,3b27,21,0,15,0.375,0,-673831.0782907252,-633995.6701188497,-39849.45119481612,323.83980220829494,
15022,3b27,22,0,15,0.375,0,-673830.1768935125,-633995.6701188497,-39849.092796766054,336.36166037144574,
15023,3b27,23,0,15,0.375,0,-673843.669370109,-633995.6701188497,-39849.54713555504,35.695059839141166,
15024,3b27,24,0,15,0.375,0,-673834.2920429058,-633995.6701188497,-39849.50781189729,251.0345372407301,
15025,3b27,25,0,15,0.375,0,-673828.5429119715,-633995.6701188497,-39849.583396875154,385.3556771343774,
15026,3b27,26,0,15,0.375,0,-673830.7012253356,-633995.6701188497,-39849.230256610404,327.4401806009944,
15027,3b27,27,0,15,0.375,0,-673817.5475409569,-633995.6701188497,-39849.58653389741,638.9872977832612,
15028,3b27,28,0,15,0.375,0,-673841.849614183,-633995.6701188497,-39849.47125949789,75.90988496634297,
15029,3b27,29,0,15,0.375,0,-673837.1511357671,-633995.6701188497,-39849.5033141904,184.99856997572942,
15030,3b27,30,0,15,0.375,0,-673839.954949553,-633995.6701188497,-39849.1024115913,111.09605449603143,
15031,3b27,31,0,15,0.375,0,-673822.5759164484,-633995.6701188497,-39849.59208964635,523.15832286537,
15032,3b27,32,0,15,0.375,0,-673841.9121057936,-633995.6701188497,-39849.33707066704,71.37432623781363,
15033,3b27,33,0,15,0.375,0,-673838.5088444893,-633995.6701188497,-39849.47942232419,153.13810352311236,
15034,3b27,34,0,15,0.375,0,-673840.9973231207,-633995.6701188497,-39849.075032316934,86.42696791450177,
15035,3b27,35,0,15,0.375,0,-673836.4578524473,-633995.6701188497,-39849.58456971575,202.85986006151572,
15036,3b27,36,0,15,0.375,0,-673842.1144261011,-633995.6701188497,-39849.401971065294,68.20534784793261,
15037,3b27,37,0,15,0.375,0,-673837.863364557,-633995.6701188497,-39849.562579029094,169.9408635467189,
15038,3b27,38,0,15,0.375,0,-673829.4564614546,-633995.6701188497,-39849.163511984836,354.60594998552943,
15039,3b27,39,0,15,0.375,0,-673843.0630777868,-633995.6701188497,-39849.17241247822,41.035173497433036,
15040,3b27,40,0,15,0.375,0,-673818.2861766317,-633995.6701188497,-39849.41986139942,618.1103953628358,
15041,3b27,41,0,15,0.375,0,-673848.6392454448,-633995.6701188497,-39849.547069662105,-78.91450758168845,
15042,3b27,42,0,15,0.375,0,-673841.1839244614,-633995.6701188497,-39849.559453778755,93.29486306357789,
15043,3b27,43,0,15,0.375,0,-673836.9694062116,-633995.6701188497,-39849.56742956568,190.6678887604271,
15044,3b27,44,0,15,0.375,0,-673833.5259305037,-633995.6701188497,-39849.58216067482,270.4160324729987,
15045,3b27,45,0,15,0.375,0,-673839.4485555831,-633995.6701188497,-39849.09308155705,122.55862115822411,
15046,3b27,46,0,15,0.375,0,-673842.4062133977,-633995.6701188497,-39849.46977701117,63.040215195178966,
15047,3b27,47,0,15,0.375,0,-673842.3701105657,-633995.6701188497,-39849.606091522466,67.01625358859056,
15048,3b27,48,0,15,0.375,0,-673836.049978698,-633995.6701188497,-39849.425056212436,208.58718339256788,
15049,3b27,49,0,15,0.375,0,-673835.7642687503,-633995.6701188497,-39849.36107554365,213.70038203440592,
15050,3b27,50,0,15,0.375,0,-673843.7042875985,-633995.6701188497,-39849.23063343097,27.591131031556866,
15051,3b27,51,0,15,0.375,0,-673841.7061296942,-633995.6701188497,-39849.51934152175,80.32751369222485,
15052,3b27,52,0,15,0.375,0,-673825.5756194986,-633995.6701188497,-39849.55043893386,453.0230389500582,
15053,3b27,53,0,15,0.375,0,-673835.7861658134,-633995.6701188497,-39849.1338232689,207.9548618113358,
15054,3b27,54,0,15,0.375,0,-673827.3714699101,-633995.6701188497,-39849.320530527126,406.3079308283306,
15055,3b27,55,0,15,0.375,0,-673841.0754959675,-633995.6701188497,-39849.453587078344,93.35393942349744,
15056,3b27,56,0,15,0.375,0,-673838.1876793602,-633995.6701188497,-39849.47736951042,160.49700833630365,
15057,3b27,57,0,15,0.375,0,-673833.9849787446,-633995.6701188497,-39849.56229066182,259.37191517175535,
15058,3b27,58,0,15,0.375,0,-673796.2035291446,-633995.6701188497,-39849.34707846571,1125.6699296406593,
15059,3b27,59,0,15,0.375,0,-673841.335598001,-633995.6701188497,-39849.58444371153,90.37346968770683,
15060,3b27,60,0,15,0.375,0,-673837.4981720693,-633995.6701188497,-39849.55208160807,178.12032609748294,
15061,3b27,61,0,15,0.375,0,-673840.8458172922,-633995.6701188497,-39849.5381419294,100.60033668798305,
15062,3b27,62,0,15,0.375,0,-673832.1485801291,-633995.6701188497,-39849.35697778393,296.9856458397137,
15063,3b27,63,0,15,0.375,0,-673844.4027804972,-633995.6701188497,-39849.4348329537,16.19245499221613,
15064,3b27,64,0,15,0.375,0,-673837.7900697388,-633995.6701188497,-39849.600459926616,172.5046364586871,
15065,3b27,65,0,15,0.375,0,-673844.2230685598,-633995.6701188497,-39849.45798655678,20.87064549246123,
15066,3b27,66,0,15,0.375,0,-673840.638626362,-633995.6701188497,-39849.28036242057,99.43373635223634,
15067,3b27,67,0,15,0.375,0,-673841.7959949019,-633995.6701188497,-39849.41426514913,75.83205405564257,
15068,3b27,68,0,15,0.375,0,-673844.697465519,-633995.6701188497,-39849.41660826732,8.976585701322621,
15069,3b27,69,0,15,0.375,0,-673845.2914253422,-633995.6701188497,-39849.41279735495,-4.8083349392201855,
15070,3b27,70,0,15,0.375,0,-673842.4593303454,-633995.6701188497,-39849.480639927875,62.065814093712234,
15071,3b27,71,0,15,0.375,0,-673832.5542578043,-633995.6701188497,-39849.4127710693,288.91712013393,
15072,3b27,72,0,15,0.375,0,-673808.4358898052,-633995.6701188497,-39849.55914344717,848.4753261945083,
15073,3b27,73,0,15,0.375,0,-673818.1122900196,-633995.6701188497,-39849.59178369571,626.0849382339409,
15074,3b27,74,0,15,0.375,0,-673828.5557687383,-633995.6701188497,-39849.42162524987,381.32865074589245,
15075,3b27,75,0,15,0.375,0,-673843.0554706993,-633995.6701188497,-39849.46236725975,47.89711321065775,
15076,3b27,76,0,15,0.375,0,-673840.8139072903,-633995.6701188497,-39849.437630110275,99.01834120020952,
15077,3b27,77,0,15,0.375,0,-673834.5405170119,-633995.6701188497,-39849.14305695225,236.89313937634626,
15078,3b27,78,0,15,0.375,0,-673837.6629057777,-633995.6701188497,-39849.35911258389,169.87150512432805,
15079,3b27,79,0,15,0.375,0,-673844.2918480278,-633995.6701188497,-39848.831784331094,4.843986902200181,
15080,3b27,80,0,15,0.375,0,-673841.6699355193,-633995.6701188497,-39849.072826915275,70.86529975398373,
15081,3b27,81,0,15,0.375,0,-673838.7354549265,-633995.6701188497,-39848.97958686281,136.38586313370263,
15082,3b27,82,0,15,0.375,0,-673828.271372075,-633995.6701188497,-39848.79897322584,373.52829682098695,
15083,3b27,83,0,15,0.375,0,-673845.2857456149,-633995.6701188497,-39848.78131743599,-19.239630191351214,
15084,3b27,84,0,15,0.375,0,-673838.783436025,-633995.6701188497,-39848.76418011714,130.31199515454068,
15085,3b27,85,0,15,0.375,0,-673844.5369066994,-633995.6701188497,-39848.75400381614,-2.6008616003000258,
15086,3b27,86,0,15,0.375,0,-673842.5428616506,-633995.6701188497,-39848.88542824317,46.41362891047833,
15087,3b27,87,0,15,0.375,0,-673825.5488174501,-633995.6701188497,-39849.009297215234,441.16208438714943,
15088,3b27,88,0,15,0.375,0,-673843.8740957924,-633995.6701188497,-39849.030886315595,19.068983145420802,
15089,3b27,89,0,15,0.375,0,-673834.10619154,-633995.6701188497,-39848.815434419404,239.3537676054028,
15090,3b27,90,0,15,0.375,0,-673819.2330415795,-633995.6701188497,-39849.065816336166,588.1106978296795,
15091,3b27,91,0,15,0.375,0,-673845.7048632147,-633995.6701188497,-39849.58810227443,-10.299811293346579,
15092,3b27,92,0,15,0.375,0,-673832.7600507386,-633995.6701188497,-39849.319554739486,282.0218026974103,
15093,3b27,93,0,15,0.375,0,-673840.0822402631,-633995.6701188497,-39849.41418986846,115.35043886015131,
15094,3b27,94,0,15,0.375,0,-673826.8128153039,-633995.6701188497,-39849.458623015176,422.3753005217354,
15095,3b27,95,0,15,0.375,0,-673830.1170033754,-633995.6701188497,-39849.44497930337,345.86428198847625,
15096,3b27,96,0,15,0.375,0,-673841.9616384156,-633995.6701188497,-39849.69012957145,78.37380859156916,
15097,3b27,97,0,15,0.375,0,-673830.1721634961,-633995.6701188497,-39849.57718380619,347.6409676471884,
15098,3b27,98,0,15,0.375,0,-673824.3018896086,-633995.6701188497,-39849.506296180974,481.37799193745985,
15099,3b27,99,0,15,0.375,0,-673841.9330206157,-633995.6701188497,-39849.61415832568,77.28181218741217,
15100,3b27,100,0,15,0.375,0,-673838.8652137615,-633995.6701188497,-39849.35716208149,142.10064470374033,
16001,1nc3,1,0,16,0.365966796875,0,-660208.2856556884,-633995.6701188497,-26235.20615374578,520.9520017100085,
16002,1nc3,2,0,16,0.365966796875,0,-660218.8689538805,-633995.6701188497,-26235.04139863981,273.096004543155,
16003,1nc3,3,0,16,0.365966796875,0,-660191.7679685318,-633995.6701188497,-26235.046761150486,898.1832358675035,
16004,1nc3,4,0,16,0.365966796875,0,-660226.5760816903,-633995.6701188497,-26235.2640355183,100.49954343484008,
16005,1nc3,5,0,16,0.365966796875,0,-660215.3336413316,-633995.6701188497,-26235.390949065815,362.6830729905029,
16006,1nc3,6,0,16,0.365966796875,0,-660225.1185919761,-633995.6701188497,-26234.502342726122,116.5450016342268,
16007,1nc3,7,0,16,0.365966796875,0,-660209.7607817614,-633995.6701188497,-26234.24119323028,464.6822682250528,
16008,1nc3,8,0,16,0.365966796875,0,-660230.1517658354,-633995.6701188497,-26234.924587990175,10.2144622214522,
16009,1nc3,9,0,16,0.365966796875,0,-660220.7415092252,-633995.6701188497,-26234.069058890473,207.49116515369798,
16010,1nc3,10,0,16,0.365966796875,0,-660224.232821521,-633995.6701188497,-26234.07021736635,127.00630605356889,
16011,1nc3,11,0,16,0.365966796875,0,-660222.6075978839,-633995.6701188497,-26234.935606117375,184.44119215732366,
16012,1nc3,12,0,16,0.365966796875,0,-660221.155847025,-633995.6701188497,-26233.41499566568,182.85325222453952,
16013,1nc3,13,0,16,0.365966796875,0,-660225.8072836957,-633995.6701188497,-26234.882361228596,109.42682814777454,
16014,1nc3,14,0,16,0.365966796875,0,-660221.8774942277,-633995.6701188497,-26234.924205298554,201.01487331433006,
16015,1nc3,15,0,16,0.365966796875,0,-660225.0533886069,-633995.6701188497,-26234.92008602155,127.6820162945648,
16016,1nc3,16,0,16,0.365966796875,0,-660217.2563478322,-633995.6701188497,-26234.068159992825,287.8401670837185,
16017,1nc3,17,0,16,0.365966796875,0,-660219.2860436997,-633995.6701188497,-26235.03105455173,263.23914447973027,
16018,1nc3,18,0,16,0.365966796875,0,-660227.5111072628,-633995.6701188497,-26234.931406493317,71.26673395587807,
16019,1nc3,19,0,16,0.365966796875,0,-660202.1144079232,-633995.6701188497,-26233.410195822842,621.8485823900342,
16020,1nc3,20,0,16,0.365966796875,0,-660222.3943752021,-633995.6701188497,-26234.246221716534,173.46064205975273,
16021,1nc3,21,0,16,0.365966796875,0,-660190.506784346,-633995.6701188497,-26234.20493888391,907.8539514655088,
16022,1nc3,22,0,16,0.365966796875,0,-660199.2219032465,-633995.6701188497,-26235.03215059174,725.9544903649261,
16023,1nc3,23,0,16,0.365966796875,0,-660232.0921542608,-633995.6701188497,-26234.984948809273,-33.14000431855319,
16024,1nc3,24,0,16,0.365966796875,0,-660227.8396480948,-633995.6701188497,-26234.882372017037,62.55964049876583,
16025,1nc3,25,0,16,0.365966796875,0,-660228.8334905765,-633995.6701188497,-26234.893679942023,39.90185535991111,
16026,1nc3,26,0,16,0.365966796875,0,-660221.1521436094,-633995.6701188497,-26234.201976354252,201.08686082832122,
16027,1nc3,27,0,16,0.365966796875,0,-660221.5865873509,-633995.6701188497,-26235.03121062649,210.19094674383834,
16028,1nc3,28,0,16,0.365966796875,0,-660228.4759978325,-633995.6701188497,-26234.57863175405,40.88065007416433,
16029,1nc3,29,0,16,0.365966796875,0,-660229.3448896966,-633995.6701188497,-26234.573678012024,20.729291677865593,
16030,1nc3,30,0,16,0.365966796875,0,-660210.5998425303,-633995.6701188497,-26234.07072478069,441.401971394511,
16031,1nc3,31,0,16,0.365966796875,0,-660208.0611684137,-633995.6701188497,-26234.87981700433,518.6032972093732,
16032,1nc3,32,0,16,0.365966796875,0,-660204.5798413128,-633995.6701188497,-26234.888995046746,599.0962580195843,
16033,1nc3,33,0,16,0.365966796875,0,-660218.0553199163,-633995.6701188497,-26233.40744083656,254.1788874153343,
16034,1nc3,34,0,16,0.365966796875,0,-660222.0944764434,-633995.6701188497,-26235.029351050984,198.43586320520018,
16035,1nc3,35,0,16,0.365966796875,0,-660227.1125057751,-633995.6701188497,-26234.199437852032,63.57910476650776,
16036,1nc3,36,0,16,0.365966796875,0,-660209.533632961,-633995.6701188497,-26234.970546330343,486.7397260505709,
16037,1nc3,37,0,16,0.365966796875,0,-660221.8964288047,-633995.6701188497,-26234.923419917952,200.56012028871913,
16038,1nc3,38,0,16,0.365966796875,0,-660193.2633377431,-633995.6701188497,-26234.87989973558,859.8512870062528,
16039,1nc3,39,0,16,0.365966796875,0,-660227.2650909388,-633995.6701188497,-26234.990630383618,78.30574051833321,
16040,1nc3,40,0,16,0.365966796875,0,-660228.6320078493,-633995.6701188497,-26233.407652671467,10.279554477124458,
16041,1nc3,41,0,16,0.365966796875,0,-660224.7963962518,-633995.6701188497,-26234.895068849455,133.0314910979053,
16042,1nc3,42,0,16,0.365966796875,0,-660226.4115007935,-633995.6701188497,-26234.965373273026,97.40755408354757,
16043,1nc3,43,0,16,0.365966796875,0,-660221.5780916327,-633995.6701188497,-26233.414348776467,173.10114263271961,
16044,1nc3,44,0,16,0.365966796875,0,-660229.1697846026,-633995.6701188497,-26234.577523226868,24.855983833761563,
16045,1nc3,45,0,16,0.365966796875,0,-660210.510067772,-633995.6701188497,-26234.200785811077,446.4715051149408,
16046,1nc3,46,0,16,0.365966796875,0,-660226.7112354307,-633995.6701188497,-26234.965724254977,90.50360298332224,
16047,1nc3,47,0,16,0.365966796875,0,-660222.5869902485,-633995.6701188497,-26234.89381366504,183.95265867261492,
16048,1nc3,48,0,16,0.365966796875,0,-660225.99407461,-633995.6701188497,-26235.1489962293,111.26807652190793,
16049,1nc3,49,0,16,0.365966796875,0,-660221.5497075132,-633995.6701188497,-26233.409778351914,173.65029948418325,
16050,1nc3,50,0,16,0.365966796875,0,-660224.0136367498,-633995.6701188497,-26234.894515658747,151.06959715166417,
16051,1nc3,51,0,16,0.365966796875,0,-660206.5924293065,-633995.6701188497,-26234.892352069743,552.7622911183447,
16052,1nc3,52,0,16,0.365966796875,0,-660227.6747857303,-633995.6701188497,-26234.986742015015,68.76828627194996,
16053,1nc3,53,0,16,0.365966796875,0,-660223.1109667383,-633995.6701188497,-26234.068416292797,152.8353581859478,
16054,1nc3,54,0,16,0.365966796875,0,-660216.4356883883,-633995.6701188497,-26234.577754969727,318.51656278042003,
16055,1nc3,55,0,16,0.365966796875,0,-660205.765459221,-633995.6701188497,-26235.032695795424,575.0690775283481,
16056,1nc3,56,0,16,0.365966796875,0,-660210.2019351692,-633995.6701188497,-26225.695216323267,257.43411974045,
16057,1nc3,57,0,16,0.365966796875,0,-660214.7115779034,-633995.6701188497,-26234.8933678223,365.5537003663345,
16058,1nc3,58,0,16,0.365966796875,0,-660229.7473798066,-633995.6701188497,-26234.93821644319,19.854105172434053,
16059,1nc3,59,0,16,0.365966796875,0,-660216.469506573,-633995.6701188497,-26234.071003790028,306.05073709584275,
16060,1nc3,60,0,16,0.365966796875,0,-660215.0847984672,-633995.6701188497,-26233.422481532227,323.0275860562882,
16061,1nc3,61,0,16,0.365966796875,0,-660230.8631588629,-633995.6701188497,-26234.89787488712,-6.806669507837095,
16062,1nc3,62,0,16,0.365966796875,0,-660216.3521905659,-633995.6701188497,-26234.92616441382,328.4765809578157,
16063,1nc3,63,0,16,0.365966796875,0,-660213.4832508081,-633995.6701188497,-26231.544061656125,316.64276105410505,
16064,1nc3,64,0,16,0.365966796875,0,-660203.292138663,-633995.6701188497,-26234.96905153526,630.637533050172,
16065,1nc3,65,0,16,0.365966796875,0,-660194.596103113,-633995.6701188497,-26235.032853628527,832.6441880106426,
16066,1nc3,66,0,16,0.365966796875,0,-660222.2508795827,-633995.6701188497,-26233.412172193657,157.5360907393167,
16067,1nc3,67,0,16,0.365966796875,0,-660204.8821979874,-633995.6701188497,-26234.07028173936,573.243770079285,
16068,1nc3,68,0,16,0.365966796875,0,-660171.8271714569,-633995.6701188497,-26234.87950551046,1354.1719339078447,
16069,1nc3,69,0,16,0.365966796875,0,-660209.1430216692,-633995.6701188497,-26234.922362561356,494.6362923176741,
16070,1nc3,70,0,16,0.365966796875,0,-660211.8147415338,-633995.6701188497,-26234.06764161123,413.3146352379872,
16071,1nc3,71,0,16,0.365966796875,0,-660221.9287500792,-633995.6701188497,-26234.574301893837,191.76392109823473,
16072,1nc3,72,0,16,0.365966796875,0,-660216.2713371784,-633995.6701188497,-26234.378943081032,317.72188064837616,
16073,1nc3,73,0,16,0.365966796875,0,-660225.5012440643,-633995.6701188497,-26234.96471049918,118.38328899804941,
16074,1nc3,74,0,16,0.365966796875,0,-660208.3976477652,-633995.6701188497,-26234.968180502783,512.8816097124957,
16075,1nc3,75,0,16,0.365966796875,0,-660225.5034252369,-633995.6701188497,-26234.92309927476,117.37341233194537,
16076,1nc3,76,0,16,0.365966796875,0,-660229.9380051465,-633995.6701188497,-26234.06870841516,-4.593151064704278,
16077,1nc3,77,0,16,0.365966796875,0,-660213.8749543539,-633995.6701188497,-26233.92207979692,362.4482637783465,
16078,1nc3,78,0,16,0.365966796875,0,-660222.3957291065,-633995.6701188497,-26225.68308078779,-24.041300684439246,
16079,1nc3,79,0,16,0.365966796875,0,-660229.3331621849,-633995.6701188497,-26234.968933428652,30.11454096166607,
16080,1nc3,80,0,16,0.365966796875,0,-660206.8243631691,-633995.6701188497,-26234.574788565766,540.0905808119965,
16081,1nc3,81,0,16,0.365966796875,0,-660230.1095239184,-633995.6701188497,-26235.785772915016,31.047980119000187,
16082,1nc3,82,0,16,0.365966796875,0,-660230.2855289696,-633995.6701188497,-26236.063667769562,33.39761480161664,
16083,1nc3,83,0,16,0.365966796875,0,-660221.503646549,-633995.6701188497,-26235.785468454487,229.4972057941129,
16084,1nc3,84,0,16,0.365966796875,0,-660229.9174375952,-633995.6701188497,-26236.070554847847,42.044823345281685,
16085,1nc3,85,0,16,0.365966796875,0,-660230.8222075066,-633995.6701188497,-26235.98316639198,19.165107860644767,
16086,1nc3,86,0,16,0.365966796875,0,-660228.8382258831,-633995.6701188497,-26235.96328341497,64.45829864319602,
16087,1nc3,87,0,16,0.365966796875,0,-660230.7381237262,-633995.6701188497,-26235.85583281053,18.167743755149075,
16088,1nc3,88,0,16,0.365966796875,0,-660211.2840842576,-633995.6701188497,-26235.840121085774,466.4262304407948,
16089,1nc3,89,0,16,0.365966796875,0,-660219.2663676253,-633995.6701188497,-26235.937856401335,284.604232959898,
16090,1nc3,90,0,16,0.365966796875,0,-660228.2419927835,-633995.6701188497,-26235.742975111138,73.12733037629528,
16091,1nc3,91,0,16,0.365966796875,0,-660223.5931555593,-633995.6701188497,-26234.987751956112,162.91620385318663,
16092,1nc3,92,0,16,0.365966796875,0,-660230.5931766898,-633995.6701188497,-26235.853460009228,21.45558372313438,
16093,1nc3,93,0,16,0.365966796875,0,-660224.5424673371,-633995.6701188497,-26236.05168270601,165.55938014076278,
16094,1nc3,94,0,16,0.365966796875,0,-660222.2214693843,-633995.6701188497,-26235.336915249954,202.5999353387143,
16095,1nc3,95,0,16,0.365966796875,0,-660217.2439788246,-633995.6701188497,-26234.989042277462,309.36145314567494,
16096,1nc3,96,0,16,0.365966796875,0,-660227.3992380173,-633995.6701188497,-26235.028906817566,76.09491093415883,
16097,1nc3,97,0,16,0.365966796875,0,-660215.6173768155,-633995.6701188497,-26234.707784826885,340.3858356851255,
16098,1nc3,98,0,16,0.365966796875,0,-660220.3706519424,-633995.6701188497,-26235.035304601322,238.32549269263464,
16099,1nc3,99,0,16,0.365966796875,0,-660221.0647065305,-633995.6701188497,-26234.78090083135,216.45352336108022,
16100,1nc3,100,0,16,0.365966796875,0,-660232.366985944,-633995.6701188497,-26234.839778478276,-42.82548085457931,
17001,1y6r,1,0,17,0.339111328125,1,-669100.5429659544,-633995.6701188497,-35128.482389261,544.4489761548855,
17002,1y6r,2,0,17,0.339111328125,1,-669117.3058431508,-633995.6701188497,-35128.26102801127,152.78313310076564,
17003,1y6r,3,0,17,0.339111328125,1,-669111.3275433539,-633995.6701188497,-35128.09264298246,286.7629505028283,
17004,1y6r,4,0,17,0.339111328125,1,-669122.5133461573,-633995.6701188497,-35127.1856726305,7.8969767493224845,
17005,1y6r,5,0,17,0.339111328125,1,-669116.7403133272,-633995.6701188497,-35125.273985614054,96.9417265756352,
17006,1y6r,6,0,17,0.339111328125,1,-669117.9083688619,-633995.6701188497,-35127.45050405426,120.19743364311283,
17007,1y6r,7,0,17,0.339111328125,1,-669115.9480269013,-633995.6701188497,-35125.280139555194,115.35419884801763,
17008,1y6r,8,0,17,0.339111328125,1,-669119.0470310815,-633995.6701188497,-35127.45031710429,93.93494789573832,
17009,1y6r,9,0,17,0.339111328125,1,-669109.5665592311,-633995.6701188497,-35113.04134758281,-19.718908381896306,
17010,1y6r,10,0,17,0.339111328125,1,-669112.9138423266,-633995.6701188497,-35124.77256425185,173.61919280010926,
17011,1y6r,11,0,17,0.339111328125,1,-669119.8441658227,-633995.6701188497,-35127.7339242594,82.09272043423533,
17012,1y6r,12,0,17,0.339111328125,1,-669099.2772603848,-633995.6701188497,-35127.18184636993,543.6456084379441,
17013,1y6r,13,0,17,0.339111328125,1,-669102.9471333532,-633995.6701188497,-35123.17545000183,366.6266322414899,
17014,1y6r,14,0,17,0.339111328125,1,-669095.242186031,-633995.6701188497,-35125.257962097356,592.3308082855565,
17015,1y6r,15,0,17,0.339111328125,1,-669109.870847082,-633995.6701188497,-35125.27927493022,255.47735602166625,
17016,1y6r,16,0,17,0.339111328125,1,-669108.8879253187,-633995.6701188497,-35125.25449647469,277.57266559973664,
17017,1y6r,17,0,17,0.339111328125,1,-669119.6154317616,-633995.6701188497,-35125.25888558196,30.29170538750531,
17018,1y6r,18,0,17,0.339111328125,1,-669117.2297803523,-633995.6701188497,-35127.609016020724,139.50142920955668,
17019,1y6r,19,0,17,0.339111328125,1,-669112.0767919777,-633995.6701188497,-35116.74501429961,7.802332770549071,
17020,1y6r,20,0,17,0.339111328125,1,-669114.7302384146,-633995.6701188497,-35124.45509891672,124.41117938831854,
17021,1y6r,21,0,17,0.339111328125,1,-669119.3861019223,-633995.6701188497,-35125.33856474327,37.417622227293705,
17022,1y6r,22,0,17,0.339111328125,1,-669105.5625717553,-633995.6701188497,-35125.0677164988,349.94989193472463,
17023,1y6r,23,0,17,0.339111328125,1,-669124.3085932641,-633995.6701188497,-35126.907269407966,-39.92253585450919,
17024,1y6r,24,0,17,0.339111328125,1,-669109.3700330027,-633995.6701188497,-35114.298454274365,13.802663098052319,
17025,1y6r,25,0,17,0.339111328125,1,-669080.9689578919,-633995.6701188497,-35127.18201680946,965.8490242002256,
17026,1y6r,26,0,17,0.339111328125,1,-669110.6478772821,-633995.6701188497,-35127.73581715388,294.2078233727815,
17027,1y6r,27,0,17,0.339111328125,1,-669105.744452378,-633995.6701188497,-35125.06420355008,345.67461461222945,
17028,1y6r,28,0,17,0.339111328125,1,-669110.9550781467,-633995.6701188497,-35127.184187729785,274.40272642333815,
17029,1y6r,29,0,17,0.339111328125,1,-669114.658084607,-633995.6701188497,-35125.24984448122,144.40235382347458,
17030,1y6r,30,0,17,0.339111328125,1,-669107.1079064967,-633995.6701188497,-35127.17762639088,362.9693041993228,
17031,1y6r,31,0,17,0.339111328125,1,-669121.4747055082,-633995.6701188497,-35127.18796699212,31.90150835163688,
17032,1y6r,32,0,17,0.339111328125,1,-669084.9863023378,-633995.6701188497,-35128.414446284005,901.6273592986732,
17033,1y6r,33,0,17,0.339111328125,1,-669076.7549385941,-633995.6701188497,-35095.65032823844,335.88860530537454,
17034,1y6r,34,0,17,0.339111328125,1,-669120.8669642123,-633995.6701188497,-35127.306639959046,48.653019205396525,
17035,1y6r,35,0,17,0.339111328125,1,-669112.596899426,-633995.6701188497,-35124.447065402695,173.4218879404552,
17036,1y6r,36,0,17,0.339111328125,1,-669079.8822718181,-633995.6701188497,-35106.16041507287,506.1389480591746,
17037,1y6r,37,0,17,0.339111328125,1,-669083.8550227343,-633995.6701188497,-35125.28259419369,855.4930617796559,
17038,1y6r,38,0,17,0.339111328125,1,-669103.7098779144,-633995.6701188497,-35123.09923932416,347.27986482813975,
17039,1y6r,39,0,17,0.339111328125,1,-669102.6393491684,-633995.6701188497,-35128.15323566363,488.51476850144525,
17040,1y6r,40,0,17,0.339111328125,1,-669120.7967937358,-633995.6701188497,-35125.25495355291,2.9581763317626995,
17041,1y6r,41,0,17,0.339111328125,1,-669098.7416865139,-633995.6701188497,-35128.41002519893,584.3187119347556,
17042,1y6r,42,0,17,0.339111328125,1,-669096.1048232528,-633995.6701188497,-35124.76742868585,561.1259521729829,
17043,1y6r,43,0,17,0.339111328125,1,-669110.9015162496,-633995.6701188497,-35126.90925698445,269.29783950851333,
17044,1y6r,44,0,17,0.339111328125,1,-669099.0851026841,-633995.6701188497,-35125.16230921907,501.5052372218709,
17045,1y6r,45,0,17,0.339111328125,1,-669099.6685103236,-633995.6701188497,-35125.49814708995,495.79614273059644,
17046,1y6r,46,0,17,0.339111328125,1,-669104.5038350137,-633995.6701188497,-35125.167278964946,376.6609062157675,
17047,1y6r,47,0,17,0.339111328125,1,-669117.2467466502,-633995.6701188497,-35123.10604934857,35.269298763073955,
17048,1y6r,48,0,17,0.339111328125,1,-669097.7140409865,-633995.6701188497,-35124.45401017828,516.7889071695375,
17049,1y6r,49,0,17,0.339111328125,1,-669093.3173630892,-633995.6701188497,-35125.349732358925,638.8345523061137,
17050,1y6r,50,0,17,0.339111328125,1,-669088.6267468246,-633995.6701188497,-35127.73882528109,802.0965246341985,
17051,1y6r,51,0,17,0.339111328125,1,-669080.4108776508,-633995.6701188497,-35125.279326071,934.841569512072,
17052,1y6r,52,0,17,0.339111328125,1,-669100.9260712333,-633995.6701188497,-35123.180969198176,413.3607076166212,
17053,1y6r,53,0,17,0.339111328125,1,-669116.1574437378,-633995.6701188497,-35127.741800506585,167.2921819856766,
17054,1y6r,54,0,17,0.339111328125,1,-669080.5593803587,-633995.6701188497,-35123.107023526856,881.3225289933114,
17055,1y6r,55,0,17,0.339111328125,1,-669105.1676414965,-633995.6701188497,-35125.25086932347,363.28080452981675,
17056,1y6r,56,0,17,0.339111328125,1,-669097.6407157101,-633995.6701188497,-35128.65786077542,615.4229259807688,
17057,1y6r,57,0,17,0.339111328125,1,-669108.4585163055,-633995.6701188497,-35127.736477156155,344.71090690546515,
17058,1y6r,58,0,17,0.339111328125,1,-669120.2334929617,-633995.6701188497,-35127.4463301496,66.48254559839027,
17059,1y6r,59,0,17,0.339111328125,1,-669103.9234865515,-633995.6701188497,-35125.27904959486,392.6215516442593,
17060,1y6r,60,0,17,0.339111328125,1,-669086.1765596487,-633995.6701188497,-35126.87129949493,838.5935633115679,
17061,1y6r,61,0,17,0.339111328125,1,-669121.0979402123,-633995.6701188497,-35128.41256861853,68.82990685710489,
17062,1y6r,62,0,17,0.339111328125,1,-669097.5460320922,-633995.6701188497,-35127.58583267493,592.8848267938164,
17063,1y6r,63,0,17,0.339111328125,1,-669117.5072842,-633995.6701188497,-35126.273138483026,102.29597060193603,
17064,1y6r,64,0,17,0.339111328125,1,-669100.9650327482,-633995.6701188497,-35127.7369595365,517.5258668531103,
17065,1y6r,65,0,17,0.339111328125,1,-669111.8210837008,-633995.6701188497,-35127.60442404909,264.12304366296974,
17066,1y6r,66,0,17,0.339111328125,1,-669114.5525068855,-633995.6701188497,-35125.50129975838,152.63573036604856,
17067,1y6r,67,0,17,0.339111328125,1,-669092.0696815458,-633995.6701188497,-35114.267447848746,412.04322019433954,
17068,1y6r,68,0,17,0.339111328125,1,-669109.6302106741,-633995.6701188497,-35127.61434294743,314.8745111137279,
17069,1y6r,69,0,17,0.339111328125,1,-669122.496073088,-633995.6701188497,-35127.73954944777,21.06800602570842,
17070,1y6r,70,0,17,0.339111328125,1,-669120.317590377,-633995.6701188497,-35127.591279436776,67.88582310247526,
17071,1y6r,71,0,17,0.339111328125,1,-669106.3433946578,-633995.6701188497,-35125.25994651482,336.3766175217594,
17072,1y6r,72,0,17,0.339111328125,1,-669110.4802590974,-633995.6701188497,-35127.738668371865,298.13894118705207,
17073,1y6r,73,0,17,0.339111328125,1,-669089.355937293,-633995.6701188497,-35127.59178616571,781.8901904058179,
17074,1y6r,74,0,17,0.339111328125,1,-669117.7608530881,-633995.6701188497,-35125.339776863286,74.92470285519686,
17075,1y6r,75,0,17,0.339111328125,1,-669097.3923264055,-633995.6701188497,-35128.25231565998,611.798826888351,
17076,1y6r,76,0,17,0.339111328125,1,-669114.3974276253,-633995.6701188497,-35125.27560230059,151.00723604362577,
17077,1y6r,77,0,17,0.339111328125,1,-669123.4166344315,-633995.6701188497,-35128.374181051724,14.474309592342983,
17078,1y6r,78,0,17,0.339111328125,1,-669119.1242114665,-633995.6701188497,-35128.72192569537,121.47911667210647,
17079,1y6r,79,0,17,0.339111328125,1,-669121.6040001719,-633995.6701188497,-35128.02538480327,48.23121606424409,
17080,1y6r,80,0,17,0.339111328125,1,-669103.9375515946,-633995.6701188497,-35128.69352825446,471.03695249216736,
17081,1y6r,81,0,17,0.339111328125,1,-669124.1961840302,-633995.6701188497,-35128.511801321976,-0.32893239006212516,
17082,1y6r,82,0,17,0.339111328125,1,-669115.3387073787,-633995.6701188497,-35128.80858041806,210.77322012930986,
17083,1y6r,83,0,17,0.339111328125,1,-669125.7434868871,-633995.6701188497,-35128.71871330307,-31.239080293950252,
17084,1y6r,84,0,17,0.339111328125,1,-669124.8610679724,-633995.6701188497,-35128.46222696168,-16.804732248352686,
17085,1y6r,85,0,17,0.339111328125,1,-669117.7661756037,-633995.6701188497,-35128.62243636417,150.50188916097366,
17086,1y6r,86,0,17,0.339111328125,1,-669124.5724471422,-633995.6701188497,-35128.90097107453,-0.03129818967379214,
17087,1y6r,87,0,17,0.339111328125,1,-669118.5483463614,-633995.6701188497,-35128.42529505954,127.91841650770877,
17088,1y6r,88,0,17,0.339111328125,1,-669105.3577628054,-633995.6701188497,-35128.85193939967,441.93915172587555,
17089,1y6r,89,0,17,0.339111328125,1,-669116.7066413967,-633995.6701188497,-35128.24787758755,166.2977978358055,
17090,1y6r,90,0,17,0.339111328125,1,-669117.807027212,-633995.6701188497,-35128.089136262366,137.26163618890294,
17091,1y6r,91,0,17,0.339111328125,1,-669097.3369669525,-633995.6701188497,-35128.069597710826,608.8618701953461,
17092,1y6r,92,0,17,0.339111328125,1,-669100.9184442379,-633995.6701188497,-35128.182298530766,528.8699846007403,
17093,1y6r,93,0,17,0.339111328125,1,-669105.3535836397,-633995.6701188497,-35126.597636927836,390.05007559998415,
17094,1y6r,94,0,17,0.339111328125,1,-669120.869573048,-633995.6701188497,-35127.99736364646,64.52132465628763,
17095,1y6r,95,0,17,0.339111328125,1,-669112.9010041265,-633995.6701188497,-35128.7616234319,265.9051387479257,
17096,1y6r,96,0,17,0.339111328125,1,-669104.1344789036,-633995.6701188497,-35127.905068327615,448.3133830074775,
17097,1y6r,97,0,17,0.339111328125,1,-669117.2302391736,-633995.6701188497,-35126.77371649908,120.22838396721006,
17098,1y6r,98,0,17,0.339111328125,1,-669111.912449217,-633995.6701188497,-35127.745610435435,265.27194021959724,
17099,1y6r,99,0,17,0.339111328125,1,-669109.2163401155,-633995.6701188497,-35128.07483153508,335.03771202708754,
17100,1y6r,100,0,17,0.339111328125,1,-669113.1882352002,-633995.6701188497,-35128.211409320065,246.59319399105465,
18001,1nc1,1,0,18,0.339111328125,0,-669627.862375999,-633995.6701188497,-35658.00398517483,595.2325887245468,
18002,1nc1,2,0,18,0.339111328125,0,-669635.0137980976,-633995.6701188497,-35657.95116896262,429.098906574367,
18003,1nc1,3,0,18,0.339111328125,0,-669644.5273337164,-633995.6701188497,-35658.13554997084,213.96349045811542,
18004,1nc1,4,0,18,0.339111328125,0,-669653.3026978921,-633995.6701188497,-35657.74169344535,2.5162379095516685,
18005,1nc1,5,0,18,0.339111328125,0,-669643.2562251334,-633995.6701188497,-35658.61728824013,254.38509913435612,
18006,1nc1,6,0,18,0.339111328125,0,-669631.5879458436,-633995.6701188497,-35656.7086051785,479.44673476277984,
18007,1nc1,7,0,18,0.339111328125,0,-669647.2065254846,-633995.6701188497,-35656.82708013889,122.00582939638883,
18008,1nc1,8,0,18,0.339111328125,0,-669641.9371966522,-633995.6701188497,-35657.400205262806,256.7360183039654,
18009,1nc1,9,0,18,0.339111328125,0,-669640.3194864634,-633995.6701188497,-35657.857752003605,304.5925799881955,
18010,1nc1,10,0,18,0.339111328125,0,-669648.5404537567,-633995.6701188497,-35651.60076939395,-29.27687623716723,
18011,1nc1,11,0,18,0.339111328125,0,-669635.9440962472,-633995.6701188497,-35658.101156332465,411.1045125153221,
18012,1nc1,12,0,18,0.339111328125,0,-669634.3431784462,-633995.6701188497,-35655.89622715941,397.1756793803848,
18013,1nc1,13,0,18,0.339111328125,0,-669646.4701858703,-633995.6701188497,-35655.89729962581,117.54497629666903,
18014,1nc1,14,0,18,0.339111328125,0,-669647.7995107123,-633995.6701188497,-35658.170581915285,139.31315216506343,
18015,1nc1,15,0,18,0.339111328125,0,-669648.5568568059,-633995.6701188497,-35655.89469496247,69.3651364156156,
18016,1nc1,16,0,18,0.339111328125,0,-669634.98374256,-633995.6701188497,-35653.04234159818,316.5917555064386,
18017,1nc1,17,0,18,0.339111328125,0,-669619.7722887349,-633995.6701188497,-35658.489920564825,793.0003693352764,
18018,1nc1,18,0,18,0.339111328125,0,-669630.8258868105,-633995.6701188497,-35657.40326846471,513.0395494816028,
18019,1nc1,19,0,18,0.339111328125,0,-669618.5921371378,-633995.6701188497,-35642.706849464084,456.24904565560166,
18020,1nc1,20,0,18,0.339111328125,0,-669634.7273438376,-633995.6701188497,-35639.28183133235,5.179545349521602,
18021,1nc1,21,0,18,0.339111328125,0,-669641.3992226515,-633995.6701188497,-35650.644137748415,113.34337541568239,
18022,1nc1,22,0,18,0.339111328125,0,-669627.2064027884,-633995.6701188497,-35634.98087770572,79.43421932185254,
18023,1nc1,23,0,18,0.339111328125,0,-669642.064860756,-633995.6701188497,-35658.54936445591,280.2922546679703,
18024,1nc1,24,0,18,0.339111328125,0,-669630.9956193368,-633995.6701188497,-35658.66647801628,538.2557287247286,
18025,1nc1,25,0,18,0.339111328125,0,-669646.4154711758,-633995.6701188497,-35657.85331276887,163.91346176920203,
18026,1nc1,26,0,18,0.339111328125,0,-669631.2353290417,-633995.6701188497,-35642.7164369606,164.9112069450146,
18027,1nc1,27,0,18,0.339111328125,0,-669650.4969165274,-633995.6701188497,-35656.37953717348,35.80702341165678,
18028,1nc1,28,0,18,0.339111328125,0,-669626.9156530898,-633995.6701188497,-35658.6356362783,631.6307581388719,
18029,1nc1,29,0,18,0.339111328125,0,-669622.6714645717,-633995.6701188497,-35655.893538453514,666.269792416439,
18030,1nc1,30,0,18,0.339111328125,0,-669647.729290823,-633995.6701188497,-35658.19887239566,141.58485525638454,
18031,1nc1,31,0,18,0.339111328125,0,-669642.9764037677,-633995.6701188497,-35657.96547607419,245.80678749340785,
18032,1nc1,32,0,18,0.339111328125,0,-669635.8905592363,-633995.6701188497,-35656.228054472114,369.1443502739769,
18033,1nc1,33,0,18,0.339111328125,0,-669632.5953834299,-633995.6701188497,-35655.76382089489,434.427428955334,
18034,1nc1,34,0,18,0.339111328125,0,-669638.6388895758,-633995.6701188497,-35658.105281212236,349.0562240537882,
18035,1nc1,35,0,18,0.339111328125,0,-669649.7802754589,-633995.6701188497,-35658.350901224585,97.79389404026846,
18036,1nc1,36,0,18,0.339111328125,0,-669619.9393310647,-633995.6701188497,-35647.31062761774,531.3476619806836,
18037,1nc1,37,0,18,0.339111328125,0,-669644.8538857048,-633995.6701188497,-35655.891849049265,154.6920502915752,
18038,1nc1,38,0,18,0.339111328125,0,-669645.4207281866,-633995.6701188497,-35656.37891937127,152.85246058413557,
18039,1nc1,39,0,18,0.339111328125,0,-669643.9469378986,-633995.6701188497,-35657.40332693693,210.46227167813603,
18040,1nc1,40,0,18,0.339111328125,0,-669642.6169859271,-633995.6701188497,-35658.44625944724,265.1822877683023,
18041,1nc1,41,0,18,0.339111328125,0,-669625.8066066896,-633995.6701188497,-35656.3752261483,605.0796797769312,
18042,1nc1,42,0,18,0.339111328125,0,-669623.1458042809,-633995.6701188497,-35635.02039922109,173.98523322105413,
18043,1nc1,43,0,18,0.339111328125,0,-669628.5304574319,-633995.6701188497,-35656.83082289329,552.7724999791268,
18044,1nc1,44,0,18,0.339111328125,0,-669639.5784511964,-633995.6701188497,-35657.47308046451,312.810522780874,
18045,1nc1,45,0,18,0.339111328125,0,-669632.8187896553,-633995.6701188497,-35642.72308842176,128.54912406481432,
18046,1nc1,46,0,18,0.339111328125,0,-669636.3576191314,-633995.6701188497,-35656.22362691989,358.27159144198157,
18047,1nc1,47,0,18,0.339111328125,0,-669650.3931279429,-633995.6701188497,-35656.98712725279,52.21180511339821,
18048,1nc1,48,0,18,0.339111328125,0,-669619.7670079123,-633995.6701188497,-35650.65089375606,612.3498953290697,
18049,1nc1,49,0,18,0.339111328125,0,-669631.0976668987,-633995.6701188497,-35647.31146863931,274.0497191876924,
18050,1nc1,50,0,18,0.339111328125,0,-669632.2749935784,-633995.6701188497,-35658.59648693433,507.138625140045,
18051,1nc1,51,0,18,0.339111328125,0,-669636.003840799,-633995.6701188497,-35658.26627434132,413.53448216225854,
18052,1nc1,52,0,18,0.339111328125,0,-669625.0607206027,-633995.6701188497,-35642.60680253139,304.77283018849687,
18053,1nc1,53,0,18,0.339111328125,0,-669614.614371295,-633995.6701188497,-35658.01725394362,901.0448199390327,
18054,1nc1,54,0,18,0.339111328125,0,-669649.0358517565,-633995.6701188497,-35657.40043927064,93.04253908734728,
18055,1nc1,55,0,18,0.339111328125,0,-669646.4919060563,-633995.6701188497,-35656.71413267484,135.88071450548577,
18056,1nc1,56,0,18,0.339111328125,0,-669639.0341880571,-633995.6701188497,-35658.54604307642,350.1046345711933,
18057,1nc1,57,0,18,0.339111328125,0,-669646.8960656921,-633995.6701188497,-35658.48246822589,167.33935844921376,
18058,1nc1,58,0,18,0.339111328125,0,-669594.312288294,-633995.6701188497,-35658.66876489749,1384.2461755589234,
18059,1nc1,59,0,18,0.339111328125,0,-669619.3994019575,-633995.6701188497,-35657.4660497987,777.9883219260468,
18060,1nc1,60,0,18,0.339111328125,0,-669650.1987088274,-633995.6701188497,-35658.26729763379,86.21664672917906,
18061,1nc1,61,0,18,0.339111328125,0,-669626.8103602771,-633995.6701188497,-35654.71471250885,543.6402179565947,
18062,1nc1,62,0,18,0.339111328125,0,-669648.2554432699,-633995.6701188497,-35657.73411665192,118.73396953111606,
18063,1nc1,63,0,18,0.339111328125,0,-669636.8655220964,-633995.6701188497,-35655.812582113715,337.0801524120871,
18064,1nc1,64,0,18,0.339111328125,0,-669649.8831784825,-633995.6701188497,-35658.01609183183,87.70000592694736,
18065,1nc1,65,0,18,0.339111328125,0,-669648.7997472679,-633995.6701188497,-35656.37396264904,74.81612471047222,
18066,1nc1,66,0,18,0.339111328125,0,-669650.3947453597,-633995.6701188497,-35657.46786380639,63.26055488561603,
18067,1nc1,67,0,18,0.339111328125,0,-669627.1455698111,-633995.6701188497,-35654.7145561063,535.9064957351152,
18068,1nc1,68,0,18,0.339111328125,0,-669620.8756337266,-633995.6701188497,-35655.88855779996,707.5677789168619,
18069,1nc1,69,0,18,0.339111328125,0,-669615.3445743416,-633995.6701188497,-35658.44776529902,894.1337653601427,
18070,1nc1,70,0,18,0.339111328125,0,-669639.8676395514,-633995.6701188497,-35658.34627810946,326.27809694585324,
18071,1nc1,71,0,18,0.339111328125,0,-669636.154474447,-633995.6701188497,-35658.19306618807,408.37256759721674,
18072,1nc1,72,0,18,0.339111328125,0,-669639.8314054112,-633995.6701188497,-35656.708300956394,289.3410255845238,
18073,1nc1,73,0,18,0.339111328125,0,-669631.4203298483,-633995.6701188497,-35658.104084827835,515.492576639168,
18074,1nc1,74,0,18,0.339111328125,0,-669621.564668248,-633995.6701188497,-35656.707565911915,710.5650411197679,
18075,1nc1,75,0,18,0.339111328125,0,-669650.2985724756,-633995.6701188497,-35658.839772262545,97.1153148519033,
18076,1nc1,76,0,18,0.339111328125,0,-669652.0881911616,-633995.6701188497,-35658.70994568696,52.85185558719485,
18077,1nc1,77,0,18,0.339111328125,0,-669650.1399327015,-633995.6701188497,-35658.796931930716,99.78571342858767,
18078,1nc1,78,0,18,0.339111328125,0,-669653.3573039719,-633995.6701188497,-35658.657261022236,22.370481692890106,
18079,1nc1,79,0,18,0.339111328125,0,-669626.9365479448,-633995.6701188497,-35658.64161331293,631.2867450281533,
18080,1nc1,80,0,18,0.339111328125,0,-669653.4825389783,-633995.6701188497,-35659.03258628478,28.137700005667913,
18081,1nc1,81,0,18,0.339111328125,0,-669642.6851536279,-633995.6701188497,-35658.99153996342,276.18477066832526,
18082,1nc1,82,0,18,0.339111328125,0,-669651.8272025534,-633995.6701188497,-35658.52566982141,54.620893459000726,
18083,1nc1,83,0,18,0.339111328125,0,-669648.2646824517,-633995.6701188497,-35658.893554815026,145.25818815253132,
18084,1nc1,84,0,18,0.339111328125,0,-669646.899377669,-633995.6701188497,-35658.39986027112,165.35799775518495,
18085,1nc1,85,0,18,0.339111328125,0,-669637.8362486904,-633995.6701188497,-35658.72647357815,381.8905988500117,
18086,1nc1,86,0,18,0.339111328125,0,-669650.7482761093,-633995.6701188497,-35659.042863705065,91.42830261960594,
18087,1nc1,87,0,18,0.339111328125,0,-669630.1215882548,-633995.6701188497,-35658.60844779846,557.0731556836245,
18088,1nc1,88,0,18,0.339111328125,0,-669645.0392894398,-633995.6701188497,-35659.0387538754,222.9858878534899,
18089,1nc1,89,0,18,0.339111328125,0,-669630.8684479985,-633995.6701188497,-35658.51802457207,537.7649517034464,
18090,1nc1,90,0,18,0.339111328125,0,-669643.4346871474,-633995.6701188497,-35658.171098061706,239.98027737459316,
18091,1nc1,91,0,18,0.339111328125,0,-669639.8703532168,-633995.6701188497,-35658.428675898285,328.1156564862979,
18092,1nc1,92,0,18,0.339111328125,0,-669655.8118343751,-633995.6701188497,-35658.24445254436,-43.75192372198797,
18093,1nc1,93,0,18,0.339111328125,0,-669644.7105172371,-633995.6701188497,-35656.64145050281,175.28442587143297,
18094,1nc1,94,0,18,0.339111328125,0,-669637.564881111,-633995.6701188497,-35658.562091716434,384.3577481086923,
18095,1nc1,95,0,18,0.339111328125,0,-669652.0585875013,-633995.6701188497,-35658.43575400946,47.21152191855658,
18096,1nc1,96,0,18,0.339111328125,0,-669655.2375222247,-633995.6701188497,-35658.49495575657,-24.73122959920253,
18097,1nc1,97,0,18,0.339111328125,0,-669648.5453401599,-633995.6701188497,-35658.46689043277,128.94695325440387,
18098,1nc1,98,0,18,0.339111328125,0,-669628.1072594323,-633995.6701188497,-35658.698140987064,605.5930559071643,
18099,1nc1,99,0,18,0.339111328125,0,-669638.156920264,-633995.6701188497,-35658.598392047854,371.5421064327709,
18100,1nc1,100,0,18,0.339111328125,0,-669638.8708975115,-633995.6701188497,-35658.41854495635,350.93002751158696,
19001,1nvq,1,0,19,0.33349609375,1,-677630.3795255946,-633995.6701188497,-43645.628629228195,251.80325234869173,
19002,1nvq,2,0,19,0.33349609375,1,-677640.6623834592,-633995.6701188497,-43646.812146505436,41.967473508805874,
19003,1nvq,3,0,19,0.33349609375,1,-677624.4204350939,-633995.6701188497,-43647.073802372535,422.54962828614106,
19004,1nvq,4,0,19,0.33349609375,1,-677644.3401550279,-633995.6701188497,-43647.115901729114,-35.83919179833305,
19005,1nvq,5,0,19,0.33349609375,1,-677645.4833068032,-633995.6701188497,-43646.875688513835,-67.740346329277,
19006,1nvq,6,0,19,0.33349609375,1,-677640.2776691538,-633995.6701188497,-43646.98029082092,54.71669617922608,
19007,1nvq,7,0,19,0.33349609375,1,-677638.7751172563,-633995.6701188497,-43647.16247235807,93.56757212920735,
19008,1nvq,8,0,19,0.33349609375,1,-677641.1984838026,-633995.6701188497,-43646.95105575586,32.80802931016604,
19009,1nvq,9,0,19,0.33349609375,1,-677641.4753897714,-633995.6701188497,-43645.51179780634,-6.767650813047633,
19010,1nvq,10,0,19,0.33349609375,1,-677629.0464651656,-633995.6701188497,-43647.17195122512,318.13420686283604,
19011,1nvq,11,0,19,0.33349609375,1,-677576.7410295388,-633995.6701188497,-43641.255859544595,1387.8978917661589,
19012,1nvq,12,0,19,0.33349609375,1,-677592.2751747149,-633995.6701188497,-43641.300099780805,1030.6921980089642,
19013,1nvq,13,0,19,0.33349609375,1,-677604.9488675672,-633995.6701188497,-43640.09072609814,710.5410781420153,
19014,1nvq,14,0,19,0.33349609375,1,-677608.4639487338,-633995.6701188497,-43647.22817846211,794.0749424009597,
19015,1nvq,15,0,19,0.33349609375,1,-677624.8760479916,-633995.6701188497,-43644.36874873014,349.6629263630902,
19016,1nvq,16,0,19,0.33349609375,1,-677621.3178566174,-633995.6701188497,-43644.37627567919,431.8903443063385,
19017,1nvq,17,0,19,0.33349609375,1,-677622.6457963515,-633995.6701188497,-43644.62616514238,407.0299144702195,
19018,1nvq,18,0,19,0.33349609375,1,-677632.5761038285,-633995.6701188497,-43647.17622192772,236.83729039302614,
19019,1nvq,19,0,19,0.33349609375,1,-677592.5729637077,-633995.6701188497,-43647.227351864894,1160.5107008846587,
19020,1nvq,20,0,19,0.33349609375,1,-677642.4302867578,-633995.6701188497,-43646.9282915798,3.8770239741538504,
19021,1nvq,21,0,19,0.33349609375,1,-677586.6837423072,-633995.6701188497,-43647.226630171856,1296.3027300388776,
19022,1nvq,22,0,19,0.33349609375,1,-677633.4481974017,-633995.6701188497,-43641.25567760142,80.19533921511562,
19023,1nvq,23,0,19,0.33349609375,1,-677627.695028179,-633995.6701188497,-43641.264467915615,213.06928271463673,
19024,1nvq,24,0,19,0.33349609375,1,-677638.0444471466,-633995.6701188497,-43641.254734924085,-25.8184365238255,
19025,1nvq,25,0,19,0.33349609375,1,-677627.0645243602,-633995.6701188497,-43644.42205818566,300.42480763593494,
19026,1nvq,26,0,19,0.33349609375,1,-677632.3781936833,-633995.6701188497,-43641.25389724048,104.82915504299419,
19027,1nvq,27,0,19,0.33349609375,1,-677629.1793417706,-633995.6701188497,-43647.168167462594,314.9827439202602,
19028,1nvq,28,0,19,0.33349609375,1,-677631.7499329674,-633995.6701188497,-43647.22784074212,257.079601190915,
19029,1nvq,29,0,19,0.33349609375,1,-677640.2793193386,-633995.6701188497,-43647.16928576501,59.03696896042721,
19030,1nvq,30,0,19,0.33349609375,1,-677627.7105482739,-633995.6701188497,-43641.255560031255,212.5059601306622,
19031,1nvq,31,0,19,0.33349609375,1,-677633.8439337394,-633995.6701188497,-43644.62807520302,148.83877866833294,
19032,1nvq,32,0,19,0.33349609375,1,-677632.5910923707,-633995.6701188497,-43644.426768234094,173.08773798906614,
19033,1nvq,33,0,19,0.33349609375,1,-677634.7696205304,-633995.6701188497,-43647.168489059455,186.07526939246358,
19034,1nvq,34,0,19,0.33349609375,1,-677641.0319586318,-633995.6701188497,-43645.62948544892,6.172055701351065,
19035,1nvq,35,0,19,0.33349609375,1,-677639.6159700531,-633995.6701188497,-43644.62870707186,15.747030415980959,
19036,1nvq,36,0,19,0.33349609375,1,-677636.7855570541,-633995.6701188497,-43644.258276855595,72.47558104037208,
19037,1nvq,37,0,19,0.33349609375,1,-677617.0356418268,-633995.6701188497,-43644.42883703681,531.8526570069318,
19038,1nvq,38,0,19,0.33349609375,1,-677635.1979031932,-633995.6701188497,-43644.43706814023,113.21077380947806,
19039,1nvq,39,0,19,0.33349609375,1,-677626.6194089282,-633995.6701188497,-43640.07554537626,210.45644680886573,
19040,1nvq,40,0,19,0.33349609375,1,-677616.4675490783,-633995.6701188497,-43640.08386758538,444.75581114924734,
19041,1nvq,41,0,19,0.33349609375,1,-677629.4843181596,-633995.6701188497,-43644.36451803716,243.29612963797652,
19042,1nvq,42,0,19,0.33349609375,1,-677634.9477267187,-633995.6701188497,-43641.259326001724,45.699505786306815,
19043,1nvq,43,0,19,0.33349609375,1,-677631.4583648375,-633995.6701188497,-43641.31108810576,127.35976482376664,
19044,1nvq,44,0,19,0.33349609375,1,-677630.9914967346,-633995.6701188497,-43647.17494197758,273.3496817241966,
19045,1nvq,45,0,19,0.33349609375,1,-677623.8779152409,-633995.6701188497,-43641.30540006431,302.0379159698648,
19046,1nvq,46,0,19,0.33349609375,1,-677626.429523952,-633995.6701188497,-43647.228909364065,379.79579077658815,
19047,1nvq,47,0,19,0.33349609375,1,-677606.0200291952,-633995.6701188497,-43647.22531851204,850.3671137979096,
19048,1nvq,48,0,19,0.33349609375,1,-677628.6738732385,-633995.6701188497,-43647.22462647224,327.9411008739246,
19049,1nvq,49,0,19,0.33349609375,1,-677620.1214458571,-633995.6701188497,-43647.22669081958,525.212366551016,
19050,1nvq,50,0,19,0.33349609375,1,-677612.8103470724,-633995.6701188497,-43647.16942589553,692.4897492493128,
19051,1nvq,51,0,19,0.33349609375,1,-677636.2637771597,-633995.6701188497,-43647.22108726772,152.8321424731851,
19052,1nvq,52,0,19,0.33349609375,1,-677630.7090233939,-633995.6701188497,-43647.24048121842,281.37504250478804,
19053,1nvq,53,0,19,0.33349609375,1,-677633.1036141738,-633995.6701188497,-43647.176755806526,224.68492438104337,
19054,1nvq,54,0,19,0.33349609375,1,-677628.93062105,-633995.6701188497,-43644.62112810286,261.98225701347525,
19055,1nvq,55,0,19,0.33349609375,1,-677623.3136039752,-633995.6701188497,-43644.373306131085,385.79883749690595,
19056,1nvq,56,0,19,0.33349609375,1,-677634.1464809106,-633995.6701188497,-43647.1711023953,200.50547535696103,
19057,1nvq,57,0,19,0.33349609375,1,-677624.2524217295,-633995.6701188497,-43647.18015523823,428.87666385897177,
19058,1nvq,58,0,19,0.33349609375,1,-677606.0783024352,-633995.6701188497,-43647.22740726741,849.0714688029137,
19059,1nvq,59,0,19,0.33349609375,1,-677630.945749827,-633995.6701188497,-43644.37893245185,209.92711907187012,
19060,1nvq,60,0,19,0.33349609375,1,-677613.065702148,-633995.6701188497,-43647.22284843596,687.8330743637542,
19061,1nvq,61,0,19,0.33349609375,1,-677627.9721694665,-633995.6701188497,-43646.95641513737,337.93767395336886,
19062,1nvq,62,0,19,0.33349609375,1,-677616.1930051517,-633995.6701188497,-43647.171246608814,614.5257874634738,
19063,1nvq,63,0,19,0.33349609375,1,-677606.0154976627,-633995.6701188497,-43647.16952260407,849.184929215879,
19064,1nvq,64,0,19,0.33349609375,1,-677609.6309591607,-633995.6701188497,-43644.361347219,701.0523436265231,
19065,1nvq,65,0,19,0.33349609375,1,-677619.3236161547,-633995.6701188497,-43647.179261883815,542.5170193216488,
19066,1nvq,66,0,19,0.33349609375,1,-677611.2649594914,-633995.6701188497,-43644.43060671361,664.9685627335334,
19067,1nvq,67,0,19,0.33349609375,1,-677603.6501606036,-633995.6701188497,-43647.22486790093,905.0071904690224,
19068,1nvq,68,0,19,0.33349609375,1,-677631.3936947214,-633995.6701188497,-43647.22609128626,265.254306890619,
19069,1nvq,69,0,19,0.33349609375,1,-677606.216211267,-633995.6701188497,-43647.21748056086,845.6623002991902,
19070,1nvq,70,0,19,0.33349609375,1,-677614.8329060298,-633995.6701188497,-43640.086181989034,482.5049467716286,
19071,1nvq,71,0,19,0.33349609375,1,-677618.2838169566,-633995.6701188497,-43647.21707995804,567.3674639745934,
19072,1nvq,72,0,19,0.33349609375,1,-677606.2506267505,-633995.6701188497,-43641.30381419333,708.4962742736399,
19073,1nvq,73,0,19,0.33349609375,1,-677597.5699066446,-633995.6701188497,-43647.22335766824,1045.1863509182378,
19074,1nvq,74,0,19,0.33349609375,1,-677642.144831545,-633995.6701188497,-43646.55575819882,1.8689537119903057,
19075,1nvq,75,0,19,0.33349609375,1,-677640.4683526984,-633995.6701188497,-43646.9706776646,50.09774452706653,
19076,1nvq,76,0,19,0.33349609375,1,-677630.7099135893,-633995.6701188497,-43647.11508115197,278.46271988158776,
19077,1nvq,77,0,19,0.33349609375,1,-677623.6847982779,-633995.6701188497,-43646.25343986424,420.59580740669384,
19078,1nvq,78,0,19,0.33349609375,1,-677643.114004023,-633995.6701188497,-43646.81292521032,-14.550282405555706,
19079,1nvq,79,0,19,0.33349609375,1,-677643.6519871581,-633995.6701188497,-43646.28377886685,-39.158872787283734,
19080,1nvq,80,0,19,0.33349609375,1,-677641.9120991456,-633995.6701188497,-43646.29702635678,1.2693923206320277,
19081,1nvq,81,0,19,0.33349609375,1,-677635.4915736394,-633995.6701188497,-43646.25021775635,148.25079588365347,
19082,1nvq,82,0,19,0.33349609375,1,-677625.5450417917,-633995.6701188497,-43646.96391685875,394.081561593952,
19083,1nvq,83,0,19,0.33349609375,1,-677629.9276144883,-633995.6701188497,-43647.05704047354,295.164515877109,
19084,1nvq,84,0,19,0.33349609375,1,-677598.9118144886,-633995.6701188497,-43646.42837049628,995.908381194868,
19085,1nvq,85,0,19,0.33349609375,1,-677640.5033569263,-633995.6701188497,-43646.31012596758,34.0578438519566,
19086,1nvq,86,0,19,0.33349609375,1,-677633.2255245667,-633995.6701188497,-43647.12653013142,220.71537235167298,
19087,1nvq,87,0,19,0.33349609375,1,-677642.6620632192,-633995.6701188497,-43646.96632703217,-0.5907498330643224,
19088,1nvq,88,0,19,0.33349609375,1,-677630.6457863974,-633995.6701188497,-43647.12831299575,280.2466616241072,
19089,1nvq,89,0,19,0.33349609375,1,-677624.8048444766,-633995.6701188497,-43647.44876422556,422.33176307609347,
19090,1nvq,90,0,19,0.33349609375,1,-677642.4684922021,-633995.6701188497,-43646.56105755838,-5.472632218710285,
19091,1nvq,91,0,19,0.33349609375,1,-677644.961125963,-633995.6701188497,-43647.076988956054,-51.05647161287995,
19092,1nvq,92,0,19,0.33349609375,1,-677612.189532675,-633995.6701188497,-43646.28092147971,686.3166707771929,
19093,1nvq,93,0,19,0.33349609375,1,-677641.0811445788,-633995.6701188497,-43646.76646154197,31.257092395646357,
19094,1nvq,94,0,19,0.33349609375,1,-677631.3702222031,-633995.6701188497,-43645.58443362089,227.93807090802125,
19095,1nvq,95,0,19,0.33349609375,1,-677637.7159749797,-633995.6701188497,-43645.671748241504,83.61505846692661,
19096,1nvq,96,0,19,0.33349609375,1,-677640.0755309687,-633995.6701188497,-43647.37360826703,68.44822924232757,
19097,1nvq,97,0,19,0.33349609375,1,-677627.899236955,-633995.6701188497,-43647.129727056345,343.616205421906,
19098,1nvq,98,0,19,0.33349609375,1,-677642.8493103307,-633995.6701188497,-43647.421474030336,5.587168318113311,
19099,1nvq,99,0,19,0.33349609375,1,-677626.101694577,-633995.6701188497,-43646.23160790475,364.35739775346315,
19100,1nvq,100,0,19,0.33349609375,1,-677625.8997519539,-633995.6701188497,-43646.9127409664,384.721606820266,
20001,2brb,1,0,20,0.33349609375,0,-663585.3340697279,-633995.6701188497,-29600.61929258469,252.6361814234321,
20002,2brb,2,0,20,0.33349609375,0,-663582.1892493657,-633995.6701188497,-29600.925983575606,332.2299240701415,
20003,2brb,3,0,20,0.33349609375,0,-663566.0686766643,-633995.6701188497,-29600.98784956101,705.4058254243104,
20004,2brb,4,0,20,0.33349609375,0,-663567.3790772847,-633995.6701188497,-29600.824876216684,671.4290146371551,
20005,2brb,5,0,20,0.33349609375,0,-663591.1757985643,-633995.6701188497,-29597.144788113867,37.79873764062747,
20006,2brb,6,0,20,0.33349609375,0,-663590.7506473055,-633995.6701188497,-29600.846435693526,132.9649796427961,
20007,2brb,7,0,20,0.33349609375,0,-663582.5046835234,-633995.6701188497,-29600.671173898016,319.07978883058547,
20008,2brb,8,0,20,0.33349609375,0,-663590.3434856525,-633995.6701188497,-29600.861682204042,142.70594330257921,
20009,2brb,9,0,20,0.33349609375,0,-663584.6146693071,-633995.6701188497,-29599.95840576056,253.9855370178118,
20010,2brb,10,0,20,0.33349609375,0,-663585.3669707917,-633995.6701188497,-29599.61824670198,228.79279840918363,
20011,2brb,11,0,20,0.33349609375,0,-663580.3738752892,-633995.6701188497,-29594.88976135615,234.89485358332385,
20012,2brb,12,0,20,0.33349609375,0,-663573.1786916844,-633995.6701188497,-29600.61306860808,532.802329885271,
20013,2brb,13,0,20,0.33349609375,0,-663595.0593344865,-633995.6701188497,-29600.39004078271,23.07957614812701,
20014,2brb,14,0,20,0.33349609375,0,-663565.9376200279,-633995.6701188497,-29600.5040443218,697.2712493955861,
20015,2brb,15,0,20,0.33349609375,0,-663588.4350869795,-633995.6701188497,-29600.87491288546,187.0197689414669,
20016,2brb,16,0,20,0.33349609375,0,-663587.7956532531,-633995.6701188497,-29600.385973242555,190.4902449529204,
20017,2brb,17,0,20,0.33349609375,0,-663576.0107648068,-633995.6701188497,-29600.300832299028,460.29283184749266,
20018,2brb,18,0,20,0.33349609375,0,-663569.6846020512,-633995.6701188497,-29600.76195576551,616.8113704120209,
20019,2brb,19,0,20,0.33349609375,0,-663589.0164540847,-633995.6701188497,-29599.794626501833,148.70112918604767,
20020,2brb,20,0,20,0.33349609375,0,-663566.749880447,-633995.6701188497,-29598.759905306135,638.3192779553516,
20021,2brb,21,0,20,0.33349609375,0,-663584.2213439634,-633995.6701188497,-29600.057186213766,265.33376628571415,
20022,2brb,22,0,20,0.33349609375,0,-663573.2096545985,-633995.6701188497,-29600.623860803866,532.337182070537,
20023,2brb,23,0,20,0.33349609375,0,-663592.2442741832,-633995.6701188497,-29595.376837936674,-27.61079509683336,
20024,2brb,24,0,20,0.33349609375,0,-663550.5454910836,-633995.6701188497,-29600.514648345743,1052.4667097315883,
20025,2brb,25,0,20,0.33349609375,0,-663592.6216647319,-633995.6701188497,-29600.281251636778,76.78483881635741,
20026,2brb,26,0,20,0.33349609375,0,-663580.6790487906,-633995.6701188497,-29600.290811566138,352.4085621612966,
20027,2brb,27,0,20,0.33349609375,0,-663586.8358026734,-633995.6701188497,-29600.656731394563,218.86875647201308,
20028,2brb,28,0,20,0.33349609375,0,-663542.2764621666,-633995.6701188497,-29598.849067000185,1204.7458283014541,
20029,2brb,29,0,20,0.33349609375,0,-663590.6941083809,-633995.6701188497,-29600.494472292696,126.15232937778227,
20030,2brb,30,0,20,0.33349609375,0,-663577.7657888525,-633995.6701188497,-29600.67302122476,428.4038964214816,
20031,2brb,31,0,20,0.33349609375,0,-663569.38873279,-633995.6701188497,-29600.38153204087,614.8614981622416,
20032,2brb,32,0,20,0.33349609375,0,-663568.2650999717,-633995.6701188497,-29600.226825085912,637.2054593792243,
20033,2brb,33,0,20,0.33349609375,0,-663576.6818574658,-633995.6701188497,-29599.65253534678,429.8669846100451,
20034,2brb,34,0,20,0.33349609375,0,-663596.3771710389,-633995.6701188497,-29599.693823364996,-23.365611762951264,
20035,2brb,35,0,20,0.33349609375,0,-663583.2745715519,-633995.6701188497,-29600.63460662726,300.4824878287849,
20036,2brb,36,0,20,0.33349609375,0,-663573.5511396221,-633995.6701188497,-29588.110010770593,235.88611311255488,
20037,2brb,37,0,20,0.33349609375,0,-663589.4761217972,-633995.6701188497,-29599.804065970216,138.31861922637796,
20038,2brb,38,0,20,0.33349609375,0,-663588.0832683585,-633995.6701188497,-29599.32822164657,159.46535178606572,
20039,2brb,39,0,20,0.33349609375,0,-663591.3176290831,-633995.6701188497,-29600.65123334292,115.38859609975451,
20040,2brb,40,0,20,0.33349609375,0,-663595.3397175662,-633995.6701188497,-29600.517167774473,19.545406802807197,
20041,2brb,41,0,20,0.33349609375,0,-663592.656528472,-633995.6701188497,-29600.63225671414,84.07523124577062,
20042,2brb,42,0,20,0.33349609375,0,-663577.6132976403,-633995.6701188497,-29595.83964654567,320.460159341991,
20043,2brb,43,0,20,0.33349609375,0,-663557.3859415939,-633995.6701188497,-29584.855078575645,533.6039158663573,
20044,2brb,44,0,20,0.33349609375,0,-663584.4235069744,-633995.6701188497,-29598.845825341974,232.7371311779761,
20045,2brb,45,0,20,0.33349609375,0,-663596.6985452465,-633995.6701188497,-29600.615202752386,-9.529163616223883,
20046,2brb,46,0,20,0.33349609375,0,-663574.594812422,-633995.6701188497,-29597.531366494917,429.0800709025753,
20047,2brb,47,0,20,0.33349609375,0,-663539.819445475,-633995.6701188497,-29599.898047057424,1285.5960340212678,
20048,2brb,48,0,20,0.33349609375,0,-663591.7269870631,-633995.6701188497,-29600.563317475353,103.92118875278543,
20049,2brb,49,0,20,0.33349609375,0,-663591.5736011706,-633995.6701188497,-29600.70245179299,110.66686505030083,
20050,2brb,50,0,20,0.33349609375,0,-663569.9268171629,-633995.6701188497,-29596.326114324354,508.93282351976603,
20051,2brb,51,0,20,0.33349609375,0,-663574.376550897,-633995.6701188497,-29596.25825610522,404.75467820224037,
20052,2brb,52,0,20,0.33349609375,0,-663595.757237359,-633995.6701188497,-29599.833500412737,-5.8485722447936395,
20053,2brb,53,0,20,0.33349609375,0,-663568.4182040384,-633995.6701188497,-29600.45757201079,638.995946223179,
20054,2brb,54,0,20,0.33349609375,0,-663596.5206893078,-633995.6701188497,-29600.041483489298,-18.65798874327638,
20055,2brb,55,0,20,0.33349609375,0,-663593.4551012358,-633995.6701188497,-29600.16914036635,54.979989140569344,
20056,2brb,56,0,20,0.33349609375,0,-663593.7322559647,-633995.6701188497,-29600.93755224112,66.308648050371,
20057,2brb,57,0,20,0.33349609375,0,-663591.3047149173,-633995.6701188497,-29599.76524260405,95.25497202528166,
20058,2brb,58,0,20,0.33349609375,0,-663594.551938205,-633995.6701188497,-29599.757887033247,20.20260059012578,
20059,2brb,59,0,20,0.33349609375,0,-663593.4836563757,-633995.6701188497,-29600.954747108255,72.43801381887448,
20060,2brb,60,0,20,0.33349609375,0,-663582.9595752052,-633995.6701188497,-29600.677515236173,308.7359721768675,
20061,2brb,61,0,20,0.33349609375,0,-663593.0679049782,-633995.6701188497,-29597.86743518475,10.830364526413842,
20062,2brb,62,0,20,0.33349609375,0,-663580.049735575,-633995.6701188497,-29599.96146222713,359.32589348520486,
20063,2brb,63,0,20,0.33349609375,0,-663559.9357221415,-633995.6701188497,-29600.67588290337,839.6409945088085,
20064,2brb,64,0,20,0.33349609375,0,-663578.7128497354,-633995.6701188497,-29584.864119885002,42.00222813715762,
20065,2brb,65,0,20,0.33349609375,0,-663589.551401927,-633995.6701188497,-29600.04133477572,142.0541668306242,
20066,2brb,66,0,20,0.33349609375,0,-663577.7439863079,-633995.6701188497,-29599.538469282412,402.74328571106753,
20067,2brb,67,0,20,0.33349609375,0,-663555.6340198508,-633995.6701188497,-29600.14062216643,926.4972001121615,
20068,2brb,68,0,20,0.33349609375,0,-663555.7549247136,-633995.6701188497,-29600.229893115793,925.7677047364331,
20069,2brb,69,0,20,0.33349609375,0,-663556.3314280501,-633995.6701188497,-29600.630378094946,921.7086249893817,
20070,2brb,70,0,20,0.33349609375,0,-663579.7441018067,-633995.6701188497,-29600.070342448973,368.8848131819024,
20071,2brb,71,0,20,0.33349609375,0,-663572.7306835493,-633995.6701188497,-29600.19695749644,533.5378927198855,
20072,2brb,72,0,20,0.33349609375,0,-663597.323415055,-633995.6701188497,-29600.060494748388,-36.73087418252664,
20073,2brb,73,0,20,0.33349609375,0,-663573.4517738512,-633995.6701188497,-29600.18549051646,516.6447204830745,
20074,2brb,74,0,20,0.33349609375,0,-663581.5517613434,-633995.6701188497,-29593.761990216994,181.72513559602393,
20075,2brb,75,0,20,0.33349609375,0,-663587.3360531917,-633995.6701188497,-29599.749344674383,186.40787060536567,
20076,2brb,76,0,20,0.33349609375,0,-663589.7319841227,-633995.6701188497,-29600.916202930246,158.0647813937098,
20077,2brb,77,0,20,0.33349609375,0,-663577.9206228396,-633995.6701188497,-29599.728370038305,403.04916598713646,
20078,2brb,78,0,20,0.33349609375,0,-663581.1269844762,-633995.6701188497,-29600.84265783193,354.8047970652073,
20079,2brb,79,0,20,0.33349609375,0,-663566.5002476266,-633995.6701188497,-29600.635705975328,687.3329386049235,
20080,2brb,80,0,20,0.33349609375,0,-663593.3504821054,-633995.6701188497,-29599.704151002203,46.669654127952825,
20081,2brb,81,0,20,0.33349609375,0,-663573.8355171969,-633995.6701188497,-29600.682331053053,519.2528036623394,
20082,2brb,82,0,20,0.33349609375,0,-663581.1863890133,-633995.6701188497,-29600.934931901716,355.56278649630616,
20083,2brb,83,0,20,0.33349609375,0,-663585.544985055,-633995.6701188497,-29599.04358854655,211.4357600967745,
20084,2brb,84,0,20,0.33349609375,0,-663584.0910251281,-633995.6701188497,-29599.863448110853,263.871283230651,
20085,2brb,85,0,20,0.33349609375,0,-663591.8145612618,-633995.6701188497,-29599.6651847041,81.19024602460512,
20086,2brb,86,0,20,0.33349609375,0,-663589.1919279983,-633995.6701188497,-29599.50386813047,137.94955727691482,
20087,2brb,87,0,20,0.33349609375,0,-663594.84956853,-633995.6701188497,-29600.160836545263,22.631318740712835,
20088,2brb,88,0,20,0.33349609375,0,-663569.820603355,-633995.6701188497,-29600.074676004682,597.8260580433398,
20089,2brb,89,0,20,0.33349609375,0,-663590.7137307521,-633995.6701188497,-29599.11192485455,93.81752542313643,
20090,2brb,90,0,20,0.33349609375,0,-663581.3127869804,-633995.6701188497,-29599.519050089144,319.99696986884027,
20091,2brb,91,0,20,0.33349609375,0,-663595.2655604025,-633995.6701188497,-29600.152006951605,12.83470299976099,
20092,2brb,92,0,20,0.33349609375,0,-663587.3344261042,-633995.6701188497,-29600.938182262216,213.86063819101582,
20093,2brb,93,0,20,0.33349609375,0,-663596.5886923512,-633995.6701188497,-29601.0085689998,2.0753454926608312,
20094,2brb,94,0,20,0.33349609375,0,-663581.3884424112,-633995.6701188497,-29600.15346315267,332.88222698431787,
20095,2brb,95,0,20,0.33349609375,0,-663589.9049019357,-633995.6701188497,-29600.64652785424,147.85834690580745,
20096,2brb,96,0,20,0.33349609375,0,-663591.7634759239,-633995.6701188497,-29600.47881230477,101.13100010379084,
20097,2brb,97,0,20,0.33349609375,0,-663564.0637766859,-633995.6701188497,-29590.88764640454,518.7236992831484,
20098,2brb,98,0,20,0.33349609375,0,-663565.708646982,-633995.6701188497,-29600.05097207191,692.1033989842272,
20099,2brb,99,0,20,0.33349609375,0,-663590.194269388,-633995.6701188497,-29600.86178239945,146.14926266786765,
20100,2brb,100,0,20,0.33349609375,0,-663582.727618768,-633995.6701188497,-29600.444538203512,308.71243668710764,
