mol_id,ligand_pdb,pose_index,label,ligunity_rank,ligunity_score,formal_charge,aimnet_complex_eV,aimnet_pocket_eV,aimnet_ligand_eV,aimnet_interaction_kcal_mol,error
1001,2xj7,1,1,1,0.720703125,1,-616251.6093024168,-594418.9564875512,-21831.02738519055,-37.48329876626026,
1002,2xj7,2,1,1,0.720703125,1,-616249.4853788208,-594418.9564875512,-21831.02721315046,11.491575569019236,
1003,2xj7,3,1,1,0.720703125,1,-616245.2551900657,-594418.9564875512,-21831.023466597933,108.95564813446039,
1004,2xj7,4,1,1,0.720703125,1,-616233.0491793576,-594418.9564875512,-21831.027597669614,390.52820666618516,
1005,2xj7,5,1,1,0.720703125,1,-616242.2175938154,-594418.9564875512,-21831.02854731676,179.1214459141915,
1006,2xj7,6,1,1,0.720703125,1,-616236.0692381897,-594418.9564875512,-21830.73267241448,314.0828575640756,
1007,2xj7,7,1,1,0.720703125,1,-616245.1853222345,-594418.9564875512,-21831.02827459501,110.6777136439739,
1008,2xj7,8,1,1,0.720703125,1,-616249.0590470417,-594418.9564875512,-21831.026517681184,21.306982050265347,
1009,2xj7,9,1,1,0.720703125,1,-616246.7489841474,-594418.9564875512,-21831.937189505174,95.57888906991663,
1010,2xj7,10,1,1,0.720703125,1,-616237.4236205141,-594418.9564875512,-21831.02564155317,289.6060880273571,
1011,2xj7,11,1,1,0.720703125,1,-616235.7364071638,-594418.9564875512,-21830.729656484866,321.68857436810913,
1012,2xj7,12,1,1,0.720703125,1,-616239.018883855,-594418.9564875512,-21830.732033276003,246.04767373396257,
1013,2xj7,13,1,1,0.720703125,1,-616231.0123464216,-594418.9564875512,-21831.026983228174,437.48452065338284,
1014,2xj7,14,1,1,0.720703125,1,-616244.2737547264,-594418.9564875512,-21831.933533010426,152.57471475373742,
1015,2xj7,15,1,1,0.720703125,1,-616249.7751671181,-594418.9564875512,-21831.023856202493,4.731485620108512,
1016,2xj7,16,1,1,0.720703125,1,-616249.7911418142,-594418.9564875512,-21831.02676244328,4.430119880320004,
1017,2xj7,17,1,1,0.720703125,1,-616249.4639229198,-594418.9564875512,-21830.73011148604,5.135033256766723,
1018,2xj7,18,1,1,0.720703125,1,-616248.571863291,-594418.9564875512,-21831.936213253386,53.51978449018202,
1019,2xj7,19,1,1,0.720703125,1,-616249.4708931757,-594418.9564875512,-21830.733557998494,5.053773803246155,
1020,2xj7,20,1,1,0.720703125,1,-616249.7664363696,-594418.9564875512,-21831.027038383218,5.006204292799349,
1021,2xj7,21,1,1,0.720703125,1,-616249.7665286656,-594418.9564875512,-21831.024407088596,4.9433968026296204,
1022,2xj7,22,1,1,0.720703125,1,-616249.7683296818,-594418.9564875512,-21831.028456331213,4.9952421337044655,
1023,2xj7,23,1,1,0.720703125,1,-616249.7691608455,-594418.9564875512,-21831.029765378444,5.006262389244968,
1024,2xj7,24,1,1,0.720703125,1,-616250.7363360551,-594418.9564875512,-21831.93284560742,3.528197024166441,
1025,2xj7,25,1,1,0.720703125,1,-616249.798019398,-594418.9564875512,-21831.02696254806,4.276133555964499,
1026,2xj7,26,1,1,0.720703125,1,-616250.7234254644,-594418.9564875512,-21831.933098629044,3.831757136673405,
1027,2xj7,27,1,1,0.720703125,1,-616249.75891709,-594418.9564875512,-21831.024183652462,5.1137713446860165,
1028,2xj7,28,1,1,0.720703125,1,-616250.7346200155,-594418.9564875512,-21831.935104812266,3.6198683390273962,
1029,2xj7,29,1,1,0.720703125,1,-616249.4696571918,-594418.9564875512,-21830.732011082615,5.046603541857386,
1030,2xj7,30,1,1,0.720703125,1,-616249.4858212357,-594418.9564875512,-21830.72956894127,4.617534716680265,
1031,2xj7,31,1,1,0.720703125,1,-616249.4679582609,-594418.9564875512,-21830.733437514522,5.118676119531673,
1032,2xj7,32,1,1,0.720703125,1,-616249.7629726444,-594418.9564875512,-21831.026084767243,5.064088786896836,
1033,2xj7,33,1,1,0.720703125,1,-616249.7696633803,-594418.9564875512,-21831.025398438953,4.8939696446175045,
1034,2xj7,34,1,1,0.720703125,1,-616250.7376452497,-594418.9564875512,-21831.93406114252,3.5260371847303063,
1035,2xj7,35,1,1,0.720703125,1,-616243.1840867416,-594418.9564875512,-21831.713331188403,172.62508078640573,
1036,2xj7,36,1,1,0.720703125,1,-616249.7809439744,-594418.9564875512,-21831.026829739993,4.666839552185688,
1037,2xj7,37,1,1,0.720703125,1,-616249.7808605967,-594418.9564875512,-21831.02734364821,4.680613292667375,
1038,2xj7,38,1,1,0.720703125,1,-616250.735189447,-594418.9564875512,-21831.933006919357,3.55835837781041,
1039,2xj7,39,1,1,0.720703125,1,-616249.4820172178,-594418.9564875512,-21830.73481278658,4.826183399126852,
1040,2xj7,40,1,1,0.720703125,1,-616249.7664357851,-594418.9564875512,-21831.023542920117,4.925610478150924,
1041,2xj7,41,1,1,0.720703125,1,-616249.7605011198,-594418.9564875512,-21831.02465381229,5.088084893885332,
1042,2xj7,42,1,1,0.720703125,1,-616249.4652477696,-594418.9564875512,-21830.732639529415,5.162779560126296,
1043,2xj7,43,1,1,0.720703125,1,-616249.8095667511,-594418.9564875512,-21831.02681182818,4.006369583981499,
1044,2xj7,44,1,1,0.720703125,1,-616249.7628203525,-594418.9564875512,-21831.024150007677,5.022984107473619,
1045,2xj7,45,1,1,0.720703125,1,-616249.4522326319,-594418.9564875512,-21830.731568621115,5.438220034718742,
1046,2xj7,46,1,1,0.720703125,1,-616249.785472494,-594418.9564875512,-21831.027713830164,4.582797013480024,
1047,2xj7,47,1,1,0.720703125,1,-616250.7209164435,-594418.9564875512,-21831.934245620247,3.916066777500103,
1048,2xj7,48,1,1,0.720703125,1,-616250.7325679443,-594418.9564875512,-21831.935003306615,3.664849448121032,
1049,2xj7,49,1,1,0.720703125,1,-616249.7592451925,-594418.9564875512,-21831.026284409374,5.154649726582576,
1050,2xj7,50,1,1,0.720703125,1,-616249.7819456252,-594418.9564875512,-21831.026277928748,4.631015866011907,
1051,2xj7,51,1,1,0.720703125,1,-616249.7808515427,-594418.9564875512,-21831.025888572087,4.647267229628153,
1052,2xj7,52,1,1,0.720703125,1,-616249.5064983682,-594418.9564875512,-21830.727996091387,4.104437932949934,
1053,2xj7,53,1,1,0.720703125,1,-616249.7676371867,-594418.9564875512,-21831.025832990294,4.950715772378649,
1054,2xj7,54,1,1,0.720703125,1,-616249.4636930178,-594418.9564875512,-21830.729706746624,5.131001409834011,
1055,2xj7,55,1,1,0.720703125,1,-616249.7882444711,-594418.9564875512,-21831.023078253595,4.411974767713513,
1056,2xj7,56,1,1,0.720703125,1,-616249.7596925106,-594418.9564875512,-21831.027487830757,5.1720858831037075,
1057,2xj7,57,1,1,0.720703125,1,-616249.4664087145,-594418.9564875512,-21830.73192003007,5.119415485016492,
1058,2xj7,58,1,1,0.720703125,1,-616249.4746871787,-594418.9564875512,-21830.73048809896,4.895488449550552,
1059,2xj7,59,1,1,0.720703125,1,-616249.7636259432,-594418.9564875512,-21831.02642330866,5.056830309096543,
1060,2xj7,60,1,1,0.720703125,1,-616249.8091551668,-594418.9564875512,-21831.026684348933,4.012921201614846,
1061,2xj7,61,1,1,0.720703125,1,-616250.7366407493,-594418.9564875512,-21831.934175893264,3.551847729958302,
1062,2xj7,62,1,1,0.720703125,1,-616238.9090101706,-594418.9564875512,-21831.933048970623,276.27750095848546,
1063,2xj7,63,1,1,0.720703125,1,-616249.7835116071,-594418.9564875512,-21831.030482002072,4.691851699731974,
1064,2xj7,64,1,1,0.720703125,1,-616249.7700832728,-594418.9564875512,-21831.02266278134,4.821200930583141,
1065,2xj7,65,1,1,0.720703125,1,-616249.803452157,-594418.9564875512,-21831.024662911488,4.0978202792471174,
1066,2xj7,66,1,1,0.720703125,1,-616249.5332496583,-594418.9564875512,-21830.731334304255,3.5645195461373476,
1067,2xj7,67,1,1,0.720703125,1,-616249.7714737469,-594418.9564875512,-21831.023019786015,4.797368561022996,
1068,2xj7,68,1,1,0.720703125,1,-616249.4724393134,-594418.9564875512,-21830.730931246213,4.957544673482691,
1069,2xj7,69,1,1,0.720703125,1,-616249.7739134472,-594418.9564875512,-21831.02157496044,4.707789266282426,
1070,2xj7,70,1,1,0.720703125,1,-616249.7845301455,-594418.9564875512,-21831.02682389103,4.584005602185673,
1071,2xj7,71,1,1,0.720703125,1,-616249.5041300348,-594418.9564875512,-21830.72727566772,4.142439634148215,
1072,2xj7,72,1,1,0.720703125,1,-616249.803361918,-594418.9564875512,-21831.028960108477,4.1989969564310075,
1073,2xj7,73,1,1,0.720703125,1,-616249.5049966696,-594418.9564875512,-21830.727953893776,4.138094825983481,
1074,2xj7,74,1,1,0.720703125,1,-616249.4875973355,-594418.9564875512,-21830.730809965342,4.605195577527592,
1075,2xj7,75,1,1,0.720703125,1,-616249.7981814847,-594418.9564875512,-21831.024914481233,4.225166205221862,
1076,2xj7,76,1,1,0.720703125,1,-616250.7294721627,-594418.9564875512,-21831.935698211237,3.752264750515357,
1077,2xj7,77,1,1,0.720703125,1,-616246.785670763,-594418.9564875512,-21831.022435313625,73.63814282976404,
1078,2xj7,78,1,1,0.720703125,1,-616246.7855879476,-594418.9564875512,-21831.026178149754,73.72636445016835,
1079,2xj7,79,1,1,0.720703125,1,-616249.787290454,-594418.9564875512,-21831.024691587456,4.4711792860430615,
1080,2xj7,80,1,1,0.720703125,1,-616250.7301454033,-594418.9564875512,-21831.933816701854,3.6933508155898083,
1081,2xj7,81,1,1,0.720703125,1,-616249.8285422309,-594418.9564875512,-21831.028946644063,3.6180146491513607,
1082,2xj7,82,1,1,0.720703125,1,-616249.8010829339,-594418.9564875512,-21831.025847057394,4.179762913914017,
1083,2xj7,83,1,1,0.720703125,1,-616249.7603596027,-594418.9564875512,-21831.02899091789,5.191364385215575,
1084,2xj7,84,1,1,0.720703125,1,-616249.4710692471,-594418.9564875512,-21830.73124831013,4.996450820817523,
1085,2xj7,85,1,1,0.720703125,1,-616249.5252614901,-594418.9564875512,-21830.726354549897,3.633895216502998,
1086,2xj7,86,1,1,0.720703125,1,-616244.4100727492,-594418.9564875512,-21832.1072105505,153.4362456876127,
1087,2xj7,87,1,1,0.720703125,1,-616253.687662197,-594418.9564875512,-21831.799609834146,-67.60349055836663,
1088,2xj7,88,1,1,0.720703125,1,-616251.1670603163,-594418.9564875512,-21831.620393192956,-13.60986425190914,
1089,2xj7,89,1,1,0.720703125,1,-616231.0335270901,-594418.9564875512,-21831.065573437783,437.88599420892854,
1090,2xj7,90,1,1,0.720703125,1,-616250.4347416976,-594418.9564875512,-21831.83199476726,8.15745250680141,
1091,2xj7,91,1,1,0.720703125,1,-616250.9123128428,-594418.9564875512,-21832.243502295052,6.633989298477389,
1092,2xj7,92,1,1,0.720703125,1,-616252.0076219458,-594418.9564875512,-21831.823613475037,-28.30730487863009,
1093,2xj7,93,1,1,0.720703125,1,-616235.5414834148,-594418.9564875512,-21831.460647349322,343.040672597887,
1094,2xj7,94,1,1,0.720703125,1,-616244.1179336098,-594418.9564875512,-21831.49722593142,146.10655480280758,
1095,2xj7,95,1,1,0.720703125,1,-616254.3628866681,-594418.9564875512,-21832.365111179788,-70.1337659393332,
1096,2xj7,96,1,1,0.720703125,1,-616253.6286978273,-594418.9564875512,-21831.69141345487,-68.73880766991616,
1097,2xj7,97,1,1,0.720703125,1,-616253.1085586027,-594418.9564875512,-21832.437103499487,-39.548091261892885,
1098,2xj7,98,1,1,0.720703125,1,-616233.5335136649,-594418.9564875512,-21832.050216804902,402.9413496895013,
1099,2xj7,99,1,1,0.720703125,1,-616254.1521877364,-594418.9564875512,-21832.29707899549,-66.84379258680991,
1100,2xj7,100,1,1,0.720703125,1,-616245.2842595769,-594418.9564875512,-21831.97651932443,130.2632072650675,
2001,2wca,1,1,2,0.720703125,0,-631199.7116109915,-594418.9564875512,-36783.59612650013,65.51508694834851,
2002,2wca,2,1,2,0.720703125,0,-631203.4561570707,-594418.9564875512,-36784.641069787096,3.260767634486232,
2003,2wca,3,1,2,0.720703125,0,-631203.1943691855,-594418.9564875512,-36784.639465946,9.260754228685169,
2004,2wca,4,1,2,0.720703125,0,-631177.5022468326,-594418.9564875512,-36784.28809682378,593.6324061685497,
2005,2wca,5,1,2,0.720703125,0,-631202.0597162833,-594418.9564875512,-36783.819148286326,16.5094971224393,
2006,2wca,6,1,2,0.720703125,0,-631202.6555900193,-594418.9564875512,-36784.36294165919,15.308495418119934,
2007,2wca,7,1,2,0.720703125,0,-631202.5834316392,-594418.9564875512,-36784.29043334238,15.300425685076553,
2008,2wca,8,1,2,0.720703125,0,-631202.6093913765,-594418.9564875512,-36784.2496633524,13.761601618558807,
2009,2wca,9,1,2,0.720703125,0,-631202.17413004,-594418.9564875512,-36783.95026414289,16.894656696551543,
2010,2wca,10,1,2,0.720703125,0,-631202.4400565536,-594418.9564875512,-36784.14329484152,15.21363926894588,
2011,2wca,11,1,2,0.720703125,0,-631202.4594028505,-594418.9564875512,-36784.183154884966,15.686697502343012,
2012,2wca,12,1,2,0.720703125,0,-631201.0368058687,-594418.9564875512,-36784.16753205238,48.132292165540655,
2013,2wca,13,1,2,0.720703125,0,-631201.5080724539,-594418.9564875512,-36782.67795159448,2.9140851403317325,
2014,2wca,14,1,2,0.720703125,0,-631202.6923620093,-594418.9564875512,-36784.423613548206,15.859640182383497,
2015,2wca,15,1,2,0.720703125,0,-631202.7891589011,-594418.9564875512,-36784.44700863864,14.166954431918306,
2016,2wca,16,1,2,0.720703125,0,-631202.7507765812,-594418.9564875512,-36784.44621563739,15.033784711395596,
2017,2wca,17,1,2,0.720703125,0,-631202.6956482898,-594418.9564875512,-36784.36906959083,14.526043217250068,
2018,2wca,18,1,2,0.720703125,0,-631202.0411154928,-594418.9564875512,-36783.78745009512,16.207463887712564,
2019,2wca,19,1,2,0.720703125,0,-631202.2202811426,-594418.9564875512,-36783.91354048708,14.98351936546714,
2020,2wca,20,1,2,0.720703125,0,-631202.3148721966,-594418.9564875512,-36784.08580869601,16.77479711152955,
2021,2wca,21,1,2,0.720703125,0,-631201.8708238933,-594418.9564875512,-36783.625939290556,16.409953828543816,
2022,2wca,22,1,2,0.720703125,0,-631202.4036830474,-594418.9564875512,-36784.07447678178,14.46545008992582,
2023,2wca,23,1,2,0.720703125,0,-631202.2814556282,-594418.9564875512,-36784.03835590302,16.451114083572225,
2024,2wca,24,1,2,0.720703125,0,-631202.8640723875,-594418.9564875512,-36784.49523445503,13.551522141799243,
2025,2wca,25,1,2,0.720703125,0,-631202.3101291821,-594418.9564875512,-36783.95923524968,13.965320612893766,
2026,2wca,26,1,2,0.720703125,0,-631202.444166018,-594418.9564875512,-36784.16415848169,15.599999739123223,
2027,2wca,27,1,2,0.720703125,0,-631202.2784891058,-594418.9564875512,-36783.98450699181,15.277738324227014,
2028,2wca,28,1,2,0.720703125,0,-631202.4204206147,-594418.9564875512,-36784.074292774574,14.075229312533843,
2029,2wca,29,1,2,0.720703125,0,-631202.2298415849,-594418.9564875512,-36783.924023405976,15.004792181139099,
2030,2wca,30,1,2,0.720703125,0,-631202.7276260892,-594418.9564875512,-36784.38387016183,14.12992691809503,
2031,2wca,31,1,2,0.720703125,0,-631193.2611033504,-594418.9564875512,-36773.09325612328,-27.934617747202427,
2032,2wca,32,1,2,0.720703125,0,-631199.4537623245,-594418.9564875512,-36784.50946063845,92.5232040483957,
2033,2wca,33,1,2,0.720703125,0,-631202.0151365374,-594418.9564875512,-36783.645755181045,13.53899048881127,
2034,2wca,34,1,2,0.720703125,0,-631202.8752125901,-594418.9564875512,-36784.56152936725,14.823419960198489,
2035,2wca,35,1,2,0.720703125,0,-631202.2485581336,-594418.9564875512,-36783.976367744195,15.780267430104143,
2036,2wca,36,1,2,0.720703125,0,-631201.9851690937,-594418.9564875512,-36783.68213155321,15.068915227022362,
2037,2wca,37,1,2,0.720703125,0,-631202.1942253702,-594418.9564875512,-36783.86937409688,14.565878598314532,
2038,2wca,38,1,2,0.720703125,0,-631202.3156012174,-594418.9564875512,-36783.59097361864,5.3468175225058285,
2039,2wca,39,1,2,0.720703125,0,-631202.544476062,-594418.9564875512,-36784.20806580885,14.29932219208495,
2040,2wca,40,1,2,0.720703125,0,-631202.342325949,-594418.9564875512,-36783.97014559803,13.474444139221688,
2041,2wca,41,1,2,0.720703125,0,-631202.4408553176,-594418.9564875512,-36784.081596196,13.772414766269081,
2042,2wca,42,1,2,0.720703125,0,-631193.2588088277,-594418.9564875512,-36773.261241993176,-24.00785860882302,
2043,2wca,43,1,2,0.720703125,0,-631202.5282268595,-594418.9564875512,-36784.15584550459,13.469808877604425,
2044,2wca,44,1,2,0.720703125,0,-631202.1763581304,-594418.9564875512,-36783.893918770584,15.543920557634955,
2045,2wca,45,1,2,0.720703125,0,-631202.6507196892,-594418.9564875512,-36784.321773644995,14.47145093798603,
2046,2wca,46,1,2,0.720703125,0,-631196.8624963583,-594418.9564875512,-36777.75822297225,-3.408022313956156,
2047,2wca,47,1,2,0.720703125,0,-631202.2984877883,-594418.9564875512,-36783.63581276314,6.7754778103323705,
2048,2wca,48,1,2,0.720703125,0,-631202.2407001817,-594418.9564875512,-36783.915553570994,14.55906795627317,
2049,2wca,49,1,2,0.720703125,0,-631200.9954930154,-594418.9564875512,-36782.69763924139,15.188455722371392,
2050,2wca,50,1,2,0.720703125,0,-631202.7867987808,-594418.9564875512,-36784.41980049463,13.593945392581967,
2051,2wca,51,1,2,0.720703125,0,-631202.8402795008,-594418.9564875512,-36784.51173726324,14.480762940153168,
2052,2wca,52,1,2,0.720703125,0,-631202.2883643365,-594418.9564875512,-36784.0046540883,15.514613176019477,
2053,2wca,53,1,2,0.720703125,0,-631198.6866844886,-594418.9564875512,-36779.560522627864,-3.9127825292204115,
2054,2wca,54,1,2,0.720703125,0,-631202.5769638541,-594418.9564875512,-36784.277515674745,15.151687860481635,
2055,2wca,55,1,2,0.720703125,0,-631202.5645324081,-594418.9564875512,-36784.21721424539,14.047779819678302,
2056,2wca,56,1,2,0.720703125,0,-631202.6366494879,-594418.9564875512,-36784.29527319517,14.184802597609472,
2057,2wca,57,1,2,0.720703125,0,-631202.6061104647,-594418.9564875512,-36784.2339551609,13.475021741215006,
2058,2wca,58,1,2,0.720703125,0,-631202.5005823794,-594418.9564875512,-36784.2020914634,15.173762878586206,
2059,2wca,59,1,2,0.720703125,0,-631202.6144721322,-594418.9564875512,-36784.219921887656,12.958582138843378,
2060,2wca,60,1,2,0.720703125,0,-631202.7363990304,-594418.9564875512,-36784.39776427808,14.248024020549813,
2061,2wca,61,1,2,0.720703125,0,-631202.3758790485,-594418.9564875512,-36784.08643701861,15.382435150035377,
2062,2wca,62,1,2,0.720703125,0,-631202.6071775986,-594418.9564875512,-36784.2339774239,13.450926444340213,
2063,2wca,63,1,2,0.720703125,0,-631192.8151107213,-594418.9564875512,-36772.96158024377,-20.686301307869577,
2064,2wca,64,1,2,0.720703125,0,-631202.5279020913,-594418.9564875512,-36784.18063227738,14.048894770756087,
2065,2wca,65,1,2,0.720703125,0,-631202.9155434625,-594418.9564875512,-36784.603713628174,14.866160114717733,
2066,2wca,66,1,2,0.720703125,0,-631202.2874883964,-594418.9564875512,-36783.604316571975,6.302810390592353,
2067,2wca,67,1,2,0.720703125,0,-631179.6057711843,-594418.9564875512,-36784.55762782673,551.3395148281277,
2068,2wca,68,1,2,0.720703125,0,-631202.183853488,-594418.9564875512,-36783.79421418895,13.071831232929961,
2069,2wca,69,1,2,0.720703125,0,-631201.9949982708,-594418.9564875512,-36783.65243428906,14.157413839155705,
2070,2wca,70,1,2,0.720703125,0,-631202.4250612101,-594418.9564875512,-36783.73829952307,6.2200261932138545,
2071,2wca,71,1,2,0.720703125,0,-631202.563794553,-594418.9564875512,-36784.27456125617,15.38724864735311,
2072,2wca,72,1,2,0.720703125,0,-631202.1183928495,-594418.9564875512,-36783.82957803151,15.396899000702723,
2073,2wca,73,1,2,0.720703125,0,-631202.2217920852,-594418.9564875512,-36783.976457470475,16.399576306523322,
2074,2wca,74,1,2,0.720703125,0,-631202.243647939,-594418.9564875512,-36783.928144018486,14.78143367572822,
2075,2wca,75,1,2,0.720703125,0,-631177.9455465219,-594418.9564875512,-36783.176721226264,557.7807423551386,
2076,2wca,76,1,2,0.720703125,0,-631180.7883761151,-594418.9564875512,-36782.6341768366,479.71216369812663,
2077,2wca,77,1,2,0.720703125,0,-631199.6211545005,-594418.9564875512,-36782.18194696494,34.98930837301773,
2078,2wca,78,1,2,0.720703125,0,-631168.8400856758,-594418.9564875512,-36783.348199869135,771.7120491622715,
2079,2wca,79,1,2,0.720703125,0,-631196.5207973856,-594418.9564875512,-36781.98275904207,101.89185929091111,
2080,2wca,80,1,2,0.720703125,0,-631193.8411161089,-594418.9564875512,-36781.83866858524,160.36397267070652,
2081,2wca,81,1,2,0.720703125,0,-631173.9780456629,-594418.9564875512,-36784.29787290568,675.1278576119347,
2082,2wca,82,1,2,0.720703125,0,-631185.9040047453,-594418.9564875512,-36781.60645633565,338.04316722012027,
2083,2wca,83,1,2,0.720703125,0,-631188.9111486054,-594418.9564875512,-36782.448317547365,288.1105631402479,
2084,2wca,84,1,2,0.720703125,0,-631175.4880943324,-594418.9564875512,-36782.15707746962,590.9373924929621,
2085,2wca,85,1,2,0.720703125,0,-631191.4057615411,-594418.9564875512,-36782.73563491683,237.20911815889392,
2086,2wca,86,1,2,0.720703125,0,-631189.7522510826,-594418.9564875512,-36783.52387393082,293.5171986603373,
2087,2wca,87,1,2,0.720703125,0,-631201.6206610028,-594418.9564875512,-36784.41840195293,40.453470260663245,
2088,2wca,88,1,2,0.720703125,0,-631184.112299056,-594418.9564875512,-36782.37945972181,397.18676352582395,
2089,2wca,89,1,2,0.720703125,0,-631182.1615742542,-594418.9564875512,-36784.34427746822,487.48131974314276,
2090,2wca,90,1,2,0.720703125,0,-631200.8358274356,-594418.9564875512,-36784.14129560183,52.16193801294165,
2091,2wca,91,1,2,0.720703125,0,-631172.2980922695,-594418.9564875512,-36783.95340323337,705.9248438393951,
2092,2wca,92,1,2,0.720703125,0,-631193.4738179878,-594418.9564875512,-36784.39389825816,227.75906465102796,
2093,2wca,93,1,2,0.720703125,0,-631201.1123105962,-594418.9564875512,-36784.75440245269,59.924664723904364,
2094,2wca,94,1,2,0.720703125,0,-631179.5272241221,-594418.9564875512,-36784.35369067684,548.4479507142851,
2095,2wca,95,1,2,0.720703125,0,-631189.758680263,-594418.9564875512,-36783.7836653332,299.35987029906903,
2096,2wca,96,1,2,0.720703125,0,-631165.269902133,-594418.9564875512,-36784.12966095935,872.0633583634974,
2097,2wca,97,1,2,0.720703125,0,-631179.038004243,-594418.9564875512,-36784.37080874441,560.1243811503343,
2098,2wca,98,1,2,0.720703125,0,-631198.3153305948,-594418.9564875512,-36784.22835155542,112.29353394934809,
2099,2wca,99,1,2,0.720703125,0,-631200.3839046494,-594418.9564875512,-36784.06424960646,60.806802178194495,
2100,2wca,100,1,2,0.720703125,0,-631178.2772046034,-594418.9564875512,-36784.50633180053,580.794073547165,
3001,2w66,1,1,3,0.720703125,1,-617243.6191554778,-594418.9564875512,-22839.531193520514,342.8763456284501,
3002,2w66,2,1,3,0.720703125,1,-617250.8871527436,-594418.9564875512,-22839.584039871206,176.49101284563315,
3003,2w66,3,1,3,0.720703125,1,-617250.9704737195,-594418.9564875512,-22839.771678213616,178.8966284659218,
3004,2w66,4,1,3,0.720703125,1,-617243.553974159,-594418.9564875512,-22840.202229725386,359.85392504922294,
3005,2w66,5,1,3,0.720703125,1,-617254.0576335911,-594418.9564875512,-22839.304148710486,96.92354411720729,
3006,2w66,6,1,3,0.720703125,1,-617246.0952886218,-594418.9564875512,-22838.890179245955,270.9932184877964,
3007,2w66,7,1,3,0.720703125,1,-617258.7397659686,-594418.9564875512,-22839.984302162917,4.635717698018152,
3008,2w66,8,1,3,0.720703125,1,-617253.5011675793,-594418.9564875512,-22839.534696185503,115.07250627321271,
3009,2w66,9,1,3,0.720703125,1,-617248.0522492364,-594418.9564875512,-22839.77004437371,246.15480649667134,
3010,2w66,10,1,3,0.720703125,1,-617243.5215888349,-594418.9564875512,-22839.30364272773,339.8788399231641,
3011,2w66,11,1,3,0.720703125,1,-617255.3248688958,-594418.9564875512,-22838.639999412728,52.384757113031405,
3012,2w66,12,1,3,0.720703125,1,-617259.4566258455,-594418.9564875512,-22839.983338602273,-11.917684016864182,
3013,2w66,13,1,3,0.720703125,1,-617257.3752078793,-594418.9564875512,-22838.636052898095,5.011808124767182,
3014,2w66,14,1,3,0.720703125,1,-617259.0026749026,-594418.9564875512,-22840.1976069271,3.4918183692839366,
3015,2w66,15,1,3,0.720703125,1,-617258.577339469,-594418.9564875512,-22839.770665569686,3.4547848855789702,
3016,2w66,16,1,3,0.720703125,1,-617259.0135411312,-594418.9564875512,-22840.19694828258,3.2260484812923163,
3017,2w66,17,1,3,0.720703125,1,-617258.001188847,-594418.9564875512,-22839.304478266517,5.990599258769259,
3018,2w66,18,1,3,0.720703125,1,-617258.5739646424,-594418.9564875512,-22839.774307668045,3.6165990198983002,
3019,2w66,19,1,3,0.720703125,1,-617258.3253990805,-594418.9564875512,-22839.534715440735,3.823529029950771,
3020,2w66,20,1,3,0.720703125,1,-617259.0120580881,-594418.9564875512,-22840.196599798215,3.2522120266481402,
3021,2w66,21,1,3,0.720703125,1,-617259.0050749711,-594418.9564875512,-22840.197101380407,3.4248132896078056,
3022,2w66,22,1,3,0.720703125,1,-617257.5909606298,-594418.9564875512,-22838.88869045206,5.862391901517981,
3023,2w66,23,1,3,0.720703125,1,-617258.5706111197,-594418.9564875512,-22839.775503960376,3.721520245304239,
3024,2w66,24,1,3,0.720703125,1,-617258.597655517,-594418.9564875512,-22839.7736935594,3.0561127892155113,
3025,2w66,25,1,3,0.720703125,1,-617259.0244206946,-594418.9564875512,-22840.199959478025,3.044599605678172,
3026,2w66,26,1,3,0.720703125,1,-617257.6054183992,-594418.9564875512,-22838.88905964859,5.537501691669873,
3027,2w66,27,1,3,0.720703125,1,-617258.328701891,-594418.9564875512,-22839.535743547087,3.771073106574768,
3028,2w66,28,1,3,0.720703125,1,-617258.613777131,-594418.9564875512,-22839.773274059058,2.6746656328448712,
3029,2w66,29,1,3,0.720703125,1,-617258.3483792699,-594418.9564875512,-22839.532916839857,3.252116551159144,
3030,2w66,30,1,3,0.720703125,1,-617258.588699601,-594418.9564875512,-22839.77141095471,3.2100030047678425,
3031,2w66,31,1,3,0.720703125,1,-617258.6188440697,-594418.9564875512,-22839.770411377765,2.4918042517627246,
3032,2w66,32,1,3,0.720703125,1,-617258.8361833799,-594418.9564875512,-22839.98562185867,2.4427122816340514,
3033,2w66,33,1,3,0.720703125,1,-617258.6203589594,-594418.9564875512,-22839.772379412665,2.502254026801576,
3034,2w66,34,1,3,0.720703125,1,-617258.5875049987,-594418.9564875512,-22839.771150741257,3.231550524512204,
3035,2w66,35,1,3,0.720703125,1,-617258.5977175987,-594418.9564875512,-22839.771747023486,3.0097929686332576,
3036,2w66,36,1,3,0.720703125,1,-617258.5889420356,-594418.9564875512,-22839.77165763647,3.2101009475730344,
3037,2w66,37,1,3,0.720703125,1,-617258.3298903909,-594418.9564875512,-22839.532453782955,3.667801885745461,
3038,2w66,38,1,3,0.720703125,1,-617258.3205669144,-594418.9564875512,-22839.534082375045,3.9203625864933977,
3039,2w66,39,1,3,0.720703125,1,-617258.582614597,-594418.9564875512,-22839.772883996342,3.3842956766551806,
3040,2w66,40,1,3,0.720703125,1,-617258.9995537938,-594418.9564875512,-22840.199111202495,3.5984822615452354,
3041,2w66,41,1,3,0.720703125,1,-617257.5986221579,-594418.9564875512,-22838.89086381417,5.735831785214293,
3042,2w66,42,1,3,0.720703125,1,-617258.4301108541,-594418.9564875512,-22839.58178840556,2.4943465239508176,
3043,2w66,43,1,3,0.720703125,1,-617258.5902401082,-594418.9564875512,-22839.771602597844,3.178897460726485,
3044,2w66,44,1,3,0.720703125,1,-617257.6084543173,-594418.9564875512,-22838.888754326847,5.460450870175064,
3045,2w66,45,1,3,0.720703125,1,-617258.3209805193,-594418.9564875512,-22839.53074005113,3.8337488105155724,
3046,2w66,46,1,3,0.720703125,1,-617258.4107640982,-594418.9564875512,-22839.582566339766,2.9584329033681422,
3047,2w66,47,1,3,0.720703125,1,-617257.3264753598,-594418.9564875512,-22838.637356908723,6.165677921034866,
3048,2w66,48,1,3,0.720703125,1,-617258.1666594909,-594418.9564875512,-22839.343585268583,3.0765844522177788,
3049,2w66,49,1,3,0.720703125,1,-617258.6153916485,-594418.9564875512,-22839.771392587,2.5940461977058753,
3050,2w66,50,1,3,0.720703125,1,-617258.6027116443,-594418.9564875512,-22839.770148821644,2.857772131346305,
3051,2w66,51,1,3,0.720703125,1,-617258.3247395771,-594418.9564875512,-22839.531825288628,3.7720890485573624,
3052,2w66,52,1,3,0.720703125,1,-617257.576745404,-594418.9564875512,-22838.888219551067,6.179343558922403,
3053,2w66,53,1,3,0.720703125,1,-617258.8100346475,-594418.9564875512,-22839.98406762684,3.0098749384813903,
3054,2w66,54,1,3,0.720703125,1,-617258.4016602188,-594418.9564875512,-22839.583163675223,3.182148231023769,
3055,2w66,55,1,3,0.720703125,1,-617258.5757335842,-594418.9564875512,-22839.772803062122,3.541109214326316,
3056,2w66,56,1,3,0.720703125,1,-617258.3854124965,-594418.9564875512,-22839.580308453824,3.490986639091643,
3057,2w66,57,1,3,0.720703125,1,-617257.6162624811,-594418.9564875512,-22838.89119056733,5.3365713764736515,
3058,2w66,58,1,3,0.720703125,1,-617258.7960906634,-594418.9564875512,-22839.97999378993,3.237485938860312,
3059,2w66,59,1,3,0.720703125,1,-617257.3054451079,-594418.9564875512,-22838.637066822015,6.643957494418861,
3060,2w66,60,1,3,0.720703125,1,-617258.0100297072,-594418.9564875512,-22839.306036049642,5.822647511148594,
3061,2w66,61,1,3,0.720703125,1,-617257.3732158188,-594418.9564875512,-22838.640174353415,5.152789150369151,
3062,2w66,62,1,3,0.720703125,1,-617211.8127079952,-594418.9564875512,-22840.200198471794,1091.7780698024953,
3063,2w66,63,1,3,0.720703125,1,-617257.6010574654,-594418.9564875512,-22838.89228397417,5.712421928158187,
3064,2w66,64,1,3,0.720703125,1,-617258.8279483916,-594418.9564875512,-22839.983049662547,2.5732993718999917,
3065,2w66,65,1,3,0.720703125,1,-617259.0191244713,-594418.9564875512,-22840.1995701042,3.1577542407328503,
3066,2w66,66,1,3,0.720703125,1,-617258.3589353946,-594418.9564875512,-22839.53177297372,2.982308354819439,
3067,2w66,67,1,3,0.720703125,1,-617258.8119838192,-594418.9564875512,-22839.986202845652,3.014165285234284,
3068,2w66,68,1,3,0.720703125,1,-617258.3425838937,-594418.9564875512,-22839.534612647032,3.4248673450576232,
3069,2w66,69,1,3,0.720703125,1,-617258.6421404436,-594418.9564875512,-22839.7721051631,1.9936367250050642,
3070,2w66,70,1,3,0.720703125,1,-617258.3964031684,-594418.9564875512,-22839.582332898048,3.2842205162179288,
3071,2w66,71,1,3,0.720703125,1,-617258.7913777977,-594418.9564875512,-22839.97991437942,3.3443359535928483,
3072,2w66,72,1,3,0.720703125,1,-617258.1640760385,-594418.9564875512,-22839.34332576598,3.130176007328331,
3073,2w66,73,1,3,0.720703125,1,-617258.0188917845,-594418.9564875512,-22839.30293208401,5.546704006740958,
3074,2w66,74,1,3,0.720703125,1,-617258.425506097,-594418.9564875512,-22839.58432670545,2.659069330520764,
3075,2w66,75,1,3,0.720703125,1,-617257.6193215776,-594418.9564875512,-22838.888730770275,5.209302667260796,
3076,2w66,76,1,3,0.720703125,1,-617257.627915596,-594418.9564875512,-22838.88857026487,5.007418552137559,
3077,2w66,77,1,3,0.720703125,1,-617258.3660102703,-594418.9564875512,-22839.5316045585,2.8152740967214362,
3078,2w66,78,1,3,0.720703125,1,-617258.3442477371,-594418.9564875512,-22839.533369578865,3.3578323717610186,
3079,2w66,79,1,3,0.720703125,1,-617254.1553106828,-594418.9564875512,-22839.982229432335,110.30796979089898,
3080,2w66,80,1,3,0.720703125,1,-617258.588782497,-594418.9564875512,-22839.772892538254,3.242257506400233,
3081,2w66,81,1,3,0.720703125,1,-617258.1426451032,-594418.9564875512,-22839.341845310577,3.5902450046114427,
3082,2w66,82,1,3,0.720703125,1,-617264.2767345868,-594418.9564875512,-22841.585678266678,-86.12120172223433,
3083,2w66,83,1,3,0.720703125,1,-617243.004114941,-594418.9564875512,-22841.23461189626,396.3412782757747,
3084,2w66,84,1,3,0.720703125,1,-617263.5018889406,-594418.9564875512,-22840.28784195834,-98.1816529007846,
3085,2w66,85,1,3,0.720703125,1,-617241.1768544805,-594418.9564875512,-22841.17432491801,437.0886547780128,
3086,2w66,86,1,3,0.720703125,1,-617231.800099314,-594418.9564875512,-22841.028274788696,649.9537697998759,
3087,2w66,87,1,3,0.720703125,1,-617262.6298067521,-594418.9564875512,-22841.22334268924,-56.49780053026817,
3088,2w66,88,1,3,0.720703125,1,-617262.7273499166,-594418.9564875512,-22841.360905933863,-55.5749155585694,
3089,2w66,89,1,3,0.720703125,1,-617242.245961564,-594418.9564875512,-22840.730113474143,402.1907004949741,
3090,2w66,90,1,3,0.720703125,1,-617262.4261172864,-594418.9564875512,-22841.344868207336,-48.99816484243737,
3091,2w66,91,1,3,0.720703125,1,-617243.7649353179,-594418.9564875512,-22841.470342937188,384.2324305277913,
3092,2w66,92,1,3,0.720703125,1,-617260.8314661584,-594418.9564875512,-22841.140312273226,-16.941808133482226,
3093,2w66,93,1,3,0.720703125,1,-617263.9598763852,-594418.9564875512,-22841.60348072138,-78.40374364969993,
3094,2w66,94,1,3,0.720703125,1,-617258.6273566266,-594418.9564875512,-22841.07566173404,32.39528829799062,
3095,2w66,95,1,3,0.720703125,1,-617228.5267567915,-594418.9564875512,-22841.284055978642,731.3372959696002,
3096,2w66,96,1,3,0.720703125,1,-617260.0939506054,-594418.9564875512,-22841.103140746443,-0.7914912186193904,
3097,2w66,97,1,3,0.720703125,1,-617240.941729602,-594418.9564875512,-22839.44767012846,402.6931579226731,
3098,2w66,98,1,3,0.720703125,1,-617242.0450614757,-594418.9564875512,-22839.98660017085,389.67774249705434,
3099,2w66,99,1,3,0.720703125,1,-617254.2473677852,-594418.9564875512,-22841.080553365657,133.51303417666304,
3100,2w66,100,1,3,0.720703125,1,-617234.8557054435,-594418.9564875512,-22840.34893960513,563.8239770035384,
4001,2w4x,1,1,4,0.720703125,0,-621733.750086644,-594418.9564875512,-27324.80057078022,230.76624923849994,
4002,2w4x,2,1,4,0.720703125,0,-621717.9593862195,-594418.9564875512,-27324.734273690894,593.3796044563959,
4003,2w4x,3,1,4,0.720703125,0,-621745.0972041565,-594418.9564875512,-27324.7742843587,-31.51067617857687,
4004,2w4x,4,1,4,0.720703125,0,-621724.1650869607,-594418.9564875512,-27324.736776454534,450.33046079324447,
4005,2w4x,5,1,4,0.720703125,0,-621723.3327892484,-594418.9564875512,-27324.93155971958,474.0155107952486,
4006,2w4x,6,1,4,0.720703125,0,-621732.2161600044,-594418.9564875512,-27324.0034774582,247.75802920157992,
4007,2w4x,7,1,4,0.720703125,0,-621715.0868681923,-594418.9564875512,-27312.426525278886,375.7980228746594,
4008,2w4x,8,1,4,0.720703125,0,-621721.7097349103,-594418.9564875512,-27322.8952244406,464.4850258918556,
4009,2w4x,9,1,4,0.720703125,0,-621721.1675574183,-594418.9564875512,-27317.783802861337,359.1157540663364,
4010,2w4x,10,1,4,0.720703125,0,-621726.4840270237,-594418.9564875512,-27316.49654040058,206.8300748961618,
4011,2w4x,11,1,4,0.720703125,0,-621730.9936058312,-594418.9564875512,-27317.77226652038,132.25566031396176,
4012,2w4x,12,1,4,0.720703125,0,-621718.0239527908,-594418.9564875512,-27323.109236990244,554.416427389607,
4013,2w4x,13,1,4,0.720703125,0,-621735.6162834165,-594418.9564875512,-27316.689543222656,0.6859903571314395,
4014,2w4x,14,1,4,0.720703125,0,-621742.0245256135,-594418.9564875512,-27322.810237914768,-5.945012633116202,
4015,2w4x,15,1,4,0.720703125,0,-621742.2665016734,-594418.9564875512,-27323.389827732924,1.8405455884358637,
4016,2w4x,16,1,4,0.720703125,0,-621742.7363228168,-594418.9564875512,-27324.18051365098,9.239863070838284,
4017,2w4x,17,1,4,0.720703125,0,-621742.2666206221,-594418.9564875512,-27323.39308639924,1.9129491954626001,
4018,2w4x,18,1,4,0.720703125,0,-621742.7547766815,-594418.9564875512,-27324.183547677116,8.884273145412083,
4019,2w4x,19,1,4,0.720703125,0,-621742.02362127,-594418.9564875512,-27322.80793340016,-5.977301344620375,
4020,2w4x,20,1,4,0.720703125,0,-621739.606347415,-594418.9564875512,-27320.852369340497,4.669979473541898,
4021,2w4x,21,1,4,0.720703125,0,-621731.464900437,-594418.9564875512,-27312.41541101204,-2.1446741588492335,
4022,2w4x,22,1,4,0.720703125,0,-621742.1787134231,-594418.9564875512,-27323.310695468474,2.0401573640683246,
4023,2w4x,23,1,4,0.720703125,0,-621742.5070508092,-594418.9564875512,-27323.611026826267,1.3943230079808304,
4024,2w4x,24,1,4,0.720703125,0,-621741.495226811,-594418.9564875512,-27322.625939521768,2.0108858114746644,
4025,2w4x,25,1,4,0.720703125,0,-621737.9153744809,-594418.9564875512,-27318.565367601666,-9.074771285730353,
4026,2w4x,26,1,4,0.720703125,0,-621742.3985768851,-594418.9564875512,-27323.77857366253,7.759512954686958,
4027,2w4x,27,1,4,0.720703125,0,-621739.7862015422,-594418.9564875512,-27321.048573336007,5.047016393069332,
4028,2w4x,28,1,4,0.720703125,0,-621742.1563395084,-594418.9564875512,-27323.30684039578,2.467212006365378,
4029,2w4x,29,1,4,0.720703125,0,-621742.4695437262,-594418.9564875512,-27323.610284211816,2.242131794206099,
4030,2w4x,30,1,4,0.720703125,0,-621735.6488193708,-594418.9564875512,-27316.997382037796,7.034625148328241,
4031,2w4x,31,1,4,0.720703125,0,-621742.3595297292,-594418.9564875512,-27323.788080897844,8.879203815173678,
4032,2w4x,32,1,4,0.720703125,0,-621739.7884074574,-594418.9564875512,-27321.04315269092,4.871143735532241,
4033,2w4x,33,1,4,0.720703125,0,-621741.720522862,-594418.9564875512,-27322.895745536473,3.037309958232946,
4034,2w4x,34,1,4,0.720703125,0,-621731.4118689873,-594418.9564875512,-27316.682765387453,97.48578980994547,
4035,2w4x,35,1,4,0.720703125,0,-621742.6126045457,-594418.9564875512,-27324.005428526125,8.055315284042992,
4036,2w4x,36,1,4,0.720703125,0,-621741.4676411822,-594418.9564875512,-27322.61917777633,2.4910959695961346,
4037,2w4x,37,1,4,0.720703125,0,-621742.2777985089,-594418.9564875512,-27323.40098493915,1.837325661017223,
4038,2w4x,38,1,4,0.720703125,0,-621736.1112468193,-594418.9564875512,-27317.234684844832,1.8431275864281613,
4039,2w4x,39,1,4,0.720703125,0,-621742.5964125693,-594418.9564875512,-27324.003130489193,8.375717139182866,
4040,2w4x,40,1,4,0.720703125,0,-621742.9877111657,-594418.9564875512,-27324.39461661976,8.380041779869114,
4041,2w4x,41,1,4,0.720703125,0,-621743.3115573196,-594418.9564875512,-27324.723714551525,8.501150654162839,
4042,2w4x,42,1,4,0.720703125,0,-621742.4973084542,-594418.9564875512,-27323.610912018197,1.6163395138540044,
4043,2w4x,43,1,4,0.720703125,0,-621743.2088075014,-594418.9564875512,-27324.636643901016,8.862720851524138,
4044,2w4x,44,1,4,0.720703125,0,-621742.5214178019,-594418.9564875512,-27323.614281973434,1.1380777641239503,
4045,2w4x,45,1,4,0.720703125,0,-621742.8965637361,-594418.9564875512,-27324.33792594688,9.17463346493354,
4046,2w4x,46,1,4,0.720703125,0,-621742.7453314923,-594418.9564875512,-27324.184743594767,9.12966290044965,
4047,2w4x,47,1,4,0.720703125,0,-621735.6878847204,-594418.9564875512,-27317.01099448079,6.447667177734643,
4048,2w4x,48,1,4,0.720703125,0,-621742.0242978326,-594418.9564875512,-27323.189570621555,2.8078601477151452,
4049,2w4x,49,1,4,0.720703125,0,-621736.0743196531,-594418.9564875512,-27317.23384222959,2.6752570988732995,
4050,2w4x,50,1,4,0.720703125,0,-621735.6560933959,-594418.9564875512,-27316.677730449806,-0.5044585898442611,
4051,2w4x,51,1,4,0.720703125,0,-621731.6781255472,-594418.9564875512,-27312.61259445257,-2.514603849575997,
4052,2w4x,52,1,4,0.720703125,0,-621736.328755537,-594418.9564875512,-27317.78723088041,9.569271678346034,
4053,2w4x,53,1,4,0.720703125,0,-621741.456982487,-594418.9564875512,-27322.627247074197,2.922973750536292,
4054,2w4x,54,1,4,0.720703125,0,-621742.7621295215,-594418.9564875512,-27324.176586912592,8.554193585451573,
4055,2w4x,55,1,4,0.720703125,0,-621742.965261852,-594418.9564875512,-27324.391668357042,8.829746697936148,
4056,2w4x,56,1,4,0.720703125,0,-621736.2858838469,-594418.9564875512,-27317.43001922451,2.3204198624393753,
4057,2w4x,57,1,4,0.720703125,0,-621742.7589140964,-594418.9564875512,-27324.18750941012,8.880221825641417,
4058,2w4x,58,1,4,0.720703125,0,-621739.5955420438,-594418.9564875512,-27320.85193035652,4.909034042312063,
4059,2w4x,59,1,4,0.720703125,0,-621743.3034950083,-594418.9564875512,-27324.718037942017,8.556166245187,
4060,2w4x,60,1,4,0.720703125,0,-621742.2608800927,-594418.9564875512,-27323.401431449834,2.237770386481631,
4061,2w4x,61,1,4,0.720703125,0,-621742.3651252596,-594418.9564875512,-27323.787480071558,8.736312435820313,
4062,2w4x,62,1,4,0.720703125,0,-621739.806863067,-594418.9564875512,-27323.110774255096,52.126033244767655,
4063,2w4x,63,1,4,0.720703125,0,-621742.966394576,-594418.9564875512,-27324.36357115843,8.155688669601266,
4064,2w4x,64,1,4,0.720703125,0,-621742.0320126577,-594418.9564875512,-27322.807809624806,-6.173665670891003,
4065,2w4x,65,1,4,0.720703125,0,-621743.1976278174,-594418.9564875512,-27324.582291078743,7.867124630516425,
4066,2w4x,66,1,4,0.720703125,0,-621739.5849889461,-594418.9564875512,-27320.846425253996,5.025443576580513,
4067,2w4x,67,1,4,0.720703125,0,-621742.9384348976,-594418.9564875512,-27324.364454023496,8.820813523688951,
4068,2w4x,68,1,4,0.720703125,0,-621742.7414010119,-594418.9564875512,-27324.179128695854,9.090819285276496,
4069,2w4x,69,1,4,0.720703125,0,-621742.2554411289,-594418.9564875512,-27323.391255388848,2.1285303321313513,
4070,2w4x,70,1,4,0.720703125,0,-621739.7711255689,-594418.9564875512,-27321.04421316635,5.294128696729425,
4071,2w4x,71,1,4,0.720703125,0,-621742.6067590514,-594418.9564875512,-27324.00638827208,8.212247850550849,
4072,2w4x,72,1,4,0.720703125,0,-621739.5696765811,-594418.9564875512,-27320.836562010594,5.1511033063678715,
4073,2w4x,73,1,4,0.720703125,0,-621743.1916140114,-594418.9564875512,-27324.577187691626,7.888119388210271,
4074,2w4x,74,1,4,0.720703125,0,-621736.3402449519,-594418.9564875512,-27317.773341621847,8.984025566377285,
4075,2w4x,75,1,4,0.720703125,0,-621736.0860949162,-594418.9564875512,-27317.228020226852,2.2694545078654422,
4076,2w4x,76,1,4,0.720703125,0,-621742.025874146,-594418.9564875512,-27323.18638986996,2.698159622866444,
4077,2w4x,77,1,4,0.720703125,0,-621742.691916518,-594418.9564875512,-27324.14073250046,9.346521523510503,
4078,2w4x,78,1,4,0.720703125,0,-621742.3679856122,-594418.9564875512,-27323.780907295222,8.518779314116442,
4079,2w4x,79,1,4,0.720703125,0,-621736.5730017622,-594418.9564875512,-27317.992993030362,8.681807822540678,
4080,2w4x,80,1,4,0.720703125,0,-621742.3996280037,-594418.9564875512,-27323.791455616185,8.032338492406156,
4081,2w4x,81,1,4,0.720703125,0,-621736.3453873671,-594418.9564875512,-27317.784164861427,9.115028489272479,
4082,2w4x,82,1,4,0.720703125,0,-621730.6614329797,-594418.9564875512,-27311.518126124196,-4.3081555032717995,
4083,2w4x,83,1,4,0.720703125,0,-621741.9329889658,-594418.9564875512,-27323.117569099908,3.2530981054990282,
4084,2w4x,84,1,4,0.720703125,0,-621742.7572289457,-594418.9564875512,-27324.177231836202,8.682075838265023,
4085,2w4x,85,1,4,0.720703125,0,-621736.5649890228,-594418.9564875512,-27317.99576377932,8.930480970644702,
4086,2w4x,86,1,4,0.720703125,0,-621730.9216139477,-594418.9564875512,-27311.743375053295,-5.113707456632999,
4087,2w4x,87,1,4,0.720703125,0,-621741.925412848,-594418.9564875512,-27323.11038302839,3.2620927854674515,
4088,2w4x,88,1,4,0.720703125,0,-621742.0631139447,-594418.9564875512,-27323.191528589134,1.957891143189412,
4089,2w4x,89,1,4,0.720703125,0,-621742.699259973,-594418.9564875512,-27324.13529627261,9.051815036241644,
4090,2w4x,90,1,4,0.720703125,0,-621742.602709833,-594418.9564875512,-27324.008537784284,8.355193976303239,
4091,2w4x,91,1,4,0.720703125,0,-621741.9319449422,-594418.9564875512,-27323.113906384595,3.1927096388233203,
4092,2w4x,92,1,4,0.720703125,0,-621739.5618224909,-594418.9564875512,-27320.830755639163,5.198324822712852,
4093,2w4x,93,1,4,0.720703125,0,-621730.9393449783,-594418.9564875512,-27311.768594334437,-4.941024296561111,
4094,2w4x,94,1,4,0.720703125,0,-621738.7151642917,-594418.9564875512,-27324.87244063236,117.92619682371311,
4095,2w4x,95,1,4,0.720703125,0,-621741.9755083353,-594418.9564875512,-27324.623081747475,36.99052456996885,
4096,2w4x,96,1,4,0.720703125,0,-621741.5172133666,-594418.9564875512,-27324.80999711323,51.86942834850921,
4097,2w4x,97,1,4,0.720703125,0,-621730.6327733911,-594418.9564875512,-27324.739670812352,301.24881398766405,
4098,2w4x,98,1,4,0.720703125,0,-621745.8028068995,-594418.9564875512,-27323.141682283447,-85.43096022954974,
4099,2w4x,99,1,4,0.720703125,0,-621743.1747145688,-594418.9564875512,-27325.1311172309,21.051748428951793,
4100,2w4x,100,1,4,0.720703125,0,-621722.4261992696,-594418.9564875512,-27324.78116252046,491.45373056118405,
5001,2vvn,1,1,5,0.720703125,0,-625977.4119616495,-594418.9564875512,-31584.976919472352,611.5990595848002,
5002,2vvn,2,1,5,0.720703125,0,-626006.0527582893,-594418.9564875512,-31585.14566490497,-44.98203911252745,
5003,2vvn,3,1,5,0.720703125,0,-625989.1701578161,-594418.9564875512,-31584.841411588808,337.32372845322413,
5004,2vvn,4,1,5,0.720703125,0,-626000.2265010717,-594418.9564875512,-31584.69671452812,79.02160248757873,
5005,2vvn,5,1,5,0.720703125,0,-625974.2510164017,-594418.9564875512,-31584.840977686967,681.3572966189528,
5006,2vvn,6,1,5,0.720703125,0,-626003.2903970982,-594418.9564875512,-31584.668905230177,7.725183975963414,
5007,2vvn,7,1,5,0.720703125,0,-626003.2132999258,-594418.9564875512,-31584.5861341796,7.594341236504189,
5008,2vvn,8,1,5,0.720703125,0,-626003.3441434562,-594418.9564875512,-31584.735728691878,8.026749150740534,
5009,2vvn,9,1,5,0.720703125,0,-625990.4273462938,-594418.9564875512,-31584.590029224295,302.53525839118674,
5010,2vvn,10,1,5,0.720703125,0,-626000.9494134311,-594418.9564875512,-31584.881428269502,66.61044751439667,
5011,2vvn,11,1,5,0.720703125,0,-625992.2964233698,-594418.9564875512,-31584.51729570339,257.75604224392106,
5012,2vvn,12,1,5,0.720703125,0,-626003.4349910791,-594418.9564875512,-31584.845100973114,8.453937919148048,
5013,2vvn,13,1,5,0.720703125,0,-626003.2817169265,-594418.9564875512,-31584.69471408419,8.520519802669693,
5014,2vvn,14,1,5,0.720703125,0,-626003.1473346784,-594418.9564875512,-31584.54796728895,8.235386570530473,
5015,2vvn,15,1,5,0.720703125,0,-626003.4179963799,-594418.9564875512,-31584.807811449653,7.9859281547931324,
5016,2vvn,16,1,5,0.720703125,0,-625983.095174017,-594418.9564875512,-31584.815123109947,476.8099561991698,
5017,2vvn,17,1,5,0.720703125,0,-626003.3433608373,-594418.9564875512,-31584.736502194275,8.062634159914877,
5018,2vvn,18,1,5,0.720703125,0,-626003.2145236782,-594418.9564875512,-31584.5844633748,7.5275911618848665,
5019,2vvn,19,1,5,0.720703125,0,-625992.9957763882,-594418.9564875512,-31584.647243481457,244.62524546360274,
5020,2vvn,20,1,5,0.720703125,0,-626003.3391989282,-594418.9564875512,-31584.737779000814,8.188053922186791,
5021,2vvn,21,1,5,0.720703125,0,-626003.3826776657,-594418.9564875512,-31584.79746933069,8.561902124293427,
5022,2vvn,22,1,5,0.720703125,0,-626003.1212037349,-594418.9564875512,-31584.545935751412,8.79113207579694,
5023,2vvn,23,1,5,0.720703125,0,-626003.4093881011,-594418.9564875512,-31584.842478975963,8.983891928864224,
5024,2vvn,24,1,5,0.720703125,0,-626003.4411435851,-594418.9564875512,-31584.811911815574,7.5466976056472825,
5025,2vvn,25,1,5,0.720703125,0,-626003.3527817477,-594418.9564875512,-31584.744716024717,8.034798235174575,
5026,2vvn,26,1,5,0.720703125,0,-626003.217779381,-594418.9564875512,-31584.589294940728,7.563931429236813,
5027,2vvn,27,1,5,0.720703125,0,-626003.4842492982,-594418.9564875512,-31584.892345636847,8.407504229784061,
5028,2vvn,28,1,5,0.720703125,0,-626003.3313110715,-594418.9564875512,-31584.731648353598,8.228576135203395,
5029,2vvn,29,1,5,0.720703125,0,-626003.416637988,-594418.9564875512,-31584.812763172195,8.131442851841006,
5030,2vvn,30,1,5,0.720703125,0,-626003.1599428661,-594418.9564875512,-31584.51301820543,7.138689844707039,
5031,2vvn,31,1,5,0.720703125,0,-625968.8480923701,-594418.9564875512,-31584.696981416844,802.6310518003057,
5032,2vvn,32,1,5,0.720703125,0,-626003.3923535801,-594418.9564875512,-31584.793158608358,8.23936261844885,
5033,2vvn,33,1,5,0.720703125,0,-626003.2799886109,-594418.9564875512,-31584.667202516754,7.925943890551362,
5034,2vvn,34,1,5,0.720703125,0,-626007.1529959041,-594418.9564875512,-31584.808931946525,-78.11936774856386,
5035,2vvn,35,1,5,0.720703125,0,-626003.4948307354,-594418.9564875512,-31584.8893128483,8.093552726942908,
5036,2vvn,36,1,5,0.720703125,0,-626003.2450471929,-594418.9564875512,-31584.58453544156,6.8253640896630685,
5037,2vvn,37,1,5,0.720703125,0,-626003.2114005701,-594418.9564875512,-31584.513826362876,5.970683552744495,
5038,2vvn,38,1,5,0.720703125,0,-626003.3590806838,-594418.9564875512,-31584.740154032366,7.7843392754037035,
5039,2vvn,39,1,5,0.720703125,0,-626003.3684741111,-594418.9564875512,-31584.739681333976,7.556821012304552,
5040,2vvn,40,1,5,0.720703125,0,-626003.2243555989,-594418.9564875512,-31584.5884480967,7.392751553580093,
5041,2vvn,41,1,5,0.720703125,0,-626003.386466751,-594418.9564875512,-31584.788794152744,8.27446938525537,
5042,2vvn,42,1,5,0.720703125,0,-626003.4314346111,-594418.9564875512,-31584.844772552697,8.528378466166672,
5043,2vvn,43,1,5,0.720703125,0,-626003.4202688358,-594418.9564875512,-31584.842846001582,8.741440036080578,
5044,2vvn,44,1,5,0.720703125,0,-626003.4799934693,-594418.9564875512,-31584.88568920031,8.352144902854883,
5045,2vvn,45,1,5,0.720703125,0,-626003.2323459204,-594418.9564875512,-31584.58756877583,7.188212741634634,
5046,2vvn,46,1,5,0.720703125,0,-626003.2900758946,-594418.9564875512,-31584.661007563416,7.550466585081617,
5047,2vvn,47,1,5,0.720703125,0,-626003.3457757398,-594418.9564875512,-31584.738747513587,8.05872348010366,
5048,2vvn,48,1,5,0.720703125,0,-626003.4699682702,-594418.9564875512,-31584.883009740526,8.52154167694956,
5049,2vvn,49,1,5,0.720703125,0,-626003.4249522154,-594418.9564875512,-31584.814645273043,7.983114488645789,
5050,2vvn,50,1,5,0.720703125,0,-626003.3845140055,-594418.9564875512,-31584.787098020228,8.280387020916606,
5051,2vvn,51,1,5,0.720703125,0,-626003.4772579472,-594418.9564875512,-31584.885178112294,8.403441571684557,
5052,2vvn,52,1,5,0.720703125,0,-626003.1421869573,-594418.9564875512,-31584.5494344642,8.387929705434159,
5053,2vvn,53,1,5,0.720703125,0,-626003.3890307979,-594418.9564875512,-31584.792462160785,8.299927334388004,
5054,2vvn,54,1,5,0.720703125,0,-626003.273142273,-594418.9564875512,-31584.695020600193,8.725324437523764,
5055,2vvn,55,1,5,0.720703125,0,-626003.1317942671,-594418.9564875512,-31584.5437877799,8.497375201400216,
5056,2vvn,56,1,5,0.720703125,0,-626003.2095484802,-594418.9564875512,-31584.58746074431,7.711442935265391,
5057,2vvn,57,1,5,0.720703125,0,-626003.4851326344,-594418.9564875512,-31584.89012716581,8.335974856141446,
5058,2vvn,58,1,5,0.720703125,0,-626003.3162215027,-594418.9564875512,-31584.693245806237,7.6909660779794695,
5059,2vvn,59,1,5,0.720703125,0,-626003.4526280863,-594418.9564875512,-31584.878749441315,8.823170982064946,
5060,2vvn,60,1,5,0.720703125,0,-626003.357963663,-594418.9564875512,-31584.737697546272,7.753450472967504,
5061,2vvn,61,1,5,0.720703125,0,-626003.4105819796,-594418.9564875512,-31584.842192457614,8.949753167131954,
5062,2vvn,62,1,5,0.720703125,0,-626003.3998411774,-594418.9564875512,-31584.790623392153,8.00823104838255,
5063,2vvn,63,1,5,0.720703125,0,-626003.4894069142,-594418.9564875512,-31584.877715882296,7.951196625000902,
5064,2vvn,64,1,5,0.720703125,0,-626003.1471734431,-594418.9564875512,-31584.513270552736,7.438979000729919,
5065,2vvn,65,1,5,0.720703125,0,-626003.4441573855,-594418.9564875512,-31584.809026038864,7.410650126348185,
5066,2vvn,66,1,5,0.720703125,0,-626003.3488892624,-594418.9564875512,-31584.741992583997,8.061757043269177,
5067,2vvn,67,1,5,0.720703125,0,-626003.2034695845,-594418.9564875512,-31584.583960663676,7.770911824889402,
5068,2vvn,68,1,5,0.720703125,0,-626003.3072255029,-594418.9564875512,-31584.662564320606,7.190886895103308,
5069,2vvn,69,1,5,0.720703125,0,-626003.3344949897,-594418.9564875512,-31584.669433195606,6.720437610828358,
5070,2vvn,70,1,5,0.720703125,0,-626003.4983271984,-594418.9564875512,-31584.879479124083,7.786151305639912,
5071,2vvn,71,1,5,0.720703125,0,-626003.2008755835,-594418.9564875512,-31584.513570599163,6.2074974597295745,
5072,2vvn,72,1,5,0.720703125,0,-626003.1526216597,-594418.9564875512,-31584.540566779113,7.942806075834371,
5073,2vvn,73,1,5,0.720703125,0,-626003.1939107345,-594418.9564875512,-31584.584912219114,8.013287531462405,
5074,2vvn,74,1,5,0.720703125,0,-626003.4676259854,-594418.9564875512,-31584.88619057704,8.648907879548606,
5075,2vvn,75,1,5,0.720703125,0,-626003.220029361,-594418.9564875512,-31584.57955974618,7.287546738407694,
5076,2vvn,76,1,5,0.720703125,0,-626003.2070223914,-594418.9564875512,-31584.589501827257,7.816764418922892,
5077,2vvn,77,1,5,0.720703125,0,-626003.426241199,-594418.9564875512,-31584.81460218499,7.952396186064211,
5078,2vvn,78,1,5,0.720703125,0,-626003.3972199224,-594418.9564875512,-31584.84370458527,9.29276001746236,
5079,2vvn,79,1,5,0.720703125,0,-626003.3332855165,-594418.9564875512,-31584.733163344463,8.217980872234984,
5080,2vvn,80,1,5,0.720703125,0,-626003.3428764929,-594418.9564875512,-31584.740988225287,8.177253740596452,
5081,2vvn,81,1,5,0.720703125,0,-626003.3566374109,-594418.9564875512,-31584.737866809242,7.787937867652768,
5082,2vvn,82,1,5,0.720703125,0,-626003.2738391022,-594418.9564875512,-31584.6908640986,8.613403968627795,
5083,2vvn,83,1,5,0.720703125,0,-626003.2929202156,-594418.9564875512,-31584.66985955524,7.689006763731672,
5084,2vvn,84,1,5,0.720703125,0,-626003.4706841339,-594418.9564875512,-31584.884076842944,8.52964143247427,
5085,2vvn,85,1,5,0.720703125,0,-626003.3443515833,-594418.9564875512,-31584.735921112384,8.026386948555187,
5086,2vvn,86,1,5,0.720703125,0,-626003.4159092312,-594418.9564875512,-31584.81209717681,8.132890163833386,
5087,2vvn,87,1,5,0.720703125,0,-626003.231143632,-594418.9564875512,-31584.588964157287,7.248116432356418,
5088,2vvn,88,1,5,0.720703125,0,-626003.1774213382,-594418.9564875512,-31584.5467243894,7.51290977077575,
5089,2vvn,89,1,5,0.720703125,0,-626003.486006375,-594418.9564875512,-31584.88663823068,8.23536916273802,
5090,2vvn,90,1,5,0.720703125,0,-626003.4607691227,-594418.9564875512,-31584.883020913556,8.733936713180222,
5091,2vvn,91,1,5,0.720703125,0,-626004.815625079,-594418.9564875512,-31585.24011893562,-14.274907852098247,
5092,2vvn,92,1,5,0.720703125,0,-626007.0182853513,-594418.9564875512,-31585.48915683051,-59.32651013080384,
5093,2vvn,93,1,5,0.720703125,0,-626000.7377403346,-594418.9564875512,-31585.212125436494,79.11780291803365,
5094,2vvn,94,1,5,0.720703125,0,-626007.3415768933,-594418.9564875512,-31585.319202456976,-70.70103115842917,
5095,2vvn,95,1,5,0.720703125,0,-626007.02223682,-594418.9564875512,-31585.363464242168,-62.31617310737824,
5096,2vvn,96,1,5,0.720703125,0,-626004.0987357165,-594418.9564875512,-31585.250307335165,2.491903654571445,
5097,2vvn,97,1,5,0.720703125,0,-626003.0708713776,-594418.9564875512,-31584.971078179176,19.75584109884741,
5098,2vvn,98,1,5,0.720703125,0,-626005.7069531255,-594418.9564875512,-31585.140749832768,-37.12092685187579,
5099,2vvn,99,1,5,0.720703125,0,-626004.1466126065,-594418.9564875512,-31585.168058240713,-0.5088728323639854,
5100,2vvn,100,1,5,0.720703125,0,-625996.4981593017,-594418.9564875512,-31585.501507343066,183.55816940657607,
6001,4j28,1,0,6,0.31640625,1,-615658.7817312377,-594418.9564875512,-21251.848755517964,277.26876968281084,
6002,4j28,2,0,6,0.31640625,1,-615643.3079742733,-594418.9564875512,-21251.76864569483,632.2547058697436,
6003,4j28,3,0,6,0.31640625,1,-615642.2702719949,-594418.9564875512,-21251.817687989133,657.3156310697912,
6004,4j28,4,0,6,0.31640625,1,-615670.711713038,-594418.9564875512,-21252.252551924896,11.468620112662363,
6005,4j28,5,0,6,0.31640625,1,-615664.6976527133,-594418.9564875512,-21251.947073948657,143.11165640568134,
6006,4j28,6,0,6,0.31640625,1,-615669.1558962252,-594418.9564875512,-21251.94383125029,40.22734025663782,
6007,4j28,7,0,6,0.31640625,1,-615669.6074494544,-594418.9564875512,-21251.94270630965,29.788333670831534,
6008,4j28,8,0,6,0.31640625,1,-615669.1089069508,-594418.9564875512,-21252.106499240723,45.06215164137117,
6009,4j28,9,0,6,0.31640625,1,-615672.1265060893,-594418.9564875512,-21252.12644842387,-24.065298534572793,
6010,4j28,10,0,6,0.31640625,1,-615654.9000233558,-594418.9564875512,-21251.807079890343,365.82201715166246,
6011,4j28,11,0,6,0.31640625,1,-615656.8360202577,-594418.9564875512,-21251.83312499519,321.7774823832951,
6012,4j28,12,0,6,0.31640625,1,-615658.0596101928,-594418.9564875512,-21251.883728370278,294.7277697112588,
6013,4j28,13,0,6,0.31640625,1,-615666.9173664128,-594418.9564875512,-21252.0360496228,93.97567025650513,
6014,4j28,14,0,6,0.31640625,1,-615665.1320735641,-594418.9564875512,-21252.035906833757,135.14220859235363,
6015,4j28,15,0,6,0.31640625,1,-615670.6101950963,-594418.9564875512,-21252.103138723414,10.364129183298896,
6016,4j28,16,0,6,0.31640625,1,-615670.5523976394,-594418.9564875512,-21252.03414705295,10.10598448768789,
6017,4j28,17,0,6,0.31640625,1,-615670.5064730492,-594418.9564875512,-21252.00524677648,10.498574488804067,
6018,4j28,18,0,6,0.31640625,1,-615670.615376924,-594418.9564875512,-21252.105182337393,10.291760255697453,
6019,4j28,19,0,6,0.31640625,1,-615670.4406356516,-594418.9564875512,-21251.946478879196,10.661601038727909,
6020,4j28,20,0,6,0.31640625,1,-615670.3451891342,-594418.9564875512,-21251.87360179661,11.182064568459014,
6021,4j28,21,0,6,0.31640625,1,-615670.5554266138,-594418.9564875512,-21252.034118347325,10.035472711168339,
6022,4j28,22,0,6,0.31640625,1,-615670.6356736762,-594418.9564875512,-21252.12549714775,10.292176688922305,
6023,4j28,23,0,6,0.31640625,1,-615670.5963650998,-594418.9564875512,-21252.102533115136,10.669090822178207,
6024,4j28,24,0,6,0.31640625,1,-615670.5946504928,-594418.9564875512,-21252.103495924912,10.730833519853688,
6025,4j28,25,0,6,0.31640625,1,-615647.4417536159,-594418.9564875512,-21251.877830712012,539.4453559314999,
6026,4j28,26,0,6,0.31640625,1,-615670.6191847658,-594418.9564875512,-21252.107511021833,10.257650076661383,
6027,4j28,27,0,6,0.31640625,1,-615670.3788260103,-594418.9564875512,-21251.878681561695,10.523521945517714,
6028,4j28,28,0,6,0.31640625,1,-615670.3525570921,-594418.9564875512,-21251.881243955657,11.188387798268174,
6029,4j28,29,0,6,0.31640625,1,-615670.3784974199,-594418.9564875512,-21251.87233241189,10.384684547297535,
6030,4j28,30,0,6,0.31640625,1,-615670.516593712,-594418.9564875512,-21252.002347877973,10.19833627115745,
6031,4j28,31,0,6,0.31640625,1,-615670.5941994721,-594418.9564875512,-21252.10327139201,10.736056451725108,
6032,4j28,32,0,6,0.31640625,1,-615670.4459214911,-594418.9564875512,-21251.944676693744,10.49814729913766,
6033,4j28,33,0,6,0.31640625,1,-615670.3523217773,-594418.9564875512,-21251.811075169117,9.575683628936149,
6034,4j28,34,0,6,0.31640625,1,-615670.5862388967,-594418.9564875512,-21252.120043509753,11.306405904909479,
6035,4j28,35,0,6,0.31640625,1,-615670.5982108194,-594418.9564875512,-21252.103546509734,10.649896950689733,
6036,4j28,36,0,6,0.31640625,1,-615670.3059949155,-594418.9564875512,-21251.83248879965,11.137816490533908,
6037,4j28,37,0,6,0.31640625,1,-615670.6003857142,-594418.9564875512,-21252.103912308838,10.608178213061448,
6038,4j28,38,0,6,0.31640625,1,-615670.611385864,-594418.9564875512,-21252.12235846691,10.779887243728936,
6039,4j28,39,0,6,0.31640625,1,-615670.1665414752,-594418.9564875512,-21251.655461135,10.27133429324692,
6040,4j28,40,0,6,0.31640625,1,-615670.5629886191,-594418.9564875512,-21252.03180941406,9.80784346003222,
6041,4j28,41,0,6,0.31640625,1,-615670.4475228733,-594418.9564875512,-21251.94364836904,10.437504818274629,
6042,4j28,42,0,6,0.31640625,1,-615670.2830328458,-594418.9564875512,-21251.81321948674,11.22297348559571,
6043,4j28,43,0,6,0.31640625,1,-615670.5367143181,-594418.9564875512,-21252.00961517218,9.901931858427329,
6044,4j28,44,0,6,0.31640625,1,-615670.302630307,-594418.9564875512,-21251.81780698235,10.876835455893099,
6045,4j28,45,0,6,0.31640625,1,-615670.3912336313,-594418.9564875512,-21251.874229928697,10.134738311855884,
6046,4j28,46,0,6,0.31640625,1,-615670.3767300881,-594418.9564875512,-21251.874693891918,10.479897208393227,
6047,4j28,47,0,6,0.31640625,1,-615670.634902879,-594418.9564875512,-21252.104329164453,9.821806401887029,
6048,4j28,48,0,6,0.31640625,1,-615670.6378060514,-594418.9564875512,-21252.121308524805,10.146411007511128,
6049,4j28,49,0,6,0.31640625,1,-615670.338678385,-594418.9564875512,-21251.874470345294,11.352235220850748,
6050,4j28,50,0,6,0.31640625,1,-615670.3118977351,-594418.9564875512,-21251.87748969855,12.039439619028771,
6051,4j28,51,0,6,0.31640625,1,-615670.3254593523,-594418.9564875512,-21251.807023351725,10.101708734762136,
6052,4j28,52,0,6,0.31640625,1,-615670.6445082816,-594418.9564875512,-21252.105111779547,9.618348088778431,
6053,4j28,53,0,6,0.31640625,1,-615670.1419844417,-594418.9564875512,-21251.67041227916,11.182414515104776,
6054,4j28,54,0,6,0.31640625,1,-615670.406113862,-594418.9564875512,-21251.87740193916,9.864740340225678,
6055,4j28,55,0,6,0.31640625,1,-615670.5567146197,-594418.9564875512,-21252.0065425923,9.369858570241846,
6056,4j28,56,0,6,0.31640625,1,-615670.302465333,-594418.9564875512,-21251.810329189953,10.708197857793673,
6057,4j28,57,0,6,0.31640625,1,-615670.3966751926,-594418.9564875512,-21251.874719847623,10.020550725102165,
6058,4j28,58,0,6,0.31640625,1,-615670.2783063363,-594418.9564875512,-21251.806365070217,11.173902785393743,
6059,4j28,59,0,6,0.31640625,1,-615670.3831106744,-594418.9564875512,-21251.889235161372,10.668087032545841,
6060,4j28,60,0,6,0.31640625,1,-615670.5742786888,-594418.9564875512,-21252.10740049244,11.290659946980394,
6061,4j28,61,0,6,0.31640625,1,-615670.5780598796,-594418.9564875512,-21252.038952107567,9.625006361418679,
6062,4j28,62,0,6,0.31640625,1,-615670.3929024066,-594418.9564875512,-21251.87609253606,10.139208184511757,
6063,4j28,63,0,6,0.31640625,1,-615670.3077782087,-594418.9564875512,-21251.836429392257,11.187564996555766,
6064,4j28,64,0,6,0.31640625,1,-615670.5366250214,-594418.9564875512,-21252.03249970535,10.431720961487482,
6065,4j28,65,0,6,0.31640625,1,-615670.5609769667,-594418.9564875512,-21252.00744729806,9.29242952368783,
6066,4j28,66,0,6,0.31640625,1,-615670.6485678673,-594418.9564875512,-21252.10257289729,9.466183801845299,
6067,4j28,67,0,6,0.31640625,1,-615670.6397904872,-594418.9564875512,-21252.107562043468,9.783647439692757,
6068,4j28,68,0,6,0.31640625,1,-615670.6246460966,-594418.9564875512,-21252.108510405615,10.154755134974955,
6069,4j28,69,0,6,0.31640625,1,-615670.1387244501,-594418.9564875512,-21251.67065384443,11.263162333153549,
6070,4j28,70,0,6,0.31640625,1,-615670.3456645432,-594418.9564875512,-21251.869312620445,11.072190624923149,
6071,4j28,71,0,6,0.31640625,1,-615670.3419074516,-594418.9564875512,-21251.88249500417,11.462824205623722,
6072,4j28,72,0,6,0.31640625,1,-615670.3652391837,-594418.9564875512,-21251.869090934873,10.61567650216696,
6073,4j28,73,0,6,0.31640625,1,-615670.4123087567,-594418.9564875512,-21251.87351298712,9.632201308217901,
6074,4j28,74,0,6,0.31640625,1,-615670.6099527478,-594418.9564875512,-21252.12484924646,10.87037442819422,
6075,4j28,75,0,6,0.31640625,1,-615670.6360266077,-594418.9564875512,-21252.10825992383,9.886538067141325,
6076,4j28,76,0,6,0.31640625,1,-615670.5165629167,-594418.9564875512,-21252.0064032484,10.292565492400454,
6077,4j28,77,0,6,0.31640625,1,-615670.4911320453,-594418.9564875512,-21251.944538170665,9.452372734669956,
6078,4j28,78,0,6,0.31640625,1,-615670.6112887599,-594418.9564875512,-21252.10487960903,10.37905447964601,
6079,4j28,79,0,6,0.31640625,1,-615670.6454074006,-594418.9564875512,-21252.102546701037,9.538461797477316,
6080,4j28,80,0,6,0.31640625,1,-615670.1808762144,-594418.9564875512,-21251.67478069571,10.386287008427672,
6081,4j28,81,0,6,0.31640625,1,-615670.3763695543,-594418.9564875512,-21251.86871752512,10.350393023625136,
6082,4j28,82,0,6,0.31640625,1,-615670.5963130107,-594418.9564875512,-21252.104725568843,10.720851209034691,
6083,4j28,83,0,6,0.31640625,1,-615661.820844356,-594418.9564875512,-21251.915942009084,208.73451354733254,
6084,4j28,84,0,6,0.31640625,1,-615669.8153066048,-594418.9564875512,-21251.76586146016,20.916894800317788,
6085,4j28,85,0,6,0.31640625,1,-615662.2537612815,-594418.9564875512,-21251.81492238164,196.42164412916006,
6086,4j28,86,0,6,0.31640625,1,-615660.3311326912,-594418.9564875512,-21252.187551257393,249.35153870763395,
6087,4j28,87,0,6,0.31640625,1,-615671.5452737339,-594418.9564875512,-21252.32751305644,-6.02510142480091,
6088,4j28,88,0,6,0.31640625,1,-615673.3738749949,-594418.9564875512,-21252.094852488426,-53.55892842463284,
6089,4j28,89,0,6,0.31640625,1,-615657.3657423054,-594418.9564875512,-21252.014156427926,313.73648577793386,
6090,4j28,90,0,6,0.31640625,1,-615670.9152247694,-594418.9564875512,-21252.086223818893,2.9399108537237146,
6091,4j28,91,0,6,0.31640625,1,-615664.5736970826,-594418.9564875512,-21252.43343056799,157.18579123915032,
6092,4j28,92,0,6,0.31640625,1,-615676.5481155567,-594418.9564875512,-21252.431323024513,-118.99945983451438,
6093,4j28,93,0,6,0.31640625,1,-615654.3060721976,-594418.9564875512,-21252.488118670022,395.22398359827974,
6094,4j28,94,0,6,0.31640625,1,-615634.7027407461,-594418.9564875512,-21252.25776309408,841.9754203988529,
6095,4j28,95,0,6,0.31640625,1,-615651.5289139677,-594418.9564875512,-21251.683407866523,440.70970181959194,
6096,4j28,96,0,6,0.31640625,1,-615656.8964099052,-594418.9564875512,-21252.38094772015,333.01795618041496,
6097,4j28,97,0,6,0.31640625,1,-615659.1518938367,-594418.9564875512,-21252.417758949923,281.85414822145776,
6098,4j28,98,0,6,0.31640625,1,-615655.0108578459,-594418.9564875512,-21252.139953751546,370.94236669060984,
6099,4j28,99,0,6,0.31640625,1,-615646.7021946736,-594418.9564875512,-21251.20554103336,540.996622002611,
6100,4j28,100,0,6,0.31640625,1,-615669.8218420447,-594418.9564875512,-21251.55527531103,15.90995201217995,
7001,4jfs,1,0,7,0.31640625,1,-615817.7325888477,-594418.9564875512,-21421.079914555874,514.3381524721864,
7002,4jfs,2,0,7,0.31640625,1,-615824.3807941306,-594418.9564875512,-21418.373588089715,298.6175256407671,
7003,4jfs,3,0,7,0.31640625,1,-615812.4013806633,-594418.9564875512,-21418.3802128364,575.0221331750023,
7004,4jfs,4,0,7,0.31640625,1,-615838.9576061185,-594418.9564875512,-21420.40718493926,9.364112992846168,
7005,4jfs,5,0,7,0.31640625,1,-615838.8742617246,-594418.9564875512,-21420.365910890316,10.334278194374324,
7006,4jfs,6,0,7,0.31640625,1,-615836.7416531205,-594418.9564875512,-21418.32933816116,12.548918083138343,
7007,4jfs,7,0,7,0.31640625,1,-615836.7901859409,-594418.9564875512,-21418.37290728741,12.434452576244,
7008,4jfs,8,0,7,0.31640625,1,-615834.4343562924,-594418.9564875512,-21420.363433465605,112.66379900799436,
7009,4jfs,9,0,7,0.31640625,1,-615836.786771031,-594418.9564875512,-21418.376055590194,12.585803857154659,
7010,4jfs,10,0,7,0.31640625,1,-615836.8060859124,-594418.9564875512,-21418.378144958646,12.188574091590135,
7011,4jfs,11,0,7,0.31640625,1,-615836.6615762166,-594418.9564875512,-21418.258829367525,12.769563948051962,
7012,4jfs,12,0,7,0.31640625,1,-615839.3815935585,-594418.9564875512,-21420.807682631104,8.822426533120163,
7013,4jfs,13,0,7,0.31640625,1,-615831.3618045948,-594418.9564875512,-21420.063958683288,176.61247185105506,
7014,4jfs,14,0,7,0.31640625,1,-615838.6034250009,-594418.9564875512,-21420.121157052225,10.935763826338215,
7015,4jfs,15,0,7,0.31640625,1,-615838.8547445752,-594418.9564875512,-21420.34462278191,10.293438910169206,
7016,4jfs,16,0,7,0.31640625,1,-615839.4888021413,-594418.9564875512,-21420.910812156606,8.728361237059797,
7017,4jfs,17,0,7,0.31640625,1,-615838.5168699849,-594418.9564875512,-21420.01527203335,10.49000337034756,
7018,4jfs,18,0,7,0.31640625,1,-615839.4847921735,-594418.9564875512,-21420.9140798017,8.896186976971507,
7019,4jfs,19,0,7,0.31640625,1,-615836.6336207819,-594418.9564875512,-21418.25771824176,13.388608416682882,
7020,4jfs,20,0,7,0.31640625,1,-615838.9949324257,-594418.9564875512,-21420.465912276373,9.857632467875789,
7021,4jfs,21,0,7,0.31640625,1,-615836.5469432917,-594418.9564875512,-21418.261240646425,15.468667408122963,
7022,4jfs,22,0,7,0.31640625,1,-615836.7051249016,-594418.9564875512,-21418.305030636202,12.830733980044393,
7023,4jfs,23,0,7,0.31640625,1,-615838.9944908436,-594418.9564875512,-21420.46316265613,9.804407842952584,
7024,4jfs,24,0,7,0.31640625,1,-615839.3084268955,-594418.9564875512,-21420.759666476457,9.402411032645945,
7025,4jfs,25,0,7,0.31640625,1,-615838.438367725,-594418.9564875512,-21419.975683902347,11.387384501419715,
7026,4jfs,26,0,7,0.31640625,1,-615838.9931008171,-594418.9564875512,-21420.464765705852,9.873429821066685,
7027,4jfs,27,0,7,0.31640625,1,-615839.5254373556,-594418.9564875512,-21420.95753518659,8.960991792068711,
7028,4jfs,28,0,7,0.31640625,1,-615838.4903633422,-594418.9564875512,-21420.011472172693,11.013634203611023,
7029,4jfs,29,0,7,0.31640625,1,-615839.3678130507,-594418.9564875512,-21420.81802813083,9.37878548190194,
7030,4jfs,30,0,7,0.31640625,1,-615839.3926826377,-594418.9564875512,-21420.846063372326,9.451787210586588,
7031,4jfs,31,0,7,0.31640625,1,-615838.5773791953,-594418.9564875512,-21420.064168764387,10.222213236052614,
7032,4jfs,32,0,7,0.31640625,1,-615838.6137702352,-594418.9564875512,-21420.127278880536,10.83836977047303,
7033,4jfs,33,0,7,0.31640625,1,-615836.6054645844,-594418.9564875512,-21418.260118338876,14.093253310536346,
7034,4jfs,34,0,7,0.31640625,1,-615838.4475256911,-594418.9564875512,-21419.97483253378,11.15656376000544,
7035,4jfs,35,0,7,0.31640625,1,-615839.2989509959,-594418.9564875512,-21420.76091551195,9.649733911969733,
7036,4jfs,36,0,7,0.31640625,1,-615838.4324633891,-594418.9564875512,-21419.950250131576,10.937025033980413,
7037,4jfs,37,0,7,0.31640625,1,-615836.5480365856,-594418.9564875512,-21418.19581558377,13.934717665440097,
7038,4jfs,38,0,7,0.31640625,1,-615838.3789443717,-594418.9564875512,-21419.95062046824,12.179743061213273,
7039,4jfs,39,0,7,0.31640625,1,-615838.5814525797,-594418.9564875512,-21420.065488027307,10.158701684748157,
7040,4jfs,40,0,7,0.31640625,1,-615836.5325958991,-594418.9564875512,-21418.200839552723,14.406643831078423,
7041,4jfs,41,0,7,0.31640625,1,-615839.499867709,-594418.9564875512,-21420.944508713124,9.25024423653362,
7042,4jfs,42,0,7,0.31640625,1,-615836.7579370029,-594418.9564875512,-21418.31242757713,11.783435501596072,
7043,4jfs,43,0,7,0.31640625,1,-615836.6527106045,-594418.9564875512,-21418.30216807672,13.973424196072383,
7044,4jfs,44,0,7,0.31640625,1,-615839.4306347127,-594418.9564875512,-21420.86196775562,8.943355361117765,
7045,4jfs,45,0,7,0.31640625,1,-615839.4619887256,-594418.9564875512,-21420.909734077242,9.321832191444033,
7046,4jfs,46,0,7,0.31640625,1,-615839.5972927699,-594418.9564875512,-21421.028502423847,8.940509942683155,
7047,4jfs,47,0,7,0.31640625,1,-615839.4299067955,-594418.9564875512,-21420.860071218598,8.916406347454691,
7048,4jfs,48,0,7,0.31640625,1,-615839.0815338638,-594418.9564875512,-21420.54021704626,9.574064561954243,
7049,4jfs,49,0,7,0.31640625,1,-615838.6470312047,-594418.9564875512,-21420.125298446368,10.025683696829756,
7050,4jfs,50,0,7,0.31640625,1,-615838.5227323706,-594418.9564875512,-21420.016840145006,10.39097505760799,
7051,4jfs,51,0,7,0.31640625,1,-615836.6312884913,-594418.9564875512,-21418.216281585625,12.486840325685227,
7052,4jfs,52,0,7,0.31640625,1,-615836.8949271995,-594418.9564875512,-21418.4848612357,12.600781153050512,
7053,4jfs,53,0,7,0.31640625,1,-615839.4424495253,-594418.9564875512,-21420.86237129392,8.680205122816618,
7054,4jfs,54,0,7,0.31640625,1,-615839.4245840574,-594418.9564875512,-21420.869138397542,9.248245717378124,
7055,4jfs,55,0,7,0.31640625,1,-615839.4733781645,-594418.9564875512,-21420.910069369616,9.0669175172679,
7056,4jfs,56,0,7,0.31640625,1,-615834.3024505296,-594418.9564875512,-21420.54059711889,119.79110905851931,
7057,4jfs,57,0,7,0.31640625,1,-615839.2951063219,-594418.9564875512,-21420.759488813834,9.7054937599897,
7058,4jfs,58,0,7,0.31640625,1,-615838.9781741834,-594418.9564875512,-21420.40791352409,8.906603714218635,
7059,4jfs,59,0,7,0.31640625,1,-615839.3751688073,-594418.9564875512,-21420.81714329932,9.188753005778489,
7060,4jfs,60,0,7,0.31640625,1,-615839.4517381171,-594418.9564875512,-21420.90990815885,9.562231254836943,
7061,4jfs,61,0,7,0.31640625,1,-615839.5141648549,-594418.9564875512,-21420.957267974223,9.214779770876198,
7062,4jfs,62,0,7,0.31640625,1,-615839.4240463922,-594418.9564875512,-21420.870522598245,9.292564998223085,
7063,4jfs,63,0,7,0.31640625,1,-615839.4955603802,-594418.9564875512,-21420.913418961747,8.632626900587569,
7064,4jfs,64,0,7,0.31640625,1,-615839.5017323616,-594418.9564875512,-21420.944234584476,9.200922768917675,
7065,4jfs,65,0,7,0.31640625,1,-615836.1215430065,-594418.9564875512,-21421.49064101675,99.7503727354571,
7066,4jfs,66,0,7,0.31640625,1,-615838.5245343507,-594418.9564875512,-21420.016455295005,10.340545557970227,
7067,4jfs,67,0,7,0.31640625,1,-615839.2782552885,-594418.9564875512,-21420.743804229114,9.732392706345673,
7068,4jfs,68,0,7,0.31640625,1,-615839.0665175344,-594418.9564875512,-21420.536869825413,9.843160596962667,
7069,4jfs,69,0,7,0.31640625,1,-615839.4367840358,-594418.9564875512,-21420.912196773905,9.959857280862524,
7070,4jfs,70,0,7,0.31640625,1,-615839.0916711412,-594418.9564875512,-21420.53754586492,9.278694486093436,
7071,4jfs,71,0,7,0.31640625,1,-615839.6540157029,-594418.9564875512,-21421.02569558209,7.567720725480569,
7072,4jfs,72,0,7,0.31640625,1,-615838.8690188878,-594418.9564875512,-21420.34216193598,9.90751698795383,
7073,4jfs,73,0,7,0.31640625,1,-615836.7882816243,-594418.9564875512,-21418.366574732067,12.332334964832173,
7074,4jfs,74,0,7,0.31640625,1,-615838.4440204274,-594418.9564875512,-21419.950015205715,10.665095880624564,
7075,4jfs,75,0,7,0.31640625,1,-615839.4967526778,-594418.9564875512,-21420.943719894633,9.303887975255874,
7076,4jfs,76,0,7,0.31640625,1,-615836.5716553691,-594418.9564875512,-21418.197777920665,13.435308141038965,
7077,4jfs,77,0,7,0.31640625,1,-615839.5348121348,-594418.9564875512,-21420.95752125269,8.74448292496305,
7078,4jfs,78,0,7,0.31640625,1,-615838.614849536,-594418.9564875512,-21420.06257309492,9.321329639403945,
7079,4jfs,79,0,7,0.31640625,1,-615838.8560549909,-594418.9564875512,-21420.344629242598,10.263368993619139,
7080,4jfs,80,0,7,0.31640625,1,-615836.6732694268,-594418.9564875512,-21418.26255934213,12.585927372127603,
7081,4jfs,81,0,7,0.31640625,1,-615838.5490297322,-594418.9564875512,-21420.02096280627,9.879614320087246,
7082,4jfs,82,0,7,0.31640625,1,-615842.9420905858,-594418.9564875512,-21421.21787661443,-63.825287494654944,
7083,4jfs,83,0,7,0.31640625,1,-615843.1816271081,-594418.9564875512,-21421.453641425545,-63.912265220996794,
7084,4jfs,84,0,7,0.31640625,1,-615824.0317436022,-594418.9564875512,-21421.480426058464,378.3122076258728,
7085,4jfs,85,0,7,0.31640625,1,-615838.1675030363,-594418.9564875512,-21421.26591640972,47.3871410591448,
7086,4jfs,86,0,7,0.31640625,1,-615816.9570886482,-594418.9564875512,-21421.29564902377,537.1965669316147,
7087,4jfs,87,0,7,0.31640625,1,-615819.7823046162,-594418.9564875512,-21420.9164778039,463.30164291899604,
7088,4jfs,88,0,7,0.31640625,1,-615834.2567584988,-594418.9564875512,-21421.50980546005,143.19526762957935,
7089,4jfs,89,0,7,0.31640625,1,-615842.2728326563,-594418.9564875512,-21421.29303828902,-46.65856360742497,
7090,4jfs,90,0,7,0.31640625,1,-615840.9177770105,-594418.9564875512,-21420.75842137792,-27.738796923625344,
7091,4jfs,91,0,7,0.31640625,1,-615823.8135383124,-594418.9564875512,-21421.444507131597,382.5158310171205,
7092,4jfs,92,0,7,0.31640625,1,-615817.0086693437,-594418.9564875512,-21421.29118566064,535.904160238454,
7093,4jfs,93,0,7,0.31640625,1,-615834.5085007217,-594418.9564875512,-21421.580159879646,139.0123655176413,
7094,4jfs,94,0,7,0.31640625,1,-615842.9596906124,-594418.9564875512,-21421.496181221144,-57.81329705447347,
7095,4jfs,95,0,7,0.31640625,1,-615832.0032321952,-594418.9564875512,-21420.935269781643,181.91371125096234,
7096,4jfs,96,0,7,0.31640625,1,-615827.4767488412,-594418.9564875512,-21421.109487978978,290.3144642112784,
7097,4jfs,97,0,7,0.31640625,1,-615843.1302021669,-594418.9564875512,-21421.279917932046,-66.73253683403834,
7098,4jfs,98,0,7,0.31640625,1,-615825.5054913596,-594418.9564875512,-21418.250749243078,269.848660297885,
7099,4jfs,99,0,7,0.31640625,1,-615844.9879087543,-594418.9564875512,-21421.50873447248,-104.29563367317475,
7100,4jfs,100,0,7,0.31640625,1,-615845.5821051599,-594418.9564875512,-21421.45363215002,-119.26881804825321,
8001,4pcs,1,0,8,0.31640625,1,-613727.6009109361,-594418.9564875512,-19307.971292533268,-15.522766200741456,
8002,4pcs,2,0,8,0.31640625,1,-613723.4921477066,-594418.9564875512,-19307.899930199383,77.58191026552576,
8003,4pcs,3,0,8,0.31640625,1,-613726.7003357139,-594418.9564875512,-19307.797625393938,1.2401324130828832,
8004,4pcs,4,0,8,0.31640625,1,-613727.1276933448,-594418.9564875512,-19307.692622906226,-11.036383565742371,
8005,4pcs,5,0,8,0.31640625,1,-613689.5084139793,-594418.9564875512,-19307.701881066514,856.6983058444064,
8006,4pcs,6,0,8,0.31640625,1,-613705.1153168207,-594418.9564875512,-19307.696928101326,496.68035829273293,
8007,4pcs,7,0,8,0.31640625,1,-613720.8939692668,-594418.9564875512,-19307.704803513396,132.99760017317712,
8008,4pcs,8,0,8,0.31640625,1,-613726.254822157,-594418.9564875512,-19307.70413888372,9.358068961802799,
8009,4pcs,9,0,8,0.31640625,1,-613726.2250809892,-594418.9564875512,-19307.698093034036,9.90449597831862,
8010,4pcs,10,0,8,0.31640625,1,-613726.2189720536,-594418.9564875512,-19307.697979736295,10.042758671313958,
8011,4pcs,11,0,8,0.31640625,1,-613726.2184081749,-594418.9564875512,-19307.698739240735,10.073276611125566,
8012,4pcs,12,0,8,0.31640625,1,-613726.1724788798,-594418.9564875512,-19307.690015006698,10.931245701920629,
8013,4pcs,13,0,8,0.31640625,1,-613726.2171005516,-594418.9564875512,-19307.700658896156,10.14769942744456,
8014,4pcs,14,0,8,0.31640625,1,-613726.1974957801,-594418.9564875512,-19307.696079031866,10.494182019154284,
8015,4pcs,15,0,8,0.31640625,1,-613726.2368509587,-594418.9564875512,-19307.700595121612,9.690773544347303,
8016,4pcs,16,0,8,0.31640625,1,-613726.2474855378,-594418.9564875512,-19307.710204453353,9.667130778263187,
8017,4pcs,17,0,8,0.31640625,1,-613726.2665955045,-594418.9564875512,-19307.69974726965,8.985296092186,
8018,4pcs,18,0,8,0.31640625,1,-613726.1970157834,-594418.9564875512,-19307.707121229883,10.759890140850587,
8019,4pcs,19,0,8,0.31640625,1,-613726.2267329375,-594418.9564875512,-19307.700811275878,9.929085291124842,
8020,4pcs,20,0,8,0.31640625,1,-613726.2457635894,-594418.9564875512,-19307.70346377607,9.551396140462083,
8021,4pcs,21,0,8,0.31640625,1,-613726.2261121348,-594418.9564875512,-19307.70408252835,10.018838216719956,
8022,4pcs,22,0,8,0.31640625,1,-613720.4636931632,-594418.9564875512,-19307.95956058128,148.7948403885925,
8023,4pcs,23,0,8,0.31640625,1,-613726.2327988629,-594418.9564875512,-19307.696627057507,9.692711361567921,
8024,4pcs,24,0,8,0.31640625,1,-613726.2207538284,-594418.9564875512,-19307.695556518604,9.945789240817769,
8025,4pcs,25,0,8,0.31640625,1,-613726.2469598172,-594418.9564875512,-19307.704824290864,9.555184687366557,
8026,4pcs,26,0,8,0.31640625,1,-613726.2142733302,-594418.9564875512,-19307.689421451505,9.953755072164354,
8027,4pcs,27,0,8,0.31640625,1,-613726.2208777402,-594418.9564875512,-19307.7018924355,10.089041482153274,
8028,4pcs,28,0,8,0.31640625,1,-613726.2055410439,-594418.9564875512,-19307.706622328184,10.55178801701253,
8029,4pcs,29,0,8,0.31640625,1,-613726.2010078683,-594418.9564875512,-19307.70208163552,10.551614669718976,
8030,4pcs,30,0,8,0.31640625,1,-613726.2094046592,-594418.9564875512,-19307.71283787455,10.606024835124579,
8031,4pcs,31,0,8,0.31640625,1,-613726.2106812549,-594418.9564875512,-19307.707479125278,10.453010146514629,
8032,4pcs,32,0,8,0.31640625,1,-613726.1908050255,-594418.9564875512,-19307.69647476323,10.657600266640154,
8033,4pcs,33,0,8,0.31640625,1,-613726.2135150655,-594418.9564875512,-19307.70778991161,10.394827823862038,
8034,4pcs,34,0,8,0.31640625,1,-613726.1871829825,-594418.9564875512,-19307.701045968883,10.846541070533084,
8035,4pcs,35,0,8,0.31640625,1,-613726.2417841535,-594418.9564875512,-19307.707068209955,9.726284332125505,
8036,4pcs,36,0,8,0.31640625,1,-613726.210082669,-594418.9564875512,-19307.701788295897,10.335580220201692,
8037,4pcs,37,0,8,0.31640625,1,-613726.2068687079,-594418.9564875512,-19307.691665842893,10.176266613194544,
8038,4pcs,38,0,8,0.31640625,1,-613726.2326753488,-594418.9564875512,-19307.710828916,10.023062301309631,
8039,4pcs,39,0,8,0.31640625,1,-613726.2034923742,-594418.9564875512,-19307.69565862998,10.346202576499953,
8040,4pcs,40,0,8,0.31640625,1,-613726.2109310693,-594418.9564875512,-19307.685876250343,9.949075157157573,
8041,4pcs,41,0,8,0.31640625,1,-613726.2083404057,-594418.9564875512,-19307.699678732337,10.32711007554891,
8042,4pcs,42,0,8,0.31640625,1,-613726.2074345876,-594418.9564875512,-19307.702360751326,10.409847563720707,
8043,4pcs,43,0,8,0.31640625,1,-613726.2282621696,-594418.9564875512,-19307.70349160301,9.95563017240529,
8044,4pcs,44,0,8,0.31640625,1,-613726.2567821593,-594418.9564875512,-19307.70307621669,9.28836454995209,
8045,4pcs,45,0,8,0.31640625,1,-613726.2255541641,-594418.9564875512,-19307.698721333538,9.908073235119932,
8046,4pcs,46,0,8,0.31640625,1,-613726.212495722,-594418.9564875512,-19307.701946608584,10.283584674537584,
8047,4pcs,47,0,8,0.31640625,1,-613726.2229771407,-594418.9564875512,-19307.707327776574,10.165970099263838,
8048,4pcs,48,0,8,0.31640625,1,-613726.2190501291,-594418.9564875512,-19307.710297165042,10.325004863466521,
8049,4pcs,49,0,8,0.31640625,1,-613726.2071723037,-594418.9564875512,-19307.701386203575,10.393422370337754,
8050,4pcs,50,0,8,0.31640625,1,-613726.188611197,-594418.9564875512,-19307.689587111556,10.549358131958046,
8051,4pcs,51,0,8,0.31640625,1,-613726.284735391,-594418.9564875512,-19307.70634529943,8.71913455201889,
8052,4pcs,52,0,8,0.31640625,1,-613726.2603249387,-594418.9564875512,-19307.701950878887,9.18071521076321,
8053,4pcs,53,0,8,0.31640625,1,-613726.2227842961,-594418.9564875512,-19307.697491971838,9.943598154470525,
8054,4pcs,54,0,8,0.31640625,1,-613726.2709554477,-594418.9564875512,-19307.70462969099,8.997344724110228,
8055,4pcs,55,0,8,0.31640625,1,-613726.2278088259,-594418.9564875512,-19307.696674804443,9.808885417812897,
8056,4pcs,56,0,8,0.31640625,1,-613726.2428729401,-594418.9564875512,-19307.700580666897,9.551570018803291,
8057,4pcs,57,0,8,0.31640625,1,-613726.262586489,-594418.9564875512,-19307.695730266125,8.985111884170918,
8058,4pcs,58,0,8,0.31640625,1,-613726.2437035757,-594418.9564875512,-19307.700562062957,9.531986091050788,
8059,4pcs,59,0,8,0.31640625,1,-613726.2256101293,-594418.9564875512,-19307.693098136784,9.777108650341859,
8060,4pcs,60,0,8,0.31640625,1,-613726.2506456822,-594418.9564875512,-19307.694576604907,9.233869369773453,
8061,4pcs,61,0,8,0.31640625,1,-613726.2674053978,-594418.9564875512,-19307.70630624781,9.117873137142679,
8062,4pcs,62,0,8,0.31640625,1,-613726.2169101717,-594418.9564875512,-19307.700442651716,10.147102977286409,
8063,4pcs,63,0,8,0.31640625,1,-613726.2478657315,-594418.9564875512,-19307.69860415039,9.390853962004913,
8064,4pcs,64,0,8,0.31640625,1,-613726.2265913386,-594418.9564875512,-19307.696770591087,9.83917023366062,
8065,4pcs,65,0,8,0.31640625,1,-613726.1822888068,-594418.9564875512,-19307.69369012388,10.789773627458695,
8066,4pcs,66,0,8,0.31640625,1,-613726.2616248789,-594418.9564875512,-19307.68823634696,8.834473258893718,
8067,4pcs,67,0,8,0.31640625,1,-613726.2666069672,-594418.9564875512,-19307.690477647142,8.771269182419472,
8068,4pcs,68,0,8,0.31640625,1,-613726.230745165,-594418.9564875512,-19307.70212861343,9.866939652022896,
8069,4pcs,69,0,8,0.31640625,1,-613726.2330228526,-594418.9564875512,-19307.695636250013,9.664697472439647,
8070,4pcs,70,0,8,0.31640625,1,-613726.2516498143,-594418.9564875512,-19307.703290908354,9.411670145067399,
8071,4pcs,71,0,8,0.31640625,1,-613726.2468753281,-594418.9564875512,-19307.69759385576,9.390395258141801,
8072,4pcs,72,0,8,0.31640625,1,-613726.243967167,-594418.9564875512,-19307.69651698169,9.432625741310526,
8073,4pcs,73,0,8,0.31640625,1,-613726.2158801999,-594418.9564875512,-19307.693903572726,10.020059946380188,
8074,4pcs,74,0,8,0.31640625,1,-613726.2369188932,-594418.9564875512,-19307.69444875501,9.547468356302232,
8075,4pcs,75,0,8,0.31640625,1,-613726.293756025,-594418.9564875512,-19307.69280693839,8.198911768001972,
8076,4pcs,76,0,8,0.31640625,1,-613726.213535507,-594418.9564875512,-19307.692835363272,10.049496354874133,
8077,4pcs,77,0,8,0.31640625,1,-613726.2376274246,-594418.9564875512,-19307.695925487296,9.565183487928325,
8078,4pcs,78,0,8,0.31640625,1,-613726.2668141657,-594418.9564875512,-19307.693174525888,8.828682571642442,
8079,4pcs,79,0,8,0.31640625,1,-613726.2328006623,-594418.9564875512,-19307.70184179237,9.812924508386628,
8080,4pcs,80,0,8,0.31640625,1,-613726.2903088598,-594418.9564875512,-19307.700990965346,8.467133432124362,
8081,4pcs,81,0,8,0.31640625,1,-613730.6001461296,-594418.9564875512,-19308.126475615394,-81.10816594733868,
8082,4pcs,82,0,8,0.31640625,1,-613729.7320907813,-594418.9564875512,-19308.045623963153,-62.95481746228899,
8083,4pcs,83,0,8,0.31640625,1,-613720.2519162496,-594418.9564875512,-19307.88689756753,152.00288313018996,
8084,4pcs,84,0,8,0.31640625,1,-613730.4512304639,-594418.9564875512,-19308.209552884342,-75.75828178176093,
8085,4pcs,85,0,8,0.31640625,1,-613727.5822056842,-594418.9564875512,-19307.46537784781,-26.758082645089946,
8086,4pcs,86,0,8,0.31640625,1,-613722.4160586946,-594418.9564875512,-19307.640225205476,96.4081729622465,
8087,4pcs,87,0,8,0.31640625,1,-613713.1672673638,-594418.9564875512,-19308.096833192416,320.21999814524537,
8088,4pcs,88,0,8,0.31640625,1,-613702.5127897747,-594418.9564875512,-19307.840377215136,560.0040728676287,
8089,4pcs,89,0,8,0.31640625,1,-613714.8194028242,-594418.9564875512,-19307.750029040762,274.12335561085905,
8090,4pcs,90,0,8,0.31640625,1,-613718.0281897973,-594418.9564875512,-19307.898194748093,203.54375251908257,
8091,4pcs,91,0,8,0.31640625,1,-613715.2696577676,-594418.9564875512,-19307.925583508124,267.7886121428196,
8092,4pcs,92,0,8,0.31640625,1,-613726.9680567262,-594418.9564875512,-19308.07430176035,1.4466477864119964,
8093,4pcs,93,0,8,0.31640625,1,-613723.3834644916,-594418.9564875512,-19307.852306105753,78.98996705412043,
8094,4pcs,94,0,8,0.31640625,1,-613726.0351591179,-594418.9564875512,-19307.547900628902,10.82067923298095,
8095,4pcs,95,0,8,0.31640625,1,-613728.9203382228,-594418.9564875512,-19307.432607035396,-58.371864942283686,
8096,4pcs,96,0,8,0.31640625,1,-613733.2559060962,-594418.9564875512,-19307.860775969137,-148.4786250844666,
8097,4pcs,97,0,8,0.31640625,1,-613730.5390530513,-594418.9564875512,-19307.942482660554,-83.94230442766052,
8098,4pcs,98,0,8,0.31640625,1,-613730.7570944681,-594418.9564875512,-19307.93884465317,-89.05435339302167,
8099,4pcs,99,0,8,0.31640625,1,-613729.021996353,-594418.9564875512,-19307.960139880775,-48.55096070529343,
8100,4pcs,100,0,8,0.31640625,1,-613726.4589416527,-594418.9564875512,-19307.729380754,5.233052925024525,
9001,2wvt,1,0,9,0.31640625,1,-613648.3312634584,-594418.9564875512,-19229.807321081298,9.974728677550578,
9002,2wvt,2,0,9,0.31640625,1,-613643.544956194,-594418.9564875512,-19229.469580566532,112.56111498409048,
9003,2wvt,3,0,9,0.31640625,1,-613647.3158243713,-594418.9564875512,-19229.01535149404,15.128057766385849,
9004,2wvt,4,0,9,0.31640625,1,-613645.0822074376,-594418.9564875512,-19229.214889501687,71.2379436704647,
9005,2wvt,5,0,9,0.31640625,1,-613646.9821896199,-594418.9564875512,-19229.806220323077,41.05972636837335,
9006,2wvt,6,0,9,0.31640625,1,-613641.9692538468,-594418.9564875512,-19229.804894527362,156.63019796074943,
9007,2wvt,7,0,9,0.31640625,1,-613647.5137849038,-594418.9564875512,-19229.593647069338,23.89879221242498,
9008,2wvt,8,0,9,0.31640625,1,-613642.9830209971,-594418.9564875512,-19228.824481781234,110.64331707521632,
9009,2wvt,9,0,9,0.31640625,1,-613642.0014042638,-594418.9564875512,-19229.017693968548,137.7355155932851,
9010,2wvt,10,0,9,0.31640625,1,-613626.4183084529,-594418.9564875512,-19229.80659126673,515.2826457664886,
9011,2wvt,11,0,9,0.31640625,1,-613648.9840198825,-594418.9564875512,-19229.269390783513,-17.48315942503983,
9012,2wvt,12,0,9,0.31640625,1,-613644.0467989555,-594418.9564875512,-19229.265503642317,96.28222030640511,
9013,2wvt,13,0,9,0.31640625,1,-613637.6939025113,-594418.9564875512,-19229.402946555903,245.95300150513182,
9014,2wvt,14,0,9,0.31640625,1,-613641.4853718047,-594418.9564875512,-19229.403748672874,158.53813977280836,
9015,2wvt,15,0,9,0.31640625,1,-613648.0725211636,-594418.9564875512,-19229.268611648273,3.51853309411793,
9016,2wvt,16,0,9,0.31640625,1,-613638.5973230348,-594418.9564875512,-19229.40333651769,225.1286220440819,
9017,2wvt,17,0,9,0.31640625,1,-613645.5628570331,-594418.9564875512,-19229.26612431734,61.33540360064181,
9018,2wvt,18,0,9,0.31640625,1,-613644.3148136836,-594418.9564875512,-19229.039132332404,84.88140743021327,
9019,2wvt,19,0,9,0.31640625,1,-613649.567968738,-594418.9564875512,-19229.47260586589,-26.263088811383042,
9020,2wvt,20,0,9,0.31640625,1,-613634.5912939493,-594418.9564875512,-19229.267639763122,314.3806058816552,
9021,2wvt,21,0,9,0.31640625,1,-613638.5923900943,-594418.9564875512,-19229.804610266092,234.4959708219498,
9022,2wvt,22,0,9,0.31640625,1,-613650.0715860513,-594418.9564875512,-19229.807150981054,-30.161986321560622,
9023,2wvt,23,0,9,0.31640625,1,-613648.0930338561,-594418.9564875512,-19229.804885340902,15.412264306441527,
9024,2wvt,24,0,9,0.31640625,1,-613648.2013193833,-594418.9564875512,-19229.40364082309,3.6622223320515443,
9025,2wvt,25,0,9,0.31640625,1,-613647.7263876318,-594418.9564875512,-19229.038049733867,6.183677904189936,
9026,2wvt,26,0,9,0.31640625,1,-613630.8249247335,-594418.9564875512,-19229.804123341444,413.6067485485009,
9027,2wvt,27,0,9,0.31640625,1,-613648.2045563268,-594418.9564875512,-19229.405038492485,3.6198076634351666,
9028,2wvt,28,0,9,0.31640625,1,-613646.7925223269,-594418.9564875512,-19229.018078656,27.258579439311372,
9029,2wvt,29,0,9,0.31640625,1,-613647.8209288277,-594418.9564875512,-19229.014111307923,3.4514729177862247,
9030,2wvt,30,0,9,0.31640625,1,-613647.7466393437,-594418.9564875512,-19229.038341034,5.723379875533418,
9031,2wvt,31,0,9,0.31640625,1,-613648.1199758032,-594418.9564875512,-19229.267462675292,2.397707162139352,
9032,2wvt,32,0,9,0.31640625,1,-613632.4114272953,-594418.9564875512,-19229.262980700376,364.5420845809077,
9033,2wvt,33,0,9,0.31640625,1,-613648.2618127229,-594418.9564875512,-19229.471925933994,3.841904848031133,
9034,2wvt,34,0,9,0.31640625,1,-613646.82021137,-594418.9564875512,-19229.59178293089,39.84998980858859,
9035,2wvt,35,0,9,0.31640625,1,-613648.0013777341,-594418.9564875512,-19229.21238445951,3.8625097769808914,
9036,2wvt,36,0,9,0.31640625,1,-613647.5605113473,-594418.9564875512,-19228.824010902525,5.073023191194699,
9037,2wvt,37,0,9,0.31640625,1,-613648.0913420896,-594418.9564875512,-19229.268320348056,3.077794688093988,
9038,2wvt,38,0,9,0.31640625,1,-613626.5257730017,-594418.9564875512,-19229.266184305914,500.34237383130426,
9039,2wvt,39,0,9,0.31640625,1,-613648.1757761342,-594418.9564875512,-19229.40398133604,4.259116064746246,
9040,2wvt,40,0,9,0.31640625,1,-613649.3085665605,-594418.9564875512,-19229.80387345941,-12.641920304010226,
9041,2wvt,41,0,9,0.31640625,1,-613648.4696510459,-594418.9564875512,-19229.593677152938,1.8566890680851604,
9042,2wvt,42,0,9,0.31640625,1,-613647.7107571344,-594418.9564875512,-19229.03607071014,6.498488367635674,
9043,2wvt,43,0,9,0.31640625,1,-613631.424427758,-594418.9564875512,-19228.82152453274,377.1226135514415,
9044,2wvt,44,0,9,0.31640625,1,-613648.6998344603,-594418.9564875512,-19229.8043826032,1.4075165440840114,
9045,2wvt,45,0,9,0.31640625,1,-613648.4619038408,-594418.9564875512,-19229.594917606,2.06394938877203,
9046,2wvt,46,0,9,0.31640625,1,-613648.108131646,-594418.9564875512,-19229.264089104763,2.593043532166326,
9047,2wvt,47,0,9,0.31640625,1,-613648.6931500388,-594418.9564875512,-19229.80609721004,1.601202737552095,
9048,2wvt,48,0,9,0.31640625,1,-613648.0987709826,-594418.9564875512,-19229.265397274008,2.839072656750938,
9049,2wvt,49,0,9,0.31640625,1,-613648.1926966398,-594418.9564875512,-19229.402221592623,3.8283392898073676,
9050,2wvt,50,0,9,0.31640625,1,-613648.1353850072,-594418.9564875512,-19229.262465819545,1.927132243902255,
9051,2wvt,51,0,9,0.31640625,1,-613648.6952727427,-594418.9564875512,-19229.805132879566,1.5300140355101324,
9052,2wvt,52,0,9,0.31640625,1,-613648.2610294255,-594418.9564875512,-19229.472864692114,3.8816163905443264,
9053,2wvt,53,0,9,0.31640625,1,-613647.5830232841,-594418.9564875512,-19228.8223839741,4.516367734178194,
9054,2wvt,54,0,9,0.31640625,1,-613648.2805692411,-594418.9564875512,-19229.470530764178,3.3771958813471605,
9055,2wvt,55,0,9,0.31640625,1,-613648.2148230214,-594418.9564875512,-19229.405253244204,3.3880043540763065,
9056,2wvt,56,0,9,0.31640625,1,-613648.1064077036,-594418.9564875512,-19229.266073482002,2.678559413343862,
9057,2wvt,57,0,9,0.31640625,1,-613647.8103558338,-594418.9564875512,-19229.014620732265,3.7070395536308487,
9058,2wvt,58,0,9,0.31640625,1,-613648.101261236,-594418.9564875512,-19229.265784274194,2.790570484926155,
9059,2wvt,59,0,9,0.31640625,1,-613647.8356510955,-594418.9564875512,-19229.017271957062,3.1848556588646364,
9060,2wvt,60,0,9,0.31640625,1,-613648.4944841703,-594418.9564875512,-19229.593316947678,1.2757170825933701,
9061,2wvt,61,0,9,0.31640625,1,-613648.0070002612,-594418.9564875512,-19229.215357692825,3.8014156109765302,
9062,2wvt,62,0,9,0.31640625,1,-613647.852237071,-594418.9564875512,-19229.015182181392,2.754182604915343,
9063,2wvt,63,0,9,0.31640625,1,-613647.5459135923,-594418.9564875512,-19228.81973899154,5.311142809293303,
9064,2wvt,64,0,9,0.31640625,1,-613648.0214718973,-594418.9564875512,-19229.210083208884,3.3460592667394295,
9065,2wvt,65,0,9,0.31640625,1,-613648.2071532715,-594418.9564875512,-19229.403396225356,3.522049116594411,
9066,2wvt,66,0,9,0.31640625,1,-613648.7082397636,-594418.9564875512,-19229.80466964263,1.2203049306845075,
9067,2wvt,67,0,9,0.31640625,1,-613648.6827553635,-594418.9564875512,-19229.805759433166,1.833120324926567,
9068,2wvt,68,0,9,0.31640625,1,-613648.4577450266,-594418.9564875512,-19229.593391016137,2.1246499241337884,
9069,2wvt,69,0,9,0.31640625,1,-613648.1043483976,-594418.9564875512,-19229.26712995816,2.7504110572405907,
9070,2wvt,70,0,9,0.31640625,1,-613648.2559279631,-594418.9564875512,-19229.469491342094,3.9214676105035817,
9071,2wvt,71,0,9,0.31640625,1,-613648.1869885145,-594418.9564875512,-19229.40310261244,3.980288585998619,
9072,2wvt,72,0,9,0.31640625,1,-613647.7315536536,-594418.9564875512,-19229.035230295398,5.999528816690992,
9073,2wvt,73,0,9,0.31640625,1,-613648.4545132519,-594418.9564875512,-19229.59311698988,2.192857222796102,
9074,2wvt,74,0,9,0.31640625,1,-613648.0979083923,-594418.9564875512,-19229.26831892564,2.9263393481017936,
9075,2wvt,75,0,9,0.31640625,1,-613648.2817746866,-594418.9564875512,-19229.470402092455,3.3464304073041284,
9076,2wvt,76,0,9,0.31640625,1,-613648.1277478068,-594418.9564875512,-19229.268209758604,2.2357086506750727,
9077,2wvt,77,0,9,0.31640625,1,-613642.2285319563,-594418.9564875512,-19229.471932361157,142.97281275494132,
9078,2wvt,78,0,9,0.31640625,1,-613648.2776496976,-594418.9564875512,-19229.470149927958,3.4357398628050575,
9079,2wvt,79,0,9,0.31640625,1,-613647.5405629127,-594418.9564875512,-19228.82366467467,5.525060816286764,
9080,2wvt,80,0,9,0.31640625,1,-613638.7299206925,-594418.9564875512,-19229.018177193197,213.18886239073206,
9081,2wvt,81,0,9,0.31640625,1,-613633.5287835186,-594418.9564875512,-19229.805261664485,351.28053406043847,
9082,2wvt,82,0,9,0.31640625,1,-613648.6893165789,-594418.9564875512,-19229.805077952893,1.6660997952913192,
9083,2wvt,83,0,9,0.31640625,1,-613648.1912903247,-594418.9564875512,-19229.402724113475,3.8723580933187742,
9084,2wvt,84,0,9,0.31640625,1,-613632.4521835039,-594418.9564875512,-19229.263205012525,363.60739684437885,
9085,2wvt,85,0,9,0.31640625,1,-613647.9882444734,-594418.9564875512,-19229.20944102945,4.097492855397835,
9086,2wvt,86,0,9,0.31640625,1,-613641.6741609765,-594418.9564875512,-19229.436813378117,154.9470482618763,
9087,2wvt,87,0,9,0.31640625,1,-613647.4701248148,-594418.9564875512,-19229.525587619188,23.3361295781495,
9088,2wvt,88,0,9,0.31640625,1,-613650.887154143,-594418.9564875512,-19229.68640420478,-51.75392011897456,
9089,2wvt,89,0,9,0.31640625,1,-613650.8446638017,-594418.9564875512,-19229.202694119205,-61.928689137094814,
9090,2wvt,90,0,9,0.31640625,1,-613636.876372146,-594418.9564875512,-19229.005194593843,255.6333214515683,
9091,2wvt,91,0,9,0.31640625,1,-613651.1187648493,-594418.9564875512,-19229.95521889002,-50.89597598330847,
9092,2wvt,92,0,9,0.31640625,1,-613646.0572951013,-594418.9564875512,-19229.65465327536,58.89308149867955,
9093,2wvt,93,0,9,0.31640625,1,-613651.6106257574,-594418.9564875512,-19229.45579145628,-73.75562820441529,
9094,2wvt,94,0,9,0.31640625,1,-613644.1851162771,-594418.9564875512,-19229.210161690695,91.81633137473162,
9095,2wvt,95,0,9,0.31640625,1,-613651.2357425119,-594418.9564875512,-19229.762591160983,-58.0356459272177,
9096,2wvt,96,0,9,0.31640625,1,-613632.7858103901,-594418.9564875512,-19229.49580847251,361.2777412910686,
9097,2wvt,97,0,9,0.31640625,1,-613648.7020269873,-594418.9564875512,-19229.32584522084,-9.67837852564226,
9098,2wvt,98,0,9,0.31640625,1,-613651.3020251427,-594418.9564875512,-19229.592116844393,-63.49539083631551,
9099,2wvt,99,0,9,0.31640625,1,-613640.8193266973,-594418.9564875512,-19229.259139903377,170.56274738395197,
9100,2wvt,100,0,9,0.31640625,1,-613651.9591718911,-594418.9564875512,-19229.669504086753,-76.86496265534166,
10001,2xii,1,0,10,0.31640625,1,-629756.9427955188,-594418.9564875512,-35344.04301012609,139.67086982243222,
10002,2xii,2,0,10,0.31640625,1,-629752.4126902771,-594418.9564875512,-35343.95864650554,242.1921071192387,
10003,2xii,3,0,10,0.31640625,1,-629763.2519731167,-594418.9564875512,-35344.6907864289,9.115854469384798,
10004,2xii,4,0,10,0.31640625,1,-629763.4708084618,-594418.9564875512,-35344.972112830525,10.556932466836006,
10005,2xii,5,0,10,0.31640625,1,-629763.4998509684,-594418.9564875512,-35344.95387489965,9.466619677202981,
10006,2xii,6,0,10,0.31640625,1,-629762.5332418375,-594418.9564875512,-35344.16478596332,13.56033261383648,
10007,2xii,7,0,10,0.31640625,1,-629762.0011449605,-594418.9564875512,-35343.57102173201,12.138249639973838,
10008,2xii,8,0,10,0.31640625,1,-629763.665651457,-594418.9564875512,-35345.04026052212,7.635269356676427,
10009,2xii,9,0,10,0.31640625,1,-629762.6071510295,-594418.9564875512,-35344.116901214176,10.751697608616029,
10010,2xii,10,0,10,0.31640625,1,-629763.2367381428,-594418.9564875512,-35344.68531498322,9.341006777932737,
10011,2xii,11,0,10,0.31640625,1,-629763.5005526639,-594418.9564875512,-35344.97262079007,9.882728695702246,
10012,2xii,12,0,10,0.31640625,1,-629762.8565042554,-594418.9564875512,-35344.42051611271,12.003001505181697,
10013,2xii,13,0,10,0.31640625,1,-629763.5209922947,-594418.9564875512,-35344.78544081643,5.094906878701904,
10014,2xii,14,0,10,0.31640625,1,-629761.7364759528,-594418.9564875512,-35343.37240556511,13.661464335529333,
10015,2xii,15,0,10,0.31640625,1,-629760.0012352125,-594418.9564875512,-35341.95092025117,20.896836350696933,
10016,2xii,16,0,10,0.31640625,1,-629762.5714189616,-594418.9564875512,-35344.17041170529,12.809679908941693,
10017,2xii,17,0,10,0.31640625,1,-629760.4193859873,-594418.9564875512,-35342.25079675646,18.169366901885713,
10018,2xii,18,0,10,0.31640625,1,-629759.7271899845,-594418.9564875512,-35341.43855162641,15.400968261159157,
10019,2xii,19,0,10,0.31640625,1,-629763.0229138434,-594418.9564875512,-35344.5433273086,10.997598699708476,
10020,2xii,20,0,10,0.31640625,1,-629763.5611400043,-594418.9564875512,-35344.78461176012,4.149960207204603,
10021,2xii,21,0,10,0.31640625,1,-629763.6353934917,-594418.9564875512,-35345.042343023815,8.381058243251578,
10022,2xii,22,0,10,0.31640625,1,-629762.5302704418,-594418.9564875512,-35344.13852256913,13.023206369214153,
10023,2xii,23,0,10,0.31640625,1,-629761.8933837198,-594418.9564875512,-35343.51061577349,13.230288389350656,
10024,2xii,24,0,10,0.31640625,1,-629763.9463499635,-594418.9564875512,-35345.321399115084,7.645417991453039,
10025,2xii,25,0,10,0.31640625,1,-629763.9666117536,-594418.9564875512,-35345.31740488882,7.086060967667118,
10026,2xii,26,0,10,0.31640625,1,-629759.8380760786,-594418.9564875512,-35341.73248590335,19.622159638110478,
10027,2xii,27,0,10,0.31640625,1,-629762.4993346825,-594418.9564875512,-35344.12339866558,13.387836425240927,
10028,2xii,28,0,10,0.31640625,1,-629761.9724912128,-594418.9564875512,-35343.497547523104,11.104665251764805,
10029,2xii,29,0,10,0.31640625,1,-629763.4755854433,-594418.9564875512,-35344.88189288061,8.366251185126163,
10030,2xii,30,0,10,0.31640625,1,-629763.5341466408,-594418.9564875512,-35344.974545314755,9.152413778877255,
10031,2xii,31,0,10,0.31640625,1,-629763.2104766337,-594418.9564875512,-35344.68930960183,10.038729657054873,
10032,2xii,32,0,10,0.31640625,1,-629761.9164045065,-594418.9564875512,-35343.50473114286,12.563713630365404,
10033,2xii,33,0,10,0.31640625,1,-629763.9535030316,-594418.9564875512,-35345.31540153849,7.342156920856982,
10034,2xii,34,0,10,0.31640625,1,-629762.3429892621,-594418.9564875512,-35343.89025117868,11.616738697268731,
10035,2xii,35,0,10,0.31640625,1,-629760.4296510689,-594418.9564875512,-35342.2503301523,17.9218883505981,
10036,2xii,36,0,10,0.31640625,1,-629760.4344603971,-594418.9564875512,-35342.25360988134,17.88661495513174,
10037,2xii,37,0,10,0.31640625,1,-629762.0029490453,-594418.9564875512,-35343.508644246656,10.658187472793896,
10038,2xii,38,0,10,0.31640625,1,-629763.5015753751,-594418.9564875512,-35344.97375368427,9.88526957701529,
10039,2xii,39,0,10,0.31640625,1,-629763.4958694306,-594418.9564875512,-35344.78589716816,5.684777607928458,
10040,2xii,40,0,10,0.31640625,1,-629761.751141258,-594418.9564875512,-35343.372225035426,13.31911124857033,
10041,2xii,41,0,10,0.31640625,1,-629761.8999454993,-594418.9564875512,-35343.506731358255,12.989393417885905,
10042,2xii,42,0,10,0.31640625,1,-629763.2205143018,-594418.9564875512,-35344.683596211304,9.675501617340144,
10043,2xii,43,0,10,0.31640625,1,-629763.524009929,-594418.9564875512,-35344.79035679323,5.138683694787222,
10044,2xii,44,0,10,0.31640625,1,-629763.5588754157,-594418.9564875512,-35344.7896966957,4.319444261120597,
10045,2xii,45,0,10,0.31640625,1,-629763.0425263287,-594418.9564875512,-35344.54252560317,10.526836277605089,
10046,2xii,46,0,10,0.31640625,1,-629763.4993219071,-594418.9564875512,-35344.79059421165,5.71347800526276,
10047,2xii,47,0,10,0.31640625,1,-629762.9273708625,-594418.9564875512,-35344.42272721261,10.41976789951665,
10048,2xii,48,0,10,0.31640625,1,-629762.3198645285,-594418.9564875512,-35343.89036950632,12.152736422503754,
10049,2xii,49,0,10,0.31640625,1,-629763.579791828,-594418.9564875512,-35344.97389137503,8.084730549289844,
10050,2xii,50,0,10,0.31640625,1,-629761.9486927574,-594418.9564875512,-35343.506311245415,11.855566907605352,
10051,2xii,51,0,10,0.31640625,1,-629762.6156389186,-594418.9564875512,-35344.16899526309,11.757279543258523,
10052,2xii,52,0,10,0.31640625,1,-629763.5652342774,-594418.9564875512,-35344.974065774375,8.424457384285338,
10053,2xii,53,0,10,0.31640625,1,-629760.022517057,-594418.9564875512,-35341.94946776185,20.37257015893215,
10054,2xii,54,0,10,0.31640625,1,-629762.3944387988,-594418.9564875512,-35344.01632960053,13.337721672849957,
10055,2xii,55,0,10,0.31640625,1,-629763.2305376676,-594418.9564875512,-35344.65459775356,8.775636987967824,
10056,2xii,56,0,10,0.31640625,1,-629759.8775120263,-594418.9564875512,-35341.7331223152,18.727421084061106,
10057,2xii,57,0,10,0.31640625,1,-629762.6380317905,-594418.9564875512,-35344.12193364342,10.15562091824155,
10058,2xii,58,0,10,0.31640625,1,-629763.5166696953,-594418.9564875512,-35344.96895960826,9.426632265500507,
10059,2xii,59,0,10,0.31640625,1,-629761.9292051417,-594418.9564875512,-35343.53584756963,12.986085818190826,
10060,2xii,60,0,10,0.31640625,1,-629763.2560763897,-594418.9564875512,-35344.68337046349,8.850214520197078,
10061,2xii,61,0,10,0.31640625,1,-629763.1939675707,-594418.9564875512,-35344.65363456878,9.596751889665736,
10062,2xii,62,0,10,0.31640625,1,-629763.5602231614,-594418.9564875512,-35344.78546386077,4.19075301567942,
10063,2xii,63,0,10,0.31640625,1,-629762.855580447,-594418.9564875512,-35344.332965035326,10.005329226061486,
10064,2xii,64,0,10,0.31640625,1,-629763.5341415498,-594418.9564875512,-35344.79216584415,4.946760673912722,
10065,2xii,65,0,10,0.31640625,1,-629762.8432124612,-594418.9564875512,-35344.39788697458,11.787677239367518,
10066,2xii,66,0,10,0.31640625,1,-629762.470746036,-594418.9564875512,-35344.10737437855,13.677577436484295,
10067,2xii,67,0,10,0.31640625,1,-629763.5695332317,-594418.9564875512,-35344.785670816666,3.9808302103942266,
10068,2xii,68,0,10,0.31640625,1,-629761.9582097203,-594418.9564875512,-35343.57398277397,13.1966430499174,
10069,2xii,69,0,10,0.31640625,1,-629762.7690454398,-594418.9564875512,-35344.343415541785,12.241868303303338,
10070,2xii,70,0,10,0.31640625,1,-629762.7989198077,-594418.9564875512,-35344.3938003644,12.71485062591312,
10071,2xii,71,0,10,0.31640625,1,-629762.374169567,-594418.9564875512,-35344.017148675026,13.824029567879215,
10072,2xii,72,0,10,0.31640625,1,-629761.9896738611,-594418.9564875512,-35343.49978233459,10.759959946016103,
10073,2xii,73,0,10,0.31640625,1,-629762.0324632146,-594418.9564875512,-35343.59241099922,11.90928176359191,
10074,2xii,74,0,10,0.31640625,1,-629762.6179516745,-594418.9564875512,-35344.17172152838,11.766815296020923,
10075,2xii,75,0,10,0.31640625,1,-629763.1398907849,-594418.9564875512,-35344.54557912688,8.351974509042005,
10076,2xii,76,0,10,0.31640625,1,-629762.8319186461,-594418.9564875512,-35344.38787616864,11.817264133595433,
10077,2xii,77,0,10,0.31640625,1,-629762.7751862309,-594418.9564875512,-35344.340830194065,12.040638761378203,
10078,2xii,78,0,10,0.31640625,1,-629763.8350067011,-594418.9564875512,-35345.229258362335,8.088238385662535,
10079,2xii,79,0,10,0.31640625,1,-629760.096614988,-594418.9564875512,-35341.94561584189,18.575003891680907,
10080,2xii,80,0,10,0.31640625,1,-629763.663504264,-594418.9564875512,-35345.03789037771,7.630127976610413,
10081,2xii,81,0,10,0.31640625,1,-629759.8986438871,-594418.9564875512,-35341.730798404955,18.18651815419257,
10082,2xii,82,0,10,0.31640625,1,-629761.7912321112,-594418.9564875512,-35343.36852238269,12.309209012228111,
10083,2xii,83,0,10,0.31640625,1,-629762.7662904618,-594418.9564875512,-35344.15996496591,8.074928826217453,
10084,2xii,84,0,10,0.31640625,1,-629761.9582314742,-594418.9564875512,-35343.57432749632,13.20409088085467,
10085,2xii,85,0,10,0.31640625,1,-629764.0055455144,-594418.9564875512,-35345.32496019937,6.362456713976151,
10086,2xii,86,0,10,0.31640625,1,-629763.2569505798,-594418.9564875512,-35344.6854857067,8.87883388418956,
10087,2xii,87,0,10,0.31640625,1,-629763.5834231231,-594418.9564875512,-35344.79230744329,3.8135659501039463,
10088,2xii,88,0,10,0.31640625,1,-629763.5271017059,-594418.9564875512,-35344.970693086056,9.226039332933018,
10089,2xii,89,0,10,0.31640625,1,-629762.5395440268,-594418.9564875512,-35344.14204656396,12.89061766906181,
10090,2xii,90,0,10,0.31640625,1,-629761.8487377737,-594418.9564875512,-35343.54179489523,14.978855993559577,
10091,2xii,91,0,10,0.31640625,1,-629758.1062921139,-594418.9564875512,-35343.134894332645,91.89835324959459,
10092,2xii,92,0,10,0.31640625,1,-629758.6943734274,-594418.9564875512,-35343.63845248149,89.94920276765602,
10093,2xii,93,0,10,0.31640625,1,-629762.9857701547,-594418.9564875512,-35343.59145277776,-10.096595638898236,
10094,2xii,94,0,10,0.31640625,1,-629768.6913374492,-594418.9564875512,-35344.49112323878,-120.92320943623487,
10095,2xii,95,0,10,0.31640625,1,-629759.1611945952,-594418.9564875512,-35343.326295770836,71.98554614400912,
10096,2xii,96,0,10,0.31640625,1,-629738.496820474,-594418.9564875512,-35343.08209102879,542.8858388193338,
10097,2xii,97,0,10,0.31640625,1,-629756.8166500762,-594418.9564875512,-35342.58086982947,108.86209658975696,
10098,2xii,98,0,10,0.31640625,1,-629750.5230527488,-594418.9564875512,-35343.54241267933,276.1696036659318,
10099,2xii,99,0,10,0.31640625,1,-629746.33948382,-594418.9564875512,-35344.808013681744,401.8304475004969,
10100,2xii,100,0,10,0.31640625,1,-629747.8185230809,-594418.9564875512,-35344.071676182364,350.74264575756604,
11001,1ps3,1,0,11,0.296142578125,0,-618125.0261944712,-594418.9564875512,-23740.78028586916,800.4449660867081,
11002,1ps3,2,0,11,0.296142578125,0,-618160.4332446681,-594418.9564875512,-23741.072358816033,-9.325646358587399,
11003,1ps3,3,0,11,0.296142578125,0,-618159.8747905912,-594418.9564875512,-23741.07617634014,3.6406447896580687,
11004,1ps3,4,0,11,0.296142578125,0,-618142.8839810201,-594418.9564875512,-23741.106798343342,396.1641817548229,
11005,1ps3,5,0,11,0.296142578125,0,-618155.7671730306,-594418.9564875512,-23741.074404898365,98.32370559666104,
11006,1ps3,6,0,11,0.296142578125,0,-618156.7986504881,-594418.9564875512,-23741.072165793157,74.48563535915775,
11007,1ps3,7,0,11,0.296142578125,0,-618153.882381486,-594418.9564875512,-23741.11696265716,142.7694363948182,
11008,1ps3,8,0,11,0.296142578125,0,-618156.0198682928,-594418.9564875512,-23741.08731358752,92.79409585980689,
11009,1ps3,9,0,11,0.296142578125,0,-618145.661581746,-594418.9564875512,-23741.074322753455,331.3622824673833,
11010,1ps3,10,0,11,0.296142578125,0,-618144.7038324217,-594418.9564875512,-23741.08686198181,353.73766804467044,
11011,1ps3,11,0,11,0.296142578125,0,-618157.8058991174,-594418.9564875512,-23741.089395408577,51.65525453787401,
11012,1ps3,12,0,11,0.296142578125,0,-618150.1883889163,-594418.9564875512,-23741.071303278764,226.9019984547539,
11013,1ps3,13,0,11,0.296142578125,0,-618159.6312887399,-594418.9564875512,-23741.084450758823,9.446743507046893,
11014,1ps3,14,0,11,0.296142578125,0,-618159.6554309488,-594418.9564875512,-23741.072189096838,8.607250299566234,
11015,1ps3,15,0,11,0.296142578125,0,-618159.6727351665,-594418.9564875512,-23741.080913030502,8.409384249724296,
11016,1ps3,16,0,11,0.296142578125,0,-618159.6436810362,-594418.9564875512,-23741.092424793587,9.344855974674049,
11017,1ps3,17,0,11,0.296142578125,0,-618159.6293611639,-594418.9564875512,-23741.085552826356,9.516608744624381,
11018,1ps3,18,0,11,0.296142578125,0,-618159.6272112674,-594418.9564875512,-23741.08671982559,9.593098179200394,
11019,1ps3,19,0,11,0.296142578125,0,-618159.6335893311,-594418.9564875512,-23741.08464607067,9.39819461166957,
11020,1ps3,20,0,11,0.296142578125,0,-618159.6522644591,-594418.9564875512,-23741.09396163544,9.182357956178476,
11021,1ps3,21,0,11,0.296142578125,0,-618159.6347607964,-594418.9564875512,-23741.085255706283,9.385238509405655,
11022,1ps3,22,0,11,0.296142578125,0,-618159.6828661577,-594418.9564875512,-23741.119965172173,9.076321822816157,
11023,1ps3,23,0,11,0.296142578125,0,-618159.6362196123,-594418.9564875512,-23741.088051681996,9.4160741476796,
11024,1ps3,24,0,11,0.296142578125,0,-618159.6279171535,-594418.9564875512,-23741.08496838071,9.5364307790443,
11025,1ps3,25,0,11,0.296142578125,0,-618159.6601004157,-594418.9564875512,-23741.07575788323,8.581868004757654,
11026,1ps3,26,0,11,0.296142578125,0,-618159.6662395198,-594418.9564875512,-23741.074320796102,8.407156883677825,
11027,1ps3,27,0,11,0.296142578125,0,-618159.667987966,-594418.9564875512,-23741.078529551127,8.463892954336004,
11028,1ps3,28,0,11,0.296142578125,0,-618159.6782137427,-594418.9564875512,-23741.103047433582,8.793476742719857,
11029,1ps3,29,0,11,0.296142578125,0,-618159.6595863113,-594418.9564875512,-23741.093473634544,9.002258463929568,
11030,1ps3,30,0,11,0.296142578125,0,-618159.6631489241,-594418.9564875512,-23741.059892739817,8.145708831803244,
11031,1ps3,31,0,11,0.296142578125,0,-618159.6812477182,-594418.9564875512,-23741.111797295634,8.925288218219878,
11032,1ps3,32,0,11,0.296142578125,0,-618159.6557747105,-594418.9564875512,-23741.069389957418,8.534773279354,
11033,1ps3,33,0,11,0.296142578125,0,-618159.6580930941,-594418.9564875512,-23741.070375521467,8.504037728965416,
11034,1ps3,34,0,11,0.296142578125,0,-618159.6220210822,-594418.9564875512,-23741.08789751245,9.73994479636726,
11035,1ps3,35,0,11,0.296142578125,0,-618159.6492861889,-594418.9564875512,-23741.065981223135,8.605794861705803,
11036,1ps3,36,0,11,0.296142578125,0,-618159.6723756923,-594418.9564875512,-23741.112283396393,9.141091745146177,
11037,1ps3,37,0,11,0.296142578125,0,-618159.6584021053,-594418.9564875512,-23741.066199618963,8.400613161959669,
11038,1ps3,38,0,11,0.296142578125,0,-618159.6255266885,-594418.9564875512,-23741.07986714513,9.473918924446155,
11039,1ps3,39,0,11,0.296142578125,0,-618159.6818086206,-594418.9564875512,-23741.115416235785,8.99580824384745,
11040,1ps3,40,0,11,0.296142578125,0,-618159.6709156187,-594418.9564875512,-23741.11108304686,9.147081125177754,
11041,1ps3,41,0,11,0.296142578125,0,-618159.6597253804,-594418.9564875512,-23741.075307717707,8.580135461449139,
11042,1ps3,42,0,11,0.296142578125,0,-618159.6663968359,-594418.9564875512,-23741.073930803876,8.394535653856723,
11043,1ps3,43,0,11,0.296142578125,0,-618159.7009905416,-594418.9564875512,-23741.07713961726,7.6707828441566095,
11044,1ps3,44,0,11,0.296142578125,0,-618159.6898862284,-594418.9564875512,-23741.079000700895,7.969771997786305,
11045,1ps3,45,0,11,0.296142578125,0,-618159.6400800082,-594418.9564875512,-23741.095183007204,9.491503570196981,
11046,1ps3,46,0,11,0.296142578125,0,-618159.6835621824,-594418.9564875512,-23741.072245108033,7.959820292090966,
11047,1ps3,47,0,11,0.296142578125,0,-618159.6399775898,-594418.9564875512,-23741.097025824816,9.536361777329555,
11048,1ps3,48,0,11,0.296142578125,0,-618159.6770057168,-594418.9564875512,-23741.072998899956,8.12839883358041,
11049,1ps3,49,0,11,0.296142578125,0,-618159.6701141635,-594418.9564875512,-23741.11057299184,9.153800970989831,
11050,1ps3,50,0,11,0.296142578125,0,-618159.6697423592,-594418.9564875512,-23741.11479524742,9.2597425095801,
11051,1ps3,51,0,11,0.296142578125,0,-618159.6777344409,-594418.9564875512,-23741.123277208197,9.271039389605622,
11052,1ps3,52,0,11,0.296142578125,0,-618159.6779572368,-594418.9564875512,-23741.072075573484,8.085163848353304,
11053,1ps3,53,0,11,0.296142578125,0,-618159.6781349697,-594418.9564875512,-23741.076150454992,8.175034230196154,
11054,1ps3,54,0,11,0.296142578125,0,-618159.6361272645,-594418.9564875512,-23741.09282304362,9.5282339526225,
11055,1ps3,55,0,11,0.296142578125,0,-618159.6927135322,-594418.9564875512,-23741.075282240497,7.818823088663316,
11056,1ps3,56,0,11,0.296142578125,0,-618159.6307343324,-594418.9564875512,-23741.093545480842,9.669257719422964,
11057,1ps3,57,0,11,0.296142578125,0,-618159.7018054778,-594418.9564875512,-23741.07615677863,7.6293251707298095,
11058,1ps3,58,0,11,0.296142578125,0,-618159.6866665583,-594418.9564875512,-23741.07896565885,8.043211266532996,
11059,1ps3,59,0,11,0.296142578125,0,-618159.6688543288,-594418.9564875512,-23741.116266798814,9.314155758250063,
11060,1ps3,60,0,11,0.296142578125,0,-618159.6802311445,-594418.9564875512,-23741.11053236554,8.91956098210279,
11061,1ps3,61,0,11,0.296142578125,0,-618159.6794316494,-594418.9564875512,-23741.109239069345,8.908173659376391,
11062,1ps3,62,0,11,0.296142578125,0,-618159.6845242542,-594418.9564875512,-23741.111749916752,8.848636919899294,
11063,1ps3,63,0,11,0.296142578125,0,-618159.6896340403,-594418.9564875512,-23741.077677707006,7.945078628918722,
11064,1ps3,64,0,11,0.296142578125,0,-618159.639082302,-594418.9564875512,-23741.082611460304,9.224604463143894,
11065,1ps3,65,0,11,0.296142578125,0,-618159.7065796256,-594418.9564875512,-23741.078757563537,7.5792062327101535,
11066,1ps3,66,0,11,0.296142578125,0,-618159.6496395882,-594418.9564875512,-23741.083899980662,9.010861644912552,
11067,1ps3,67,0,11,0.296142578125,0,-618159.6982860267,-594418.9564875512,-23741.11378844793,8.578292551672702,
11068,1ps3,68,0,11,0.296142578125,0,-618159.6853581627,-594418.9564875512,-23741.116091133146,8.92951735992687,
11069,1ps3,69,0,11,0.296142578125,0,-618159.6542704747,-594418.9564875512,-23741.06864724242,8.552334365884535,
11070,1ps3,70,0,11,0.296142578125,0,-618159.654455927,-594418.9564875512,-23741.097983440297,9.224566528891453,
11071,1ps3,71,0,11,0.296142578125,0,-618159.6536943305,-594418.9564875512,-23741.066777509095,8.522503492004834,
11072,1ps3,72,0,11,0.296142578125,0,-618159.6497872155,-594418.9564875512,-23741.09656365265,9.299488491666256,
11073,1ps3,73,0,11,0.296142578125,0,-618159.6549688522,-594418.9564875512,-23741.109263313178,9.472858240649993,
11074,1ps3,74,0,11,0.296142578125,0,-618159.6652547924,-594418.9564875512,-23741.11008868273,9.254692297476728,
11075,1ps3,75,0,11,0.296142578125,0,-618159.6726123987,-594418.9564875512,-23741.070672095208,8.176053763252185,
11076,1ps3,76,0,11,0.296142578125,0,-618159.6493278751,-594418.9564875512,-23741.08566028343,9.058643465527044,
11077,1ps3,77,0,11,0.296142578125,0,-618159.6434620668,-594418.9564875512,-23741.093502394684,9.374755601103956,
11078,1ps3,78,0,11,0.296142578125,0,-618159.6765846581,-594418.9564875512,-23741.11147203016,9.025320137955045,
11079,1ps3,79,0,11,0.296142578125,0,-618159.7013718454,-594418.9564875512,-23741.08147407727,7.761944791194759,
11080,1ps3,80,0,11,0.296142578125,0,-618159.6852097256,-594418.9564875512,-23741.11797659493,8.976420182493655,
11081,1ps3,81,0,11,0.296142578125,0,-618159.6790772049,-594418.9564875512,-23741.070718743416,8.028047525007047,
11082,1ps3,82,0,11,0.296142578125,0,-618159.6747254623,-594418.9564875512,-23741.083927186904,8.432995035413947,
11083,1ps3,83,0,11,0.296142578125,0,-618159.6881332997,-594418.9564875512,-23741.111941173385,8.769820835681159,
11084,1ps3,84,0,11,0.296142578125,0,-618159.6736323272,-594418.9564875512,-23741.115887834745,9.195233377873937,
11085,1ps3,85,0,11,0.296142578125,0,-618163.093989234,-594418.9564875512,-23742.05380079677,-48.05128394554793,
11086,1ps3,86,0,11,0.296142578125,0,-618151.6022247387,-594418.9564875512,-23741.795053922324,210.98825618155166,
11087,1ps3,87,0,11,0.296142578125,0,-618162.3725545548,-594418.9564875512,-23741.873759100727,-35.56646516425455,
11088,1ps3,88,0,11,0.296142578125,0,-618145.3608386792,-594418.9564875512,-23741.912943518055,357.6366365956851,
11089,1ps3,89,0,11,0.296142578125,0,-618162.7733982503,-594418.9564875512,-23741.801324547796,-46.48052084948689,
11090,1ps3,90,0,11,0.296142578125,0,-618159.9808007386,-594418.9564875512,-23741.857409188164,19.211650174422243,
11091,1ps3,91,0,11,0.296142578125,0,-618158.5081194367,-594418.9564875512,-23741.683017552867,49.15092112862782,
11092,1ps3,92,0,11,0.296142578125,0,-618159.6284056106,-594418.9564875512,-23741.839433897847,26.92355483666326,
11093,1ps3,93,0,11,0.296142578125,0,-618162.6865179908,-594418.9564875512,-23741.729248962238,-46.13911695643446,
11094,1ps3,94,0,11,0.296142578125,0,-618161.711174735,-594418.9564875512,-23741.79980261676,-22.020161230267735,
11095,1ps3,95,0,11,0.296142578125,0,-618155.5221975932,-594418.9564875512,-23742.07635532421,127.07849910749937,
11096,1ps3,96,0,11,0.296142578125,0,-618157.4515870219,-594418.9564875512,-23742.0756960874,82.57051954112131,
11097,1ps3,97,0,11,0.296142578125,0,-618130.7009364944,-594418.9564875512,-23741.86718136633,694.6467118330188,
11098,1ps3,98,0,11,0.296142578125,0,-618164.0312848518,-594418.9564875512,-23741.89486541112,-73.33097143598924,
11099,1ps3,99,0,11,0.296142578125,0,-618135.4216112326,-594418.9564875512,-23740.961894839733,564.9089629935802,
11100,1ps3,100,0,11,0.296142578125,0,-618151.5605692819,-594418.9564875512,-23741.331631849782,201.26208696503733,
12001,3dx1,1,0,12,0.296142578125,1,-607420.3543701898,-594418.9564875512,-12998.738451917734,-61.327929341107094,
12002,3dx1,2,0,12,0.296142578125,1,-607419.7919308856,-594418.9564875512,-12999.367807377164,-33.84448919025648,
12003,3dx1,3,0,12,0.296142578125,1,-607419.173436274,-594418.9564875512,-12998.7400212849,-34.05875582491763,
12004,3dx1,4,0,12,0.296142578125,1,-607419.8365634925,-594418.9564875512,-12998.738582006523,-49.38402331255377,
12005,3dx1,5,0,12,0.296142578125,1,-607415.2514257921,-594418.9564875512,-12999.322927552297,69.82709234610623,
12006,3dx1,6,0,12,0.296142578125,1,-607419.4360848359,-594418.9564875512,-12998.74106566444,-40.09149158383704,
12007,3dx1,7,0,12,0.296142578125,1,-607420.7186486713,-594418.9564875512,-12998.740721620821,-69.6760500898376,
12008,3dx1,8,0,12,0.296142578125,1,-607419.7578872811,-594418.9564875512,-12998.7404099571,-47.527553234385245,
12009,3dx1,9,0,12,0.296142578125,1,-607415.3973676531,-594418.9564875512,-12998.737229943099,52.955085349435784,
12010,3dx1,10,0,12,0.296142578125,1,-607420.6722464804,-594418.9564875512,-12998.738268020827,-68.66257150652216,
12011,3dx1,11,0,12,0.296142578125,1,-607419.70319161,-594418.9564875512,-12998.737783827248,-46.32680108848653,
12012,3dx1,12,0,12,0.296142578125,1,-607420.0938647367,-594418.9564875512,-12998.737477704406,-55.34299677277222,
12013,3dx1,13,0,12,0.296142578125,1,-607420.0975842493,-594418.9564875512,-12998.739507992703,-55.381951210753535,
12014,3dx1,14,0,12,0.296142578125,1,-607420.2322106239,-594418.9564875512,-12998.736891018065,-58.5468580298272,
12015,3dx1,15,0,12,0.296142578125,1,-607418.8507115133,-594418.9564875512,-12998.737034251484,-26.685428670654794,
12016,3dx1,16,0,12,0.296142578125,1,-607419.0146445723,-594418.9564875512,-12998.738071705342,-30.44189056369047,
12017,3dx1,17,0,12,0.296142578125,1,-607391.4764888723,-594418.9564875512,-12998.73952694796,604.6366248143586,
12018,3dx1,18,0,12,0.296142578125,1,-607420.1690951247,-594418.9564875512,-12998.738558835581,-57.052919255718066,
12019,3dx1,19,0,12,0.296142578125,1,-607420.5668022375,-594418.9564875512,-12998.738836324805,-66.21786410024292,
12020,3dx1,20,0,12,0.296142578125,1,-607418.5498246717,-594418.9564875512,-12998.739928000938,-19.68008182048383,
12021,3dx1,21,0,12,0.296142578125,1,-607409.449805114,-594418.9564875512,-12998.737355863508,190.11203955237602,
12022,3dx1,22,0,12,0.296142578125,1,-607418.3325811524,-594418.9564875512,-12998.739184661012,-14.687469079558372,
12023,3dx1,23,0,12,0.296142578125,1,-607410.1400231818,-594418.9564875512,-12998.737240461709,174.19257155658445,
12024,3dx1,24,0,12,0.296142578125,1,-607418.8053798557,-594418.9564875512,-12998.737251351578,-25.63504936449935,
12025,3dx1,25,0,12,0.296142578125,1,-607417.4951497804,-594418.9564875512,-12998.74052937828,4.655167046801545,
12026,3dx1,26,0,12,0.296142578125,1,-607413.5319596005,-594418.9564875512,-12998.740696807416,96.05236475983305,
12027,3dx1,27,0,12,0.296142578125,1,-607417.4839729248,-594418.9564875512,-12998.739249569755,4.883398375481132,
12028,3dx1,28,0,12,0.296142578125,1,-607417.4950958951,-594418.9564875512,-12998.740260466537,4.650208418690091,
12029,3dx1,29,0,12,0.296142578125,1,-607417.5019355896,-594418.9564875512,-12998.737292587786,4.424040407676312,
12030,3dx1,30,0,12,0.296142578125,1,-607417.4806219073,-594418.9564875512,-12998.736978480152,4.908302104027861,
12031,3dx1,31,0,12,0.296142578125,1,-607420.2056057659,-594418.9564875512,-12998.740203404877,-57.8569499750017,
12032,3dx1,32,0,12,0.296142578125,1,-607417.4769464958,-594418.9564875512,-12998.739226467871,5.044898934004524,
12033,3dx1,33,0,12,0.296142578125,1,-607417.482347173,-594418.9564875512,-12998.74188653413,4.981698944038458,
12034,3dx1,34,0,12,0.296142578125,1,-607417.4895222344,-594418.9564875512,-12998.737838817035,4.72289552408101,
12035,3dx1,35,0,12,0.296142578125,1,-607417.4913868262,-594418.9564875512,-12998.740448657418,4.740081366298493,
12036,3dx1,36,0,12,0.296142578125,1,-607417.495054391,-594418.9564875512,-12998.737325366486,4.583480512206276,
12037,3dx1,37,0,12,0.296142578125,1,-607417.4832616148,-594418.9564875512,-12998.740322023361,4.924532940429073,
12038,3dx1,38,0,12,0.296142578125,1,-607417.4979812852,-594418.9564875512,-12998.736973454625,4.507869447481315,
12039,3dx1,39,0,12,0.296142578125,1,-607417.4770316464,-594418.9564875512,-12998.737925920565,5.012943981379021,
12040,3dx1,40,0,12,0.296142578125,1,-607417.517025563,-594418.9564875512,-12998.740754551778,4.155892139205619,
12041,3dx1,41,0,12,0.296142578125,1,-607417.4750438026,-594418.9564875512,-12998.737145204705,5.040781012384707,
12042,3dx1,42,0,12,0.296142578125,1,-607417.4834562374,-594418.9564875512,-12998.739490543645,4.900870459976801,
12043,3dx1,43,0,12,0.296142578125,1,-607417.5202156218,-594418.9564875512,-12998.739484630485,4.053042556119863,
12044,3dx1,44,0,12,0.296142578125,1,-607417.536145539,-594418.9564875512,-12998.736958756743,3.627441905815814,
12045,3dx1,45,0,12,0.296142578125,1,-607417.4938330819,-594418.9564875512,-12998.738454124155,4.637674338571045,
12046,3dx1,46,0,12,0.296142578125,1,-607418.7761156406,-594418.9564875512,-12998.74089473376,-24.876182144975335,
12047,3dx1,47,0,12,0.296142578125,1,-607419.5133488653,-594418.9564875512,-12999.33158488232,-28.255545760960725,
12048,3dx1,48,0,12,0.296142578125,1,-607417.5003816335,-594418.9564875512,-12998.73842031852,4.485881574464641,
12049,3dx1,49,0,12,0.296142578125,1,-607417.4812931155,-594418.9564875512,-12998.739642397988,4.954255078652127,
12050,3dx1,50,0,12,0.296142578125,1,-607417.5138292063,-594418.9564875512,-12998.740116389321,4.2148854999422385,
12051,3dx1,51,0,12,0.296142578125,1,-607403.5035159319,-594418.9564875512,-12998.738405691776,327.2609352649208,
12052,3dx1,52,0,12,0.296142578125,1,-607418.8118668167,-594418.9564875512,-12998.735762173023,-25.818983513060825,
12053,3dx1,53,0,12,0.296142578125,1,-607417.8808769463,-594418.9564875512,-12998.739284565256,-4.268618781101171,
12054,3dx1,54,0,12,0.296142578125,1,-607402.2869102034,-594418.9564875512,-12998.739706586768,355.3465292089999,
12055,3dx1,55,0,12,0.296142578125,1,-607418.2947787395,-594418.9564875512,-12998.739219549156,-13.814920186986614,
12056,3dx1,56,0,12,0.296142578125,1,-607417.4971919383,-594418.9564875512,-12998.741342700998,4.626829433749612,
12057,3dx1,57,0,12,0.296142578125,1,-607418.4321939535,-594418.9564875512,-12998.737659877723,-17.019757181899568,
12058,3dx1,58,0,12,0.296142578125,1,-607400.1742506879,-594418.9564875512,-12998.739316278656,404.05661429626934,
12059,3dx1,59,0,12,0.296142578125,1,-607419.9014556012,-594418.9564875512,-12998.737268464387,-50.910761889587675,
12060,3dx1,60,0,12,0.296142578125,1,-607420.4305401149,-594418.9564875512,-12998.738299515222,-63.08796402624066,
12061,3dx1,61,0,12,0.296142578125,1,-607415.886402206,-594418.9564875512,-12998.73925132027,41.72429471543393,
12062,3dx1,62,0,12,0.296142578125,1,-607420.1165863806,-594418.9564875512,-12998.738042289418,-55.85395068924039,
12063,3dx1,63,0,12,0.296142578125,1,-607417.0582271118,-594418.9564875512,-12998.995206737845,20.603842575881913,
12064,3dx1,64,0,12,0.296142578125,1,-607420.1620004252,-594418.9564875512,-12999.2326824482,-45.494550394574055,
12065,3dx1,65,0,12,0.296142578125,1,-607421.287444301,-594418.9564875512,-12999.271831200462,-70.54511104887222,
12066,3dx1,66,0,12,0.296142578125,1,-607421.4177426754,-594418.9564875512,-12998.962880332896,-80.67443920402111,
12067,3dx1,67,0,12,0.296142578125,1,-607421.1832382266,-594418.9564875512,-12999.16603201723,-70.58184901177229,
12068,3dx1,68,0,12,0.296142578125,1,-607420.3375993656,-594418.9564875512,-12998.991075322008,-55.11555084989901,
12069,3dx1,69,0,12,0.296142578125,1,-607420.6087410365,-594418.9564875512,-12999.239149582938,-55.64749796032284,
12070,3dx1,70,0,12,0.296142578125,1,-607420.7622445604,-594418.9564875512,-12999.317349510702,-57.38404014098402,
12071,3dx1,71,0,12,0.296142578125,1,-607420.7237995026,-594418.9564875512,-12999.26165006167,-57.781935854988745,
12072,3dx1,72,0,12,0.296142578125,1,-607420.0978015795,-594418.9564875512,-12998.636432319588,-57.763944453706394,
12073,3dx1,73,0,12,0.296142578125,1,-607420.0775305631,-594418.9564875512,-12999.194221308097,-44.433564061528195,
12074,3dx1,74,0,12,0.296142578125,1,-607420.3522675504,-594418.9564875512,-12999.212935242418,-50.337595920719686,
12075,3dx1,75,0,12,0.296142578125,1,-607420.0947152016,-594418.9564875512,-12999.126505031521,-46.39142567528005,
12076,3dx1,76,0,12,0.296142578125,1,-607386.5171398647,-594418.9564875512,-12999.121206542246,727.8036703523546,
12077,3dx1,77,0,12,0.296142578125,1,-607416.3241320141,-594418.9564875512,-12998.906446877816,35.48562669217646,
12078,3dx1,78,0,12,0.296142578125,1,-607419.1898381083,-594418.9564875512,-12999.174635123058,-24.414557904416803,
12079,3dx1,79,0,12,0.296142578125,1,-607420.5982127722,-594418.9564875512,-12999.110397911289,-58.373794499406195,
12080,3dx1,80,0,12,0.296142578125,1,-607418.551979043,-594418.9564875512,-12999.196849695534,-9.192898210999257,
12081,3dx1,81,0,12,0.296142578125,1,-607419.973873,-594418.9564875512,-12999.270334752786,-40.28794613783072,
12082,3dx1,82,0,12,0.296142578125,1,-607416.7899868425,-594418.9564875512,-12999.136543920064,30.048922986349616,
12083,3dx1,83,0,12,0.296142578125,1,-607420.1440103721,-594418.9564875512,-12998.962474636797,-51.31083007483175,
12084,3dx1,84,0,12,0.296142578125,1,-607420.4082705565,-594418.9564875512,-12999.205194434524,-51.80756319128654,
12085,3dx1,85,0,12,0.296142578125,1,-607421.5436856163,-594418.9564875512,-12999.106473593167,-80.26741317087115,
12086,3dx1,86,0,12,0.296142578125,1,-607420.2072674794,-594418.9564875512,-12999.015312494044,-51.55110368853521,
12087,3dx1,87,0,12,0.296142578125,1,-607408.8550472544,-594418.9564875512,-12999.116904422986,212.58007933109727,
12088,3dx1,88,0,12,0.296142578125,1,-607420.4169453792,-594418.9564875512,-12998.953536301666,-57.810983765923226,
12089,3dx1,89,0,12,0.296142578125,1,-607413.0568237923,-594418.9564875512,-12999.096964057155,115.22497474461989,
12090,3dx1,90,0,12,0.296142578125,1,-607419.3681172775,-594418.9564875512,-12999.291747741774,-25.8250920687013,
12091,3dx1,91,0,12,0.296142578125,1,-607419.131558446,-594418.9564875512,-12999.256951833606,-21.172328524078903,
12092,3dx1,92,0,12,0.296142578125,1,-607420.1994311988,-594418.9564875512,-12999.062174397703,-50.28973359365829,
12093,3dx1,93,0,12,0.296142578125,1,-607420.7654300741,-594418.9564875512,-12999.390492151988,-55.770790453326384,
12094,3dx1,94,0,12,0.296142578125,1,-607420.5396883502,-594418.9564875512,-12999.075449505866,-57.83011864149887,
12095,3dx1,95,0,12,0.296142578125,1,-607418.4825445256,-594418.9564875512,-12999.356824049366,-3.9026039629033353,
12096,3dx1,96,0,12,0.296142578125,1,-607418.4356023578,-594418.9564875512,-12999.071977043803,-9.388819853302405,
12097,3dx1,97,0,12,0.296142578125,1,-607420.3611074263,-594418.9564875512,-12999.293036984607,-48.69425824524554,
12098,3dx1,98,0,12,0.296142578125,1,-607419.2365024199,-594418.9564875512,-12998.950158480917,-30.667216838542252,
12099,3dx1,99,0,12,0.296142578125,1,-607420.6129025684,-594418.9564875512,-12999.14468311213,-57.92191373467536,
12100,3dx1,100,0,12,0.296142578125,1,-607420.1588664368,-594418.9564875512,-12999.21329606323,-45.869339564046676,
13001,3dx2,1,0,13,0.296142578125,1,-621361.24406386,-594418.9564875512,-26946.863084242817,105.5137195612507,
13002,3dx2,2,0,13,0.296142578125,1,-621367.2866967424,-594418.9564875512,-26946.752051779204,-36.39317448335982,
13003,3dx2,3,0,13,0.296142578125,1,-621365.3084011186,-594418.9564875512,-26944.306912036056,-47.15885562723789,
13004,3dx2,4,0,13,0.296142578125,1,-621367.8223983736,-594418.9564875512,-26945.582269644125,-75.72256445042208,
13005,3dx2,5,0,13,0.296142578125,1,-621368.5916830593,-594418.9564875512,-26946.601866485562,-69.95022901101962,
13006,3dx2,6,0,13,0.296142578125,1,-621363.2449567468,-594418.9564875512,-26946.6263800043,53.913504027813744,
13007,3dx2,7,0,13,0.296142578125,1,-621364.1130498498,-594418.9564875512,-26945.228060657628,1.648791329640138,
13008,3dx2,8,0,13,0.296142578125,1,-621367.9499407696,-594418.9564875512,-26946.598000665977,-55.24044816039937,
13009,3dx2,9,0,13,0.296142578125,1,-621352.2973979332,-594418.9564875512,-26941.979327925666,199.20664094688354,
13010,3dx2,10,0,13,0.296142578125,1,-621363.8127019262,-594418.9564875512,-26944.997082318143,3.248491940595183,
13011,3dx2,11,0,13,0.296142578125,1,-621362.8017799401,-594418.9564875512,-26945.865627047162,46.59002402008061,
13012,3dx2,12,0,13,0.296142578125,1,-621367.3435459945,-594418.9564875512,-26946.40707344297,-45.65953880341196,
13013,3dx2,13,0,13,0.296142578125,1,-621362.7129480516,-594418.9564875512,-26944.96419126377,27.850933034866216,
13014,3dx2,14,0,13,0.296142578125,1,-621333.5363712794,-594418.9564875512,-26946.321742144224,731.9846442360057,
13015,3dx2,15,0,13,0.296142578125,1,-621354.6677533283,-594418.9564875512,-26945.042618433123,215.18610424809393,
13016,3dx2,16,0,13,0.296142578125,1,-621363.1388087684,-594418.9564875512,-26943.03853163547,-26.376414356365157,
13017,3dx2,17,0,13,0.296142578125,1,-621353.0181055077,-594418.9564875512,-26946.212190871745,280.1988678815148,
13018,3dx2,18,0,13,0.296142578125,1,-621365.2888198007,-594418.9564875512,-26946.41238634588,1.846091318672769,
13019,3dx2,19,0,13,0.296142578125,1,-621364.0137954638,-594418.9564875512,-26945.083147428235,0.5958733857850695,
13020,3dx2,20,0,13,0.296142578125,1,-621351.1052147116,-594418.9564875512,-26946.271019430074,325.6677963625113,
13021,3dx2,21,0,13,0.296142578125,1,-621360.7496441994,-594418.9564875512,-26945.8741866638,94.11078787362625,
13022,3dx2,22,0,13,0.296142578125,1,-621365.2610377019,-594418.9564875512,-26946.416913132245,2.591151911645282,
13023,3dx2,23,0,13,0.296142578125,1,-621364.1528552723,-594418.9564875512,-26945.517973464455,7.416404627861272,
13024,3dx2,24,0,13,0.296142578125,1,-621364.1805363592,-594418.9564875512,-26945.203564970598,-0.47236851180748357,
13025,3dx2,25,0,13,0.296142578125,1,-621362.8096197158,-594418.9564875512,-26943.93093041034,1.7940701677028656,
13026,3dx2,26,0,13,0.296142578125,1,-621364.8349713095,-594418.9564875512,-26946.13344722396,5.879597194761033,
13027,3dx2,27,0,13,0.296142578125,1,-621364.2704579473,-594418.9564875512,-26945.495486277032,4.185855655114738,
13028,3dx2,28,0,13,0.296142578125,1,-621363.7888117824,-594418.9564875512,-26944.912470095263,1.84820753258603,
13029,3dx2,29,0,13,0.296142578125,1,-621364.8962115226,-594418.9564875512,-26946.172993341177,5.379319458787722,
13030,3dx2,30,0,13,0.296142578125,1,-621365.4188484183,-594418.9564875512,-26946.591949874823,2.988393511686485,
13031,3dx2,31,0,13,0.296142578125,1,-621365.4811239608,-594418.9564875512,-26946.66112539302,3.147510730643375,
13032,3dx2,32,0,13,0.296142578125,1,-621363.5774067302,-594418.9564875512,-26944.659292237302,0.884903747798724,
13033,3dx2,33,0,13,0.296142578125,1,-621362.9017810097,-594418.9564875512,-26943.88525410845,-1.384540304216595,
13034,3dx2,34,0,13,0.296142578125,1,-621363.7719196304,-594418.9564875512,-26944.788541199647,-0.6201184126786253,
13035,3dx2,35,0,13,0.296142578125,1,-621365.3670973792,-594418.9564875512,-26946.675059590754,6.098356403736081,
13036,3dx2,36,0,13,0.296142578125,1,-621363.2754847939,-594418.9564875512,-26944.22397685061,-2.1912222971204702,
13037,3dx2,37,0,13,0.296142578125,1,-621365.5112977419,-594418.9564875512,-26946.651501774315,2.2297608890075806,
13038,3dx2,38,0,13,0.296142578125,1,-621364.746807224,-594418.9564875512,-26945.87366613942,1.9220151803657222,
13039,3dx2,39,0,13,0.296142578125,1,-621363.8267624219,-594418.9564875512,-26944.861236249108,-0.20843556454954656,
13040,3dx2,40,0,13,0.296142578125,1,-621363.1555886103,-594418.9564875512,-26944.03962682494,-3.6775632049840814,
13041,3dx2,41,0,13,0.296142578125,1,-621364.0316913188,-594418.9564875512,-26945.086736252106,0.26594540989595705,
13042,3dx2,42,0,13,0.296142578125,1,-621363.1300832412,-594418.9564875512,-26944.149575940755,-0.553908574851719,
13043,3dx2,43,0,13,0.296142578125,1,-621363.3405281003,-594418.9564875512,-26944.25367068469,-3.0064004926737833,
13044,3dx2,44,0,13,0.296142578125,1,-621364.7579687567,-594418.9564875512,-26945.960717475828,3.672075628156675,
13045,3dx2,45,0,13,0.296142578125,1,-621363.5918773757,-594418.9564875512,-26944.66107371545,0.5922845954340794,
13046,3dx2,46,0,13,0.296142578125,1,-621365.5368787932,-594418.9564875512,-26946.698789553957,2.7303299374218772,
13047,3dx2,47,0,13,0.296142578125,1,-621362.7277158105,-594418.9564875512,-26943.924058985987,3.524360282464131,
13048,3dx2,48,0,13,0.296142578125,1,-621363.1456217956,-594418.9564875512,-26944.280875798282,2.1156104927040125,
13049,3dx2,49,0,13,0.296142578125,1,-621364.6304062697,-594418.9564875512,-26945.73817401223,1.481762275054106,
13050,3dx2,50,0,13,0.296142578125,1,-621357.3077044344,-594418.9564875512,-26946.15536894875,179.9680219857883,
13051,3dx2,51,0,13,0.296142578125,1,-621363.5605768302,-594418.9564875512,-26944.600999127506,-0.07126058542430408,
13052,3dx2,52,0,13,0.296142578125,1,-621364.6366569935,-594418.9564875512,-26945.908629688765,5.268418440564087,
13053,3dx2,53,0,13,0.296142578125,1,-621364.3880696426,-594418.9564875512,-26945.69100159894,5.982355962405829,
13054,3dx2,54,0,13,0.296142578125,1,-621362.7468998205,-594418.9564875512,-26943.906735177603,2.682469990720768,
13055,3dx2,55,0,13,0.296142578125,1,-621364.2711614822,-594418.9564875512,-26945.46667371091,3.5051981951425613,
13056,3dx2,56,0,13,0.296142578125,1,-621364.6363778837,-594418.9564875512,-26945.741419581525,1.4188981898858155,
13057,3dx2,57,0,13,0.296142578125,1,-621364.8580500501,-594418.9564875512,-26945.989629437805,2.030871857320033,
13058,3dx2,58,0,13,0.296142578125,1,-621365.4807983158,-594418.9564875512,-26946.644265740953,2.7662274691697197,
13059,3dx2,59,0,13,0.296142578125,1,-621364.1462118179,-594418.9564875512,-26945.24723851616,1.3263101018712218,
13060,3dx2,60,0,13,0.296142578125,1,-621363.7005575362,-594418.9564875512,-26944.99444993035,5.773898705608267,
13061,3dx2,61,0,13,0.296142578125,1,-621363.5661188217,-594418.9564875512,-26944.66117424705,1.1886092755832323,
13062,3dx2,62,0,13,0.296142578125,1,-621361.9684828544,-594418.9564875512,-26945.552866490623,58.59388154874551,
13063,3dx2,63,0,13,0.296142578125,1,-621363.5050913623,-594418.9564875512,-26944.646779533734,2.2639859483327394,
13064,3dx2,64,0,13,0.296142578125,1,-621364.2206010083,-594418.9564875512,-26945.217294472106,-1.0796714418793463,
13065,3dx2,65,0,13,0.296142578125,1,-621363.8111374141,-594418.9564875512,-26944.866859924125,0.2815707018850123,
13066,3dx2,66,0,13,0.296142578125,1,-621363.9802727851,-594418.9564875512,-26945.070580314594,1.079120197802963,
13067,3dx2,67,0,13,0.296142578125,1,-621364.2414216053,-594418.9564875512,-26945.437758124623,3.524206787292328,
13068,3dx2,68,0,13,0.296142578125,1,-621358.5431936055,-594418.9564875512,-26942.41951457728,65.32611643959612,
13069,3dx2,69,0,13,0.296142578125,1,-621362.1148004878,-594418.9564875512,-26946.820824338603,84.45951936732601,
13070,3dx2,70,0,13,0.296142578125,1,-621365.2809702633,-594418.9564875512,-26946.41992476111,2.2009459367242847,
13071,3dx2,71,0,13,0.296142578125,1,-621363.455495769,-594418.9564875512,-26946.57204305752,47.805319075296595,
13072,3dx2,72,0,13,0.296142578125,1,-621363.4565907889,-594418.9564875512,-26944.593992557577,2.1651391520439685,
13073,3dx2,73,0,13,0.296142578125,1,-621365.5759295747,-594418.9564875512,-26945.73513295199,-20.392651639494133,
13074,3dx2,74,0,13,0.296142578125,1,-621364.1266221538,-594418.9564875512,-26945.247812668542,1.7912987554989162,
13075,3dx2,75,0,13,0.296142578125,1,-621364.2202093076,-594418.9564875512,-26945.19159050349,-1.6633862078849155,
13076,3dx2,76,0,13,0.296142578125,1,-621362.6889202421,-594418.9564875512,-26943.808284731807,1.7491896170548282,
13077,3dx2,77,0,13,0.296142578125,1,-621364.8502064839,-594418.9564875512,-26946.080373658857,4.304360241760511,
13078,3dx2,78,0,13,0.296142578125,1,-621365.2456219634,-594418.9564875512,-26945.548040951748,-17.090021191466338,
13079,3dx2,79,0,13,0.296142578125,1,-621362.9099730282,-594418.9564875512,-26943.84413567923,-2.521666242182593,
13080,3dx2,80,0,13,0.296142578125,1,-621352.4838378114,-594418.9564875512,-26945.872110448403,284.6769327780916,
13081,3dx2,81,0,13,0.296142578125,1,-621361.0916741468,-594418.9564875512,-26945.609599541884,80.12186593087904,
13082,3dx2,82,0,13,0.296142578125,1,-621363.8488700574,-594418.9564875512,-26944.91516259517,0.5253213321113639,
13083,3dx2,83,0,13,0.296142578125,1,-621365.296119579,-594418.9564875512,-26946.622660425357,6.526789899690808,
13084,3dx2,84,0,13,0.296142578125,1,-621362.6112045447,-594418.9564875512,-26943.715929167727,1.4115862727516566,
13085,3dx2,85,0,13,0.296142578125,1,-621368.8958137833,-594418.9564875512,-26946.307041373813,-83.76247870817912,
13086,3dx2,86,0,13,0.296142578125,1,-621368.0735814712,-594418.9564875512,-26946.836789948793,-52.58505879658161,
13087,3dx2,87,0,13,0.296142578125,1,-621369.0774826523,-594418.9564875512,-26946.886869596274,-74.58070589319279,
13088,3dx2,88,0,13,0.296142578125,1,-621367.6118162517,-594418.9564875512,-26947.104300130253,-35.76756852934086,
13089,3dx2,89,0,13,0.296142578125,1,-621359.2652180194,-594418.9564875512,-26946.543882558082,143.78602300097572,
13090,3dx2,90,0,13,0.296142578125,1,-621353.6360199569,-594418.9564875512,-26946.992487223124,283.94348350374617,
13091,3dx2,91,0,13,0.296142578125,1,-621368.3444766497,-594418.9564875512,-26946.757808422724,-60.65340727548761,
13092,3dx2,92,0,13,0.296142578125,1,-621357.1595470309,-594418.9564875512,-26946.6934365681,195.79274694681465,
13093,3dx2,93,0,13,0.296142578125,1,-621356.178158203,-594418.9564875512,-26947.358624935092,233.76371910645864,
13094,3dx2,94,0,13,0.296142578125,1,-621363.9011701255,-594418.9564875512,-26946.791504206765,42.58871859126554,
13095,3dx2,95,0,13,0.296142578125,1,-621327.7278087508,-594418.9564875512,-26946.855775915283,878.2483895740098,
13096,3dx2,96,0,13,0.296142578125,1,-621364.4036540629,-594418.9564875512,-26946.829643020876,31.88066566518564,
13097,3dx2,97,0,13,0.296142578125,1,-621369.8274283714,-594418.9564875512,-26947.361700717705,-80.92499923264737,
13098,3dx2,98,0,13,0.296142578125,1,-621367.427033802,-594418.9564875512,-26947.28134520406,-27.42362761886315,
13099,3dx2,99,0,13,0.296142578125,1,-621356.5245437714,-594418.9564875512,-26946.73509133984,211.3968518416922,
13100,3dx2,100,0,13,0.296142578125,1,-621363.0441801158,-594418.9564875512,-26947.070927046803,68.795021467119,
14001,3d4z,1,0,14,0.296142578125,0,-614072.7438100632,-594418.9564875512,-19649.52420971319,-98.3097166046117,
14002,3d4z,2,0,14,0.296142578125,0,-614070.2130199472,-594418.9564875512,-19649.56220021443,-39.07222831306015,
14003,3d4z,3,0,14,0.296142578125,0,-614070.6556570092,-594418.9564875512,-19649.608058277554,-48.22216939596869,
14004,3d4z,4,0,14,0.296142578125,0,-614062.1012768387,-594418.9564875512,-19649.556367054454,147.85449576524715,
14005,3d4z,5,0,14,0.296142578125,0,-614063.4684042503,-594418.9564875512,-19649.398976866087,112.69828473143154,
14006,3d4z,6,0,14,0.296142578125,0,-614061.0667613297,-594418.9564875512,-19649.55760481078,171.7395334817534,
14007,3d4z,7,0,14,0.296142578125,0,-614058.9429741743,-594418.9564875512,-19649.555073978136,220.65686637309264,
14008,3d4z,8,0,14,0.296142578125,0,-614062.9235272744,-594418.9564875512,-19649.4001539373,125.29059020384624,
14009,3d4z,9,0,14,0.296142578125,0,-614061.8655390969,-594418.9564875512,-19649.4003414372,149.6927010261661,
14010,3d4z,10,0,14,0.296142578125,0,-614053.6537281682,-594418.9564875512,-19649.345786211743,337.8034863363471,
14011,3d4z,11,0,14,0.296142578125,0,-614065.8490521302,-594418.9564875512,-19649.5562117315,61.425162563401436,
14012,3d4z,12,0,14,0.296142578125,0,-614036.4409433382,-594418.9564875512,-19649.55143991964,739.4822213745675,
14013,3d4z,13,0,14,0.296142578125,0,-614067.115886119,-594418.9564875512,-19649.55587568789,32.203527423414954,
14014,3d4z,14,0,14,0.296142578125,0,-614050.1845479716,-594418.9564875512,-19649.555693279566,422.64525417152436,
14015,3d4z,15,0,14,0.296142578125,0,-614068.0152801669,-594418.9564875512,-19649.40242823595,7.924425658025604,
14016,3d4z,16,0,14,0.296142578125,0,-614068.1147849897,-594418.9564875512,-19649.556265880234,9.17737028512952,
14017,3d4z,17,0,14,0.296142578125,0,-614067.9304972334,-594418.9564875512,-19649.34604939088,8.57943949707132,
14018,3d4z,18,0,14,0.296142578125,0,-614067.9348233658,-594418.9564875512,-19649.34442641171,8.442249726129607,
14019,3d4z,19,0,14,0.296142578125,0,-614068.5506037751,-594418.9564875512,-19649.400893920767,-4.4558121624098455,
14020,3d4z,20,0,14,0.296142578125,0,-614067.9426250653,-594418.9564875512,-19649.34555335703,8.288326236540657,
14021,3d4z,21,0,14,0.296142578125,0,-614068.0064396833,-594418.9564875512,-19649.399971261806,8.071632883479808,
14022,3d4z,22,0,14,0.296142578125,0,-614068.1087227059,-594418.9564875512,-19649.552468365127,9.229597093741695,
14023,3d4z,23,0,14,0.296142578125,0,-614068.1182280685,-594418.9564875512,-19649.55604914054,9.092972867578624,
14024,3d4z,24,0,14,0.296142578125,0,-614068.1141665905,-594418.9564875512,-19649.55447379293,9.150304395344229,
14025,3d4z,25,0,14,0.296142578125,0,-614068.1191225513,-594418.9564875512,-19649.55072809301,8.949639332411099,
14026,3d4z,26,0,14,0.296142578125,0,-614067.9252263303,-594418.9564875512,-19649.347434448253,8.73292959229347,
14027,3d4z,27,0,14,0.296142578125,0,-614055.121884714,-594418.9564875512,-19649.348045087758,303.9990830081137,
14028,3d4z,28,0,14,0.296142578125,0,-614068.1118807902,-594418.9564875512,-19649.55808020532,9.286182047700748,
14029,3d4z,29,0,14,0.296142578125,0,-614068.1165428947,-594418.9564875512,-19649.55431562092,9.091857984538697,
14030,3d4z,30,0,14,0.296142578125,0,-614068.1155116447,-594418.9564875512,-19649.556899110543,9.175215860366011,
14031,3d4z,31,0,14,0.296142578125,0,-614067.9327888327,-594418.9564875512,-19649.342771487965,8.451003725149844,
14032,3d4z,32,0,14,0.296142578125,0,-614067.9336619881,-594418.9564875512,-19649.34700199222,8.528426028405372,
14033,3d4z,33,0,14,0.296142578125,0,-614068.1040405264,-594418.9564875512,-19649.55244321521,9.33699074539783,
14034,3d4z,34,0,14,0.296142578125,0,-614065.9208930277,-594418.9564875512,-19649.34826169856,54.97303043094845,
14035,3d4z,35,0,14,0.296142578125,0,-614068.0116064405,-594418.9564875512,-19649.401569069305,7.989330946584005,
14036,3d4z,36,0,14,0.296142578125,0,-614067.9456545841,-594418.9564875512,-19649.345663153716,8.220995845964095,
14037,3d4z,37,0,14,0.296142578125,0,-614068.1133246272,-594418.9564875512,-19649.554329957355,9.166403603991876,
14038,3d4z,38,0,14,0.296142578125,0,-614068.1128070774,-594418.9564875512,-19649.556006729817,9.217005877676966,
14039,3d4z,39,0,14,0.296142578125,0,-614067.9297112995,-594418.9564875512,-19649.346225413883,8.601622750825584,
14040,3d4z,40,0,14,0.296142578125,0,-614068.1148999219,-594418.9564875512,-19649.5519262534,9.074645713681818,
14041,3d4z,41,0,14,0.296142578125,0,-614068.1310087238,-594418.9564875512,-19649.553176301415,8.73199471083428,
14042,3d4z,42,0,14,0.296142578125,0,-614067.934619216,-594418.9564875512,-19649.34802484986,8.529939486284185,
14043,3d4z,43,0,14,0.296142578125,0,-614067.9317575017,-594418.9564875512,-19649.345108759062,8.528685535370434,
14044,3d4z,44,0,14,0.296142578125,0,-614067.9343747325,-594418.9564875512,-19649.344224528908,8.447939925909425,
14045,3d4z,45,0,14,0.296142578125,0,-614068.0159028677,-594418.9564875512,-19649.398456767787,7.818481605306406,
14046,3d4z,46,0,14,0.296142578125,0,-614067.9297833791,-594418.9564875512,-19649.346859365072,8.614579817616336,
14047,3d4z,47,0,14,0.296142578125,0,-614068.1044479824,-594418.9564875512,-19649.55570132282,9.402728334290684,
14048,3d4z,48,0,14,0.296142578125,0,-614068.098812791,-594418.9564875512,-19649.55224622446,9.453002472623307,
14049,3d4z,49,0,14,0.296142578125,0,-614068.0103394443,-594418.9564875512,-19649.40188041228,8.025728313975094,
14050,3d4z,50,0,14,0.296142578125,0,-614067.9381743008,-594418.9564875512,-19649.350414529865,8.503064612997932,
14051,3d4z,51,0,14,0.296142578125,0,-614068.1250541396,-594418.9564875512,-19649.555388968558,8.920335998922393,
14052,3d4z,52,0,14,0.296142578125,0,-614068.028465194,-594418.9564875512,-19649.400518114468,7.5763232604814155,
14053,3d4z,53,0,14,0.296142578125,0,-614068.1070087665,-594418.9564875512,-19649.555274713162,9.3338373974287,
14054,3d4z,54,0,14,0.296142578125,0,-614068.1136689859,-594418.9564875512,-19649.554338645405,9.158662854131546,
14055,3d4z,55,0,14,0.296142578125,0,-614068.1098386382,-594418.9564875512,-19649.55336577656,9.22455788137185,
14056,3d4z,56,0,14,0.296142578125,0,-614068.1247033419,-594418.9564875512,-19649.55307154322,8.874984490130068,
14057,3d4z,57,0,14,0.296142578125,0,-614068.011550614,-594418.9564875512,-19649.401534264678,7.989815722537928,
14058,3d4z,58,0,14,0.296142578125,0,-614068.1094226838,-594418.9564875512,-19649.557906606893,9.338864052576914,
14059,3d4z,59,0,14,0.296142578125,0,-614059.0084482812,-594418.9564875512,-19649.556087151424,219.17036192964912,
14060,3d4z,60,0,14,0.296142578125,0,-614068.0253929805,-594418.9564875512,-19649.40123667128,7.663740500570476,
14061,3d4z,61,0,14,0.296142578125,0,-614067.9295835934,-594418.9564875512,-19649.34374620277,8.547395756843462,
14062,3d4z,62,0,14,0.296142578125,0,-614068.0300574165,-594418.9564875512,-19649.397671401628,7.473958980118654,
14063,3d4z,63,0,14,0.296142578125,0,-614068.1034911163,-594418.9564875512,-19649.554235678293,9.390995624461803,
14064,3d4z,64,0,14,0.296142578125,0,-614068.1095747728,-594418.9564875512,-19649.55736934979,9.322967355302948,
14065,3d4z,65,0,14,0.296142578125,0,-614068.1031383758,-594418.9564875512,-19649.554862787885,9.413591504844353,
14066,3d4z,66,0,14,0.296142578125,0,-614068.0160746919,-594418.9564875512,-19649.399981745268,7.849686060287226,
14067,3d4z,67,0,14,0.296142578125,0,-614068.1316742022,-594418.9564875512,-19649.55342333906,8.722345237614359,
14068,3d4z,68,0,14,0.296142578125,0,-614068.0088095395,-594418.9564875512,-19649.399181346984,7.9987668320178,
14069,3d4z,69,0,14,0.296142578125,0,-614068.0140899055,-594418.9564875512,-19649.400046343486,7.896945991344351,
14070,3d4z,70,0,14,0.296142578125,0,-614068.011674023,-594418.9564875512,-19649.39920437923,7.933241409247005,
14071,3d4z,71,0,14,0.296142578125,0,-614068.108861655,-594418.9564875512,-19649.556778526443,9.325787531691846,
14072,3d4z,72,0,14,0.296142578125,0,-614068.1246755534,-594418.9564875512,-19649.557091810537,8.968334873814177,
14073,3d4z,73,0,14,0.296142578125,0,-614068.1136577792,-594418.9564875512,-19649.555341498562,9.182047630469688,
14074,3d4z,74,0,14,0.296142578125,0,-614068.1048777668,-594418.9564875512,-19649.55157144397,9.297580001531387,
14075,3d4z,75,0,14,0.296142578125,0,-614068.109811303,-594418.9564875512,-19649.552599571463,9.20751913792848,
14076,3d4z,76,0,14,0.296142578125,0,-614068.1096109933,-594418.9564875512,-19649.55384701853,9.24090520152405,
14077,3d4z,77,0,14,0.296142578125,0,-614068.0038310117,-594418.9564875512,-19649.399681922132,8.125117947176337,
14078,3d4z,78,0,14,0.296142578125,0,-614068.11909224,-594418.9564875512,-19649.551524347924,8.968700401884707,
14079,3d4z,79,0,14,0.296142578125,0,-614068.0033572341,-594418.9564875512,-19649.40095465822,8.165393510705368,
14080,3d4z,80,0,14,0.296142578125,0,-614067.9367455038,-594418.9564875512,-19649.3491532128,8.50692679263794,
14081,3d4z,81,0,14,0.296142578125,0,-614068.020004481,-594418.9564875512,-19649.404610598063,7.865806852959907,
14082,3d4z,82,0,14,0.296142578125,0,-614068.1051019235,-594418.9564875512,-19649.551377631444,9.287941403211041,
14083,3d4z,83,0,14,0.296142578125,0,-614068.0063927167,-594418.9564875512,-19649.401573818428,8.109671792578146,
14084,3d4z,84,0,14,0.296142578125,0,-614068.1031785805,-594418.9564875512,-19649.553357646582,9.377954978740135,
14085,3d4z,85,0,14,0.296142578125,0,-614068.031840597,-594418.9564875512,-19649.3976595564,7.432564703127295,
14086,3d4z,86,0,14,0.296142578125,0,-614068.1169417237,-594418.9564875512,-19649.556893004334,9.142096642847646,
14087,3d4z,87,0,14,0.296142578125,0,-614067.9335399376,-594418.9564875512,-19649.34639804777,8.517313290454416,
14088,3d4z,88,0,14,0.296142578125,0,-614061.6017157951,-594418.9564875512,-19649.645252505336,161.42439429635954,
14089,3d4z,89,0,14,0.296142578125,0,-614072.4721824029,-594418.9564875512,-19649.520534660394,-92.13058268115535,
14090,3d4z,90,0,14,0.296142578125,0,-614057.8044221163,-594418.9564875512,-19649.622691244444,248.47179176863932,
14091,3d4z,91,0,14,0.296142578125,0,-614060.3409075656,-594418.9564875512,-19649.342089768856,183.50822399437595,
14092,3d4z,92,0,14,0.296142578125,0,-614069.7674313058,-594418.9564875512,-19649.524676350422,-29.662030997538025,
14093,3d4z,93,0,14,0.296142578125,0,-614066.6691428885,-594418.9564875512,-19649.295377432165,36.498438571336486,
14094,3d4z,94,0,14,0.296142578125,0,-614070.5119818604,-594418.9564875512,-19649.447437195293,-48.61295190424398,
14095,3d4z,95,0,14,0.296142578125,0,-614068.1955304192,-594418.9564875512,-19649.47126497491,5.355169003175956,
14096,3d4z,96,0,14,0.296142578125,0,-614069.909372534,-594418.9564875512,-19649.71386929629,-28.572380501764176,
14097,3d4z,97,0,14,0.296142578125,0,-614065.9997857631,-594418.9564875512,-19649.670138852733,60.576384241795395,
14098,3d4z,98,0,14,0.296142578125,0,-614068.6599911597,-594418.9564875512,-19649.327335275128,-8.674647843425792,
14099,3d4z,99,0,14,0.296142578125,0,-614070.4636523032,-594418.9564875512,-19649.487811623316,-46.5673894108037,
14100,3d4z,100,0,14,0.296142578125,0,-614068.6157003273,-594418.9564875512,-19649.668568231184,0.2157419191902322,
15001,3ejr,1,0,15,0.296142578125,1,-625273.5144831708,-594418.9564875512,-30886.66145531319,740.3233677923741,
15002,3ejr,2,0,15,0.296142578125,1,-625268.7875654255,-594418.9564875512,-30887.109786468816,859.6674426078071,
15003,3ejr,3,0,15,0.296142578125,1,-625277.0269466233,-594418.9564875512,-30878.716524147632,476.1095711877193,
15004,3ejr,4,0,15,0.296142578125,1,-625268.9320550072,-594418.9564875512,-30879.087153017084,671.3291112568755,
15005,3ejr,5,0,15,0.296142578125,1,-625305.240539446,-594418.9564875512,-30886.683779837458,9.217945341079078,
15006,3ejr,6,0,15,0.296142578125,1,-625305.1170122346,-594418.9564875512,-30886.54174788736,8.791215928557166,
15007,3ejr,7,0,15,0.296142578125,1,-625305.419884894,-594418.9564875512,-30886.909894774886,10.296475388224257,
15008,3ejr,8,0,15,0.296142578125,1,-625305.1976777031,-594418.9564875512,-30886.65652052837,9.577746012234934,
15009,3ejr,9,0,15,0.296142578125,1,-625305.1752216823,-594418.9564875512,-30886.641061471026,9.739099823037753,
15010,3ejr,10,0,15,0.296142578125,1,-625305.1105634806,-594418.9564875512,-30886.529761619982,8.663517836274915,
15011,3ejr,11,0,15,0.296142578125,1,-625305.3362995593,-594418.9564875512,-30886.790779829265,9.477143096386918,
15012,3ejr,12,0,15,0.296142578125,1,-625305.2136413074,-594418.9564875512,-30886.614596420808,8.242823663482822,
15013,3ejr,13,0,15,0.296142578125,1,-625301.7965705076,-594418.9564875512,-30883.1655871517,7.506305065659069,
15014,3ejr,14,0,15,0.296142578125,1,-625305.1673054621,-594418.9564875512,-30886.650543208278,10.140306253727223,
15015,3ejr,15,0,15,0.296142578125,1,-625301.6257502824,-594418.9564875512,-30883.393611800657,16.70388636192732,
15016,3ejr,16,0,15,0.296142578125,1,-625305.2185348457,-594418.9564875512,-30886.696082604787,10.009092032423384,
15017,3ejr,17,0,15,0.296142578125,1,-625305.3932238827,-594418.9564875512,-30886.87932983315,10.206448615783428,
15018,3ejr,18,0,15,0.296142578125,1,-625305.3341399172,-594418.9564875512,-30886.837353021678,10.600948959241443,
15019,3ejr,19,0,15,0.296142578125,1,-625305.0806972949,-594418.9564875512,-30886.489974494314,8.434735526484012,
15020,3ejr,20,0,15,0.296142578125,1,-625305.2668021049,-594418.9564875512,-30886.69419505681,8.852494703840579,
15021,3ejr,21,0,15,0.296142578125,1,-625304.4994552119,-594418.9564875512,-30885.880396801233,7.781300834653568,
15022,3ejr,22,0,15,0.296142578125,1,-625305.1857463821,-594418.9564875512,-30886.58108648855,8.113338527553498,
15023,3ejr,23,0,15,0.296142578125,1,-625304.3938623156,-594418.9564875512,-30885.904949158816,10.782521687836587,
15024,3ejr,24,0,15,0.296142578125,1,-625301.6016907326,-594418.9564875512,-30883.35002963079,16.253684047848285,
15025,3ejr,25,0,15,0.296142578125,1,-625305.2140048288,-594418.9564875512,-30886.649753195874,9.045175153957848,
15026,3ejr,26,0,15,0.296142578125,1,-625301.6485360314,-594418.9564875512,-30883.42849832932,16.982936971546824,
15027,3ejr,27,0,15,0.296142578125,1,-625305.2981274048,-594418.9564875512,-30886.694057275534,8.12693881604219,
15028,3ejr,28,0,15,0.296142578125,1,-625298.7011389512,-594418.9564875512,-30880.473067595838,16.797676524295213,
15029,3ejr,29,0,15,0.296142578125,1,-625305.1635040331,-594418.9564875512,-30886.63505897029,9.870894276992304,
15030,3ejr,30,0,15,0.296142578125,1,-625305.269091763,-594418.9564875512,-30886.697041819894,8.86534185081392,
15031,3ejr,31,0,15,0.296142578125,1,-625304.795303731,-594418.9564875512,-30886.231425641417,9.053789268901633,
15032,3ejr,32,0,15,0.296142578125,1,-625305.1089418886,-594418.9564875512,-30886.529953565456,8.705339006032577,
15033,3ejr,33,0,15,0.296142578125,1,-625298.955704491,-594418.9564875512,-30880.55079005791,12.719578272540152,
15034,3ejr,34,0,15,0.296142578125,1,-625305.4365468047,-594418.9564875512,-30886.90891391515,9.889623436983772,
15035,3ejr,35,0,15,0.296142578125,1,-625305.2364136393,-594418.9564875512,-30886.69658226232,9.608319635539138,
15036,3ejr,36,0,15,0.296142578125,1,-625305.2844241551,-594418.9564875512,-30886.755386888388,9.857237730170809,
15037,3ejr,37,0,15,0.296142578125,1,-625305.3795516576,-594418.9564875512,-30886.84099604115,9.63773937182133,
15038,3ejr,38,0,15,0.296142578125,1,-625305.1632545182,-594418.9564875512,-30886.635975860147,9.897792210582514,
15039,3ejr,39,0,15,0.296142578125,1,-625305.2714382163,-594418.9564875512,-30886.74707597924,9.965046475351956,
15040,3ejr,40,0,15,0.296142578125,1,-625305.1680400696,-594418.9564875512,-30886.637735591405,9.82801513916417,
15041,3ejr,41,0,15,0.296142578125,1,-625305.2641914146,-594418.9564875512,-30886.697629958988,8.991909378546193,
15042,3ejr,42,0,15,0.296142578125,1,-625304.4811157947,-594418.9564875512,-30885.90096636748,8.678563307951208,
15043,3ejr,43,0,15,0.296142578125,1,-625301.8583047249,-594418.9564875512,-30883.233928146066,7.658660963394806,
15044,3ejr,44,0,15,0.296142578125,1,-625304.7309264328,-594418.9564875512,-30886.17412194246,9.216910343210639,
15045,3ejr,45,0,15,0.296142578125,1,-625305.2739120515,-594418.9564875512,-30886.757199104086,10.141443286571864,
15046,3ejr,46,0,15,0.296142578125,1,-625305.2596469991,-594418.9564875512,-30886.696494798696,9.070528671604436,
15047,3ejr,47,0,15,0.296142578125,1,-625304.4933838978,-594418.9564875512,-30885.908289029034,8.564518717146083,
15048,3ejr,48,0,15,0.296142578125,1,-625301.6966677137,-594418.9564875512,-30883.433577973883,15.99013339550482,
15049,3ejr,49,0,15,0.296142578125,1,-625305.3009054466,-594418.9564875512,-30886.756097123474,9.493548529344027,
15050,3ejr,50,0,15,0.296142578125,1,-625304.187961155,-594418.9564875512,-30885.586200603382,8.18019894179473,
15051,3ejr,51,0,15,0.296142578125,1,-625304.0967406535,-594418.9564875512,-30885.54690008075,9.377502096937866,
15052,3ejr,52,0,15,0.296142578125,1,-625305.1902443947,-594418.9564875512,-30886.58166129695,8.022867289534839,
15053,3ejr,53,0,15,0.296142578125,1,-625305.2051270383,-594418.9564875512,-30886.640290841395,9.031694789116983,
15054,3ejr,54,0,15,0.296142578125,1,-625305.2362103579,-594418.9564875512,-30886.68332026954,9.307178597365827,
15055,3ejr,55,0,15,0.296142578125,1,-625305.4053889345,-594418.9564875512,-30886.88072037104,9.957982420390024,
15056,3ejr,56,0,15,0.296142578125,1,-625305.2254575931,-594418.9564875512,-30886.64312663206,8.628255943904785,
15057,3ejr,57,0,15,0.296142578125,1,-625305.1807559074,-594418.9564875512,-30886.640232137892,9.5923526830095,
15058,3ejr,58,0,15,0.296142578125,1,-625305.2066236427,-594418.9564875512,-30886.581658999487,7.645099876793637,
15059,3ejr,59,0,15,0.296142578125,1,-625305.319859485,-594418.9564875512,-30886.75354303179,8.997559267110981,
15060,3ejr,60,0,15,0.296142578125,1,-625305.3632633396,-594418.9564875512,-30886.843482943328,10.070706234100268,
15061,3ejr,61,0,15,0.296142578125,1,-625303.0373761725,-594418.9564875512,-30884.564592338753,11.154472712717377,
15062,3ejr,62,0,15,0.296142578125,1,-625296.7702665864,-594418.9564875512,-30878.666097572415,19.654932393595306,
15063,3ejr,63,0,15,0.296142578125,1,-625304.8149178154,-594418.9564875512,-30886.26697206517,9.42119774276671,
15064,3ejr,64,0,15,0.296142578125,1,-625303.0479103882,-594418.9564875512,-30884.60370546719,11.8135180964265,
15065,3ejr,65,0,15,0.296142578125,1,-625305.1063503698,-594418.9564875512,-30886.531789789715,8.807445186664616,
15066,3ejr,66,0,15,0.296142578125,1,-625298.7645010113,-594418.9564875512,-30880.439692254367,14.566859048024957,
15067,3ejr,67,0,15,0.296142578125,1,-625304.2298577412,-594418.9564875512,-30885.630051543212,8.2252674073886,
15068,3ejr,68,0,15,0.296142578125,1,-625305.3693041313,-594418.9564875512,-30886.867520038995,10.485710864084766,
15069,3ejr,69,0,15,0.296142578125,1,-625305.2165603848,-594418.9564875512,-30886.628695879594,8.50064938301305,
15070,3ejr,70,0,15,0.296142578125,1,-625305.2136851175,-594418.9564875512,-30886.580462649777,7.454669918799521,
15071,3ejr,71,0,15,0.296142578125,1,-625296.9057015246,-594418.9564875512,-30878.79604146677,19.528305915965948,
15072,3ejr,72,0,15,0.296142578125,1,-625305.1800779718,-594418.9564875512,-30886.636548289767,9.523034694905856,
15073,3ejr,73,0,15,0.296142578125,1,-625305.1738580652,-594418.9564875512,-30886.627425103383,9.456083472941893,
15074,3ejr,74,0,15,0.296142578125,1,-625297.532895282,-594418.9564875512,-30879.098586157324,12.041720580703227,
15075,3ejr,75,0,15,0.296142578125,1,-625305.2010408776,-594418.9564875512,-30886.57737513497,7.675053235682292,
15076,3ejr,76,0,15,0.296142578125,1,-625305.2864572856,-594418.9564875512,-30886.69733983316,8.471755733578146,
15077,3ejr,77,0,15,0.296142578125,1,-625293.0047892005,-594418.9564875512,-30887.180331025203,302.83179153657983,
15078,3ejr,78,0,15,0.296142578125,1,-625300.5000419406,-594418.9564875512,-30882.151540532934,14.020493543690183,
15079,3ejr,79,0,15,0.296142578125,1,-625305.3160832507,-594418.9564875512,-30886.73292480078,8.6091735973735,
15080,3ejr,80,0,15,0.296142578125,1,-625304.510937391,-594418.9564875512,-30885.906052299848,8.10814534844489,
15081,3ejr,81,0,15,0.296142578125,1,-625298.6851982692,-594418.9564875512,-30880.454557167282,16.738416761657028,
15082,3ejr,82,0,15,0.296142578125,1,-625305.2004446593,-594418.9564875512,-30886.63784864563,9.083354640850342,
15083,3ejr,83,0,15,0.296142578125,1,-625305.1929954898,-594418.9564875512,-30886.57512698736,7.808740770496989,
15084,3ejr,84,0,15,0.296142578125,1,-625297.6361809446,-594418.9564875512,-30879.107590474257,9.867541099482098,
15085,3ejr,85,0,15,0.296142578125,1,-625303.7268135252,-594418.9564875512,-30885.10167863936,7.641173988801099,
15086,3ejr,86,0,15,0.296142578125,1,-625301.6289593949,-594418.9564875512,-30883.356082699953,15.764440849073846,
15087,3ejr,87,0,15,0.296142578125,1,-625305.112997856,-594418.9564875512,-30886.48939728556,7.676556142575429,
15088,3ejr,88,0,15,0.296142578125,1,-625303.0596479662,-594418.9564875512,-30884.578886195523,10.97049711689319,
15089,3ejr,89,0,15,0.296142578125,1,-625301.6722229447,-594418.9564875512,-30883.390826948686,15.567981099328367,
15090,3ejr,90,0,15,0.296142578125,1,-625301.6970482754,-594418.9564875512,-30883.398590710585,15.174531975776496,
15091,3ejr,91,0,15,0.296142578125,1,-625305.2446901498,-594418.9564875512,-30886.693874933208,9.355026276362754,
15092,3ejr,92,0,15,0.296142578125,1,-625295.0919923006,-594418.9564875512,-30886.616262090734,241.6920059716275,
15093,3ejr,93,0,15,0.296142578125,1,-625303.3725665965,-594418.9564875512,-30886.79548355764,54.87037156578375,
15094,3ejr,94,0,15,0.296142578125,1,-625303.6657453071,-594418.9564875512,-30886.482899804363,40.901157293114146,
15095,3ejr,95,0,15,0.296142578125,1,-625297.7832551335,-594418.9564875512,-30886.812941969216,184.16555643244845,
15096,3ejr,96,0,15,0.296142578125,1,-625289.099800918,-594418.9564875512,-30886.189515643062,370.0342150914479,
15097,3ejr,97,0,15,0.296142578125,1,-625302.2796535064,-594418.9564875512,-30886.486991671918,72.95955426954033,
15098,3ejr,98,0,15,0.296142578125,1,-625300.4240619165,-594418.9564875512,-30886.64692211833,119.43859658965435,
15099,3ejr,99,0,15,0.296142578125,1,-625280.0392685913,-594418.9564875512,-30886.304183985507,581.6193689776455,
15100,3ejr,100,0,15,0.296142578125,1,-625302.1725929257,-594418.9564875512,-30886.810121488757,82.87998050667355,
16001,3gc5,1,0,16,0.281005859375,1,-619549.8011508164,-594418.9564875512,-25164.866608270077,784.564690076539,
16002,3gc5,2,0,16,0.281005859375,1,-619561.5159860648,-594418.9564875512,-25164.346161709946,502.412388709304,
16003,3gc5,3,0,16,0.281005859375,1,-619581.7009279041,-594418.9564875512,-25164.732917948353,45.855382700212644,
16004,3gc5,4,0,16,0.281005859375,1,-619578.3974237844,-594418.9564875512,-25164.415120649202,114.7074176447005,
16005,3gc5,5,0,16,0.281005859375,1,-619577.9133402286,-594418.9564875512,-25164.981075652533,138.92188206049298,
16006,3gc5,6,0,16,0.281005859375,1,-619566.2135983964,-594418.9564875512,-25164.961835673927,408.2806537412307,
16007,3gc5,7,0,16,0.281005859375,1,-619565.6261096972,-594418.9564875512,-25164.78528361179,417.757077716458,
16008,3gc5,8,0,16,0.281005859375,1,-619567.7592788858,-594418.9564875512,-25165.228254934726,378.7801889914267,
16009,3gc5,9,0,16,0.281005859375,1,-619583.1269066428,-594418.9564875512,-25165.228305154473,24.39543215241604,
16010,3gc5,10,0,16,0.281005859375,1,-619583.164472721,-594418.9564875512,-25165.230142339562,23.571504302869364,
16011,3gc5,11,0,16,0.281005859375,1,-619583.1852386337,-594418.9564875512,-25165.22877035872,23.06099235223788,
16012,3gc5,12,0,16,0.281005859375,1,-619583.1684189545,-594418.9564875512,-25165.22679494496,23.40330924490153,
16013,3gc5,13,0,16,0.281005859375,1,-619583.377934668,-594418.9564875512,-25165.390840782045,22.35474898489363,
16014,3gc5,14,0,16,0.281005859375,1,-619546.0791478168,-594418.9564875512,-25164.68526160031,866.2141647229805,
16015,3gc5,15,0,16,0.281005859375,1,-619583.361061212,-594418.9564875512,-25165.38962605224,22.71584778828243,
16016,3gc5,16,0,16,0.281005859375,1,-619583.1732345063,-594418.9564875512,-25165.226917057676,23.295075968396315,
16017,3gc5,17,0,16,0.281005859375,1,-619583.1131393968,-594418.9564875512,-25165.23358049121,24.834564543401353,
16018,3gc5,18,0,16,0.281005859375,1,-619582.9537083302,-594418.9564875512,-25165.088024475404,25.154530815805067,
16019,3gc5,19,0,16,0.281005859375,1,-619583.1631830821,-594418.9564875512,-25165.227209575376,23.533612934162022,
16020,3gc5,20,0,16,0.281005859375,1,-619582.7387311455,-594418.9564875512,-25164.94306692364,26.769221909248767,
16021,3gc5,21,0,16,0.281005859375,1,-619583.2128922822,-594418.9564875512,-25165.227888926816,22.40295776530556,
16022,3gc5,22,0,16,0.281005859375,1,-619583.3199384351,-594418.9564875512,-25165.388219744284,23.631731320487475,
16023,3gc5,23,0,16,0.281005859375,1,-619583.1189801533,-594418.9564875512,-25165.228470135884,24.582025903446826,
16024,3gc5,24,0,16,0.281005859375,1,-619583.1434989703,-594418.9564875512,-25165.22975656529,24.046274318967473,
16025,3gc5,25,0,16,0.281005859375,1,-619583.1177733266,-594418.9564875512,-25165.229199021993,24.626664502826998,
16026,3gc5,26,0,16,0.281005859375,1,-619583.3744241482,-594418.9564875512,-25165.38937188664,22.4018299606094,
16027,3gc5,27,0,16,0.281005859375,1,-619583.1128574342,-594418.9564875512,-25165.229088778247,24.73748539300664,
16028,3gc5,28,0,16,0.281005859375,1,-619583.1080025749,-594418.9564875512,-25165.230631636234,24.885020258923877,
16029,3gc5,29,0,16,0.281005859375,1,-619583.156122259,-594418.9564875512,-25165.229389738237,23.746715134003445,
16030,3gc5,30,0,16,0.281005859375,1,-619582.9960867045,-594418.9564875512,-25165.09123906885,24.25139257244526,
16031,3gc5,31,0,16,0.281005859375,1,-619583.3316236119,-594418.9564875512,-25165.390333663247,23.41101287243346,
16032,3gc5,32,0,16,0.281005859375,1,-619583.1260452591,-594418.9564875512,-25165.225748998586,24.356349778301297,
16033,3gc5,33,0,16,0.281005859375,1,-619583.0926844545,-594418.9564875512,-25165.09008357705,21.997149264987325,
16034,3gc5,34,0,16,0.281005859375,1,-619583.1585975153,-594418.9564875512,-25165.22878547482,23.675699721536116,
16035,3gc5,35,0,16,0.281005859375,1,-619564.44839134,-594418.9564875512,-25164.78992176074,445.02286647902696,
16036,3gc5,36,0,16,0.281005859375,1,-619583.2099372144,-594418.9564875512,-25165.22798836754,22.47339640490184,
16037,3gc5,37,0,16,0.281005859375,1,-619583.4561470775,-594418.9564875512,-25165.388066515894,20.48715187709047,
16038,3gc5,38,0,16,0.281005859375,1,-619582.7473225367,-594418.9564875512,-25164.942986699472,26.56924970955972,
16039,3gc5,39,0,16,0.281005859375,1,-619583.1326642272,-594418.9564875512,-25165.224636285257,24.17805296901094,
16040,3gc5,40,0,16,0.281005859375,1,-619582.8007835586,-594418.9564875512,-25164.940645835442,25.282427648267607,
16041,3gc5,41,0,16,0.281005859375,1,-619582.8603234327,-594418.9564875512,-25164.93825528242,23.854278071822826,
16042,3gc5,42,0,16,0.281005859375,1,-619583.133576704,-594418.9564875512,-25165.22910095269,24.259968431068362,
16043,3gc5,43,0,16,0.281005859375,1,-619583.4430023509,-594418.9564875512,-25165.385829602543,20.73869202698298,
16044,3gc5,44,0,16,0.281005859375,1,-619583.2961650573,-594418.9564875512,-25165.356320263665,23.444338936872384,
16045,3gc5,45,0,16,0.281005859375,1,-619583.2204399332,-594418.9564875512,-25165.229893569394,22.275132952888335,
16046,3gc5,46,0,16,0.281005859375,1,-619583.2094591564,-594418.9564875512,-25165.231207098375,22.55864638078707,
16047,3gc5,47,0,16,0.281005859375,1,-619583.1530719622,-594418.9564875512,-25165.225920410343,23.73705204742304,
16048,3gc5,48,0,16,0.281005859375,1,-619582.9296766125,-594418.9564875512,-25165.087078222754,25.68689428629837,
16049,3gc5,49,0,16,0.281005859375,1,-619583.1182480184,-594418.9564875512,-25165.227403824658,24.574319614552373,
16050,3gc5,50,0,16,0.281005859375,1,-619583.1953568045,-594418.9564875512,-25165.23084546131,22.875514791312177,
16051,3gc5,51,0,16,0.281005859375,1,-619583.1552562389,-594418.9564875512,-25165.22751773326,23.723516571580767,
16052,3gc5,52,0,16,0.281005859375,1,-619583.3720179914,-594418.9564875512,-25165.39206942688,22.51952401165297,
16053,3gc5,53,0,16,0.281005859375,1,-619582.8378200759,-594418.9564875512,-25164.938332144568,24.374990290834976,
16054,3gc5,54,0,16,0.281005859375,1,-619583.3946820892,-594418.9564875512,-25165.3888566909,21.92279004770726,
16055,3gc5,55,0,16,0.281005859375,1,-619583.185827597,-594418.9564875512,-25165.229338478523,23.06051168766664,
16056,3gc5,56,0,16,0.281005859375,1,-619583.389052708,-594418.9564875512,-25165.391980905435,22.124652760016037,
16057,3gc5,57,0,16,0.281005859375,1,-619583.214188965,-594418.9564875512,-25165.23466454743,22.529305071350713,
16058,3gc5,58,0,16,0.281005859375,1,-619583.1205092077,-594418.9564875512,-25165.232568138174,24.64126724988927,
16059,3gc5,59,0,16,0.281005859375,1,-619582.8610068206,-594418.9564875512,-25164.94134717404,23.909819488029562,
16060,3gc5,60,0,16,0.281005859375,1,-619583.1592828102,-594418.9564875512,-25165.228959429507,23.66390793706009,
16061,3gc5,61,0,16,0.281005859375,1,-619583.3834902716,-594418.9564875512,-25165.3902572483,22.2131771132383,
16062,3gc5,62,0,16,0.281005859375,1,-619583.4745038906,-594418.9564875512,-25165.38986550503,20.10531938515904,
16063,3gc5,63,0,16,0.281005859375,1,-619583.1640165785,-594418.9564875512,-25165.092238499532,20.40188510181051,
16064,3gc5,64,0,16,0.281005859375,1,-619583.13766695,-594418.9564875512,-25165.22810153711,24.142598045768118,
16065,3gc5,65,0,16,0.281005859375,1,-619583.3053536924,-594418.9564875512,-25165.36510064405,23.434924360795375,
16066,3gc5,66,0,16,0.281005859375,1,-619583.2707462866,-594418.9564875512,-25165.37290592101,24.41298405962427,
16067,3gc5,67,0,16,0.281005859375,1,-619583.1586033185,-594418.9564875512,-25165.23001290643,23.703871142217835,
16068,3gc5,68,0,16,0.281005859375,1,-619583.2028350456,-594418.9564875512,-25165.2358746906,22.819039237112968,
16069,3gc5,69,0,16,0.281005859375,1,-619583.1498891611,-594418.9564875512,-25165.221476048602,23.707959767205345,
16070,3gc5,70,0,16,0.281005859375,1,-619583.1188113382,-594418.9564875512,-25165.222532941312,24.449003913627127,
16071,3gc5,71,0,16,0.281005859375,1,-619583.1723280643,-594418.9564875512,-25165.23217228411,23.437167416741275,
16072,3gc5,72,0,16,0.281005859375,1,-619583.2033956225,-594418.9564875512,-25165.228757448196,22.641984517581456,
16073,3gc5,73,0,16,0.281005859375,1,-619583.1526564574,-594418.9564875512,-25165.229979072024,23.8402287774247,
16074,3gc5,74,0,16,0.281005859375,1,-619583.1713023776,-594418.9564875512,-25165.22649870122,23.32998438521254,
16075,3gc5,75,0,16,0.281005859375,1,-619583.1495086243,-594418.9564875512,-25165.229120772892,23.893026683828992,
16076,3gc5,76,0,16,0.281005859375,1,-619583.2482311781,-594418.9564875512,-25165.22773460417,21.58446469957014,
16077,3gc5,77,0,16,0.281005859375,1,-619583.3268150771,-594418.9564875512,-25165.366267907157,22.96693079867923,
16078,3gc5,78,0,16,0.281005859375,1,-619550.6604927195,-594418.9564875512,-25165.216535857864,772.8173168921203,
16079,3gc5,79,0,16,0.281005859375,1,-619582.9690088909,-594418.9564875512,-25164.68543794787,15.517825628753618,
16080,3gc5,80,0,16,0.281005859375,1,-619571.5668172254,-594418.9564875512,-25164.93950642357,284.3175701407966,
16081,3gc5,81,0,16,0.281005859375,1,-619568.1151486638,-594418.9564875512,-25164.959742381652,364.38159038189303,
16082,3gc5,82,0,16,0.281005859375,1,-619583.6605514236,-594418.9564875512,-25164.881700903952,4.096407263956587,
16083,3gc5,83,0,16,0.281005859375,1,-619584.356941516,-594418.9564875512,-25164.786233359777,-14.164263641389377,
16084,3gc5,84,0,16,0.281005859375,1,-619581.7764758841,-594418.9564875512,-25164.762772506907,44.80166736875703,
16085,3gc5,85,0,16,0.281005859375,1,-619586.3239276799,-594418.9564875512,-25164.7957965991,-59.30350861759833,
16086,3gc5,86,0,16,0.281005859375,1,-619574.172885903,-594418.9564875512,-25164.88260070974,222.90792181515505,
16087,3gc5,87,0,16,0.281005859375,1,-619560.2302304516,-594418.9564875512,-25165.02898982999,547.809008049185,
16088,3gc5,88,0,16,0.281005859375,1,-619559.7045580592,-594418.9564875512,-25164.96927525318,558.5542505412582,
16089,3gc5,89,0,16,0.281005859375,1,-619569.9175881018,-594418.9564875512,-25164.834535009,319.9289989028274,
16090,3gc5,90,0,16,0.281005859375,1,-619551.9834123609,-594418.9564875512,-25164.412609278374,723.7710778871668,
16091,3gc5,91,0,16,0.281005859375,1,-619575.4289750536,-594418.9564875512,-25165.1043057795,199.0544582446775,
16092,3gc5,92,0,16,0.281005859375,1,-619564.8298208724,-594418.9564875512,-25164.93154901263,439.49289451876234,
16093,3gc5,93,0,16,0.281005859375,1,-619575.0473972297,-594418.9564875512,-25164.75197889011,199.72900081892956,
16094,3gc5,94,0,16,0.281005859375,1,-619571.8835105709,-594418.9564875512,-25164.84137285164,274.75143417149985,
16095,3gc5,95,0,16,0.281005859375,1,-619579.4092971226,-594418.9564875512,-25164.800456072448,100.25911008791664,
16096,3gc5,96,0,16,0.281005859375,1,-619563.0747429412,-594418.9564875512,-25164.747208948855,475.7149702402614,
16097,3gc5,97,0,16,0.281005859375,1,-619577.0009642468,-594418.9564875512,-25164.572787073503,150.5464137229456,
16098,3gc5,98,0,16,0.281005859375,1,-619580.845342288,-594418.9564875512,-25164.386912153088,57.606572531675,
16099,3gc5,99,0,16,0.281005859375,1,-619567.2994773869,-594418.9564875512,-25164.668146210228,376.46704941816483,
16100,3gc5,100,0,16,0.281005859375,1,-619560.01027427,-594418.9564875512,-25164.36568648416,537.5851795628142,
17001,3ge7,1,0,17,0.281005859375,1,-625963.480293636,-594418.9564875512,-31561.366726335054,388.4069680391619,
17002,3ge7,2,0,17,0.281005859375,1,-625979.7903473282,-594418.9564875512,-31561.69311681406,19.81493800284463,
17003,3ge7,3,0,17,0.281005859375,1,-625973.0291411777,-594418.9564875512,-31561.360418561468,168.0598518624899,
17004,3ge7,4,0,17,0.281005859375,1,-625958.8969355626,-594418.9564875512,-31561.65217990517,500.6844318221287,
17005,3ge7,5,0,17,0.281005859375,1,-625960.4265160533,-594418.9564875512,-31562.119787305834,476.19475058535784,
17006,3ge7,6,0,17,0.281005859375,1,-625967.9272425437,-594418.9564875512,-31561.47883029508,288.4430687852939,
17007,3ge7,7,0,17,0.281005859375,1,-625980.2536182278,-594418.9564875512,-31561.92174361236,14.403916481483964,
17008,3ge7,8,0,17,0.281005859375,1,-625979.59468875,-594418.9564875512,-31561.386984681827,17.267357325734057,
17009,3ge7,9,0,17,0.281005859375,1,-625961.0318933539,-594418.9564875512,-31544.844069693543,63.8469060818307,
17010,3ge7,10,0,17,0.281005859375,1,-625979.6554029271,-594418.9564875512,-31561.43977620788,17.084656652591818,
17011,3ge7,11,0,17,0.281005859375,1,-625948.6063730904,-594418.9564875512,-31532.538346457262,66.60949115789047,
17012,3ge7,12,0,17,0.281005859375,1,-625979.5569598607,-594418.9564875512,-31561.294862671402,16.01302215353469,
17013,3ge7,13,0,17,0.281005859375,1,-625979.3198903541,-594418.9564875512,-31561.20489545709,19.405281602279626,
17014,3ge7,14,0,17,0.281005859375,1,-625979.7614353718,-594418.9564875512,-31561.434342389035,14.514183549531232,
17015,3ge7,15,0,17,0.281005859375,1,-625979.7337877369,-594418.9564875512,-31561.497079381683,16.598502577822774,
17016,3ge7,16,0,17,0.281005859375,1,-625962.1735368372,-594418.9564875512,-31545.858337719146,60.90955824697625,
17017,3ge7,17,0,17,0.281005859375,1,-625979.6350985965,-594418.9564875512,-31561.291264808064,14.128131401259639,
17018,3ge7,18,0,17,0.281005859375,1,-625979.9494436714,-594418.9564875512,-31561.580190762466,13.54195255643541,
17019,3ge7,19,0,17,0.281005859375,1,-625979.7698014253,-594418.9564875512,-31561.560949432584,17.24088555704768,
17020,3ge7,20,0,17,0.281005859375,1,-625979.4004310659,-594418.9564875512,-31561.315178366207,20.091152964383536,
17021,3ge7,21,0,17,0.281005859375,1,-625979.8624392746,-594418.9564875512,-31561.634735785312,16.80615971929729,
17022,3ge7,22,0,17,0.281005859375,1,-625979.4095913672,-594418.9564875512,-31560.97619132011,12.062684407681639,
17023,3ge7,23,0,17,0.281005859375,1,-625979.4022340295,-594418.9564875512,-31561.025540967486,13.370378550380813,
17024,3ge7,24,0,17,0.281005859375,1,-625979.6183029279,-594418.9564875512,-31561.309672378153,14.93993736895389,
17025,3ge7,25,0,17,0.281005859375,1,-625979.6628996243,-594418.9564875512,-31561.512936170402,18.598887522188914,
17026,3ge7,26,0,17,0.281005859375,1,-625979.4710221484,-594418.9564875512,-31561.302739454415,18.17643581085811,
17027,3ge7,27,0,17,0.281005859375,1,-625979.1772129731,-594418.9564875512,-31561.00810987658,18.157516878009062,
17028,3ge7,28,0,17,0.281005859375,1,-625979.2598227095,-594418.9564875512,-31561.10980016891,18.597524951559727,
17029,3ge7,29,0,17,0.281005859375,1,-625979.4751294784,-594418.9564875512,-31561.12858892165,14.065711840478722,
17030,3ge7,30,0,17,0.281005859375,1,-625978.6388801509,-594418.9564875512,-31560.31482744212,14.584293934645876,
17031,3ge7,31,0,17,0.281005859375,1,-625979.8157263313,-594418.9564875512,-31561.562515077356,16.217936690924052,
17032,3ge7,32,0,17,0.281005859375,1,-625949.6712206514,-594418.9564875512,-31535.90296584516,119.64348937279819,
17033,3ge7,33,0,17,0.281005859375,1,-625979.8609306825,-594418.9564875512,-31561.663455340866,17.5032373628512,
17034,3ge7,34,0,17,0.281005859375,1,-625979.9011325053,-594418.9564875512,-31561.755118706868,18.689968742181453,
17035,3ge7,35,0,17,0.281005859375,1,-625967.8966262832,-594418.9564875512,-31550.86436896374,44.37380329691342,
17036,3ge7,36,0,17,0.281005859375,1,-625980.482753332,-594418.9564875512,-31561.944152216238,9.636690132395751,
17037,3ge7,37,0,17,0.281005859375,1,-625979.6882025684,-594418.9564875512,-31561.47102951126,17.048997251421117,
17038,3ge7,38,0,17,0.281005859375,1,-625980.1805024861,-594418.9564875512,-31561.826817211477,13.900950732537133,
17039,3ge7,39,0,17,0.281005859375,1,-625979.6795688617,-594418.9564875512,-31561.331604219962,14.032871659391674,
17040,3ge7,40,0,17,0.281005859375,1,-625979.2223829199,-594418.9564875512,-31560.85605585475,13.609424117515712,
17041,3ge7,41,0,17,0.281005859375,1,-625979.3670844103,-594418.9564875512,-31561.123244035192,16.434034291571354,
17042,3ge7,42,0,17,0.281005859375,1,-625979.3134021865,-594418.9564875512,-31561.01083466153,15.07975404270709,
17043,3ge7,43,0,17,0.281005859375,1,-625985.9065597978,-594418.9564875512,-31561.4811806381,-126.11563651836185,
17044,3ge7,44,0,17,0.281005859375,1,-625977.5660981822,-594418.9564875512,-31559.42917601269,18.899626684470714,
17045,3ge7,45,0,17,0.281005859375,1,-625979.7875506731,-594418.9564875512,-31561.434124925396,13.9069355641833,
17046,3ge7,46,0,17,0.281005859375,1,-625980.651644436,-594418.9564875512,-31562.09452809998,9.209719011478477,
17047,3ge7,47,0,17,0.281005859375,1,-625980.0846115928,-594418.9564875512,-31561.848203982558,16.605437920340147,
17048,3ge7,48,0,17,0.281005859375,1,-625979.9003877369,-594418.9564875512,-31561.554962799746,14.091438640162746,
17049,3ge7,49,0,17,0.281005859375,1,-625979.6502836526,-594418.9564875512,-31561.260529172447,13.069175092631285,
17050,3ge7,50,0,17,0.281005859375,1,-625976.3625476419,-594418.9564875512,-31561.53696481546,95.26092599047503,
17051,3ge7,51,0,17,0.281005859375,1,-625967.870611915,-594418.9564875512,-31550.780108716088,43.03062140710886,
17052,3ge7,52,0,17,0.281005859375,1,-625979.715719318,-594418.9564875512,-31561.303699021515,12.555713169510328,
17053,3ge7,53,0,17,0.281005859375,1,-625979.5776348584,-594418.9564875512,-31561.33130036072,16.376518457383256,
17054,3ge7,54,0,17,0.281005859375,1,-625980.0541948113,-594418.9564875512,-31561.65511391802,12.854102897185447,
17055,3ge7,55,0,17,0.281005859375,1,-625979.673080611,-594418.9564875512,-31561.34604948274,14.515609947893807,
17056,3ge7,56,0,17,0.281005859375,1,-625980.3006038346,-594418.9564875512,-31561.89815919748,12.776533121576785,
17057,3ge7,57,0,17,0.281005859375,1,-625978.3731345653,-594418.9564875512,-31560.134802447985,16.561057733111152,
17058,3ge7,58,0,17,0.281005859375,1,-625975.0972836533,-594418.9564875512,-31557.2851226518,26.388797132785836,
17059,3ge7,59,0,17,0.281005859375,1,-625979.8366268516,-594418.9564875512,-31561.479784890114,13.828155803792525,
17060,3ge7,60,0,17,0.281005859375,1,-625979.8108948944,-594418.9564875512,-31561.495070657133,14.774046994299166,
17061,3ge7,61,0,17,0.281005859375,1,-625972.2384160237,-594418.9564875512,-31554.6556942065,31.67979041803721,
17062,3ge7,62,0,17,0.281005859375,1,-625979.5176060066,-594418.9564875512,-31561.29542201678,16.933442400097086,
17063,3ge7,63,0,17,0.281005859375,1,-625979.6741931449,-594418.9564875512,-31561.476913412735,17.507748224751666,
17064,3ge7,64,0,17,0.281005859375,1,-625979.8594286926,-594418.9564875512,-31561.545117536636,14.808939478175667,
17065,3ge7,65,0,17,0.281005859375,1,-625972.8704809323,-594418.9564875512,-31561.19284427221,167.85428912682332,
17066,3ge7,66,0,17,0.281005859375,1,-625974.4188305271,-594418.9564875512,-31556.40908878117,21.832476925981723,
17067,3ge7,67,0,17,0.281005859375,1,-625980.2239963444,-594418.9564875512,-31561.83838715159,13.164767690135491,
17068,3ge7,68,0,17,0.281005859375,1,-625979.5540264174,-594418.9564875512,-31561.30558732339,16.32798531298004,
17069,3ge7,69,0,17,0.281005859375,1,-625979.6626163387,-594418.9564875512,-31561.327769031617,14.335364583314018,
17070,3ge7,70,0,17,0.281005859375,1,-625980.1464483453,-594418.9564875512,-31561.642888754122,10.444766886896677,
17071,3ge7,71,0,17,0.281005859375,1,-625979.790415798,-594418.9564875512,-31561.443441858362,14.055717794009922,
17072,3ge7,72,0,17,0.281005859375,1,-625973.7874866248,-594418.9564875512,-31561.596884784045,156.0250310428528,
17073,3ge7,73,0,17,0.281005859375,1,-625970.5135049609,-594418.9564875512,-31561.447665531236,228.08376408229978,
17074,3ge7,74,0,17,0.281005859375,1,-625951.1278754878,-594418.9564875512,-31562.006288642806,688.0091547579055,
17075,3ge7,75,0,17,0.281005859375,1,-625966.6942723787,-594418.9564875512,-31560.668770209817,298.19560690648007,
17076,3ge7,76,0,17,0.281005859375,1,-625973.4282232963,-594418.9564875512,-31561.88557401401,170.9671720089823,
17077,3ge7,77,0,17,0.281005859375,1,-625962.44939622,-594418.9564875512,-31562.011241181277,427.0428926468044,
17078,3ge7,78,0,17,0.281005859375,1,-625962.3096186541,-594418.9564875512,-31561.640837287978,421.7245231941301,
17079,3ge7,79,0,17,0.281005859375,1,-625961.5215164525,-594418.9564875512,-31559.86514086351,398.9500593789246,
17080,3ge7,80,0,17,0.281005859375,1,-625935.3176099968,-594418.9564875512,-31561.53797648754,1041.8030034721369,
17081,3ge7,81,0,17,0.281005859375,1,-625939.2611539664,-594418.9564875512,-31561.723866931352,955.1494546085793,
17082,3ge7,82,0,17,0.281005859375,1,-625940.5967797055,-594418.9564875512,-31560.31000011096,891.7446499311761,
17083,3ge7,83,0,17,0.281005859375,1,-625973.7245249479,-594418.9564875512,-31561.568773922965,156.82870994700826,
17084,3ge7,84,0,17,0.281005859375,1,-625984.9935159441,-594418.9564875512,-31561.49797144422,-104.67313987078954,
17085,3ge7,85,0,17,0.281005859375,1,-625961.8918024712,-594418.9564875512,-31562.12149633646,442.44385424042116,
17086,3ge7,86,0,17,0.281005859375,1,-625969.5491101764,-594418.9564875512,-31561.847462043883,259.5427627410284,
17087,3ge7,87,0,17,0.281005859375,1,-625955.5640311352,-594418.9564875512,-31561.82198408949,581.4588113000633,
17088,3ge7,88,0,17,0.281005859375,1,-625932.4266445085,-594418.9564875512,-31561.118804015492,1098.8039045502067,
17089,3ge7,89,0,17,0.281005859375,1,-625949.2151917657,-594418.9564875512,-31561.194818577882,713.4037449708859,
17090,3ge7,90,0,17,0.281005859375,1,-625955.880307751,-594418.9564875512,-31560.554957656903,544.9469756215876,
17091,3ge7,91,0,17,0.281005859375,1,-625953.579947141,-594418.9564875512,-31561.698513906293,624.3655850824543,
17092,3ge7,92,0,17,0.281005859375,1,-625956.8280338251,-594418.9564875512,-31561.940977219125,555.0542635673376,
17093,3ge7,93,0,17,0.281005859375,1,-625964.4311914302,-594418.9564875512,-31561.121719365765,360.82874903945736,
17094,3ge7,94,0,17,0.281005859375,1,-625967.4289163325,-594418.9564875512,-31561.87432101575,309.05497689269265,
17095,3ge7,95,0,17,0.281005859375,1,-625975.5919527997,-594418.9564875512,-31561.950606284685,122.5700640917072,
17096,3ge7,96,0,17,0.281005859375,1,-625955.1185024567,-594418.9564875512,-31561.343496594898,580.6987629446903,
17097,3ge7,97,0,17,0.281005859375,1,-625950.3412895844,-594418.9564875512,-31561.51115612975,694.7302296057848,
17098,3ge7,98,0,17,0.281005859375,1,-625950.0640147412,-594418.9564875512,-31561.199739798303,693.9429081828289,
17099,3ge7,99,0,17,0.281005859375,1,-625968.8059547177,-594418.9564875512,-31561.479629671216,268.1979187186365,
17100,3ge7,100,0,17,0.281005859375,1,-625973.872270239,-594418.9564875512,-31561.123092734837,143.1439702383403,
18001,3rr4,1,0,18,0.281005859375,0,-616991.5304758347,-594418.9564875512,-22578.72340306246,141.80887364010087,
18002,3rr4,2,0,18,0.281005859375,0,-616984.4358372104,-594418.9564875512,-22578.089397039057,290.79460075017124,
18003,3rr4,3,0,18,0.281005859375,0,-616994.451985204,-594418.9564875512,-22578.248238062053,63.47970187297108,
18004,3rr4,4,0,18,0.281005859375,0,-616997.1485174438,-594418.9564875512,-22578.399519508188,4.784824205005994,
18005,3rr4,5,0,18,0.281005859375,0,-616996.7088711399,-594418.9564875512,-22577.908442378794,3.5988011934139905,
18006,3rr4,6,0,18,0.281005859375,0,-616996.7045256669,-594418.9564875512,-22577.907621646376,3.6800836426403003,
18007,3rr4,7,0,18,0.281005859375,0,-616997.1039727869,-594418.9564875512,-22578.158247600935,0.24818603814112636,
18008,3rr4,8,0,18,0.281005859375,0,-616997.5346349672,-594418.9564875512,-22578.63511005724,1.3135897127850555,
18009,3rr4,9,0,18,0.281005859375,0,-616997.4899066971,-594418.9564875512,-22578.56584321095,0.7477167039922569,
18010,3rr4,10,0,18,0.281005859375,0,-616996.7158040146,-594418.9564875512,-22577.90737126067,3.414224734618597,
18011,3rr4,11,0,18,0.281005859375,0,-616997.1648877539,-594418.9564875512,-22578.384379203046,4.058172155065643,
18012,3rr4,12,0,18,0.281005859375,0,-616997.2878871841,-594418.9564875512,-22578.25084440661,-1.8576476476927481,
18013,3rr4,13,0,18,0.281005859375,0,-616997.1672685627,-594418.9564875512,-22578.419477883508,4.8126641990981955,
18014,3rr4,14,0,18,0.281005859375,0,-616996.7499478445,-594418.9564875512,-22577.932565325667,3.2078382518405495,
18015,3rr4,15,0,18,0.281005859375,0,-616996.5020512837,-594418.9564875512,-22577.824493683507,6.432277476438412,
18016,3rr4,16,0,18,0.281005859375,0,-616997.0099545064,-594418.9564875512,-22578.301549758373,5.720925348525462,
18017,3rr4,17,0,18,0.281005859375,0,-616997.1401594685,-594418.9564875512,-22578.392162560194,4.807908442684225,
18018,3rr4,18,0,18,0.281005859375,0,-616997.7443145807,-594418.9564875512,-22578.727242968173,-1.397101643439607,
18019,3rr4,19,0,18,0.281005859375,0,-616980.8674079783,-594418.9564875512,-22578.15201270221,374.5284852324592,
18020,3rr4,20,0,18,0.281005859375,0,-616997.0150013925,-594418.9564875512,-22578.29952231238,5.55778737624653,
18021,3rr4,21,0,18,0.281005859375,0,-616997.185471866,-594418.9564875512,-22578.416317852687,4.320014009984555,
18022,3rr4,22,0,18,0.281005859375,0,-616997.5969481504,-594418.9564875512,-22578.609872391586,-0.7053808250623307,
18023,3rr4,23,0,18,0.281005859375,0,-616996.7120871077,-594418.9564875512,-22577.93468388011,4.129782610540684,
18024,3rr4,24,0,18,0.281005859375,0,-616997.5775966119,-594418.9564875512,-22578.63013756377,0.20820222665651172,
18025,3rr4,25,0,18,0.281005859375,0,-616997.5801465003,-594418.9564875512,-22578.632794775185,0.21067715570997486,
18026,3rr4,26,0,18,0.281005859375,0,-616997.5141621291,-594418.9564875512,-22578.635921374185,1.8044139877445502,
18027,3rr4,27,0,18,0.281005859375,0,-616996.9316841515,-594418.9564875512,-22578.30570268209,7.621651307202453,
18028,3rr4,28,0,18,0.281005859375,0,-616997.4855010671,-594418.9564875512,-22578.565893016945,0.8504614974494046,
18029,3rr4,29,0,18,0.281005859375,0,-616997.5973692887,-594418.9564875512,-22578.61060040036,-0.6983042226104457,
18030,3rr4,30,0,18,0.281005859375,0,-616996.756631572,-594418.9564875512,-22577.934313190988,3.094014566121309,
18031,3rr4,31,0,18,0.281005859375,0,-616996.7688799762,-594418.9564875512,-22577.935461279973,2.8380352159793945,
18032,3rr4,32,0,18,0.281005859375,0,-616996.4949955383,-594418.9564875512,-22577.819989308995,6.491113488216407,
18033,3rr4,33,0,18,0.281005859375,0,-616996.909623084,-594418.9564875512,-22578.307643322907,8.175143850261076,
18034,3rr4,34,0,18,0.281005859375,0,-616997.1673752081,-594418.9564875512,-22578.0898581626,-2.79100644216417,
18035,3rr4,35,0,18,0.281005859375,0,-616997.7323525446,-594418.9564875512,-22578.7245048798,-1.1843923548515853,
18036,3rr4,36,0,18,0.281005859375,0,-616997.1318831713,-594418.9564875512,-22578.41492904008,5.5237718894670875,
18037,3rr4,37,0,18,0.281005859375,0,-616997.2002950021,-594418.9564875512,-22578.391142388402,3.3976243741181213,
18038,3rr4,38,0,18,0.281005859375,0,-616997.1934527421,-594418.9564875512,-22578.394747080656,3.6385368166312384,
18039,3rr4,39,0,18,0.281005859375,0,-616996.931478626,-594418.9564875512,-22578.300200590358,7.499509589348775,
18040,3rr4,40,0,18,0.281005859375,0,-616997.6146535487,-594418.9564875512,-22578.608370977112,-1.1483004488398827,
18041,3rr4,41,0,18,0.281005859375,0,-616997.1819681684,-594418.9564875512,-22578.391487787427,3.82821629061341,
18042,3rr4,42,0,18,0.281005859375,0,-616997.5890052089,-594418.9564875512,-22578.635357419313,0.0654864583026833,
18043,3rr4,43,0,18,0.281005859375,0,-616996.6036859606,-594418.9564875512,-22577.821804115367,4.026503233389882,
18044,3rr4,44,0,18,0.281005859375,0,-616996.6857764807,-594418.9564875512,-22577.90820768294,4.125964471697784,
18045,3rr4,45,0,18,0.281005859375,0,-616997.1705784261,-594418.9564875512,-22578.415382351177,4.641891716943285,
18046,3rr4,46,0,18,0.281005859375,0,-616997.4964475245,-594418.9564875512,-22578.5687103818,0.6630001702579605,
18047,3rr4,47,0,18,0.281005859375,0,-616997.5504745394,-594418.9564875512,-22578.572535606294,-0.4946806181089284,
18048,3rr4,48,0,18,0.281005859375,0,-616997.0523058408,-594418.9564875512,-22578.086163729306,-0.22263944842999805,
18049,3rr4,49,0,18,0.281005859375,0,-616997.0911922402,-594418.9564875512,-22578.15346695305,0.4326680868146901,
18050,3rr4,50,0,18,0.281005859375,0,-616997.104097265,-594418.9564875512,-22578.152033057904,0.10200473744259012,
18051,3rr4,51,0,18,0.281005859375,0,-616997.1582354509,-594418.9564875512,-22578.417101711322,4.966176874751856,
18052,3rr4,52,0,18,0.281005859375,0,-616996.9865505825,-594418.9564875512,-22578.29780915831,6.174372369730202,
18053,3rr4,53,0,18,0.281005859375,0,-616996.9521928367,-594418.9564875512,-22578.306648338155,7.17051713930701,
18054,3rr4,54,0,18,0.281005859375,0,-616997.1403613715,-594418.9564875512,-22578.135688201914,-1.1111867560495279,
18055,3rr4,55,0,18,0.281005859375,0,-616997.1847272504,-594418.9564875512,-22578.41342599398,4.270497409453259,
18056,3rr4,56,0,18,0.281005859375,0,-616997.1441917771,-594418.9564875512,-22578.41678955575,5.282833206656121,
18057,3rr4,57,0,18,0.281005859375,0,-616997.1846701236,-594418.9564875512,-22578.156639951976,-1.6498120203464983,
18058,3rr4,58,0,18,0.281005859375,0,-616996.5057229018,-594418.9564875512,-22577.824140904533,6.339472676097591,
18059,3rr4,59,0,18,0.281005859375,0,-616996.723940175,-594418.9564875512,-22577.912120890076,3.336129473764972,
18060,3rr4,60,0,18,0.281005859375,0,-616997.7344002563,-594418.9564875512,-22578.7302032562,-1.100206028072218,
18061,3rr4,61,0,18,0.281005859375,0,-616997.4921902214,-594418.9564875512,-22578.562536664795,0.6188066152388386,
18062,3rr4,62,0,18,0.281005859375,0,-616997.70519863,-594418.9564875512,-22578.725885034764,-0.5263810797367869,
18063,3rr4,63,0,18,0.281005859375,0,-616997.5373492221,-594418.9564875512,-22578.57263938695,-0.18961037218214205,
18064,3rr4,64,0,18,0.281005859375,0,-616997.3240405243,-594418.9564875512,-22578.24567507525,-2.810571092802919,
18065,3rr4,65,0,18,0.281005859375,0,-616997.2204592864,-594418.9564875512,-22578.130730625842,-3.0726129739938326,
18066,3rr4,66,0,18,0.281005859375,0,-616997.1600068536,-594418.9564875512,-22578.08650323358,-2.698454652473224,
18067,3rr4,67,0,18,0.281005859375,0,-616996.5502280733,-594418.9564875512,-22577.823167203584,5.290704963204332,
18068,3rr4,68,0,18,0.281005859375,0,-616997.5554614863,-594418.9564875512,-22578.628185606947,0.6736371553670691,
18069,3rr4,69,0,18,0.281005859375,0,-616997.5813815846,-594418.9564875512,-22578.628628763152,0.08612491364156297,
18070,3rr4,70,0,18,0.281005859375,0,-616997.1460375951,-594418.9564875512,-22578.151805215533,-0.8704164198753154,
18071,3rr4,71,0,18,0.281005859375,0,-616997.1698564813,-594418.9564875512,-22578.136897489505,-1.7634733121124488,
18072,3rr4,72,0,18,0.281005859375,0,-616996.5325926746,-594418.9564875512,-22577.81733065823,5.562792984206036,
18073,3rr4,73,0,18,0.281005859375,0,-616996.7423612757,-594418.9564875512,-22577.90935631982,2.8475762956615207,
18074,3rr4,74,0,18,0.281005859375,0,-616997.0708105637,-594418.9564875512,-22578.08597137877,-0.6538042064497093,
18075,3rr4,75,0,18,0.281005859375,0,-616997.1384529403,-594418.9564875512,-22578.156980035918,-0.5761759311180056,
18076,3rr4,76,0,18,0.281005859375,0,-616997.0693660052,-594418.9564875512,-22578.0830545403,-0.6877557891524223,
18077,3rr4,77,0,18,0.281005859375,0,-616977.637576824,-594418.9564875512,-22578.931241946335,466.97961430448953,
18078,3rr4,78,0,18,0.281005859375,0,-616984.3932647571,-594418.9564875512,-22578.941839109964,311.4341259940324,
18079,3rr4,79,0,18,0.281005859375,0,-616993.889205716,-594418.9564875512,-22578.94058031679,92.42349685557633,
18080,3rr4,80,0,18,0.281005859375,0,-616994.7752839336,-594418.9564875512,-22578.95343669043,72.28652275506327,
18081,3rr4,81,0,18,0.281005859375,0,-616981.7894689918,-594418.9564875512,-22578.96841983095,372.09204876898497,
18082,3rr4,82,0,18,0.281005859375,0,-616997.931815867,-594418.9564875512,-22578.946531177266,-0.6640777893567814,
18083,3rr4,83,0,18,0.281005859375,0,-616977.1105497936,-594418.9564875512,-22578.96460599557,479.90253960201323,
18084,3rr4,84,0,18,0.281005859375,0,-616977.9838767973,-594418.9564875512,-22578.967927851976,459.83974429051574,
18085,3rr4,85,0,18,0.281005859375,0,-616977.9537735131,-594418.9564875512,-22578.975938063086,460.71866237133787,
18086,3rr4,86,0,18,0.281005859375,0,-616983.1199897685,-594418.9564875512,-22578.95659359964,341.13679138584524,
18087,3rr4,87,0,18,0.281005859375,0,-617001.353166328,-594418.9564875512,-22578.858605131532,-81.5899165256267,
18088,3rr4,88,0,18,0.281005859375,0,-617000.0434695531,-594418.9564875512,-22578.963863017947,-48.960286879537286,
18089,3rr4,89,0,18,0.281005859375,0,-616985.4393246889,-594418.9564875512,-22578.956714899883,287.6544547692761,
18090,3rr4,90,0,18,0.281005859375,0,-616980.2726500217,-594418.9564875512,-22578.90447130559,405.59603715135864,
18091,3rr4,91,0,18,0.281005859375,0,-616999.622854179,-594418.9564875512,-22578.91325672979,-40.42767465515646,
18092,3rr4,92,0,18,0.281005859375,0,-617000.451180666,-594418.9564875512,-22578.969330694068,-58.2362408922799,
18093,3rr4,93,0,18,0.281005859375,0,-616989.8767523954,-594418.9564875512,-22578.93422569554,184.80632752499267,
18094,3rr4,94,0,18,0.281005859375,0,-616994.3438414474,-594418.9564875512,-22578.92149452529,81.49921901810191,
18095,3rr4,95,0,18,0.281005859375,0,-616994.4064280783,-594418.9564875512,-22578.884582039067,79.20471486795728,
18096,3rr4,96,0,18,0.281005859375,0,-616996.858369977,-594418.9564875512,-22578.65087367821,17.272148601685675,
18097,3rr4,97,0,18,0.281005859375,0,-616999.8395119812,-594418.9564875512,-22578.744266405054,-49.32093173282037,
18098,3rr4,98,0,18,0.281005859375,0,-616987.0919861717,-594418.9564875512,-22578.629512072614,241.99769914870154,
18099,3rr4,99,0,18,0.281005859375,0,-616983.1408511855,-594418.9564875512,-22578.629534008338,333.113542331353,
18100,3rr4,100,0,18,0.281005859375,0,-616987.6474408034,-594418.9564875512,-22578.651015894153,229.68450095213075,
19001,1s38,1,0,19,0.281005859375,0,-610409.9491508486,-594418.9564875512,-15989.507513086355,-34.24837747598987,
19002,1s38,2,0,19,0.281005859375,0,-610393.0365081171,-594418.9564875512,-15989.507376138368,355.7632710791284,
19003,1s38,3,0,19,0.281005859375,0,-610387.1558205086,-594418.9564875512,-15989.507125859875,491.36937739269655,
19004,1s38,4,0,19,0.281005859375,0,-610410.1987368215,-594418.9564875512,-15989.507510411417,-40.00402842935099,
19005,1s38,5,0,19,0.281005859375,0,-610409.0292192843,-594418.9564875512,-15989.507587088161,-13.032545115587157,
19006,1s38,6,0,19,0.281005859375,0,-610397.0433840847,-594418.9564875512,-15989.507690053446,263.36975523043435,
19007,1s38,7,0,19,0.281005859375,0,-610408.7881215796,-594418.9564875512,-15989.5075382614,-7.473825935441019,
19008,1s38,8,0,19,0.281005859375,0,-610409.104423242,-594418.9564875512,-15989.5076853841,-14.764522821773335,
19009,1s38,9,0,19,0.281005859375,0,-610393.9421579085,-594418.9564875512,-15989.507516693258,334.8817320205565,
19010,1s38,10,0,19,0.281005859375,0,-610411.3223540098,-594418.9564875512,-15989.507811779902,-65.90830662122585,
19011,1s38,11,0,19,0.281005859375,0,-610408.9233221259,-594418.9564875512,-15989.507317201456,-10.596722364801423,
19012,1s38,12,0,19,0.281005859375,0,-610409.3464940874,-594418.9564875512,-15989.50517729294,-20.404647085024255,
19013,1s38,13,0,19,0.281005859375,0,-610400.076739235,-594418.9564875512,-15989.504696025637,193.34987977921764,
19014,1s38,14,0,19,0.281005859375,0,-610409.548216802,-594418.9564875512,-15989.504820661634,-25.0647075065129,
19015,1s38,15,0,19,0.281005859375,0,-610380.9341988494,-594418.9564875512,-15989.509089509327,634.8886640816268,
19016,1s38,16,0,19,0.281005859375,0,-610380.267385391,-594418.9564875512,-15989.506989764432,650.2173264636284,
19017,1s38,17,0,19,0.281005859375,0,-610408.1702380773,-594418.9564875512,-15989.50606271236,6.740879153277464,
19018,1s38,18,0,19,0.281005859375,0,-610408.176734747,-594418.9564875512,-15989.508169862991,6.63965443826101,
19019,1s38,19,0,19,0.281005859375,0,-610407.1829456132,-594418.9564875512,-15989.506538881538,29.5193649671243,
19020,1s38,20,0,19,0.281005859375,0,-610378.9366517516,-594418.9564875512,-15989.506059252333,680.8833150865562,
19021,1s38,21,0,19,0.281005859375,0,-610408.1757829015,-594418.9564875512,-15989.510675248042,6.719380069861143,
19022,1s38,22,0,19,0.281005859375,0,-610408.1845604538,-594418.9564875512,-15989.507564586484,6.445231345911206,
19023,1s38,23,0,19,0.281005859375,0,-610408.1836259713,-594418.9564875512,-15989.50800856726,6.477019462743118,
19024,1s38,24,0,19,0.281005859375,0,-610408.180365034,-594418.9564875512,-15989.506459952878,6.5165065669837015,
19025,1s38,25,0,19,0.281005859375,0,-610408.1800090503,-594418.9564875512,-15989.506389570364,6.523092687613712,
19026,1s38,26,0,19,0.281005859375,0,-610408.1935908297,-594418.9564875512,-15989.505391733037,6.186878737886635,
19027,1s38,27,0,19,0.281005859375,0,-610408.1899024766,-594418.9564875512,-15989.509048684407,6.356265483276393,
19028,1s38,28,0,19,0.281005859375,0,-610408.1972053924,-594418.9564875512,-15989.511474815172,6.243804148846041,
19029,1s38,29,0,19,0.281005859375,0,-610408.1771485114,-594418.9564875512,-15989.505975669428,6.579513499273012,
19030,1s38,30,0,19,0.281005859375,0,-610408.1857106339,-594418.9564875512,-15989.502404540379,6.299714072233535,
19031,1s38,31,0,19,0.281005859375,0,-610408.2014616021,-594418.9564875512,-15989.505567647228,6.009431092378362,
19032,1s38,32,0,19,0.281005859375,0,-610408.1579418429,-594418.9564875512,-15989.509391476218,7.101200172358507,
19033,1s38,33,0,19,0.281005859375,0,-610408.1958499152,-594418.9564875512,-15989.506391348397,6.157834668322698,
19034,1s38,34,0,19,0.281005859375,0,-610408.1823094632,-594418.9564875512,-15989.506527020758,6.4732135882067015,
19035,1s38,35,0,19,0.281005859375,0,-610386.2923678944,-594418.9564875512,-15989.504535339182,511.2213288748572,
19036,1s38,36,0,19,0.281005859375,0,-610408.1682612131,-594418.9564875512,-15989.509115881188,6.856874470039797,
19037,1s38,37,0,19,0.281005859375,0,-610408.178607097,-594418.9564875512,-15989.506757362673,6.563903990473276,
19038,1s38,38,0,19,0.281005859375,0,-610408.1819600611,-594418.9564875512,-15989.507402681613,6.5014642105772475,
19039,1s38,39,0,19,0.281005859375,0,-610385.287685887,-594418.9564875512,-15989.509206694689,534.4975703799937,
19040,1s38,40,0,19,0.281005859375,0,-610408.1864219862,-594418.9564875512,-15989.504691166336,6.336040745017207,
19041,1s38,41,0,19,0.281005859375,0,-610408.186774958,-594418.9564875512,-15989.511872431045,6.493504919380351,
19042,1s38,42,0,19,0.281005859375,0,-610408.2013023982,-594418.9564875512,-15989.503380716853,5.9626706087879455,
19043,1s38,43,0,19,0.281005859375,0,-610408.14915701,-594418.9564875512,-15989.505481770524,7.213623276433306,
19044,1s38,44,0,19,0.281005859375,0,-610408.1840060909,-594418.9564875512,-15989.508072742823,6.469733621516938,
19045,1s38,45,0,19,0.281005859375,0,-610408.1680418489,-594418.9564875512,-15989.500230130458,6.6570228485798255,
19046,1s38,46,0,19,0.281005859375,0,-610408.1739471226,-594418.9564875512,-15989.50708454809,6.67891062716742,
19047,1s38,47,0,19,0.281005859375,0,-610408.1863345267,-594418.9564875512,-15989.505801659314,6.3636661844054725,
19048,1s38,48,0,19,0.281005859375,0,-610408.1960517563,-594418.9564875512,-15989.506617761663,6.158401315507611,
19049,1s38,49,0,19,0.281005859375,0,-610408.1863898812,-594418.9564875512,-15989.509147602124,6.439548954964828,
19050,1s38,50,0,19,0.281005859375,0,-610408.1788848182,-594418.9564875512,-15989.508103901417,6.588551508409515,
19051,1s38,51,0,19,0.281005859375,0,-610408.1455823843,-594418.9564875512,-15989.505945038096,7.3067393074871125,
19052,1s38,52,0,19,0.281005859375,0,-610408.1615012932,-594418.9564875512,-15989.509518639918,7.022049763733705,
19053,1s38,53,0,19,0.281005859375,0,-610396.9432374107,-594418.9564875512,-15989.50748041502,265.67435801864514,
19054,1s38,54,0,19,0.281005859375,0,-610408.160382157,-594418.9564875512,-15989.506181776575,6.970907761526691,
19055,1s38,55,0,19,0.281005859375,0,-610408.1487573445,-594418.9564875512,-15989.504196165472,7.193193026339245,
19056,1s38,56,0,19,0.281005859375,0,-610408.1663618396,-594418.9564875512,-15989.502146683624,6.739961549365627,
19057,1s38,57,0,19,0.281005859375,0,-610408.191636032,-594418.9564875512,-15989.505198529081,6.227502056336312,
19058,1s38,58,0,19,0.281005859375,0,-610408.1882940949,-594418.9564875512,-15989.503452113042,6.264295645807056,
19059,1s38,59,0,19,0.281005859375,0,-610408.1982332539,-594418.9564875512,-15989.504366954165,6.056189930979457,
19060,1s38,60,0,19,0.281005859375,0,-610408.1723718087,-594418.9564875512,-15989.502915641298,6.6191009559580065,
19061,1s38,61,0,19,0.281005859375,0,-610408.1938127832,-594418.9564875512,-15989.504874579574,6.169834526540034,
19062,1s38,62,0,19,0.281005859375,0,-610408.1885657018,-594418.9564875512,-15989.506568092289,6.329888429036547,
19063,1s38,63,0,19,0.281005859375,0,-610408.1854226717,-594418.9564875512,-15989.511202131831,6.509231915552417,
19064,1s38,64,0,19,0.281005859375,0,-610408.1690177617,-594418.9564875512,-15989.505747938356,6.761761438056308,
19065,1s38,65,0,19,0.281005859375,0,-610408.1860927009,-594418.9564875512,-15989.507812064452,6.415603864206027,
19066,1s38,66,0,19,0.281005859375,0,-610408.208121212,-594418.9564875512,-15989.506624522643,5.880228967012813,
19067,1s38,67,0,19,0.281005859375,0,-610408.1624857661,-594418.9564875512,-15989.506225167952,6.923398011055352,
19068,1s38,68,0,19,0.281005859375,0,-610408.1848015584,-594418.9564875512,-15989.504740543543,6.374547363766665,
19069,1s38,69,0,19,0.281005859375,0,-610408.1610501774,-594418.9564875512,-15989.506837429379,6.970622556762936,
19070,1s38,70,0,19,0.281005859375,0,-610408.198619654,-594418.9564875512,-15989.503799912254,6.034203034780061,
19071,1s38,71,0,19,0.281005859375,0,-610408.180529717,-594418.9564875512,-15989.50757337444,6.538384998503373,
19072,1s38,72,0,19,0.281005859375,0,-610408.1899573389,-594418.9564875512,-15989.50600793982,6.2848790941308685,
19073,1s38,73,0,19,0.281005859375,0,-610408.1727397898,-594418.9564875512,-15989.506234907203,6.687159199233422,
19074,1s38,74,0,19,0.281005859375,0,-610408.159232132,-594418.9564875512,-15989.504488655606,6.958383669549921,
19075,1s38,75,0,19,0.281005859375,0,-610408.1750001286,-594418.9564875512,-15989.510643724154,6.736704283592094,
19076,1s38,76,0,19,0.281005859375,0,-610408.1704160408,-594418.9564875512,-15989.506560033164,6.748243707175602,
19077,1s38,77,0,19,0.281005859375,0,-610368.7573833982,-594418.9564875512,-15989.562995958899,916.9358114755878,
19078,1s38,78,0,19,0.281005859375,0,-610391.4881724139,-594418.9564875512,-15989.54619627895,392.36395432945784,
19079,1s38,79,0,19,0.281005859375,0,-610370.2765029084,-594418.9564875512,-15989.567292022732,882.0031529358291,
19080,1s38,80,0,19,0.281005859375,0,-610410.0142006142,-594418.9564875512,-15989.546752896655,-34.84356918543141,
19081,1s38,81,0,19,0.281005859375,0,-610410.199692719,-594418.9564875512,-15989.563483933161,-38.7352918739219,
19082,1s38,82,0,19,0.281005859375,0,-610400.2134480388,-594418.9564875512,-15989.565860646115,191.60778952583732,
19083,1s38,83,0,19,0.281005859375,0,-610382.4375664067,-594418.9564875512,-15989.578335131555,601.8170266027971,
19084,1s38,84,0,19,0.281005859375,0,-610406.7835124627,-594418.9564875512,-15989.566388666144,40.110681058116704,
19085,1s38,85,0,19,0.281005859375,0,-610407.0672894678,-594418.9564875512,-15989.565635895848,33.54926856475451,
19086,1s38,86,0,19,0.281005859375,0,-610381.7124104082,-594418.9564875512,-15989.572107387861,618.3959060092427,
19087,1s38,87,0,19,0.281005859375,0,-610405.1068750015,-594418.9564875512,-15989.572844372515,78.92373155440137,
19088,1s38,88,0,19,0.281005859375,0,-610407.6088870957,-594418.9564875512,-15989.562241075448,20.98144414298591,
19089,1s38,89,0,19,0.281005859375,0,-610398.0627905609,-594418.9564875512,-15989.565607769307,241.1972976846354,
19090,1s38,90,0,19,0.281005859375,0,-610394.2012504153,-594418.9564875512,-15989.574715988347,330.45656943267505,
19091,1s38,91,0,19,0.281005859375,0,-610404.7148431856,-594418.9564875512,-15989.570724125731,87.9153059422145,
19092,1s38,92,0,19,0.281005859375,0,-610393.0431539364,-594418.9564875512,-15989.572712169163,357.11669950876257,
19093,1s38,93,0,19,0.281005859375,0,-610382.18316436,-594418.9564875512,-15989.567711101821,607.4386812225016,
19094,1s38,94,0,19,0.281005859375,0,-610376.1041679677,-594418.9564875512,-15989.570798316992,747.6948611627845,
19095,1s38,95,0,19,0.281005859375,0,-610411.7929497482,-594418.9564875512,-15989.507265765911,-76.77309353689061,
19096,1s38,96,0,19,0.281005859375,0,-610405.2377857949,-594418.9564875512,-15989.507867651906,74.40645816735842,
19097,1s38,97,0,19,0.281005859375,0,-610397.3036609456,-594418.9564875512,-15989.50763364153,257.36632734059526,
19098,1s38,98,0,19,0.281005859375,0,-610410.7353497124,-594418.9564875512,-15989.507461661666,-52.37973986229252,
19099,1s38,99,0,19,0.281005859375,0,-610378.7397562998,-594418.9564875512,-15989.507791693268,685.4637831090024,
19100,1s38,100,0,19,0.281005859375,0,-610401.5929969053,-594418.9564875512,-15989.50761057175,158.4513582784324,
20001,1r5y,1,0,20,0.281005859375,0,-610844.3503909402,-594418.9564875512,-16425.891832486934,11.482517779364326,
20002,1r5y,2,0,20,0.281005859375,0,-610835.6345316835,-594418.9564875512,-16425.891581421565,212.4692173481481,
20003,1r5y,3,0,20,0.281005859375,0,-610843.4313175919,-594418.9564875512,-16425.891878419076,32.67791190764082,
20004,1r5y,4,0,20,0.281005859375,0,-610846.9653552211,-594418.9564875512,-16425.891923888787,-48.817883317958675,
20005,1r5y,5,0,20,0.281005859375,0,-610814.1677323274,-594418.9564875512,-16425.89186371273,707.5118804601188,
20006,1r5y,6,0,20,0.281005859375,0,-610822.782319667,-594418.9564875512,-16425.891727134287,508.85162749841965,
20007,1r5y,7,0,20,0.281005859375,0,-610843.2515244996,-594418.9564875512,-16425.891771326704,36.82156950361163,
20008,1r5y,8,0,20,0.281005859375,0,-610833.1007389771,-594418.9564875512,-16425.89171156252,270.90286636955534,
20009,1r5y,9,0,20,0.281005859375,0,-610842.5567317109,-594418.9564875512,-16425.860858516244,52.13100549580348,
20010,1r5y,10,0,20,0.281005859375,0,-610843.3161297874,-594418.9564875512,-16425.891809904762,35.33262580669473,
20011,1r5y,11,0,20,0.281005859375,0,-610843.9875288606,-594418.9564875512,-16425.89186031852,19.85095793436534,
20012,1r5y,12,0,20,0.281005859375,0,-610822.612958996,-594418.9564875512,-16425.866289979804,512.1705826367547,
20013,1r5y,13,0,20,0.281005859375,0,-610844.8090866066,-594418.9564875512,-16425.864545644323,0.2754948855002275,
20014,1r5y,14,0,20,0.281005859375,0,-610844.7946203944,-594418.9564875512,-16425.864894292037,0.617133672255919,
20015,1r5y,15,0,20,0.281005859375,0,-610844.8119872571,-594418.9564875512,-16425.865387110844,0.22800897504167575,
20016,1r5y,16,0,20,0.281005859375,0,-610844.7882528986,-594418.9564875512,-16425.864533065058,0.7556415205066416,
20017,1r5y,17,0,20,0.281005859375,0,-610844.7995627458,-594418.9564875512,-16425.865892476115,0.5261790110706069,
20018,1r5y,18,0,20,0.281005859375,0,-610844.7990002378,-594418.9564875512,-16425.862630044612,0.46391729619314503,
20019,1r5y,19,0,20,0.281005859375,0,-610844.7722368281,-594418.9564875512,-16425.861294550483,1.050298960029561,
20020,1r5y,20,0,20,0.281005859375,0,-610844.8096803818,-594418.9564875512,-16425.864978594076,0.2717861629442456,
20021,1r5y,21,0,20,0.281005859375,0,-610844.8128425879,-594418.9564875512,-16425.866186611303,0.22672149580924672,
20022,1r5y,22,0,20,0.281005859375,0,-610844.806494313,-594418.9564875512,-16425.867401481002,0.40113175582534993,
20023,1r5y,23,0,20,0.281005859375,0,-610844.7765802463,-594418.9564875512,-16425.861999421366,0.96639206624743,
20024,1r5y,24,0,20,0.281005859375,0,-610844.795832032,-594418.9564875512,-16425.863794632445,0.5638338920927848,
20025,1r5y,25,0,20,0.281005859375,0,-610844.7961369331,-594418.9564875512,-16425.86970991623,0.6932123890389185,
20026,1r5y,26,0,20,0.281005859375,0,-610844.7714518103,-594418.9564875512,-16425.8638821705,1.1280738368969188,
20027,1r5y,27,0,20,0.281005859375,0,-610844.8010956513,-594418.9564875512,-16425.864554913125,0.4599844351170444,
20028,1r5y,28,0,20,0.281005859375,0,-610844.7913440473,-594418.9564875512,-16425.86591560758,0.7162401264346695,
20029,1r5y,29,0,20,0.281005859375,0,-610844.7642406339,-594418.9564875512,-16425.864254379667,1.3029508608714588,
20030,1r5y,30,0,20,0.281005859375,0,-610844.8106357672,-594418.9564875512,-16425.863179252625,0.208260652888597,
20031,1r5y,31,0,20,0.281005859375,0,-610844.7841448385,-594418.9564875512,-16425.863782374723,0.8330643077454115,
20032,1r5y,32,0,20,0.281005859375,0,-610844.7892575137,-594418.9564875512,-16425.86610493518,0.7687227320609775,
20033,1r5y,33,0,20,0.281005859375,0,-610844.7816152417,-594418.9564875512,-16425.866990825936,0.9653868382561331,
20034,1r5y,34,0,20,0.281005859375,0,-610844.7820949835,-594418.9564875512,-16425.865062109646,0.9098464744130261,
20035,1r5y,35,0,20,0.281005859375,0,-610844.7924200323,-594418.9564875512,-16425.86351556956,0.6360811306695003,
20036,1r5y,36,0,20,0.281005859375,0,-610844.7720990604,-594418.9564875512,-16425.866826726393,1.181050967102672,
20037,1r5y,37,0,20,0.281005859375,0,-610844.7919468731,-594418.9564875512,-16425.86206073168,0.6134430836769861,
20038,1r5y,38,0,20,0.281005859375,0,-610844.779440128,-594418.9564875512,-16425.863703308558,0.9397341989156495,
20039,1r5y,39,0,20,0.281005859375,0,-610844.8334313835,-594418.9564875512,-16425.86326951858,-0.31533716473110357,
20040,1r5y,40,0,20,0.281005859375,0,-610844.7921416934,-594418.9564875512,-16425.863173631886,0.6346145082575361,
20041,1r5y,41,0,20,0.281005859375,0,-610844.7824159288,-594418.9564875512,-16425.865013843515,0.9013322569157135,
20042,1r5y,42,0,20,0.281005859375,0,-610844.7831196963,-594418.9564875512,-16425.86668787612,0.9237071012541809,
20043,1r5y,43,0,20,0.281005859375,0,-610844.799217967,-594418.9564875512,-16425.86447477067,0.5014367366570491,
20044,1r5y,44,0,20,0.281005859375,0,-610844.822026594,-594418.9564875512,-16425.865489580865,-0.001140618045512542,
20045,1r5y,45,0,20,0.281005859375,0,-610844.8081432851,-594418.9564875512,-16425.86683841386,0.350120917649009,
20046,1r5y,46,0,20,0.281005859375,0,-610844.819672197,-594418.9564875512,-16425.864976458673,0.041320187118596564,
20047,1r5y,47,0,20,0.281005859375,0,-610844.8254308184,-594418.9564875512,-16425.869004541495,0.0014130199046879937,
20048,1r5y,48,0,20,0.281005859375,0,-610844.8102894999,-594418.9564875512,-16425.86248836862,0.20031360166898743,
20049,1r5y,49,0,20,0.281005859375,0,-610844.8007173294,-594418.9564875512,-16425.864309240307,0.46304339729354166,
20050,1r5y,50,0,20,0.281005859375,0,-610844.7980502801,-594418.9564875512,-16425.865716003816,0.5569877523261596,
20051,1r5y,51,0,20,0.281005859375,0,-610844.7800457891,-594418.9564875512,-16425.862428206936,0.896362780834588,
20052,1r5y,52,0,20,0.281005859375,0,-610844.8238972645,-594418.9564875512,-16425.86291928186,-0.10355180979899711,
20053,1r5y,53,0,20,0.281005859375,0,-610844.8085775718,-594418.9564875512,-16425.86588790468,0.3181867670326284,
20054,1r5y,54,0,20,0.281005859375,0,-610844.8080075392,-594418.9564875512,-16425.86444915446,0.2981536607172823,
20055,1r5y,55,0,20,0.281005859375,0,-610844.8149413947,-594418.9564875512,-16425.866371784865,0.1825920653397202,
20056,1r5y,56,0,20,0.281005859375,0,-610844.8072123686,-594418.9564875512,-16425.867437421155,0.38540179895774274,
20057,1r5y,57,0,20,0.281005859375,0,-610844.7743153594,-594418.9564875512,-16425.862934767196,1.0401911853011176,
20058,1r5y,58,0,20,0.281005859375,0,-610844.7654384148,-594418.9564875512,-16425.863512487616,1.258220941597004,
20059,1r5y,59,0,20,0.281005859375,0,-610844.7754012678,-594418.9564875512,-16425.865034118073,1.0635617243607043,
20060,1r5y,60,0,20,0.281005859375,0,-610844.7592397113,-594418.9564875512,-16425.864890400073,1.4329418545915473,
20061,1r5y,61,0,20,0.281005859375,0,-610844.8109195669,-594418.9564875512,-16425.86503682574,0.24455272963739774,
20062,1r5y,62,0,20,0.281005859375,0,-610844.7855632728,-594418.9564875512,-16425.864103201642,0.8077528798620823,
20063,1r5y,63,0,20,0.281005859375,0,-610844.8110444696,-594418.9564875512,-16425.864835927616,0.23703958420109592,
20064,1r5y,64,0,20,0.281005859375,0,-610828.7444063888,-594418.9564875512,-16425.77667131888,368.70939134590407,
20065,1r5y,65,0,20,0.281005859375,0,-610847.6878715878,-594418.9564875512,-16425.74971375157,-68.75895022297186,
20066,1r5y,66,0,20,0.281005859375,0,-610842.3538676916,-594418.9564875512,-16425.782161721,54.99436970551454,
20067,1r5y,67,0,20,0.281005859375,0,-610825.2640107406,-594418.9564875512,-16425.7808019383,449.064476009268,
20068,1r5y,68,0,20,0.281005859375,0,-610846.7356436618,-594418.9564875512,-16425.774632963745,-46.22540190560724,
20069,1r5y,69,0,20,0.281005859375,0,-610834.3694041766,-594418.9564875512,-16425.78444752999,239.17318450240074,
20070,1r5y,70,0,20,0.281005859375,0,-610846.7970327326,-594418.9564875512,-16425.72684164937,-48.74316140049976,
20071,1r5y,71,0,20,0.281005859375,0,-610831.5379897595,-594418.9564875512,-16425.785125569713,304.48278806442454,
20072,1r5y,72,0,20,0.281005859375,0,-610835.3440444709,-594418.9564875512,-16425.776462710317,216.51331106143036,
20073,1r5y,73,0,20,0.281005859375,0,-610840.6854461636,-594418.9564875512,-16425.743485363422,92.57718615868662,
20074,1r5y,74,0,20,0.281005859375,0,-610841.3759766611,-594418.9564875512,-16425.777829095467,77.4451598688998,
20075,1r5y,75,0,20,0.281005859375,0,-610808.1348236194,-594418.9564875512,-16425.768774866458,843.7955640511791,
20076,1r5y,76,0,20,0.281005859375,0,-610834.2099808686,-594418.9564875512,-16425.781426083486,242.77989710979372,
20077,1r5y,77,0,20,0.281005859375,0,-610842.6928147522,-594418.9564875512,-16425.7861655805,47.27039599520963,
20078,1r5y,78,0,20,0.281005859375,0,-610834.5498356506,-594418.9564875512,-16425.786080273327,235.04998782188338,
20079,1r5y,79,0,20,0.281005859375,0,-610841.6474021138,-594418.9564875512,-16425.788100366357,71.42280136890997,
20080,1r5y,80,0,20,0.281005859375,0,-610817.3765048279,-594418.9564875512,-16425.778753188315,630.9074380760463,
20081,1r5y,81,0,20,0.281005859375,0,-610846.1222410534,-594418.9564875512,-16425.749663108854,-32.655820247442364,
20082,1r5y,82,0,20,0.281005859375,0,-610821.9709051369,-594418.9564875512,-16425.79540079266,525.3419528730003,
20083,1r5y,83,0,20,0.281005859375,0,-610845.4511006151,-594418.9564875512,-16425.735976913726,-17.494565226462836,
20084,1r5y,84,0,20,0.281005859375,0,-610819.8156947361,-594418.9564875512,-16425.779474826082,574.6750238920259,
20085,1r5y,85,0,20,0.281005859375,0,-610819.7523254041,-594418.9564875512,-16425.782052576385,576.195799737721,
20086,1r5y,86,0,20,0.281005859375,0,-610842.8288341268,-594418.9564875512,-16425.79618928814,44.36486689099376,
20087,1r5y,87,0,20,0.281005859375,0,-610827.9839312206,-594418.9564875512,-16425.780291144813,386.3298405061115,
20088,1r5y,88,0,20,0.281005859375,0,-610850.2378450218,-594418.9564875512,-16425.77888737872,-126.88997473918032,
20089,1r5y,89,0,20,0.281005859375,0,-610818.124082586,-594418.9564875512,-16425.78748496714,613.869245030181,
20090,1r5y,90,0,20,0.281005859375,0,-610848.4226193462,-594418.9564875512,-16425.891616736364,-82.43027548013184,
20091,1r5y,91,0,20,0.281005859375,0,-610835.9599281697,-594418.9564875512,-16425.891626818426,204.96644299048856,
20092,1r5y,92,0,20,0.281005859375,0,-610836.7004647282,-594418.9564875512,-16425.89150079915,187.8863581906623,
20093,1r5y,93,0,20,0.281005859375,0,-610847.9602004822,-594418.9564875512,-16425.892098330358,-71.75553732739422,
20094,1r5y,94,0,20,0.281005859375,0,-610845.0740027663,-594418.9564875512,-16425.89185865643,-5.203763863798084,
20095,1r5y,95,0,20,0.281005859375,0,-610838.0076910321,-594418.9564875512,-16425.89130707652,157.7365361326677,
20096,1r5y,96,0,20,0.281005859375,0,-610838.7295547534,-594418.9564875512,-16425.891548766853,141.0955367727543,
20097,1r5y,97,0,20,0.281005859375,0,-610849.1052714982,-594418.9564875512,-16425.89165952065,-98.17162145455066,
20098,1r5y,98,0,20,0.281005859375,0,-610846.8178196235,-594418.9564875512,-16425.89154128582,-45.42445464783415,
20099,1r5y,99,0,20,0.281005859375,0,-610847.0719834877,-594418.9564875512,-16425.89127196553,-51.29182326806755,
20100,1r5y,100,0,20,0.281005859375,0,-610849.7340167492,-594418.9564875512,-16425.89152979703,-112.67382288591834,
