mol_id,ligand_pdb,pose_index,label,ligunity_rank,ligunity_score,formal_charge,aimnet_complex_eV,aimnet_pocket_eV,aimnet_ligand_eV,aimnet_interaction_kcal_mol,error
1001,2xnb,1,0,1,0.64697265625,1,-655208.5062616838,-613327.228754962,-41876.69389817323,-105.70052417083502,
1002,2xnb,2,0,1,0.64697265625,1,-655204.6853240533,-613327.228754962,-41876.46337378338,-22.90362790346479,
1003,2xnb,3,0,1,0.64697265625,1,-655208.8518385699,-613327.228754962,-41876.06565827234,-128.15727276524757,
1004,2xnb,4,0,1,0.64697265625,1,-655208.2125605368,-613327.228754962,-41876.59052020676,-101.3115673638712,
1005,2xnb,5,0,1,0.64697265625,1,-655207.3473639179,-613327.228754962,-41876.4849474816,-83.79422422781622,
1006,2xnb,6,0,1,0.64697265625,1,-655206.1840157089,-613327.228754962,-41876.18393168253,-63.90836644286118,
1007,2xnb,7,0,1,0.64697265625,1,-655210.9222373257,-613327.228754962,-41876.733357550416,-160.50429116410706,
1008,2xnb,8,0,1,0.64697265625,1,-655201.4738822595,-613327.228754962,-41876.52313910138,52.53220016273873,
1009,2xnb,9,0,1,0.64697265625,1,-655207.4513100131,-613327.228754962,-41876.83510122725,-78.11654092879397,
1010,2xnb,10,0,1,0.64697265625,1,-655201.7738256805,-613327.228754962,-41876.48268519858,44.68245139495182,
1011,2xnb,11,0,1,0.64697265625,1,-655204.1375063994,-613327.228754962,-41876.42066394829,-11.25556488914545,
1012,2xnb,12,0,1,0.64697265625,1,-655202.3024267214,-613327.228754962,-41874.9008231527,-3.985983563613347,
1013,2xnb,13,0,1,0.64697265625,1,-655193.4026267887,-613327.228754962,-41876.72208498639,243.24757409586246,
1014,2xnb,14,0,1,0.64697265625,1,-655189.843706287,-613327.228754962,-41876.71604217337,325.17887997281247,
1015,2xnb,15,0,1,0.64697265625,1,-655185.3706632102,-613327.228754962,-41876.80450565772,430.36972020604253,
1016,2xnb,16,0,1,0.64697265625,1,-655177.6204562344,-613327.228754962,-41876.41497289683,600.1109000031413,
1017,2xnb,17,0,1,0.64697265625,1,-655209.3647639727,-613327.228754962,-41876.7166809605,-124.97267371196536,
1018,2xnb,18,0,1,0.64697265625,1,-655206.7926672624,-613327.228754962,-41876.103127222355,-79.80759982357831,
1019,2xnb,19,0,1,0.64697265625,1,-655184.1919652788,-613327.228754962,-41876.39533944016,448.11554309910656,
1020,2xnb,20,0,1,0.64697265625,1,-655206.0930648086,-613327.228754962,-41876.76601977726,-48.38771850790716,
1021,2xnb,21,0,1,0.64697265625,1,-655206.6008662495,-613327.228754962,-41876.854538546984,-58.05660660088044,
1022,2xnb,22,0,1,0.64697265625,1,-655199.5821465757,-613327.228754962,-41876.26322837576,90.16297766158516,
1023,2xnb,23,0,1,0.64697265625,1,-655178.9554777,-613327.228754962,-41876.678353961484,575.398285280965,
1024,2xnb,24,0,1,0.64697265625,1,-655211.030763434,-613327.228754962,-41876.40544055884,-170.568908144639,
1025,2xnb,25,0,1,0.64697265625,1,-655194.8677030042,-613327.228754962,-41876.322667024535,200.25131694028317,
1026,2xnb,26,0,1,0.64697265625,1,-655206.3084664957,-613327.228754962,-41874.758380414816,-99.652262959738,
1027,2xnb,27,0,1,0.64697265625,1,-655203.9108765683,-613327.228754962,-41874.79974143487,-43.40871797887448,
1028,2xnb,28,0,1,0.64697265625,1,-655211.9848735874,-613327.228754962,-41876.56657773061,-188.85529951510102,
1029,2xnb,29,0,1,0.64697265625,1,-655191.6983898948,-613327.228754962,-41875.18864557851,247.18625769203967,
1030,2xnb,30,0,1,0.64697265625,1,-655209.8639900489,-613327.228754962,-41876.805427460284,-134.4385576168543,
1031,2xnb,31,0,1,0.64697265625,1,-655208.1962856698,-613327.228754962,-41875.14278967567,-134.32171917301298,
1032,2xnb,32,0,1,0.64697265625,1,-655201.105917692,-613327.228754962,-41874.482880584605,13.968185558613394,
1033,2xnb,33,0,1,0.64697265625,1,-655210.8915364983,-613327.228754962,-41876.60082898604,-162.85249456389704,
1034,2xnb,34,0,1,0.64697265625,1,-655202.7532287135,-613327.228754962,-41876.12174961965,13.773508724437438,
1035,2xnb,35,0,1,0.64697265625,1,-655207.0105110353,-613327.228754962,-41876.329967926846,-79.60012565369229,
1036,2xnb,36,0,1,0.64697265625,1,-655207.7506521962,-613327.228754962,-41876.33569484997,-96.53612031143514,
1037,2xnb,37,0,1,0.64697265625,1,-655204.2002135747,-613327.228754962,-41876.941883857624,-0.682010054204218,
1038,2xnb,38,0,1,0.64697265625,1,-655211.0418505431,-613327.228754962,-41876.66103339199,-164.93047220038184,
1039,2xnb,39,0,1,0.64697265625,1,-655206.6508726651,-613327.228754962,-41876.5688137719,-65.7987517814571,
1040,2xnb,40,0,1,0.64697265625,1,-655207.9433149952,-613327.228754962,-41876.38214159609,-99.90794259052669,
1041,2xnb,41,0,1,0.64697265625,1,-655200.159427809,-613327.228754962,-41876.85377477534,90.46887966371132,
1042,2xnb,42,0,1,0.64697265625,1,-655204.9337142113,-613327.228754962,-41875.175770925896,-58.3244683058017,
1043,2xnb,43,0,1,0.64697265625,1,-655178.0899432475,-613327.228754962,-41876.732214145595,596.6000292734815,
1044,2xnb,44,0,1,0.64697265625,1,-655205.0797011353,-613327.228754962,-41876.134567966204,-39.58062174026639,
1045,2xnb,45,0,1,0.64697265625,1,-655206.1736998186,-613327.228754962,-41876.30309652314,-60.922469854409904,
1046,2xnb,46,0,1,0.64697265625,1,-655202.4652045931,-613327.228754962,-41876.84898151941,37.18586873733581,
1047,2xnb,47,0,1,0.64697265625,1,-655163.6660412316,-613327.228754962,-41876.71825008013,928.9010926156989,
1048,2xnb,48,0,1,0.64697265625,1,-655207.7047681279,-613327.228754962,-41876.56748879127,-90.13271328830365,
1049,2xnb,49,0,1,0.64697265625,1,-655201.7509725356,-613327.228754962,-41876.024863443694,34.651836959828046,
1050,2xnb,50,0,1,0.64697265625,1,-655211.7277961547,-613327.228754962,-41876.7125611306,-179.56049590428242,
1051,2xnb,51,0,1,0.64697265625,1,-655169.4212311665,-613327.228754962,-41876.240525416215,785.1666673864823,
1052,2xnb,52,0,1,0.64697265625,1,-655167.0756894215,-613327.228754962,-41876.096380361676,835.9320810600709,
1053,2xnb,53,0,1,0.64697265625,1,-655176.0670598393,-613327.228754962,-41875.96366100952,625.525572510034,
1054,2xnb,54,0,1,0.64697265625,1,-655206.0574347613,-613327.228754962,-41876.45972121225,-54.629482806150364,
1055,2xnb,55,0,1,0.64697265625,1,-655177.3786499592,-613327.228754962,-41875.046032271646,574.1185644139936,
1056,2xnb,56,0,1,0.64697265625,1,-655195.1386870567,-613327.228754962,-41876.77307568754,204.38894675132582,
1057,2xnb,57,0,1,0.64697265625,1,-655202.0961880158,-613327.228754962,-41876.854911463204,45.83234092260484,
1058,2xnb,58,0,1,0.64697265625,1,-655168.5706395765,-613327.228754962,-41876.33862656667,807.044041702692,
1059,2xnb,59,0,1,0.64697265625,1,-655211.4131934243,-613327.228754962,-41876.14704849869,-185.34661569068993,
1060,2xnb,60,0,1,0.64697265625,1,-655193.5621525731,-613327.228754962,-41876.48218341308,234.0365604078199,
1061,2xnb,61,0,1,0.64697265625,1,-655174.9843160929,-613327.228754962,-41876.37610397748,660.005397251085,
1062,2xnb,62,0,1,0.64697265625,1,-655201.2796932178,-613327.228754962,-41876.48886682109,56.21996828633594,
1063,2xnb,63,0,1,0.64697265625,1,-655196.531370324,-613327.228754962,-41876.159548519914,158.12463505974253,
1064,2xnb,64,0,1,0.64697265625,1,-655207.4440253747,-613327.228754962,-41876.568020364735,-84.10758418216135,
1065,2xnb,65,0,1,0.64697265625,1,-655209.1683802863,-613327.228754962,-41876.50057281963,-125.4275304380119,
1066,2xnb,66,0,1,0.64697265625,1,-655188.9720117457,-613327.228754962,-41876.47103365767,339.6306030409433,
1067,2xnb,67,0,1,0.64697265625,1,-655207.0823316718,-613327.228754962,-41876.40527535618,-79.51971830111714,
1068,2xnb,68,0,1,0.64697265625,1,-655207.0246130531,-613327.228754962,-41876.32743465546,-79.98374453422812,
1069,2xnb,69,0,1,0.64697265625,1,-655208.597990106,-613327.228754962,-41876.49893814723,-112.31171684318477,
1070,2xnb,70,0,1,0.64697265625,1,-655209.4586794548,-613327.228754962,-41876.45359394894,-133.20534679139948,
1071,2xnb,71,0,1,0.64697265625,1,-655208.0344891158,-613327.228754962,-41876.407367427346,-101.42874627285059,
1072,2xnb,72,0,1,0.64697265625,1,-655206.5736711168,-613327.228754962,-41876.47775578731,-66.11828879403139,
1073,2xnb,73,0,1,0.64697265625,1,-655208.2225098275,-613327.228754962,-41876.487581450594,-103.91482756716312,
1074,2xnb,74,0,1,0.64697265625,1,-655198.1787175131,-613327.228754962,-41876.54015896892,128.91299187517228,
1075,2xnb,75,0,1,0.64697265625,1,-655208.3395135783,-613327.228754962,-41876.54462797821,-105.29747398178348,
1076,2xnb,76,0,1,0.64697265625,1,-655204.3659713014,-613327.228754962,-41876.393159802785,-17.158351352911314,
1077,2xnb,77,0,1,0.64697265625,1,-655196.5625360481,-613327.228754962,-41876.2572784871,159.6596429699953,
1078,2xnb,78,0,1,0.64697265625,1,-655208.8529742927,-613327.228754962,-41876.38842258463,-120.74034129482379,
1079,2xnb,79,0,1,0.64697265625,1,-655192.6743301313,-613327.228754962,-41876.603112427605,257.2989216173434,
1080,2xnb,80,0,1,0.64697265625,1,-655209.6240230837,-613327.228754962,-41876.43580911325,-137.42838950970426,
1081,2xnb,81,0,1,0.64697265625,1,-655192.1614054297,-613327.228754962,-41876.458272341035,265.78715448697324,
1082,2xnb,82,0,1,0.64697265625,1,-655184.1572591123,-613327.228754962,-41876.520713949816,451.8070911878613,
1083,2xnb,83,0,1,0.64697265625,1,-655209.3228385536,-613327.228754962,-41876.44894520343,-130.17998381074068,
1084,2xnb,84,0,1,0.64697265625,1,-655209.7844012713,-613327.228754962,-41876.426554397105,-141.3402171989664,
1085,2xnb,85,0,1,0.64697265625,1,-655184.3287938747,-613327.228754962,-41876.52572166451,447.96688623989945,
1086,2xnb,86,0,1,0.64697265625,1,-655202.6874023547,-613327.228754962,-41876.39208702575,21.525629305166504,
1087,2xnb,87,0,1,0.64697265625,1,-655211.2719747532,-613327.228754962,-41876.46603784679,-174.73396665177145,
1088,2xnb,88,0,1,0.64697265625,1,-655207.5179053425,-613327.228754962,-41876.44512021687,-88.64544145138481,
1089,2xnb,89,0,1,0.64697265625,1,-655211.4311361373,-613327.228754962,-41876.53647423657,-176.78001362703404,
1090,2xnb,90,0,1,0.64697265625,1,-655208.1677655157,-613327.228754962,-41876.50116422418,-102.33916754821126,
1091,2xnb,91,0,1,0.64697265625,1,-655204.3066555922,-613327.228754962,-41876.590891768356,-11.230691152249083,
1092,2xnb,92,0,1,0.64697265625,1,-655211.1715344624,-613327.228754962,-41876.244162318755,-177.53432974663988,
1093,2xnb,93,0,1,0.64697265625,1,-655207.1023463904,-613327.228754962,-41876.64415756914,-74.47251397699438,
1094,2xnb,94,0,1,0.64697265625,1,-655210.4488141837,-613327.228754962,-41876.01624297018,-166.12394923175557,
1095,2xnb,95,0,1,0.64697265625,1,-655207.1947453456,-613327.228754962,-41876.62843626438,-76.96582640459935,
1096,2xnb,96,0,1,0.64697265625,1,-655208.7334004584,-613327.228754962,-41876.573472342105,-113.7155543850926,
1097,2xnb,97,0,1,0.64697265625,1,-655209.8662388553,-613327.228754962,-41876.543084520774,-140.5401882293009,
1098,2xnb,98,0,1,0.64697265625,1,-655211.9617101247,-613327.228754962,-41876.368243097364,-192.89484267348107,
1099,2xnb,99,0,1,0.64697265625,1,-655211.003843414,-613327.228754962,-41876.37812305776,-170.57807427615313,
1100,2xnb,100,0,1,0.64697265625,1,-655210.58266855,-613327.228754962,-41876.38003897505,-160.82136907637152,
2001,4eor,1,1,2,0.64697265625,0,-658248.0262520197,-613327.228754962,-44917.48578185734,-76.36996677949226,
2002,4eor,2,1,2,0.64697265625,0,-658247.9341530165,-613327.228754962,-44918.46356541513,-51.69788880988032,
2003,4eor,3,1,2,0.64697265625,0,-658247.9133102326,-613327.228754962,-44918.49267293426,-50.54600745603402,
2004,4eor,4,1,2,0.64697265625,0,-658248.8008847309,-613327.228754962,-44918.08638957105,-80.38307855766713,
2005,4eor,5,1,2,0.64697265625,0,-658248.1956409903,-613327.228754962,-44918.26063347402,-62.407666469680244,
2006,4eor,6,1,2,0.64697265625,0,-658232.2611248809,-613327.228754962,-44917.76297945486,293.57483011727453,
2007,4eor,7,1,2,0.64697265625,0,-658249.2434994811,-613327.228754962,-44918.27958762772,-86.13476414937428,
2008,4eor,8,1,2,0.64697265625,0,-658247.5749258822,-613327.228754962,-44918.44663485871,-43.80434220155459,
2009,4eor,9,1,2,0.64697265625,0,-658247.4376169549,-613327.228754962,-44918.17351593858,-46.93619503816151,
2010,4eor,10,1,2,0.64697265625,0,-658237.0564095712,-613327.228754962,-44918.45038039781,198.84478047795145,
2011,4eor,11,1,2,0.64697265625,0,-658248.3386458015,-613327.228754962,-44917.82287613796,-75.80035974602981,
2012,4eor,12,1,2,0.64697265625,0,-658246.5705371827,-613327.228754962,-44916.75235521862,-59.71360523670223,
2013,4eor,13,1,2,0.64697265625,0,-658242.9139905391,-613327.228754962,-44918.360713514485,61.69798694321862,
2014,4eor,14,1,2,0.64697265625,0,-658209.444143655,-613327.228754962,-44918.29870920413,832.1011385337208,
2015,4eor,15,1,2,0.64697265625,0,-658244.6071250596,-613327.228754962,-44918.144277092244,17.662234883666756,
2016,4eor,16,1,2,0.64697265625,0,-658240.7599556076,-613327.228754962,-44918.27531366814,109.40184527001455,
2017,4eor,17,1,2,0.64697265625,0,-658245.3219488108,-613327.228754962,-44917.944093923106,-3.4383259691598655,
2018,4eor,18,1,2,0.64697265625,0,-658244.8171447726,-613327.228754962,-44917.74447991331,3.599523278457122,
2019,4eor,19,1,2,0.64697265625,0,-658244.2141379634,-613327.228754962,-44918.18906989298,27.75767913658448,
2020,4eor,20,1,2,0.64697265625,0,-658236.3876040074,-613327.228754962,-44912.65961131678,80.7294958028304,
2021,4eor,21,1,2,0.64697265625,0,-658220.6939001802,-613327.228754962,-44917.96481043544,564.9757015766805,
2022,4eor,22,1,2,0.64697265625,0,-658249.8792996352,-613327.228754962,-44918.228170666654,-101.98236730293118,
2023,4eor,23,1,2,0.64697265625,0,-658246.4358312492,-613327.228754962,-44918.07753560205,-26.04782699752808,
2024,4eor,24,1,2,0.64697265625,0,-658244.2985284146,-613327.228754962,-44918.304568485626,28.47504992035565,
2025,4eor,25,1,2,0.64697265625,0,-658236.526058071,-613327.228754962,-44917.9529633586,199.6042671922914,
2026,4eor,26,1,2,0.64697265625,0,-658249.8343731302,-613327.228754962,-44918.400399349324,-96.97464971207067,
2027,4eor,27,1,2,0.64697265625,0,-658241.135225581,-613327.228754962,-44917.80232412952,89.84051621991358,
2028,4eor,28,1,2,0.64697265625,0,-658247.2934729317,-613327.228754962,-44918.36664722378,-39.15844165695849,
2029,4eor,29,1,2,0.64697265625,0,-658247.9050850152,-613327.228754962,-44918.108659804246,-59.211882590363906,
2030,4eor,30,1,2,0.64697265625,0,-658249.940682443,-613327.228754962,-44918.08722677862,-106.64813174947582,
2031,4eor,31,1,2,0.64697265625,0,-658241.3037324097,-613327.228754962,-44918.03111126136,91.23061303329217,
2032,4eor,32,1,2,0.64697265625,0,-658230.3014780822,-613327.228754962,-44918.239925823094,349.7640033863713,
2033,4eor,33,1,2,0.64697265625,0,-658248.521998296,-613327.228754962,-44917.87118065174,-78.91464016474053,
2034,4eor,34,1,2,0.64697265625,0,-658234.8473138947,-613327.228754962,-44918.15970264916,243.0845488633227,
2035,4eor,35,1,2,0.64697265625,0,-658228.0862550015,-613327.228754962,-44917.95986673179,394.3899451242167,
2036,4eor,36,1,2,0.64697265625,0,-658225.8506236976,-613327.228754962,-44917.91523152497,444.9155154166377,
2037,4eor,37,1,2,0.64697265625,0,-658249.4009776448,-613327.228754962,-44918.50599098494,-84.54531142801594,
2038,4eor,38,1,2,0.64697265625,0,-658249.3719969796,-613327.228754962,-44917.8700274152,-98.54266972912386,
2039,4eor,39,1,2,0.64697265625,0,-658248.5806930682,-613327.228754962,-44918.25834686172,-71.33990886247473,
2040,4eor,40,1,2,0.64697265625,0,-658239.7817350476,-613327.228754962,-44918.16097096107,129.32334181743042,
2041,4eor,41,1,2,0.64697265625,0,-658248.1544888165,-613327.228754962,-44917.9870426696,-67.76782862946803,
2042,4eor,42,1,2,0.64697265625,0,-658244.6538416639,-613327.228754962,-44918.43970799534,23.39772286804224,
2043,4eor,43,1,2,0.64697265625,0,-658241.2151988611,-613327.228754962,-44917.65458474423,84.5893374084728,
2044,4eor,44,1,2,0.64697265625,0,-658234.3437919938,-613327.228754962,-44918.09610187454,253.22937103657108,
2045,4eor,45,1,2,0.64697265625,0,-658248.9761734953,-613327.228754962,-44918.19911607566,-81.8257985422177,
2046,4eor,46,1,2,0.64697265625,0,-658236.4729257422,-613327.228754962,-44917.80995435969,197.53166194210567,
2047,4eor,47,1,2,0.64697265625,0,-658222.2578672122,-613327.228754962,-44890.31346531365,-108.74540173247647,
2048,4eor,48,1,2,0.64697265625,0,-658216.2712391015,-613327.228754962,-44918.00176537811,667.8168901419908,
2049,4eor,49,1,2,0.64697265625,0,-658242.8696590656,-613327.228754962,-44917.432102272454,41.30601104609286,
2050,4eor,50,1,2,0.64697265625,0,-658243.3651447344,-613327.228754962,-44918.18866383446,47.32656416946251,
2051,4eor,51,1,2,0.64697265625,0,-658239.5051848693,-613327.228754962,-44918.32891200433,139.57355289238805,
2052,4eor,52,1,2,0.64697265625,0,-658247.9428601827,-613327.228754962,-44918.17666662266,-58.514724158354134,
2053,4eor,53,1,2,0.64697265625,0,-658214.6203696022,-613327.228754962,-44907.40801417818,461.5891389412948,
2054,4eor,54,1,2,0.64697265625,0,-658235.7637746102,-613327.228754962,-44918.29747948383,225.1276719826297,
2055,4eor,55,1,2,0.64697265625,0,-658248.0438680777,-613327.228754962,-44918.27908926922,-58.48209921146873,
2056,4eor,56,1,2,0.64697265625,0,-658246.5169000293,-613327.228754962,-44917.66474203834,-37.4365631974459,
2057,4eor,57,1,2,0.64697265625,0,-658247.32589801,-613327.228754962,-44918.06103212997,-46.95383321536158,
2058,4eor,58,1,2,0.64697265625,0,-658224.2012892488,-613327.228754962,-44918.21664380295,489.9008036163853,
2059,4eor,59,1,2,0.64697265625,0,-658245.9497230625,-613327.228754962,-44918.11028232517,-14.0827485308734,
2060,4eor,60,1,2,0.64697265625,0,-658234.7408141745,-613327.228754962,-44917.930696668416,240.25948738097662,
2061,4eor,61,1,2,0.64697265625,0,-658246.5099915022,-613327.228754962,-44917.33070095484,-44.98041916105338,
2062,4eor,62,1,2,0.64697265625,0,-658243.1455657603,-613327.228754962,-44918.11761013553,50.751638380820154,
2063,4eor,63,1,2,0.64697265625,0,-658197.0627272455,-613327.228754962,-44918.035443563684,1111.5523339623621,
2064,4eor,64,1,2,0.64697265625,0,-658248.9950007806,-613327.228754962,-44918.00504383004,-86.7353783573891,
2065,4eor,65,1,2,0.64697265625,0,-658249.0348050962,-613327.228754962,-44917.89806983247,-90.12016667017464,
2066,4eor,66,1,2,0.64697265625,0,-658190.3610428185,-613327.228754962,-44918.10529523353,1267.7076660100422,
2067,4eor,67,1,2,0.64697265625,0,-658229.8180190038,-613327.228754962,-44917.6768395063,347.9277556457155,
2068,4eor,68,1,2,0.64697265625,0,-658238.2484362512,-613327.228754962,-44904.032658509466,-161.12457300590438,
2069,4eor,69,1,2,0.64697265625,0,-658212.4735567808,-613327.228754962,-44918.194505340434,759.8382140640056,
2070,4eor,70,1,2,0.64697265625,0,-658232.2261593434,-613327.228754962,-44918.14486657887,303.18768085601914,
2071,4eor,71,1,2,0.64697265625,0,-658251.5093993198,-613327.228754962,-44918.244261232176,-139.2023017920912,
2072,4eor,72,1,2,0.64697265625,0,-658193.4191732662,-613327.228754962,-44918.07320259788,1196.4454287906165,
2073,4eor,73,1,2,0.64697265625,0,-658243.5522012287,-613327.228754962,-44917.73817648118,32.62445377837931,
2074,4eor,74,1,2,0.64697265625,0,-658239.9930032417,-613327.228754962,-44917.83628970525,116.9640538919004,
2075,4eor,75,1,2,0.64697265625,0,-658235.1260404702,-613327.228754962,-44918.15347603043,236.51337209719927,
2076,4eor,76,1,2,0.64697265625,0,-658237.7207639016,-613327.228754962,-44918.2002694048,177.75670914816442,
2077,4eor,77,1,2,0.64697265625,0,-658232.5408072104,-613327.228754962,-44918.25591885265,298.4926549405781,
2078,4eor,78,1,2,0.64697265625,0,-658246.8352589639,-613327.228754962,-44918.153641306286,-33.50380968324396,
2079,4eor,79,1,2,0.64697265625,0,-658245.940897056,-613327.228754962,-44918.01164038641,-16.153953134229198,
2080,4eor,80,1,2,0.64697265625,0,-658236.3673382077,-613327.228754962,-44918.08901240087,206.4017996377267,
2081,4eor,81,1,2,0.64697265625,0,-658250.2143960225,-613327.228754962,-44920.42230989014,-59.11182106006589,
2082,4eor,82,1,2,0.64697265625,0,-658245.8740366673,-613327.228754962,-44918.238110763465,-9.389584979590149,
2083,4eor,83,1,2,0.64697265625,0,-658252.0987844714,-613327.228754962,-44920.64262298722,-97.48631030451699,
2084,4eor,84,1,2,0.64697265625,0,-658249.2338548336,-613327.228754962,-44918.412990630044,-82.83600697912743,
2085,4eor,85,1,2,0.64697265625,0,-658251.7060475937,-613327.228754962,-44918.073773677876,-147.66865512016076,
2086,4eor,86,1,2,0.64697265625,0,-658250.3921690255,-613327.228754962,-44918.14662936969,-115.68980338792645,
2087,4eor,87,1,2,0.64697265625,0,-658248.1202431663,-613327.228754962,-44917.953313431404,-67.7559198864861,
2088,4eor,88,1,2,0.64697265625,0,-658236.2338186916,-613327.228754962,-44917.978007784805,206.92100556666108,
2089,4eor,89,1,2,0.64697265625,0,-658236.8245652441,-613327.228754962,-44917.75420344822,188.13701582685417,
2090,4eor,90,1,2,0.64697265625,0,-658247.1642705122,-613327.228754962,-44917.84099403282,-48.30081363375307,
2091,4eor,91,1,2,0.64697265625,0,-658247.8589959713,-613327.228754962,-44917.75690373915,-66.26073155154106,
2092,4eor,92,1,2,0.64697265625,0,-658251.3419643657,-613327.228754962,-44918.04913881122,-139.8407899461717,
2093,4eor,93,1,2,0.64697265625,0,-658245.0707357873,-613327.228754962,-44918.532908125424,15.933162052111259,
2094,4eor,94,1,2,0.64697265625,0,-658248.19138768,-613327.228754962,-44918.14434997687,-64.99114395268964,
2095,4eor,95,1,2,0.64697265625,0,-658247.1171022624,-613327.228754962,-44917.927854588044,-45.21003596642739,
2096,4eor,96,1,2,0.64697265625,0,-658250.370655203,-613327.228754962,-44918.46749965775,-107.79423823004917,
2097,4eor,97,1,2,0.64697265625,0,-658249.2216543991,-613327.228754962,-44918.11216723659,-89.49181052731738,
2098,4eor,98,1,2,0.64697265625,0,-658248.2646882854,-613327.228754962,-44918.036303873705,-69.1730983996853,
2099,4eor,99,1,2,0.64697265625,0,-658250.4426723496,-613327.228754962,-44917.827074967754,-124.22353728000532,
2100,4eor,100,1,2,0.64697265625,0,-658249.3467299257,-613327.228754962,-44918.011058526405,-94.70774293947267,
3001,1pxn,1,0,3,0.64697265625,0,-649448.0880071027,-613327.228754962,-36117.65419624134,-73.91034486795557,
3002,1pxn,2,0,3,0.64697265625,0,-649449.960124504,-613327.228754962,-36117.654098260566,-117.08465723626027,
3003,1pxn,3,0,3,0.64697265625,0,-649446.1950053402,-613327.228754962,-36117.64299003565,-30.51510842105229,
3004,1pxn,4,0,3,0.64697265625,0,-649421.0031562207,-613327.228754962,-36117.34887245749,543.6402206618336,
3005,1pxn,5,0,3,0.64697265625,0,-649435.6015769199,-613327.228754962,-36116.97014412527,198.2589590553803,
3006,1pxn,6,0,3,0.64697265625,0,-649447.9409120939,-613327.228754962,-36117.39817246806,-76.4223018496773,
3007,1pxn,7,0,3,0.64697265625,0,-649433.723043901,-613327.228754962,-36116.914275978816,240.2906095249133,
3008,1pxn,8,0,3,0.64697265625,0,-649445.3562838356,-613327.228754962,-36116.8060519625,-30.473981515984374,
3009,1pxn,9,0,3,0.64697265625,0,-649390.379762588,-613327.228754962,-36117.398071405565,1250.9670089599274,
3010,1pxn,10,0,3,0.64697265625,0,-649439.3782979492,-613327.228754962,-36117.01847708965,112.28028775303262,
3011,1pxn,11,0,3,0.64697265625,0,-649448.9637016243,-613327.228754962,-36117.16134446523,-105.4697722243373,
3012,1pxn,12,0,3,0.64697265625,0,-649432.1930902802,-613327.228754962,-36116.62902444297,268.99412149129336,
3013,1pxn,13,0,3,0.64697265625,0,-649430.3711821708,-613327.228754962,-36116.965079081805,318.75792466265733,
3014,1pxn,14,0,3,0.64697265625,0,-649440.5655089004,-613327.228754962,-36117.36534272517,92.9014644057447,
3015,1pxn,15,0,3,0.64697265625,0,-649428.364385332,-613327.228754962,-36117.10203019167,368.19392677043254,
3016,1pxn,16,0,3,0.64697265625,0,-649446.9590987872,-613327.228754962,-36117.275598295426,-56.6077767009809,
3017,1pxn,17,0,3,0.64697265625,0,-649438.4599882225,-613327.228754962,-36116.72463606287,126.68087807743252,
3018,1pxn,18,0,3,0.64697265625,0,-649441.053517819,-613327.228754962,-36116.82770436103,69.24947618497355,
3019,1pxn,19,0,3,0.64697265625,0,-649448.3792879175,-613327.228754962,-36117.09333646585,-93.56117370867119,
3020,1pxn,20,0,3,0.64697265625,0,-649434.9708632303,-613327.228754962,-36116.47885678531,201.47420706027953,
3021,1pxn,21,0,3,0.64697265625,0,-649440.4242623163,-613327.228754962,-36117.230510500136,93.04938304042241,
3022,1pxn,22,0,3,0.64697265625,0,-649448.1099387546,-613327.228754962,-36116.90177960608,-91.76724058070991,
3023,1pxn,23,0,3,0.64697265625,0,-649446.5261618996,-613327.228754962,-36117.40261363764,-43.69497152231705,
3024,1pxn,24,0,3,0.64697265625,0,-649453.9247925888,-613327.228754962,-36116.87432708076,-226.4940258260137,
3025,1pxn,25,0,3,0.64697265625,0,-649431.3006483911,-613327.228754962,-36116.376984944094,283.76215144049496,
3026,1pxn,26,0,3,0.64697265625,0,-649442.3795411325,-613327.228754962,-36117.225869064205,47.85254832270548,
3027,1pxn,27,0,3,0.64697265625,0,-649448.0861088587,-613327.228754962,-36117.35070462061,-80.86525335695613,
3028,1pxn,28,0,3,0.64697265625,0,-649445.5664910054,-613327.228754962,-36116.90550293157,-33.02808017947194,
3029,1pxn,29,0,3,0.64697265625,0,-649448.2456773934,-613327.228754962,-36116.897544243264,-94.99511774028878,
3030,1pxn,30,0,3,0.64697265625,0,-649445.8933248632,-613327.228754962,-36117.13959917862,-35.16666028804185,
3031,1pxn,31,0,3,0.64697265625,0,-649444.9475427859,-613327.228754962,-36117.24748127303,-10.868587259713197,
3032,1pxn,32,0,3,0.64697265625,0,-649442.3158939567,-613327.228754962,-36116.59339888047,34.735178140792286,
3033,1pxn,33,0,3,0.64697265625,0,-649422.2999841663,-613327.228754962,-36116.868536982925,502.65785860765425,
3034,1pxn,34,0,3,0.64697265625,0,-649449.2413858395,-613327.228754962,-36117.251109057324,-109.80330168186545,
3035,1pxn,35,0,3,0.64697265625,0,-649433.8907959928,-613327.228754962,-36117.237329504205,243.87194566299817,
3036,1pxn,36,0,3,0.64697265625,0,-649443.2366737908,-613327.228754962,-36117.10682186432,25.34130601029906,
3037,1pxn,37,0,3,0.64697265625,0,-649449.6101665553,-613327.228754962,-36117.18966095737,-119.72461386437452,
3038,1pxn,38,0,3,0.64697265625,0,-649449.0024325597,-613327.228754962,-36116.82467487053,-114.12671410505648,
3039,1pxn,39,0,3,0.64697265625,0,-649445.5565001961,-613327.228754962,-36117.20741430936,-25.835444876661615,
3040,1pxn,40,0,3,0.64697265625,0,-649438.7759835888,-613327.228754962,-36117.18939779034,130.11151186443777,
3041,1pxn,41,0,3,0.64697265625,0,-649448.1080414378,-613327.228754962,-36116.80735159355,-93.90104911603511,
3042,1pxn,42,0,3,0.64697265625,0,-649450.986847818,-613327.228754962,-36116.83875012847,-159.5638339255209,
3043,1pxn,43,0,3,0.64697265625,0,-649447.4698110048,-613327.228754962,-36116.8514903401,-78.16524201303298,
3044,1pxn,44,0,3,0.64697265625,0,-649449.4459720657,-613327.228754962,-36117.32010060973,-112.93018914118986,
3045,1pxn,45,0,3,0.64697265625,0,-649447.0317573695,-613327.228754962,-36117.06440071077,-63.15365541742722,
3046,1pxn,46,0,3,0.64697265625,0,-649447.6359747822,-613327.228754962,-36116.67307729021,-86.11137241899647,
3047,1pxn,47,0,3,0.64697265625,0,-649446.4771853631,-613327.228754962,-36116.93837863331,-53.271059281957946,
3048,1pxn,48,0,3,0.64697265625,0,-649436.9971563705,-613327.228754962,-36117.5547631966,179.557768439334,
3049,1pxn,49,0,3,0.64697265625,0,-649431.3214571116,-613327.228754962,-36116.63682838736,289.27442309811494,
3050,1pxn,50,0,3,0.64697265625,0,-649444.4937196663,-613327.228754962,-36117.196618950635,-1.5760905210804403,
3051,1pxn,51,0,3,0.64697265625,0,-649445.6347076846,-613327.228754962,-36117.21212548197,-27.53031018512579,
3052,1pxn,52,0,3,0.64697265625,0,-649440.2035972212,-613327.228754962,-36117.28294556019,99.34722223183921,
3053,1pxn,53,0,3,0.64697265625,0,-649423.7980753718,-613327.228754962,-36117.25290357802,476.97475895945246,
3054,1pxn,54,0,3,0.64697265625,0,-649446.4788554107,-613327.228754962,-36116.92064117663,-53.71860696372908,
3055,1pxn,55,0,3,0.64697265625,0,-649444.6484882955,-613327.228754962,-36117.25935549774,-3.6984007528571436,
3056,1pxn,56,0,3,0.64697265625,0,-649450.5674322726,-613327.228754962,-36117.20405313846,-141.4677941448489,
3057,1pxn,57,0,3,0.64697265625,0,-649438.6292339516,-613327.228754962,-36117.36944947769,137.64772944043077,
3058,1pxn,58,0,3,0.64697265625,0,-649437.7906662726,-613327.228754962,-36116.69525773956,141.43832868553147,
3059,1pxn,59,0,3,0.64697265625,0,-649448.4091720912,-613327.228754962,-36117.065179269186,-94.89963950494565,
3060,1pxn,60,0,3,0.64697265625,0,-649447.892911063,-613327.228754962,-36116.81703597904,-88.71669758406262,
3061,1pxn,61,0,3,0.64697265625,0,-649446.2901435699,-613327.228754962,-36117.34832158184,-39.50426409267434,
3062,1pxn,62,0,3,0.64697265625,0,-649442.7172647465,-613327.228754962,-36116.78043395468,29.79247911833755,
3063,1pxn,63,0,3,0.64697265625,0,-649447.4330159465,-613327.228754962,-36117.19369822837,-69.42522643594236,
3064,1pxn,64,0,3,0.64697265625,0,-649418.081027845,-613327.228754962,-36117.28660779715,609.5902446569943,
3065,1pxn,65,0,3,0.64697265625,0,-649449.9555502929,-613327.228754962,-36117.095616302104,-129.85807333579262,
3066,1pxn,66,0,3,0.64697265625,0,-649426.3061360891,-613327.228754962,-36116.88889289806,410.74321912835444,
3067,1pxn,67,0,3,0.64697265625,0,-649430.4746469024,-613327.228754962,-36116.97026639566,316.4915935702138,
3068,1pxn,68,0,3,0.64697265625,0,-649435.2294312601,-613327.228754962,-36116.55219444282,197.20269319918893,
3069,1pxn,69,0,3,0.64697265625,0,-649405.6411452936,-613327.228754962,-36116.84516510677,886.2808409658049,
3070,1pxn,70,0,3,0.64697265625,0,-649399.9901890558,-613327.228754962,-36116.86827728561,1017.1279670820153,
3071,1pxn,71,0,3,0.64697265625,0,-649446.4824897471,-613327.228754962,-36117.25346532666,-46.12730952115351,
3072,1pxn,72,0,3,0.64697265625,0,-649447.083179271,-613327.228754962,-36116.929991503646,-67.43902258495513,
3073,1pxn,73,0,3,0.64697265625,0,-649447.0930188125,-613327.228754962,-36117.32935313632,-58.456429770552276,
3074,1pxn,74,0,3,0.64697265625,0,-649445.398495351,-613327.228754962,-36116.73894181276,-32.9949990030867,
3075,1pxn,75,0,3,0.64697265625,0,-649446.2799304188,-613327.228754962,-36116.58335562342,-56.90927730598411,
3076,1pxn,76,0,3,0.64697265625,0,-649446.4770114588,-613327.228754962,-36117.289983565846,-45.15884659086853,
3077,1pxn,77,0,3,0.64697265625,0,-649442.1431711398,-613327.228754962,-36116.944863865465,46.82323601941817,
3078,1pxn,78,0,3,0.64697265625,0,-649443.0789762887,-613327.228754962,-36117.18004814952,30.666535054353268,
3079,1pxn,79,0,3,0.64697265625,0,-649418.1962170899,-613327.228754962,-36116.60246780695,591.1572745996859,
3080,1pxn,80,0,3,0.64697265625,0,-649440.8643924906,-613327.228754962,-36116.58545171578,68.02433115458787,
3081,1pxn,81,0,3,0.64697265625,0,-649447.0036638251,-613327.228754962,-36117.08085114768,-62.12644680547966,
3082,1pxn,82,0,3,0.64697265625,0,-649447.6413871131,-613327.228754962,-36117.01631932615,-78.32083434890357,
3083,1pxn,83,0,3,0.64697265625,0,-649448.1765163349,-613327.228754962,-36116.89328852286,-93.49836508627094,
3084,1pxn,84,0,3,0.64697265625,0,-649447.7019802092,-613327.228754962,-36117.44748422519,-69.77524556190714,
3085,1pxn,85,0,3,0.64697265625,0,-649448.7022718,-613327.228754962,-36116.907582347725,-105.2929507054486,
3086,1pxn,86,0,3,0.64697265625,0,-649447.1673167008,-613327.228754962,-36117.02489198551,-67.19082070884204,
3087,1pxn,87,0,3,0.64697265625,0,-649448.191766306,-613327.228754962,-36116.915223384436,-93.34420784888393,
3088,1pxn,88,0,3,0.64697265625,0,-649450.2650029226,-613327.228754962,-36117.0413899579,-138.24470970998343,
3089,1pxn,89,0,3,0.64697265625,0,-649447.3402843486,-613327.228754962,-36116.84904330621,-75.23471630360109,
3090,1pxn,90,0,3,0.64697265625,0,-649447.7752057267,-613327.228754962,-36117.53767290769,-69.38406568459833,
3091,1pxn,91,0,3,0.64697265625,0,-649449.083809831,-613327.228754962,-36117.532782838265,-99.67396090095369,
3092,1pxn,92,0,3,0.64697265625,0,-649448.7043286387,-613327.228754962,-36117.469395693755,-92.38465899492952,
3093,1pxn,93,0,3,0.64697265625,0,-649448.004656582,-613327.228754962,-36117.69796496882,-70.97890536510947,
3094,1pxn,94,0,3,0.64697265625,0,-649449.4815518914,-613327.228754962,-36117.57621653487,-107.84450587282166,
3095,1pxn,95,0,3,0.64697265625,0,-649448.5906929155,-613327.228754962,-36117.4576257329,-90.03557870895007,
3096,1pxn,96,0,3,0.64697265625,0,-649447.3420179113,-613327.228754962,-36117.18946773198,-67.42431945545641,
3097,1pxn,97,0,3,0.64697265625,0,-649430.8413177048,-613327.228754962,-36117.40404312258,318.0390929533655,
3098,1pxn,98,0,3,0.64697265625,0,-649446.3561805573,-613327.228754962,-36117.56614796536,-36.00391746224139,
3099,1pxn,99,0,3,0.64697265625,0,-649447.7996861684,-613327.228754962,-36117.248283411,-76.62207841149431,
3100,1pxn,100,0,3,0.64697265625,0,-649449.2986308659,-613327.228754962,-36116.722374668556,-123.3163080117924,
4001,2fvd,1,0,4,0.64697265625,0,-664211.649252414,-613327.228754962,-50893.515653627765,209.73928401758474,
4002,2fvd,2,0,4,0.64697265625,0,-664224.060122427,-613327.228754962,-50892.84671986636,-91.88815653596136,
4003,2fvd,3,0,4,0.64697265625,0,-664216.4002552162,-613327.228754962,-50892.8587695726,85.03045048162056,
4004,2fvd,4,0,4,0.64697265625,0,-664220.8988661618,-613327.228754962,-50892.276738953326,-32.13192733662439,
4005,2fvd,5,0,4,0.64697265625,0,-664223.1830660317,-613327.228754962,-50893.29680490834,-61.28354794375221,
4006,2fvd,6,0,4,0.64697265625,0,-664188.8747663326,-613327.228754962,-50892.563048878,712.9638222208374,
4007,2fvd,7,0,4,0.64697265625,0,-664222.3893850447,-613327.228754962,-50893.55972675451,-36.91770777221202,
4008,2fvd,8,0,4,0.64697265625,0,-664192.7753091295,-613327.228754962,-50893.0046538044,633.1988200140576,
4009,2fvd,9,0,4,0.64697265625,0,-664223.3129038085,-613327.228754962,-50893.545036006,-58.55333310726007,
4010,2fvd,10,0,4,0.64697265625,0,-664218.4286626236,-613327.228754962,-50893.64176863356,56.3106517385478,
4011,2fvd,11,0,4,0.64697265625,0,-664223.4072938575,-613327.228754962,-50893.364366535636,-64.89635630966976,
4012,2fvd,12,0,4,0.64697265625,0,-664160.8946242733,-613327.228754962,-50892.41115962807,1354.6985771731913,
4013,2fvd,13,0,4,0.64697265625,0,-664212.3018069942,-613327.228754962,-50891.980661904425,159.29326785211342,
4014,2fvd,14,0,4,0.64697265625,0,-664216.9887418469,-613327.228754962,-50891.58654881563,42.12151876929988,
4015,2fvd,15,0,4,0.64697265625,0,-664176.8819140772,-613327.228754962,-50892.13774708464,979.717872932748,
4016,2fvd,16,0,4,0.64697265625,0,-664222.8032332228,-613327.228754962,-50892.825700893925,-63.38831194507749,
4017,2fvd,17,0,4,0.64697265625,0,-664201.3451574704,-613327.228754962,-50891.95539831,411.3770159316147,
4018,2fvd,18,0,4,0.64697265625,0,-664197.3981126606,-613327.228754962,-50887.73083136233,404.9772033975712,
4019,2fvd,19,0,4,0.64697265625,0,-664227.7843342749,-613327.228754962,-50892.97609952738,-174.78695612652808,
4020,2fvd,20,0,4,0.64697265625,0,-664215.3355855724,-613327.228754962,-50891.08713115096,68.72736316459913,
4021,2fvd,21,0,4,0.64697265625,0,-664217.0758867506,-613327.228754962,-50891.31927592408,33.94845024941364,
4022,2fvd,22,0,4,0.64697265625,0,-664198.9613365075,-613327.228754962,-50892.29232813797,474.119019681464,
4023,2fvd,23,0,4,0.64697265625,0,-664217.8417457207,-613327.228754962,-50893.316527157505,62.34503043575428,
4024,2fvd,24,0,4,0.64697265625,0,-664192.1419542986,-613327.228754962,-50887.38872651422,518.2979694974492,
4025,2fvd,25,0,4,0.64697265625,0,-664204.6232402851,-613327.228754962,-50885.66810572653,190.79421904551407,
4026,2fvd,26,0,4,0.64697265625,0,-664210.531916448,-613327.228754962,-50891.6771233293,193.1081476179209,
4027,2fvd,27,0,4,0.64697265625,0,-664224.9126975293,-613327.228754962,-50893.02730619195,-107.38458586410405,
4028,2fvd,28,0,4,0.64697265625,0,-664194.0433642162,-613327.228754962,-50892.703779131276,597.0184402442994,
4029,2fvd,29,0,4,0.64697265625,0,-664212.7626486468,-613327.228754962,-50891.96026139279,148.19555990600702,
4030,2fvd,30,0,4,0.64697265625,0,-664212.1239580842,-613327.228754962,-50892.6042261597,177.7742944843611,
4031,2fvd,31,0,4,0.64697265625,0,-664214.137387114,-613327.228754962,-50890.427365811454,81.1439258567026,
4032,2fvd,32,0,4,0.64697265625,0,-664215.9851742225,-613327.228754962,-50891.863777966515,71.65739406647783,
4033,2fvd,33,0,4,0.64697265625,0,-664223.3195555523,-613327.228754962,-50891.65470489623,-102.29879693537366,
4034,2fvd,34,0,4,0.64697265625,0,-664215.7136394421,-613327.228754962,-50891.46881976128,68.8111822743583,
4035,2fvd,35,0,4,0.64697265625,0,-664183.3672820829,-613327.228754962,-50884.88614810282,662.9358886694359,
4036,2fvd,36,0,4,0.64697265625,0,-664210.9107985031,-613327.228754962,-50891.242584714026,174.35022134347048,
4037,2fvd,37,0,4,0.64697265625,0,-664209.9513298066,-613327.228754962,-50876.2020828943,-150.36611649925527,
4038,2fvd,38,0,4,0.64697265625,0,-664223.5699041169,-613327.228754962,-50891.959340411646,-101.0469101092238,
4039,2fvd,39,0,4,0.64697265625,0,-664199.5491670903,-613327.228754962,-50883.703407862966,262.49811759386733,
4040,2fvd,40,0,4,0.64697265625,0,-664215.8571208843,-613327.228754962,-50891.918025770334,75.86135827043549,
4041,2fvd,41,0,4,0.64697265625,0,-664196.6752050398,-613327.228754962,-50890.88613856522,494.4109618374367,
4042,2fvd,42,0,4,0.64697265625,0,-664220.3848476706,-613327.228754962,-50890.96415797368,-50.54721579582681,
4043,2fvd,43,0,4,0.64697265625,0,-664222.0233891809,-613327.228754962,-50891.18789839991,-83.17330386639978,
4044,2fvd,44,0,4,0.64697265625,0,-664211.007000711,-613327.228754962,-50892.123865998175,192.45457493071476,
4045,2fvd,45,0,4,0.64697265625,0,-664217.7601194816,-613327.228754962,-50892.53555746688,46.21778732218291,
4046,2fvd,46,0,4,0.64697265625,0,-664208.4765708139,-613327.228754962,-50890.90610724674,222.72549067185219,
4047,2fvd,47,0,4,0.64697265625,0,-664213.1345949384,-613327.228754962,-50884.78298092844,-25.893744782325452,
4048,2fvd,48,0,4,0.64697265625,0,-664219.2803258972,-613327.228754962,-50890.99020765239,-24.475618748397302,
4049,2fvd,49,0,4,0.64697265625,0,-664198.1966563351,-613327.228754962,-50893.12766276586,511.01623751130876,
4050,2fvd,50,0,4,0.64697265625,0,-664200.8650463573,-613327.228754962,-50888.16777213761,335.1039067079922,
4051,2fvd,51,0,4,0.64697265625,0,-664220.1910344069,-613327.228754962,-50891.80457681113,-26.697256959833176,
4052,2fvd,52,0,4,0.64697265625,0,-664226.0203663303,-613327.228754962,-50893.45282486445,-123.11534152956631,
4053,2fvd,53,0,4,0.64697265625,0,-664220.0692104619,-613327.228754962,-50892.71845446927,-2.813410603185557,
4054,2fvd,54,0,4,0.64697265625,0,-664222.948309802,-613327.228754962,-50893.267232024846,-56.55190757509876,
4055,2fvd,55,0,4,0.64697265625,0,-664226.2204857613,-613327.228754962,-50892.165619154635,-157.41387407931333,
4056,2fvd,56,0,4,0.64697265625,0,-664214.3722133947,-613327.228754962,-50891.82848931495,108.03937874680477,
4057,2fvd,57,0,4,0.64697265625,0,-664181.0955705214,-613327.228754962,-50884.678793994826,710.5411024650047,
4058,2fvd,58,0,4,0.64697265625,0,-664219.8787246022,-613327.228754962,-50892.32935310376,-7.3935929735044725,
4059,2fvd,59,0,4,0.64697265625,0,-664224.391617199,-613327.228754962,-50893.382409150174,-87.17931923194791,
4060,2fvd,60,0,4,0.64697265625,0,-664220.2990178062,-613327.228754962,-50890.517716071445,-58.86312694321385,
4061,2fvd,61,0,4,0.64697265625,0,-664224.2192974973,-613327.228754962,-50893.52424030361,-79.9348284097499,
4062,2fvd,62,0,4,0.64697265625,0,-664224.5773996878,-613327.228754962,-50892.53532919101,-110.9976931153867,
4063,2fvd,63,0,4,0.64697265625,0,-664213.9739576416,-613327.228754962,-50892.28871664293,127.83646889981834,
4064,2fvd,64,0,4,0.64697265625,0,-664184.1009830607,-613327.228754962,-50887.63828146758,709.4820452728422,
4065,2fvd,65,0,4,0.64697265625,0,-664210.1392350106,-613327.228754962,-50891.8659985321,206.51916233617507,
4066,2fvd,66,0,4,0.64697265625,0,-664222.0595493234,-613327.228754962,-50890.79477290904,-93.0728657480723,
4067,2fvd,67,0,4,0.64697265625,0,-664180.890293589,-613327.228754962,-50891.12277659223,863.8766698914261,
4068,2fvd,68,0,4,0.64697265625,0,-664184.0431220527,-613327.228754962,-50892.38282557049,820.228138034479,
4069,2fvd,69,0,4,0.64697265625,0,-664220.1774716387,-613327.228754962,-50888.95489166512,-92.0997927061843,
4070,2fvd,70,0,4,0.64697265625,0,-664187.2700156234,-613327.228754962,-50892.98181048166,759.6271246960187,
4071,2fvd,71,0,4,0.64697265625,0,-664176.5610333583,-613327.228754962,-50890.545045757906,950.3889929732929,
4072,2fvd,72,0,4,0.64697265625,0,-664215.9181558405,-613327.228754962,-50891.3939109733,62.36748439939788,
4073,2fvd,73,0,4,0.64697265625,0,-664217.8621583083,-613327.228754962,-50891.97996809261,31.052520739452135,
4074,2fvd,74,0,4,0.64697265625,0,-664220.0712296058,-613327.228754962,-50892.84120199903,-0.029347886541258143,
4075,2fvd,75,0,4,0.64697265625,0,-664150.3586574802,-613327.228754962,-50892.55817915795,1601.0540942476066,
4076,2fvd,76,0,4,0.64697265625,0,-664197.1681676225,-613327.228754962,-50891.78058362963,503.66936780929996,
4077,2fvd,77,0,4,0.64697265625,0,-664195.9368861261,-613327.228754962,-50891.97851700567,536.6278457369831,
4078,2fvd,78,0,4,0.64697265625,0,-664224.8809192269,-613327.228754962,-50892.371363889746,-121.77814963590926,
4079,2fvd,79,0,4,0.64697265625,0,-664174.6760162718,-613327.228754962,-50892.69920456379,1043.534601836302,
4080,2fvd,80,0,4,0.64697265625,0,-664224.6716522945,-613327.228754962,-50893.31906183438,-95.09790574961545,
4081,2fvd,81,0,4,0.64697265625,0,-664214.9864085602,-613327.228754962,-50892.650682779225,112.83593346546816,
4082,2fvd,82,0,4,0.64697265625,0,-664225.3683208253,-613327.228754962,-50893.41885364439,-108.86220991868218,
4083,2fvd,83,0,4,0.64697265625,0,-664215.3483175695,-613327.228754962,-50893.00578911473,112.67906008141097,
4084,2fvd,84,0,4,0.64697265625,0,-664223.9070741667,-613327.228754962,-50892.21029511479,-103.03508323407722,
4085,2fvd,85,0,4,0.64697265625,0,-664224.175977438,-613327.228754962,-50892.13160116714,-111.05086552741926,
4086,2fvd,86,0,4,0.64697265625,0,-664224.7306365037,-613327.228754962,-50892.68821955721,-111.00568243338545,
4087,2fvd,87,0,4,0.64697265625,0,-664203.2401568838,-613327.228754962,-50893.34517571231,399.72631957983066,
4088,2fvd,88,0,4,0.64697265625,0,-664217.6987537064,-613327.228754962,-50891.9903053299,35.059102731337575,
4089,2fvd,89,0,4,0.64697265625,0,-664219.6929979103,-613327.228754962,-50891.751666634605,-16.43240016573906,
4090,2fvd,90,0,4,0.64697265625,0,-664222.0545569874,-613327.228754962,-50893.364996962395,-33.686965026300584,
4091,2fvd,91,0,4,0.64697265625,0,-664217.0251180565,-613327.228754962,-50892.68011396329,66.50087484191346,
4092,2fvd,92,0,4,0.64697265625,0,-664223.6417549136,-613327.228754962,-50893.125005160895,-75.82296113856957,
4093,2fvd,93,0,4,0.64697265625,0,-664215.6223370298,-613327.228754962,-50893.755985545235,123.6599618784205,
4094,2fvd,94,0,4,0.64697265625,0,-664222.062200328,-613327.228754962,-50893.43696349357,-32.20363701386537,
4095,2fvd,95,0,4,0.64697265625,0,-664224.5077273316,-613327.228754962,-50893.54279548925,-86.15828565336913,
4096,2fvd,96,0,4,0.64697265625,0,-664224.6040933995,-613327.228754962,-50893.44792685748,-90.56826259161795,
4097,2fvd,97,0,4,0.64697265625,0,-664222.5704640575,-613327.228754962,-50892.3865726477,-68.14706540090087,
4098,2fvd,98,0,4,0.64697265625,0,-664221.647879596,-613327.228754962,-50893.486713129554,-21.501920096211958,
4099,2fvd,99,0,4,0.64697265625,0,-664206.4434439023,-613327.228754962,-50892.54150383842,307.323652387454,
4100,2fvd,100,0,4,0.64697265625,0,-664221.8863307594,-613327.228754962,-50892.93817262355,-39.65037913079019,
5001,3pxf,1,0,5,0.64697265625,0,-648566.1900462565,-613327.228754962,-35237.48684658183,-34.00150282118881,
5002,3pxf,2,0,5,0.64697265625,0,-648567.3708441582,-613327.228754962,-35237.71334533731,-56.00816392736435,
5003,3pxf,3,0,5,0.64697265625,0,-648566.2562770159,-613327.228754962,-35237.50494784032,-35.111395478282965,
5004,3pxf,4,0,5,0.64697265625,0,-648566.4772197924,-613327.228754962,-35237.84695051056,-32.31968800917056,
5005,3pxf,5,0,5,0.64697265625,0,-648551.3764715771,-613327.228754962,-35237.155983944256,299.97777093710977,
5006,3pxf,6,0,5,0.64697265625,0,-648563.4725753713,-613327.228754962,-35234.611003002385,-37.65366391061883,
5007,3pxf,7,0,5,0.64697265625,0,-648563.1157771979,-613327.228754962,-35236.06935537267,4.204702021602146,
5008,3pxf,8,0,5,0.64697265625,0,-648565.2729688488,-613327.228754962,-35237.162241892234,-20.3387573668343,
5009,3pxf,9,0,5,0.64697265625,0,-648562.3308351015,-613327.228754962,-35236.47627983505,31.689797806553994,
5010,3pxf,10,0,5,0.64697265625,0,-648556.7393318486,-613327.228754962,-35234.01488859741,103.87189565141972,
5011,3pxf,11,0,5,0.64697265625,0,-648535.8839793144,-613327.228754962,-35232.352069999884,546.462242489151,
5012,3pxf,12,0,5,0.64697265625,0,-648560.828122842,-613327.228754962,-35232.342415855346,-28.986002286005274,
5013,3pxf,13,0,5,0.64697265625,0,-648561.1353703135,-613327.228754962,-35232.3762666216,-35.29068008478527,
5014,3pxf,14,0,5,0.64697265625,0,-648559.7659438303,-613327.228754962,-35237.072649616974,104.5902095293482,
5015,3pxf,15,0,5,0.64697265625,0,-648533.051492999,-613327.228754962,-35237.150019724504,722.4242777584474,
5016,3pxf,16,0,5,0.64697265625,0,-648565.6856387412,-613327.228754962,-35237.25839904776,-27.637714475101028,
5017,3pxf,17,0,5,0.64697265625,0,-648566.6671476074,-613327.228754962,-35236.54326478852,-66.76323442047608,
5018,3pxf,18,0,5,0.64697265625,0,-648559.6760986163,-613327.228754962,-35230.6632891273,-41.141274753513194,
5019,3pxf,19,0,5,0.64697265625,0,-648564.9692308521,-613327.228754962,-35235.63168894968,-48.62978210435058,
5020,3pxf,20,0,5,0.64697265625,0,-648565.4420041327,-613327.228754962,-35234.41507483927,-87.58798083864326,
5021,3pxf,21,0,5,0.64697265625,0,-648566.7673123919,-613327.228754962,-35237.64599360546,-43.64355859633349,
5022,3pxf,22,0,5,0.64697265625,0,-648559.3898877732,-613327.228754962,-35230.11803509146,-47.11495268918028,
5023,3pxf,23,0,5,0.64697265625,0,-648565.7512236204,-613327.228754962,-35236.48390743658,-47.0103385613342,
5024,3pxf,24,0,5,0.64697265625,0,-648567.4773382777,-613327.228754962,-35237.248769676626,-69.1773459080907,
5025,3pxf,25,0,5,0.64697265625,0,-648565.3699728401,-613327.228754962,-35236.65568439836,-34.25721586318046,
5026,3pxf,26,0,5,0.64697265625,0,-648565.6381027827,-613327.228754962,-35236.732750495685,-38.66325280569019,
5027,3pxf,27,0,5,0.64697265625,0,-648563.6377842043,-613327.228754962,-35235.35086697374,-24.401801607784236,
5028,3pxf,28,0,5,0.64697265625,0,-648560.4975654595,-613327.228754962,-35231.12484975734,-49.44090919498521,
5029,3pxf,29,0,5,0.64697265625,0,-648565.5187733443,-613327.228754962,-35237.06682343156,-28.207545669231546,
5030,3pxf,30,0,5,0.64697265625,0,-648568.6777596695,-613327.228754962,-35237.5233074596,-90.52872915384704,
5031,3pxf,31,0,5,0.64697265625,0,-648566.6142198399,-613327.228754962,-35237.82564651877,-35.97026587859377,
5032,3pxf,32,0,5,0.64697265625,0,-648566.824593398,-613327.228754962,-35237.46431715511,-49.1540484509833,
5033,3pxf,33,0,5,0.64697265625,0,-648568.5722342992,-613327.228754962,-35237.14185694562,-96.89171412651277,
5034,3pxf,34,0,5,0.64697265625,0,-648564.4382960645,-613327.228754962,-35235.05239870227,-49.74488549851567,
5035,3pxf,35,0,5,0.64697265625,0,-648563.4291684217,-613327.228754962,-35234.27890377534,-44.31106598271974,
5036,3pxf,36,0,5,0.64697265625,0,-648567.7336169792,-613327.228754962,-35235.559221756965,-114.0491737749077,
5037,3pxf,37,0,5,0.64697265625,0,-648565.2619112065,-613327.228754962,-35237.650314168175,-8.828548013814567,
5038,3pxf,38,0,5,0.64697265625,0,-648567.2140705494,-613327.228754962,-35237.13613778775,-65.7036009261707,
5039,3pxf,39,0,5,0.64697265625,0,-648568.486159711,-613327.228754962,-35237.26008686751,-92.18034020148043,
5040,3pxf,40,0,5,0.64697265625,0,-648566.2960411747,-613327.228754962,-35236.95305701343,-48.755283574554234,
5041,3pxf,41,0,5,0.64697265625,0,-648552.4853248318,-613327.228754962,-35235.341062954874,232.5539351355279,
5042,3pxf,42,0,5,0.64697265625,0,-648564.2259680594,-613327.228754962,-35232.85185755248,-95.59416981869079,
5043,3pxf,43,0,5,0.64697265625,0,-648567.5822052028,-613327.228754962,-35237.26212225906,-71.28771678303686,
5044,3pxf,44,0,5,0.64697265625,0,-648567.8419540656,-613327.228754962,-35236.901551087096,-85.59263661556056,
5045,3pxf,45,0,5,0.64697265625,0,-648564.0015764136,-613327.228754962,-35234.61096492767,-49.853595774272684,
5046,3pxf,46,0,5,0.64697265625,0,-648562.5885367257,-613327.228754962,-35237.098132905354,40.087329647385246,
5047,3pxf,47,0,5,0.64697265625,0,-648562.8439984613,-613327.228754962,-35236.07008322082,10.488853153678612,
5048,3pxf,48,0,5,0.64697265625,0,-648565.3813961345,-613327.228754962,-35237.5196026565,-14.598214977260211,
5049,3pxf,49,0,5,0.64697265625,0,-648544.6351210768,-613327.228754962,-35226.804468062925,216.72537949051772,
5050,3pxf,50,0,5,0.64697265625,0,-648567.4100783119,-613327.228754962,-35237.275861485774,-67.00154228867619,
5051,3pxf,51,0,5,0.64697265625,0,-648537.7613875451,-613327.228754962,-35236.85566874959,607.0236345627799,
5052,3pxf,52,0,5,0.64697265625,0,-648564.3743203701,-613327.228754962,-35235.344056085916,-41.543791893036705,
5053,3pxf,53,0,5,0.64697265625,0,-648549.342263566,-613327.228754962,-35236.62610132511,334.66833859149676,
5054,3pxf,54,0,5,0.64697265625,0,-648566.2237539936,-613327.228754962,-35237.25584561711,-40.105830500845606,
5055,3pxf,55,0,5,0.64697265625,0,-648561.708622163,-613327.228754962,-35234.458237046805,-0.49880320690775276,
5056,3pxf,56,0,5,0.64697265625,0,-648565.5208734884,-613327.228754962,-35235.73758778096,-58.90887844028754,
5057,3pxf,57,0,5,0.64697265625,0,-648565.2032195635,-613327.228754962,-35237.076021340254,-20.71859379878873,
5058,3pxf,58,0,5,0.64697265625,0,-648570.9226554516,-613327.228754962,-35238.012897699096,-131.0070365762335,
5059,3pxf,59,0,5,0.64697265625,0,-648568.8057702734,-613327.228754962,-35237.12719274818,-102.61534605823647,
5060,3pxf,60,0,5,0.64697265625,0,-648565.2022129035,-613327.228754962,-35236.68585031055,-29.692937361879558,
5061,3pxf,61,0,5,0.64697265625,0,-648569.0805989525,-613327.228754962,-35237.541802347514,-99.39192146008277,
5062,3pxf,62,0,5,0.64697265625,0,-648565.780774458,-613327.228754962,-35237.14887416919,-32.35729992189378,
5063,3pxf,63,0,5,0.64697265625,0,-648566.8420908687,-613327.228754962,-35237.64381646391,-45.41819731516636,
5064,3pxf,64,0,5,0.64697265625,0,-648556.19199083,-613327.228754962,-35227.0405927225,-44.33720421857925,
5065,3pxf,65,0,5,0.64697265625,0,-648559.0237338321,-613327.228754962,-35235.5643232404,86.92314614194694,
5066,3pxf,66,0,5,0.64697265625,0,-648560.9482047835,-613327.228754962,-35237.5301232355,87.87621653012435,
5067,3pxf,67,0,5,0.64697265625,0,-648564.4727437508,-613327.228754962,-35234.47893591236,-63.76363411139283,
5068,3pxf,68,0,5,0.64697265625,0,-648566.0274724534,-613327.228754962,-35235.99642552931,-64.62238782820155,
5069,3pxf,69,0,5,0.64697265625,0,-648565.04343833,-613327.228754962,-35235.815192433,-46.10935634259237,
5070,3pxf,70,0,5,0.64697265625,0,-648564.3287400213,-613327.228754962,-35235.486430464705,-37.20945290713514,
5071,3pxf,71,0,5,0.64697265625,0,-648566.5286902247,-613327.228754962,-35235.60676558357,-85.16651603365425,
5072,3pxf,72,0,5,0.64697265625,0,-648565.3239011893,-613327.228754962,-35235.77814160371,-53.43139594556006,
5073,3pxf,73,0,5,0.64697265625,0,-648563.8567399601,-613327.228754962,-35235.02230039069,-37.02796669165602,
5074,3pxf,74,0,5,0.64697265625,0,-648566.669545578,-613327.228754962,-35235.26205113523,-96.36402166746281,
5075,3pxf,75,0,5,0.64697265625,0,-648566.5631684121,-613327.228754962,-35235.76308114815,-82.35687936802567,
5076,3pxf,76,0,5,0.64697265625,0,-648566.8727976247,-613327.228754962,-35235.739263506584,-90.04634649747243,
5077,3pxf,77,0,5,0.64697265625,0,-648558.9620534529,-613327.228754962,-35235.892085337204,95.90390298719002,
5078,3pxf,78,0,5,0.64697265625,0,-648564.8073785919,-613327.228754962,-35235.73863643734,-42.43111266119757,
5079,3pxf,79,0,5,0.64697265625,0,-648563.6209639809,-613327.228754962,-35235.080495994334,-30.248820943730895,
5080,3pxf,80,0,5,0.64697265625,0,-648565.1560346937,-613327.228754962,-35235.09477852447,-65.31902957013902,
5081,3pxf,81,0,5,0.64697265625,0,-648561.1247306773,-613327.228754962,-35235.19198801473,29.88675361864992,
5082,3pxf,82,0,5,0.64697265625,0,-648557.3936692065,-613327.228754962,-35234.78351391713,106.5074386599256,
5083,3pxf,83,0,5,0.64697265625,0,-648565.7817300507,-613327.228754962,-35235.263621265,-75.8543011833557,
5084,3pxf,84,0,5,0.64697265625,0,-648559.232943662,-613327.228754962,-35235.74288837278,86.21646262846413,
5085,3pxf,85,0,5,0.64697265625,0,-648565.594704913,-613327.228754962,-35235.1190818065,-74.8745581458456,
5086,3pxf,86,0,5,0.64697265625,0,-648563.4528087988,-613327.228754962,-35235.8229378831,-9.249953635344138,
5087,3pxf,87,0,5,0.64697265625,0,-648547.226066824,-613327.228754962,-35235.614690564296,360.1453085515995,
5088,3pxf,88,0,5,0.64697265625,0,-648564.9906787727,-613327.228754962,-35235.648352366065,-48.74011539244639,
5089,3pxf,89,0,5,0.64697265625,0,-648550.7792927948,-613327.228754962,-35235.83239491098,283.2263526007443,
5090,3pxf,90,0,5,0.64697265625,0,-648547.0731806565,-613327.228754962,-35234.33700867717,334.2069030598548,
5091,3pxf,91,0,5,0.64697265625,0,-648564.788213066,-613327.228754962,-35235.160603282435,-55.31890635054577,
5092,3pxf,92,0,5,0.64697265625,0,-648565.5251214403,-613327.228754962,-35235.844225291534,-56.547719125232895,
5093,3pxf,93,0,5,0.64697265625,0,-648564.8932171086,-613327.228754962,-35235.22198220288,-56.324925567109126,
5094,3pxf,94,0,5,0.64697265625,0,-648563.3031720472,-613327.228754962,-35235.13232007358,-21.725273199198703,
5095,3pxf,95,0,5,0.64697265625,0,-648566.1626134202,-613327.228754962,-35235.81889760721,-71.83270369437194,
5096,3pxf,96,0,5,0.64697265625,0,-648566.1993715521,-613327.228754962,-35235.79569970888,-73.21532259803921,
5097,3pxf,97,0,5,0.64697265625,0,-648563.6818630332,-613327.228754962,-35235.64539273491,-18.62635814688199,
5098,3pxf,98,0,5,0.64697265625,0,-648566.0146841193,-613327.228754962,-35235.62635701608,-72.86146448646507,
5099,3pxf,99,0,5,0.64697265625,0,-648564.6915323243,-613327.228754962,-35235.3218353217,-49.37129633029705,
5100,3pxf,100,0,5,0.64697265625,0,-648565.9183781432,-613327.228754962,-35236.868351083096,-41.99953233187774,
6001,4m0y,1,0,6,0.6220703125,0,-640615.8539183907,-613327.228754962,-27297.81343967469,211.8866838511729,
6002,4m0y,2,0,6,0.6220703125,0,-640628.8480551752,-613327.228754962,-27297.614264499865,-92.35831763015419,
6003,4m0y,3,0,6,0.6220703125,0,-640615.3898551558,-613327.228754962,-27297.871020669056,223.91608554980053,
6004,4m0y,4,0,6,0.6220703125,0,-640627.849734351,-613327.228754962,-27298.38951141565,-51.45887393327295,
6005,4m0y,5,0,6,0.6220703125,0,-640596.4982403158,-613327.228754962,-27297.749802204522,656.7717089663029,
6006,4m0y,6,0,6,0.6220703125,0,-640629.2183101691,-613327.228754962,-27298.120374941907,-89.2254165703271,
6007,4m0y,7,0,6,0.6220703125,0,-640626.7161730746,-613327.228754962,-27298.377344695316,-25.598901134256273,
6008,4m0y,8,0,6,0.6220703125,0,-640629.3932249107,-613327.228754962,-27298.38694803322,-87.11172481395751,
6009,4m0y,9,0,6,0.6220703125,0,-640600.6228278916,-613327.228754962,-27298.703900934048,583.6584992806169,
6010,4m0y,10,0,6,0.6220703125,0,-640609.3575078126,-613327.228754962,-27298.69072308527,381.92810676640596,
6011,4m0y,11,0,6,0.6220703125,0,-640626.7423179003,-613327.228754962,-27298.693590672032,-18.909009666400244,
6012,4m0y,12,0,6,0.6220703125,0,-640620.0595300166,-613327.228754962,-27298.693363627048,135.19450418531176,
6013,4m0y,13,0,6,0.6220703125,0,-640619.9241855837,-613327.228754962,-27298.696044907014,138.37745273870843,
6014,4m0y,14,0,6,0.6220703125,0,-640625.1932080702,-613327.228754962,-27298.702293654937,17.01500721801583,
6015,4m0y,15,0,6,0.6220703125,0,-640589.5529261775,-613327.228754962,-27298.694519351313,838.7201528015185,
6016,4m0y,16,0,6,0.6220703125,0,-640601.8209977688,-613327.228754962,-27298.6924445262,555.7638544778016,
6017,4m0y,17,0,6,0.6220703125,0,-640627.1716591569,-613327.228754962,-27298.706389565574,-28.51470475360695,
6018,4m0y,18,0,6,0.6220703125,0,-640599.9856011291,-613327.228754962,-27298.70637323903,598.410310223112,
6019,4m0y,19,0,6,0.6220703125,0,-640604.1042449706,-613327.228754962,-27298.69237978496,503.1094302026068,
6020,4m0y,20,0,6,0.6220703125,0,-640630.308353117,-613327.228754962,-27298.692016196313,-101.18004361879927,
6021,4m0y,21,0,6,0.6220703125,0,-640627.9248405835,-613327.228754962,-27298.6961635066,-46.119299587851245,
6022,4m0y,22,0,6,0.6220703125,0,-640626.1073224101,-613327.228754962,-27298.69132887201,-4.317824140097184,
6023,4m0y,23,0,6,0.6220703125,0,-640626.2447233145,-613327.228754962,-27298.69231751169,-7.463565696217859,
6024,4m0y,24,0,6,0.6220703125,0,-640625.2318536319,-613327.228754962,-27298.7050819065,16.18811800328767,
6025,4m0y,25,0,6,0.6220703125,0,-640627.7081151577,-613327.228754962,-27298.694385581013,-41.162492478234356,
6026,4m0y,26,0,6,0.6220703125,0,-640628.4586895214,-613327.228754962,-27298.70206448928,-58.29406866243408,
6027,4m0y,27,0,6,0.6220703125,0,-640616.1571672849,-613327.228754962,-27298.705565231714,225.4665023012969,
6028,4m0y,28,0,6,0.6220703125,0,-640616.9740407461,-613327.228754962,-27298.692082825004,206.31804109198103,
6029,4m0y,29,0,6,0.6220703125,0,-640616.7368104819,-613327.228754962,-27298.69072419655,211.75737023071636,
6030,4m0y,30,0,6,0.6220703125,0,-640627.6044647148,-613327.228754962,-27297.428949164456,-67.95391349254847,
6031,4m0y,31,0,6,0.6220703125,0,-640615.641619918,-613327.228754962,-27298.695325979927,237.11918425704008,
6032,4m0y,32,0,6,0.6220703125,0,-640620.2994123388,-613327.228754962,-27298.707047589003,129.9782460809588,
6033,4m0y,33,0,6,0.6220703125,0,-640613.5750430777,-613327.228754962,-27298.705538205166,285.01107783830525,
6034,4m0y,34,0,6,0.6220703125,0,-640628.8757189905,-613327.228754962,-27298.705768965825,-67.82556942148294,
6035,4m0y,35,0,6,0.6220703125,0,-640596.2858012152,-613327.228754962,-27298.694376434167,683.4530702092449,
6036,4m0y,36,0,6,0.6220703125,0,-640609.0927603628,-613327.228754962,-27298.700835470598,388.26652514059145,
6037,4m0y,37,0,6,0.6220703125,0,-640628.6384201366,-613327.228754962,-27298.6957854342,-62.5835535615624,
6038,4m0y,38,0,6,0.6220703125,0,-640628.2075882893,-613327.228754962,-27298.693933674975,-52.69103772067508,
6039,4m0y,39,0,6,0.6220703125,0,-640629.7259976566,-613327.228754962,-27298.702170862787,-87.51643549825172,
6040,4m0y,40,0,6,0.6220703125,0,-640621.6907425118,-613327.228754962,-27298.705842734664,97.86562547704027,
6041,4m0y,41,0,6,0.6220703125,0,-640626.0675263902,-613327.228754962,-27298.70747136545,-3.0278513775170497,
6042,4m0y,42,0,6,0.6220703125,0,-640624.1097791926,-613327.228754962,-27298.693294299635,41.79194060851108,
6043,4m0y,43,0,6,0.6220703125,0,-640627.1608566672,-613327.228754962,-27298.703214673627,-28.3388081706532,
6044,4m0y,44,0,6,0.6220703125,0,-640629.0049299351,-613327.228754962,-27298.693705115697,-71.08344358342661,
6045,4m0y,45,0,6,0.6220703125,0,-640605.9037898973,-613327.228754962,-27298.69380243448,461.6437454236926,
6046,4m0y,46,0,6,0.6220703125,0,-640629.4350372972,-613327.228754962,-27298.696154944428,-80.94546058686532,
6047,4m0y,47,0,6,0.6220703125,0,-640597.1701898373,-613327.228754962,-27298.68980339305,662.9531272543334,
6048,4m0y,48,0,6,0.6220703125,0,-640630.1463865577,-613327.228754962,-27298.70358626331,-97.17819394902536,
6049,4m0y,49,0,6,0.6220703125,0,-640626.7592973823,-613327.228754962,-27298.691407392726,-19.350913440646153,
6050,4m0y,50,0,6,0.6220703125,0,-640606.0905069422,-613327.228754962,-27298.695360599402,457.3738802153981,
6051,4m0y,51,0,6,0.6220703125,0,-640627.7091550234,-613327.228754962,-27298.706203200454,-40.91395157433543,
6052,4m0y,52,0,6,0.6220703125,0,-640610.7124258953,-613327.228754962,-27298.691255928872,350.6952411788595,
6053,4m0y,53,0,6,0.6220703125,0,-640626.5573655806,-613327.228754962,-27298.693359275112,-14.649243990941024,
6054,4m0y,54,0,6,0.6220703125,0,-640627.7955643419,-613327.228754962,-27298.702302697508,-42.99654553123446,
6055,4m0y,55,0,6,0.6220703125,0,-640588.0510420953,-613327.228754962,-27298.70354885574,873.5626478342583,
6056,4m0y,56,0,6,0.6220703125,0,-640597.5162510196,-613327.228754962,-27298.696640126007,655.1304256170943,
6057,4m0y,57,0,6,0.6220703125,0,-640626.8343994868,-613327.228754962,-27298.70538307647,-20.760522189165194,
6058,4m0y,58,0,6,0.6220703125,0,-640628.0385334424,-613327.228754962,-27298.7030961834,-48.581247874865156,
6059,4m0y,59,0,6,0.6220703125,0,-640607.7954852621,-613327.228754962,-27298.690733735595,417.94944810697757,
6060,4m0y,60,0,6,0.6220703125,0,-640620.0770743709,-613327.228754962,-27298.693717666083,134.7980860976472,
6061,4m0y,61,0,6,0.6220703125,0,-640619.8048680295,-613327.228754962,-27298.691869874812,141.03270237390493,
6062,4m0y,62,0,6,0.6220703125,0,-640623.8118364383,-613327.228754962,-27298.70034665263,48.8252948694484,
6063,4m0y,63,0,6,0.6220703125,0,-640625.5071195624,-613327.228754962,-27298.70498786616,9.838166226156098,
6064,4m0y,64,0,6,0.6220703125,0,-640626.9962755023,-613327.228754962,-27298.69549629332,-24.721466422555523,
6065,4m0y,65,0,6,0.6220703125,0,-640626.5195858463,-613327.228754962,-27298.69582570679,-13.72114535687895,
6066,4m0y,66,0,6,0.6220703125,0,-640608.3972078015,-613327.228754962,-27298.694655507832,404.1638349225743,
6067,4m0y,67,0,6,0.6220703125,0,-640604.0697198268,-613327.228754962,-27298.6922885069,503.90349401044665,
6068,4m0y,68,0,6,0.6220703125,0,-640597.8232972568,-613327.228754962,-27298.7053667866,648.2510127499379,
6069,4m0y,69,0,6,0.6220703125,0,-640609.8569636995,-613327.228754962,-27298.70574643204,370.75682700415564,
6070,4m0y,70,0,6,0.6220703125,0,-640630.682136451,-613327.228754962,-27298.69595555993,-109.70884818862731,
6071,4m0y,71,0,6,0.6220703125,0,-640628.3425933153,-613327.228754962,-27298.693282373406,-55.81934695128428,
6072,4m0y,72,0,6,0.6220703125,0,-640623.912760538,-613327.228754962,-27298.705615551065,46.61943352325068,
6073,4m0y,73,0,6,0.6220703125,0,-640624.2523446793,-613327.228754962,-27298.695472459458,38.55453194178256,
6074,4m0y,74,0,6,0.6220703125,0,-640626.6204502349,-613327.228754962,-27298.696044006934,-16.042099291679364,
6075,4m0y,75,0,6,0.6220703125,0,-640615.8730929234,-613327.228754962,-27298.695587541595,231.78732170042156,
6076,4m0y,76,0,6,0.6220703125,0,-640616.2605888641,-613327.228754962,-27298.6954110215,222.8473823764131,
6077,4m0y,77,0,6,0.6220703125,0,-640627.6846446572,-613327.228754962,-27298.70364301642,-40.40776834724899,
6078,4m0y,78,0,6,0.6220703125,0,-640621.9015729453,-613327.228754962,-27298.701198639512,92.89666480216049,
6079,4m0y,79,0,6,0.6220703125,0,-640580.2652301022,-613327.228754962,-27298.70226009099,1053.0780180792822,
6080,4m0y,80,0,6,0.6220703125,0,-640627.1936985297,-613327.228754962,-27298.693376736497,-29.323027732086175,
6081,4m0y,81,0,6,0.6220703125,0,-640622.4783941654,-613327.228754962,-27298.694409134536,79.4382817619121,
6082,4m0y,82,0,6,0.6220703125,0,-640620.9087066967,-613327.228754962,-27298.692406388498,115.58995029215497,
6083,4m0y,83,0,6,0.6220703125,0,-640614.3029046691,-613327.228754962,-27298.693373918875,267.9456756903439,
6084,4m0y,84,0,6,0.6220703125,0,-640625.9420962417,-613327.228754962,-27297.429260794986,-29.6115994377206,
6085,4m0y,85,0,6,0.6220703125,0,-640627.7353035781,-613327.228754962,-27298.389039736667,-48.83091479601928,
6086,4m0y,86,0,6,0.6220703125,0,-640626.872344678,-613327.228754962,-27297.400332059617,-51.73075048270923,
6087,4m0y,87,0,6,0.6220703125,0,-640625.7310908956,-613327.228754962,-27296.464167395116,-47.001283069026684,
6088,4m0y,88,0,6,0.6220703125,0,-640625.9250304565,-613327.228754962,-27296.4359550965,-52.12422665126813,
6089,4m0y,89,0,6,0.6220703125,0,-640626.9330928971,-613327.228754962,-27296.62476672483,-71.01659919172366,
6090,4m0y,90,0,6,0.6220703125,0,-640626.3318054903,-613327.228754962,-27296.53212935612,-59.28685066040751,
6091,4m0y,91,0,6,0.6220703125,0,-640626.7064344578,-613327.228754962,-27298.094648792598,-31.893445682785714,
6092,4m0y,92,0,6,0.6220703125,0,-640613.7540834415,-613327.228754962,-27297.46738904989,252.3299111495731,
6093,4m0y,93,0,6,0.6220703125,0,-640626.4482689542,-613327.228754962,-27296.323102016333,-66.79284690658679,
6094,4m0y,94,0,6,0.6220703125,0,-640608.9539335594,-613327.228754962,-27296.52805647006,341.3624732137547,
6095,4m0y,95,0,6,0.6220703125,0,-640625.8543508009,-613327.228754962,-27296.645693118608,-45.6576413807968,
6096,4m0y,96,0,6,0.6220703125,0,-640628.5433973137,-613327.228754962,-27297.680251952446,-83.81103363719741,
6097,4m0y,97,0,6,0.6220703125,0,-640627.6350009906,-613327.228754962,-27297.56921059545,-65.42359130346442,
6098,4m0y,98,0,6,0.6220703125,0,-640625.9754200341,-613327.228754962,-27297.265168010425,-34.164133853111586,
6099,4m0y,99,0,6,0.6220703125,0,-640626.9413667517,-613327.228754962,-27297.958201797028,-40.45765555050193,
6100,4m0y,100,0,6,0.6220703125,0,-640580.7107040674,-613327.228754962,-27297.563049989785,1016.5343353708649,
7001,3qgy,1,0,7,0.6220703125,0,-668107.3280506972,-613327.228754962,-54776.265946944426,-88.39912314207336,
7002,3qgy,2,0,7,0.6220703125,0,-668097.206254335,-613327.228754962,-54776.61950714206,153.1683378491639,
7003,3qgy,3,0,7,0.6220703125,0,-668107.1878974115,-613327.228754962,-54776.97825327922,-68.74093728997225,
7004,3qgy,4,0,7,0.6220703125,0,-668107.3547761086,-613327.228754962,-54776.498154058834,-83.66060250188661,
7005,3qgy,5,0,7,0.6220703125,0,-668101.6168258671,-613327.228754962,-54776.40536664097,46.519944805114264,
7006,3qgy,6,0,7,0.6220703125,0,-668106.9185071646,-613327.228754962,-54779.46821431187,-5.108785125418998,
7007,3qgy,7,0,7,0.6220703125,0,-668104.203210022,-613327.228754962,-54779.33312839152,54.39229917892235,
7008,3qgy,8,0,7,0.6220703125,0,-668084.5190036432,-613327.228754962,-54779.46820070244,511.4357233707346,
7009,3qgy,9,0,7,0.6220703125,0,-668103.5683338207,-613327.228754962,-54779.316804409245,68.6564522110511,
7010,3qgy,10,0,7,0.6220703125,0,-668086.5547774244,-613327.228754962,-54779.385212148016,462.5759031873655,
7011,3qgy,11,0,7,0.6220703125,0,-668089.7513325738,-613327.228754962,-54779.31618081018,387.2696898036079,
7012,3qgy,12,0,7,0.6220703125,0,-668105.9017904045,-613327.228754962,-54779.37805276607,16.258085712089038,
7013,3qgy,13,0,7,0.6220703125,0,-668105.1990638766,-613327.228754962,-54779.46759256681,34.528181276370375,
7014,3qgy,14,0,7,0.6220703125,0,-668098.5228966436,-613327.228754962,-54779.32989591953,185.30889495816461,
7015,3qgy,15,0,7,0.6220703125,0,-668095.7787035153,-613327.228754962,-54779.46779907602,251.77161418616862,
7016,3qgy,16,0,7,0.6220703125,0,-668104.829708888,-613327.228754962,-54776.573610423795,-23.691103970685692,
7017,3qgy,17,0,7,0.6220703125,0,-668072.5390709137,-613327.228754962,-54779.33163834219,784.5503322467255,
7018,3qgy,18,0,7,0.6220703125,0,-668107.571682113,-613327.228754962,-54779.38165168533,-22.16753885465234,
7019,3qgy,19,0,7,0.6220703125,0,-668110.2684992326,-613327.228754962,-54779.4598125408,-82.55518688575273,
7020,3qgy,20,0,7,0.6220703125,0,-668104.7741656948,-613327.228754962,-54779.46536659335,44.27523395364469,
7021,3qgy,21,0,7,0.6220703125,0,-668101.5974683602,-613327.228754962,-54779.33086575423,114.42995174831327,
7022,3qgy,22,0,7,0.6220703125,0,-668097.1484279817,-613327.228754962,-54779.38233329678,218.21412992518287,
7023,3qgy,23,0,7,0.6220703125,0,-668061.0304821783,-613327.228754962,-54779.3823989066,1051.1152596649567,
7024,3qgy,24,0,7,0.6220703125,0,-668111.1460366008,-613327.228754962,-54779.46302919275,-102.71750158242394,
7025,3qgy,25,0,7,0.6220703125,0,-668101.402586388,-613327.228754962,-54779.3166685308,118.59664103869795,
7026,3qgy,26,0,7,0.6220703125,0,-668112.0961220093,-613327.228754962,-54779.3147934193,-128.04538973277832,
7027,3qgy,27,0,7,0.6220703125,0,-668100.3762799401,-613327.228754962,-54779.32896293119,142.54734557809604,
7028,3qgy,28,0,7,0.6220703125,0,-668110.0607557638,-613327.228754962,-54779.465705658986,-77.62861015297138,
7029,3qgy,29,0,7,0.6220703125,0,-668097.3196725891,-613327.228754962,-54779.381401566716,214.24364925923882,
7030,3qgy,30,0,7,0.6220703125,0,-668087.0714892958,-613327.228754962,-54779.46165957713,452.4231639585328,
7031,3qgy,31,0,7,0.6220703125,0,-668111.9077053391,-613327.228754962,-54779.317203543855,-123.64481930505809,
7032,3qgy,32,0,7,0.6220703125,0,-668110.8707854671,-613327.228754962,-54779.332638097694,-99.37694973221738,
7033,3qgy,33,0,7,0.6220703125,0,-668101.975182279,-613327.228754962,-54779.3132206097,105.31275515808036,
7034,3qgy,34,0,7,0.6220703125,0,-668105.9731266566,-613327.228754962,-54779.46436930441,16.60353931834616,
7035,3qgy,35,0,7,0.6220703125,0,-668109.9948274434,-613327.228754962,-54779.381523762924,-78.04954760758675,
7036,3qgy,36,0,7,0.6220703125,0,-668112.6984150795,-613327.228754962,-54779.37941856917,-140.44430652576224,
7037,3qgy,37,0,7,0.6220703125,0,-668092.0251773216,-613327.228754962,-54779.46448373992,338.25353104210984,
7038,3qgy,38,0,7,0.6220703125,0,-668107.9333243192,-613327.228754962,-54779.463058322624,-28.629924595405722,
7039,3qgy,39,0,7,0.6220703125,0,-668110.6418730756,-613327.228754962,-54779.31859481372,-94.42195040160307,
7040,3qgy,40,0,7,0.6220703125,0,-668110.1690173876,-613327.228754962,-54779.378248978006,-82.14198148096058,
7041,3qgy,41,0,7,0.6220703125,0,-668096.1551560732,-613327.228754962,-54779.32998503119,239.91234459719868,
7042,3qgy,42,0,7,0.6220703125,0,-668094.479080584,-613327.228754962,-54779.31842384336,278.29695625743756,
7043,3qgy,43,0,7,0.6220703125,0,-668097.0290720322,-613327.228754962,-54779.31950277964,219.5176373607418,
7044,3qgy,44,0,7,0.6220703125,0,-668097.0234043375,-613327.228754962,-54779.32824160794,219.84985967407863,
7045,3qgy,45,0,7,0.6220703125,0,-668112.3855032559,-613327.228754962,-54779.38260929331,-133.15480860375675,
7046,3qgy,46,0,7,0.6220703125,0,-668110.20730449,-613327.228754962,-54779.4654936308,-81.01299355022581,
7047,3qgy,47,0,7,0.6220703125,0,-668107.931042166,-613327.228754962,-54779.32969922075,-31.65263083911327,
7048,3qgy,48,0,7,0.6220703125,0,-668103.1056498119,-613327.228754962,-54779.33003167396,79.63122689616375,
7049,3qgy,49,0,7,0.6220703125,0,-668087.2097711911,-613327.228754962,-54779.33250969095,446.25604056991045,
7050,3qgy,50,0,7,0.6220703125,0,-668090.1236168434,-613327.228754962,-54779.33124618518,379.03202640006776,
7051,3qgy,51,0,7,0.6220703125,0,-668080.3095384107,-613327.228754962,-54779.31777619382,605.0394261289755,
7052,3qgy,52,0,7,0.6220703125,0,-668111.398528533,-613327.228754962,-54779.331892406095,-111.56419000391378,
7053,3qgy,53,0,7,0.6220703125,0,-668107.1004251488,-613327.228754962,-54776.79055872513,-71.05211823490193,
7054,3qgy,54,0,7,0.6220703125,0,-668111.4517188437,-613327.228754962,-54779.460328919005,-109.82897135650998,
7055,3qgy,55,0,7,0.6220703125,0,-668111.4132084039,-613327.228754962,-54779.385461065176,-110.66739324170759,
7056,3qgy,56,0,7,0.6220703125,0,-668110.6250455399,-613327.228754962,-54779.46435536635,-90.67258001399502,
7057,3qgy,57,0,7,0.6220703125,0,-668087.445763548,-613327.228754962,-54779.466995783,443.915250494202,
7058,3qgy,58,0,7,0.6220703125,0,-668092.6281929878,-613327.228754962,-54779.33164108641,321.28423506565815,
7059,3qgy,59,0,7,0.6220703125,0,-668110.9400123092,-613327.228754962,-54779.33018245504,-101.02998710136664,
7060,3qgy,60,0,7,0.6220703125,0,-668094.2470874905,-613327.228754962,-54779.33154275109,283.9493732857482,
7061,3qgy,61,0,7,0.6220703125,0,-668104.7949323319,-613327.228754962,-54779.3312936082,40.70454743968699,
7062,3qgy,62,0,7,0.6220703125,0,-668111.0102339478,-613327.228754962,-54779.46723130142,-99.48891507858316,
7063,3qgy,63,0,7,0.6220703125,0,-668103.513595127,-613327.228754962,-54779.318578655235,69.95967155837494,
7064,3qgy,64,0,7,0.6220703125,0,-668079.0979864064,-613327.228754962,-54779.31826766869,632.9898127538888,
7065,3qgy,65,0,7,0.6220703125,0,-668105.0602057151,-613327.228754962,-54779.38149428325,35.744852965414495,
7066,3qgy,66,0,7,0.6220703125,0,-668108.0970538963,-613327.228754962,-54779.381707171364,-34.28162045395439,
7067,3qgy,67,0,7,0.6220703125,0,-668108.6305133344,-613327.228754962,-54779.38421024013,-46.52576520553048,
7068,3qgy,68,0,7,0.6220703125,0,-668064.9809514426,-613327.228754962,-54779.45750917119,961.7473580913982,
7069,3qgy,69,0,7,0.6220703125,0,-668095.9891920505,-613327.228754962,-54779.379966718036,244.89217095936178,
7070,3qgy,70,0,7,0.6220703125,0,-668098.830647068,-613327.228754962,-54779.33270121051,178.2766931238263,
7071,3qgy,71,0,7,0.6220703125,0,-668098.0827745579,-613327.228754962,-54779.46592084691,198.59516071164782,
7072,3qgy,72,0,7,0.6220703125,0,-668109.2611430824,-613327.228754962,-54779.46393794857,-59.22986803866917,
7073,3qgy,73,0,7,0.6220703125,0,-668103.9169770529,-613327.228754962,-54779.3287839536,60.89280313340057,
7074,3qgy,74,0,7,0.6220703125,0,-668107.6415753765,-613327.228754962,-54779.38103014553,-23.793648849281784,
7075,3qgy,75,0,7,0.6220703125,0,-668111.1082137778,-613327.228754962,-54779.37798632389,-103.80642170772062,
7076,3qgy,76,0,7,0.6220703125,0,-668105.8804471074,-613327.228754962,-54779.31542112437,15.305953866327766,
7077,3qgy,77,0,7,0.6220703125,0,-668110.8081716547,-613327.228754962,-54777.083411484506,-149.80143881203728,
7078,3qgy,78,0,7,0.6220703125,0,-668108.1307474385,-613327.228754962,-54776.86461721831,-93.10408525275909,
7079,3qgy,79,0,7,0.6220703125,0,-668102.7329507696,-613327.228754962,-54777.08994264727,36.56819084299715,
7080,3qgy,80,0,7,0.6220703125,0,-668111.9531122828,-613327.228754962,-54777.00847171156,-177.93254914769696,
7081,3qgy,81,0,7,0.6220703125,0,-668109.913659352,-613327.228754962,-54777.160734667654,-127.39038010696235,
7082,3qgy,82,0,7,0.6220703125,0,-668106.858538173,-613327.228754962,-54776.90377026825,-62.863351854232064,
7083,3qgy,83,0,7,0.6220703125,0,-668107.418064044,-613327.228754962,-54776.75706025725,-79.14953818954163,
7084,3qgy,84,0,7,0.6220703125,0,-668108.82077418,-613327.228754962,-54777.08014401548,-104.04631391389611,
7085,3qgy,85,0,7,0.6220703125,0,-668106.3623230689,-613327.228754962,-54777.25975633515,-43.21112598838121,
7086,3qgy,86,0,7,0.6220703125,0,-668090.8796868256,-613327.228754962,-54776.94331286788,306.52958793245745,
7087,3qgy,87,0,7,0.6220703125,0,-668104.943160154,-613327.228754962,-54776.69388891287,-23.533664468184153,
7088,3qgy,88,0,7,0.6220703125,0,-668107.4633285584,-613327.228754962,-54776.384103305405,-88.7939543156361,
7089,3qgy,89,0,7,0.6220703125,0,-668112.8975911756,-613327.228754962,-54776.93712582557,-201.35802504738027,
7090,3qgy,90,0,7,0.6220703125,0,-668108.0643304709,-613327.228754962,-54777.14997205085,-84.99203482869167,
7091,3qgy,91,0,7,0.6220703125,0,-668107.9430515717,-613327.228754962,-54777.154441438965,-82.09221043586685,
7092,3qgy,92,0,7,0.6220703125,0,-668102.0896957885,-613327.228754962,-54777.04326652224,50.325626089178364,
7093,3qgy,93,0,7,0.6220703125,0,-668107.4347813955,-613327.228754962,-54776.59748770661,-83.2148799100971,
7094,3qgy,94,0,7,0.6220703125,0,-668101.447109324,-613327.228754962,-54776.16459637,44.8814069139735,
7095,3qgy,95,0,7,0.6220703125,0,-668107.2295466212,-613327.228754962,-54776.69263413036,-76.28792492566014,
7096,3qgy,96,0,7,0.6220703125,0,-668107.1473561517,-613327.228754962,-54776.59370822248,-76.67385330325052,
7097,3qgy,97,0,7,0.6220703125,0,-668110.1441867299,-613327.228754962,-54776.604926837674,-145.52370077964616,
7098,3qgy,98,0,7,0.6220703125,0,-668107.5834256463,-613327.228754962,-54775.9220815616,-102.21793347796483,
7099,3qgy,99,0,7,0.6220703125,0,-668106.3024138338,-613327.228754962,-54775.863791372896,-74.02130298873517,
7100,3qgy,100,0,7,0.6220703125,0,-668105.246257385,-613327.228754962,-54776.3419628923,-38.638859490408656,
8001,4rfm,1,0,8,0.6220703125,0,-669530.4038046441,-613327.228754962,-56199.568711785134,-83.16412756746236,
8002,4rfm,2,0,8,0.6220703125,0,-669529.0121108791,-613327.228754962,-56199.23504324212,-58.765486328298586,
8003,4rfm,3,0,8,0.6220703125,0,-669530.085798133,-613327.228754962,-56199.50375721163,-77.32861125744532,
8004,4rfm,4,0,8,0.6220703125,0,-669497.048955977,-613327.228754962,-56199.153065903134,676.4319337622828,
8005,4rfm,5,0,8,0.6220703125,0,-669524.1605478994,-613327.228754962,-56199.263022477375,53.75943030954138,
8006,4rfm,6,0,8,0.6220703125,0,-669528.4546836382,-613327.228754962,-56199.224475098374,-46.154615962187194,
8007,4rfm,7,0,8,0.6220703125,0,-669523.5484854213,-613327.228754962,-56199.30722195288,68.89319047973585,
8008,4rfm,8,0,8,0.6220703125,0,-669530.37109018,-613327.228754962,-56199.618885493415,-81.25268090321653,
8009,4rfm,9,0,8,0.6220703125,0,-669528.6232495313,-613327.228754962,-56199.54978092868,-42.540107142753094,
8010,4rfm,10,0,8,0.6220703125,0,-669530.414405456,-613327.228754962,-56199.48260442304,-85.39427103981124,
8011,4rfm,11,0,8,0.6220703125,0,-669467.5389833115,-613327.228754962,-56198.72242983489,1347.0173662449854,
8012,4rfm,12,0,8,0.6220703125,0,-669487.3705732062,-613327.228754962,-56198.53878111679,885.4549988728555,
8013,4rfm,13,0,8,0.6220703125,0,-669459.9601951415,-613327.228754962,-56198.730008077546,1521.9631317648802,
8014,4rfm,14,0,8,0.6220703125,0,-669517.3135368577,-613327.228754962,-56198.88645496509,202.97140280519164,
8015,4rfm,15,0,8,0.6220703125,0,-669464.5748055279,-613327.228754962,-56198.732164875175,1415.597425163821,
8016,4rfm,16,0,8,0.6220703125,0,-669506.1735196436,-613327.228754962,-56198.779126942005,457.3912595952906,
8017,4rfm,17,0,8,0.6220703125,0,-669475.8207444643,-613327.228754962,-56198.45164515573,1149.790974013829,
8018,4rfm,18,0,8,0.6220703125,0,-669505.5787912469,-613327.228754962,-56198.887122248925,473.59645317525207,
8019,4rfm,19,0,8,0.6220703125,0,-669509.5188205747,-613327.228754962,-56198.78288090197,380.3333558383876,
8020,4rfm,20,0,8,0.6220703125,0,-669517.0616286912,-613327.228754962,-56198.829059532516,207.45697301110582,
8021,4rfm,21,0,8,0.6220703125,0,-669494.6705640653,-613327.228754962,-56198.875470842555,724.8774600282369,
8022,4rfm,22,0,8,0.6220703125,0,-669492.2785601666,-613327.228754962,-56197.23426318086,742.1912325636316,
8023,4rfm,23,0,8,0.6220703125,0,-669506.044567351,-613327.228754962,-56198.750708003885,459.70961382505715,
8024,4rfm,24,0,8,0.6220703125,0,-669516.6919917047,-613327.228754962,-56198.72788428345,213.6478477456782,
8025,4rfm,25,0,8,0.6220703125,0,-669503.7806526807,-613327.228754962,-56198.76453977226,512.235694520804,
8026,4rfm,26,0,8,0.6220703125,0,-669519.0598233171,-613327.228754962,-56198.53801603562,154.66588778356603,
8027,4rfm,27,0,8,0.6220703125,0,-669529.3803624703,-613327.228754962,-56198.78427468119,-77.65253972136662,
8028,4rfm,28,0,8,0.6220703125,0,-669530.0365898786,-613327.228754962,-56198.87534407663,-90.68539310932026,
8029,4rfm,29,0,8,0.6220703125,0,-669525.9471527337,-613327.228754962,-56198.54136713322,-4.082423506292128,
8030,4rfm,30,0,8,0.6220703125,0,-669528.402100007,-613327.228754962,-56198.763153559055,-55.580336044195214,
8031,4rfm,31,0,8,0.6220703125,0,-669520.0634606808,-613327.228754962,-56198.883708998284,139.49332945428364,
8032,4rfm,32,0,8,0.6220703125,0,-669521.4982929048,-613327.228754962,-56198.71911942247,102.6097865374554,
8033,4rfm,33,0,8,0.6220703125,0,-669493.9132666677,-613327.228754962,-56198.71188448042,738.5687617589615,
8034,4rfm,34,0,8,0.6220703125,0,-669521.1923216749,-613327.228754962,-56198.75372590372,110.4636951357504,
8035,4rfm,35,0,8,0.6220703125,0,-669505.4902760534,-613327.228754962,-56197.302322983836,439.0913227726731,
8036,4rfm,36,0,8,0.6220703125,0,-669525.5326992522,-613327.228754962,-56197.10943734318,-27.54598458736165,
8037,4rfm,37,0,8,0.6220703125,0,-669464.2892754434,-613327.228754962,-56198.88709071,1425.7545799589336,
8038,4rfm,38,0,8,0.6220703125,0,-669526.5857905785,-613327.228754962,-56198.88552933163,-10.873193235352664,
8039,4rfm,39,0,8,0.6220703125,0,-669521.9759069531,-613327.228754962,-56197.06565350636,53.46591508758286,
8040,4rfm,40,0,8,0.6220703125,0,-669516.2751541552,-613327.228754962,-56198.83222495286,225.66650299190238,
8041,4rfm,41,0,8,0.6220703125,0,-669515.2797097687,-613327.228754962,-56198.89342317604,250.03326043240847,
8042,4rfm,42,0,8,0.6220703125,0,-669516.6528369396,-613327.228754962,-56197.105114002006,177.12880638795534,
8043,4rfm,43,0,8,0.6220703125,0,-669526.3512691552,-613327.228754962,-56198.54546611366,-13.307044838294804,
8044,4rfm,44,0,8,0.6220703125,0,-669531.6368179525,-613327.228754962,-56198.51101952365,-135.98905292707755,
8045,4rfm,45,0,8,0.6220703125,0,-669526.5019424242,-613327.228754962,-56197.0670321491,-50.87515012049725,
8046,4rfm,46,0,8,0.6220703125,0,-669503.7175314386,-613327.228754962,-56198.832510101754,515.2587379777588,
8047,4rfm,47,0,8,0.6220703125,0,-669521.6440030774,-613327.228754962,-56198.78201232842,100.69997499863632,
8048,4rfm,48,0,8,0.6220703125,0,-669524.7447576147,-613327.228754962,-56198.5196561998,23.14480062828932,
8049,4rfm,49,0,8,0.6220703125,0,-669527.4870313164,-613327.228754962,-56198.72487707881,-35.36102733837897,
8050,4rfm,50,0,8,0.6220703125,0,-669511.4762453294,-613327.228754962,-56198.8856694058,337.5644278684455,
8051,4rfm,51,0,8,0.6220703125,0,-669515.2642159464,-613327.228754962,-56198.89038766138,250.3205558311135,
8052,4rfm,52,0,8,0.6220703125,0,-669521.4270575343,-613327.228754962,-56198.84201471477,107.08654597166374,
8053,4rfm,53,0,8,0.6220703125,0,-669524.4373081963,-613327.228754962,-56198.89087153825,38.79518171344432,
8054,4rfm,54,0,8,0.6220703125,0,-669527.8956917569,-613327.228754962,-56198.54473330103,-48.93917517617327,
8055,4rfm,55,0,8,0.6220703125,0,-669527.0254236643,-613327.228754962,-56197.24125338756,-58.929277091955534,
8056,4rfm,56,0,8,0.6220703125,0,-669489.1890110023,-613327.228754962,-56198.87989127518,851.3870142223051,
8057,4rfm,57,0,8,0.6220703125,0,-669521.5886662931,-613327.228754962,-56198.5452490102,96.51617973644034,
8058,4rfm,58,0,8,0.6220703125,0,-669527.6925162134,-613327.228754962,-56198.753704843926,-39.434837578061256,
8059,4rfm,59,0,8,0.6220703125,0,-669496.6829171347,-613327.228754962,-56198.88153535226,678.6113467357571,
8060,4rfm,60,0,8,0.6220703125,0,-669500.8436583226,-613327.228754962,-56198.544813131266,574.897376679338,
8061,4rfm,61,0,8,0.6220703125,0,-669514.4966243284,-613327.228754962,-56198.76052442832,265.02692175504257,
8062,4rfm,62,0,8,0.6220703125,0,-669523.3175990469,-613327.228754962,-56198.889435582336,64.58317418112006,
8063,4rfm,63,0,8,0.6220703125,0,-669528.2864055099,-613327.228754962,-56198.84464619817,-51.03309265717646,
8064,4rfm,64,0,8,0.6220703125,0,-669503.7830918067,-613327.228754962,-56198.58338052228,508.0018153893647,
8065,4rfm,65,0,8,0.6220703125,0,-669488.6469391084,-613327.228754962,-56198.78777549564,861.7632487198603,
8066,4rfm,66,0,8,0.6220703125,0,-669505.5519285491,-613327.228754962,-56198.88325104566,474.1266496345652,
8067,4rfm,67,0,8,0.6220703125,0,-669515.7619839789,-613327.228754962,-56198.54509575557,230.87913180022352,
8068,4rfm,68,0,8,0.6220703125,0,-669528.7203685066,-613327.228754962,-56198.89232947849,-59.940914532801,
8069,4rfm,69,0,8,0.6220703125,0,-669511.7782882025,-613327.228754962,-56198.77515212126,328.0505646200606,
8070,4rfm,70,0,8,0.6220703125,0,-669491.6085612725,-613327.228754962,-56198.54330433275,787.828980202887,
8071,4rfm,71,0,8,0.6220703125,0,-669502.6913290342,-613327.228754962,-56198.78230573444,537.7657873947677,
8072,4rfm,72,0,8,0.6220703125,0,-669531.0108039279,-613327.228754962,-56198.954655545596,-111.32233686660558,
8073,4rfm,73,0,8,0.6220703125,0,-669523.5969157115,-613327.228754962,-56198.81971179374,56.5341101136363,
8074,4rfm,74,0,8,0.6220703125,0,-669515.0975989001,-613327.228754962,-56196.12634722368,190.42254947849088,
8075,4rfm,75,0,8,0.6220703125,0,-669522.1245242001,-613327.228754962,-56198.82387650114,90.58430542263584,
8076,4rfm,76,0,8,0.6220703125,0,-669528.4600108062,-613327.228754962,-56198.81808687536,-55.64899843005959,
8077,4rfm,77,0,8,0.6220703125,0,-669508.2613371914,-613327.228754962,-56198.72034502187,407.88949989087786,
8078,4rfm,78,0,8,0.6220703125,0,-669493.3653266331,-613327.228754962,-56198.88545374505,755.2071614653519,
8079,4rfm,79,0,8,0.6220703125,0,-669514.8010581445,-613327.228754962,-56198.88635641524,260.9082657303803,
8080,4rfm,80,0,8,0.6220703125,0,-669505.4243783585,-613327.228754962,-56198.836620067996,475.9926910135996,
8081,4rfm,81,0,8,0.6220703125,0,-669502.6755252917,-613327.228754962,-56197.2938312042,503.80519225428895,
8082,4rfm,82,0,8,0.6220703125,0,-669486.6573754104,-613327.228754962,-56197.07705602512,868.1935493636864,
8083,4rfm,83,0,8,0.6220703125,0,-669526.051820148,-613327.228754962,-56198.87817045846,1.2707577704958923,
8084,4rfm,84,0,8,0.6220703125,0,-669527.9497088824,-613327.228754962,-56198.72207889251,-46.0951531878328,
8085,4rfm,85,0,8,0.6220703125,0,-669513.633535982,-613327.228754962,-56198.54806030371,280.03067274217,
8086,4rfm,86,0,8,0.6220703125,0,-669527.3780678245,-613327.228754962,-56198.461066771575,-38.9318797306505,
8087,4rfm,87,0,8,0.6220703125,0,-669529.555056552,-613327.228754962,-56198.53334830101,-87.46758074174113,
8088,4rfm,88,0,8,0.6220703125,0,-669526.304746621,-613327.228754962,-56198.22958974538,-19.51849181470126,
8089,4rfm,89,0,8,0.6220703125,0,-669521.5115949304,-613327.228754962,-56198.5674844667,98.80624938908554,
8090,4rfm,90,0,8,0.6220703125,0,-669530.0828678613,-613327.228754962,-56198.323152525976,-104.48642840721551,
8091,4rfm,91,0,8,0.6220703125,0,-669527.8086102654,-613327.228754962,-56198.662755361445,-44.20937490744174,
8092,4rfm,92,0,8,0.6220703125,0,-669510.6637539329,-613327.228754962,-56198.27523435624,342.22395792022525,
8093,4rfm,93,0,8,0.6220703125,0,-669523.4692680427,-613327.228754962,-56199.75455879044,81.03581916769627,
8094,4rfm,94,0,8,0.6220703125,0,-669529.7734830072,-613327.228754962,-56198.18853993995,-100.45608416117466,
8095,4rfm,95,0,8,0.6220703125,0,-669528.7811348656,-613327.228754962,-56198.22722899848,-76.67980149185348,
8096,4rfm,96,0,8,0.6220703125,0,-669518.1424436584,-613327.228754962,-56198.55526948278,176.21903922454473,
8097,4rfm,97,0,8,0.6220703125,0,-669498.0621670377,-613327.228754962,-56198.686801954944,642.3144295536936,
8098,4rfm,98,0,8,0.6220703125,0,-669524.6236740304,-613327.228754962,-56198.479694791284,25.015522442220295,
8099,4rfm,99,0,8,0.6220703125,0,-669528.1214917611,-613327.228754962,-56199.640074848045,-28.887070837532406,
8100,4rfm,100,0,8,0.6220703125,0,-669529.3973097359,-613327.228754962,-56199.47473793604,-62.12089203644254,
9001,4m0z,1,0,9,0.6220703125,0,-643742.5005250168,-613327.228754962,-30412.705696099947,-59.17507117333816,
9002,4m0z,2,0,9,0.6220703125,0,-643742.5643024903,-613327.228754962,-30413.490387475515,-42.55040165346802,
9003,4m0z,3,0,9,0.6220703125,0,-643684.5152577597,-613327.228754962,-30412.656352436967,1276.8590659796007,
9004,4m0z,4,0,9,0.6220703125,0,-643719.1105190684,-613327.228754962,-30413.725642766276,503.7318086410982,
9005,4m0z,5,0,9,0.6220703125,0,-643716.6398930987,-613327.228754962,-30413.72916959246,560.7871275308208,
9006,4m0z,6,0,9,0.6220703125,0,-643732.4639578832,-613327.228754962,-30413.66368940272,194.36551564673232,
9007,4m0z,7,0,9,0.6220703125,0,-643723.1414023836,-613327.228754962,-30413.746936944262,411.2684865627363,
9008,4m0z,8,0,9,0.6220703125,0,-643715.45165599,-613327.228754962,-30413.728922181344,588.182820775504,
9009,4m0z,9,0,9,0.6220703125,0,-643741.0054942381,-613327.228754962,-30413.72795366896,-1.1250228275994907,
9010,4m0z,10,0,9,0.6220703125,0,-643740.6690425521,-613327.228754962,-30413.745643811377,7.041681745132751,
9011,4m0z,11,0,9,0.6220703125,0,-643712.7158446254,-613327.228754962,-30413.742428649624,651.5835961623019,
9012,4m0z,12,0,9,0.6220703125,0,-643732.4716168373,-613327.228754962,-30413.747481178496,196.12118022179723,
9013,4m0z,13,0,9,0.6220703125,0,-643739.2910834767,-613327.228754962,-30413.72620268799,38.36984995593219,
9014,4m0z,14,0,9,0.6220703125,0,-643702.6532119551,-613327.228754962,-30413.656962145258,881.6625137453169,
9015,4m0z,15,0,9,0.6220703125,0,-643699.1656900989,-613327.228754962,-30413.664747407198,962.266210726073,
9016,4m0z,16,0,9,0.6220703125,0,-643741.40749925,-613327.228754962,-30413.74612802299,-9.976368072583675,
9017,4m0z,17,0,9,0.6220703125,0,-643742.6497507157,-613327.228754962,-30413.66039337933,-40.60045526540924,
9018,4m0z,18,0,9,0.6220703125,0,-643738.0171945385,-613327.228754962,-30413.746421038282,68.2126729811902,
9019,4m0z,19,0,9,0.6220703125,0,-643742.0966538584,-613327.228754962,-30413.726331154765,-26.32517750908899,
9020,4m0z,20,0,9,0.6220703125,0,-643740.7278892341,-613327.228754962,-30413.660364077597,3.7180476413007724,
9021,4m0z,21,0,9,0.6220703125,0,-643744.4451551068,-613327.228754962,-30413.666417148575,-81.86455268357929,
9022,4m0z,22,0,9,0.6220703125,0,-643732.6708904576,-613327.228754962,-30413.59706280921,188.0570913707605,
9023,4m0z,23,0,9,0.6220703125,0,-643734.8903547081,-613327.228754962,-30413.726826342896,139.86744803917776,
9024,4m0z,24,0,9,0.6220703125,0,-643732.7492132641,-613327.228754962,-30413.661604561155,187.7392927027499,
9025,4m0z,25,0,9,0.6220703125,0,-643741.4545928139,-613327.228754962,-30413.727543142923,-11.490948969532354,
9026,4m0z,26,0,9,0.6220703125,0,-643745.6044037573,-613327.228754962,-30413.656974454938,-108.81521532252353,
9027,4m0z,27,0,9,0.6220703125,0,-643742.3374137587,-613327.228754962,-30413.74553083992,-31.434477447960226,
9028,4m0z,28,0,9,0.6220703125,0,-643742.9707154641,-613327.228754962,-30413.74822112842,-45.97672218887159,
9029,4m0z,29,0,9,0.6220703125,0,-643744.7079282724,-613327.228754962,-30413.667220181145,-87.90572746641662,
9030,4m0z,30,0,9,0.6220703125,0,-643730.8391032722,-613327.228754962,-30413.663947931054,231.84151492648434,
9031,4m0z,31,0,9,0.6220703125,0,-643742.2519955087,-613327.228754962,-30413.58405026319,-33.18851637012948,
9032,4m0z,32,0,9,0.6220703125,0,-643706.8554831118,-613327.228754962,-30413.74769959546,786.8482940491556,
9033,4m0z,33,0,9,0.6220703125,0,-643742.6172850446,-613327.228754962,-30413.744023917734,-37.92321307382557,
9034,4m0z,34,0,9,0.6220703125,0,-643744.7900719194,-613327.228754962,-30413.660798906105,-89.9480830875695,
9035,4m0z,35,0,9,0.6220703125,0,-643744.2777717903,-613327.228754962,-30413.72737000684,-76.59899540269224,
9036,4m0z,36,0,9,0.6220703125,0,-643741.4104120808,-613327.228754962,-30413.57778193284,-13.925692610468666,
9037,4m0z,37,0,9,0.6220703125,0,-643732.1033018307,-613327.228754962,-30413.74472776769,204.55123088681304,
9038,4m0z,38,0,9,0.6220703125,0,-643744.4338643779,-613327.228754962,-30413.57885615882,-83.62338668141743,
9039,4m0z,39,0,9,0.6220703125,0,-643745.2707033596,-613327.228754962,-30413.664829945137,-100.93874943431561,
9040,4m0z,40,0,9,0.6220703125,0,-643722.7399094952,-613327.228754962,-30413.660819243676,418.54121116453706,
9041,4m0z,41,0,9,0.6220703125,0,-643724.352806808,-613327.228754962,-30413.656059306686,381.2371487837225,
9042,4m0z,42,0,9,0.6220703125,0,-643746.0102341493,-613327.228754962,-30413.726926823812,-116.56074654079897,
9043,4m0z,43,0,9,0.6220703125,0,-643733.8265593208,-613327.228754962,-30413.740515500886,164.71483193210207,
9044,4m0z,44,0,9,0.6220703125,0,-643735.2204537261,-613327.228754962,-30413.660607847185,130.7281490568018,
9045,4m0z,45,0,9,0.6220703125,0,-643731.5315108796,-613327.228754962,-30413.65746821777,215.72479043848998,
9046,4m0z,46,0,9,0.6220703125,0,-643734.485973175,-613327.228754962,-30413.74518032132,149.61596052090007,
9047,4m0z,47,0,9,0.6220703125,0,-643739.0992381945,-613327.228754962,-30413.594964302294,39.76747819193081,
9048,4m0z,48,0,9,0.6220703125,0,-643742.5578268453,-613327.228754962,-30413.659494261068,-38.50137461544638,
9049,4m0z,49,0,9,0.6220703125,0,-643742.7370997946,-613327.228754962,-30413.59453673654,-44.133463137276024,
9050,4m0z,50,0,9,0.6220703125,0,-643745.3932251151,-613327.228754962,-30413.743221707027,-101.95641126314601,
9051,4m0z,51,0,9,0.6220703125,0,-643727.8974526369,-613327.228754962,-30413.743384402653,301.50943865627454,
9052,4m0z,52,0,9,0.6220703125,0,-643734.0393988607,-613327.228754962,-30413.726602931667,159.485804074973,
9053,4m0z,53,0,9,0.6220703125,0,-643732.0855752192,-613327.228754962,-30413.74294775209,204.9189681233883,
9054,4m0z,54,0,9,0.6220703125,0,-643726.9185714206,-613327.228754962,-30413.728936525542,323.7497998031393,
9055,4m0z,55,0,9,0.6220703125,0,-643699.1919298868,-613327.228754962,-30413.659262731668,961.5346272191206,
9056,4m0z,56,0,9,0.6220703125,0,-643733.1538464876,-613327.228754962,-30413.744395795482,180.3174401164814,
9057,4m0z,57,0,9,0.6220703125,0,-643736.6565474829,-613327.228754962,-30413.581723694315,95.79192850823077,
9058,4m0z,58,0,9,0.6220703125,0,-643719.548414812,-613327.228754962,-30413.65917482329,492.1009057242591,
9059,4m0z,59,0,9,0.6220703125,0,-643734.0077004709,-613327.228754962,-30413.7271484171,160.22936550187623,
9060,4m0z,60,0,9,0.6220703125,0,-643739.0197451175,-613327.228754962,-30413.728429391784,44.678410176328356,
9061,4m0z,61,0,9,0.6220703125,0,-643739.0950064902,-613327.228754962,-30413.744444868462,43.31216735680397,
9062,4m0z,62,0,9,0.6220703125,0,-643741.5498864226,-613327.228754962,-30413.7283251456,-13.670438381402043,
9063,4m0z,63,0,9,0.6220703125,0,-643742.6537911145,-613327.228754962,-30413.72499551188,-39.2038685064799,
9064,4m0z,64,0,9,0.6220703125,0,-643736.7711853257,-613327.228754962,-30413.744605536765,96.904461570841,
9065,4m0z,65,0,9,0.6220703125,0,-643742.2775369966,-613327.228754962,-30413.728494634866,-30.446550733120606,
9066,4m0z,66,0,9,0.6220703125,0,-643719.3016204706,-613327.228754962,-30413.741423147472,499.688809851434,
9067,4m0z,67,0,9,0.6220703125,0,-643718.1220474844,-613327.228754962,-30413.746233423,527.0013367084397,
9068,4m0z,68,0,9,0.6220703125,0,-643737.7586515503,-613327.228754962,-30413.72988330188,73.79344666590055,
9069,4m0z,69,0,9,0.6220703125,0,-643727.2698753049,-613327.228754962,-30413.659183746375,314.0400024759947,
9070,4m0z,70,0,9,0.6220703125,0,-643705.9482307784,-613327.228754962,-30413.579114684882,803.882369483137,
9071,4m0z,71,0,9,0.6220703125,0,-643744.5388417934,-613327.228754962,-30413.72992759224,-82.56043337701223,
9072,4m0z,72,0,9,0.6220703125,0,-643737.2132774421,-613327.228754962,-30413.577218567414,82.8495399608075,
9073,4m0z,73,0,9,0.6220703125,0,-643745.2860698621,-613327.228754962,-30413.729521627534,-99.80128376301705,
9074,4m0z,74,0,9,0.6220703125,0,-643714.7945041037,-613327.228754962,-30413.65950627407,601.7363344307404,
9075,4m0z,75,0,9,0.6220703125,0,-643738.1870322897,-613327.228754962,-30413.73031662802,63.92474487326151,
9076,4m0z,76,0,9,0.6220703125,0,-643713.7503226269,-613327.228754962,-30413.664354952318,625.9275444972604,
9077,4m0z,77,0,9,0.6220703125,0,-643746.183891195,-613327.228754962,-30413.731599983385,-120.45760752944686,
9078,4m0z,78,0,9,0.6220703125,0,-643737.5752584393,-613327.228754962,-30413.5954307269,74.92204223731912,
9079,4m0z,79,0,9,0.6220703125,0,-643741.38763205,-613327.228754962,-30413.731116047642,-9.864403931016525,
9080,4m0z,80,0,9,0.6220703125,0,-643742.1541199683,-613327.228754962,-30413.72958765539,-27.575280795835152,
9081,4m0z,81,0,9,0.6220703125,0,-643743.4934625976,-613327.228754962,-30412.633001348302,-83.74913654551212,
9082,4m0z,82,0,9,0.6220703125,0,-643741.3750499255,-613327.228754962,-30412.434666237717,-39.47109610023262,
9083,4m0z,83,0,9,0.6220703125,0,-643739.599263514,-613327.228754962,-30412.304192120133,-1.5292932504850822,
9084,4m0z,84,0,9,0.6220703125,0,-643740.5687385006,-613327.228754962,-30411.249945517975,-48.19742174262126,
9085,4m0z,85,0,9,0.6220703125,0,-643720.5613145928,-613327.228754962,-30412.33509702531,438.2089224878817,
9086,4m0z,86,0,9,0.6220703125,0,-643741.203169278,-613327.228754962,-30410.94323856263,-69.9005734437065,
9087,4m0z,87,0,9,0.6220703125,0,-643725.2752304203,-613327.228754962,-30412.47565669418,332.7448240464852,
9088,4m0z,88,0,9,0.6220703125,0,-643739.7337597661,-613327.228754962,-30411.414440761448,-25.149004268301407,
9089,4m0z,89,0,9,0.6220703125,0,-643742.2019933705,-613327.228754962,-30413.295565354238,-38.688059713469144,
9090,4m0z,90,0,9,0.6220703125,0,-643739.6478464224,-613327.228754962,-30412.287672002658,-3.0306046913988087,
9091,4m0z,91,0,9,0.6220703125,0,-643725.7682552916,-613327.228754962,-30412.32769512471,317.96332556952007,
9092,4m0z,92,0,9,0.6220703125,0,-643742.3774073789,-613327.228754962,-30412.45797336,-62.04853308817453,
9093,4m0z,93,0,9,0.6220703125,0,-643741.2307423294,-613327.228754962,-30411.66110780135,-53.981965198715095,
9094,4m0z,94,0,9,0.6220703125,0,-643742.8775263262,-613327.228754962,-30412.255531492934,-78.24997035305564,
9095,4m0z,95,0,9,0.6220703125,0,-643744.0280249106,-613327.228754962,-30412.677127742114,-95.05885751775409,
9096,4m0z,96,0,9,0.6220703125,0,-643743.0558352834,-613327.228754962,-30412.614592654463,-74.08172549825014,
9097,4m0z,97,0,9,0.6220703125,0,-643745.9596694573,-613327.228754962,-30413.304551175344,-125.13491088622895,
9098,4m0z,98,0,9,0.6220703125,0,-643729.1709203209,-613327.228754962,-30412.890625374635,252.47748586394724,
9099,4m0z,99,0,9,0.6220703125,0,-643743.7653386871,-613327.228754962,-30412.28250539799,-98.10137673820525,
9100,4m0z,100,0,9,0.6220703125,0,-643743.6388357289,-613327.228754962,-30412.969312514142,-79.34600086650903,
10001,4qd6,1,0,10,0.6220703125,0,-665135.1505756464,-613327.228754962,-51802.556261483754,-123.73273458571511,
10002,4qd6,2,0,10,0.6220703125,0,-665118.4553196832,-613327.228754962,-51802.316505809555,255.74011690664938,
10003,4qd6,3,0,10,0.6220703125,0,-665140.2081840184,-613327.228754962,-51802.1529740509,-249.66398349044167,
10004,4qd6,4,0,10,0.6220703125,0,-665135.0861666568,-613327.228754962,-51803.38379109235,-103.16414187959482,
10005,4qd6,5,0,10,0.6220703125,0,-665136.8446183408,-613327.228754962,-51802.53628982125,-163.25884464565726,
10006,4qd6,6,0,10,0.6220703125,0,-665117.9871069223,-613327.228754962,-51803.03981374106,283.2172368242929,
10007,4qd6,7,0,10,0.6220703125,0,-665121.738742157,-613327.228754962,-51803.072323832406,197.45217356825174,
10008,4qd6,8,0,10,0.6220703125,0,-665120.9357798735,-613327.228754962,-51803.03204329701,215.04003249967414,
10009,4qd6,9,0,10,0.6220703125,0,-665132.630574469,-613327.228754962,-51803.28969617425,-48.70672113922349,
10010,4qd6,10,0,10,0.6220703125,0,-665133.4259724044,-613327.228754962,-51803.32835097085,-66.15763248788808,
10011,4qd6,11,0,10,0.6220703125,0,-665137.9114450737,-613327.228754962,-51803.14048018248,-173.92749282099098,
10012,4qd6,12,0,10,0.6220703125,0,-665134.6562729152,-613327.228754962,-51803.21531512021,-97.13570490278053,
10013,4qd6,13,0,10,0.6220703125,0,-665125.6430339682,-613327.228754962,-51805.64735185738,166.7986224471703,
10014,4qd6,14,0,10,0.6220703125,0,-665128.7366814746,-613327.228754962,-51805.69509229557,96.55833681238002,
10015,4qd6,15,0,10,0.6220703125,0,-665111.2293513044,-613327.228754962,-51805.65986259625,499.47454542359884,
10016,4qd6,16,0,10,0.6220703125,0,-665115.4229347619,-613327.228754962,-51805.753732583464,404.9329068502639,
10017,4qd6,17,0,10,0.6220703125,0,-665101.5509712703,-613327.228754962,-51805.63796224854,722.1582571058102,
10018,4qd6,18,0,10,0.6220703125,0,-665120.8681589003,-613327.228754962,-51805.67962744411,277.654150046655,
10019,4qd6,19,0,10,0.6220703125,0,-665107.6560617023,-613327.228754962,-51805.71870841422,583.2335780045689,
10020,4qd6,20,0,10,0.6220703125,0,-665119.4168336606,-613327.228754962,-51802.93137097355,247.74620536514806,
10021,4qd6,21,0,10,0.6220703125,0,-665112.4898279319,-613327.228754962,-51805.694484349515,471.20566046280595,
10022,4qd6,22,0,10,0.6220703125,0,-665089.5526171254,-613327.228754962,-51805.65223845435,999.1760938789696,
10023,4qd6,23,0,10,0.6220703125,0,-665093.337815592,-613327.228754962,-51805.64386385953,911.69422084935,
10024,4qd6,24,0,10,0.6220703125,0,-665135.7550230148,-613327.228754962,-51805.64063426279,-66.54429603778416,
10025,4qd6,25,0,10,0.6220703125,0,-665115.1059268727,-613327.228754962,-51805.65811088853,410.0381937711556,
10026,4qd6,26,0,10,0.6220703125,0,-665120.1082785636,-613327.228754962,-51805.52801337375,291.68110337532545,
10027,4qd6,27,0,10,0.6220703125,0,-665111.4181134835,-613327.228754962,-51805.682264007104,495.6381749700765,
10028,4qd6,28,0,10,0.6220703125,0,-665140.1083930377,-613327.228754962,-51805.68309591715,-165.9562046626037,
10029,4qd6,29,0,10,0.6220703125,0,-665135.5529641024,-613327.228754962,-51805.53287249813,-64.36975214998462,
10030,4qd6,30,0,10,0.6220703125,0,-665135.4781766714,-613327.228754962,-51805.67654906281,-59.331852729943684,
10031,4qd6,31,0,10,0.6220703125,0,-665124.967750186,-613327.228754962,-51805.65431845085,182.53168986743663,
10032,4qd6,32,0,10,0.6220703125,0,-665135.8617077251,-613327.228754962,-51805.555233239254,-70.97389828926042,
10033,4qd6,33,0,10,0.6220703125,0,-665111.8968874143,-613327.228754962,-51805.6636739177,484.1686881926755,
10034,4qd6,34,0,10,0.6220703125,0,-665136.1483948498,-613327.228754962,-51805.82495305926,-71.36517363199098,
10035,4qd6,35,0,10,0.6220703125,0,-665104.9464789776,-613327.228754962,-51805.651408348494,644.1660636444244,
10036,4qd6,36,0,10,0.6220703125,0,-665131.3970846822,-613327.228754962,-51805.623141786404,33.54876323566238,
10037,4qd6,37,0,10,0.6220703125,0,-665095.1488019838,-613327.228754962,-51805.64596906873,869.9804298170453,
10038,4qd6,38,0,10,0.6220703125,0,-665125.3206198936,-613327.228754962,-51805.63599053712,173.97166936562252,
10039,4qd6,39,0,10,0.6220703125,0,-665122.7367270307,-613327.228754962,-51805.65996904381,234.11061181997994,
10040,4qd6,40,0,10,0.6220703125,0,-665127.7164174597,-613327.228754962,-51805.67222119191,119.55876374908847,
10041,4qd6,41,0,10,0.6220703125,0,-665123.7841995257,-613327.228754962,-51805.57065814479,207.89576398903722,
10042,4qd6,42,0,10,0.6220703125,0,-665138.0853391002,-613327.228754962,-51805.65915469135,-119.8555703562548,
10043,4qd6,43,0,10,0.6220703125,0,-665134.0187016409,-613327.228754962,-51805.622439379986,-26.92335790942765,
10044,4qd6,44,0,10,0.6220703125,0,-665131.4840443569,-613327.228754962,-51805.623966228544,31.562437587511326,
10045,4qd6,45,0,10,0.6220703125,0,-665122.7820474709,-613327.228754962,-51805.6888223257,233.73087012810157,
10046,4qd6,46,0,10,0.6220703125,0,-665132.1503330005,-613327.228754962,-51804.14271012012,-17.961120885190617,
10047,4qd6,47,0,10,0.6220703125,0,-665136.6648781401,-613327.228754962,-51805.64069365682,-87.52468401347969,
10048,4qd6,48,0,10,0.6220703125,0,-665124.1641113027,-613327.228754962,-51805.80976265405,204.64867125682912,
10049,4qd6,49,0,10,0.6220703125,0,-665125.1870538235,-613327.228754962,-51805.640264071284,177.15032615303514,
10050,4qd6,50,0,10,0.6220703125,0,-665113.5784462462,-613327.228754962,-51805.76186177172,447.65528602278135,
10051,4qd6,51,0,10,0.6220703125,0,-665114.9620962942,-613327.228754962,-51805.65908541752,413.37747887958255,
10052,4qd6,52,0,10,0.6220703125,0,-665114.3626106305,-613327.228754962,-51805.56109558415,424.9422474615745,
10053,4qd6,53,0,10,0.6220703125,0,-665133.461888493,-613327.228754962,-51805.69002485121,-12.52438368888119,
10054,4qd6,54,0,10,0.6220703125,0,-665136.0253544265,-613327.228754962,-51805.668754325765,-72.12982242836271,
10055,4qd6,55,0,10,0.6220703125,0,-665130.9180349023,-613327.228754962,-51805.57096604809,43.39271249032229,
10056,4qd6,56,0,10,0.6220703125,0,-665132.2381941769,-613327.228754962,-51805.67193204531,15.277447602062695,
10057,4qd6,57,0,10,0.6220703125,0,-665121.6901588414,-613327.228754962,-51805.76743103124,260.7231799081246,
10058,4qd6,58,0,10,0.6220703125,0,-665126.0221056205,-613327.228754962,-51805.556406244636,155.95976682530892,
10059,4qd6,59,0,10,0.6220703125,0,-665118.4958889249,-613327.228754962,-51805.760481640405,334.2245373418665,
10060,4qd6,60,0,10,0.6220703125,0,-665121.5076053456,-613327.228754962,-51805.689422089454,263.1340345977574,
10061,4qd6,61,0,10,0.6220703125,0,-665137.1147533625,-613327.228754962,-51805.81906094185,-93.78580578951373,
10062,4qd6,62,0,10,0.6220703125,0,-665128.1348974025,-613327.228754962,-51805.751933057174,111.74658629278893,
10063,4qd6,63,0,10,0.6220703125,0,-665116.4513556727,-613327.228754962,-51805.72091632632,380.4601963787258,
10064,4qd6,64,0,10,0.6220703125,0,-665135.2451829269,-613327.228754962,-51805.67138749987,-54.07791780869298,
10065,4qd6,65,0,10,0.6220703125,0,-665095.7931709333,-613327.228754962,-51805.658681532936,855.4140852261758,
10066,4qd6,66,0,10,0.6220703125,0,-665136.7866366667,-613327.228754962,-51805.65546700874,-89.99182075252304,
10067,4qd6,67,0,10,0.6220703125,0,-665133.3967323933,-613327.228754962,-51805.65639066589,-11.797471073739583,
10068,4qd6,68,0,10,0.6220703125,0,-665137.9512555362,-613327.228754962,-51805.6128172204,-117.83209737952679,
10069,4qd6,69,0,10,0.6220703125,0,-665136.444985732,-613327.228754962,-51805.73073567098,-80.37742644415529,
10070,4qd6,70,0,10,0.6220703125,0,-665129.661249731,-613327.228754962,-51805.61328998373,73.35088018898105,
10071,4qd6,71,0,10,0.6220703125,0,-665136.6090299988,-613327.228754962,-51805.69101596142,-85.07633536712666,
10072,4qd6,72,0,10,0.6220703125,0,-665137.3223336615,-613327.228754962,-51805.82384739088,-98.46234306659716,
10073,4qd6,73,0,10,0.6220703125,0,-665130.0820880608,-613327.228754962,-51805.64583104007,64.39653234124928,
10074,4qd6,74,0,10,0.6220703125,0,-665137.1436408202,-613327.228754962,-51805.61658556086,-99.12115959687159,
10075,4qd6,75,0,10,0.6220703125,0,-665135.1808967805,-613327.228754962,-51805.66924710597,-52.64480270991334,
10076,4qd6,76,0,10,0.6220703125,0,-665106.2474055787,-613327.228754962,-51805.664522924926,614.4684128512163,
10077,4qd6,77,0,10,0.6220703125,0,-665128.308787456,-613327.228754962,-51805.64416950235,105.25149978580701,
10078,4qd6,78,0,10,0.6220703125,0,-665122.1247501508,-613327.228754962,-51805.56583785128,246.05241706209966,
10079,4qd6,79,0,10,0.6220703125,0,-665136.8067465781,-613327.228754962,-51805.52167617236,-93.5408563064554,
10080,4qd6,80,0,10,0.6220703125,0,-665127.7745925292,-613327.228754962,-51805.50611823727,114.38678964564347,
10081,4qd6,81,0,10,0.6220703125,0,-665136.0800670884,-613327.228754962,-51805.522393573876,-76.76668550430801,
10082,4qd6,82,0,10,0.6220703125,0,-665117.174009457,-613327.228754962,-51805.660881187025,362.4109610191681,
10083,4qd6,83,0,10,0.6220703125,0,-665136.944650563,-613327.228754962,-51805.56221453896,-95.78616080359781,
10084,4qd6,84,0,10,0.6220703125,0,-665135.6104868235,-613327.228754962,-51805.520562055266,-65.9801431682683,
10085,4qd6,85,0,10,0.6220703125,0,-665133.7596500862,-613327.228754962,-51805.81529143965,-16.502212995121187,
10086,4qd6,86,0,10,0.6220703125,0,-665128.3085306975,-613327.228754962,-51803.36501231317,52.69880740348816,
10087,4qd6,87,0,10,0.6220703125,0,-665136.6697823924,-613327.228754962,-51803.91783528109,-127.36783673838399,
10088,4qd6,88,0,10,0.6220703125,0,-665104.0444943857,-613327.228754962,-51803.856245706935,623.5688885078791,
10089,4qd6,89,0,10,0.6220703125,0,-665134.0847957344,-613327.228754962,-51803.85520643812,-69.20088369737917,
10090,4qd6,90,0,10,0.6220703125,0,-665132.4412447732,-613327.228754962,-51803.61003867405,-36.95340109533103,
10091,4qd6,91,0,10,0.6220703125,0,-665136.6177847802,-613327.228754962,-51803.650030185134,-132.34447553909874,
10092,4qd6,92,0,10,0.6220703125,0,-665134.0220899885,-613327.228754962,-51803.62263269363,-73.11813280332035,
10093,4qd6,93,0,10,0.6220703125,0,-665137.0007254424,-613327.228754962,-51803.410604703706,-146.69657976261885,
10094,4qd6,94,0,10,0.6220703125,0,-665138.0422303488,-613327.228754962,-51803.609744643254,-166.12197737094067,
10095,4qd6,95,0,10,0.6220703125,0,-665130.671218004,-613327.228754962,-51802.47940796612,-22.20857764037384,
10096,4qd6,96,0,10,0.6220703125,0,-665132.2047369274,-613327.228754962,-51802.33189052176,-60.974197205236436,
10097,4qd6,97,0,10,0.6220703125,0,-665118.4811064948,-613327.228754962,-51800.48351786337,212.87575269842475,
10098,4qd6,98,0,10,0.6220703125,0,-665134.5826352619,-613327.228754962,-51802.32396070568,-115.99270138786869,
10099,4qd6,99,0,10,0.6220703125,0,-665133.9977197871,-613327.228754962,-51802.71634159461,-93.45571184571222,
10100,4qd6,100,0,10,0.6220703125,0,-665122.2000859138,-613327.228754962,-51802.81968367391,180.98731334013536,
11001,1q8t,1,0,11,0.5791015625,1,-634708.4676465697,-613327.228754962,-21377.644180441337,-82.89600878992198,
11002,1q8t,2,0,11,0.5791015625,1,-634709.8632373912,-613327.228754962,-21377.681200787298,-114.22538822268515,
11003,1q8t,3,0,11,0.5791015625,1,-634697.6978794724,-613327.228754962,-21377.387364342743,159.5384005570154,
11004,1q8t,4,0,11,0.5791015625,1,-634690.8287325143,-613327.228754962,-21377.66002657876,324.2324330753318,
11005,1q8t,5,0,11,0.5791015625,1,-634705.7324556584,-613327.228754962,-21377.528266451656,-22.494048056481308,
11006,1q8t,6,0,11,0.5791015625,1,-634689.2555261102,-613327.228754962,-21377.815377460443,364.09391104227745,
11007,1q8t,7,0,11,0.5791015625,1,-634707.5155501239,-613327.228754962,-21377.694817166903,-59.77243252948312,
11008,1q8t,8,0,11,0.5791015625,1,-634708.9242427365,-613327.228754962,-21377.85415167913,-88.58331476212696,
11009,1q8t,9,0,11,0.5791015625,1,-634707.1878911203,-613327.228754962,-21377.780906885535,-50.231160331675696,
11010,1q8t,10,0,11,0.5791015625,1,-634706.385669333,-613327.228754962,-21377.893287488027,-29.13992817638265,
11011,1q8t,11,0,11,0.5791015625,1,-634706.1857619788,-613327.228754962,-21377.77727616299,-27.20523978317416,
11012,1q8t,12,0,11,0.5791015625,1,-634707.8986337426,-613327.228754962,-21377.82874243511,-65.5181605886654,
11013,1q8t,13,0,11,0.5791015625,1,-634706.40782843,-613327.228754962,-21377.80065088252,-31.78717996250535,
11014,1q8t,14,0,11,0.5791015625,1,-634705.5077253005,-613327.228754962,-21377.527232498633,-17.335486412821986,
11015,1q8t,15,0,11,0.5791015625,1,-634707.3434624922,-613327.228754962,-21377.895553073493,-51.17491749342398,
11016,1q8t,16,0,11,0.5791015625,1,-634698.1689573214,-613327.228754962,-21377.556971159895,152.58631340658434,
11017,1q8t,17,0,11,0.5791015625,1,-634708.2253005679,-613327.228754962,-21377.577602801422,-78.84269407380872,
11018,1q8t,18,0,11,0.5791015625,1,-634707.2087058361,-613327.228754962,-21377.762184013776,-51.14291875994626,
11019,1q8t,19,0,11,0.5791015625,1,-634707.9925366457,-613327.228754962,-21377.827100268623,-67.7214822368719,
11020,1q8t,20,0,11,0.5791015625,1,-634708.4953403464,-613327.228754962,-21377.78722616334,-80.23592973671653,
11021,1q8t,21,0,11,0.5791015625,1,-634706.8227408947,-613327.228754962,-21377.530031020724,-47.59593096931069,
11022,1q8t,22,0,11,0.5791015625,1,-634698.0607233016,-613327.228754962,-21377.56911206519,155.3622251251288,
11023,1q8t,23,0,11,0.5791015625,1,-634677.3020871901,-613327.228754962,-21377.774304969887,638.7996068662993,
11024,1q8t,24,0,11,0.5791015625,1,-634701.9192677708,-613327.228754962,-21377.689947088526,69.16859767114725,
11025,1q8t,25,0,11,0.5791015625,1,-634706.9756386814,-613327.228754962,-21377.64198799144,-48.540048614512365,
11026,1q8t,26,0,11,0.5791015625,1,-634707.4445936625,-613327.228754962,-21377.582248115395,-60.7320416548295,
11027,1q8t,27,0,11,0.5791015625,1,-634706.8620660914,-613327.228754962,-21377.70401281133,-44.49067614358224,
11028,1q8t,28,0,11,0.5791015625,1,-634709.2161681964,-613327.228754962,-21377.745237840692,-97.82688857308285,
11029,1q8t,29,0,11,0.5791015625,1,-634708.8868695574,-613327.228754962,-21377.8677120823,-87.40875845188218,
11030,1q8t,30,0,11,0.5791015625,1,-634691.0697700093,-613327.228754962,-21377.757041264606,320.91118819684453,
11031,1q8t,31,0,11,0.5791015625,1,-634706.71523076,-613327.228754962,-21377.824345960853,-38.32962461180969,
11032,1q8t,32,0,11,0.5791015625,1,-634709.6564182158,-613327.228754962,-21377.819554782487,-106.26550581261613,
11033,1q8t,33,0,11,0.5791015625,1,-634698.3949677317,-613327.228754962,-21377.535649440255,146.8826989956404,
11034,1q8t,34,0,11,0.5791015625,1,-634706.5132486405,-613327.228754962,-21377.85826593941,-32.88959299426029,
11035,1q8t,35,0,11,0.5791015625,1,-634706.325598019,-613327.228754962,-21377.882873811115,-27.9947958587712,
11036,1q8t,36,0,11,0.5791015625,1,-634707.0294501337,-613327.228754962,-21377.79698482267,-46.206658342395315,
11037,1q8t,37,0,11,0.5791015625,1,-634703.6885970805,-613327.228754962,-21377.834817725336,31.707690746190046,
11038,1q8t,38,0,11,0.5791015625,1,-634704.5908984732,-613327.228754962,-21377.776781927565,9.561789033333948,
11039,1q8t,39,0,11,0.5791015625,1,-634707.7739582029,-613327.228754962,-21377.85615564304,-62.010910750138535,
11040,1q8t,40,0,11,0.5791015625,1,-634707.5977345051,-613327.228754962,-21377.832559189188,-58.49124288990212,
11041,1q8t,41,0,11,0.5791015625,1,-634706.0850249042,-613327.228754962,-21377.52787339751,-30.633552057940946,
11042,1q8t,42,0,11,0.5791015625,1,-634706.9684164022,-613327.228754962,-21377.66270307603,-47.89579770041465,
11043,1q8t,43,0,11,0.5791015625,1,-634708.9027017012,-613327.228754962,-21377.581385236652,-94.37671027867204,
11044,1q8t,44,0,11,0.5791015625,1,-634705.7983814621,-613327.228754962,-21377.530938046493,-23.95272476623805,
11045,1q8t,45,0,11,0.5791015625,1,-634707.0016791648,-613327.228754962,-21377.60687587516,-49.95026106396155,
11046,1q8t,46,0,11,0.5791015625,1,-634706.202361804,-613327.228754962,-21377.589986013067,-31.907054304779574,
11047,1q8t,47,0,11,0.5791015625,1,-634708.7097858739,-613327.228754962,-21377.50090454904,-91.78389436275877,
11048,1q8t,48,0,11,0.5791015625,1,-634708.0419257925,-613327.228754962,-21377.70082215179,-71.77246557064299,
11049,1q8t,49,0,11,0.5791015625,1,-634705.9851831722,-613327.228754962,-21377.676823473426,-24.896276670097947,
11050,1q8t,50,0,11,0.5791015625,1,-634692.9636439583,-613327.228754962,-21377.618189056553,274.0354094239836,
11051,1q8t,51,0,11,0.5791015625,1,-634699.2000684335,-613327.228754962,-21377.8497252705,135.55939645756948,
11052,1q8t,52,0,11,0.5791015625,1,-634700.9486821595,-613327.228754962,-21377.768437078445,93.36085575098524,
11053,1q8t,53,0,11,0.5791015625,1,-634706.8936103027,-613327.228754962,-21377.731232269318,-44.59040732465471,
11054,1q8t,54,0,11,0.5791015625,1,-634708.1283900174,-613327.228754962,-21377.75935324361,-72.41661892356834,
11055,1q8t,55,0,11,0.5791015625,1,-634669.7744571075,-613327.228754962,-21377.609943389343,808.6006123468269,
11056,1q8t,56,0,11,0.5791015625,1,-634678.351129558,-613327.228754962,-21377.60067211106,610.604046317706,
11057,1q8t,57,0,11,0.5791015625,1,-634686.4010242317,-613327.228754962,-21377.556848174136,423.9584611713522,
11058,1q8t,58,0,11,0.5791015625,1,-634706.5642399532,-613327.228754962,-21377.725478641576,-37.12762843308819,
11059,1q8t,59,0,11,0.5791015625,1,-634706.4243350934,-613327.228754962,-21377.818094420076,-31.7655751313934,
11060,1q8t,60,0,11,0.5791015625,1,-634702.3131952769,-613327.228754962,-21377.626956423148,58.63181432415292,
11061,1q8t,61,0,11,0.5791015625,1,-634701.3912795943,-613327.228754962,-21377.696991783283,81.50674879111848,
11062,1q8t,62,0,11,0.5791015625,1,-634690.1175712789,-613327.228754962,-21377.782055082593,343.4462449076719,
11063,1q8t,63,0,11,0.5791015625,1,-634690.1133997355,-613327.228754962,-21377.75951081717,343.02255987281154,
11064,1q8t,64,0,11,0.5791015625,1,-634707.5459560978,-613327.228754962,-21377.85472338575,-56.78608593678637,
11065,1q8t,65,0,11,0.5791015625,1,-634705.6400975274,-613327.228754962,-21377.64721044956,-17.62130520709703,
11066,1q8t,66,0,11,0.5791015625,1,-634709.6555392062,-613327.228754962,-21377.85288905312,-105.47652882728815,
11067,1q8t,67,0,11,0.5791015625,1,-634685.0199624638,-613327.228754962,-21377.890215443247,463.49413398216717,
11068,1q8t,68,0,11,0.5791015625,1,-634706.8086898034,-613327.228754962,-21377.822720957716,-40.52231481265189,
11069,1q8t,69,0,11,0.5791015625,1,-634708.1553998272,-613327.228754962,-21377.909279725773,-69.58209311999028,
11070,1q8t,70,0,11,0.5791015625,1,-634703.2426408769,-613327.228754962,-21377.760401766387,40.27561232945689,
11071,1q8t,71,0,11,0.5791015625,1,-634707.3028097029,-613327.228754962,-21377.68841528898,-55.014152688804074,
11072,1q8t,72,0,11,0.5791015625,1,-634707.7429513936,-613327.228754962,-21377.826032854093,-61.99052475594524,
11073,1q8t,73,0,11,0.5791015625,1,-634706.0285147844,-613327.228754962,-21377.58287701239,-28.061984245191486,
11074,1q8t,74,0,11,0.5791015625,1,-634707.3142723406,-613327.228754962,-21377.598256834503,-57.35759074530177,
11075,1q8t,75,0,11,0.5791015625,1,-634705.8162753279,-613327.228754962,-21377.777514287336,-18.6791839190262,
11076,1q8t,76,0,11,0.5791015625,1,-634706.5798082573,-613327.228754962,-21377.630091481282,-39.68632222701405,
11077,1q8t,77,0,11,0.5791015625,1,-634701.3530352721,-613327.228754962,-21377.894028570074,86.93246005806687,
11078,1q8t,78,0,11,0.5791015625,1,-634707.6160259325,-613327.228754962,-21377.700435960985,-61.95988724995722,
11079,1q8t,79,0,11,0.5791015625,1,-634705.8068729996,-613327.228754962,-21377.61267569733,-22.263629266966316,
11080,1q8t,80,0,11,0.5791015625,1,-634702.6898991101,-613327.228754962,-21377.534037654503,47.80205985127435,
11081,1q8t,81,0,11,0.5791015625,1,-634707.0784510911,-613327.228754962,-21377.705536683658,-49.44549144797929,
11082,1q8t,82,0,11,0.5791015625,1,-634707.2748007213,-613327.228754962,-21377.777077508996,-52.32365086330193,
11083,1q8t,83,0,11,0.5791015625,1,-634693.4180460535,-613327.228754962,-21377.64862365174,264.25848661196477,
11084,1q8t,84,0,11,0.5791015625,1,-634692.0137327589,-613327.228754962,-21377.5282335005,293.8664576694381,
11085,1q8t,85,0,11,0.5791015625,1,-634691.3900403718,-613327.228754962,-21377.67068365835,311.53412447311786,
11086,1q8t,86,0,11,0.5791015625,1,-634703.3179089989,-613327.228754962,-21377.55627572901,33.8326299531225,
11087,1q8t,87,0,11,0.5791015625,1,-634702.0996992313,-613327.228754962,-21377.63695125097,63.7856362994576,
11088,1q8t,88,0,11,0.5791015625,1,-634708.8665381355,-613327.228754962,-21377.60302595617,-93.0437117945136,
11089,1q8t,89,0,11,0.5791015625,1,-634710.0871420397,-613327.228754962,-21377.317677924817,-127.77178843544395,
11090,1q8t,90,0,11,0.5791015625,1,-634708.8444374191,-613327.228754962,-21377.411996476505,-96.93930162059895,
11091,1q8t,91,0,11,0.5791015625,1,-634705.6590884301,-613327.228754962,-21377.60228322641,-19.09529220538441,
11092,1q8t,92,0,11,0.5791015625,1,-634707.8204263923,-613327.228754962,-21377.499410730394,-71.3092257743091,
11093,1q8t,93,0,11,0.5791015625,1,-634708.0899690383,-613327.228754962,-21377.676373521583,-73.4441679446129,
11094,1q8t,94,0,11,0.5791015625,1,-634684.6793692319,-613327.228754962,-21377.55178791307,463.54407624902154,
11095,1q8t,95,0,11,0.5791015625,1,-634704.1410355833,-613327.228754962,-21377.69627412014,18.079319577565077,
11096,1q8t,96,0,11,0.5791015625,1,-634707.2632943712,-613327.228754962,-21377.809095324246,-51.319959765780325,
11097,1q8t,97,0,11,0.5791015625,1,-634703.9416327993,-613327.228754962,-21377.66040406442,21.85047387990003,
11098,1q8t,98,0,11,0.5791015625,1,-634707.3646973018,-613327.228754962,-21377.827228357244,-53.24020922150354,
11099,1q8t,99,0,11,0.5791015625,1,-634707.4902388607,-613327.228754962,-21377.854919760226,-55.49668742355225,
11100,1q8t,100,0,11,0.5791015625,1,-634706.589243982,-613327.228754962,-21377.639594381486,-39.68477312308576,
12001,1ydr,1,0,12,0.5791015625,1,-647520.3138506548,-613327.228754962,-34189.25144981314,-88.40597417293151,
12002,1ydr,2,0,12,0.5791015625,1,-647521.0934331671,-613327.228754962,-34189.25667840152,-106.26299987407097,
12003,1ydr,3,0,12,0.5791015625,1,-647520.1736958383,-613327.228754962,-34189.24914530848,-85.2270704646349,
12004,1ydr,4,0,12,0.5791015625,1,-647520.6499159356,-613327.228754962,-34189.525407348825,-89.83821280062813,
12005,1ydr,5,0,12,0.5791015625,1,-647520.7803842332,-613327.228754962,-34189.51919472601,-92.9901497041585,
12006,1ydr,6,0,12,0.5791015625,1,-647514.6673546117,-613327.228754962,-34184.94354284548,-57.53737677379489,
12007,1ydr,7,0,12,0.5791015625,1,-647519.6557842173,-613327.228754962,-34189.464508138364,-68.31735991659254,
12008,1ydr,8,0,12,0.5791015625,1,-647515.8725906429,-613327.228754962,-34189.2068243966,12.98282820627154,
12009,1ydr,9,0,12,0.5791015625,1,-647518.5461447004,-613327.228754962,-34189.46342537921,-42.7534337812866,
12010,1ydr,10,0,12,0.5791015625,1,-647515.9482813302,-613327.228754962,-34188.551072530645,-3.884637778037142,
12011,1ydr,11,0,12,0.5791015625,1,-647516.245450729,-613327.228754962,-34188.55619283402,-10.61944991354213,
12012,1ydr,12,0,12,0.5791015625,1,-647516.6988647203,-613327.228754962,-34189.209043177376,-6.020338376758677,
12013,1ydr,13,0,12,0.5791015625,1,-647509.9606699037,-613327.228754962,-34178.00015937789,-109.11687550180994,
12014,1ydr,14,0,12,0.5791015625,1,-647517.8285214661,-613327.228754962,-34188.55890907026,-47.06329046929318,
12015,1ydr,15,0,12,0.5791015625,1,-647509.5691374403,-613327.228754962,-34182.82885856242,11.264526101534296,
12016,1ydr,16,0,12,0.5791015625,1,-647519.643103582,-613327.228754962,-34188.640681840945,-87.02282325498552,
12017,1ydr,17,0,12,0.5791015625,1,-647496.7055030814,-613327.228754962,-34189.22906047093,455.4991437463843,
12018,1ydr,18,0,12,0.5791015625,1,-647519.8407359312,-613327.228754962,-34189.465161923006,-72.56737112911655,
12019,1ydr,19,0,12,0.5791015625,1,-647514.6143555897,-613327.228754962,-34187.04976994471,-7.744439529266165,
12020,1ydr,20,0,12,0.5791015625,1,-647516.9007557257,-613327.228754962,-34187.05870167073,-60.26410872929498,
12021,1ydr,21,0,12,0.5791015625,1,-647517.8319468652,-613327.228754962,-34189.22804370176,-31.711670873695365,
12022,1ydr,22,0,12,0.5791015625,1,-647508.6491634174,-613327.228754962,-34178.011798845786,-78.60440493892285,
12023,1ydr,23,0,12,0.5791015625,1,-647515.3600658744,-613327.228754962,-34185.51223027881,-60.39743422392323,
12024,1ydr,24,0,12,0.5791015625,1,-647510.6616730718,-613327.228754962,-34179.52811836606,-90.04682125978036,
12025,1ydr,25,0,12,0.5791015625,1,-647515.887182576,-613327.228754962,-34185.51315882455,-72.53162135974266,
12026,1ydr,26,0,12,0.5791015625,1,-647510.1783126041,-613327.228754962,-34179.54222077161,-78.57505487701577,
12027,1ydr,27,0,12,0.5791015625,1,-647522.2004691825,-613327.228754962,-34189.31694502277,-130.40207555474083,
12028,1ydr,28,0,12,0.5791015625,1,-647521.6583593377,-613327.228754962,-34188.55313641418,-135.51457050256332,
12029,1ydr,29,0,12,0.5791015625,1,-647514.778335731,-613327.228754962,-34186.67506956953,-20.166707344511376,
12030,1ydr,30,0,12,0.5791015625,1,-647519.7599145713,-613327.228754962,-34189.31782002982,-74.10137106914188,
12031,1ydr,31,0,12,0.5791015625,1,-647520.1857097175,-613327.228754962,-34189.32415825719,-83.77427740743252,
12032,1ydr,32,0,12,0.5791015625,1,-647516.2339524673,-613327.228754962,-34185.513064734296,-80.53049479777339,
12033,1ydr,33,0,12,0.5791015625,1,-647506.7185450958,-613327.228754962,-34189.205899656474,224.05880837555117,
12034,1ydr,34,0,12,0.5791015625,1,-647512.58520701,-613327.228754962,-34183.82660701068,-35.27906465796346,
12035,1ydr,35,0,12,0.5791015625,1,-647509.7023087557,-613327.228754962,-34178.00657786389,-103.01091208849647,
12036,1ydr,36,0,12,0.5791015625,1,-647518.8725303354,-613327.228754962,-34188.64279701355,-69.20420500749985,
12037,1ydr,37,0,12,0.5791015625,1,-647513.9687543799,-613327.228754962,-34182.83152476992,-90.13156656480409,
12038,1ydr,38,0,12,0.5791015625,1,-647506.3687607477,-613327.228754962,-34178.01349321271,-25.977997072102806,
12039,1ydr,39,0,12,0.5791015625,1,-647518.3455770364,-613327.228754962,-34189.22856362856,-43.544274206877915,
12040,1ydr,40,0,12,0.5791015625,1,-647516.3925828376,-613327.228754962,-34188.5518225646,-14.113177747555028,
12041,1ydr,41,0,12,0.5791015625,1,-647518.2335150148,-613327.228754962,-34189.22798870747,-40.97332059252004,
12042,1ydr,42,0,12,0.5791015625,1,-647517.6430248739,-613327.228754962,-34188.640413892135,-40.90609158934355,
12043,1ydr,43,0,12,0.5791015625,1,-647518.4439550013,-613327.228754962,-34188.64368941782,-59.300443684197845,
12044,1ydr,44,0,12,0.5791015625,1,-647512.7232552302,-613327.228754962,-34185.51331450995,0.4338667206838952,
12045,1ydr,45,0,12,0.5791015625,1,-647470.4940500497,-613327.228754962,-34178.00890157516,801.2065992120256,
12046,1ydr,46,0,12,0.5791015625,1,-647518.349553834,-613327.228754962,-34189.229006976166,-43.625757498746644,
12047,1ydr,47,0,12,0.5791015625,1,-647511.736036081,-613327.228754962,-34185.51564853452,23.253505016380554,
12048,1ydr,48,0,12,0.5791015625,1,-647515.0471565794,-613327.228754962,-34185.516182046194,-53.090444539841336,
12049,1ydr,49,0,12,0.5791015625,1,-647510.8117059036,-613327.228754962,-34179.5330789601,-93.39226653811436,
12050,1ydr,50,0,12,0.5791015625,1,-647519.7565763594,-613327.228754962,-34189.46474475786,-70.63622535514708,
12051,1ydr,51,0,12,0.5791015625,1,-647514.4677514808,-613327.228754962,-34185.222657386585,-46.49788500064411,
12052,1ydr,52,0,12,0.5791015625,1,-647518.2936529409,-613327.228754962,-34189.23093872434,-42.2921051095202,
12053,1ydr,53,0,12,0.5791015625,1,-647518.9543636764,-613327.228754962,-34188.64408967613,-71.06151717284197,
12054,1ydr,54,0,12,0.5791015625,1,-647518.1037864578,-613327.228754962,-34188.63929084779,-51.557404150745825,
12055,1ydr,55,0,12,0.5791015625,1,-647503.7820595466,-613327.228754962,-34179.53303484176,68.71421211809698,
12056,1ydr,56,0,12,0.5791015625,1,-647516.9774573336,-613327.228754962,-34189.225971013315,-12.054471490515905,
12057,1ydr,57,0,12,0.5791015625,1,-647516.2626184871,-613327.228754962,-34188.646489086306,-8.933066775065779,
12058,1ydr,58,0,12,0.5791015625,1,-647517.6794665843,-613327.228754962,-34188.55262800802,-43.770847975129136,
12059,1ydr,59,0,12,0.5791015625,1,-647519.1898166081,-613327.228754962,-34189.45719013991,-57.740648630534984,
12060,1ydr,60,0,12,0.5791015625,1,-647508.6331253682,-613327.228754962,-34189.22679373708,180.3893673735942,
12061,1ydr,61,0,12,0.5791015625,1,-647516.3473502438,-613327.228754962,-34187.05981172538,-47.47667667676782,
12062,1ydr,62,0,12,0.5791015625,1,-647516.7920286597,-613327.228754962,-34185.5151809866,-93.3512355880723,
12063,1ydr,63,0,12,0.5791015625,1,-647513.1792818258,-613327.228754962,-34185.5146883248,-10.050675475049113,
12064,1ydr,64,0,12,0.5791015625,1,-647519.7878397197,-613327.228754962,-34189.317792639755,-74.74597191881139,
12065,1ydr,65,0,12,0.5791015625,1,-647517.5650969485,-613327.228754962,-34188.330873729494,-46.24719666461249,
12066,1ydr,66,0,12,0.5791015625,1,-647523.5763820094,-613327.228754962,-34188.42974120208,-182.59078525446645,
12067,1ydr,67,0,12,0.5791015625,1,-647521.7503997892,-613327.228754962,-34188.4385677395,-140.2790901385857,
12068,1ydr,68,0,12,0.5791015625,1,-647502.4374258602,-613327.228754962,-34188.46233103725,305.636663566728,
12069,1ydr,69,0,12,0.5791015625,1,-647520.7900906713,-613327.228754962,-34188.41692031021,-118.63303737125922,
12070,1ydr,70,0,12,0.5791015625,1,-647513.1023683338,-613327.228754962,-34188.58869286685,62.61122055803033,
12071,1ydr,71,0,12,0.5791015625,1,-647519.5680840127,-613327.228754962,-34188.53947699109,-87.62667017071419,
12072,1ydr,72,0,12,0.5791015625,1,-647518.3581932526,-613327.228754962,-34188.20707328555,-67.39133797760549,
12073,1ydr,73,0,12,0.5791015625,1,-647519.5264995846,-613327.228754962,-34188.177934295,-95.00508311194599,
12074,1ydr,74,0,12,0.5791015625,1,-647519.2567997016,-613327.228754962,-34188.51261580803,-81.06771702208636,
12075,1ydr,75,0,12,0.5791015625,1,-647518.7517782428,-613327.228754962,-34188.35529380775,-73.04957702732801,
12076,1ydr,76,0,12,0.5791015625,1,-647507.7617547672,-613327.228754962,-34188.44693219024,182.4996162941596,
12077,1ydr,77,0,12,0.5791015625,1,-647519.4570216017,-613327.228754962,-34188.61192690844,-83.39477534573271,
12078,1ydr,78,0,12,0.5791015625,1,-647520.0531325102,-613327.228754962,-34188.585337971,-97.7545749254449,
12079,1ydr,79,0,12,0.5791015625,1,-647523.6883629708,-613327.228754962,-34188.73322513872,-178.1746217343661,
12080,1ydr,80,0,12,0.5791015625,1,-647518.4922891773,-613327.228754962,-34188.47355192045,-64.33852015653353,
12081,1ydr,81,0,12,0.5791015625,1,-647517.6345728784,-613327.228754962,-34188.50772027503,-43.771171445567724,
12082,1ydr,82,0,12,0.5791015625,1,-647518.3860884713,-613327.228754962,-34188.206709389866,-68.0430086363438,
12083,1ydr,83,0,12,0.5791015625,1,-647518.3045966512,-613327.228754962,-34188.61217205864,-56.81357135556105,
12084,1ydr,84,0,12,0.5791015625,1,-647519.5032929617,-613327.228754962,-34188.38795351526,-89.62676740268941,
12085,1ydr,85,0,12,0.5791015625,1,-647519.4565258786,-613327.228754962,-34188.48416856834,-86.32952101201231,
12086,1ydr,86,0,12,0.5791015625,1,-647519.3246506666,-613327.228754962,-34188.60538967232,-80.49298131007684,
12087,1ydr,87,0,12,0.5791015625,1,-647519.150286011,-613327.228754962,-34187.4093913008,-104.05241448347752,
12088,1ydr,88,0,12,0.5791015625,1,-647518.1711399668,-613327.228754962,-34188.238938560295,-62.34295604180187,
12089,1ydr,89,0,12,0.5791015625,1,-647520.5697062273,-613327.228754962,-34188.516939725014,-111.24434886026384,
12090,1ydr,90,0,12,0.5791015625,1,-647520.6086463685,-613327.228754962,-34188.28120997416,-117.5783870439133,
12091,1ydr,91,0,12,0.5791015625,1,-647482.8782637717,-613327.228754962,-34188.50074424853,757.567486132724,
12092,1ydr,92,0,12,0.5791015625,1,-647518.2245393076,-613327.228754962,-34188.35527879613,-60.89150452205023,
12093,1ydr,93,0,12,0.5791015625,1,-647519.0306541681,-613327.228754962,-34188.34624773215,-79.68921610153305,
12094,1ydr,94,0,12,0.5791015625,1,-647517.6261712576,-613327.228754962,-34188.17547837961,-51.23910558828245,
12095,1ydr,95,0,12,0.5791015625,1,-647518.866118381,-613327.228754962,-34187.997006428086,-83.94862651072555,
12096,1ydr,96,0,12,0.5791015625,1,-647519.7818454398,-613327.228754962,-34188.308160062945,-97.89042087006175,
12097,1ydr,97,0,12,0.5791015625,1,-647517.8001613223,-613327.228754962,-34188.30413992895,-52.28440598642366,
12098,1ydr,98,0,12,0.5791015625,1,-647520.278114193,-613327.228754962,-34188.55714087684,-103.5930162222851,
12099,1ydr,99,0,12,0.5791015625,1,-647520.606421095,-613327.228754962,-34189.52567871582,-88.82894007656498,
12100,1ydr,100,0,12,0.5791015625,1,-647519.087007994,-613327.228754962,-34189.47371725513,-54.98870133556855,
13001,1ydt,1,0,13,0.5791015625,1,-723861.0734735333,-613327.228754962,-110528.11847911091,-132.05021896555394,
13002,1ydt,2,0,13,0.5791015625,1,-723859.1109131777,-613327.228754962,-110528.53956730657,-77.08197753921681,
13003,1ydt,3,0,13,0.5791015625,1,-723860.6069999593,-613327.228754962,-110528.75756562046,-106.55539778082486,
13004,1ydt,4,0,13,0.5791015625,1,-723857.2083518967,-613327.228754962,-110528.18255807682,-41.44070053670569,
13005,1ydt,5,0,13,0.5791015625,1,-723859.8129676096,-613327.228754962,-110528.58240688406,-92.28383321977381,
13006,1ydt,6,0,13,0.5791015625,1,-723858.9000704787,-613327.228754962,-110528.52475533982,-72.56140146068464,
13007,1ydt,7,0,13,0.5791015625,1,-723855.6987573113,-613327.228754962,-110528.245601602,-5.174804167471413,
13008,1ydt,8,0,13,0.5791015625,1,-723844.6874160544,-613327.228754962,-110528.76606274596,260.75487667079165,
13009,1ydt,9,0,13,0.5791015625,1,-723824.9022200081,-613327.228754962,-110528.65737767934,714.5059992584867,
13010,1ydt,10,0,13,0.5791015625,1,-723808.3153812943,-613327.228754962,-110527.86739965668,1078.7902607985927,
13011,1ydt,11,0,13,0.5791015625,1,-723853.8337225214,-613327.228754962,-110526.28179096222,-7.452629378170307,
13012,1ydt,12,0,13,0.5791015625,1,-723825.4979511277,-613327.228754962,-110498.79007270529,12.011698354497671,
13013,1ydt,13,0,13,0.5791015625,1,-723855.0408369701,-613327.228754962,-110529.00692904295,27.553827197279645,
13014,1ydt,14,0,13,0.5791015625,1,-723838.7128817401,-613327.228754962,-110528.52238080378,392.91147190984145,
13015,1ydt,15,0,13,0.5791015625,1,-723856.230680948,-613327.228754962,-110528.34352077736,-15.183184806443323,
13016,1ydt,16,0,13,0.5791015625,1,-723843.8507666027,-613327.228754962,-110517.89146840673,29.274368472086596,
13017,1ydt,17,0,13,0.5791015625,1,-723854.122817223,-613327.228754962,-110528.56944071782,38.63514503841057,
13018,1ydt,18,0,13,0.5791015625,1,-723852.3524058274,-613327.228754962,-110523.87163539355,-28.872162673302768,
13019,1ydt,19,0,13,0.5791015625,1,-723864.2918354986,-613327.228754962,-110529.08896750536,-183.88741496517176,
13020,1ydt,20,0,13,0.5791015625,1,-723824.396194131,-613327.228754962,-110516.44298224016,444.5045829531903,
13021,1ydt,21,0,13,0.5791015625,1,-723847.4425851706,-613327.228754962,-110518.95731912051,-28.975834047432514,
13022,1ydt,22,0,13,0.5791015625,1,-723852.4627960768,-613327.228754962,-110528.05761845772,65.11324036982936,
13023,1ydt,23,0,13,0.5791015625,1,-723826.3866837485,-613327.228754962,-110508.61568475996,218.101033996985,
13024,1ydt,24,0,13,0.5791015625,1,-723860.3253168722,-613327.228754962,-110528.79023970944,-99.30614908540491,
13025,1ydt,25,0,13,0.5791015625,1,-723852.0762427502,-613327.228754962,-110528.03575863235,73.52327229894782,
13026,1ydt,26,0,13,0.5791015625,1,-723858.7412364549,-613327.228754962,-110527.83338946506,-84.84187768234267,
13027,1ydt,27,0,13,0.5791015625,1,-723853.6129252476,-613327.228754962,-110523.34883703775,-69.99644754537769,
13028,1ydt,28,0,13,0.5791015625,1,-723849.2807851051,-613327.228754962,-110525.03011747763,68.67632542168616,
13029,1ydt,29,0,13,0.5791015625,1,-723860.3970273687,-613327.228754962,-110525.82852095601,-169.25868939291686,
13030,1ydt,30,0,13,0.5791015625,1,-723855.7341649912,-613327.228754962,-110527.95413642551,-12.712671305669124,
13031,1ydt,31,0,13,0.5791015625,1,-723846.931771289,-613327.228754962,-110528.56074492962,204.26407411151257,
13032,1ydt,32,0,13,0.5791015625,1,-723858.1216096632,-613327.228754962,-110523.75560582327,-164.58886912989473,
13033,1ydt,33,0,13,0.5791015625,1,-723861.4110897038,-613327.228754962,-110528.29902964363,-135.6722386186472,
13034,1ydt,34,0,13,0.5791015625,1,-723838.5795729953,-613327.228754962,-110508.53590284976,-64.91348622980071,
13035,1ydt,35,0,13,0.5791015625,1,-723840.5429391933,-613327.228754962,-110528.61568851904,352.86107150712746,
13036,1ydt,36,0,13,0.5791015625,1,-723851.2687306989,-613327.228754962,-110526.85151955964,64.83574080283961,
13037,1ydt,37,0,13,0.5791015625,1,-723845.7491128205,-613327.228754962,-110515.40147956264,-71.92304211963733,
13038,1ydt,38,0,13,0.5791015625,1,-723859.6538572682,-613327.228754962,-110528.00241295759,-101.98963926313375,
13039,1ydt,39,0,13,0.5791015625,1,-723859.9099624513,-613327.228754962,-110528.71974455715,-91.353505426939,
13040,1ydt,40,0,13,0.5791015625,1,-723857.0038188725,-613327.228754962,-110520.78910911344,-207.22104040194876,
13041,1ydt,41,0,13,0.5791015625,1,-723857.912087781,-613327.228754962,-110528.35197849377,-53.762307927752694,
13042,1ydt,42,0,13,0.5791015625,1,-723858.2853100888,-613327.228754962,-110528.19277644725,-66.04030521593916,
13043,1ydt,43,0,13,0.5791015625,1,-723853.2987537384,-613327.228754962,-110528.50618294049,56.17974143959187,
13044,1ydt,44,0,13,0.5791015625,1,-723853.6864141001,-613327.228754962,-110526.15617933944,-6.952289317840223,
13045,1ydt,45,0,13,0.5791015625,1,-723813.1613696518,-613327.228754962,-110528.48680668432,981.3229798827396,
13046,1ydt,46,0,13,0.5791015625,1,-723853.5714453267,-613327.228754962,-110517.69039295979,-199.52671815044425,
13047,1ydt,47,0,13,0.5791015625,1,-723851.3607112792,-613327.228754962,-110528.66790254298,104.60140489596517,
13048,1ydt,48,0,13,0.5791015625,1,-723856.9166123164,-613327.228754962,-110528.55368841522,-26.154557070072265,
13049,1ydt,49,0,13,0.5791015625,1,-723842.3398958892,-613327.228754962,-110515.22990823752,2.7388392408407753,
13050,1ydt,50,0,13,0.5791015625,1,-723848.734669588,-613327.228754962,-110527.97061157455,149.079453191094,
13051,1ydt,51,0,13,0.5791015625,1,-723839.8533875608,-613327.228754962,-110527.33556754656,339.2422189951378,
13052,1ydt,52,0,13,0.5791015625,1,-723857.4860640585,-613327.228754962,-110528.53180558808,-39.791056188238244,
13053,1ydt,53,0,13,0.5791015625,1,-723851.1611298933,-613327.228754962,-110524.92730677025,22.943673260436285,
13054,1ydt,54,0,13,0.5791015625,1,-723831.2657984926,-613327.228754962,-110509.16239099689,118.1933203947103,
13055,1ydt,55,0,13,0.5791015625,1,-723835.3095649041,-613327.228754962,-110524.34998567893,375.17610524391944,
13056,1ydt,56,0,13,0.5791015625,1,-723858.568416738,-613327.228754962,-110527.37750357881,-91.36953861805769,
13057,1ydt,57,0,13,0.5791015625,1,-723851.033289706,-613327.228754962,-110527.53861603703,86.10996026110041,
13058,1ydt,58,0,13,0.5791015625,1,-723839.035098301,-613327.228754962,-110527.93996560255,372.0501678889169,
13059,1ydt,59,0,13,0.5791015625,1,-723843.0424332604,-613327.228754962,-110528.05900283674,282.38389221843755,
13060,1ydt,60,0,13,0.5791015625,1,-723854.7003272951,-613327.228754962,-110525.66929431069,-41.56151854059478,
13061,1ydt,61,0,13,0.5791015625,1,-723856.667532293,-613327.228754962,-110528.29306367548,-26.420784554109574,
13062,1ydt,62,0,13,0.5791015625,1,-723857.0659339189,-613327.228754962,-110528.53100946116,-30.120984132489067,
13063,1ydt,63,0,13,0.5791015625,1,-723847.0915979851,-613327.228754962,-110526.5806014037,154.91518844912272,
13064,1ydt,64,0,13,0.5791015625,1,-723855.4318454592,-613327.228754962,-110528.53198445933,7.584474945503554,
13065,1ydt,65,0,13,0.5791015625,1,-723828.8810028299,-613327.228754962,-110504.76324369926,71.7412681699549,
13066,1ydt,66,0,13,0.5791015625,1,-723850.5860717029,-613327.228754962,-110526.8556604214,80.67372177189505,
13067,1ydt,67,0,13,0.5791015625,1,-723814.3650901113,-613327.228754962,-110527.78805660608,937.4509670512285,
13068,1ydt,68,0,13,0.5791015625,1,-723832.5853272731,-613327.228754962,-110527.88484909052,519.514404212392,
13069,1ydt,69,0,13,0.5791015625,1,-723837.8584614049,-613327.228754962,-110528.34778207703,408.5885306266132,
13070,1ydt,70,0,13,0.5791015625,1,-723808.0788060855,-613327.228754962,-110527.2899576062,1070.9296846931331,
13071,1ydt,71,0,13,0.5791015625,1,-723858.8998861064,-613327.228754962,-110528.2901565922,-77.96712537514198,
13072,1ydt,72,0,13,0.5791015625,1,-723835.3448245913,-613327.228754962,-110529.0408446663,482.53677558529336,
13073,1ydt,73,0,13,0.5791015625,1,-723861.8468597562,-613327.228754962,-110529.0921494831,-127.43155676104435,
13074,1ydt,74,0,13,0.5791015625,1,-723857.4354451506,-613327.228754962,-110527.83823375941,-54.61790277042482,
13075,1ydt,75,0,13,0.5791015625,1,-723851.4527987256,-613327.228754962,-110528.23850167572,92.5755986965906,
13076,1ydt,76,0,13,0.5791015625,1,-723859.7624677672,-613327.228754962,-110528.81594893658,-85.7336715164085,
13077,1ydt,77,0,13,0.5791015625,1,-723855.7515170337,-613327.228754962,-110528.39938868956,-2.8450577795924312,
13078,1ydt,78,0,13,0.5791015625,1,-723855.8280799013,-613327.228754962,-110528.77885394965,4.140037330098147,
13079,1ydt,79,0,13,0.5791015625,1,-723858.9794630137,-613327.228754962,-110528.74127654501,-69.39913920347679,
13080,1ydt,80,0,13,0.5791015625,1,-723814.7430790556,-613327.228754962,-110526.83070639156,906.6573145092287,
13081,1ydt,81,0,13,0.5791015625,1,-723860.161811602,-613327.228754962,-110528.04862093843,-112.63776312112549,
13082,1ydt,82,0,13,0.5791015625,1,-723841.8685041103,-613327.228754962,-110528.65762024283,323.2597868592629,
13083,1ydt,83,0,13,0.5791015625,1,-723859.7202958569,-613327.228754962,-110526.35440997574,-141.5256011054016,
13084,1ydt,84,0,13,0.5791015625,1,-723857.3486885688,-613327.228754962,-110528.25390442293,-43.031655248417586,
13085,1ydt,85,0,13,0.5791015625,1,-723859.2070054658,-613327.228754962,-110526.54411964939,-125.31403448529053,
13086,1ydt,86,0,13,0.5791015625,1,-723857.0355217588,-613327.228754962,-110526.87086470224,-67.70351067886051,
13087,1ydt,87,0,13,0.5791015625,1,-723858.5282060304,-613327.228754962,-110526.29097096117,-115.4982950713098,
13088,1ydt,88,0,13,0.5791015625,1,-723862.3320201675,-613327.228754962,-110526.40590203923,-200.56595929635722,
13089,1ydt,89,0,13,0.5791015625,1,-723859.2192315066,-613327.228754962,-110526.31742985817,-130.82356445763006,
13090,1ydt,90,0,13,0.5791015625,1,-723857.3640021133,-613327.228754962,-110526.4047051872,-86.02834139872193,
13091,1ydt,91,0,13,0.5791015625,1,-723859.25669172,-613327.228754962,-110528.81051443239,-74.19552143115048,
13092,1ydt,92,0,13,0.5791015625,1,-723847.0484779145,-613327.228754962,-110526.82828687804,161.6213236275523,
13093,1ydt,93,0,13,0.5791015625,1,-723857.1201798612,-613327.228754962,-110526.05091187266,-88.56433434310394,
13094,1ydt,94,0,13,0.5791015625,1,-723857.7091838433,-613327.228754962,-110526.5006750457,-91.77530368144627,
13095,1ydt,95,0,13,0.5791015625,1,-723859.3956032445,-613327.228754962,-110526.34126803411,-134.34107196047012,
13096,1ydt,96,0,13,0.5791015625,1,-723861.3032623882,-613327.228754962,-110526.19887053716,-181.61650117711056,
13097,1ydt,97,0,13,0.5791015625,1,-723858.768794543,-613327.228754962,-110526.06340397483,-126.29421734737431,
13098,1ydt,98,0,13,0.5791015625,1,-723857.3461494108,-613327.228754962,-110525.99024339902,-95.17436418854223,
13099,1ydt,99,0,13,0.5791015625,1,-723859.402027061,-613327.228754962,-110525.7921036688,-147.15323979965282,
13100,1ydt,100,0,13,0.5791015625,1,-723839.7547611913,-613327.228754962,-110528.15603478247,360.4370210434512,
14001,1q8u,1,0,14,0.5791015625,1,-649658.399716935,-613327.228754962,-36327.662084499534,-80.91663680920759,
14002,1q8u,2,0,14,0.5791015625,1,-649658.4018426724,-613327.228754962,-36326.809954876575,-100.6162334057271,
14003,1q8u,3,0,14,0.5791015625,1,-649658.3333207816,-613327.228754962,-36327.60012100369,-80.8144172972174,
14004,1q8u,4,0,14,0.5791015625,1,-649660.1672292432,-613327.228754962,-36327.94131077253,-115.2373281097674,
14005,1q8u,5,0,14,0.5791015625,1,-649648.7744016155,-613327.228754962,-36321.57675497775,0.7173749990982589,
14006,1q8u,6,0,14,0.5791015625,1,-649628.3500156055,-613327.228754962,-36327.80891456808,615.4319198154235,
14007,1q8u,7,0,14,0.5791015625,1,-649609.3241499654,-613327.228754962,-36310.56011632965,656.4120676282356,
14008,1q8u,8,0,14,0.5791015625,1,-649622.0806713633,-613327.228754962,-36310.57864745565,362.6670336982088,
14009,1q8u,9,0,14,0.5791015625,1,-649631.2754276827,-613327.228754962,-36327.808033450885,547.94999563914,
14010,1q8u,10,0,14,0.5791015625,1,-649647.2669459959,-613327.228754962,-36323.57980247212,81.67149996914007,
14011,1q8u,11,0,14,0.5791015625,1,-649652.9084040816,-613327.228754962,-36323.582972203854,-48.350518301245735,
14012,1q8u,12,0,14,0.5791015625,1,-649648.7111238476,-613327.228754962,-36321.08575738046,-9.146078585730562,
14013,1q8u,13,0,14,0.5791015625,1,-649656.6378652689,-613327.228754962,-36327.9115425228,-34.53473351431436,
14014,1q8u,14,0,14,0.5791015625,1,-649628.4043268275,-613327.228754962,-36321.09304158519,459.307763135407,
14015,1q8u,15,0,14,0.5791015625,1,-649648.7006376105,-613327.228754962,-36315.336518558965,-141.48485704575916,
14016,1q8u,16,0,14,0.5791015625,1,-649651.8353505022,-613327.228754962,-36321.09141718702,-81.06193854641432,
14017,1q8u,17,0,14,0.5791015625,1,-649658.5382341132,-613327.228754962,-36327.809876224455,-80.70276068199125,
14018,1q8u,18,0,14,0.5791015625,1,-649645.5903862646,-613327.228754962,-36315.33858454139,-69.71311443181573,
14019,1q8u,19,0,14,0.5791015625,1,-649653.2061600026,-613327.228754962,-36326.006850976744,0.6790394179206324,
14020,1q8u,20,0,14,0.5791015625,1,-649659.0140579985,-613327.228754962,-36327.94143903253,-88.64160971939982,
14021,1q8u,21,0,14,0.5791015625,1,-649653.0659760189,-613327.228754962,-36323.58564509755,-51.922575105403084,
14022,1q8u,22,0,14,0.5791015625,1,-649657.9692135983,-613327.228754962,-36327.906912961844,-65.34311555631385,
14023,1q8u,23,0,14,0.5791015625,1,-649658.6749497894,-613327.228754962,-36327.93941201883,-80.86833268955017,
14024,1q8u,24,0,14,0.5791015625,1,-649652.5002146204,-613327.228754962,-36321.083626555446,-96.57372557725382,
14025,1q8u,25,0,14,0.5791015625,1,-649648.893955878,-613327.228754962,-36321.094504767956,-13.160565818774232,
14026,1q8u,26,0,14,0.5791015625,1,-649643.8761270873,-613327.228754962,-36315.34201628193,-30.10222086195606,
14027,1q8u,27,0,14,0.5791015625,1,-649659.0886439225,-613327.228754962,-36327.908462476094,-91.12205944260033,
14028,1q8u,28,0,14,0.5791015625,1,-649650.4388294494,-613327.228754962,-36321.09307050061,-48.8192716943998,
14029,1q8u,29,0,14,0.5791015625,1,-649651.525990743,-613327.228754962,-36321.09564152446,-73.830517486702,
14030,1q8u,30,0,14,0.5791015625,1,-649659.2886155301,-613327.228754962,-36327.80883914835,-98.03088278022211,
14031,1q8u,31,0,14,0.5791015625,1,-649645.7997774553,-613327.228754962,-36310.53590962022,-185.29410473399818,
14032,1q8u,32,0,14,0.5791015625,1,-649644.1927361165,-613327.228754962,-36315.33242979136,-37.62446824767129,
14033,1q8u,33,0,14,0.5791015625,1,-649654.6070741739,-613327.228754962,-36326.00444070026,-31.68239113088712,
14034,1q8u,34,0,14,0.5791015625,1,-649650.6470046199,-613327.228754962,-36321.084064715025,-53.82758352204875,
14035,1q8u,35,0,14,0.5791015625,1,-649645.0477628156,-613327.228754962,-36315.35007642334,-56.934911338689965,
14036,1q8u,36,0,14,0.5791015625,1,-649642.9358652463,-613327.228754962,-36315.35318257911,-8.161766775615213,
14037,1q8u,37,0,14,0.5791015625,1,-649657.7085465153,-613327.228754962,-36327.8081277959,-61.610029865839344,
14038,1q8u,38,0,14,0.5791015625,1,-649657.5576533511,-613327.228754962,-36327.81034686203,-58.07917795441179,
14039,1q8u,39,0,14,0.5791015625,1,-649651.2997584568,-613327.228754962,-36321.08930890604,-68.75951068001196,
14040,1q8u,40,0,14,0.5791015625,1,-649647.6873219394,-613327.228754962,-36313.94435740517,-150.221241419325,
14041,1q8u,41,0,14,0.5791015625,1,-649637.9109146412,-613327.228754962,-36315.3488886617,107.61732691242828,
14042,1q8u,42,0,14,0.5791015625,1,-649601.1774069959,-613327.228754962,-36327.80761876688,1242.017278452926,
14043,1q8u,43,0,14,0.5791015625,1,-649654.6624008184,-613327.228754962,-36323.59111069315,-88.61096592406258,
14044,1q8u,44,0,14,0.5791015625,1,-649655.0567689986,-613327.228754962,-36327.80870719887,-0.4452262558593815,
14045,1q8u,45,0,14,0.5791015625,1,-649652.2757299868,-613327.228754962,-36322.84782799052,-50.71353537200478,
14046,1q8u,46,0,14,0.5791015625,1,-649651.0572387413,-613327.228754962,-36321.08591553713,-63.24512612807189,
14047,1q8u,47,0,14,0.5791015625,1,-649645.0669553436,-613327.228754962,-36327.912088100726,232.30936958700414,
14048,1q8u,48,0,14,0.5791015625,1,-649658.3637793034,-613327.228754962,-36327.938842661555,-73.70570050353533,
14049,1q8u,49,0,14,0.5791015625,1,-649659.3507405843,-613327.228754962,-36327.908575837566,-97.16353787160723,
14050,1q8u,50,0,14,0.5791015625,1,-649651.1922251707,-613327.228754962,-36322.84096490513,-25.885587242859472,
14051,1q8u,51,0,14,0.5791015625,1,-649636.8700731501,-613327.228754962,-36327.912014646616,421.3322695788167,
14052,1q8u,52,0,14,0.5791015625,1,-649656.5155918007,-613327.228754962,-36326.00679842289,-75.63948277407388,
14053,1q8u,53,0,14,0.5791015625,1,-649630.8651871416,-613327.228754962,-36327.808995154,557.4325446598764,
14054,1q8u,54,0,14,0.5791015625,1,-649657.773557903,-613327.228754962,-36326.86764517809,-84.79727247302422,
14055,1q8u,55,0,14,0.5791015625,1,-649652.4810146473,-613327.228754962,-36326.910950566475,38.25032040133936,
14056,1q8u,56,0,14,0.5791015625,1,-649657.7397502048,-613327.228754962,-36326.184894518454,-99.76225267526998,
14057,1q8u,57,0,14,0.5791015625,1,-649658.8332143702,-613327.228754962,-36326.955196254414,-107.21455533513773,
14058,1q8u,58,0,14,0.5791015625,1,-649638.9583378077,-613327.228754962,-36326.54111767028,341.562107267046,
14059,1q8u,59,0,14,0.5791015625,1,-649656.4134251697,-613327.228754962,-36326.12985333885,-70.44575051733412,
14060,1q8u,60,0,14,0.5791015625,1,-649647.4368444736,-613327.228754962,-36326.49870058508,145.06493754356114,
14061,1q8u,61,0,14,0.5791015625,1,-649656.8014546771,-613327.228754962,-36326.645225268294,-67.50916450465267,
14062,1q8u,62,0,14,0.5791015625,1,-649658.0979479327,-613327.228754962,-36326.64599965307,-97.38915149881976,
14063,1q8u,63,0,14,0.5791015625,1,-649657.7320227134,-613327.228754962,-36326.78779786398,-85.68077105262142,
14064,1q8u,64,0,14,0.5791015625,1,-649642.1762207538,-613327.228754962,-36326.760743228246,272.4206493587752,
14065,1q8u,65,0,14,0.5791015625,1,-649644.1939599713,-613327.228754962,-36326.21089506599,213.2106777787155,
14066,1q8u,66,0,14,0.5791015625,1,-649657.4360872033,-613327.228754962,-36326.031054518586,-96.3072521797291,
14067,1q8u,67,0,14,0.5791015625,1,-649658.050437418,-613327.228754962,-36327.125682398866,-85.23178610102778,
14068,1q8u,68,0,14,0.5791015625,1,-649659.3246702298,-613327.228754962,-36326.49115229931,-129.2489045146683,
14069,1q8u,69,0,14,0.5791015625,1,-649650.6558158887,-613327.228754962,-36326.813030327605,78.08230932298514,
14070,1q8u,70,0,14,0.5791015625,1,-649658.672085683,-613327.228754962,-36326.95741264849,-103.44772827537085,
14071,1q8u,71,0,14,0.5791015625,1,-649648.3455498846,-613327.228754962,-36326.55984579701,125.51973503336046,
14072,1q8u,72,0,14,0.5791015625,1,-649652.6713651071,-613327.228754962,-36326.23265899314,18.21895924919201,
14073,1q8u,73,0,14,0.5791015625,1,-649641.676182527,-613327.228754962,-36326.798838626615,284.8303055620345,
14074,1q8u,74,0,14,0.5791015625,1,-649656.7926216646,-613327.228754962,-36326.145345433295,-78.83297324095534,
14075,1q8u,75,0,14,0.5791015625,1,-649657.7450115884,-613327.228754962,-36326.70669081679,-87.85067456782659,
14076,1q8u,76,0,14,0.5791015625,1,-649654.7063091154,-613327.228754962,-36325.59970673351,-43.304190245350824,
14077,1q8u,77,0,14,0.5791015625,1,-649651.1984585379,-613327.228754962,-36326.7347923782,63.76446258029816,
14078,1q8u,78,0,14,0.5791015625,1,-649622.5160943256,-613327.228754962,-36325.7046382797,701.4395765329958,
14079,1q8u,79,0,14,0.5791015625,1,-649655.318744326,-613327.228754962,-36326.4789908789,-37.15050762135409,
14080,1q8u,80,0,14,0.5791015625,1,-649659.3852885008,-613327.228754962,-36326.8712205741,-121.88221242286554,
14081,1q8u,81,0,14,0.5791015625,1,-649630.815532753,-613327.228754962,-36326.803280441185,535.3852698235556,
14082,1q8u,82,0,14,0.5791015625,1,-649656.7828691409,-613327.228754962,-36326.74907731217,-64.68568683124776,
14083,1q8u,83,0,14,0.5791015625,1,-649654.9916441847,-613327.228754962,-36326.49620874795,-29.21034567424193,
14084,1q8u,84,0,14,0.5791015625,1,-649660.2690371083,-613327.228754962,-36326.72578065847,-145.61586358682962,
14085,1q8u,85,0,14,0.5791015625,1,-649656.3472291271,-613327.228754962,-36326.86699846502,-51.9202630710649,
14086,1q8u,86,0,14,0.5791015625,1,-649651.6666224533,-613327.228754962,-36326.93241786064,57.52569810867742,
14087,1q8u,87,0,14,0.5791015625,1,-649657.6874504449,-613327.228754962,-36326.3178351239,-95.49050836936351,
14088,1q8u,88,0,14,0.5791015625,1,-649657.8468673556,-613327.228754962,-36327.079951688705,-81.5919241689024,
14089,1q8u,89,0,14,0.5791015625,1,-649658.2809404198,-613327.228754962,-36326.67725472414,-100.8882994387552,
14090,1q8u,90,0,14,0.5791015625,1,-649631.7762554578,-613327.228754962,-36325.626578800584,486.0950934728594,
14091,1q8u,91,0,14,0.5791015625,1,-649656.7544166858,-613327.228754962,-36326.62965601054,-66.78347826848092,
14092,1q8u,92,0,14,0.5791015625,1,-649657.4810400988,-613327.228754962,-36326.742494360886,-80.93769806438672,
14093,1q8u,93,0,14,0.5791015625,1,-649658.4052311849,-613327.228754962,-36327.673024218355,-80.79152252375152,
14094,1q8u,94,0,14,0.5791015625,1,-649658.839856147,-613327.228754962,-36326.76129634772,-111.83915641855705,
14095,1q8u,95,0,14,0.5791015625,1,-649654.5436872456,-613327.228754962,-36326.67585673083,-14.737432351990131,
14096,1q8u,96,0,14,0.5791015625,1,-649658.2582391136,-613327.228754962,-36327.27638765062,-86.54846137442975,
14097,1q8u,97,0,14,0.5791015625,1,-649657.2667904081,-613327.228754962,-36327.75259934235,-52.7034085839267,
14098,1q8u,98,0,14,0.5791015625,1,-649655.5124442521,-613327.228754962,-36327.6972211116,-13.524277483000695,
14099,1q8u,99,0,14,0.5791015625,1,-649659.4353061423,-613327.228754962,-36327.93536264546,-98.49594750210579,
14100,1q8u,100,0,14,0.5791015625,1,-649658.740875992,-613327.228754962,-36326.46627370623,-116.36000355606059,
15001,3ag9,1,0,15,0.5791015625,1,-701201.0840426831,-613327.228754962,-87864.1261752693,-224.35866304541352,
15002,3ag9,2,0,15,0.5791015625,1,-701208.3144634863,-613327.228754962,-87865.12847752712,-367.982488655481,
15003,3ag9,3,0,15,0.5791015625,1,-701202.7912958903,-613327.228754962,-87864.38426892659,-257.7770761607166,
15004,3ag9,4,0,15,0.5791015625,1,-701205.7192088851,-613327.228754962,-87865.29782022152,-304.2293604876935,
15005,3ag9,5,0,15,0.5791015625,1,-701199.7368085163,-613327.228754962,-87864.70620053362,-179.91500475175297,
15006,3ag9,6,0,15,0.5791015625,1,-701202.8128460435,-613327.228754962,-87864.67642554276,-251.53674287700755,
15007,3ag9,7,0,15,0.5791015625,1,-701205.057464098,-613327.228754962,-87865.33834596087,-288.0346174217073,
15008,3ag9,8,0,15,0.5791015625,1,-701189.5684625175,-613327.228754962,-87865.88117371495,81.66814976096647,
15009,3ag9,9,0,15,0.5791015625,1,-701159.9057765062,-613327.228754962,-87865.73688645397,762.3785960258081,
15010,3ag9,10,0,15,0.5791015625,1,-701199.1363426428,-613327.228754962,-87865.47195494606,-148.40921650097536,
15011,3ag9,11,0,15,0.5791015625,1,-701204.3762984214,-613327.228754962,-87865.08180508658,-278.24253685893376,
15012,3ag9,12,0,15,0.5791015625,1,-701185.8316448375,-613327.228754962,-87865.57126225886,160.69448464733566,
15013,3ag9,13,0,15,0.5791015625,1,-701204.447563926,-613327.228754962,-87865.46138876017,-271.1325509752851,
15014,3ag9,14,0,15,0.5791015625,1,-701205.8072915702,-613327.228754962,-87865.03040652491,-312.4273018025167,
15015,3ag9,15,0,15,0.5791015625,1,-701188.1764298243,-613327.228754962,-87864.31870105174,77.73771067895484,
15016,3ag9,16,0,15,0.5791015625,1,-701199.5941194766,-613327.228754962,-87864.6419007799,-178.10730487308842,
15017,3ag9,17,0,15,0.5791015625,1,-701140.4034089248,-613327.228754962,-87862.1172238681,1128.6424742538072,
15018,3ag9,18,0,15,0.5791015625,1,-701103.5571430034,-613327.228754962,-87845.90468742144,1604.4675797293257,
15019,3ag9,19,0,15,0.5791015625,1,-701121.5690401067,-613327.228754962,-87862.91664889331,1581.4085162737147,
15020,3ag9,20,0,15,0.5791015625,1,-701100.1692568245,-613327.228754962,-87843.83916538554,1634.962021298671,
15021,3ag9,21,0,15,0.5791015625,1,-701109.6482881625,-613327.228754962,-87839.8690134868,1324.8164879848528,
15022,3ag9,22,0,15,0.5791015625,1,-701187.0582156536,-613327.228754962,-87864.96126953846,118.342323369134,
15023,3ag9,23,0,15,0.5791015625,1,-701072.2269024776,-613327.228754962,-87835.78745316816,2093.6511255099877,
15024,3ag9,24,0,15,0.5791015625,1,-701132.2454769937,-613327.228754962,-87856.37439834449,1184.3361510792702,
15025,3ag9,25,0,15,0.5791015625,1,-701039.827874539,-613327.228754962,-87855.69853729461,3299.9509668111946,
15026,3ag9,26,0,15,0.5791015625,1,-701106.0229639066,-613327.228754962,-87858.67137583334,1842.0112276106627,
15027,3ag9,27,0,15,0.5791015625,1,-701117.1429326598,-613327.228754962,-87843.98271452845,1246.8500797136444,
15028,3ag9,28,0,15,0.5791015625,1,-701134.3745340591,-613327.228754962,-87858.27845050604,1179.1474147331235,
15029,3ag9,29,0,15,0.5791015625,1,-701133.4088702144,-613327.228754962,-87859.32599532415,1225.5731093953111,
15030,3ag9,30,0,15,0.5791015625,1,-701201.180061822,-613327.228754962,-87865.97999610289,-183.8227929861746,
15031,3ag9,31,0,15,0.5791015625,1,-701168.0880377325,-613327.228754962,-87865.19493020457,561.1933616414211,
15032,3ag9,32,0,15,0.5791015625,1,-701193.8535423554,-613327.228754962,-87860.00773803046,-152.59278333113514,
15033,3ag9,33,0,15,0.5791015625,1,-701169.3630333336,-613327.228754962,-87861.17477726078,439.084335353173,
15034,3ag9,34,0,15,0.5791015625,1,-701157.4474449254,-613327.228754962,-87825.86410070417,-100.41921389635056,
15035,3ag9,35,0,15,0.5791015625,1,-701184.0942113261,-613327.228754962,-87848.63188281648,-189.87071661220716,
15036,3ag9,36,0,15,0.5791015625,1,-701193.6735869836,-613327.228754962,-87864.40891668477,-46.9493230041413,
15037,3ag9,37,0,15,0.5791015625,1,-701171.8115045341,-613327.228754962,-87852.25705121836,176.97360017977064,
15038,3ag9,38,0,15,0.5791015625,1,-701161.7233094015,-613327.228754962,-87836.07976983702,36.55593549485888,
15039,3ag9,39,0,15,0.5791015625,1,-701174.8265369053,-613327.228754962,-87864.16210176713,381.98228957965614,
15040,3ag9,40,0,15,0.5791015625,1,-701178.9634834775,-613327.228754962,-87862.44853800378,247.06631615268992,
15041,3ag9,41,0,15,0.5791015625,1,-701136.6272943881,-613327.228754962,-87857.6986912898,1113.8279622777404,
15042,3ag9,42,0,15,0.5791015625,1,-701155.5623382083,-613327.228754962,-87844.10947746593,363.80076322173767,
15043,3ag9,43,0,15,0.5791015625,1,-701113.0097427453,-613327.228754962,-87836.30991212904,1165.2246767039333,
15044,3ag9,44,0,15,0.5791015625,1,-701189.9822409,-613327.228754962,-87864.58890670705,42.32580843247804,
15045,3ag9,45,0,15,0.5791015625,1,-701113.8072111389,-613327.228754962,-87834.06276600654,1095.0141980300223,
15046,3ag9,46,0,15,0.5791015625,1,-701180.6357415325,-613327.228754962,-87860.7011202733,168.20671913472592,
15047,3ag9,47,0,15,0.5791015625,1,-701170.1523628442,-613327.228754962,-87856.75975131808,319.0690474937733,
15048,3ag9,48,0,15,0.5791015625,1,-701138.4974302328,-613327.228754962,-87864.01103479887,1216.2677045957707,
15049,3ag9,49,0,15,0.5791015625,1,-701142.3799984535,-613327.228754962,-87862.38423751493,1089.2187178590634,
15050,3ag9,50,0,15,0.5791015625,1,-701149.6214585045,-613327.228754962,-87856.22628533744,780.2209312637324,
15051,3ag9,51,0,15,0.5791015625,1,-701142.5032415747,-613327.228754962,-87844.8696604331,682.4809214395242,
15052,3ag9,52,0,15,0.5791015625,1,-701146.0871293589,-613327.228754962,-87861.22468239836,976.9902720738877,
15053,3ag9,53,0,15,0.5791015625,1,-701184.1312242678,-613327.228754962,-87864.20780012428,168.4649307582812,
15054,3ag9,54,0,15,0.5791015625,1,-701159.5349590884,-613327.228754962,-87857.27121393912,575.7068028770204,
15055,3ag9,55,0,15,0.5791015625,1,-701150.829021162,-613327.228754962,-87863.77410026896,926.4306220859921,
15056,3ag9,56,0,15,0.5791015625,1,-701197.5266372964,-613327.228754962,-87864.36909339734,-136.72112086174081,
15057,3ag9,57,0,15,0.5791015625,1,-701122.96401498,-613327.228754962,-87864.93484772899,1595.780402267672,
15058,3ag9,58,0,15,0.5791015625,1,-701188.864062956,-613327.228754962,-87863.77817637472,49.41571878891934,
15059,3ag9,59,0,15,0.5791015625,1,-701169.5489728797,-613327.228754962,-87862.17462201556,457.8534353477984,
15060,3ag9,60,0,15,0.5791015625,1,-701198.5956846346,-613327.228754962,-87862.92763953903,-194.61465378293116,
15061,3ag9,61,0,15,0.5791015625,1,-701181.820813303,-613327.228754962,-87863.91155084557,214.9126026583544,
15062,3ag9,62,0,15,0.5791015625,1,-701204.4481300595,-613327.228754962,-87862.3495631292,-342.9060101282037,
15063,3ag9,63,0,15,0.5791015625,1,-701199.857266844,-613327.228754962,-87864.93648971387,-177.38224512314696,
15064,3ag9,64,0,15,0.5791015625,1,-701192.6785071851,-613327.228754962,-87862.50351562802,-67.94182992104432,
15065,3ag9,65,0,15,0.5791015625,1,-701204.7763533146,-613327.228754962,-87862.26721679055,-352.3739698829378,
15066,3ag9,66,0,15,0.5791015625,1,-701205.5789556289,-613327.228754962,-87862.92760469149,-355.6535121639542,
15067,3ag9,67,0,15,0.5791015625,1,-701165.73019077,-613327.228754962,-87861.99168166809,541.697938209144,
15068,3ag9,68,0,15,0.5791015625,1,-701177.8199690887,-613327.228754962,-87861.6998388947,256.1709727953564,
15069,3ag9,69,0,15,0.5791015625,1,-701204.0911873773,-613327.228754962,-87862.6609061768,-327.4949750922991,
15070,3ag9,70,0,15,0.5791015625,1,-701200.6371642555,-613327.228754962,-87862.76251966067,-245.50004707760718,
15071,3ag9,71,0,15,0.5791015625,1,-701197.3087983269,-613327.228754962,-87862.87040406228,-166.2582319794629,
15072,3ag9,72,0,15,0.5791015625,1,-701204.9662618844,-613327.228754962,-87862.47434726408,-351.976823348145,
15073,3ag9,73,0,15,0.5791015625,1,-701191.2387990148,-613327.228754962,-87861.83448668505,-50.16954473828482,
15074,3ag9,74,0,15,0.5791015625,1,-701196.4846637555,-613327.228754962,-87861.48565517667,-179.18630518776428,
15075,3ag9,75,0,15,0.5791015625,1,-701183.8333893177,-613327.228754962,-87862.97322718862,146.8632396359795,
15076,3ag9,76,0,15,0.5791015625,1,-701181.5382482574,-613327.228754962,-87863.88125812385,220.7301406501989,
15077,3ag9,77,0,15,0.5791015625,1,-701202.7305446917,-613327.228754962,-87863.55860916927,-275.41628656340873,
15078,3ag9,78,0,15,0.5791015625,1,-701201.2828804391,-613327.228754962,-87864.26271197527,-225.7953593881305,
15079,3ag9,79,0,15,0.5791015625,1,-701177.502260234,-613327.228754962,-87861.1705767856,251.29243885326218,
15080,3ag9,80,0,15,0.5791015625,1,-701180.0511916846,-613327.228754962,-87862.89402271857,232.2562905907004,
15081,3ag9,81,0,15,0.5791015625,1,-701194.4386866946,-613327.228754962,-87862.90644219032,-99.2408264288771,
15082,3ag9,82,0,15,0.5791015625,1,-701204.0965627761,-613327.228754962,-87863.3488022072,-311.755675421593,
15083,3ag9,83,0,15,0.5791015625,1,-701159.7358201698,-613327.228754962,-87861.85361865575,676.7475994498717,
15084,3ag9,84,0,15,0.5791015625,1,-701197.8788929476,-613327.228754962,-87863.98789065496,-153.63507322750542,
15085,3ag9,85,0,15,0.5791015625,1,-701200.2788613312,-613327.228754962,-87864.39812751565,-199.5193721814942,
15086,3ag9,86,0,15,0.5791015625,1,-701196.7397950272,-613327.228754962,-87866.0376845911,-80.09748004346928,
15087,3ag9,87,0,15,0.5791015625,1,-701183.3049055483,-613327.228754962,-87863.12470232476,162.5434644998078,
15088,3ag9,88,0,15,0.5791015625,1,-701197.2965496619,-613327.228754962,-87862.91355686322,-164.98064382487254,
15089,3ag9,89,0,15,0.5791015625,1,-701186.0120962884,-613327.228754962,-87864.08329974221,122.21994454807059,
15090,3ag9,90,0,15,0.5791015625,1,-701185.5911772905,-613327.228754962,-87865.24517942595,158.7201492510183,
15091,3ag9,91,0,15,0.5791015625,1,-701188.0621107314,-613327.228754962,-87865.5572670226,108.93598140194881,
15092,3ag9,92,0,15,0.5791015625,1,-701180.5380491288,-613327.228754962,-87865.49157541008,280.9300792953725,
15093,3ag9,93,0,15,0.5791015625,1,-701208.070297749,-613327.228754962,-87866.77918087055,-324.28576958654276,
15094,3ag9,94,0,15,0.5791015625,1,-701183.036543249,-613327.228754962,-87865.48668355873,223.20062735999645,
15095,3ag9,95,0,15,0.5791015625,1,-701190.0000675608,-613327.228754962,-87865.61767837999,65.63875423968575,
15096,3ag9,96,0,15,0.5791015625,1,-701190.3046866934,-613327.228754962,-87864.42327610624,31.070499400918035,
15097,3ag9,97,0,15,0.5791015625,1,-701198.4291758222,-613327.228754962,-87865.95846448294,-120.88238576374017,
15098,3ag9,98,0,15,0.5791015625,1,-701204.4256645076,-613327.228754962,-87866.42822872024,-248.3316792453015,
15099,3ag9,99,0,15,0.5791015625,1,-701203.6399038736,-613327.228754962,-87865.90014300072,-242.38955455520463,
15100,3ag9,100,0,15,0.5791015625,1,-701201.3034098847,-613327.228754962,-87864.10516600958,-229.9018759278431,
16001,3jya,1,0,16,0.54833984375,0,-664659.537179102,-613327.228754962,-51331.13498172779,-27.060224872775564,
16002,3jya,2,0,16,0.54833984375,0,-664659.2012995555,-613327.228754962,-51331.134801427244,-19.318816355297148,
16003,3jya,3,0,16,0.54833984375,0,-664659.9975474474,-613327.228754962,-51331.13505029056,-37.67499002854221,
16004,3jya,4,0,16,0.54833984375,0,-664659.900969002,-613327.228754962,-51331.13516526817,-35.445186722333936,
16005,3jya,5,0,16,0.54833984375,0,-664659.9844547565,-613327.228754962,-51331.13499658289,-37.37430393067296,
16006,3jya,6,0,16,0.54833984375,0,-664659.6886449733,-613327.228754962,-51331.135784394755,-30.534600904244343,
16007,3jya,7,0,16,0.54833984375,0,-664659.197334489,-613327.228754962,-51331.13518438461,-19.21854854259985,
16008,3jya,8,0,16,0.54833984375,0,-664659.3732066003,-613327.228754962,-51331.13612219083,-23.252629453196057,
16009,3jya,9,0,16,0.54833984375,0,-664659.8023842241,-613327.228754962,-51331.13501520763,-33.17522821433779,
16010,3jya,10,0,16,0.54833984375,0,-664660.4686253022,-613327.228754962,-51331.136938628646,-48.494757319141414,
16011,3jya,11,0,16,0.54833984375,0,-664659.6449802095,-613327.228754962,-51331.13434453068,-29.560871584604325,
16012,3jya,12,0,16,0.54833984375,0,-664659.5364812043,-613327.228754962,-51331.13575410504,-27.02631952855153,
16013,3jya,13,0,16,0.54833984375,0,-664659.8356228597,-613327.228754962,-51331.13374938147,-33.970920003041954,
16014,3jya,14,0,16,0.54833984375,0,-664660.5618089215,-613327.228754962,-51331.134763651964,-50.69377878329377,
16015,3jya,15,0,16,0.54833984375,0,-664659.3876940282,-613327.228754962,-51331.13789389305,-23.545861053256793,
16016,3jya,16,0,16,0.54833984375,0,-664659.4175165918,-613327.228754962,-51331.13409239569,-24.321250320153474,
16017,3jya,17,0,16,0.54833984375,0,-664659.806829138,-613327.228754962,-51331.13746683339,-33.22119452899659,
16018,3jya,18,0,16,0.54833984375,0,-664659.4230283865,-613327.228754962,-51331.13574969222,-24.41013715962543,
16019,3jya,19,0,16,0.54833984375,0,-664660.6127829363,-613327.228754962,-51331.136658563235,-51.825569797646146,
16020,3jya,20,0,16,0.54833984375,0,-664658.9510290741,-613327.228754962,-51331.137898928486,-13.476011874281589,
16021,3jya,21,0,16,0.54833984375,0,-664659.5456270251,-613327.228754962,-51331.135090894044,-27.25252117417741,
16022,3jya,22,0,16,0.54833984375,0,-664659.1883236036,-613327.228754962,-51331.13562481621,-19.00059599543152,
16023,3jya,23,0,16,0.54833984375,0,-664637.7502219692,-613327.228754962,-51331.13467096479,475.35177580562817,
16024,3jya,24,0,16,0.54833984375,0,-664659.7926186189,-613327.228754962,-51331.13547256204,-32.93948116497636,
16025,3jya,25,0,16,0.54833984375,0,-664658.8698782701,-613327.228754962,-51331.13672623709,-11.631672781657537,
16026,3jya,26,0,16,0.54833984375,0,-664659.5136138172,-613327.228754962,-51331.134941320845,-26.5177283019499,
16027,3jya,27,0,16,0.54833984375,0,-664642.1024935072,-613327.228754962,-51331.13583668207,375.0128919109447,
16028,3jya,28,0,16,0.54833984375,0,-664652.769047621,-613327.228754962,-51331.13585618388,129.0367603029833,
16029,3jya,29,0,16,0.54833984375,0,-664659.2756502208,-613327.228754962,-51331.13585985943,-21.008975403169988,
16030,3jya,30,0,16,0.54833984375,0,-664656.523884212,-613327.228754962,-51331.133185766856,42.38659022148669,
16031,3jya,31,0,16,0.54833984375,0,-664657.8533181017,-613327.228754962,-51331.134787887604,11.76606220232503,
16032,3jya,32,0,16,0.54833984375,0,-664658.7478594208,-613327.228754962,-51331.13455242395,-8.867980594310229,
16033,3jya,33,0,16,0.54833984375,0,-664659.5365536872,-613327.228754962,-51331.13757632724,-26.985969580766447,
16034,3jya,34,0,16,0.54833984375,0,-664659.1449190436,-613327.228754962,-51331.13724516196,-17.962297003897675,
16035,3jya,35,0,16,0.54833984375,0,-664629.0975239616,-613327.228754962,-51330.441236888,658.8967623796057,
16036,3jya,36,0,16,0.54833984375,0,-664659.0961375647,-613327.228754962,-51331.134864877386,-16.892260042915634,
16037,3jya,37,0,16,0.54833984375,0,-664660.0289677111,-613327.228754962,-51330.4327796232,-54.59430483701124,
16038,3jya,38,0,16,0.54833984375,0,-664656.236094549,-613327.228754962,-51330.43965853083,33.03005951354517,
16039,3jya,39,0,16,0.54833984375,0,-664647.6335465272,-613327.228754962,-51330.41517758425,230.84498559375683,
16040,3jya,40,0,16,0.54833984375,0,-664648.8913339663,-613327.228754962,-51330.41455438706,201.82534692649656,
16041,3jya,41,0,16,0.54833984375,0,-664655.6405928525,-613327.228754962,-51330.419180881145,46.290429047957765,
16042,3jya,42,0,16,0.54833984375,0,-664657.5198836862,-613327.228754962,-51330.41536778608,2.8650208282219696,
16043,3jya,43,0,16,0.54833984375,0,-664659.3281843683,-613327.228754962,-51331.13506237686,-22.238832009657155,
16044,3jya,44,0,16,0.54833984375,0,-664658.793393936,-613327.228754962,-51330.40994184297,-26.627948420686455,
16045,3jya,45,0,16,0.54833984375,0,-664663.0639667709,-613327.228754962,-51330.425519318254,-124.75047242969671,
16046,3jya,46,0,16,0.54833984375,0,-664660.5415228899,-613327.228754962,-51330.4146623953,-66.83190125237546,
16047,3jya,47,0,16,0.54833984375,0,-664654.382795847,-613327.228754962,-51330.42175478186,75.35527261442088,
16048,3jya,48,0,16,0.54833984375,0,-664660.3264549501,-613327.228754962,-51330.43044183108,-61.50843430816502,
16049,3jya,49,0,16,0.54833984375,0,-664661.0929849434,-613327.228754962,-51330.43888746571,-78.99027492023124,
16050,3jya,50,0,16,0.54833984375,0,-664645.4609279698,-613327.228754962,-51330.42440865643,281.1596333374575,
16051,3jya,51,0,16,0.54833984375,0,-664657.9809284216,-613327.228754962,-51330.42684659161,-7.502215800394195,
16052,3jya,52,0,16,0.54833984375,0,-664660.0482259821,-613327.228754962,-51330.41456452383,-55.45846128617871,
16053,3jya,53,0,16,0.54833984375,0,-664659.313828659,-613327.228754962,-51330.43392965681,-38.076286114841075,
16054,3jya,54,0,16,0.54833984375,0,-664661.5316975979,-613327.228754962,-51330.41860987421,-89.57484144238911,
16055,3jya,55,0,16,0.54833984375,0,-664657.0455640311,-613327.228754962,-51330.405986993355,13.586765702286886,
16056,3jya,56,0,16,0.54833984375,0,-664662.3987927426,-613327.228754962,-51330.43328678643,-109.23207286410143,
16057,3jya,57,0,16,0.54833984375,0,-664658.9546726838,-613327.228754962,-51330.41204699594,-30.29857871850583,
16058,3jya,58,0,16,0.54833984375,0,-664650.5086635667,-613327.228754962,-51330.422249767726,164.7063000128485,
16059,3jya,59,0,16,0.54833984375,0,-664650.6842533384,-613327.228754962,-51330.417427879824,160.5459083072015,
16060,3jya,60,0,16,0.54833984375,0,-664662.3708665154,-613327.228754962,-51330.42162998727,-108.85689094067625,
16061,3jya,61,0,16,0.54833984375,0,-664663.1933636165,-613327.228754962,-51330.42588533489,-127.72599403240439,
16062,3jya,62,0,16,0.54833984375,0,-664660.4575522756,-613327.228754962,-51330.42711870743,-64.60824350462936,
16063,3jya,63,0,16,0.54833984375,0,-664659.1819969588,-613327.228754962,-51330.42000855892,-35.357203030154956,
16064,3jya,64,0,16,0.54833984375,0,-664662.4387117436,-613327.228754962,-51330.44072473301,-109.9811037716072,
16065,3jya,65,0,16,0.54833984375,0,-664660.7469449865,-613327.228754962,-51330.43081208461,-71.19662665486673,
16066,3jya,66,0,16,0.54833984375,0,-664660.416016929,-613327.228754962,-51330.418974701955,-63.83822088418685,
16067,3jya,67,0,16,0.54833984375,0,-664659.106505441,-613327.228754962,-51331.13527306385,-17.121935946091472,
16068,3jya,68,0,16,0.54833984375,0,-664654.9613703201,-613327.228754962,-51330.42024247878,61.97815376777577,
16069,3jya,69,0,16,0.54833984375,0,-664659.2570907213,-613327.228754962,-51330.42314182171,-37.016651575219136,
16070,3jya,70,0,16,0.54833984375,0,-664660.4381385068,-613327.228754962,-51330.44458314738,-63.757811808265586,
16071,3jya,71,0,16,0.54833984375,0,-664657.7472407368,-613327.228754962,-51330.41968514994,-2.2783965369337844,
16072,3jya,72,0,16,0.54833984375,0,-664651.8574253871,-613327.228754962,-51330.44301289905,134.0819227228673,
16073,3jya,73,0,16,0.54833984375,0,-664645.7804693768,-613327.228754962,-51330.415529754886,273.5860811025974,
16074,3jya,74,0,16,0.54833984375,0,-664643.9618625424,-613327.228754962,-51330.42978968664,315.85299283050705,
16075,3jya,75,0,16,0.54833984375,0,-664660.2612478775,-613327.228754962,-51330.42117875053,-60.218335202552474,
16076,3jya,76,0,16,0.54833984375,0,-664661.976441476,-613327.228754962,-51330.43422504034,-99.47078462993902,
16077,3jya,77,0,16,0.54833984375,0,-664661.121278967,-613327.228754962,-51330.41870320782,-80.10821064909192,
16078,3jya,78,0,16,0.54833984375,0,-664642.3580119805,-613327.228754962,-51330.43238000086,352.8983994910694,
16079,3jya,79,0,16,0.54833984375,0,-664660.4450519982,-613327.228754962,-51330.41791933199,-64.53212289775031,
16080,3jya,80,0,16,0.54833984375,0,-664660.0416265094,-613327.228754962,-51330.413311497825,-55.33516929603451,
16081,3jya,81,0,16,0.54833984375,0,-664659.743087744,-613327.228754962,-51331.13506322302,-31.806711636510947,
16082,3jya,82,0,16,0.54833984375,0,-664659.0439073723,-613327.228754962,-51330.442882797346,-31.645289046060228,
16083,3jya,83,0,16,0.54833984375,0,-664639.4369591738,-613327.228754962,-51330.41709805356,419.90706738086556,
16084,3jya,84,0,16,0.54833984375,0,-664661.1628536531,-613327.228754962,-51330.43459216556,-80.700537615669,
16085,3jya,85,0,16,0.54833984375,0,-664659.2535421434,-613327.228754962,-51330.43162433565,-36.73920800649145,
16086,3jya,86,0,16,0.54833984375,0,-664659.8219694067,-613327.228754962,-51331.135059729466,-33.6258465550924,
16087,3jya,87,0,16,0.54833984375,0,-664641.4213856995,-613327.228754962,-51330.39344985161,373.5997640748898,
16088,3jya,88,0,16,0.54833984375,0,-664660.8090539728,-613327.228754962,-51330.422473001934,-72.8211977193671,
16089,3jya,89,0,16,0.54833984375,0,-664662.6917457506,-613327.228754962,-51330.43380207644,-115.97584684656785,
16090,3jya,90,0,16,0.54833984375,0,-664648.349523636,-613327.228754962,-51330.39041064707,213.7630220912066,
16091,3jya,91,0,16,0.54833984375,0,-664659.5584467995,-613327.228754962,-51331.13512089485,-27.547460361075395,
16092,3jya,92,0,16,0.54833984375,0,-664640.8925533484,-613327.228754962,-51330.428978211276,386.6142312389975,
16093,3jya,93,0,16,0.54833984375,0,-664659.5549859764,-613327.228754962,-51331.13524627748,-27.46476049238656,
16094,3jya,94,0,16,0.54833984375,0,-664659.5951980787,-613327.228754962,-51331.1351939545,-28.39328019597958,
16095,3jya,95,0,16,0.54833984375,0,-664659.4480211232,-613327.228754962,-51331.135071534176,-25.00212205433072,
16096,3jya,96,0,16,0.54833984375,0,-664660.1212714826,-613327.228754962,-51331.13502867371,-40.52863255438137,
16097,3jya,97,0,16,0.54833984375,0,-664659.3135771033,-613327.228754962,-51331.13515848377,-21.89976419825723,
16098,3jya,98,0,16,0.54833984375,0,-664659.8114666913,-613327.228754962,-51331.1350923017,-33.38289705152867,
16099,3jya,99,0,16,0.54833984375,0,-664660.0819404846,-613327.228754962,-51331.1352864373,-39.615694024881904,
16100,3jya,100,0,16,0.54833984375,0,-664659.5885836134,-613327.228754962,-51331.135112283424,-28.24263038304678,
17001,3bgz,1,0,17,0.54833984375,-1,-640910.6643226984,-613327.228754962,-27577.893818180004,-127.79578071041607,
17002,3bgz,2,0,17,0.54833984375,-1,-640911.4048165234,-613327.228754962,-27578.129730026598,-139.43171755918246,
17003,3bgz,3,0,17,0.54833984375,-1,-640909.0857871205,-613327.228754962,-27577.928977834315,-90.58308462478387,
17004,3bgz,4,0,17,0.54833984375,-1,-640911.2726356057,-613327.228754962,-27577.779171164504,-144.46763258929127,
17005,3bgz,5,0,17,0.54833984375,-1,-640911.2115575562,-613327.228754962,-27578.00692244722,-137.8070699593894,
17006,3bgz,6,0,17,0.54833984375,-1,-640911.8037031948,-613327.228754962,-27577.95418016761,-152.6785386439985,
17007,3bgz,7,0,17,0.54833984375,-1,-640911.137219388,-613327.228754962,-27577.88373439021,-138.93357515827762,
17008,3bgz,8,0,17,0.54833984375,-1,-640895.472883041,-613327.228754962,-27577.954546944264,223.92757869690146,
17009,3bgz,9,0,17,0.54833984375,-1,-640906.8088523466,-613327.228754962,-27577.709246206567,-43.142853075802954,
17010,3bgz,10,0,17,0.54833984375,-1,-640907.2567915013,-613327.228754962,-27577.705804027533,-53.55195391202369,
17011,3bgz,11,0,17,0.54833984375,-1,-640900.9104032642,-613327.228754962,-27576.93704660396,75.07126824454286,
17012,3bgz,12,0,17,0.54833984375,-1,-640904.6569665166,-613327.228754962,-27577.54994772822,2.807302853302933,
17013,3bgz,13,0,17,0.54833984375,-1,-640909.5879522277,-613327.228754962,-27577.951881511774,-101.63511574809343,
17014,3bgz,14,0,17,0.54833984375,-1,-640909.8505806426,-613327.228754962,-27577.672664129783,-114.13037666413483,
17015,3bgz,15,0,17,0.54833984375,-1,-640909.9949344097,-613327.228754962,-27577.709682807337,-116.60558263185213,
17016,3bgz,16,0,17,0.54833984375,-1,-640899.2918419238,-613327.228754962,-27577.420784896243,123.55144947781497,
17017,3bgz,17,0,17,0.54833984375,-1,-640904.5252849358,-613327.228754962,-27577.99313543006,16.06410344185196,
17018,3bgz,18,0,17,0.54833984375,-1,-640907.8790832522,-613327.228754962,-27577.9528429197,-62.20549040838238,
17019,3bgz,19,0,17,0.54833984375,-1,-640914.6630215753,-613327.228754962,-27577.881547568893,-220.29093443671033,
17020,3bgz,20,0,17,0.54833984375,-1,-640910.540409963,-613327.228754962,-27577.95356828829,-123.56041491945726,
17021,3bgz,21,0,17,0.54833984375,-1,-640909.197255897,-613327.228754962,-27577.83484778601,-95.32430615765347,
17022,3bgz,22,0,17,0.54833984375,-1,-640906.8374788009,-613327.228754962,-27577.715016043217,-43.669939200245196,
17023,3bgz,23,0,17,0.54833984375,-1,-640910.5313907703,-613327.228754962,-27577.67781362573,-129.7114809812226,
17024,3bgz,24,0,17,0.54833984375,-1,-640913.1702756189,-613327.228754962,-27577.994318452762,-183.26683654869584,
17025,3bgz,25,0,17,0.54833984375,-1,-640910.7011518303,-613327.228754962,-27577.59484354487,-135.5395995415358,
17026,3bgz,26,0,17,0.54833984375,-1,-640902.7630925736,-613327.228754962,-27577.6758303569,49.38399588109003,
17027,3bgz,27,0,17,0.54833984375,-1,-640911.0838662408,-613327.228754962,-27577.95034820943,-136.1670711902958,
17028,3bgz,28,0,17,0.54833984375,-1,-640910.427629791,-613327.228754962,-27577.997911332768,-119.93706746987617,
17029,3bgz,29,0,17,0.54833984375,-1,-640912.362484585,-613327.228754962,-27577.706557580128,-171.27465614200614,
17030,3bgz,30,0,17,0.54833984375,-1,-640911.0877257265,-613327.228754962,-27577.956443221585,-136.11551872629764,
17031,3bgz,31,0,17,0.54833984375,-1,-640913.0699648364,-613327.228754962,-27577.599556369125,-190.0570448611392,
17032,3bgz,32,0,17,0.54833984375,-1,-640908.2973659575,-613327.228754962,-27577.950832144004,-71.89768833118161,
17033,3bgz,33,0,17,0.54833984375,-1,-640910.9092475356,-613327.228754962,-27577.99530878743,-131.10345262797597,
17034,3bgz,34,0,17,0.54833984375,-1,-640908.9473784751,-613327.228754962,-27577.21603785936,-103.83209183002239,
17035,3bgz,35,0,17,0.54833984375,-1,-640910.282416892,-613327.228754962,-27577.99399731248,-116.67863791983876,
17036,3bgz,36,0,17,0.54833984375,-1,-640910.052517829,-613327.228754962,-27577.674101775014,-118.75400592363484,
17037,3bgz,37,0,17,0.54833984375,-1,-640906.8044400079,-613327.228754962,-27577.88044594261,-39.09314242609208,
17038,3bgz,38,0,17,0.54833984375,-1,-640896.7346887483,-613327.228754962,-27577.950551132082,194.73750221422156,
17039,3bgz,39,0,17,0.54833984375,-1,-640910.2723394728,-613327.228754962,-27577.953800048315,-117.37321804467938,
17040,3bgz,40,0,17,0.54833984375,-1,-640895.4094796473,-613327.228754962,-27577.54940602382,216.04692411645854,
17041,3bgz,41,0,17,0.54833984375,-1,-640912.1776795497,-613327.228754962,-27577.95055637151,-161.38620498550492,
17042,3bgz,42,0,17,0.54833984375,-1,-640911.9790833256,-613327.228754962,-27577.952777015522,-156.755257993857,
17043,3bgz,43,0,17,0.54833984375,-1,-640910.5273610208,-613327.228754962,-27577.949411976646,-123.35534598713527,
17044,3bgz,44,0,17,0.54833984375,-1,-640911.2071171667,-613327.228754962,-27577.996685997074,-137.94073029416137,
17045,3bgz,45,0,17,0.54833984375,-1,-640908.334796915,-613327.228754962,-27577.708714556276,-78.34423092767096,
17046,3bgz,46,0,17,0.54833984375,-1,-640908.6984975198,-613327.228754962,-27577.595175538198,-89.34963807960759,
17047,3bgz,47,0,17,0.54833984375,-1,-640914.0898994175,-613327.228754962,-27577.95078485931,-205.47777365594675,
17048,3bgz,48,0,17,0.54833984375,-1,-640911.7961007709,-613327.228754962,-27577.715245381532,-158.01318964686664,
17049,3bgz,49,0,17,0.54833984375,-1,-640908.2547040777,-613327.228754962,-27577.949777075373,-70.93821247228608,
17050,3bgz,50,0,17,0.54833984375,-1,-640909.6102356004,-613327.228754962,-27577.217715209077,-119.0792596690761,
17051,3bgz,51,0,17,0.54833984375,-1,-640913.1356762087,-613327.228754962,-27577.710829156647,-189.0063736661505,
17052,3bgz,52,0,17,0.54833984375,-1,-640889.6470506808,-613327.228754962,-27577.219953835145,341.33434496338816,
17053,3bgz,53,0,17,0.54833984375,-1,-640911.088510971,-613327.228754962,-27577.94631609221,-136.36716404627705,
17054,3bgz,54,0,17,0.54833984375,-1,-640906.3430792172,-613327.228754962,-27577.99322968992,-25.853054846757956,
17055,3bgz,55,0,17,0.54833984375,-1,-640907.1661030158,-613327.228754962,-27577.99487886625,-44.7944036087524,
17056,3bgz,56,0,17,0.54833984375,-1,-640908.6112677805,-613327.228754962,-27577.877694530438,-80.8230297707793,
17057,3bgz,57,0,17,0.54833984375,-1,-640905.6829589057,-613327.228754962,-27577.953990914222,-11.535186492277097,
17058,3bgz,58,0,17,0.54833984375,-1,-640902.269738488,-613327.228754962,-27577.947439751555,67.02447280617949,
17059,3bgz,59,0,17,0.54833984375,-1,-640908.6324454932,-613327.228754962,-27577.220560965037,-96.46525944373475,
17060,3bgz,60,0,17,0.54833984375,-1,-640896.7958804544,-613327.228754962,-27576.941551350345,170.0583002209445,
17061,3bgz,61,0,17,0.54833984375,-1,-640910.6592142393,-613327.228754962,-27577.882043706297,-127.94950266054083,
17062,3bgz,62,0,17,0.54833984375,-1,-640907.3751674483,-613327.228754962,-27577.70714465018,-56.25085260716618,
17063,3bgz,63,0,17,0.54833984375,-1,-640909.8609939257,-613327.228754962,-27577.717771916734,-113.33030239937625,
17064,3bgz,64,0,17,0.54833984375,-1,-640894.9479270872,-613327.228754962,-27577.220697057743,219.11037017033667,
17065,3bgz,65,0,17,0.54833984375,-1,-640910.2311019576,-613327.228754962,-27577.83527838357,-119.15543287265984,
17066,3bgz,66,0,17,0.54833984375,-1,-640907.3842589695,-613327.228754962,-27577.884265225235,-52.37601057258806,
17067,3bgz,67,0,17,0.54833984375,-1,-640912.7327514607,-613327.228754962,-27577.996532687845,-173.1262282984025,
17068,3bgz,68,0,17,0.54833984375,-1,-640904.4394784928,-613327.228754962,-27577.222150561134,0.2635135784217831,
17069,3bgz,69,0,17,0.54833984375,-1,-640909.4999171147,-613327.228754962,-27577.675943436145,-105.96826100656988,
17070,3bgz,70,0,17,0.54833984375,-1,-640885.9711249563,-613327.228754962,-27577.88338333562,441.4022536842594,
17071,3bgz,71,0,17,0.54833984375,-1,-640913.0804688201,-613327.228754962,-27577.705577921468,-187.85435740094792,
17072,3bgz,72,0,17,0.54833984375,-1,-640911.7800622351,-613327.228754962,-27576.94066470784,-175.50558689787414,
17073,3bgz,73,0,17,0.54833984375,-1,-640904.5487973922,-613327.228754962,-27577.834215555515,11.857113949759997,
17074,3bgz,74,0,17,0.54833984375,-1,-640909.2467281227,-613327.228754962,-27577.994004272372,-92.7949270186825,
17075,3bgz,75,0,17,0.54833984375,-1,-640906.7884078235,-613327.228754962,-27577.714197287805,-42.55721652778301,
17076,3bgz,76,0,17,0.54833984375,-1,-640901.2475998106,-613327.228754962,-27577.9924956128,91.63456350969759,
17077,3bgz,77,0,17,0.54833984375,-1,-640911.2154529481,-613327.228754962,-27577.825374789067,-142.08348828600927,
17078,3bgz,78,0,17,0.54833984375,-1,-640908.7168930608,-613327.228754962,-27576.020587160845,-126.0847199222505,
17079,3bgz,79,0,17,0.54833984375,-1,-640911.8596806837,-613327.228754962,-27576.36733011785,-190.56304167598526,
17080,3bgz,80,0,17,0.54833984375,-1,-640909.4375016408,-613327.228754962,-27576.477138917457,-132.17401492629824,
17081,3bgz,81,0,17,0.54833984375,-1,-640910.5515178301,-613327.228754962,-27576.47421089615,-157.9313603204032,
17082,3bgz,82,0,17,0.54833984375,-1,-640909.5717039951,-613327.228754962,-27576.378687510034,-137.53913812773774,
17083,3bgz,83,0,17,0.54833984375,-1,-640909.3291511822,-613327.228754962,-27576.490557316934,-129.36595835135444,
17084,3bgz,84,0,17,0.54833984375,-1,-640903.7263251103,-613327.228754962,-27576.33160066205,-3.8273472765132905,
17085,3bgz,85,0,17,0.54833984375,-1,-640912.2874299273,-613327.228754962,-27576.678262213376,-193.2569091057644,
17086,3bgz,86,0,17,0.54833984375,-1,-640909.6527707576,-613327.228754962,-27576.58037704599,-134.757510889766,
17087,3bgz,87,0,17,0.54833984375,-1,-640894.4531324424,-613327.228754962,-27576.31536308311,209.64310831759124,
17088,3bgz,88,0,17,0.54833984375,-1,-640887.6482102678,-613327.228754962,-27576.594896660048,373.01453903125093,
17089,3bgz,89,0,17,0.54833984375,-1,-640908.7717931231,-613327.228754962,-27575.934529399798,-129.33528454897234,
17090,3bgz,90,0,17,0.54833984375,-1,-640905.6267952865,-613327.228754962,-27577.927329633345,-10.854846409286276,
17091,3bgz,91,0,17,0.54833984375,-1,-640910.0343779272,-613327.228754962,-27576.723761540314,-140.25105628810599,
17092,3bgz,92,0,17,0.54833984375,-1,-640896.5341456326,-613327.228754962,-27576.541556126704,166.8699396093043,
17093,3bgz,93,0,17,0.54833984375,-1,-640900.0713745316,-613327.228754962,-27576.522686388656,84.86435690019657,
17094,3bgz,94,0,17,0.54833984375,-1,-640909.6297329883,-613327.228754962,-27577.73749160491,-107.5425516786238,
17095,3bgz,95,0,17,0.54833984375,-1,-640911.7872508628,-613327.228754962,-27578.06676861451,-149.7027875894418,
17096,3bgz,96,0,17,0.54833984375,-1,-640909.9344937922,-613327.228754962,-27577.977620598907,-109.03299662301477,
17097,3bgz,97,0,17,0.54833984375,-1,-640910.6085963066,-613327.228754962,-27577.916068751278,-125.99758922540857,
17098,3bgz,98,0,17,0.54833984375,-1,-640910.4758285193,-613327.228754962,-27577.525468961754,-131.94333644449682,
17099,3bgz,99,0,17,0.54833984375,-1,-640910.3534704014,-613327.228754962,-27578.041846322656,-117.21374638329272,
17100,3bgz,100,0,17,0.54833984375,-1,-640909.9896138003,-613327.228754962,-27578.033180866125,-109.02284400580022,
18001,2c3i,1,0,18,0.54833984375,0,-640275.9379397513,-613327.228754962,-26950.53946429033,42.20724797617936,
18002,2c3i,2,0,18,0.54833984375,0,-640272.706583733,-613327.228754962,-26950.302524302766,111.2601220786392,
18003,2c3i,3,0,18,0.54833984375,0,-640271.4123533127,-613327.228754962,-26950.311888238615,141.3217220793945,
18004,2c3i,4,0,18,0.54833984375,0,-640264.6326862484,-613327.228754962,-26950.462513230457,301.13805352055635,
18005,2c3i,5,0,18,0.54833984375,0,-640272.7189071311,-613327.228754962,-26950.52900213205,116.19864058112024,
18006,2c3i,6,0,18,0.54833984375,0,-640273.1928608394,-613327.228754962,-26950.215136083374,98.03108539327506,
18007,2c3i,7,0,18,0.54833984375,0,-640245.52788985,-613327.228754962,-26950.37866515704,739.7715421532882,
18008,2c3i,8,0,18,0.54833984375,0,-640278.8233278468,-613327.228754962,-26950.474082645207,-25.83911876492438,
18009,2c3i,9,0,18,0.54833984375,0,-640255.715200879,-613327.228754962,-26950.231435254515,501.4513666929138,
18010,2c3i,10,0,18,0.54833984375,0,-640265.6610514439,-613327.228754962,-26950.20188461516,271.4131500933548,
18011,2c3i,11,0,18,0.54833984375,0,-640277.8614588834,-613327.228754962,-26950.549430096256,-1.9203400279560996,
18012,2c3i,12,0,18,0.54833984375,0,-640279.6665067574,-613327.228754962,-26950.463345340784,-45.53089448370735,
18013,2c3i,13,0,18,0.54833984375,0,-640278.7268607548,-613327.228754962,-26950.082917184714,-32.63502458597403,
18014,2c3i,14,0,18,0.54833984375,0,-640277.4618375523,-613327.228754962,-26950.23868962809,0.12930136374245269,
18015,2c3i,15,0,18,0.54833984375,0,-640267.3430361828,-613327.228754962,-26950.284838424,234.53862084778262,
18016,2c3i,16,0,18,0.54833984375,0,-640279.2901779244,-613327.228754962,-26950.23063645993,-42.21893970926382,
18017,2c3i,17,0,18,0.54833984375,0,-640274.157133744,-613327.228754962,-26950.56778656107,83.9267371643309,
18018,2c3i,18,0,18,0.54833984375,0,-640278.7697657746,-613327.228754962,-26950.576397631048,-22.244508411761846,
18019,2c3i,19,0,18,0.54833984375,0,-640268.4197986809,-613327.228754962,-26950.511552753393,214.93604439446128,
18020,2c3i,20,0,18,0.54833984375,0,-640272.7360175586,-613327.228754962,-26950.40270657887,112.89162010458399,
18021,2c3i,21,0,18,0.54833984375,0,-640281.9718158675,-613327.228754962,-26950.236368582406,-103.92679387428461,
18022,2c3i,22,0,18,0.54833984375,0,-640279.0823749737,-613327.228754962,-26950.591919262017,-29.09551048619916,
18023,2c3i,23,0,18,0.54833984375,0,-640280.4679047636,-613327.228754962,-26949.966472106487,-75.46974052386541,
18024,2c3i,24,0,18,0.54833984375,0,-640280.5837019669,-613327.228754962,-26950.4329873298,-67.38199084751689,
18025,2c3i,25,0,18,0.54833984375,0,-640280.2040653921,-613327.228754962,-26950.12467900821,-65.73712225339256,
18026,2c3i,26,0,18,0.54833984375,0,-640270.88709596,-613327.228754962,-26950.549542675013,158.9148858833414,
18027,2c3i,27,0,18,0.54833984375,0,-640280.1783535775,-613327.228754962,-26950.547623585113,-55.39086007673479,
18028,2c3i,28,0,18,0.54833984375,0,-640279.7287174867,-613327.228754962,-26950.28948568854,-50.974806809761844,
18029,2c3i,29,0,18,0.54833984375,0,-640282.2041883494,-613327.228754962,-26949.994720761308,-114.85796174559253,
18030,2c3i,30,0,18,0.54833984375,0,-640273.786167735,-613327.228754962,-26950.312805361544,86.60141041036891,
18031,2c3i,31,0,18,0.54833984375,0,-640284.307344145,-613327.228754962,-26950.575320799464,-149.96893161493577,
18032,2c3i,32,0,18,0.54833984375,0,-640258.3645405874,-613327.228754962,-26950.513557664533,446.86203895851594,
18033,2c3i,33,0,18,0.54833984375,0,-640280.7843630644,-613327.228754962,-26950.50699575806,-70.30267078527716,
18034,2c3i,34,0,18,0.54833984375,0,-640279.1242087946,-613327.228754962,-26950.273084486762,-37.412725898119206,
18035,2c3i,35,0,18,0.54833984375,0,-640270.5394936306,-613327.228754962,-26950.510840076473,166.03828290016335,
18036,2c3i,36,0,18,0.54833984375,0,-640278.5604770092,-613327.228754962,-26949.943192197035,-32.020259023500635,
18037,2c3i,37,0,18,0.54833984375,0,-640279.0474620587,-613327.228754962,-26949.745781873793,-47.802791253057805,
18038,2c3i,38,0,18,0.54833984375,0,-640280.1161471704,-613327.228754962,-26950.54498711061,-54.01714479732319,
18039,2c3i,39,0,18,0.54833984375,0,-640282.8218326906,-613327.228754962,-26950.308611035816,-121.86269692920243,
18040,2c3i,40,0,18,0.54833984375,0,-640281.1499826704,-613327.228754962,-26950.49747323295,-78.95365384276559,
18041,2c3i,41,0,18,0.54833984375,0,-640281.3266072437,-613327.228754962,-26950.53762348189,-82.10082652734819,
18042,2c3i,42,0,18,0.54833984375,0,-640279.5355185578,-613327.228754962,-26950.517471651103,-41.262052473284946,
18043,2c3i,43,0,18,0.54833984375,0,-640282.6263887988,-613327.228754962,-26950.434166146366,-114.4602840818521,
18044,2c3i,44,0,18,0.54833984375,0,-640279.5977854015,-613327.228754962,-26950.420422591247,-44.935964488392436,
18045,2c3i,45,0,18,0.54833984375,0,-640283.1587495395,-613327.228754962,-26950.439077651,-126.6235524184566,
18046,2c3i,46,0,18,0.54833984375,0,-640279.8505425241,-613327.228754962,-26950.41349663705,-50.924398502197356,
18047,2c3i,47,0,18,0.54833984375,0,-640277.4360651735,-613327.228754962,-26949.917453734586,-6.684249149782443,
18048,2c3i,48,0,18,0.54833984375,0,-640273.5192928711,-613327.228754962,-26950.26591531989,91.67438092541151,
18049,2c3i,49,0,18,0.54833984375,0,-640279.893235683,-613327.228754962,-26950.54854054876,-48.79473954857996,
18050,2c3i,50,0,18,0.54833984375,0,-640267.1863125777,-613327.228754962,-26950.473208826126,242.4966777079643,
18051,2c3i,51,0,18,0.54833984375,0,-640280.9217944578,-613327.228754962,-26950.478402906378,-74.13128082952146,
18052,2c3i,52,0,18,0.54833984375,0,-640281.04376063,-613327.228754962,-26950.591746255304,-74.33012785634625,
18053,2c3i,53,0,18,0.54833984375,0,-640280.8812015321,-613327.228754962,-26950.55138076672,-71.51227628493369,
18054,2c3i,54,0,18,0.54833984375,0,-640280.8653438085,-613327.228754962,-26949.74234200366,-89.80346558504725,
18055,2c3i,55,0,18,0.54833984375,0,-640267.385267145,-613327.228754962,-26950.524251138235,239.08574007208452,
18056,2c3i,56,0,18,0.54833984375,0,-640280.5448333443,-613327.228754962,-26949.934815525077,-77.97377384714255,
18057,2c3i,57,0,18,0.54833984375,0,-640255.4118048545,-613327.228754962,-26950.507466139195,514.8132686466225,
18058,2c3i,58,0,18,0.54833984375,0,-640276.1331924924,-613327.228754962,-26950.500692420897,36.81051225133172,
18059,2c3i,59,0,18,0.54833984375,0,-640280.9140877055,-613327.228754962,-26950.58005649414,-71.60937147724616,
18060,2c3i,60,0,18,0.54833984375,0,-640281.7113708756,-613327.228754962,-26950.45881482432,-92.79105748055089,
18061,2c3i,61,0,18,0.54833984375,0,-640280.0686347106,-613327.228754962,-26950.151787196875,-61.98888686319814,
18062,2c3i,62,0,18,0.54833984375,0,-640282.7279367428,-613327.228754962,-26949.95179031884,-127.92588614482182,
18063,2c3i,63,0,18,0.54833984375,0,-640278.7739797258,-613327.228754962,-26950.12841070942,-32.67250826813857,
18064,2c3i,64,0,18,0.54833984375,0,-640274.9159306451,-613327.228754962,-26950.03243443717,54.08295167350523,
18065,2c3i,65,0,18,0.54833984375,0,-640280.3045518826,-613327.228754962,-26950.59772191155,-57.14576727348045,
18066,2c3i,66,0,18,0.54833984375,0,-640263.701523474,-613327.228754962,-26950.48133349938,323.04518293048096,
18067,2c3i,67,0,18,0.54833984375,0,-640278.9231602311,-613327.228754962,-26950.255007906722,-33.19329172262137,
18068,2c3i,68,0,18,0.54833984375,0,-640281.6448682434,-613327.228754962,-26950.513335000953,-90.00020520831623,
18069,2c3i,69,0,18,0.54833984375,0,-640279.3642823428,-613327.228754962,-26950.431364329135,-39.29893356543877,
18070,2c3i,70,0,18,0.54833984375,0,-640282.2039364547,-613327.228754962,-26950.259997355497,-108.73472932715994,
18071,2c3i,71,0,18,0.54833984375,0,-640279.7013178908,-613327.228754962,-26950.596765583185,-43.25691440912282,
18072,2c3i,72,0,18,0.54833984375,0,-640279.4653518653,-613327.228754962,-26950.588995335904,-37.99459475069918,
18073,2c3i,73,0,18,0.54833984375,0,-640276.9805251448,-613327.228754962,-26950.170050723777,9.645778420377532,
18074,2c3i,74,0,18,0.54833984375,0,-640280.4716354875,-613327.228754962,-26950.539667719477,-62.337568210405394,
18075,2c3i,75,0,18,0.54833984375,0,-640279.7846383664,-613327.228754962,-26950.24278404638,-53.34133838376483,
18076,2c3i,76,0,18,0.54833984375,0,-640262.1263004642,-613327.228754962,-26950.502942060313,359.86899374479606,
18077,2c3i,77,0,18,0.54833984375,0,-640243.5674681804,-613327.228754962,-26950.07302764625,777.9317713952174,
18078,2c3i,78,0,18,0.54833984375,0,-640271.7415120546,-613327.228754962,-26950.09649888155,128.76414459796445,
18079,2c3i,79,0,18,0.54833984375,0,-640278.4328606603,-613327.228754962,-26950.466031462045,-17.020396227029348,
18080,2c3i,80,0,18,0.54833984375,0,-640238.9014663794,-613327.228754962,-26950.38373626254,892.697440013022,
18081,2c3i,81,0,18,0.54833984375,0,-640272.9710142808,-613327.228754962,-26950.490405125125,109.49484347296142,
18082,2c3i,82,0,18,0.54833984375,0,-640266.1526104735,-613327.228754962,-26950.5356646114,267.77467914894845,
18083,2c3i,83,0,18,0.54833984375,0,-640278.7318562331,-613327.228754962,-26950.468307507796,-23.862911073774267,
18084,2c3i,84,0,18,0.54833984375,0,-640229.3738031313,-613327.228754962,-26950.396930739462,1112.7148459265645,
18085,2c3i,85,0,18,0.54833984375,0,-640275.3562003978,-613327.228754962,-26950.440630317284,53.34331059936656,
18086,2c3i,86,0,18,0.54833984375,0,-640279.6380942776,-613327.228754962,-26950.46914294715,-44.74199115561188,
18087,2c3i,87,0,18,0.54833984375,0,-640274.5446871636,-613327.228754962,-26950.55772501367,74.75751820037618,
18088,2c3i,88,0,18,0.54833984375,0,-640263.047176118,-613327.228754962,-26950.55781084664,339.8984009544572,
18089,2c3i,89,0,18,0.54833984375,0,-640277.1804663523,-613327.228754962,-26950.489591782683,12.403816516081461,
18090,2c3i,90,0,18,0.54833984375,0,-640278.3524899699,-613327.228754962,-26950.507270762788,-14.21600321134559,
18091,2c3i,91,0,18,0.54833984375,0,-640281.0817288535,-613327.228754962,-26950.50820642924,-77.13217004663218,
18092,2c3i,92,0,18,0.54833984375,0,-640278.7273318256,-613327.228754962,-26950.55329223252,-21.79878145019678,
18093,2c3i,93,0,18,0.54833984375,0,-640264.2678407752,-613327.228754962,-26950.38066419227,307.6641063461533,
18094,2c3i,94,0,18,0.54833984375,0,-640269.9411169168,-613327.228754962,-26950.2745272942,174.38767551113057,
18095,2c3i,95,0,18,0.54833984375,0,-640248.7281222987,-613327.228754962,-26950.194678484335,661.7295952335467,
18096,2c3i,96,0,18,0.54833984375,0,-640274.9888798278,-613327.228754962,-26950.20133477163,56.29563779793086,
18097,2c3i,97,0,18,0.54833984375,0,-640279.2435825904,-613327.228754962,-26950.386047466516,-37.56056282838872,
18098,2c3i,98,0,18,0.54833984375,0,-640279.5481792467,-613327.228754962,-26950.52953471047,-41.275834138960754,
18099,2c3i,99,0,18,0.54833984375,0,-640280.4778003368,-613327.228754962,-26950.55729609458,-62.07321302464052,
18100,2c3i,100,0,18,0.54833984375,0,-640280.5346226671,-613327.228754962,-26950.586336211945,-62.71388607580434,
19001,5dwr,1,0,19,0.54833984375,1,-654742.3779749927,-613327.228754962,-41411.858252970844,-75.89150329407045,
19002,5dwr,2,0,19,0.54833984375,1,-654715.2562081916,-613327.228754962,-41412.16614750883,556.6515139938786,
19003,5dwr,3,0,19,0.54833984375,1,-654743.5918835436,-613327.228754962,-41411.48132332866,-112.57710353666886,
19004,5dwr,4,0,19,0.54833984375,1,-654695.74941611,-613327.228754962,-41411.80101136302,998.0685862592425,
19005,5dwr,5,0,19,0.54833984375,1,-654737.7285150829,-613327.228754962,-41412.41398297401,44.14302766317351,
19006,5dwr,6,0,19,0.54833984375,1,-654722.0573111298,-613327.228754962,-41411.746383832586,390.1343740544975,
19007,5dwr,7,0,19,0.54833984375,1,-654710.3905791509,-613327.228754962,-41412.41734877301,674.6484239818116,
19008,5dwr,8,0,19,0.54833984375,1,-654711.3917341271,-613327.228754962,-41411.59478517773,632.59247463472,
19009,5dwr,9,0,19,0.54833984375,1,-654733.1158131037,-613327.228754962,-41412.37627265006,149.64484155178698,
19010,5dwr,10,0,19,0.54833984375,1,-654716.9089423022,-613327.228754962,-41412.45885286516,525.2885058549672,
19011,5dwr,11,0,19,0.54833984375,1,-654731.8557269163,-613327.228754962,-41412.53601656957,182.3869016434124,
19012,5dwr,12,0,19,0.54833984375,1,-654730.6870050069,-613327.228754962,-41412.28751120319,203.607599248371,
19013,5dwr,13,0,19,0.54833984375,1,-654730.8691463213,-613327.228754962,-41411.80353451371,188.24655315958412,
19014,5dwr,14,0,19,0.54833984375,1,-654719.8116374447,-613327.228754962,-41412.41462679384,457.3308882522591,
19015,5dwr,15,0,19,0.54833984375,1,-654682.1384310493,-613327.228754962,-41393.98859126068,901.1811925238602,
19016,5dwr,16,0,19,0.54833984375,1,-654735.7170708806,-613327.228754962,-41411.64221615661,72.73066729159903,
19017,5dwr,17,0,19,0.54833984375,1,-654733.429900805,-613327.228754962,-41411.82357181118,129.6562229629172,
19018,5dwr,18,0,19,0.54833984375,1,-654735.8588330523,-613327.228754962,-41411.92203846082,75.9144095796092,
19019,5dwr,19,0,19,0.54833984375,1,-654736.0048856153,-613327.228754962,-41411.800670788594,69.74755245475725,
19020,5dwr,20,0,19,0.54833984375,1,-654743.3394325002,-613327.228754962,-41412.29871415369,-87.90596395728974,
19021,5dwr,21,0,19,0.54833984375,1,-654722.8452460504,-613327.228754962,-41393.929947781966,-38.892612586684,
19022,5dwr,22,0,19,0.54833984375,1,-654728.3431859006,-613327.228754962,-41411.64583795652,242.8600152601921,
19023,5dwr,23,0,19,0.54833984375,1,-654727.8580573767,-613327.228754962,-41411.71931062469,255.74166476811072,
19024,5dwr,24,0,19,0.54833984375,1,-654722.3932024419,-613327.228754962,-41397.393744801346,51.408817510300636,
19025,5dwr,25,0,19,0.54833984375,1,-654701.3190459032,-613327.228754962,-41411.60141414838,865.0270508999082,
19026,5dwr,26,0,19,0.54833984375,1,-654735.1958468917,-613327.228754962,-41408.53524480375,13.101916526036176,
19027,5dwr,27,0,19,0.54833984375,1,-654741.322069734,-613327.228754962,-41411.8450805656,-51.84551245119336,
19028,5dwr,28,0,19,0.54833984375,1,-654740.7353268198,-613327.228754962,-41411.544868667064,-45.2379502603785,
19029,5dwr,29,0,19,0.54833984375,1,-654741.3138329374,-613327.228754962,-41412.288488281505,-41.43034256831286,
19030,5dwr,30,0,19,0.54833984375,1,-654734.942817746,-613327.228754962,-41411.760744231644,93.31869107905064,
19031,5dwr,31,0,19,0.54833984375,1,-654728.2586184101,-613327.228754962,-41412.43324577053,262.9682434769161,
19032,5dwr,32,0,19,0.54833984375,1,-654719.6415830867,-613327.228754962,-41412.29965534411,458.6011302922598,
19033,5dwr,33,0,19,0.54833984375,1,-654736.8966354482,-613327.228754962,-41411.62329614047,45.09295622325679,
19034,5dwr,34,0,19,0.54833984375,1,-654733.3939349125,-613327.228754962,-41411.59997722858,125.3294025800782,
19035,5dwr,35,0,19,0.54833984375,1,-654742.2074678619,-613327.228754962,-41411.545006979446,-79.18313961628358,
19036,5dwr,36,0,19,0.54833984375,1,-654716.0831554292,-613327.228754962,-41406.3278938143,402.9483290977322,
19037,5dwr,37,0,19,0.54833984375,1,-654701.2170011583,-613327.228754962,-41411.41953881831,863.1861138717159,
19038,5dwr,38,0,19,0.54833984375,1,-654729.8610353466,-613327.228754962,-41411.624760112,207.37150886823176,
19039,5dwr,39,0,19,0.54833984375,1,-654718.1746741144,-613327.228754962,-41394.02471705572,70.9987663087954,
19040,5dwr,40,0,19,0.54833984375,1,-654714.7470788942,-613327.228754962,-41411.80396454313,560.0401769056883,
19041,5dwr,41,0,19,0.54833984375,1,-654741.8705757938,-613327.228754962,-41411.46989556749,-73.14633427290994,
19042,5dwr,42,0,19,0.54833984375,1,-654725.7293970021,-613327.228754962,-41411.50051610436,299.7842176494331,
19043,5dwr,43,0,19,0.54833984375,1,-654737.2759483611,-613327.228754962,-41411.655883715815,37.097279991775,
19044,5dwr,44,0,19,0.54833984375,1,-654742.7210598808,-613327.228754962,-41411.731049798254,-86.73660361100774,
19045,5dwr,45,0,19,0.54833984375,1,-654737.1897669669,-613327.228754962,-41411.60046419904,37.806665739486164,
19046,5dwr,46,0,19,0.54833984375,1,-654717.6870043982,-613327.228754962,-41411.49647932078,485.15310652423886,
19047,5dwr,47,0,19,0.54833984375,1,-654738.3907386578,-613327.228754962,-41411.729329895184,13.08331416713718,
19048,5dwr,48,0,19,0.54833984375,1,-654727.6759439693,-613327.228754962,-41411.775520402676,261.2375279840908,
19049,5dwr,49,0,19,0.54833984375,1,-654732.1500787059,-613327.228754962,-41412.460150217266,173.84946847622436,
19050,5dwr,50,0,19,0.54833984375,1,-654735.9957076818,-613327.228754962,-41412.41531153513,84.1331529647986,
19051,5dwr,51,0,19,0.54833984375,1,-654737.4496635186,-613327.228754962,-41411.878623306155,38.22781027164611,
19052,5dwr,52,0,19,0.54833984375,1,-654734.3460367097,-613327.228754962,-41411.71894787287,106.1169417788612,
19053,5dwr,53,0,19,0.54833984375,1,-654717.0948522664,-613327.228754962,-41411.61899188325,501.63366589033785,
19054,5dwr,54,0,19,0.54833984375,1,-654724.5959411594,-613327.228754962,-41411.40078370404,323.62244653687793,
19055,5dwr,55,0,19,0.54833984375,1,-654740.5924816251,-613327.228754962,-41412.37233368909,-22.862065097703272,
19056,5dwr,56,0,19,0.54833984375,1,-654721.244291015,-613327.228754962,-41412.6517243541,429.76071169822177,
19057,5dwr,57,0,19,0.54833984375,1,-654723.0293899645,-613327.228754962,-41411.87946190176,370.78655676933045,
19058,5dwr,58,0,19,0.54833984375,1,-654735.1323577696,-613327.228754962,-41408.51961586646,14.205598606649756,
19059,5dwr,59,0,19,0.54833984375,1,-654732.9574621883,-613327.228754962,-41412.37351133234,153.23282291149167,
19060,5dwr,60,0,19,0.54833984375,1,-654713.5409356888,-613327.228754962,-41412.225336771386,597.5715744087158,
19061,5dwr,61,0,19,0.54833984375,1,-654722.3040543534,-613327.228754962,-41412.374049513935,398.9186546105034,
19062,5dwr,62,0,19,0.54833984375,1,-654719.9699017233,-613327.228754962,-41412.48092781476,455.2101651482617,
19063,5dwr,63,0,19,0.54833984375,1,-654730.3922150091,-613327.228754962,-41411.76521803869,198.36125159237946,
19064,5dwr,64,0,19,0.54833984375,1,-654714.490968599,-613327.228754962,-41411.804518900986,565.9590044137022,
19065,5dwr,65,0,19,0.54833984375,1,-654715.8941505546,-613327.228754962,-41412.226010681356,543.3206911736928,
19066,5dwr,66,0,19,0.54833984375,1,-654743.2664553778,-613327.228754962,-41411.69373077028,-100.17431978570667,
19067,5dwr,67,0,19,0.54833984375,1,-654742.8982464611,-613327.228754962,-41411.92126223327,-86.43622026432917,
19068,5dwr,68,0,19,0.54833984375,1,-654711.2943104086,-613327.228754962,-41411.74760275312,638.3631759600353,
19069,5dwr,69,0,19,0.54833984375,1,-654728.650047937,-613327.228754962,-41412.458335338335,254.520243329112,
19070,5dwr,70,0,19,0.54833984375,1,-654695.8056962672,-613327.228754962,-41411.773390375565,996.1337799002993,
19071,5dwr,71,0,19,0.54833984375,1,-654738.2946294068,-613327.228754962,-41412.43085546922,31.477210201789287,
19072,5dwr,72,0,19,0.54833984375,1,-654736.8521289516,-613327.228754962,-41411.623289959636,46.1191578842864,
19073,5dwr,73,0,19,0.54833984375,1,-654737.1572061791,-613327.228754962,-41411.684312457604,40.491122119915204,
19074,5dwr,74,0,19,0.54833984375,1,-654738.1670506969,-613327.228754962,-41412.43186546553,34.44253621084574,
19075,5dwr,75,0,19,0.54833984375,1,-654722.7681579728,-613327.228754962,-41411.733511822524,373.4450208256609,
19076,5dwr,76,0,19,0.54833984375,1,-654736.3191416541,-613327.228754962,-41411.801721890275,62.52487502269609,
19077,5dwr,77,0,19,0.54833984375,1,-654710.0652036004,-613327.228754962,-41411.62079504931,663.7827971803881,
19078,5dwr,78,0,19,0.54833984375,1,-654701.5568554758,-613327.228754962,-41411.825462869456,864.7097181250385,
19079,5dwr,79,0,19,0.54833984375,1,-654724.4382642928,-613327.228754962,-41412.46242768814,351.7406533358538,
19080,5dwr,80,0,19,0.54833984375,1,-654739.475552598,-613327.228754962,-41411.54549114339,-16.17251191752212,
19081,5dwr,81,0,19,0.54833984375,1,-654728.4826473793,-613327.228754962,-41412.316361772115,255.1066036814943,
19082,5dwr,82,0,19,0.54833984375,1,-654712.3128161555,-613327.228754962,-41411.69140614177,613.5799508250681,
19083,5dwr,83,0,19,0.54833984375,1,-654728.0350785597,-613327.228754962,-41411.42801126902,244.9419365869305,
19084,5dwr,84,0,19,0.54833984375,1,-654734.1409573517,-613327.228754962,-41411.01695682648,94.65788602288256,
19085,5dwr,85,0,19,0.54833984375,1,-654715.7878868881,-613327.228754962,-41411.39334243607,526.5694036383077,
19086,5dwr,86,0,19,0.54833984375,1,-654713.9481515273,-613327.228754962,-41411.123319549864,562.7678332393135,
19087,5dwr,87,0,19,0.54833984375,1,-654737.0969532409,-613327.228754962,-41410.39486112571,12.145133768439969,
19088,5dwr,88,0,19,0.54833984375,1,-654741.508380989,-613327.228754962,-41410.63367680769,-84.07758635956702,
19089,5dwr,89,0,19,0.54833984375,1,-654736.6947391205,-613327.228754962,-41411.48670776269,46.59899332536725,
19090,5dwr,90,0,19,0.54833984375,1,-654742.4587248499,-613327.228754962,-41410.41738277308,-110.98089534987551,
19091,5dwr,91,0,19,0.54833984375,1,-654745.6120021065,-613327.228754962,-41411.225381232085,-165.06430923886987,
19092,5dwr,92,0,19,0.54833984375,1,-654744.249131577,-613327.228754962,-41410.337837391475,-154.10301539394027,
19093,5dwr,93,0,19,0.54833984375,1,-654740.2786425593,-613327.228754962,-41411.04929571152,-46.134744872219215,
19094,5dwr,94,0,19,0.54833984375,1,-654740.2718117263,-613327.228754962,-41410.98704680245,-47.41271606519076,
19095,5dwr,95,0,19,0.54833984375,1,-654735.8199535395,-613327.228754962,-41410.963640044174,54.70979991653078,
19096,5dwr,96,0,19,0.54833984375,1,-654724.7266506215,-613327.228754962,-41410.98461013456,311.011024229365,
19097,5dwr,97,0,19,0.54833984375,1,-654744.4832439915,-613327.228754962,-41411.200322692566,-139.61239238795693,
19098,5dwr,98,0,19,0.54833984375,1,-654730.2189100768,-613327.228754962,-41410.75623357829,179.0900238639024,
19099,5dwr,99,0,19,0.54833984375,1,-654741.7505331631,-613327.228754962,-41411.80304994821,-62.695362914231694,
19100,5dwr,100,0,19,0.54833984375,1,-654740.4040789275,-613327.228754962,-41410.131012901606,-70.20348090007224,
20001,4k18,1,0,20,0.54833984375,0,-649576.485723732,-613327.228754962,-36247.519103996594,-40.07611373165696,
20002,4k18,2,0,20,0.54833984375,0,-649576.9242997258,-613327.228754962,-36247.34234738591,-54.26602068817995,
20003,4k18,3,0,20,0.54833984375,0,-649577.511437033,-613327.228754962,-36246.763513017104,-81.15396629081322,
20004,4k18,4,0,20,0.54833984375,0,-649562.3087481584,-613327.228754962,-36247.349196191295,282.9345425070318,
20005,4k18,5,0,20,0.54833984375,0,-649564.409246231,-613327.228754962,-36246.862739038595,223.27793779902834,
20006,4k18,6,0,20,0.54833984375,0,-649551.7010715093,-613327.228754962,-36246.93803038054,518.0716684004402,
20007,4k18,7,0,20,0.54833984375,0,-649551.9913253546,-613327.228754962,-36247.60247604282,526.700736694318,
20008,4k18,8,0,20,0.54833984375,0,-649539.4934414626,-613327.228754962,-36247.07207859797,802.6775303193201,
20009,4k18,9,0,20,0.54833984375,0,-649566.8699798083,-613327.228754962,-36246.94695128658,168.47405401218558,
20010,4k18,10,0,20,0.54833984375,0,-649553.5752482362,-613327.228754962,-36247.54548876205,488.8604494085148,
20011,4k18,11,0,20,0.54833984375,0,-649576.1778444786,-613327.228754962,-36247.51003210727,-33.18545222012915,
20012,4k18,12,0,20,0.54833984375,0,-649533.5000188305,-613327.228754962,-36246.82976983063,935.301366676967,
20013,4k18,13,0,20,0.54833984375,0,-649575.0467809073,-613327.228754962,-36246.00712740457,-41.760312415757504,
20014,4k18,14,0,20,0.54833984375,0,-649573.3455581509,-613327.228754962,-36246.89892925194,18.036255485738334,
20015,4k18,15,0,20,0.54833984375,0,-649574.1139330636,-613327.228754962,-36247.049269740135,3.7840430790819335,
20016,4k18,16,0,20,0.54833984375,0,-649540.7623967957,-613327.228754962,-36247.03266801102,772.5058954414147,
20017,4k18,17,0,20,0.54833984375,0,-649565.6852980444,-613327.228754962,-36246.372891188184,182.55532413793279,
20018,4k18,18,0,20,0.54833984375,0,-649578.1652155096,-613327.228754962,-36247.291398683075,-84.05712347277742,
20019,4k18,19,0,20,0.54833984375,0,-649559.6353330107,-613327.228754962,-36247.28594181016,343.12627970994754,
20020,4k18,20,0,20,0.54833984375,0,-649563.2748846374,-613327.228754962,-36246.783909110025,247.61907624529277,
20021,4k18,21,0,20,0.54833984375,0,-649571.0236259724,-613327.228754962,-36246.96651254123,73.1397912216709,
20022,4k18,22,0,20,0.54833984375,0,-649576.2803459335,-613327.228754962,-36247.0938201716,-45.14726717327239,
20023,4k18,23,0,20,0.54833984375,0,-649565.1557680089,-613327.228754962,-36246.68625404289,201.99289594745886,
20024,4k18,24,0,20,0.54833984375,0,-649555.5648314654,-613327.228754962,-36247.56866561109,443.51404102487965,
20025,4k18,25,0,20,0.54833984375,0,-649574.8436314152,-613327.228754962,-36247.12831984927,-11.220261836890767,
20026,4k18,26,0,20,0.54833984375,0,-649575.9077854016,-613327.228754962,-36247.533395796614,-26.418962480612873,
20027,4k18,27,0,20,0.54833984375,0,-649561.901251388,-613327.228754962,-36246.838428176576,280.5530510373749,
20028,4k18,28,0,20,0.54833984375,0,-649575.2314804898,-613327.228754962,-36247.26798612461,-16.943493151633092,
20029,4k18,29,0,20,0.54833984375,0,-649574.2382604715,-613327.228754962,-36247.04185953776,0.7461016159247517,
20030,4k18,30,0,20,0.54833984375,0,-649577.4701373331,-613327.228754962,-36246.90741722738,-76.88306266388122,
20031,4k18,31,0,20,0.54833984375,0,-649567.1777940767,-613327.228754962,-36246.817669996424,158.39439097758668,
20032,4k18,32,0,20,0.54833984375,0,-649578.5492586752,-613327.228754962,-36247.51857167214,-87.6746356819708,
20033,4k18,33,0,20,0.54833984375,0,-649576.8905128607,-613327.228754962,-36247.421555915564,-51.66028498351118,
20034,4k18,34,0,20,0.54833984375,0,-649576.8157911996,-613327.228754962,-36247.08524977134,-57.69256646681699,
20035,4k18,35,0,20,0.54833984375,0,-649560.5740363705,-613327.228754962,-36246.68854420095,307.7029498414422,
20036,4k18,36,0,20,0.54833984375,0,-649578.7455686379,-613327.228754962,-36246.62742393145,-112.75200606376657,
20037,4k18,37,0,20,0.54833984375,0,-649572.4887821833,-613327.228754962,-36246.68716083776,32.910483023400204,
20038,4k18,38,0,20,0.54833984375,0,-649574.8347736401,-613327.228754962,-36246.966885677335,-14.73875713585215,
20039,4k18,39,0,20,0.54833984375,0,-649579.1496994947,-613327.228754962,-36247.08824818801,-111.44462520822677,
20040,4k18,40,0,20,0.54833984375,0,-649578.7774978129,-613327.228754962,-36247.121877607875,-102.08593767632729,
20041,4k18,41,0,20,0.54833984375,0,-649573.0402468431,-613327.228754962,-36246.958428165286,26.448979039038257,
20042,4k18,42,0,20,0.54833984375,0,-649578.7533440762,-613327.228754962,-36246.81468760049,-108.61290913533863,
20043,4k18,43,0,20,0.54833984375,0,-649577.2979658159,-613327.228754962,-36247.17236049614,-66.80295623318246,
20044,4k18,44,0,20,0.54833984375,0,-649562.5295971818,-613327.228754962,-36246.92337291567,268.02192502384554,
20045,4k18,45,0,20,0.54833984375,0,-649576.3952494619,-613327.228754962,-36246.958043923485,-50.928080148789505,
20046,4k18,46,0,20,0.54833984375,0,-649576.938852011,-613327.228754962,-36247.54079773641,-50.02523055726321,
20047,4k18,47,0,20,0.54833984375,0,-649577.7914033042,-613327.228754962,-36247.03358738116,-81.38207908986604,
20048,4k18,48,0,20,0.54833984375,0,-649572.5088841529,-613327.228754962,-36247.17465356721,43.68876999646571,
20049,4k18,49,0,20,0.54833984375,0,-649556.8874909391,-613327.228754962,-36246.95621645449,398.88937589723963,
20050,4k18,50,0,20,0.54833984375,0,-649547.3034297978,-613327.228754962,-36247.07001253072,622.5272761179118,
20051,4k18,51,0,20,0.54833984375,0,-649579.5545882916,-613327.228754962,-36247.515005821595,-110.94031785278462,
20052,4k18,52,0,20,0.54833984375,0,-649564.6544512451,-613327.228754962,-36247.07611379899,222.54391471032616,
20053,4k18,53,0,20,0.54833984375,0,-649568.0275317949,-613327.228754962,-36247.064278973696,144.4859118012461,
20054,4k18,54,0,20,0.54833984375,0,-649576.1998987197,-613327.228754962,-36246.97663382397,-45.99449172519733,
20055,4k18,55,0,20,0.54833984375,0,-649575.3521075369,-613327.228754962,-36247.12316228262,-23.06493607437108,
20056,4k18,56,0,20,0.54833984375,0,-649573.4146278894,-613327.228754962,-36247.0833919368,20.69728004462792,
20057,4k18,57,0,20,0.54833984375,0,-649561.4135744062,-613327.228754962,-36247.17649061097,299.5950543409354,
20058,4k18,58,0,20,0.54833984375,0,-649575.8263694539,-613327.228754962,-36246.93938613761,-38.23965427916392,
20059,4k18,59,0,20,0.54833984375,0,-649571.0156495068,-613327.228754962,-36247.56498200504,87.12476658410758,
20060,4k18,60,0,20,0.54833984375,0,-649576.3536147698,-613327.228754962,-36247.51026449703,-37.233452390596774,
20061,4k18,61,0,20,0.54833984375,0,-649579.4648788144,-613327.228754962,-36247.599943562076,-106.91285733712063,
20062,4k18,62,0,20,0.54833984375,0,-649566.0703342021,-613327.228754962,-36246.88140429567,185.40277024235402,
20063,4k18,63,0,20,0.54833984375,0,-649577.9761318158,-613327.228754962,-36247.02718826236,-85.7895869526663,
20064,4k18,64,0,20,0.54833984375,0,-649570.379613764,-613327.228754962,-36247.3820237517,97.57298170126268,
20065,4k18,65,0,20,0.54833984375,0,-649578.370892063,-613327.228754962,-36247.025286334814,-94.9368340059908,
20066,4k18,66,0,20,0.54833984375,0,-649571.5862975419,-613327.228754962,-36247.0799550764,62.78032359070729,
20067,4k18,67,0,20,0.54833984375,0,-649579.0714538767,-613327.228754962,-36247.47196728038,-100.79146590805186,
20068,4k18,68,0,20,0.54833984375,0,-649566.258876893,-613327.228754962,-36246.89363168799,181.3368428678476,
20069,4k18,69,0,20,0.54833984375,0,-649575.0411006676,-613327.228754962,-36247.64481174922,-3.863424813868771,
20070,4k18,70,0,20,0.54833984375,0,-649545.6024816179,-613327.228754962,-36247.08251086605,662.0402914356584,
20071,4k18,71,0,20,0.54833984375,0,-649558.5349332284,-613327.228754962,-36247.56509523944,374.93953253055747,
20072,4k18,72,0,20,0.54833984375,0,-649551.1570783892,-613327.228754962,-36246.960551753786,531.1358029706163,
20073,4k18,73,0,20,0.54833984375,0,-649576.2904971924,-613327.228754962,-36246.87608768274,-50.402391238411305,
20074,4k18,74,0,20,0.54833984375,0,-649573.3047268647,-613327.228754962,-36246.82667466045,17.311616851721073,
20075,4k18,75,0,20,0.54833984375,0,-649550.7443614777,-613327.228754962,-36245.146313135956,498.81594462669403,
20076,4k18,76,0,20,0.54833984375,0,-649575.9533249672,-613327.228754962,-36247.334800023054,-32.04885714684535,
20077,4k18,77,0,20,0.54833984375,0,-649575.4127099538,-613327.228754962,-36247.52425290393,-15.213091552770914,
20078,4k18,78,0,20,0.54833984375,0,-649572.411733362,-613327.228754962,-36247.1018215263,44.24957369288948,
20079,4k18,79,0,20,0.54833984375,0,-649574.7124910802,-613327.228754962,-36247.08599259708,-9.172183492770815,
20080,4k18,80,0,20,0.54833984375,0,-649560.1983451259,-613327.228754962,-36247.0349989642,324.3560323963445,
20081,4k18,81,0,20,0.54833984375,0,-649549.1294593051,-613327.228754962,-36247.102590390554,581.1692986190092,
20082,4k18,82,0,20,0.54833984375,0,-649576.12702313,-613327.228754962,-36246.36060274601,-58.51995484134007,
20083,4k18,83,0,20,0.54833984375,0,-649568.8789642836,-613327.228754962,-36247.58345534826,136.82390378760752,
20084,4k18,84,0,20,0.54833984375,0,-649576.7373608238,-613327.228754962,-36246.88813229485,-60.4295560295825,
20085,4k18,85,0,20,0.54833984375,0,-649574.9869337819,-613327.228754962,-36247.01681765487,-17.09619460602065,
20086,4k18,86,0,20,0.54833984375,0,-649573.2789996538,-613327.228754962,-36247.33645345778,29.660678768411735,
20087,4k18,87,0,20,0.54833984375,0,-649576.0385890289,-613327.228754962,-36247.1256635351,-38.837895103329565,
20088,4k18,88,0,20,0.54833984375,0,-649574.4155168525,-613327.228754962,-36246.4764372855,-16.380474529772126,
20089,4k18,89,0,20,0.54833984375,0,-649576.1157294865,-613327.228754962,-36246.3255572419,-59.06768575896102,
20090,4k18,90,0,20,0.54833984375,0,-649561.8555072271,-613327.228754962,-36245.52478117369,251.31451690496598,
20091,4k18,91,0,20,0.54833984375,0,-649548.5465163249,-613327.228754962,-36245.77066452025,563.897342858009,
20092,4k18,92,0,20,0.54833984375,0,-649577.565569742,-613327.228754962,-36246.19220995995,-95.57685769233433,
20093,4k18,93,0,20,0.54833984375,0,-649574.5922214888,-613327.228754962,-36246.17160594712,-27.484957906188523,
20094,4k18,94,0,20,0.54833984375,0,-649575.8056304015,-613327.228754962,-36245.825065056815,-63.45825495059903,
20095,4k18,95,0,20,0.54833984375,0,-649576.9188887951,-613327.228754962,-36246.26842429553,-78.90649645348702,
20096,4k18,96,0,20,0.54833984375,0,-649576.5953626797,-613327.228754962,-36246.187201138935,-73.3188574826867,
20097,4k18,97,0,20,0.54833984375,0,-649581.0553536714,-613327.228754962,-36247.529472139075,-145.21518847158364,
20098,4k18,98,0,20,0.54833984375,0,-649578.0256830137,-613327.228754962,-36247.45838137179,-76.98871539778351,
20099,4k18,99,0,20,0.54833984375,0,-649576.067992329,-613327.228754962,-36246.97049470968,-43.09422943299339,
20100,4k18,100,0,20,0.54833984375,0,-649565.1987213067,-613327.228754962,-36247.34906093389,216.28705938037703,
