mol_id,ligand_pdb,pose_index,label,ligunity_rank,ligunity_score,formal_charge,aimnet_complex_eV,aimnet_pocket_eV,aimnet_ligand_eV,aimnet_interaction_kcal_mol,error
1001,3gnw,1,1,1,0.72021484375,0,-885254.9124012305,-821191.9559711263,-64074.25937819998,260.6521751895141,
1002,3gnw,2,1,1,0.72021484375,0,-885257.726733641,-821191.9559711263,-64074.24693438919,195.4651669329446,
1003,3gnw,3,1,1,0.72021484375,0,-885253.0030730679,-821191.9559711263,-64074.17029637613,302.628052949271,
1004,3gnw,4,1,1,0.72021484375,0,-885258.2917824852,-821191.9559711263,-64073.94756377251,175.5311806094655,
1005,3gnw,5,1,1,0.72021484375,0,-885241.411048369,-821191.9559711263,-64073.58315903466,556.4067842247822,
1006,3gnw,6,1,1,0.72021484375,0,-885241.8887830835,-821191.9559711263,-64073.766482090075,549.6174900783253,
1007,3gnw,7,1,1,0.72021484375,0,-885272.8778956247,-821191.9559711263,-64074.057706897576,-158.29261830352274,
1008,3gnw,8,1,1,0.72021484375,0,-885267.1297378857,-821191.9559711263,-64073.80689836056,-31.52073408818223,
1009,3gnw,9,1,1,0.72021484375,0,-885241.4873674973,-821191.9559711263,-64073.468679463076,552.0068616807375,
1010,3gnw,10,1,1,0.72021484375,0,-885254.8072638523,-821191.9559711263,-64074.09329617532,259.2467582550016,
1011,3gnw,11,1,1,0.72021484375,0,-885245.6394878488,-821191.9559711263,-64074.200438981374,473.13146708734797,
1012,3gnw,12,1,1,0.72021484375,0,-885256.0287741292,-821191.9559711263,-64073.67081746967,221.33547168992524,
1013,3gnw,13,1,1,0.72021484375,0,-885254.2147675022,-821191.9559711263,-64074.04524603995,271.80198623261265,
1014,3gnw,14,1,1,0.72021484375,0,-885236.9020540132,-821191.9559711263,-64074.02114210041,670.4867936715214,
1015,3gnw,15,1,1,0.72021484375,0,-885227.9271846726,-821191.9559711263,-64073.6916341535,869.8535636050414,
1016,3gnw,16,1,1,0.72021484375,0,-885221.0223606395,-821191.9559711263,-64074.04206786076,1037.1637817484534,
1017,3gnw,17,1,1,0.72021484375,0,-885232.5023980602,-821191.9559711263,-64074.01641801508,771.8363302193601,
1018,3gnw,18,1,1,0.72021484375,0,-885243.9208689495,-821191.9559711263,-64073.96618518742,507.3617395984374,
1019,3gnw,19,1,1,0.72021484375,0,-885221.27141595,-821191.9559711263,-64067.81464028867,887.812538460216,
1020,3gnw,20,1,1,0.72021484375,0,-885245.5997289735,-821191.9559711263,-64067.42838517339,317.88105778435767,
1021,3gnw,21,1,1,0.72021484375,0,-885209.0714721843,-821191.9559711263,-64072.01009509485,1265.8994114305417,
1022,3gnw,22,1,1,0.72021484375,0,-885249.2354020786,-821191.9559711263,-64073.576152359565,375.8113234951379,
1023,3gnw,23,1,1,0.72021484375,0,-885220.6658107948,-821191.9559711263,-64072.459581976254,1008.8930250658223,
1024,3gnw,24,1,1,0.72021484375,0,-885224.4898508061,-821191.9559711263,-64059.266710465265,616.4737229773394,
1025,3gnw,25,1,1,0.72021484375,0,-885242.7598474785,-821191.9559711263,-64073.04496989163,512.8918013724513,
1026,3gnw,26,1,1,0.72021484375,0,-885227.1016911876,-821191.9559711263,-64073.4352172664,882.9767817093979,
1027,3gnw,27,1,1,0.72021484375,0,-885247.1806930912,-821191.9559711263,-64071.21976537021,368.8544635006391,
1028,3gnw,28,1,1,0.72021484375,0,-885257.1496826281,-821191.9559711263,-64074.03996411474,203.99943150287422,
1029,3gnw,29,1,1,0.72021484375,0,-885256.805221857,-821191.9559711263,-64056.09396744292,-201.9016290287426,
1030,3gnw,30,1,1,0.72021484375,0,-885238.9197892409,-821191.9559711263,-64068.447175269444,495.4179852315572,
1031,3gnw,31,1,1,0.72021484375,0,-885261.3942721498,-821191.9559711263,-64068.638629381974,-18.44086613692982,
1032,3gnw,32,1,1,0.72021484375,0,-885242.933185162,-821191.9559711263,-64068.40437311442,401.8798354867394,
1033,3gnw,33,1,1,0.72021484375,0,-885229.6628074958,-821191.9559711263,-64072.96989334138,813.185411954603,
1034,3gnw,34,1,1,0.72021484375,0,-885237.237956987,-821191.9559711263,-64066.96629733356,500.0521018946396,
1035,3gnw,35,1,1,0.72021484375,0,-885224.0435667795,-821191.9559711263,-64061.551381563266,679.4510442516163,
1036,3gnw,36,1,1,0.72021484375,0,-885235.5389446187,-821191.9559711263,-64073.11664546044,681.0626550343484,
1037,3gnw,37,1,1,0.72021484375,0,-885256.0930819674,-821191.9559711263,-64070.24892613809,140.9418089879007,
1038,3gnw,38,1,1,0.72021484375,0,-885251.1061486464,-821191.9559711263,-64071.04394129427,274.2767083999769,
1039,3gnw,39,1,1,0.72021484375,0,-885254.94199741,-821191.9559711263,-64071.348160555084,192.83539733124832,
1040,3gnw,40,1,1,0.72021484375,0,-885255.9939327259,-821191.9559711263,-64063.81031659753,-5.249618457020454,
1041,3gnw,41,1,1,0.72021484375,0,-885253.8941540582,-821191.9559711263,-64073.1064660302,257.54672657518427,
1042,3gnw,42,1,1,0.72021484375,0,-885233.2899255767,-821191.9559711263,-64072.161878769715,710.9088232859992,
1043,3gnw,43,1,1,0.72021484375,0,-885235.2822525215,-821191.9559711263,-64072.61259517588,675.3584397228487,
1044,3gnw,44,1,1,0.72021484375,0,-885261.9508842108,-821191.9559711263,-64072.36552843968,54.66768878770666,
1045,3gnw,45,1,1,0.72021484375,0,-885245.4981638358,-821191.9559711263,-64067.30653501074,317.4132739944544,
1046,3gnw,46,1,1,0.72021484375,0,-885235.7834164663,-821191.9559711263,-64069.372589772065,589.0850250158563,
1047,3gnw,47,1,1,0.72021484375,0,-885223.8632726085,-821191.9559711263,-64065.007144933064,763.300523085526,
1048,3gnw,48,1,1,0.72021484375,0,-885254.3000806741,-821191.9559711263,-64074.00713664801,268.95579429446053,
1049,3gnw,49,1,1,0.72021484375,0,-885251.7851334377,-821191.9559711263,-64072.066487734635,282.19942824157573,
1050,3gnw,50,1,1,0.72021484375,0,-885177.5944917216,-821191.9559711263,-64061.94577989491,1759.6872029027845,
1051,3gnw,51,1,1,0.72021484375,0,-885233.6464640212,-821191.9559711263,-64066.44781351598,570.9173763415599,
1052,3gnw,52,1,1,0.72021484375,0,-885218.6109119374,-821191.9559711263,-64061.22826323421,797.2797554014953,
1053,3gnw,53,1,1,0.72021484375,0,-885243.2131293727,-821191.9559711263,-64057.984923069795,155.145942504039,
1054,3gnw,54,1,1,0.72021484375,0,-885253.7721523358,-821191.9559711263,-64071.53668827327,224.16021808147948,
1055,3gnw,55,1,1,0.72021484375,0,-885248.997048871,-821191.9559711263,-64073.187561606544,372.34676339281157,
1056,3gnw,56,1,1,0.72021484375,0,-885239.3087946795,-821191.9559711263,-64066.915919756095,451.1357157032125,
1057,3gnw,57,1,1,0.72021484375,0,-885252.8124748183,-821191.9559711263,-64073.59076262029,293.65898710354514,
1058,3gnw,58,1,1,0.72021484375,0,-885241.5008467897,-821191.9559711263,-64065.12549692901,359.2976619273612,
1059,3gnw,59,1,1,0.72021484375,0,-885238.435970695,-821191.9559711263,-64067.79456878223,491.5256428384744,
1060,3gnw,60,1,1,0.72021484375,0,-885232.8050535343,-821191.9559711263,-64056.44941908638,359.7523101453064,
1061,3gnw,61,1,1,0.72021484375,0,-885245.7277815653,-821191.9559711263,-64071.70036113771,413.4422009223876,
1062,3gnw,62,1,1,0.72021484375,0,-885232.682522641,-821191.9559711263,-64073.22595304759,749.4540035157503,
1063,3gnw,63,1,1,0.72021484375,0,-885213.8631266516,-821191.9559711263,-64071.22993982353,1137.4104264488171,
1064,3gnw,64,1,1,0.72021484375,0,-885231.4794079086,-821191.9559711263,-64069.55208862344,692.4771620715593,
1065,3gnw,65,1,1,0.72021484375,0,-885264.92320946,-821191.9559711263,-64073.866957907994,20.74802627811729,
1066,3gnw,66,1,1,0.72021484375,0,-885251.876572208,-821191.9559711263,-64073.11792752655,304.33757771817017,
1067,3gnw,67,1,1,0.72021484375,0,-885248.2923169001,-821191.9559711263,-64065.741286521334,216.88308595327592,
1068,3gnw,68,1,1,0.72021484375,0,-885245.1737913805,-821191.9559711263,-64066.87803400071,315.01201247885245,
1069,3gnw,69,1,1,0.72021484375,0,-885229.4773069485,-821191.9559711263,-64060.33496285002,526.0947372654297,
1070,3gnw,70,1,1,0.72021484375,0,-885260.215516822,-821191.9559711263,-64071.28568694504,69.78447502450346,
1071,3gnw,71,1,1,0.72021484375,0,-885251.7696058017,-821191.9559711263,-64073.708423083146,320.4214326744176,
1072,3gnw,72,1,1,0.72021484375,0,-885265.2755931633,-821191.9559711263,-64070.993354832244,-53.644996142092985,
1073,3gnw,73,1,1,0.72021484375,0,-885259.3040191098,-821191.9559711263,-64069.02954024585,38.77613274313229,
1074,3gnw,74,1,1,0.72021484375,0,-885236.0879309191,-821191.9559711263,-64073.08075958999,667.5751823619057,
1075,3gnw,75,1,1,0.72021484375,0,-885214.9472687852,-821191.9559711263,-64069.38562828811,1069.8786805448558,
1076,3gnw,76,1,1,0.72021484375,0,-885243.5271026063,-821191.9559711263,-64061.24493676932,223.08324958013029,
1077,3gnw,77,1,1,0.72021484375,0,-885217.7502976372,-821191.9559711263,-64073.121000980456,1091.3790402702043,
1078,3gnw,78,1,1,0.72021484375,0,-885255.5439885422,-821191.9559711263,-64073.84915841134,236.62753272359478,
1079,3gnw,79,1,1,0.72021484375,0,-885253.3647322815,-821191.9559711263,-64071.44109547647,231.35112546814298,
1080,3gnw,80,1,1,0.72021484375,0,-885254.2145470846,-821191.9559711263,-64071.34758067639,209.59742803384023,
1081,3gnw,81,1,1,0.72021484375,0,-885259.1870915755,-821191.9559711263,-64074.02088887008,156.57577942987513,
1082,3gnw,82,1,1,0.72021484375,0,-885237.0263270448,-821191.9559711263,-64070.98007432135,597.4923005069725,
1083,3gnw,83,1,1,0.72021484375,0,-885247.0032099946,-821191.9559711263,-64071.54702136435,380.4940234446799,
1084,3gnw,84,1,1,0.72021484375,0,-885251.836647259,-821191.9559711263,-64071.204357420516,261.13029395806086,
1085,3gnw,85,1,1,0.72021484375,0,-885253.6067395075,-821191.9559711263,-64073.75601694505,279.1536635083669,
1086,3gnw,86,1,1,0.72021484375,0,-885256.4675058734,-821191.9559711263,-64073.69047722729,211.67144209925806,
1087,3gnw,87,1,1,0.72021484375,0,-885255.45951222,-821191.9559711263,-64073.95932901414,241.11619744687795,
1088,3gnw,88,1,1,0.72021484375,0,-885263.5420415122,-821191.9559711263,-64073.96544421227,54.869663930438236,
1089,3gnw,89,1,1,0.72021484375,0,-885254.2199027105,-821191.9559711263,-64073.29410642894,254.36187458734383,
1090,3gnw,90,1,1,0.72021484375,0,-885255.315691845,-821191.9559711263,-64073.71124360474,238.7117886333071,
1091,3gnw,91,1,1,0.72021484375,0,-885254.723229633,-821191.9559711263,-64074.02718723329,259.66012497076224,
1092,3gnw,92,1,1,0.72021484375,0,-885259.6335228849,-821191.9559711263,-64074.195587580514,150.30947683312584,
1093,3gnw,93,1,1,0.72021484375,0,-885216.1958792522,-821191.9559711263,-64074.279616152366,1153.9430803760513,
1094,3gnw,94,1,1,0.72021484375,0,-885253.5429941129,-821191.9559711263,-64074.07406893881,287.9581204438217,
1095,3gnw,95,1,1,0.72021484375,0,-885258.084441052,-821191.9559711263,-64074.17179459842,185.48347333192834,
1096,3gnw,96,1,1,0.72021484375,0,-885260.422948556,-821191.9559711263,-64074.24632463367,133.27491262707784,
1097,3gnw,97,1,1,0.72021484375,0,-885269.3814464374,-821191.9559711263,-64073.967630093415,-79.73980503367352,
1098,3gnw,98,1,1,0.72021484375,0,-885253.3391841814,-821191.9559711263,-64073.97692922266,290.4179940476174,
1099,3gnw,99,1,1,0.72021484375,0,-885258.9065294426,-821191.9559711263,-64074.04669335993,163.6407615859109,
1100,3gnw,100,1,1,0.72021484375,0,-885260.6370683481,-821191.9559711263,-64074.03909525783,123.55836998640119,
2001,4ih7,1,1,2,0.5830078125,0,-840571.9609371644,-821191.9559711263,-19380.470567923487,10.73703454922161,
2002,4ih7,2,1,2,0.5830078125,0,-840548.6004639036,-821191.9559711263,-19380.535742890537,550.9453159696515,
2003,4ih7,3,1,2,0.5830078125,0,-840562.5025381978,-821191.9559711263,-19380.491188656986,229.32842173038574,
2004,4ih7,4,1,2,0.5830078125,0,-840569.1468631548,-821191.9559711263,-19380.6091246721,78.82631737380157,
2005,4ih7,5,1,2,0.5830078125,0,-840566.3572135193,-821191.9559711263,-19380.535169136227,141.4517110527845,
2006,4ih7,6,1,2,0.5830078125,0,-840561.2676914398,-821191.9559711263,-19380.541109484137,258.95586607799896,
2007,4ih7,7,1,2,0.5830078125,0,-840572.3238243993,-821191.9559711263,-19380.401157927216,0.7680235729239596,
2008,4ih7,8,1,2,0.5830078125,0,-840572.1609871758,-821191.9559711263,-19380.55863536565,8.15465515531051,
2009,4ih7,9,1,2,0.5830078125,0,-840574.3064034802,-821191.9559711263,-19380.597822081745,-40.41615300967257,
2010,4ih7,10,1,2,0.5830078125,0,-840572.0149225806,-821191.9559711263,-19380.45708821386,9.18125178844433,
2011,4ih7,11,1,2,0.5830078125,0,-840566.2985155665,-821191.9559711263,-19380.57768083781,143.78566112798958,
2012,4ih7,12,1,2,0.5830078125,0,-840570.5416325701,-821191.9559711263,-19380.556692075417,45.453046156825124,
2013,4ih7,13,1,2,0.5830078125,0,-840567.9982441289,-821191.9559711263,-19380.528704327047,103.45956414712114,
2014,4ih7,14,1,2,0.5830078125,0,-840572.4670426316,-821191.9559711263,-19380.526564967335,0.3572877232850167,
2015,4ih7,15,1,2,0.5830078125,0,-840570.4035305466,-821191.9559711263,-19380.50116581887,47.3572885806022,
2016,4ih7,16,1,2,0.5830078125,0,-840571.3806655479,-821191.9559711263,-19380.538787585185,25.6915986869645,
2017,4ih7,17,1,2,0.5830078125,0,-840568.2349038047,-821191.9559711263,-19380.55247677535,98.55026805401668,
2018,4ih7,18,1,2,0.5830078125,0,-840569.3084027086,-821191.9559711263,-19380.34392217964,68.98541200510176,
2019,4ih7,19,1,2,0.5830078125,0,-840571.2201356824,-821191.9559711263,-19380.50679869622,28.655824025343126,
2020,4ih7,20,1,2,0.5830078125,0,-840561.0036890132,-821191.9559711263,-19380.506664079116,264.24957675498814,
2021,4ih7,21,1,2,0.5830078125,0,-840568.8607528729,-821191.9559711263,-19380.50362787813,82.99136335206848,
2022,4ih7,22,1,2,0.5830078125,0,-840553.3386842079,-821191.9559711263,-19380.50404749483,440.948446822731,
2023,4ih7,23,1,2,0.5830078125,0,-840567.0327101283,-821191.9559711263,-19380.45172349781,123.95008705398354,
2024,4ih7,24,1,2,0.5830078125,0,-840574.1772290689,-821191.9559711263,-19380.455535959885,-40.71851623825077,
2025,4ih7,25,1,2,0.5830078125,0,-840567.43996378,-821191.9559711263,-19380.54470114082,116.70271012486553,
2026,4ih7,26,1,2,0.5830078125,0,-840568.7253913496,-821191.9559711263,-19380.550144505203,87.18557313696736,
2027,4ih7,27,1,2,0.5830078125,0,-840570.4031523402,-821191.9559711263,-19380.50627664894,47.483868767990415,
2028,4ih7,28,1,2,0.5830078125,0,-840569.4882748795,-821191.9559711263,-19380.5013409075,68.46762330779173,
2029,4ih7,29,1,2,0.5830078125,0,-840556.3808816148,-821191.9559711263,-19380.559846800268,372.08047056331844,
2030,4ih7,30,1,2,0.5830078125,0,-840571.5521275616,-821191.9559711263,-19380.499133866728,20.82315424694525,
2031,4ih7,31,1,2,0.5830078125,0,-840571.8816434379,-821191.9559711263,-19380.564458918274,14.73076909748529,
2032,4ih7,32,1,2,0.5830078125,0,-840570.1612387372,-821191.9559711263,-19380.563484739945,54.381778900637805,
2033,4ih7,33,1,2,0.5830078125,0,-840573.3100381417,-821191.9559711263,-19380.50820861429,-19.505958115459997,
2034,4ih7,34,1,2,0.5830078125,0,-840565.6104019351,-821191.9559711263,-19380.49961821407,157.85377157036956,
2035,4ih7,35,1,2,0.5830078125,0,-840524.1022716697,-821191.9559711263,-19380.358067613543,1111.7897605212409,
2036,4ih7,36,1,2,0.5830078125,0,-840566.5879212839,-821191.9559711263,-19380.556819331334,136.63072897155394,
2037,4ih7,37,1,2,0.5830078125,0,-840569.6100833935,-821191.9559711263,-19380.34179235667,61.979375256828625,
2038,4ih7,38,1,2,0.5830078125,0,-840557.5605412339,-821191.9559711263,-19380.59392513007,345.6627384473013,
2039,4ih7,39,1,2,0.5830078125,0,-840570.0858913,-821191.9559711263,-19380.497268569172,54.59235090622758,
2040,4ih7,40,1,2,0.5830078125,0,-840563.7810167891,-821191.9559711263,-19380.413729858086,198.0597626871195,
2041,4ih7,41,1,2,0.5830078125,0,-840567.3519006295,-821191.9559711263,-19380.500787925423,117.72083181562883,
2042,4ih7,42,1,2,0.5830078125,0,-840572.761517546,-821191.9559711263,-19380.44593818158,-8.292762975346426,
2043,4ih7,43,1,2,0.5830078125,0,-840576.0912219371,-821191.9559711263,-19380.505963873566,-83.69334500636346,
2044,4ih7,44,1,2,0.5830078125,0,-840567.5526756269,-821191.9559711263,-19380.495832186625,112.97656833164147,
2045,4ih7,45,1,2,0.5830078125,0,-840549.5800119562,-821191.9559711263,-19380.50575114459,527.6647751597934,
2046,4ih7,46,1,2,0.5830078125,0,-840568.8252036785,-821191.9559711263,-19380.50752131313,83.90093199476493,
2047,4ih7,47,1,2,0.5830078125,0,-840549.6709373678,-821191.9559711263,-19380.55138371557,526.620297440712,
2048,4ih7,48,1,2,0.5830078125,0,-840567.215157978,-821191.9559711263,-19380.340794574902,117.18465795791052,
2049,4ih7,49,1,2,0.5830078125,0,-840557.4325262976,-821191.9559711263,-19380.463412803114,345.60514724897774,
2050,4ih7,50,1,2,0.5830078125,0,-840566.8957441513,-821191.9559711263,-19380.558865171373,129.57934320630167,
2051,4ih7,51,1,2,0.5830078125,0,-840570.2558786209,-821191.9559711263,-19380.501813929975,50.777168672234126,
2052,4ih7,52,1,2,0.5830078125,0,-840571.9269753618,-821191.9559711263,-19380.506898742602,12.358020914535283,
2053,4ih7,53,1,2,0.5830078125,0,-840555.9378726108,-821191.9559711263,-19380.561931949556,382.34458557427666,
2054,4ih7,54,1,2,0.5830078125,0,-840575.7439031218,-821191.9559711263,-19380.505719792545,-75.68961149570276,
2055,4ih7,55,1,2,0.5830078125,0,-840556.350900703,-821191.9559711263,-19380.417008620203,369.4779201294621,
2056,4ih7,56,1,2,0.5830078125,0,-840570.0389272196,-821191.9559711263,-19380.34731505482,52.2173581390386,
2057,4ih7,57,1,2,0.5830078125,0,-840539.9058284981,-821191.9559711263,-19380.593582939804,752.7821948318757,
2058,4ih7,58,1,2,0.5830078125,0,-840568.9822343056,-821191.9559711263,-19380.460649352968,79.19882662767134,
2059,4ih7,59,1,2,0.5830078125,0,-840535.0034118082,-821191.9559711263,-19380.504001897276,863.7688214790825,
2060,4ih7,60,1,2,0.5830078125,0,-840567.9835673792,-821191.9559711263,-19380.40435231893,100.93039260466169,
2061,4ih7,61,1,2,0.5830078125,0,-840571.6454229576,-821191.9559711263,-19380.597989570797,20.9513779981326,
2062,4ih7,62,1,2,0.5830078125,0,-840565.4461975609,-821191.9559711263,-19380.54683123201,162.72917245378693,
2063,4ih7,63,1,2,0.5830078125,0,-840546.2782651867,-821191.9559711263,-19380.362292420567,600.4966276944673,
2064,4ih7,64,1,2,0.5830078125,0,-840563.3136883599,-821191.9559711263,-19380.467780601666,210.08305203940793,
2065,4ih7,65,1,2,0.5830078125,0,-840550.8848157299,-821191.9559711263,-19380.509702276886,497.6664006007424,
2066,4ih7,66,1,2,0.5830078125,0,-840546.6285012135,-821191.9559711263,-19380.59847132534,597.8664079764435,
2067,4ih7,67,1,2,0.5830078125,0,-840544.5204555477,-821191.9559711263,-19380.405660670698,642.0327765577109,
2068,4ih7,68,1,2,0.5830078125,0,-840554.9766493065,-821191.9559711263,-19380.458286922858,402.1208104627565,
2069,4ih7,69,1,2,0.5830078125,0,-840562.3730530066,-821191.9559711263,-19380.36161951393,229.3264857544659,
2070,4ih7,70,1,2,0.5830078125,0,-840561.232310674,-821191.9559711263,-19380.51493356794,259.16813495249164,
2071,4ih7,71,1,2,0.5830078125,0,-840552.9531663145,-821191.9559711263,-19380.46220789522,448.8738565540913,
2072,4ih7,72,1,2,0.5830078125,0,-840567.0373955292,-821191.9559711263,-19380.544393402026,125.97905790180965,
2073,4ih7,73,1,2,0.5830078125,0,-840565.703958608,-821191.9559711263,-19380.686837118566,160.0136739416079,
2074,4ih7,74,1,2,0.5830078125,0,-840570.0859411274,-821191.9559711263,-19380.613891464174,57.28058970772086,
2075,4ih7,75,1,2,0.5830078125,0,-840545.6021148945,-821191.9559711263,-19380.634993922413,622.3776698742754,
2076,4ih7,76,1,2,0.5830078125,0,-840555.535396598,-821191.9559711263,-19380.62078721492,392.9831375779971,
2077,4ih7,77,1,2,0.5830078125,0,-840547.4151305478,-821191.9559711263,-19380.718229812086,582.4880008990433,
2078,4ih7,78,1,2,0.5830078125,0,-840574.2985134636,-821191.9559711263,-19380.66811142534,-38.61329413323852,
2079,4ih7,79,1,2,0.5830078125,0,-840533.8559878852,-821191.9559711263,-19380.681391966045,894.3197579033149,
2080,4ih7,80,1,2,0.5830078125,0,-840573.6591851038,-821191.9559711263,-19380.511151474402,-27.489614370030207,
2081,4ih7,81,1,2,0.5830078125,0,-840570.1464671416,-821191.9559711263,-19380.72354168862,58.41342090801718,
2082,4ih7,82,1,2,0.5830078125,0,-840571.2565310661,-821191.9559711263,-19380.597558211983,29.909490691516382,
2083,4ih7,83,1,2,0.5830078125,0,-840542.483242714,-821191.9559711263,-19380.662054639757,694.9246059388014,
2084,4ih7,84,1,2,0.5830078125,0,-840557.394295655,-821191.9559711263,-19380.678602230237,351.4491528898205,
2085,4ih7,85,1,2,0.5830078125,0,-840570.9186782462,-821191.9559711263,-19380.526907872856,36.071326280754406,
2086,4ih7,86,1,2,0.5830078125,0,-840565.4574386097,-821191.9559711263,-19380.67055232495,165.32302389148532,
2087,4ih7,87,1,2,0.5830078125,0,-840543.3217146631,-821191.9559711263,-19380.654619913996,675.4175346029085,
2088,4ih7,88,1,2,0.5830078125,0,-840568.8432576878,-821191.9559711263,-19380.691231918023,87.72106384088873,
2089,4ih7,89,1,2,0.5830078125,0,-840571.0129748953,-821191.9559711263,-19380.54293624729,34.26641698922494,
2090,4ih7,90,1,2,0.5830078125,0,-840569.6396923129,-821191.9559711263,-19380.682239037455,69.14746432075397,
2091,4ih7,91,1,2,0.5830078125,0,-840571.8964400823,-821191.9559711263,-19380.61914314002,15.650598481551144,
2092,4ih7,92,1,2,0.5830078125,0,-840567.7089400811,-821191.9559711263,-19380.52609477608,110.0708963046324,
2093,4ih7,93,1,2,0.5830078125,0,-840570.8112721962,-821191.9559711263,-19380.48712767333,37.63081543939091,
2094,4ih7,94,1,2,0.5830078125,0,-840568.1764419001,-821191.9559711263,-19380.484846901596,98.33884966383617,
2095,4ih7,95,1,2,0.5830078125,0,-840569.212653109,-821191.9559711263,-19380.50977639526,75.01813929930613,
2096,4ih7,96,1,2,0.5830078125,0,-840568.4077179355,-821191.9559711263,-19380.530118357823,94.04948216852198,
2097,4ih7,97,1,2,0.5830078125,0,-840552.3014569653,-821191.9559711263,-19380.543362718523,465.7741058584612,
2098,4ih7,98,1,2,0.5830078125,0,-840569.4519261933,-821191.9559711263,-19380.525902580917,69.87224956922653,
2099,4ih7,99,1,2,0.5830078125,0,-840561.673789763,-821191.9559711263,-19380.471424054802,247.98403209620324,
2100,4ih7,100,1,2,0.5830078125,0,-840567.230878554,-821191.9559711263,-19380.522963833497,121.02305576312025,
3001,4ih5,1,1,3,0.5830078125,0,-841704.8806412495,-821191.9559711263,-20521.15226510435,189.7328475949893,
3002,4ih5,2,1,3,0.5830078125,0,-841710.3973945804,-821191.9559711263,-20520.980531069326,58.55321260826868,
3003,4ih5,3,1,3,0.5830078125,0,-841711.247212007,-821191.9559711263,-20521.319805058534,46.779801252385546,
3004,4ih5,4,1,3,0.5830078125,0,-841710.4398171584,-821191.9559711263,-20521.302868219907,65.00819599841535,
3005,4ih5,5,1,3,0.5830078125,0,-841711.3107529855,-821191.9559711263,-20521.248667689855,43.67404478343837,
3006,4ih5,6,1,3,0.5830078125,0,-841691.1051889636,-821191.9559711263,-20521.296555909204,510.7297489290267,
3007,4ih5,7,1,3,0.5830078125,0,-841711.4583127046,-821191.9559711263,-20521.142311307485,37.81860038182161,
3008,4ih5,8,1,3,0.5830078125,0,-841690.2039922605,-821191.9559711263,-20521.30286887556,531.6574190678041,
3009,4ih5,9,1,3,0.5830078125,0,-841709.5574504264,-821191.9559711263,-20520.86381557852,75.23126178885929,
3010,4ih5,10,1,3,0.5830078125,0,-841686.5269625016,-821191.9559711263,-20521.01915642887,609.909175251067,
3011,4ih5,11,1,3,0.5830078125,0,-841712.665711879,-821191.9559711263,-20521.042193981702,7.66655358877354,
3012,4ih5,12,1,3,0.5830078125,0,-841709.6064404675,-821191.9559711263,-20520.988299938734,76.9722021449543,
3013,4ih5,13,1,3,0.5830078125,0,-841712.0525911725,-821191.9559711263,-20521.099091145094,23.11753272520775,
3014,4ih5,14,1,3,0.5830078125,0,-841702.1756941356,-821191.9559711263,-20520.689648779917,241.44222401699423,
3015,4ih5,15,1,3,0.5830078125,0,-841711.6844213598,-821191.9559711263,-20521.215378853376,34.289388560151586,
3016,4ih5,16,1,3,0.5830078125,0,-841704.3066536168,-821191.9559711263,-20519.4440475133,163.57688338823175,
3017,4ih5,17,1,3,0.5830078125,0,-841695.6821687049,-821191.9559711263,-20520.488265964086,386.5424797437252,
3018,4ih5,18,1,3,0.5830078125,0,-841708.1584461756,-821191.9559711263,-20521.22540334134,115.8314781283783,
3019,4ih5,19,1,3,0.5830078125,0,-841704.9556831414,-821191.9559711263,-20520.7894670096,179.63601764091933,
3020,4ih5,20,1,3,0.5830078125,0,-841709.7361023406,-821191.9559711263,-20521.272363397176,80.53278728888672,
3021,4ih5,21,1,3,0.5830078125,0,-841714.3444595612,-821191.9559711263,-20520.44202623039,-44.886484766142516,
3022,4ih5,22,1,3,0.5830078125,0,-841666.3732178338,-821191.9559711263,-20520.236267241526,1056.6117145774215,
3023,4ih5,23,1,3,0.5830078125,0,-841705.869779005,-821191.9559711263,-20520.079538377817,142.1851230874341,
3024,4ih5,24,1,3,0.5830078125,0,-841708.2362392674,-821191.9559711263,-20521.46446267038,119.55036590644802,
3025,4ih5,25,1,3,0.5830078125,0,-841710.3822378642,-821191.9559711263,-20520.48603609472,47.499409773823956,
3026,4ih5,26,1,3,0.5830078125,0,-841710.3396570511,-821191.9559711263,-20520.6677714911,52.67226445059024,
3027,4ih5,27,1,3,0.5830078125,0,-841697.1482997232,-821191.9559711263,-20520.586768600042,355.0042200195055,
3028,4ih5,28,1,3,0.5830078125,0,-841692.62010294,-821191.9559711263,-20519.757296356256,440.29883417189507,
3029,4ih5,29,1,3,0.5830078125,0,-841689.091809941,-821191.9559711263,-20520.06846449047,528.8389112786235,
3030,4ih5,30,1,3,0.5830078125,0,-841710.9882986821,-821191.9559711263,-20521.182053479242,49.57385747983683,
3031,4ih5,31,1,3,0.5830078125,0,-841715.6338615114,-821191.9559711263,-20520.483404072816,-73.66660439718261,
3032,4ih5,32,1,3,0.5830078125,0,-841710.11253844,-821191.9559711263,-20521.402335139806,74.84918420081759,
3033,4ih5,33,1,3,0.5830078125,0,-841695.7088431991,-821191.9559711263,-20521.222592863138,402.8613318744749,
3034,4ih5,34,1,3,0.5830078125,0,-841713.0606830098,-821191.9559711263,-20520.262752386618,-19.41604724857419,
3035,4ih5,35,1,3,0.5830078125,0,-841711.7179261291,-821191.9559711263,-20518.930871161516,-19.16524867292205,
3036,4ih5,36,1,3,0.5830078125,0,-841707.6774677912,-821191.9559711263,-20520.286337944563,105.267740668405,
3037,4ih5,37,1,3,0.5830078125,0,-841684.6178591079,-821191.9559711263,-20520.551286431848,643.1448069296046,
3038,4ih5,38,1,3,0.5830078125,0,-841714.5937058456,-821191.9559711263,-20520.949454697664,-38.93266219086222,
3039,4ih5,39,1,3,0.5830078125,0,-841708.4709568315,-821191.9559711263,-20520.406581315092,89.74232670063569,
3040,4ih5,40,1,3,0.5830078125,0,-841691.171840472,-821191.9559711263,-20520.849175128038,498.87588272796154,
3041,4ih5,41,1,3,0.5830078125,0,-841707.6514027393,-821191.9559711263,-20520.21784624725,104.28935898271519,
3042,4ih5,42,1,3,0.5830078125,0,-841710.6330028154,-821191.9559711263,-20521.475784930277,64.54078298447443,
3043,4ih5,43,1,3,0.5830078125,0,-841713.1975456171,-821191.9559711263,-20520.44199517637,-18.438737024598908,
3044,4ih5,44,1,3,0.5830078125,0,-841700.5285467337,-821191.9559711263,-20520.549396189745,276.1920438993509,
3045,4ih5,45,1,3,0.5830078125,0,-841697.1808377183,-821191.9559711263,-20521.470197471674,374.6262297754978,
3046,4ih5,46,1,3,0.5830078125,0,-841655.9975614824,-821191.9559711263,-20513.095857205677,1131.2182669821143,
3047,4ih5,47,1,3,0.5830078125,0,-841689.8524287486,-821191.9559711263,-20520.48481521278,520.8999006305779,
3048,4ih5,48,1,3,0.5830078125,0,-841694.1765436811,-821191.9559711263,-20520.788374992902,428.18369623474655,
3049,4ih5,49,1,3,0.5830078125,0,-841700.7577133155,-821191.9559711263,-20520.911430987413,279.2560577447671,
3050,4ih5,50,1,3,0.5830078125,0,-841682.6404273339,-821191.9559711263,-20519.843028995085,672.4126624393774,
3051,4ih5,51,1,3,0.5830078125,0,-841694.3299647265,-821191.9559711263,-20519.697881313856,399.4983412344935,
3052,4ih5,52,1,3,0.5830078125,0,-841687.2134591023,-821191.9559711263,-20520.544600221212,583.1346614291217,
3053,4ih5,53,1,3,0.5830078125,0,-841709.4441448278,-821191.9559711263,-20521.290990563924,87.69504014814919,
3054,4ih5,54,1,3,0.5830078125,0,-841675.4558162816,-821191.9559711263,-20520.385628077078,850.606361337904,
3055,4ih5,55,1,3,0.5830078125,0,-841704.7661954904,-821191.9559711263,-20520.57346460491,179.02457289501947,
3056,4ih5,56,1,3,0.5830078125,0,-841702.7967096547,-821191.9559711263,-20520.691185089643,227.15669407831624,
3057,4ih5,57,1,3,0.5830078125,0,-841708.3601030535,-821191.9559711263,-20520.92591652542,104.27483000748434,
3058,4ih5,58,1,3,0.5830078125,0,-841695.3623489715,-821191.9559711263,-20520.533486756372,394.96051424606037,
3059,4ih5,59,1,3,0.5830078125,0,-841710.8683819616,-821191.9559711263,-20520.789628538187,43.289668626598136,
3060,4ih5,60,1,3,0.5830078125,0,-841675.1209801863,-821191.9559711263,-20520.568649384077,862.548436733949,
3061,4ih5,61,1,3,0.5830078125,0,-841710.2488509691,-821191.9559711263,-20520.746989819105,56.59312049008778,
3062,4ih5,62,1,3,0.5830078125,0,-841706.1247059979,-821191.9559711263,-20520.851527008104,154.10884770710607,
3063,4ih5,63,1,3,0.5830078125,0,-841681.7377834165,-821191.9559711263,-20520.48272487789,707.9798631721679,
3064,4ih5,64,1,3,0.5830078125,0,-841710.3626979423,-821191.9559711263,-20520.235313269193,42.16820536696333,
3065,4ih5,65,1,3,0.5830078125,0,-841690.2519428707,-821191.9559711263,-20519.46023470431,488.05949828810407,
3066,4ih5,66,1,3,0.5830078125,0,-841693.1842228748,-821191.9559711263,-20512.286499264526,255.00924576648413,
3067,4ih5,67,1,3,0.5830078125,0,-841665.3108536446,-821191.9559711263,-20521.136334243114,1101.8664529165992,
3068,4ih5,68,1,3,0.5830078125,0,-841711.9436759037,-821191.9559711263,-20521.180148037965,27.498394845760977,
3069,4ih5,69,1,3,0.5830078125,0,-841684.5846595741,-821191.9559711263,-20520.434774431284,641.2235758053621,
3070,4ih5,70,1,3,0.5830078125,0,-841711.5988978572,-821191.9559711263,-20519.819024416494,4.060909101186194,
3071,4ih5,71,1,3,0.5830078125,0,-841707.5165645622,-821191.9559711263,-20520.82493445545,121.39858787824494,
3072,4ih5,72,1,3,0.5830078125,0,-841694.5099357349,-821191.9559711263,-20520.215823265607,407.29213633797417,
3073,4ih5,73,1,3,0.5830078125,0,-841672.6034180946,-821191.9559711263,-20520.557393642957,920.3452342096929,
3074,4ih5,74,1,3,0.5830078125,0,-841697.1657429315,-821191.9559711263,-20520.718575688887,357.64151375521374,
3075,4ih5,75,1,3,0.5830078125,0,-841692.6486036027,-821191.9559711263,-20521.064149233396,469.7783365584994,
3076,4ih5,76,1,3,0.5830078125,0,-841712.0622599701,-821191.9559711263,-20520.76381781965,15.162978397885384,
3077,4ih5,77,1,3,0.5830078125,0,-841704.2609340674,-821191.9559711263,-20521.057875606115,201.84696116889714,
3078,4ih5,78,1,3,0.5830078125,0,-841708.9446141251,-821191.9559711263,-20521.094699176836,94.68790489023269,
3079,4ih5,79,1,3,0.5830078125,0,-841710.2930512719,-821191.9559711263,-20520.675940844114,53.93540900714393,
3080,4ih5,80,1,3,0.5830078125,0,-841703.1029387991,-821191.9559711263,-20520.961652788217,226.33201554785893,
3081,4ih5,81,1,3,0.5830078125,0,-841710.941091565,-821191.9559711263,-20520.833549710806,42.62579164271882,
3082,4ih5,82,1,3,0.5830078125,0,-841712.4620804616,-821191.9559711263,-20521.08521333604,13.354455509619642,
3083,4ih5,83,1,3,0.5830078125,0,-841710.5157641761,-821191.9559711263,-20521.032258483465,57.01640739214558,
3084,4ih5,84,1,3,0.5830078125,0,-841713.1080822627,-821191.9559711263,-20521.504446598585,8.125048779184112,
3085,4ih5,85,1,3,0.5830078125,0,-841710.4640557892,-821191.9559711263,-20521.498135539587,68.95221125918435,
3086,4ih5,86,1,3,0.5830078125,0,-841707.7196021058,-821191.9559711263,-20520.948513421106,119.56622954168496,
3087,4ih5,87,1,3,0.5830078125,0,-841699.8801903719,-821191.9559711263,-20521.12105837732,304.3263400110314,
3088,4ih5,88,1,3,0.5830078125,0,-841703.4304953943,-821191.9559711263,-20521.241464230116,225.2309861563215,
3089,4ih5,89,1,3,0.5830078125,0,-841713.7868258185,-821191.9559711263,-20521.325295182764,-11.658479247364825,
3090,4ih5,90,1,3,0.5830078125,0,-841710.1637075819,-821191.9559711263,-20521.261495563085,70.42135796129133,
3091,4ih5,91,1,3,0.5830078125,0,-841711.2301174544,-821191.9559711263,-20521.047024103696,40.88353274202642,
3092,4ih5,92,1,3,0.5830078125,0,-841695.253407536,-821191.9559711263,-20521.479684027727,419.2925908652815,
3093,4ih5,93,1,3,0.5830078125,0,-841705.6494738585,-821191.9559711263,-20521.10660586029,170.95021925851347,
3094,4ih5,94,1,3,0.5830078125,0,-841709.7066051938,-821191.9559711263,-20521.333945545244,82.63312572547105,
3095,4ih5,95,1,3,0.5830078125,0,-841705.2920097852,-821191.9559711263,-20520.970860275324,176.06316906467578,
3096,4ih5,96,1,3,0.5830078125,0,-841710.6253909896,-821191.9559711263,-20521.49345359474,65.12376494003603,
3097,4ih5,97,1,3,0.5830078125,0,-841712.3572535343,-821191.9559711263,-20521.053860637247,15.04881147047941,
3098,4ih5,98,1,3,0.5830078125,0,-841713.9421785303,-821191.9559711263,-20521.19501558214,-18.245316849847526,
3099,4ih5,99,1,3,0.5830078125,0,-841711.2545195066,-821191.9559711263,-20521.14210221439,42.51336137025573,
3100,4ih5,100,1,3,0.5830078125,0,-841711.8529848735,-821191.9559711263,-20521.471558126505,36.30985597192229,
4001,4eo8,1,1,4,0.5830078125,0,-863425.2404410909,-821191.9559711263,-42242.3176590758,208.31028956269432,
4002,4eo8,2,1,4,0.5830078125,0,-863432.4228856029,-821191.9559711263,-42242.22062891301,40.4416156422596,
4003,4eo8,3,1,4,0.5830078125,0,-863436.0844572852,-821191.9559711263,-42242.93223732287,-27.586153500749617,
4004,4eo8,4,1,4,0.5830078125,0,-863435.9600356444,-821191.9559711263,-42242.86195593658,-26.337649570140744,
4005,4eo8,5,1,4,0.5830078125,0,-863423.0530400346,-821191.9559711263,-42242.82840364749,270.53100587059805,
4006,4eo8,6,1,4,0.5830078125,0,-863419.3626234301,-821191.9559711263,-42241.89191466149,334.0380854395368,
4007,4eo8,7,1,4,0.5830078125,0,-863436.3219579528,-821191.9559711263,-42241.72100430304,-60.994745992885214,
4008,4eo8,8,1,4,0.5830078125,0,-863432.3018402233,-821191.9559711263,-42242.619490857665,52.430963362235396,
4009,4eo8,9,1,4,0.5830078125,0,-863437.7166931848,-821191.9559711263,-42242.93870299632,-65.07730556180803,
4010,4eo8,10,1,4,0.5830078125,0,-863429.4661579498,-821191.9559711263,-42242.86522364196,123.49008268830406,
4011,4eo8,11,1,4,0.5830078125,0,-863435.2604067991,-821191.9559711263,-42241.85347079808,-33.46004489450713,
4012,4eo8,12,1,4,0.5830078125,0,-863413.8071604146,-821191.9559711263,-42241.77713524881,459.50322989248235,
4013,4eo8,13,1,4,0.5830078125,0,-863416.7576624076,-821191.9559711263,-42242.6900634128,412.51566115136603,
4014,4eo8,14,1,4,0.5830078125,0,-863436.4092874744,-821191.9559711263,-42242.27766108092,-50.17180234988619,
4015,4eo8,15,1,4,0.5830078125,0,-863437.9488114188,-821191.9559711263,-42242.73146140153,-75.20918390938941,
4016,4eo8,16,1,4,0.5830078125,0,-863431.0969608203,-821191.9559711263,-42242.768678720626,83.6564963147421,
4017,4eo8,17,1,4,0.5830078125,0,-863384.0951627414,-821191.9559711263,-42242.799630458896,1168.2574730787514,
4018,4eo8,18,1,4,0.5830078125,0,-863421.4271132714,-821191.9559711263,-42241.99547481124,288.8179724940274,
4019,4eo8,19,1,4,0.5830078125,0,-863434.1608856689,-821191.9559711263,-42242.15020000512,-1.2617472089307407,
4020,4eo8,20,1,4,0.5830078125,0,-863421.5781149939,-821191.9559711263,-42242.74754011217,302.67882789507246,
4021,4eo8,21,1,4,0.5830078125,0,-863431.9099419485,-821191.9559711263,-42241.24228214802,29.709164950836275,
4022,4eo8,22,1,4,0.5830078125,0,-863437.7670618214,-821191.9559711263,-42242.89709293422,-67.19838474290559,
4023,4eo8,23,1,4,0.5830078125,0,-863425.5149253826,-821191.9559711263,-42235.66168692285,48.49016723348805,
4024,4eo8,24,1,4,0.5830078125,0,-863420.1453353836,-821191.9559711263,-42241.52586924616,307.54711118956186,
4025,4eo8,25,1,4,0.5830078125,0,-863410.2166317768,-821191.9559711263,-42235.961964394395,408.2017616517608,
4026,4eo8,26,1,4,0.5830078125,0,-863403.0108551448,-821191.9559711263,-42237.81515317735,617.1064668980026,
4027,4eo8,27,1,4,0.5830078125,0,-863412.0863947491,-821191.9559711263,-42241.91282414967,502.3140892159294,
4028,4eo8,28,1,4,0.5830078125,0,-863414.7460336759,-821191.9559711263,-42242.59133636541,456.6282219384415,
4029,4eo8,29,1,4,0.5830078125,0,-863407.176064632,-821191.9559711263,-42219.08584165157,89.14627001918045,
4030,4eo8,30,1,4,0.5830078125,0,-863423.0439307607,-821191.9559711263,-42241.16549115952,232.3933977501743,
4031,4eo8,31,1,4,0.5830078125,0,-863413.6835423481,-821191.9559711263,-42236.30838763291,336.2416142586617,
4032,4eo8,32,1,4,0.5830078125,0,-863423.8984340203,-821191.9559711263,-42242.91810690947,253.10436379018765,
4033,4eo8,33,1,4,0.5830078125,0,-863422.7165592681,-821191.9559711263,-42239.11434810938,192.64228129931772,
4034,4eo8,34,1,4,0.5830078125,0,-863432.4087056583,-821191.9559711263,-42238.67718982275,-40.94503369187646,
4035,4eo8,35,1,4,0.5830078125,0,-863412.4229175668,-821191.9559711263,-42218.09687429244,-54.65516213277478,
4036,4eo8,36,1,4,0.5830078125,0,-863419.2835737839,-821191.9559711263,-42236.90474372688,220.85411970862404,
4037,4eo8,37,1,4,0.5830078125,0,-863383.2751767407,-821191.9559711263,-42227.89141779715,843.375248312174,
4038,4eo8,38,1,4,0.5830078125,0,-863401.396568901,-821191.9559711263,-42232.38226240461,529.0473545121556,
4039,4eo8,39,1,4,0.5830078125,0,-863434.8240560066,-821191.9559711263,-42241.95507376963,-21.05453638719124,
4040,4eo8,40,1,4,0.5830078125,0,-863427.3752811922,-821191.9559711263,-42240.86548661772,125.59181486675648,
4041,4eo8,41,1,4,0.5830078125,0,-863423.5733704637,-821191.9559711263,-42242.469856556,250.26360877044024,
4042,4eo8,42,1,4,0.5830078125,0,-863412.1721463569,-821191.9559711263,-42238.23635685023,415.5552601567047,
4043,4eo8,43,1,4,0.5830078125,0,-863428.7160007725,-821191.9559711263,-42239.639108474796,66.39313503451999,
4044,4eo8,44,1,4,0.5830078125,0,-863376.0723093825,-821191.9559711263,-42228.031523521575,1012.7082303034913,
4045,4eo8,45,1,4,0.5830078125,0,-863428.8120853226,-821191.9559711263,-42241.93846636595,117.20182530163245,
4046,4eo8,46,1,4,0.5830078125,0,-863425.8391660072,-821191.9559711263,-42240.5794751006,154.4198902934818,
4047,4eo8,47,1,4,0.5830078125,0,-863412.9876980106,-821191.9559711263,-42233.64041792924,290.76332292311287,
4048,4eo8,48,1,4,0.5830078125,0,-863415.7753978594,-821191.9559711263,-42241.82958089891,415.3240215782709,
4049,4eo8,49,1,4,0.5830078125,0,-863414.5925762574,-821191.9559711263,-42238.89591633858,374.948623793245,
4050,4eo8,50,1,4,0.5830078125,0,-863416.4371978559,-821191.9559711263,-42234.99665444669,242.49152382982177,
4051,4eo8,51,1,4,0.5830078125,0,-863435.8848316292,-821191.9559711263,-42241.99011385018,-44.70855991647187,
4052,4eo8,52,1,4,0.5830078125,0,-863410.789838396,-821191.9559711263,-42239.765094812545,482.6855739056961,
4053,4eo8,53,1,4,0.5830078125,0,-863401.2849079887,-821191.9559711263,-42240.93342160763,728.8167321292436,
4054,4eo8,54,1,4,0.5830078125,0,-863423.587698064,-821191.9559711263,-42234.42294308123,64.36697338298039,
4055,4eo8,55,1,4,0.5830078125,0,-863403.5989931892,-821191.9559711263,-42242.87567686612,720.2421299682445,
4056,4eo8,56,1,4,0.5830078125,0,-863408.7265713885,-821191.9559711263,-42233.82395949546,393.25980627093065,
4057,4eo8,57,1,4,0.5830078125,0,-863376.4033171455,-821191.9559711263,-42230.658468331705,1065.6537963938924,
4058,4eo8,58,1,4,0.5830078125,0,-863422.3483110436,-821191.9559711263,-42235.33721276697,114.03147686736058,
4059,4eo8,59,1,4,0.5830078125,0,-863342.2542382549,-821191.9559711263,-42228.48742004806,1803.0847007365094,
4060,4eo8,60,1,4,0.5830078125,0,-863395.6712982134,-821191.9559711263,-42242.48447024408,894.0376801239074,
4061,4eo8,61,1,4,0.5830078125,0,-863421.2725870232,-821191.9559711263,-42241.706651564185,285.72101012893677,
4062,4eo8,62,1,4,0.5830078125,0,-863394.1330311217,-821191.9559711263,-42242.141627367106,921.6048174061428,
4063,4eo8,63,1,4,0.5830078125,0,-863424.6406163941,-821191.9559711263,-42240.27633183772,175.068451261003,
4064,4eo8,64,1,4,0.5830078125,0,-863433.4685540571,-821191.9559711263,-42241.821233566436,7.117652747498139,
4065,4eo8,65,1,4,0.5830078125,0,-863430.7099239002,-821191.9559711263,-42236.998229857105,-40.48793229937504,
4066,4eo8,66,1,4,0.5830078125,0,-863409.3534609743,-821191.9559711263,-42241.96397554454,566.5166184360644,
4067,4eo8,67,1,4,0.5830078125,0,-863434.4399778317,-821191.9559711263,-42242.0585440951,-9.811400873604525,
4068,4eo8,68,1,4,0.5830078125,0,-863431.0704671368,-821191.9559711263,-42240.894031222495,41.03705687312464,
4069,4eo8,69,1,4,0.5830078125,0,-863429.767734624,-821191.9559711263,-42241.695804711,89.56811817656302,
4070,4eo8,70,1,4,0.5830078125,0,-863428.5067103424,-821191.9559711263,-42241.50472223338,114.24156232356572,
4071,4eo8,71,1,4,0.5830078125,0,-863396.3878234397,-821191.9559711263,-42241.43333804185,853.2745314461775,
4072,4eo8,72,1,4,0.5830078125,0,-863421.7692590132,-821191.9559711263,-42241.29028629843,264.6658708207759,
4073,4eo8,73,1,4,0.5830078125,0,-863433.5110095809,-821191.9559711263,-42241.624013717716,1.5906073543638892,
4074,4eo8,74,1,4,0.5830078125,0,-863414.88343165,-821191.9559711263,-42242.733783300486,456.74465374340565,
4075,4eo8,75,1,4,0.5830078125,0,-863412.5103592942,-821191.9559711263,-42241.42713838393,481.33705471288243,
4076,4eo8,76,1,4,0.5830078125,0,-863422.1075765415,-821191.9559711263,-42240.99425392929,250.03741467072467,
4077,4eo8,77,1,4,0.5830078125,0,-863434.6319029848,-821191.9559711263,-42241.925399120395,-17.30769610507521,
4078,4eo8,78,1,4,0.5830078125,0,-863425.3479041376,-821191.9559711263,-42242.65409248647,213.59047159329864,
4079,4eo8,79,1,4,0.5830078125,0,-863414.1920546661,-821191.9559711263,-42241.24888240868,438.4455577101668,
4080,4eo8,80,1,4,0.5830078125,0,-863414.4145140721,-821191.9559711263,-42241.0879540402,429.6044255988429,
4081,4eo8,81,1,4,0.5830078125,0,-863392.216772757,-821191.9559711263,-42241.121670599525,942.2740232567769,
4082,4eo8,82,1,4,0.5830078125,0,-863401.9475934423,-821191.9559711263,-42241.43475490396,725.0958629902269,
4083,4eo8,83,1,4,0.5830078125,0,-863424.2672088664,-821191.9559711263,-42240.565790172164,190.3545011800266,
4084,4eo8,84,1,4,0.5830078125,0,-863421.5356176719,-821191.9559711263,-42239.35271542842,225.37232242461607,
4085,4eo8,85,1,4,0.5830078125,0,-863420.212754793,-821191.9559711263,-42240.05058067614,271.97142004153454,
4086,4eo8,86,1,4,0.5830078125,0,-863411.1565508462,-821191.9559711263,-42241.10139435117,505.0447833350944,
4087,4eo8,87,1,4,0.5830078125,0,-863420.9819170159,-821191.9559711263,-42238.99024128491,229.78211056359467,
4088,4eo8,88,1,4,0.5830078125,0,-863383.9032338484,-821191.9559711263,-42240.98360257927,1130.804860715468,
4089,4eo8,89,1,4,0.5830078125,0,-863423.4564194004,-821191.9559711263,-42241.725440021175,235.7939112516403,
4090,4eo8,90,1,4,0.5830078125,0,-863424.8763036944,-821191.9559711263,-42241.73979121026,203.38154785735173,
4091,4eo8,91,1,4,0.5830078125,0,-863435.6448854576,-821191.9559711263,-42241.87063687617,-41.93047422238862,
4092,4eo8,92,1,4,0.5830078125,0,-863412.3907246664,-821191.9559711263,-42242.80008714977,515.756845453849,
4093,4eo8,93,1,4,0.5830078125,0,-863435.2858964122,-821191.9559711263,-42242.89797019543,-9.96112102411046,
4094,4eo8,94,1,4,0.5830078125,0,-863401.7592898973,-821191.9559711263,-42241.94295095976,741.1575253485465,
4095,4eo8,95,1,4,0.5830078125,0,-863431.9150589776,-821191.9559711263,-42241.95121109063,45.9394532467743,
4096,4eo8,96,1,4,0.5830078125,0,-863436.6886681243,-821191.9559711263,-42241.66746234484,-70.68599032968658,
4097,4eo8,97,1,4,0.5830078125,0,-863430.4041356213,-821191.9559711263,-42241.812803741115,77.59042426917783,
4098,4eo8,98,1,4,0.5830078125,0,-863401.3730618126,-821191.9559711263,-42242.9061808544,772.2767656260355,
4099,4eo8,99,1,4,0.5830078125,0,-863414.4726484489,-821191.9559711263,-42242.96101200158,471.4575577305849,
4100,4eo8,100,1,4,0.5830078125,0,-863414.6482739521,-821191.9559711263,-42242.11795305796,447.96613632091214,
5001,3cj4,1,1,5,0.5830078125,-1,-921449.0008321486,-821191.9559711263,-100262.7715413992,132.06038674287868,
5002,3cj4,2,1,5,0.5830078125,-1,-921448.7968385455,-821191.9559711263,-100263.20809499665,146.8317560994325,
5003,3cj4,3,1,5,0.5830078125,-1,-921441.8277880928,-821191.9559711263,-100262.72064391199,296.30098834499626,
5004,3cj4,4,1,5,0.5830078125,-1,-921449.4189343548,-821191.9559711263,-100262.48280546094,115.76031190416575,
5005,3cj4,5,1,5,0.5830078125,-1,-921445.4494472526,-821191.9559711263,-100262.6763785605,211.76276080946647,
5006,3cj4,6,1,5,0.5830078125,-1,-921456.8730650172,-821191.9559711263,-100262.26881460591,-61.070771118906066,
5007,3cj4,7,1,5,0.5830078125,-1,-921453.8483871451,-821191.9559711263,-100262.99256060763,25.3699369122037,
5008,3cj4,8,1,5,0.5830078125,-1,-921456.0395014382,-821191.9559711263,-100262.8356224124,-28.777439802828063,
5009,3cj4,9,1,5,0.5830078125,-1,-921431.3610381864,-821191.9559711263,-100262.72505290552,537.7716489992805,
5010,3cj4,10,1,5,0.5830078125,-1,-921450.6275820818,-821191.9559711263,-100260.36599640294,39.073456654137836,
5011,3cj4,11,1,5,0.5830078125,-1,-921430.4521281949,-821191.9559711263,-100247.13051153465,199.1129441525089,
5012,3cj4,12,1,5,0.5830078125,-1,-921448.0694674201,-821191.9559711263,-100262.8014837925,154.228655604832,
5013,3cj4,13,1,5,0.5830078125,-1,-921451.8227960996,-821191.9559711263,-100262.71687581135,65.72373367162355,
5014,3cj4,14,1,5,0.5830078125,-1,-921438.9752481515,-821191.9559711263,-100262.04336370273,346.463669440167,
5015,3cj4,15,1,5,0.5830078125,-1,-921453.7140900871,-821191.9559711263,-100262.55212376757,18.310185824897506,
5016,3cj4,16,1,5,0.5830078125,-1,-921447.9269923068,-821191.9559711263,-100262.00356746955,139.11382223898866,
5017,3cj4,17,1,5,0.5830078125,-1,-921443.8269640736,-821191.9559711263,-100262.4318299268,243.5386862983247,
5018,3cj4,18,1,5,0.5830078125,-1,-921445.1292748388,-821191.9559711263,-100262.71377934261,220.0085945947653,
5019,3cj4,19,1,5,0.5830078125,-1,-921440.1766233674,-821191.9559711263,-100262.39928219958,326.9669743318135,
5020,3cj4,20,1,5,0.5830078125,-1,-921439.8008085437,-821191.9559711263,-100252.21024848266,100.66877067167741,
5021,3cj4,21,1,5,0.5830078125,-1,-921402.3184202097,-821191.9559711263,-100252.1235806246,963.0345713674435,
5022,3cj4,22,1,5,0.5830078125,-1,-921440.1593879545,-821191.9559711263,-100260.4089724098,281.46679828919633,
5023,3cj4,23,1,5,0.5830078125,-1,-921454.9377151356,-821191.9559711263,-100262.74257777377,-5.51530441406284,
5024,3cj4,24,1,5,0.5830078125,-1,-921430.6323783045,-821191.9559711263,-100253.06855393692,331.89078871543643,
5025,3cj4,25,1,5,0.5830078125,-1,-921408.410709881,-821191.9559711263,-100243.9345619951,633.6997782131864,
5026,3cj4,26,1,5,0.5830078125,-1,-921432.279660783,-821191.9559711263,-100262.6523366694,514.9108324298484,
5027,3cj4,27,1,5,0.5830078125,-1,-921451.0336540273,-821191.9559711263,-100261.7013931994,60.504196831315895,
5028,3cj4,28,1,5,0.5830078125,-1,-921449.5084077365,-821191.9559711263,-100262.60489810749,116.51253002009483,
5029,3cj4,29,1,5,0.5830078125,-1,-921452.3514926962,-821191.9559711263,-100262.55229021354,49.73626646672498,
5030,3cj4,30,1,5,0.5830078125,-1,-921447.9667433437,-821191.9559711263,-100259.36745766296,77.40700526926621,
5031,3cj4,31,1,5,0.5830078125,-1,-921435.8172502896,-821191.9559711263,-100262.89288235946,438.8791957989795,
5032,3cj4,32,1,5,0.5830078125,-1,-921446.0393010475,-821191.9559711263,-100262.75866861387,200.05806287086222,
5033,3cj4,33,1,5,0.5830078125,-1,-921458.582064145,-821191.9559711263,-100261.86214744045,-109.85919486932386,
5034,3cj4,34,1,5,0.5830078125,-1,-921439.0137014475,-821191.9559711263,-100262.6889981155,360.46559862380883,
5035,3cj4,35,1,5,0.5830078125,-1,-921454.8290284952,-821191.9559711263,-100262.76394193924,-2.5162615850487446,
5036,3cj4,36,1,5,0.5830078125,-1,-921446.0154350646,-821191.9559711263,-100262.79149813695,201.3654922982185,
5037,3cj4,37,1,5,0.5830078125,-1,-921408.0296814225,-821191.9559711263,-100254.55565398677,887.4147030918493,
5038,3cj4,38,1,5,0.5830078125,-1,-921448.3774649734,-821191.9559711263,-100262.64262000962,143.46257743244527,
5039,3cj4,39,1,5,0.5830078125,-1,-921435.1702060031,-821191.9559711263,-100262.66891543313,448.635591498651,
5040,3cj4,40,1,5,0.5830078125,-1,-921443.7843047774,-821191.9559711263,-100254.05331851287,51.309369828137655,
5041,3cj4,41,1,5,0.5830078125,-1,-921452.8293020658,-821191.9559711263,-100262.55673916383,38.820315876949415,
5042,3cj4,42,1,5,0.5830078125,-1,-921452.8637994018,-821191.9559711263,-100255.32800556465,-128.67376850917185,
5043,3cj4,43,1,5,0.5830078125,-1,-921454.693379589,-821191.9559711263,-100260.97749067588,-40.58466830036618,
5044,3cj4,44,1,5,0.5830078125,-1,-921448.8233049607,-821191.9559711263,-100261.00238893671,95.35663596897425,
5045,3cj4,45,1,5,0.5830078125,-1,-921454.8205469183,-821191.9559711263,-100261.66735681637,-27.60852545100421,
5046,3cj4,46,1,5,0.5830078125,-1,-921440.6172859308,-821191.9559711263,-100262.49386574073,318.9862024854819,
5047,3cj4,47,1,5,0.5830078125,-1,-921443.2409044734,-821191.9559711263,-100255.37717620774,94.36936222403862,
5048,3cj4,48,1,5,0.5830078125,-1,-921422.8835659868,-821191.9559711263,-100248.76586068167,411.36018218590516,
5049,3cj4,49,1,5,0.5830078125,-1,-921441.4158449701,-821191.9559711263,-100261.99581224962,289.08560720854325,
5050,3cj4,50,1,5,0.5830078125,-1,-921441.4140205916,-821191.9559711263,-100261.74761561795,283.4041280802166,
5051,3cj4,51,1,5,0.5830078125,-1,-921435.3633396706,-821191.9559711263,-100256.89274410649,310.9801481667033,
5052,3cj4,52,1,5,0.5830078125,-1,-921440.414194355,-821191.9559711263,-100256.05964989706,175.29306326673412,
5053,3cj4,53,1,5,0.5830078125,-1,-921430.1975442402,-821191.9559711263,-100260.89179769835,522.3265874055531,
5054,3cj4,54,1,5,0.5830078125,-1,-921440.6748450622,-821191.9559711263,-100262.81988073642,325.17694178411017,
5055,3cj4,55,1,5,0.5830078125,-1,-921430.7587947479,-821191.9559711263,-100261.52056121199,523.8834743078619,
5056,3cj4,56,1,5,0.5830078125,-1,-921437.410557369,-821191.9559711263,-100260.57716876014,348.7350374664251,
5057,3cj4,57,1,5,0.5830078125,-1,-921434.6383794328,-821191.9559711263,-100262.68654982491,461.3064622954203,
5058,3cj4,58,1,5,0.5830078125,-1,-921427.551470124,-821191.9559711263,-100261.7747520928,603.7079181689037,
5059,3cj4,59,1,5,0.5830078125,-1,-921450.0791710546,-821191.9559711263,-100260.14643178634,46.6568350343898,
5060,3cj4,60,1,5,0.5830078125,-1,-921418.293626929,-821191.9559711263,-100262.47821163877,833.4210164822041,
5061,3cj4,61,1,5,0.5830078125,-1,-921446.3492889485,-821191.9559711263,-100262.6065614645,189.40189785941922,
5062,3cj4,62,1,5,0.5830078125,-1,-921441.8604161076,-821191.9559711263,-100254.11610026403,97.12307809461004,
5063,3cj4,63,1,5,0.5830078125,-1,-921428.1098784734,-821191.9559711263,-100255.99386007829,457.52017891437373,
5064,3cj4,64,1,5,0.5830078125,-1,-921422.6819104943,-821191.9559711263,-100261.69389576955,714.1380398142068,
5065,3cj4,65,1,5,0.5830078125,-1,-921446.211511039,-821191.9559711263,-100260.35729135318,140.70973094577778,
5066,3cj4,66,1,5,0.5830078125,-1,-921457.1557773587,-821191.9559711263,-100261.69508500143,-80.82079157882723,
5067,3cj4,67,1,5,0.5830078125,-1,-921426.2621859988,-821191.9559711263,-100261.67359129085,631.1066928935262,
5068,3cj4,68,1,5,0.5830078125,-1,-921440.3272004671,-821191.9559711263,-100262.52781946702,326.4587237245467,
5069,3cj4,69,1,5,0.5830078125,-1,-921428.9675576768,-821191.9559711263,-100261.80820578082,571.8236237982985,
5070,3cj4,70,1,5,0.5830078125,-1,-921444.6289770687,-821191.9559711263,-100262.77934284812,233.05766560744308,
5071,3cj4,71,1,5,0.5830078125,-1,-921447.5916342369,-821191.9559711263,-100262.69030610962,162.68393230854014,
5072,3cj4,72,1,5,0.5830078125,-1,-921445.9075675255,-821191.9559711263,-100262.42078445597,195.3041162699823,
5073,3cj4,73,1,5,0.5830078125,-1,-921442.5597880415,-821191.9559711263,-100261.59556789442,253.4757991987527,
5074,3cj4,74,1,5,0.5830078125,-1,-921412.1623416033,-821191.9559711263,-100261.15469425662,944.2907791040058,
5075,3cj4,75,1,5,0.5830078125,-1,-921424.6217077753,-821191.9559711263,-100259.58379329673,620.7451328332921,
5076,3cj4,76,1,5,0.5830078125,-1,-921445.2155282296,-821191.9559711263,-100261.33891577764,186.3144371509792,
5077,3cj4,77,1,5,0.5830078125,-1,-921453.6879405759,-821191.9559711263,-100261.53013653799,-4.654377510988059,
5078,3cj4,78,1,5,0.5830078125,-1,-921438.8961565131,-821191.9559711263,-100261.08463503166,326.17875757291483,
5079,3cj4,79,1,5,0.5830078125,-1,-921451.7098830274,-821191.9559711263,-100261.63694710775,43.42382345121751,
5080,3cj4,80,1,5,0.5830078125,-1,-921455.9266570604,-821191.9559711263,-100261.59009319289,-54.897772773068375,
5081,3cj4,81,1,5,0.5830078125,-1,-921404.6844062589,-821191.9559711263,-100261.7482084383,1130.4228269635225,
5082,3cj4,82,1,5,0.5830078125,-1,-921447.278010824,-821191.9559711263,-100262.29345248385,160.76459800270973,
5083,3cj4,83,1,5,0.5830078125,-1,-921451.6592625158,-821191.9559711263,-100261.75491614385,47.31159077798337,
5084,3cj4,84,1,5,0.5830078125,-1,-921415.1187568551,-821191.9559711263,-100261.91070981069,893.5483566273718,
5085,3cj4,85,1,5,0.5830078125,-1,-921441.8945900878,-821191.9559711263,-100261.49654413505,266.53208628763434,
5086,3cj4,86,1,5,0.5830078125,-1,-921454.5185459637,-821191.9559711263,-100262.28546778603,-6.390240411312194,
5087,3cj4,87,1,5,0.5830078125,-1,-921448.9598097435,-821191.9559711263,-100261.67830352239,107.79572153054546,
5088,3cj4,88,1,5,0.5830078125,-1,-921452.6634177513,-821191.9559711263,-100262.53953046842,42.24885710112538,
5089,3cj4,89,1,5,0.5830078125,-1,-921456.4968859634,-821191.9559711263,-100262.80883194252,-39.94278043574571,
5090,3cj4,90,1,5,0.5830078125,-1,-921445.5902122493,-821191.9559711263,-100262.6463284318,207.82367043867188,
5091,3cj4,91,1,5,0.5830078125,-1,-921442.447081529,-821191.9559711263,-100262.7201327209,282.00795409238066,
5092,3cj4,92,1,5,0.5830078125,-1,-921451.1628663485,-821191.9559711263,-100262.81233967586,83.14352427452529,
5093,3cj4,93,1,5,0.5830078125,-1,-921454.1703352861,-821191.9559711263,-100262.832323191,14.250473797911173,
5094,3cj4,94,1,5,0.5830078125,-1,-921451.5211146411,-821191.9559711263,-100262.60128681107,70.01512770485543,
5095,3cj4,95,1,5,0.5830078125,-1,-921438.5934727868,-821191.9559711263,-100262.67688218995,369.8769018727497,
5096,3cj4,96,1,5,0.5830078125,-1,-921452.8889167553,-821191.9559711263,-100262.80504081889,43.171540669855155,
5097,3cj4,97,1,5,0.5830078125,-1,-921448.6069591872,-821191.9559711263,-100262.97229720397,145.77285184681344,
5098,3cj4,98,1,5,0.5830078125,-1,-921451.7523841045,-821191.9559711263,-100262.69147954627,66.76182106558352,
5099,3cj4,99,1,5,0.5830078125,-1,-921426.686879926,-821191.9559711263,-100262.71267999454,645.2749730244199,
5100,3cj4,100,1,5,0.5830078125,-1,-921441.1709349699,-821191.9559711263,-100262.71235297366,311.2571876225956,
6001,4owm,1,0,6,0.3544921875,-1,-836847.1583617716,-821191.9559711263,-15653.072973414353,-49.105527905161345,
6002,4owm,2,0,6,0.3544921875,-1,-836847.3851777704,-821191.9559711263,-15653.10613326638,-53.57134474023644,
6003,4owm,3,0,6,0.3544921875,-1,-836845.3759227053,-821191.9559711263,-15653.019735499314,-9.229202047055907,
6004,4owm,4,0,6,0.3544921875,-1,-836847.2018796295,-821191.9559711263,-15653.06843499749,-50.213731928030846,
6005,4owm,5,0,6,0.3544921875,-1,-836848.4423530786,-821191.9559711263,-15653.080104692868,-78.55061966551393,
6006,4owm,6,0,6,0.3544921875,-1,-836844.170097241,-821191.9559711263,-15653.107734425952,20.60709720537717,
6007,4owm,7,0,6,0.3544921875,-1,-836845.17258894,-821191.9559711263,-15653.095132692746,-2.8015134420761156,
6008,4owm,8,0,6,0.3544921875,-1,-836834.6033666073,-821191.9559711263,-15653.053251489095,239.9647401930578,
6009,4owm,9,0,6,0.3544921875,-1,-836845.2150641917,-821191.9559711263,-15653.019627734117,-5.522201725766024,
6010,4owm,10,0,6,0.3544921875,-1,-836843.341670299,-821191.9559711263,-15652.95855466931,36.27090941207069,
6011,4owm,11,0,6,0.3544921875,-1,-836851.3510851965,-821191.9559711263,-15652.9969163379,-147.5459448344159,
6012,4owm,12,0,6,0.3544921875,-1,-836849.5764492095,-821191.9559711263,-15653.004257067136,-106.45258553642957,
6013,4owm,13,0,6,0.3544921875,-1,-836854.7794425875,-821191.9559711263,-15653.004257663182,-226.43644944803052,
6014,4owm,14,0,6,0.3544921875,-1,-836840.3035148622,-821191.9559711263,-15653.009045525481,107.4967849818001,
6015,4owm,15,0,6,0.3544921875,-1,-836849.0695727125,-821191.9559711263,-15652.883709414891,-97.54363073481281,
6016,4owm,16,0,6,0.3544921875,-1,-836844.7198919446,-821191.9559711263,-15653.007509573392,5.6172901395799295,
6017,4owm,17,0,6,0.3544921875,-1,-836837.7672973365,-821191.9559711263,-15653.00587133973,165.9101520801343,
6018,4owm,18,0,6,0.3544921875,-1,-836847.1736391278,-821191.9559711263,-15653.003022118499,-51.07094731106947,
6019,4owm,19,0,6,0.3544921875,-1,-836840.4057519094,-821191.9559711263,-15653.006123288564,105.07175428145135,
6020,4owm,20,0,6,0.3544921875,-1,-836836.3487335086,-821191.9559711263,-15653.004178031377,198.58396246529279,
6021,4owm,21,0,6,0.3544921875,-1,-836842.3730741681,-821191.9559711263,-15653.006130023889,59.70438055571604,
6022,4owm,22,0,6,0.3544921875,-1,-836844.341006035,-821191.9559711263,-15653.003424986293,14.260413963303385,
6023,4owm,23,0,6,0.3544921875,-1,-836842.6890723662,-821191.9559711263,-15653.003284080913,52.35165998957034,
6024,4owm,24,0,6,0.3544921875,-1,-836845.3820266516,-821191.9559711263,-15652.889385624818,-12.375901909626009,
6025,4owm,25,0,6,0.3544921875,-1,-836843.7071849196,-821191.9559711263,-15653.001411839417,28.830251840385273,
6026,4owm,26,0,6,0.3544921875,-1,-836838.3715748433,-821191.9559711263,-15652.883628471782,149.15619422786907,
6027,4owm,27,0,6,0.3544921875,-1,-836839.4484071985,-821191.9559711263,-15653.002571090154,127.06673213452615,
6028,4owm,28,0,6,0.3544921875,-1,-836837.2165031075,-821191.9559711263,-15652.881735249452,175.7491224960829,
6029,4owm,29,0,6,0.3544921875,-1,-836844.076462978,-821191.9559711263,-15652.882875069074,17.58097464943063,
6030,4owm,30,0,6,0.3544921875,-1,-836845.0691752525,-821191.9559711263,-15652.999979539802,-2.6110209886238542,
6031,4owm,31,0,6,0.3544921875,-1,-836837.1737866357,-821191.9559711263,-15653.005148752622,179.58017072793004,
6032,4owm,32,0,6,0.3544921875,-1,-836844.9348186194,-821191.9559711263,-15653.005161031178,0.6068046041811573,
6033,4owm,33,0,6,0.3544921875,-1,-836843.293927306,-821191.9559711263,-15653.004216357163,38.42487252222115,
6034,4owm,34,0,6,0.3544921875,-1,-836844.4799103083,-821191.9559711263,-15652.99828766196,10.938735812011375,
6035,4owm,35,0,6,0.3544921875,-1,-836843.1595750854,-821191.9559711263,-15652.881521387986,38.693695125574195,
6036,4owm,36,0,6,0.3544921875,-1,-836844.1173290402,-821191.9559711263,-15652.879549547128,16.561892510409585,
6037,4owm,37,0,6,0.3544921875,-1,-836818.1546222359,-821191.9559711263,-15652.884842678002,615.3981970804507,
6038,4owm,38,0,6,0.3544921875,-1,-836844.1808059902,-821191.9559711263,-15653.005394919803,18.00014250355262,
6039,4owm,39,0,6,0.3544921875,-1,-836849.3326106921,-821191.9559711263,-15652.999484821252,-100.9395863487243,
6040,4owm,40,0,6,0.3544921875,-1,-836850.0508473902,-821191.9559711263,-15653.006411834649,-117.34277735451602,
6041,4owm,41,0,6,0.3544921875,-1,-836843.0638176441,-821191.9559711263,-15653.004262550763,43.73239263456771,
6042,4owm,42,0,6,0.3544921875,-1,-836840.2150598408,-821191.9559711263,-15652.880174263408,106.56476433018523,
6043,4owm,43,0,6,0.3544921875,-1,-836847.2995147959,-821191.9559711263,-15652.99931643813,-54.059164196180205,
6044,4owm,44,0,6,0.3544921875,-1,-836815.7714164943,-821191.9559711263,-15653.000469370774,673.0226419549987,
6045,4owm,45,0,6,0.3544921875,-1,-836835.1700784802,-821191.9559711263,-15653.004769130639,225.77802419769483,
6046,4owm,46,0,6,0.3544921875,-1,-836845.8880518617,-821191.9559711263,-15653.002097650458,-21.44591941048827,
6047,4owm,47,0,6,0.3544921875,-1,-836813.6736592755,-821191.9559711263,-15652.99918632119,721.3684848088334,
6048,4owm,48,0,6,0.3544921875,-1,-836829.0264418811,-821191.9559711263,-15652.998593493394,367.3112362663362,
6049,4owm,49,0,6,0.3544921875,-1,-836820.8350385367,-821191.9559711263,-15653.006003542832,556.380364689037,
6050,4owm,50,0,6,0.3544921875,-1,-836842.8141065778,-821191.9559711263,-15653.004379614284,49.49356617329685,
6051,4owm,51,0,6,0.3544921875,-1,-836843.5699497417,-821191.9559711263,-15653.008300348214,32.15382301129497,
6052,4owm,52,0,6,0.3544921875,-1,-836821.9850559771,-821191.9559711263,-15653.000538631371,529.7343086456951,
6053,4owm,53,0,6,0.3544921875,-1,-836833.9176911949,-821191.9559711263,-15653.005591138295,254.67771703812957,
6054,4owm,54,0,6,0.3544921875,-1,-836836.2855033071,-821191.9559711263,-15653.005344613483,200.0689875734378,
6055,4owm,55,0,6,0.3544921875,-1,-836843.2371270612,-821191.9559711263,-15652.999932928971,39.635939081796174,
6056,4owm,56,0,6,0.3544921875,-1,-836843.6500641792,-821191.9559711263,-15652.999890073232,30.112394644901237,
6057,4owm,57,0,6,0.3544921875,-1,-836844.1045180203,-821191.9559711263,-15653.00726483672,19.802506191933233,
6058,4owm,58,0,6,0.3544921875,-1,-836832.6957419757,-821191.9559711263,-15652.884049459388,280.0537177550996,
6059,4owm,59,0,6,0.3544921875,-1,-836842.1204099016,-821191.9559711263,-15652.88382260411,62.71048085465921,
6060,4owm,60,0,6,0.3544921875,-1,-836842.8932361691,-821191.9559711263,-15653.001885815553,47.611286082206384,
6061,4owm,61,0,6,0.3544921875,-1,-836843.2221008926,-821191.9559711263,-15653.090571208886,42.07261915226602,
6062,4owm,62,0,6,0.3544921875,-1,-836843.8858299048,-821191.9559711263,-15652.875615700175,21.809672728733673,
6063,4owm,63,0,6,0.3544921875,-1,-836843.617582734,-821191.9559711263,-15652.99767039626,30.81024759932246,
6064,4owm,64,0,6,0.3544921875,-1,-836843.7787588328,-821191.9559711263,-15653.004868193559,27.259423611287453,
6065,4owm,65,0,6,0.3544921875,-1,-836826.4442147256,-821191.9559711263,-15652.445193930558,414.0971120058934,
6066,4owm,66,0,6,0.3544921875,-1,-836846.4092660937,-821191.9559711263,-15652.288620038917,-49.91858972643843,
6067,4owm,67,0,6,0.3544921875,-1,-836825.7165964352,-821191.9559711263,-15652.380839034011,429.39232922553293,
6068,4owm,68,0,6,0.3544921875,-1,-836832.2486583085,-821191.9559711263,-15652.565014167718,283.0065834425713,
6069,4owm,69,0,6,0.3544921875,-1,-836845.5921464205,-821191.9559711263,-15652.180234356812,-33.57479562457991,
6070,4owm,70,0,6,0.3544921875,-1,-836843.286449963,-821191.9559711263,-15652.501406951835,27.002243806068115,
6071,4owm,71,0,6,0.3544921875,-1,-836848.230132173,-821191.9559711263,-15652.322809441976,-91.12033267680505,
6072,4owm,72,0,6,0.3544921875,-1,-836839.3773185401,-821191.9559711263,-15652.349571093015,113.64753787465433,
6073,4owm,73,0,6,0.3544921875,-1,-836843.5399778872,-821191.9559711263,-15652.633881374291,24.21068373938338,
6074,4owm,74,0,6,0.3544921875,-1,-836846.0105423869,-821191.9559711263,-15652.611763878753,-33.27192863903714,
6075,4owm,75,0,6,0.3544921875,-1,-836841.850527297,-821191.9559711263,-15652.533275171212,60.850305723364926,
6076,4owm,76,0,6,0.3544921875,-1,-836845.5453974545,-821191.9559711263,-15652.417793854169,-27.0184867071925,
6077,4owm,77,0,6,0.3544921875,-1,-836832.4088964253,-821191.9559711263,-15652.378828986577,275.01787241199196,
6078,4owm,78,0,6,0.3544921875,-1,-836844.0355523915,-821191.9559711263,-15652.505832775523,9.829593341190122,
6079,4owm,79,0,6,0.3544921875,-1,-836842.1435482011,-821191.9559711263,-15652.502348586015,53.37989915263824,
6080,4owm,80,0,6,0.3544921875,-1,-836844.8690756201,-821191.9559711263,-15652.490344031743,-9.749087855077263,
6081,4owm,81,0,6,0.3544921875,-1,-836826.3208385794,-821191.9559711263,-15652.430757268361,416.6093161871942,
6082,4owm,82,0,6,0.3544921875,-1,-836847.281306261,-821191.9559711263,-15652.563568576266,-63.687849816280306,
6083,4owm,83,0,6,0.3544921875,-1,-836849.0451130824,-821191.9559711263,-15652.495958372048,-105.92132973402686,
6084,4owm,84,0,6,0.3544921875,-1,-836836.3046044499,-821191.9559711263,-15652.360246046475,184.75217839711033,
6085,4owm,85,0,6,0.3544921875,-1,-836837.04741458,-821191.9559711263,-15652.61575822442,173.51482066321282,
6086,4owm,86,0,6,0.3544921875,-1,-836851.0988293977,-821191.9559711263,-15652.559580310275,-151.81399630410314,
6087,4owm,87,0,6,0.3544921875,-1,-836845.4606227383,-821191.9559711263,-15652.529340728215,-22.491203285706717,
6088,4owm,88,0,6,0.3544921875,-1,-836846.5132467389,-821191.9559711263,-15652.521420403413,-46.9479364278091,
6089,4owm,89,0,6,0.3544921875,-1,-836842.2399756849,-821191.9559711263,-15652.557187720231,52.420849027096914,
6090,4owm,90,0,6,0.3544921875,-1,-836842.4720350744,-821191.9559711263,-15653.075173898627,59.0144774192056,
6091,4owm,91,0,6,0.3544921875,-1,-836848.0303046808,-821191.9559711263,-15652.34176276534,-86.07512721420831,
6092,4owm,92,0,6,0.3544921875,-1,-836844.459486419,-821191.9559711263,-15652.40078602641,-2.3689931579043892,
6093,4owm,93,0,6,0.3544921875,-1,-836836.963555792,-821191.9559711263,-15652.26316796153,167.3177256332327,
6094,4owm,94,0,6,0.3544921875,-1,-836842.1895822675,-821191.9559711263,-15653.108715101172,66.30147238660004,
6095,4owm,95,0,6,0.3544921875,-1,-836847.3027608201,-821191.9559711263,-15653.107000275544,-51.650771010414125,
6096,4owm,96,0,6,0.3544921875,-1,-836822.0572585701,-821191.9559711263,-15652.946416064195,526.8211812478787,
6097,4owm,97,0,6,0.3544921875,-1,-836829.4990402102,-821191.9559711263,-15653.045315369061,357.4902919427146,
6098,4owm,98,0,6,0.3544921875,-1,-836845.1639176102,-821191.9559711263,-15653.06293301194,-3.3440901053328598,
6099,4owm,99,0,6,0.3544921875,-1,-836840.9099683419,-821191.9559711263,-15653.079565926484,95.13787458572399,
6100,4owm,100,0,6,0.3544921875,-1,-836829.3535097778,-821191.9559711263,-15653.056517406396,361.1046285563978,
7001,3zso,1,0,7,0.35107421875,0,-875352.6679559443,-821191.9559711263,-54190.97013056086,697.769417169411,
7002,3zso,2,0,7,0.35107421875,0,-875367.2343906403,-821191.9559711263,-54191.40088653373,371.7929218571473,
7003,3zso,3,0,7,0.35107421875,0,-875375.4981262927,-821191.9559711263,-54191.15491318502,175.55437041153144,
7004,3zso,4,0,7,0.35107421875,0,-875358.7759369118,-821191.9559711263,-54191.50345408723,569.2147626088837,
7005,3zso,5,0,7,0.35107421875,0,-875365.1472925935,-821191.9559711263,-54191.825979588495,429.72542491414634,
7006,3zso,6,0,7,0.35107421875,0,-875377.8482130707,-821191.9559711263,-54191.36290788459,126.15655358082996,
7007,3zso,7,0,7,0.35107421875,0,-875377.680274645,-821191.9559711263,-54191.622554777045,136.0169052611065,
7008,3zso,8,0,7,0.35107421875,0,-875385.8303673519,-821191.9559711263,-54191.12304293916,-63.447714059863365,
7009,3zso,9,0,7,0.35107421875,0,-875392.208358759,-821191.9559711263,-54190.83162104896,-217.24803840355182,
7010,3zso,10,0,7,0.35107421875,0,-875390.6951385678,-821191.9559711263,-54192.12244069385,-152.58534364628431,
7011,3zso,11,0,7,0.35107421875,0,-875371.6922744903,-821191.9559711263,-54191.2207071762,264.83664341912373,
7012,3zso,12,0,7,0.35107421875,0,-875374.0106501086,-821191.9559711263,-54191.44304978654,216.50097398413524,
7013,3zso,13,0,7,0.35107421875,0,-875373.4472046439,-821191.9559711263,-54191.618131516465,233.53181568018715,
7014,3zso,14,0,7,0.35107421875,0,-875378.1626446039,-821191.9559711263,-54191.56475305366,123.56025034527231,
7015,3zso,15,0,7,0.35107421875,0,-875350.8166243975,-821191.9559711263,-54191.667166350264,756.536164015577,
7016,3zso,16,0,7,0.35107421875,0,-875367.6936314952,-821191.9559711263,-54191.40050709054,361.19382598794135,
7017,3zso,17,0,7,0.35107421875,0,-875386.225923026,-821191.9559711263,-54191.31987988757,-68.03027673845662,
7018,3zso,18,0,7,0.35107421875,0,-875377.4370439589,-821191.9559711263,-54191.35087764072,135.36091453406098,
7019,3zso,19,0,7,0.35107421875,0,-875374.686381722,-821191.9559711263,-54190.56748711862,180.72727801000696,
7020,3zso,20,0,7,0.35107421875,0,-875358.2666446817,-821191.9559711263,-54191.26876878545,575.5473488146201,
7021,3zso,21,0,7,0.35107421875,0,-875378.3712157106,-821191.9559711263,-54192.21503412527,133.74632411659806,
7022,3zso,22,0,7,0.35107421875,0,-875364.9230673106,-821191.9559711263,-54191.45908999242,426.43550769654814,
7023,3zso,23,0,7,0.35107421875,0,-875371.0521756654,-821191.9559711263,-54192.12304341592,300.40604100159675,
7024,3zso,24,0,7,0.35107421875,0,-875385.5739901168,-821191.9559711263,-54192.28342723653,-30.776416976775277,
7025,3zso,25,0,7,0.35107421875,0,-875346.0555078926,-821191.9559711263,-54185.856141326934,732.3246984086077,
7026,3zso,26,0,7,0.35107421875,0,-875355.7915593032,-821191.9559711263,-54186.81350087919,529.8832549200013,
7027,3zso,27,0,7,0.35107421875,0,-875361.3220088874,-821191.9559711263,-54184.37420046138,346.0964537996886,
7028,3zso,28,0,7,0.35107421875,0,-875322.1678228332,-821191.9559711263,-54177.782888976784,1097.0141803156002,
7029,3zso,29,0,7,0.35107421875,0,-875308.2255371603,-821191.9559711263,-54190.7539006452,1717.6495609341468,
7030,3zso,30,0,7,0.35107421875,0,-875379.828894386,-821191.9559711263,-54191.020151613135,72.57680998002783,
7031,3zso,31,0,7,0.35107421875,0,-875368.6431128029,-821191.9559711263,-54191.310382483476,337.2199440667843,
7032,3zso,32,0,7,0.35107421875,0,-875380.9501472218,-821191.9559711263,-54187.72904896535,-29.17452469582393,
7033,3zso,33,0,7,0.35107421875,0,-875370.0825453046,-821191.9559711263,-54184.2953538875,142.25543954227732,
7034,3zso,34,0,7,0.35107421875,0,-875356.9476399812,-821191.9559711263,-54187.53377067842,519.833217305334,
7035,3zso,35,0,7,0.35107421875,0,-875362.4454834107,-821191.9559711263,-54188.94445240306,425.5810293175587,
7036,3zso,36,0,7,0.35107421875,0,-875336.0093501611,-821191.9559711263,-54167.09872484006,531.4382992168164,
7037,3zso,37,0,7,0.35107421875,0,-875360.8270121011,-821191.9559711263,-54187.04607033533,419.12613389272946,
7038,3zso,38,0,7,0.35107421875,0,-875336.933326641,-821191.9559711263,-54189.488806007284,1026.4584330955563,
7039,3zso,39,0,7,0.35107421875,0,-875342.8376719449,-821191.9559711263,-54166.66176461982,363.8969160595843,
7040,3zso,40,0,7,0.35107421875,0,-875364.812109421,-821191.9559711263,-54190.017790673155,395.7571055263019,
7041,3zso,41,0,7,0.35107421875,0,-875340.8771753404,-821191.9559711263,-54186.79227387704,873.3276133589856,
7042,3zso,42,0,7,0.35107421875,0,-875366.5496782605,-821191.9559711263,-54189.22226345338,337.3425226929798,
7043,3zso,43,0,7,0.35107421875,0,-875335.6500603055,-821191.9559711263,-54179.1369755547,817.332376518297,
7044,3zso,44,0,7,0.35107421875,0,-875377.5218105118,-821191.9559711263,-54188.6920608262,72.09237906244682,
7045,3zso,45,0,7,0.35107421875,0,-875367.174037138,-821191.9559711263,-54184.93449175157,224.06610051757806,
7046,3zso,46,0,7,0.35107421875,0,-875358.0537963005,-821191.9559711263,-54185.916110752005,457.0205224873775,
7047,3zso,47,0,7,0.35107421875,0,-875364.033854792,-821191.9559711263,-54191.47760605621,447.36822608741835,
7048,3zso,48,0,7,0.35107421875,0,-875340.5345169702,-821191.9559711263,-54191.07271849908,979.9389010389681,
7049,3zso,49,0,7,0.35107421875,0,-875345.8354622517,-821191.9559711263,-54189.618349431046,824.1576513702256,
7050,3zso,50,0,7,0.35107421875,0,-875368.115395689,-821191.9559711263,-54189.433978198045,306.11847903786486,
7051,3zso,51,0,7,0.35107421875,0,-875330.995150799,-821191.9559711263,-54184.87368923225,1056.9688999904747,
7052,3zso,52,0,7,0.35107421875,0,-875380.8915319693,-821191.9559711263,-54191.18009280965,51.760136774818214,
7053,3zso,53,0,7,0.35107421875,0,-875356.1392322723,-821191.9559711263,-54190.6629819851,610.6368689525758,
7054,3zso,54,0,7,0.35107421875,0,-875337.6224390062,-821191.9559711263,-54190.193767188066,1026.8239154642765,
7055,3zso,55,0,7,0.35107421875,0,-875385.6841839646,-821191.9559711263,-54191.57383942403,-49.68103116459127,
7056,3zso,56,0,7,0.35107421875,0,-875338.057341958,-821191.9559711263,-54180.470429656954,792.5693249327059,
7057,3zso,57,0,7,0.35107421875,0,-875364.4491808657,-821191.9559711263,-54184.8458186964,284.85792968735245,
7058,3zso,58,0,7,0.35107421875,0,-875355.8130164538,-821191.9559711263,-54178.38533955612,335.030423957936,
7059,3zso,59,0,7,0.35107421875,0,-875343.5262265002,-821191.9559711263,-54180.4231122713,665.3626865340026,
7060,3zso,60,0,7,0.35107421875,0,-875344.7414022187,-821191.9559711263,-54181.916277317185,671.773272713697,
7061,3zso,61,0,7,0.35107421875,0,-875348.9136858527,-821191.9559711263,-54189.494738934525,750.3216030190135,
7062,3zso,62,0,7,0.35107421875,0,-875355.4200998786,-821191.9559711263,-54178.92702516722,356.5828623775883,
7063,3zso,63,0,7,0.35107421875,0,-875298.100120226,-821191.9559711263,-54184.164615748305,1799.1947029171436,
7064,3zso,64,0,7,0.35107421875,0,-875358.4358313781,-821191.9559711263,-54191.19441437528,569.9311574775713,
7065,3zso,65,0,7,0.35107421875,0,-875344.3810766878,-821191.9559711263,-54188.77545642656,838.259004783523,
7066,3zso,66,0,7,0.35107421875,0,-875309.9064978006,-821191.9559711263,-54185.33210766115,1553.8561712504056,
7067,3zso,67,0,7,0.35107421875,0,-875356.4638271425,-821191.9559711263,-54190.715838907236,604.3704430036075,
7068,3zso,68,0,7,0.35107421875,0,-875370.2890517963,-821191.9559711263,-54189.31047034063,253.14461955528697,
7069,3zso,69,0,7,0.35107421875,0,-875377.7520751304,-821191.9559711263,-54190.14571106242,100.30432161447679,
7070,3zso,70,0,7,0.35107421875,0,-875373.3567172232,-821191.9559711263,-54189.23968064594,180.77012511014115,
7071,3zso,71,0,7,0.35107421875,0,-875375.6008920466,-821191.9559711263,-54184.98691171207,30.947042842880908,
7072,3zso,72,0,7,0.35107421875,0,-875374.1300924966,-821191.9559711263,-54188.97015261449,156.72020356494284,
7073,3zso,73,0,7,0.35107421875,0,-875350.7993600162,-821191.9559711263,-54191.02292871283,742.0778172536426,
7074,3zso,74,0,7,0.35107421875,0,-875333.9705151857,-821191.9559711263,-54191.96644866266,1151.9182853337877,
7075,3zso,75,0,7,0.35107421875,0,-875382.0551978593,-821191.9559711263,-54189.358982561105,-17.07043613165111,
7076,3zso,76,0,7,0.35107421875,0,-875367.6327550067,-821191.9559711263,-54188.947289107295,306.02512052277575,
7077,3zso,77,0,7,0.35107421875,0,-875369.2583776658,-821191.9559711263,-54189.230826256695,275.0758934334078,
7078,3zso,78,0,7,0.35107421875,0,-875347.4088194164,-821191.9559711263,-54189.42855226793,783.4983466597978,
7079,3zso,79,0,7,0.35107421875,0,-875343.494686911,-821191.9559711263,-54189.745734808916,881.0747896739673,
7080,3zso,80,0,7,0.35107421875,0,-875375.761262472,-821191.9559711263,-54189.959698555846,141.9240018388465,
7081,3zso,81,0,7,0.35107421875,0,-875373.5901884381,-821191.9559711263,-54189.69683265496,185.92832676213246,
7082,3zso,82,0,7,0.35107421875,0,-875342.681509459,-821191.9559711263,-54189.29397320556,889.4092371373885,
7083,3zso,83,0,7,0.35107421875,0,-875362.3850626295,-821191.9559711263,-54188.94736432828,427.04151622455635,
7084,3zso,84,0,7,0.35107421875,0,-875380.6886326177,-821191.9559711263,-54189.23204469487,11.516050250029759,
7085,3zso,85,0,7,0.35107421875,0,-875372.9289941434,-821191.9559711263,-54188.88815104769,182.52718853603784,
7086,3zso,86,0,7,0.35107421875,0,-875371.152281949,-821191.9559711263,-54190.81250262069,267.87574656907583,
7087,3zso,87,0,7,0.35107421875,0,-875348.8642042672,-821191.9559711263,-54189.632718203444,754.6445530188266,
7088,3zso,88,0,7,0.35107421875,0,-875349.4310424132,-821191.9559711263,-54188.934436200114,725.4701893020874,
7089,3zso,89,0,7,0.35107421875,0,-875367.5717095977,-821191.9559711263,-54189.357061980256,316.88244803225837,
7090,3zso,90,0,7,0.35107421875,0,-875373.1874895485,-821191.9559711263,-54189.30752408304,186.23711482352692,
7091,3zso,91,0,7,0.35107421875,0,-875356.0822588151,-821191.9559711263,-54189.486626265425,584.8233007484748,
7092,3zso,92,0,7,0.35107421875,0,-875376.3301535498,-821191.9559711263,-54189.373440978976,115.28564103709766,
7093,3zso,93,0,7,0.35107421875,0,-875353.9011814091,-821191.9559711263,-54189.49164855288,635.2359572902317,
7094,3zso,94,0,7,0.35107421875,0,-875384.3643191695,-821191.9559711263,-54191.04966652202,-31.331940206131424,
7095,3zso,95,0,7,0.35107421875,0,-875387.6649385636,-821191.9559711263,-54191.74545621671,-91.40074007886935,
7096,3zso,96,0,7,0.35107421875,0,-875375.6722458256,-821191.9559711263,-54191.51140451238,179.7599639000628,
7097,3zso,97,0,7,0.35107421875,0,-875369.5376498792,-821191.9559711263,-54191.56453430463,322.45230925915234,
7098,3zso,98,0,7,0.35107421875,0,-875373.2367292437,-821191.9559711263,-54191.15145039367,227.6235713599737,
7099,3zso,99,0,7,0.35107421875,0,-875364.2214237099,-821191.9559711263,-54190.638295290846,423.68781803596687,
7100,3zso,100,0,7,0.35107421875,0,-875372.6667246772,-821191.9559711263,-54191.68896364972,253.16353907916772,
8001,3zsx,1,0,8,0.35107421875,0,-862845.6208213232,-821191.9559711263,-41664.45198924838,248.75733605179767,
8002,3zsx,2,0,8,0.35107421875,0,-862846.1778139288,-821191.9559711263,-41663.425467029265,212.2406166968402,
8003,3zsx,3,0,8,0.35107421875,0,-862845.9281214437,-821191.9559711263,-41663.71239586173,224.61539825715897,
8004,3zsx,4,0,8,0.35107421875,0,-862862.4961286008,-821191.9559711263,-41663.88044495889,-153.57661900342006,
8005,3zsx,5,0,8,0.35107421875,0,-862804.8355732076,-821191.9559711263,-41663.857087567434,1175.568742338631,
8006,3zsx,6,0,8,0.35107421875,0,-862856.085969087,-821191.9559711263,-41664.00476308172,-2.8879849154035813,
8007,3zsx,7,0,8,0.35107421875,0,-862838.0297853908,-821191.9559711263,-41665.05851800738,437.7976687129184,
8008,3zsx,8,0,8,0.35107421875,0,-862850.5062629252,-821191.9559711263,-41663.02450521299,103.17781244020183,
8009,3zsx,9,0,8,0.35107421875,0,-862841.9329653493,-821191.9559711263,-41663.97451396285,322.7904734717429,
8010,3zsx,10,0,8,0.35107421875,0,-862853.9767873848,-821191.9559711263,-41663.976930335215,45.109062228139905,
8011,3zsx,11,0,8,0.35107421875,0,-862834.1529935857,-821191.9559711263,-41664.7085315734,519.1277326638948,
8012,3zsx,12,0,8,0.35107421875,0,-862844.6248269647,-821191.9559711263,-41663.918710187165,259.42780429808346,
8013,3zsx,13,0,8,0.35107421875,0,-862839.9711582623,-821191.9559711263,-41664.06635005771,370.1486102927503,
8014,3zsx,14,0,8,0.35107421875,0,-862861.8840634639,-821191.9559711263,-41664.67876107996,-121.05245454474858,
8015,3zsx,15,0,8,0.35107421875,0,-862856.2371010742,-821191.9559711263,-41664.181072786436,-2.3073729568990977,
8016,3zsx,16,0,8,0.35107421875,0,-862850.0522722721,-821191.9559711263,-41663.59752978393,126.86134613831439,
8017,3zsx,17,0,8,0.35107421875,0,-862854.7329344115,-821191.9559711263,-41664.65808446704,43.379684989665996,
8018,3zsx,18,0,8,0.35107421875,0,-862851.8105715031,-821191.9559711263,-41663.587031796626,86.07191328142002,
8019,3zsx,19,0,8,0.35107421875,0,-862826.1637981199,-821191.9559711263,-41664.39820529519,696.2066628495891,
8020,3zsx,20,0,8,0.35107421875,0,-862855.6107193648,-821191.9559711263,-41664.39859123537,17.153427007575342,
8021,3zsx,21,0,8,0.35107421875,0,-862829.9466717056,-821191.9559711263,-41664.25513263045,605.672191560844,
8022,3zsx,22,0,8,0.35107421875,0,-862831.7467610354,-821191.9559711263,-41662.67292471235,527.674564097537,
8023,3zsx,23,0,8,0.35107421875,0,-862833.0673635714,-821191.9559711263,-41649.20034141841,186.53559469960354,
8024,3zsx,24,0,8,0.35107421875,0,-862845.1769382325,-821191.9559711263,-41656.00909014055,64.29564459190945,
8025,3zsx,25,0,8,0.35107421875,0,-862854.7619444393,-821191.9559711263,-41663.642219975576,19.284306162056534,
8026,3zsx,26,0,8,0.35107421875,0,-862856.2846662218,-821191.9559711263,-41664.13938958948,-4.365488676026729,
8027,3zsx,27,0,8,0.35107421875,0,-862850.3454901833,-821191.9559711263,-41657.3271793872,-24.49813476793756,
8028,3zsx,28,0,8,0.35107421875,0,-862830.1270133525,-821191.9559711263,-41656.939565375535,432.81242579672784,
8029,3zsx,29,0,8,0.35107421875,0,-862847.4873966983,-821191.9559711263,-41654.197843745336,-30.753127499833077,
8030,3zsx,30,0,8,0.35107421875,0,-862849.1033464486,-821191.9559711263,-41661.96967084711,111.20477660332885,
8031,3zsx,31,0,8,0.35107421875,0,-862844.6600068172,-821191.9559711263,-41664.124640539274,263.3654043612373,
8032,3zsx,32,0,8,0.35107421875,0,-862826.2576422659,-821191.9559711263,-41655.69094248125,493.24831483737967,
8033,3zsx,33,0,8,0.35107421875,0,-862832.6725609115,-821191.9559711263,-41660.767032101736,462.37418406598005,
8034,3zsx,34,0,8,0.35107421875,0,-862852.7616506482,-821191.9559711263,-41664.15578468149,77.25526027096677,
8035,3zsx,35,0,8,0.35107421875,0,-862845.5991402529,-821191.9559711263,-41662.75412984191,210.10374535851324,
8036,3zsx,36,0,8,0.35107421875,0,-862843.4207934707,-821191.9559711263,-41661.6230239422,234.25369381993755,
8037,3zsx,37,0,8,0.35107421875,0,-862828.583616834,-821191.9559711263,-41662.48636372386,596.3162036503849,
8038,3zsx,38,0,8,0.35107421875,0,-862835.6745205338,-821191.9559711263,-41663.17393107717,448.65175955792074,
8039,3zsx,39,0,8,0.35107421875,0,-862845.2296464853,-821191.9559711263,-41658.738847985886,126.02987476555991,
8040,3zsx,40,0,8,0.35107421875,0,-862827.252212238,-821191.9559711263,-41663.96629382679,661.1471219425263,
8041,3zsx,41,0,8,0.35107421875,0,-862822.6657206677,-821191.9559711263,-41663.67344267665,760.1608222201338,
8042,3zsx,42,0,8,0.35107421875,0,-862830.7348885948,-821191.9559711263,-41663.99634499853,581.5276937213706,
8043,3zsx,43,0,8,0.35107421875,0,-862830.0824864766,-821191.9559711263,-41662.667285159216,565.9235959786059,
8044,3zsx,44,0,8,0.35107421875,0,-862843.4266415504,-821191.9559711263,-41655.10331864664,83.77085808873393,
8045,3zsx,45,0,8,0.35107421875,0,-862852.3232117407,-821191.9559711263,-41662.023708656416,38.19906051339038,
8046,3zsx,46,0,8,0.35107421875,0,-862839.0972450637,-821191.9559711263,-41663.522629454776,377.763032438332,
8047,3zsx,47,0,8,0.35107421875,0,-862813.3156559281,-821191.9559711263,-41661.347059205196,922.1307600509225,
8048,3zsx,48,0,8,0.35107421875,0,-862852.336393383,-821191.9559711263,-41660.409931018934,0.680488223977415,
8049,3zsx,49,0,8,0.35107421875,0,-862855.9801115653,-821191.9559711263,-41660.74483270942,-75.6226327492788,
8050,3zsx,50,0,8,0.35107421875,0,-862841.0160801227,-821191.9559711263,-41662.76793701952,316.1100237822718,
8051,3zsx,51,0,8,0.35107421875,0,-862800.9893229567,-821191.9559711263,-41660.98961718379,1198.1399422839525,
8052,3zsx,52,0,8,0.35107421875,0,-862832.0780671209,-821191.9559711263,-41662.220332220284,509.5974334562054,
8053,3zsx,53,0,8,0.35107421875,0,-862827.5353331825,-821191.9559711263,-41662.210378244505,614.1258225879719,
8054,3zsx,54,0,8,0.35107421875,0,-862819.9159762526,-821191.9559711263,-41654.55428700154,613.2787092047073,
8055,3zsx,55,0,8,0.35107421875,0,-862835.1368592046,-821191.9559711263,-41656.70378415285,311.84539173585677,
8056,3zsx,56,0,8,0.35107421875,0,-862823.1936522692,-821191.9559711263,-41655.93668116638,569.5724714105925,
8057,3zsx,57,0,8,0.35107421875,0,-862846.080776315,-821191.9559711263,-41648.64706788962,-126.31962298713846,
8058,3zsx,58,0,8,0.35107421875,0,-862841.9294289753,-821191.9559711263,-41663.100702360316,302.7214499373785,
8059,3zsx,59,0,8,0.35107421875,0,-862819.6695155167,-821191.9559711263,-41660.84158380332,763.9507374162908,
8060,3zsx,60,0,8,0.35107421875,0,-862841.6184383448,-821191.9559711263,-41664.35089714824,338.72324095209115,
8061,3zsx,61,0,8,0.35107421875,0,-862844.7098883203,-821191.9559711263,-41661.71341128646,206.61084205794825,
8062,3zsx,62,0,8,0.35107421875,0,-862844.437766325,-821191.9559711263,-41662.87446136778,239.66057528119936,
8063,3zsx,63,0,8,0.35107421875,0,-862857.7389356308,-821191.9559711263,-41660.61155886947,-119.25544699684548,
8064,3zsx,64,0,8,0.35107421875,0,-862823.3745082137,-821191.9559711263,-41661.37826307127,690.8876940434444,
8065,3zsx,65,0,8,0.35107421875,0,-862804.7950341515,-821191.9559711263,-41660.670485094175,1103.0187964282156,
8066,3zsx,66,0,8,0.35107421875,0,-862843.8370715792,-821191.9559711263,-41661.84624846285,229.80177232363775,
8067,3zsx,67,0,8,0.35107421875,0,-862836.3613651207,-821191.9559711263,-41661.18867273627,387.0316021812563,
8068,3zsx,68,0,8,0.35107421875,0,-862850.5748838454,-821191.9559711263,-41661.985142544,77.62710388655164,
8069,3zsx,69,0,8,0.35107421875,0,-862837.8642788343,-821191.9559711263,-41663.6754927188,409.7210197573867,
8070,3zsx,70,0,8,0.35107421875,0,-862845.915701669,-821191.9559711263,-41661.648375943354,177.3043750164316,
8071,3zsx,71,0,8,0.35107421875,0,-862851.2138094268,-821191.9559711263,-41661.75776119529,57.649591489736416,
8072,3zsx,72,0,8,0.35107421875,0,-862828.5018283543,-821191.9559711263,-41663.99500246355,632.9923266141885,
8073,3zsx,73,0,8,0.35107421875,0,-862847.7136308067,-821191.9559711263,-41661.79532606898,139.23189454093074,
8074,3zsx,74,0,8,0.35107421875,0,-862846.9624977971,-821191.9559711263,-41663.29322130983,191.0957180818713,
8075,3zsx,75,0,8,0.35107421875,0,-862830.7060790918,-821191.9559711263,-41661.514592722044,524.9614895692398,
8076,3zsx,76,0,8,0.35107421875,0,-862843.5235877454,-821191.9559711263,-41661.39622814962,226.65316630922032,
8077,3zsx,77,0,8,0.35107421875,0,-862839.5895891301,-821191.9559711263,-41664.047401502714,378.51083945800997,
8078,3zsx,78,0,8,0.35107421875,0,-862809.8076801414,-821191.9559711263,-41661.51046772306,1006.7948934107699,
8079,3zsx,79,0,8,0.35107421875,0,-862785.3281387947,-821191.9559711263,-41661.51753719153,1571.4695533228908,
8080,3zsx,80,0,8,0.35107421875,0,-862838.5213318435,-821191.9559711263,-41661.49609966585,344.3110196734929,
8081,3zsx,81,0,8,0.35107421875,0,-862846.8787155858,-821191.9559711263,-41661.82759495078,159.2296350180818,
8082,3zsx,82,0,8,0.35107421875,0,-862841.6503733958,-821191.9559711263,-41660.977258995226,260.1888571910858,
8083,3zsx,83,0,8,0.35107421875,0,-862848.3986456655,-821191.9559711263,-41664.55066747962,186.97475901359996,
8084,3zsx,84,0,8,0.35107421875,0,-862844.3754518747,-821191.9559711263,-41660.875053599564,194.99014217051814,
8085,3zsx,85,0,8,0.35107421875,0,-862831.2398073188,-821191.9559711263,-41661.15520711248,504.3657952225853,
8086,3zsx,86,0,8,0.35107421875,0,-862857.4725792969,-821191.9559711263,-41663.48163302248,-46.92764173698301,
8087,3zsx,87,0,8,0.35107421875,0,-862853.131151896,-821191.9559711263,-41663.99836410584,65.10415435906046,
8088,3zsx,88,0,8,0.35107421875,0,-862842.343753573,-821191.9559711263,-41664.02897723028,314.57342477371475,
8089,3zsx,89,0,8,0.35107421875,0,-862824.9995009861,-821191.9559711263,-41663.600667551145,704.6643352993702,
8090,3zsx,90,0,8,0.35107421875,0,-862846.0559156204,-821191.9559711263,-41664.0070457012,228.46318124944636,
8091,3zsx,91,0,8,0.35107421875,0,-862843.6537633054,-821191.9559711263,-41664.23066772519,289.01497598657045,
8092,3zsx,92,0,8,0.35107421875,0,-862851.9018392831,-821191.9559711263,-41664.268148496834,99.67415252022957,
8093,3zsx,93,0,8,0.35107421875,0,-862844.7328080497,-821191.9559711263,-41663.36096043883,244.07568657458427,
8094,3zsx,94,0,8,0.35107421875,0,-862856.2214711721,-821191.9559711263,-41664.02301628893,-5.591808271909928,
8095,3zsx,95,0,8,0.35107421875,0,-862841.6561697535,-821191.9559711263,-41664.14270575343,333.0521263786583,
8096,3zsx,96,0,8,0.35107421875,0,-862852.0363201168,-821191.9559711263,-41663.549710348336,80.00537353388091,
8097,3zsx,97,0,8,0.35107421875,0,-862847.9882094376,-821191.9559711263,-41663.93628437816,182.27163238129538,
8098,3zsx,98,0,8,0.35107421875,0,-862841.0377319718,-821191.9559711263,-41663.69847662752,337.06947341792056,
8099,3zsx,99,0,8,0.35107421875,0,-862851.1899670324,-821191.9559711263,-41664.34280283748,117.81188659892817,
8100,3zsx,100,0,8,0.35107421875,0,-862845.843535003,-821191.9559711263,-41663.93088455507,231.60447688198587,
9001,3zt2,1,0,9,0.35107421875,-1,-850286.0918957737,-821191.9559711263,-29100.33116735938,142.86569088357533,
9002,3zt2,2,0,9,0.35107421875,-1,-850286.4728603499,-821191.9559711263,-29100.31620978239,133.73550913119445,
9003,3zt2,3,0,9,0.35107421875,-1,-850278.9322732697,-821191.9559711263,-29100.358570594817,308.6024417056467,
9004,3zt2,4,0,9,0.35107421875,-1,-850293.8714949932,-821191.9559711263,-29100.32969873073,-36.569996403428604,
9005,3zt2,5,0,9,0.35107421875,-1,-850286.5584736761,-821191.9559711263,-29100.406750608712,133.8491399841142,
9006,3zt2,6,0,9,0.35107421875,-1,-850290.0060341498,-821191.9559711263,-29100.402860899,54.256807944692014,
9007,3zt2,7,0,9,0.35107421875,-1,-850285.6440934847,-821191.9559711263,-29100.291103292733,152.26835766071787,
9008,3zt2,8,0,9,0.35107421875,-1,-850290.0800194439,-821191.9559711263,-29100.342233349107,51.15256201739181,
9009,3zt2,9,0,9,0.35107421875,-1,-850289.8847834315,-821191.9559711263,-29100.34294821742,55.67129667316487,
9010,3zt2,10,0,9,0.35107421875,-1,-850278.7859691819,-821191.9559711263,-29100.277097184688,310.09747264964426,
9011,3zt2,11,0,9,0.35107421875,-1,-850281.2962259214,-821191.9559711263,-29100.257785100966,251.7642298120703,
9012,3zt2,12,0,9,0.35107421875,-1,-850289.0778847631,-821191.9559711263,-29100.324156035207,73.84546399366292,
9013,3zt2,13,0,9,0.35107421875,-1,-850286.9841586795,-821191.9559711263,-29100.31823732379,121.99144576185395,
9014,3zt2,14,0,9,0.35107421875,-1,-850286.1915048944,-821191.9559711263,-29100.37531526807,141.58672495009054,
9015,3zt2,15,0,9,0.35107421875,-1,-850287.9355261038,-821191.9559711263,-29100.3413823736,100.58612929667126,
9016,3zt2,16,0,9,0.35107421875,-1,-850289.7978396412,-821191.9559711263,-29100.341218639634,57.63638309705076,
9017,3zt2,17,0,9,0.35107421875,-1,-850276.0863258089,-821191.9559711263,-29100.316257525712,373.25578669612787,
9018,3zt2,18,0,9,0.35107421875,-1,-850289.1766515067,-821191.9559711263,-29100.301173706084,71.03786367984691,
9019,3zt2,19,0,9,0.35107421875,-1,-850285.2501590858,-821191.9559711263,-29100.324348275095,162.11934821431853,
9020,3zt2,20,0,9,0.35107421875,-1,-850288.108688831,-821191.9559711263,-29100.34321161034,96.63508514602673,
9021,3zt2,21,0,9,0.35107421875,-1,-850291.4209813918,-821191.9559711263,-29100.332738895446,20.010297575543312,
9022,3zt2,22,0,9,0.35107421875,-1,-850288.4743445354,-821191.9559711263,-29100.340241123467,88.13436323054513,
9023,3zt2,23,0,9,0.35107421875,-1,-850290.0432824652,-821191.9559711263,-29100.342451502114,52.00476759933374,
9024,3zt2,24,0,9,0.35107421875,-1,-850280.3054267314,-821191.9559711263,-29100.32152820053,276.0825527201991,
9025,3zt2,25,0,9,0.35107421875,-1,-850282.3283774253,-821191.9559711263,-29100.342893559962,229.92489837615523,
9026,3zt2,26,0,9,0.35107421875,-1,-850291.4431466298,-821191.9559711263,-29100.302872855693,18.810427805256058,
9027,3zt2,27,0,9,0.35107421875,-1,-850263.9945086549,-821191.9559711263,-29100.304074515134,651.8187676361243,
9028,3zt2,28,0,9,0.35107421875,-1,-850291.3419211652,-821191.9559711263,-29100.33692323091,21.929962779767976,
9029,3zt2,29,0,9,0.35107421875,-1,-850289.1800416406,-821191.9559711263,-29100.320739496976,71.41088319014244,
9030,3zt2,30,0,9,0.35107421875,-1,-850288.3728563925,-821191.9559711263,-29100.340749491483,90.48645864805789,
9031,3zt2,31,0,9,0.35107421875,-1,-850290.7721118788,-821191.9559711263,-29100.29716693285,34.15327506995115,
9032,3zt2,32,0,9,0.35107421875,-1,-850291.1029862162,-821191.9559711263,-29100.306883264802,26.74719552529378,
9033,3zt2,33,0,9,0.35107421875,-1,-850290.607183158,-821191.9559711263,-29100.325527448684,38.6106307564298,
9034,3zt2,34,0,9,0.35107421875,-1,-850295.4828705924,-821191.9559711263,-29100.304743756085,-74.30467586753143,
9035,3zt2,35,0,9,0.35107421875,-1,-850281.1786118458,-821191.9559711263,-29100.33891193989,256.3473041759683,
9036,3zt2,36,0,9,0.35107421875,-1,-850277.0981022414,-821191.9559711263,-29100.339576233648,350.4614100600049,
9037,3zt2,37,0,9,0.35107421875,-1,-850283.4991657134,-821191.9559711263,-29100.306274522572,202.0814239952795,
9038,3zt2,38,0,9,0.35107421875,-1,-850289.5784301745,-821191.9559711263,-29100.34082694772,62.687052968703014,
9039,3zt2,39,0,9,0.35107421875,-1,-850286.4405226569,-821191.9559711263,-29100.31113397005,134.36418303484712,
9040,3zt2,40,0,9,0.35107421875,-1,-850290.9964011457,-821191.9559711263,-29100.32523079636,29.628209770423535,
9041,3zt2,41,0,9,0.35107421875,-1,-850273.1762653884,-821191.9559711263,-29100.339579333096,440.90118786811365,
9042,3zt2,42,0,9,0.35107421875,-1,-850262.7515345206,-821191.9559711263,-29100.285598475963,680.0563645268472,
9043,3zt2,43,0,9,0.35107421875,-1,-850286.9596132494,-821191.9559711263,-29100.334298182755,122.92784903281382,
9044,3zt2,44,0,9,0.35107421875,-1,-850258.3535072502,-821191.9559711263,-29100.284848023675,781.4599769165658,
9045,3zt2,45,0,9,0.35107421875,-1,-850254.2242538031,-821191.9559711263,-29100.303641308576,877.1162069824829,
9046,3zt2,46,0,9,0.35107421875,-1,-850268.4590156367,-821191.9559711263,-29100.304806340962,548.8816671472243,
9047,3zt2,47,0,9,0.35107421875,-1,-850294.4503801476,-821191.9559711263,-29100.322220910817,-50.091847817115806,
9048,3zt2,48,0,9,0.35107421875,-1,-850276.6202296164,-821191.9559711263,-29100.318536852024,360.9962349193569,
9049,3zt2,49,0,9,0.35107421875,-1,-850290.0110810098,-821191.9559711263,-29100.337446142465,52.6319244671216,
9050,3zt2,50,0,9,0.35107421875,-1,-850285.7313307514,-821191.9559711263,-29100.347268838912,151.55182676329272,
9051,3zt2,51,0,9,0.35107421875,-1,-850285.2946232266,-821191.9559711263,-29100.340675760537,161.47050152807896,
9052,3zt2,52,0,9,0.35107421875,-1,-850261.8047379252,-821191.9559711263,-29100.341759700797,703.1851213140376,
9053,3zt2,53,0,9,0.35107421875,-1,-850278.9423543956,-821191.9559711263,-29100.30192421797,307.0636689371579,
9054,3zt2,54,0,9,0.35107421875,-1,-850273.7225705674,-821191.9559711263,-29100.288221527368,427.1187520218622,
9055,3zt2,55,0,9,0.35107421875,-1,-850281.6541653435,-821191.9559711263,-29100.301414747268,244.51607419292725,
9056,3zt2,56,0,9,0.35107421875,-1,-850290.736538529,-821191.9559711263,-29099.840909857772,24.45207790159986,
9057,3zt2,57,0,9,0.35107421875,-1,-850286.3863555039,-821191.9559711263,-29100.30336545828,135.43416111933914,
9058,3zt2,58,0,9,0.35107421875,-1,-850289.8840038768,-821191.9559711263,-29100.33619873646,55.533626903349095,
9059,3zt2,59,0,9,0.35107421875,-1,-850269.4159476022,-821191.9559711263,-29100.28216226819,526.2921070619768,
9060,3zt2,60,0,9,0.35107421875,-1,-850289.1800538447,-821191.9559711263,-29100.320126731418,71.39647104858355,
9061,3zt2,61,0,9,0.35107421875,-1,-850257.1684524264,-821191.9559711263,-29098.342569459706,763.9979826369084,
9062,3zt2,62,0,9,0.35107421875,-1,-850280.2495008996,-821191.9559711263,-29098.51465431276,235.70473132612887,
9063,3zt2,63,0,9,0.35107421875,-1,-850265.1535893838,-821191.9559711263,-29098.537075642973,584.3417690399256,
9064,3zt2,64,0,9,0.35107421875,-1,-850280.9746833589,-821191.9559711263,-29098.60768217268,221.12689994982398,
9065,3zt2,65,0,9,0.35107421875,-1,-850278.7666010257,-821191.9559711263,-29098.262331162125,264.0825047114653,
9066,3zt2,66,0,9,0.35107421875,-1,-850231.980393528,-821191.9559711263,-29098.474398170143,1347.888461907194,
9067,3zt2,67,0,9,0.35107421875,-1,-850266.7686666559,-821191.9559711263,-29098.265364308387,540.831390130152,
9068,3zt2,68,0,9,0.35107421875,-1,-850282.2681826797,-821191.9559711263,-29098.1458992851,180.64913062854586,
9069,3zt2,69,0,9,0.35107421875,-1,-850282.5461939868,-821191.9559711263,-29098.443604548007,181.1032840379311,
9070,3zt2,70,0,9,0.35107421875,-1,-850265.7852121579,-821191.9559711263,-29098.377057482034,566.0860953936814,
9071,3zt2,71,0,9,0.35107421875,-1,-850270.1835283051,-821191.9559711263,-29098.592616696387,469.629429078273,
9072,3zt2,72,0,9,0.35107421875,-1,-850258.778392255,-821191.9559711263,-29098.29894729378,725.8659371732155,
9073,3zt2,73,0,9,0.35107421875,-1,-850265.4120160189,-821191.9559711263,-29098.364854921132,574.4108050679731,
9074,3zt2,74,0,9,0.35107421875,-1,-850264.3717227868,-821191.9559711263,-29098.290854398638,596.694044315571,
9075,3zt2,75,0,9,0.35107421875,-1,-850287.758531497,-821191.9559711263,-29100.36634989503,105.24348661588256,
9076,3zt2,76,0,9,0.35107421875,-1,-850258.4655627456,-821191.9559711263,-29098.245535824917,731.8482593046139,
9077,3zt2,77,0,9,0.35107421875,-1,-850289.3674293902,-821191.9559711263,-29098.32267035964,21.013050118316386,
9078,3zt2,78,0,9,0.35107421875,-1,-850281.9517716902,-821191.9559711263,-29098.543337051302,197.11087400324433,
9079,3zt2,79,0,9,0.35107421875,-1,-850290.290091605,-821191.9559711263,-29098.439784098893,2.436660967100118,
9080,3zt2,80,0,9,0.35107421875,-1,-850292.3207912293,-821191.9559711263,-29098.342814539097,-46.62855601850353,
9081,3zt2,81,0,9,0.35107421875,-1,-850289.0206704732,-821191.9559711263,-29100.30729212287,74.77596580552883,
9082,3zt2,82,0,9,0.35107421875,-1,-850289.8118506661,-821191.9559711263,-29098.570667911797,16.483411442595997,
9083,3zt2,83,0,9,0.35107421875,-1,-850285.2795006345,-821191.9559711263,-29098.58652353707,121.36752553505612,
9084,3zt2,84,0,9,0.35107421875,-1,-850273.0668669638,-821191.9559711263,-29098.32897125604,397.0582517421909,
9085,3zt2,85,0,9,0.35107421875,-1,-850286.3737176355,-821191.9559711263,-29100.303837884694,135.7364917001478,
9086,3zt2,86,0,9,0.35107421875,-1,-850268.3768409925,-821191.9559711263,-29098.37147692266,506.19302393771596,
9087,3zt2,87,0,9,0.35107421875,-1,-850276.0134707998,-821191.9559711263,-29098.57946932736,334.88457579878377,
9088,3zt2,88,0,9,0.35107421875,-1,-850284.9396609511,-821191.9559711263,-29100.359334994577,170.0864182189033,
9089,3zt2,89,0,9,0.35107421875,-1,-850285.4237263198,-821191.9559711263,-29100.37133382681,159.2003052765077,
9090,3zt2,90,0,9,0.35107421875,-1,-850287.0043838905,-821191.9559711263,-29100.32226790908,121.61798881997105,
9091,3zt2,91,0,9,0.35107421875,-1,-850284.9193523239,-821191.9559711263,-29100.41560982588,171.85247472860527,
9092,3zt2,92,0,9,0.35107421875,-1,-850287.7097002413,-821191.9559711263,-29100.31521095755,105.19027020843942,
9093,3zt2,93,0,9,0.35107421875,-1,-850286.7866596429,-821191.9559711263,-29100.322381575137,126.6414504472574,
9094,3zt2,94,0,9,0.35107421875,-1,-850296.1034957309,-821191.9559711263,-29100.32781200531,-88.08466509451914,
9095,3zt2,95,0,9,0.35107421875,-1,-850293.6181814973,-821191.9559711263,-29100.31286158088,-31.116722314699437,
9096,3zt2,96,0,9,0.35107421875,-1,-850289.9608241316,-821191.9559711263,-29100.313935686372,53.24871161199072,
9097,3zt2,97,0,9,0.35107421875,-1,-850291.7756566702,-821191.9559711263,-29100.398677099973,13.351862472631527,
9098,3zt2,98,0,9,0.35107421875,-1,-850283.2444676299,-821191.9559711263,-29100.39185126546,209.9283479048171,
9099,3zt2,99,0,9,0.35107421875,-1,-850276.0979048617,-821191.9559711263,-29100.41396598938,375.2419780955996,
9100,3zt2,100,0,9,0.35107421875,-1,-850289.4490094479,-821191.9559711263,-29100.320720453285,65.20789904721325,
10001,4cig,1,0,10,0.35107421875,0,-866031.8103914127,-821191.9559711263,-44842.66815430478,64.8862479142112,
10002,4cig,2,0,10,0.35107421875,0,-866030.9381515397,-821191.9559711263,-44843.10347557618,95.03932422711527,
10003,4cig,3,0,10,0.35107421875,0,-866015.5650358516,-821191.9559711263,-44844.16331029494,473.992163082681,
10004,4cig,4,0,10,0.35107421875,0,-866014.6871912947,-821191.9559711263,-44843.89976203992,488.1581723323257,
10005,4cig,5,0,10,0.35107421875,0,-866023.8752421305,-821191.9559711263,-44842.90860605792,253.4200866341085,
10006,4cig,6,0,10,0.35107421875,0,-866027.0568411214,-821191.9559711263,-44842.79741538121,177.4865530074719,
10007,4cig,7,0,10,0.35107421875,0,-866027.4720367956,-821191.9559711263,-44842.61406803687,163.68382310043668,
10008,4cig,8,0,10,0.35107421875,0,-866031.7908986381,-821191.9559711263,-44842.927218919554,71.3099339158697,
10009,4cig,9,0,10,0.35107421875,0,-866029.7656078205,-821191.9559711263,-44842.805076366225,115.19757549294133,
10010,4cig,10,0,10,0.35107421875,0,-866033.2124407751,-821191.9559711263,-44842.002245908516,17.19800910818312,
10011,4cig,11,0,10,0.35107421875,0,-866038.9355911481,-821191.9559711263,-44843.28338218291,-85.23726947628668,
10012,4cig,12,0,10,0.35107421875,0,-866020.0480127207,-821191.9559711263,-44843.74836493091,361.04339315487204,
10013,4cig,13,0,10,0.35107421875,0,-866033.8183514342,-821191.9559711263,-44842.92936909751,24.605346018315156,
10014,4cig,14,0,10,0.35107421875,0,-866028.2890424741,-821191.9559711263,-44842.60245526387,144.57542766523866,
10015,4cig,15,0,10,0.35107421875,0,-866033.2752415108,-821191.9559711263,-44843.50159919818,50.32569799001062,
10016,4cig,16,0,10,0.35107421875,0,-866026.8479392699,-821191.9559711263,-44842.9649359043,186.16705918254618,
10017,4cig,17,0,10,0.35107421875,0,-866036.8296334461,-821191.9559711263,-44842.959826117316,-44.13411128580423,
10018,4cig,18,0,10,0.35107421875,0,-866035.6393847627,-821191.9559711263,-44842.69745797469,-22.736677695864664,
10019,4cig,19,0,10,0.35107421875,0,-866024.0738441813,-821191.9559711263,-44843.91768968661,272.1102358274575,
10020,4cig,20,0,10,0.35107421875,0,-866006.164895924,-821191.9559711263,-44842.68804205016,656.7440455739119,
10021,4cig,21,0,10,0.35107421875,0,-866031.122384699,-821191.9559711263,-44835.150562113085,-92.60773466318508,
10022,4cig,22,0,10,0.35107421875,0,-866026.9357920898,-821191.9559711263,-44838.84143663003,89.05097278232789,
10023,4cig,23,0,10,0.35107421875,0,-866002.6935220977,-821191.9559711263,-44835.29657489617,566.3445458921195,
10024,4cig,24,0,10,0.35107421875,0,-866016.2002346388,-821191.9559711263,-44838.82318699912,336.19796238374363,
10025,4cig,25,0,10,0.35107421875,0,-866027.0343704392,-821191.9559711263,-44834.581733351486,-11.453389159379451,
10026,4cig,26,0,10,0.35107421875,0,-866017.1862938865,-821191.9559711263,-44839.999552851456,340.5865369412634,
10027,4cig,27,0,10,0.35107421875,0,-866027.3467186111,-821191.9559711263,-44831.128364389755,-98.29288923457801,
10028,4cig,28,0,10,0.35107421875,0,-866009.0417855703,-821191.9559711263,-44823.81207946495,155.11135623708932,
10029,4cig,29,0,10,0.35107421875,0,-866004.5578767225,-821191.9559711263,-44843.34511399821,708.9552278210966,
10030,4cig,30,0,10,0.35107421875,0,-865997.0763057632,-821191.9559711263,-44834.67710507466,681.5953183989456,
10031,4cig,31,0,10,0.35107421875,0,-866032.7702597546,-821191.9559711263,-44843.585160439805,63.897821942008186,
10032,4cig,32,0,10,0.35107421875,0,-866020.1099250785,-821191.9559711263,-44841.59275931672,309.9062138964819,
10033,4cig,33,0,10,0.35107421875,0,-866028.91086884,-821191.9559711263,-44843.11334872798,142.01725417930456,
10034,4cig,34,0,10,0.35107421875,0,-866028.0948425246,-821191.9559711263,-44843.246153240936,163.89781287805923,
10035,4cig,35,0,10,0.35107421875,0,-865982.5766161549,-821191.9559711263,-44842.83477050622,1204.0863380119765,
10036,4cig,36,0,10,0.35107421875,0,-865998.1799722931,-821191.9559711263,-44826.09730831339,458.28935000736874,
10037,4cig,37,0,10,0.35107421875,0,-866006.9932550954,-821191.9559711263,-44834.77397621239,455.1389354943079,
10038,4cig,38,0,10,0.35107421875,0,-866021.668728025,-821191.9559711263,-44837.26707757078,174.20677318590336,
10039,4cig,39,0,10,0.35107421875,0,-866013.2524026207,-821191.9559711263,-44831.656646972515,238.91224456833157,
10040,4cig,40,0,10,0.35107421875,0,-866003.65673727,-821191.9559711263,-44842.6377142723,713.4229720547492,
10041,4cig,41,0,10,0.35107421875,0,-865984.8485410527,-821191.9559711263,-44842.33905077533,1140.2629366740082,
10042,4cig,42,0,10,0.35107421875,0,-865974.0001718862,-821191.9559711263,-44842.60383785321,1396.538407796439,
10043,4cig,43,0,10,0.35107421875,0,-866004.7354997712,-821191.9559711263,-44840.37272745927,636.3142810592562,
10044,4cig,44,0,10,0.35107421875,0,-866023.166241633,-821191.9559711263,-44839.335145896235,187.36407753867786,
10045,4cig,45,0,10,0.35107421875,0,-866024.9877395349,-821191.9559711263,-44829.94479418353,-71.18731676917197,
10046,4cig,46,0,10,0.35107421875,0,-865967.537467183,-821191.9559711263,-44837.667101567524,1431.728075476795,
10047,4cig,47,0,10,0.35107421875,0,-866027.8439797183,-821191.9559711263,-44842.056727057294,142.25402722364075,
10048,4cig,48,0,10,0.35107421875,0,-865990.7257242671,-821191.9559711263,-44843.42197406844,1029.7046764464876,
10049,4cig,49,0,10,0.35107421875,0,-865982.4176872686,-821191.9559711263,-44836.19886988954,1054.7238216256721,
10050,4cig,50,0,10,0.35107421875,0,-866020.5235184295,-821191.9559711263,-44841.59560740544,300.43420312886064,
10051,4cig,51,0,10,0.35107421875,0,-866026.376140328,-821191.9559711263,-44839.34792793353,113.63681593358174,
10052,4cig,52,0,10,0.35107421875,0,-865987.324477928,-821191.9559711263,-44827.37674701766,738.1275544749396,
10053,4cig,53,0,10,0.35107421875,0,-866012.0756924317,-821191.9559711263,-44828.985353833,204.44634295314532,
10054,4cig,54,0,10,0.35107421875,0,-865993.2946922941,-821191.9559711263,-44841.558737164276,927.4956026358752,
10055,4cig,55,0,10,0.35107421875,0,-866001.821906479,-821191.9559711263,-44841.53847563823,730.3861301731813,
10056,4cig,56,0,10,0.35107421875,0,-866021.6583197734,-821191.9559711263,-44839.03118637754,215.12810868793827,
10057,4cig,57,0,10,0.35107421875,0,-866010.3879485148,-821191.9559711263,-44836.642531460086,419.9453531910489,
10058,4cig,58,0,10,0.35107421875,0,-866010.7125365896,-821191.9559711263,-44842.715262537735,552.5006798451564,
10059,4cig,59,0,10,0.35107421875,0,-866010.3177491595,-821191.9559711263,-44841.36541045268,530.4763656874128,
10060,4cig,60,0,10,0.35107421875,0,-866006.6678278616,-821191.9559711263,-44834.46431899623,455.50260074094246,
10061,4cig,61,0,10,0.35107421875,0,-866008.4279991701,-821191.9559711263,-44839.63088882522,534.0560167520608,
10062,4cig,62,0,10,0.35107421875,0,-866032.9244766249,-821191.9559711263,-44842.425365930336,33.59599966848999,
10063,4cig,63,0,10,0.35107421875,0,-866011.9915963131,-821191.9559711263,-44841.67094374259,498.9222983876285,
10064,4cig,64,0,10,0.35107421875,0,-866023.7419968119,-821191.9559711263,-44841.03054082944,213.1835836451649,
10065,4cig,65,0,10,0.35107421875,0,-866019.0277007091,-821191.9559711263,-44841.19873381213,325.776456735393,
10066,4cig,66,0,10,0.35107421875,0,-866030.2577648176,-821191.9559711263,-44838.742593323725,10.165081008709988,
10067,4cig,67,0,10,0.35107421875,0,-866023.0519648362,-821191.9559711263,-44840.79330671392,223.62535035837053,
10068,4cig,68,0,10,0.35107421875,0,-866026.7121731511,-821191.9559711263,-44841.09175563411,146.10133704189735,
10069,4cig,69,0,10,0.35107421875,0,-866015.5779315695,-821191.9559711263,-44841.2890776451,407.41340126334774,
10070,4cig,70,0,10,0.35107421875,0,-865999.4108682438,-821191.9559711263,-44841.14082146241,776.8158695755179,
10071,4cig,71,0,10,0.35107421875,0,-865995.339309411,-821191.9559711263,-44841.17776966651,871.5602926117334,
10072,4cig,72,0,10,0.35107421875,0,-866022.863894107,-821191.9559711263,-44841.647653227585,247.66406304565683,
10073,4cig,73,0,10,0.35107421875,0,-866018.9120258704,-821191.9559711263,-44841.821349268714,342.8018354016033,
10074,4cig,74,0,10,0.35107421875,0,-866012.2211657924,-821191.9559711263,-44841.25996661736,484.1509427748899,
10075,4cig,75,0,10,0.35107421875,0,-866027.5279254484,-821191.9559711263,-44841.00358915885,125.25647495250809,
10076,4cig,76,0,10,0.35107421875,0,-866023.9152467868,-821191.9559711263,-44841.626786356705,222.93809281389963,
10077,4cig,77,0,10,0.35107421875,0,-866012.4485878962,-821191.9559711263,-44841.46293461875,483.58701777767095,
10078,4cig,78,0,10,0.35107421875,0,-866016.5469787134,-821191.9559711263,-44840.727186089294,372.109116154773,
10079,4cig,79,0,10,0.35107421875,0,-865983.7276850959,-821191.9559711263,-44841.11152613721,1137.8030984465436,
10080,4cig,80,0,10,0.35107421875,0,-866013.6966733357,-821191.9559711263,-44841.2852740343,450.70853339680764,
10081,4cig,81,0,10,0.35107421875,0,-866001.690120937,-821191.9559711263,-44841.85112774924,740.6351059284407,
10082,4cig,82,0,10,0.35107421875,0,-866017.0117678059,-821191.9559711263,-44841.39644575669,376.82431962618944,
10083,4cig,83,0,10,0.35107421875,0,-866019.4957973527,-821191.9559711263,-44843.0381968077,357.4009160862062,
10084,4cig,84,0,10,0.35107421875,0,-865975.981522145,-821191.9559711263,-44840.041602617064,1291.760837167552,
10085,4cig,85,0,10,0.35107421875,0,-866013.734250577,-821191.9559711263,-44841.262540345946,449.3177303185724,
10086,4cig,86,0,10,0.35107421875,0,-866030.1445935831,-821191.9559711263,-44843.04953599526,112.09532915553298,
10087,4cig,87,0,10,0.35107421875,0,-866015.8298666199,-821191.9559711263,-44841.597903614835,408.7253370307295,
10088,4cig,88,0,10,0.35107421875,0,-866017.2388094089,-821191.9559711263,-44841.19173026637,366.8677645256513,
10089,4cig,89,0,10,0.35107421875,0,-866029.2392280862,-821191.9559711263,-44843.0147815998,132.1720981014837,
10090,4cig,90,0,10,0.35107421875,0,-866027.3167655183,-821191.9559711263,-44842.36288101031,161.4719533768794,
10091,4cig,91,0,10,0.35107421875,0,-866037.0291588175,-821191.9559711263,-44840.98871350844,-94.1902122534693,
10092,4cig,92,0,10,0.35107421875,0,-866037.0136185607,-821191.9559711263,-44843.1465302761,-44.071408639206815,
10093,4cig,93,0,10,0.35107421875,0,-866025.4204401838,-821191.9559711263,-44842.954904680984,218.85464462859062,
10094,4cig,94,0,10,0.35107421875,0,-866028.5808016374,-821191.9559711263,-44843.63924450232,161.7562293495283,
10095,4cig,95,0,10,0.35107421875,0,-866016.6812586355,-821191.9559711263,-44842.32541025243,405.86847234614874,
10096,4cig,96,0,10,0.35107421875,0,-866026.2471618974,-821191.9559711263,-44843.32215846137,208.2590623797304,
10097,4cig,97,0,10,0.35107421875,0,-866018.5509124714,-821191.9559711263,-44842.317052012244,362.5604850392616,
10098,4cig,98,0,10,0.35107421875,0,-865980.0479641868,-821191.9559711263,-44843.17755890443,1270.3033259222225,
10099,4cig,99,0,10,0.35107421875,0,-866017.4678601493,-821191.9559711263,-44842.527396207646,392.3869172935953,
10100,4cig,100,0,10,0.35107421875,0,-866031.4519581071,-821191.9559711263,-44842.743683701316,74.89366556428601,
11001,3r88,1,0,11,0.315185546875,-1,-840384.3555908083,-821191.9559711263,-19187.763336770517,-106.91522383639418,
11002,3r88,2,0,11,0.315185546875,-1,-840381.5963080705,-821191.9559711263,-19187.758463852388,-43.39702444349986,
11003,3r88,3,0,11,0.315185546875,-1,-840379.6935925973,-821191.9559711263,-19187.717421762925,-0.46581633275693246,
11004,3r88,4,0,11,0.315185546875,-1,-840358.342836085,-821191.9559711263,-19187.749951981288,492.64449009452653,
11005,3r88,5,0,11,0.315185546875,-1,-840378.7926133899,-821191.9559711263,-19187.33987840293,11.604901061735525,
11006,3r88,6,0,11,0.315185546875,-1,-840380.9911597995,-821191.9559711263,-19187.742223017198,-29.81649635313668,
11007,3r88,7,0,11,0.315185546875,-1,-840379.8739390713,-821191.9559711263,-19187.734317951184,-4.235069466199783,
11008,3r88,8,0,11,0.315185546875,-1,-840371.6764480949,-821191.9559711263,-19187.689656071645,183.77363587738824,
11009,3r88,9,0,11,0.315185546875,-1,-840374.049705538,-821191.9559711263,-19187.710840456468,129.53354261643108,
11010,3r88,10,0,11,0.315185546875,-1,-840354.8700385867,-821191.9559711263,-19185.865728371125,529.2778742253058,
11011,3r88,11,0,11,0.315185546875,-1,-840376.2521040034,-821191.9559711263,-19187.72259979723,79.01620430125637,
11012,3r88,12,0,11,0.315185546875,-1,-840384.8582477749,-821191.9559711263,-19187.401812158805,-126.84372445656187,
11013,3r88,13,0,11,0.315185546875,-1,-840380.9764601467,-821191.9559711263,-19187.443903826457,-36.356918273720616,
11014,3r88,14,0,11,0.315185546875,-1,-840350.9824368088,-821191.9559711263,-19187.709911845905,661.4559821998074,
11015,3r88,15,0,11,0.315185546875,-1,-840351.2317313296,-821191.9559711263,-19187.966444187146,661.6228903038018,
11016,3r88,16,0,11,0.315185546875,-1,-840376.5979776562,-821191.9559711263,-19187.25332724331,60.2184862139649,
11017,3r88,17,0,11,0.315185546875,-1,-840377.045149806,-821191.9559711263,-19186.681095682365,36.71047818399957,
11018,3r88,18,0,11,0.315185546875,-1,-840377.2698778538,-821191.9559711263,-19187.88701760052,59.337346361301606,
11019,3r88,19,0,11,0.315185546875,-1,-840355.8402791661,-821191.9559711263,-19187.091179184896,535.1631620406579,
11020,3r88,20,0,11,0.315185546875,-1,-840376.0823844553,-821191.9559711263,-19187.48577298997,77.46867414385116,
11021,3r88,21,0,11,0.315185546875,-1,-840367.6495096117,-821191.9559711263,-19187.91472875355,281.8273427274083,
11022,3r88,22,0,11,0.315185546875,-1,-840379.5446002663,-821191.9559711263,-19187.746293776017,3.635832881540292,
11023,3r88,23,0,11,0.315185546875,-1,-840375.3618306261,-821191.9559711263,-19187.841553502065,102.28953370074723,
11024,3r88,24,0,11,0.315185546875,-1,-840354.0780453563,-821191.9559711263,-19187.886508219224,594.1419623375151,
11025,3r88,25,0,11,0.315185546875,-1,-840379.4319537459,-821191.9559711263,-19187.379580252153,-2.223091404718105,
11026,3r88,26,0,11,0.315185546875,-1,-840379.8909712611,-821191.9559711263,-19187.869410656673,-1.5125292963502013,
11027,3r88,27,0,11,0.315185546875,-1,-840367.7119796765,-821191.9559711263,-19187.60675498126,273.28470490259633,
11028,3r88,28,0,11,0.315185546875,-1,-840380.3820778311,-821191.9559711263,-19187.869417868835,-12.837549527355321,
11029,3r88,29,0,11,0.315185546875,-1,-840372.9223131565,-821191.9559711263,-19187.415267072898,148.71574440299813,
11030,3r88,30,0,11,0.315185546875,-1,-840381.491758856,-821191.9559711263,-19187.61608516453,-44.26939282382941,
11031,3r88,31,0,11,0.315185546875,-1,-840382.3393748146,-821191.9559711263,-19187.907675497514,-57.09164835969284,
11032,3r88,32,0,11,0.315185546875,-1,-840372.1458909095,-821191.9559711263,-19187.95626141904,179.09609276332856,
11033,3r88,33,0,11,0.315185546875,-1,-840369.3697757302,-821191.9559711263,-19187.863466374856,240.97492508391855,
11034,3r88,34,0,11,0.315185546875,-1,-840366.9998037545,-821191.9559711263,-19187.422572605592,285.4605253320704,
11035,3r88,35,0,11,0.315185546875,-1,-840381.6327450764,-821191.9559711263,-19187.770419173223,-43.961585514498566,
11036,3r88,36,0,11,0.315185546875,-1,-840349.8229395777,-821191.9559711263,-19187.44209062336,682.0185194425106,
11037,3r88,37,0,11,0.315185546875,-1,-840379.3390013753,-821191.9559711263,-19187.839512758237,10.526736739895163,
11038,3r88,38,0,11,0.315185546875,-1,-840377.6056691734,-821191.9559711263,-19187.09184216736,33.25663346426537,
11039,3r88,39,0,11,0.315185546875,-1,-840377.6831637365,-821191.9559711263,-19187.436898492557,39.426754277463395,
11040,3r88,40,0,11,0.315185546875,-1,-840356.967510912,-821191.9559711263,-19174.95386850117,229.2755468917873,
11041,3r88,41,0,11,0.315185546875,-1,-840350.2643610267,-821191.9559711263,-19187.4608190584,672.2709869775229,
11042,3r88,42,0,11,0.315185546875,-1,-840379.5657829968,-821191.9559711263,-19187.35283779381,-5.925962986704157,
11043,3r88,43,0,11,0.315185546875,-1,-840377.3198742461,-821191.9559711263,-19187.909734271747,58.70826104789999,
11044,3r88,44,0,11,0.315185546875,-1,-840338.075486976,-821191.9559711263,-19187.121714763623,945.5331692167784,
11045,3r88,45,0,11,0.315185546875,-1,-840371.5671282886,-821191.9559711263,-19187.631982766372,184.9646324853368,
11046,3r88,46,0,11,0.315185546875,-1,-840370.2539056716,-821191.9559711263,-19187.41269620536,210.1913972260267,
11047,3r88,47,0,11,0.315185546875,-1,-840347.242661987,-821191.9559711263,-19187.24382378934,736.9489924317999,
11048,3r88,48,0,11,0.315185546875,-1,-840371.4528198572,-821191.9559711263,-19187.403095536214,182.3223826160988,
11049,3r88,49,0,11,0.315185546875,-1,-840374.5769764362,-821191.9559711263,-19187.259325646144,106.96220796856501,
11050,3r88,50,0,11,0.315185546875,-1,-840365.8652163772,-821191.9559711263,-19176.22293829201,53.355029040708395,
11051,3r88,51,0,11,0.315185546875,-1,-840381.3344611716,-821191.9559711263,-19187.42194440244,-45.11901438040186,
11052,3r88,52,0,11,0.315185546875,-1,-840363.1355637342,-821191.9559711263,-19187.439519368392,374.96281878287425,
11053,3r88,53,0,11,0.315185546875,-1,-840380.8117917953,-821191.9559711263,-19187.889141969663,-22.292140382389462,
11054,3r88,54,0,11,0.315185546875,-1,-840370.7807732702,-821191.9559711263,-19187.953732781392,210.5181416094824,
11055,3r88,55,0,11,0.315185546875,-1,-840349.949089606,-821191.9559711263,-19187.74083765624,685.9987009244189,
11056,3r88,56,0,11,0.315185546875,-1,-840358.6230181635,-821191.9559711263,-19187.85135345934,488.52171150715645,
11057,3r88,57,0,11,0.315185546875,-1,-840360.3418129114,-821191.9559711263,-19187.436835848075,439.3263598097264,
11058,3r88,58,0,11,0.315185546875,-1,-840363.8701197235,-821191.9559711263,-19173.85731663583,44.810519498588434,
11059,3r88,59,0,11,0.315185546875,-1,-840341.9363543433,-821191.9559711263,-19187.69603177188,869.7435174629695,
11060,3r88,60,0,11,0.315185546875,-1,-840363.3857041778,-821191.9559711263,-19187.869295828325,379.1053237305148,
11061,3r88,61,0,11,0.315185546875,-1,-840378.2360484479,-821191.9559711263,-19187.837712280732,35.91991547837831,
11062,3r88,62,0,11,0.315185546875,-1,-840378.0537067084,-821191.9559711263,-19187.403679453117,30.115781103159563,
11063,3r88,63,0,11,0.315185546875,-1,-840376.7364718956,-821191.9559711263,-19186.64877935527,43.08352769346015,
11064,3r88,64,0,11,0.315185546875,-1,-840379.3841622204,-821191.9559711263,-19187.951981716138,12.078898693265405,
11065,3r88,65,0,11,0.315185546875,-1,-840374.8866723506,-821191.9559711263,-19187.512224458438,105.65243567909278,
11066,3r88,66,0,11,0.315185546875,-1,-840380.0430292068,-821191.9559711263,-19187.40345387934,-15.76428737756009,
11067,3r88,67,0,11,0.315185546875,-1,-840375.5321432394,-821191.9559711263,-19187.72831403492,95.75066738837667,
11068,3r88,68,0,11,0.315185546875,-1,-840375.7744715095,-821191.9559711263,-19187.886861883384,93.81864496781837,
11069,3r88,69,0,11,0.315185546875,-1,-840375.4025242059,-821191.9559711263,-19187.08149343012,83.82371581627227,
11070,3r88,70,0,11,0.315185546875,-1,-840378.2275863467,-821191.9559711263,-19187.484465502483,27.968991942494466,
11071,3r88,71,0,11,0.315185546875,-1,-840357.0284624738,-821191.9559711263,-19187.39397829054,514.7457173018822,
11072,3r88,72,0,11,0.315185546875,-1,-840379.5801373454,-821191.9559711263,-19187.861006193143,5.46165955124777,
11073,3r88,73,0,11,0.315185546875,-1,-840374.4051815597,-821191.9559711263,-19187.75233399151,122.2929344633359,
11074,3r88,74,0,11,0.315185546875,-1,-840378.1799131064,-821191.9559711263,-19186.472658001167,5.7355277012869506,
11075,3r88,75,0,11,0.315185546875,-1,-840379.820894484,-821191.9559711263,-19187.62749659298,-5.475191262104795,
11076,3r88,76,0,11,0.315185546875,-1,-840377.4024634244,-821191.9559711263,-19187.43224694608,45.79259004095389,
11077,3r88,77,0,11,0.315185546875,-1,-840383.7431654958,-821191.9559711263,-19186.600075893384,-119.61779372103061,
11078,3r88,78,0,11,0.315185546875,-1,-840338.1379789738,-821191.9559711263,-19186.469965957385,929.0623849916708,
11079,3r88,79,0,11,0.315185546875,-1,-840374.6890396816,-821191.9559711263,-19186.977623693925,97.8817667952501,
11080,3r88,80,0,11,0.315185546875,-1,-840378.5114014776,-821191.9559711263,-19186.938937835675,8.843892687051639,
11081,3r88,81,0,11,0.315185546875,-1,-840344.8669545082,-821191.9559711263,-19186.552180819494,775.7844425887077,
11082,3r88,82,0,11,0.315185546875,-1,-840379.7408061055,-821191.9559711263,-19186.646645449382,-26.24727409310163,
11083,3r88,83,0,11,0.315185546875,-1,-840382.1644731206,-821191.9559711263,-19186.57826127885,-83.71533965439046,
11084,3r88,84,0,11,0.315185546875,-1,-840363.1198875338,-821191.9559711263,-19187.05623882292,366.4856612003389,
11085,3r88,85,0,11,0.315185546875,-1,-840380.1799290953,-821191.9559711263,-19186.938411824685,-29.64539834925626,
11086,3r88,86,0,11,0.315185546875,-1,-840334.2444481729,-821191.9559711263,-19186.73241274832,1024.9015050320209,
11087,3r88,87,0,11,0.315185546875,-1,-840353.4035576028,-821191.9559711263,-19187.66641034959,604.6204419890278,
11088,3r88,88,0,11,0.315185546875,-1,-840360.8791899562,-821191.9559711263,-19186.364489101154,402.2052473168458,
11089,3r88,89,0,11,0.315185546875,-1,-840366.6017448632,-821191.9559711263,-19186.763613514882,279.44402380448196,
11090,3r88,90,0,11,0.315185546875,-1,-840366.9936745791,-821191.9559711263,-19186.45885797618,263.3780801684954,
11091,3r88,91,0,11,0.315185546875,-1,-840370.2640170199,-821191.9559711263,-19186.457262061816,187.92538923017042,
11092,3r88,92,0,11,0.315185546875,-1,-840363.5543230355,-821191.9559711263,-19186.870899819118,352.19332157214956,
11093,3r88,93,0,11,0.315185546875,-1,-840359.1779966829,-821191.9559711263,-19186.45632212637,443.55341603536317,
11094,3r88,94,0,11,0.315185546875,-1,-840373.2861512033,-821191.9559711263,-19186.356368534547,115.90665933100036,
11095,3r88,95,0,11,0.315185546875,-1,-840380.3803503555,-821191.9559711263,-19187.33995422004,-25.007434792400872,
11096,3r88,96,0,11,0.315185546875,-1,-840372.5046045214,-821191.9559711263,-19187.589558385593,162.36758751477763,
11097,3r88,97,0,11,0.315185546875,-1,-840365.5440793214,-821191.9559711263,-19187.60503181098,323.2379374819644,
11098,3r88,98,0,11,0.315185546875,-1,-840381.2435827134,-821191.9559711263,-19187.356048219186,-44.54290943340872,
11099,3r88,99,0,11,0.315185546875,-1,-840378.7916307044,-821191.9559711263,-19187.69824167369,19.89161567334409,
11100,3r88,100,0,11,0.315185546875,-1,-840378.4089703739,-821191.9559711263,-19187.365961544496,21.053410715410656,
12001,4gkm,1,0,12,0.313720703125,-2,-846624.1987048509,-821191.9559711263,-25430.741524936737,-34.61869705468973,
12002,4gkm,2,0,12,0.313720703125,-2,-846624.2676052277,-821191.9559711263,-25430.262061836303,-47.2642592497895,
12003,4gkm,3,0,12,0.313720703125,-2,-846624.1607089179,-821191.9559711263,-25430.167622448982,-46.9769957939784,
12004,4gkm,4,0,12,0.313720703125,-2,-846628.7499689136,-821191.9559711263,-25430.592953683914,-142.99947414564426,
12005,4gkm,5,0,12,0.313720703125,-2,-846625.4504229845,-821191.9559711263,-25430.74265849787,-63.45786240629704,
12006,4gkm,6,0,12,0.313720703125,-2,-846622.2412707482,-821191.9559711263,-25430.38427341181,2.282389816887135,
12007,4gkm,7,0,12,0.313720703125,-2,-846623.7788794475,-821191.9559711263,-25430.06023132998,-40.64829706512976,
12008,4gkm,8,0,12,0.313720703125,-2,-846626.5842580324,-821191.9559711263,-25430.68310845095,-90.97797646420715,
12009,4gkm,9,0,12,0.313720703125,-2,-846621.4778250279,-821191.9559711263,-25429.91591310698,9.087221154611031,
12010,4gkm,10,0,12,0.313720703125,-2,-846621.7682010357,-821191.9559711263,-25430.524196269096,16.418334292670753,
12011,4gkm,11,0,12,0.313720703125,-2,-846620.3302874852,-821191.9559711263,-25430.67049396235,52.95111345371442,
12012,4gkm,12,0,12,0.313720703125,-2,-846620.953542066,-821191.9559711263,-25429.689892055572,15.965304206459589,
12013,4gkm,13,0,12,0.313720703125,-2,-846622.0790203931,-821191.9559711263,-25430.83522558409,16.42317602981079,
12014,4gkm,14,0,12,0.313720703125,-2,-846624.8311042909,-821191.9559711263,-25430.443555833877,-56.07350533843152,
12015,4gkm,15,0,12,0.313720703125,-2,-846624.7682446676,-821191.9559711263,-25430.334212662758,-57.14544141525697,
12016,4gkm,16,0,12,0.313720703125,-2,-846618.0175643837,-821191.9559711263,-25430.63653552729,105.5006750381261,
12017,4gkm,17,0,12,0.313720703125,-2,-846621.1262574913,-821191.9559711263,-25429.457397105278,6.620930959556614,
12018,4gkm,18,0,12,0.313720703125,-2,-846619.8875237082,-821191.9559711263,-25429.43643903929,34.70350613174137,
12019,4gkm,19,0,12,0.313720703125,-2,-846624.992999165,-821191.9559711263,-25430.605338813843,-56.07608567767591,
12020,4gkm,20,0,12,0.313720703125,-2,-846618.638031808,-821191.9559711263,-25430.133446814598,79.59085500117745,
12021,4gkm,21,0,12,0.313720703125,-2,-846623.0399347963,-821191.9559711263,-25430.083597781242,-23.06898542473516,
12022,4gkm,22,0,12,0.313720703125,-2,-846623.841158015,-821191.9559711263,-25425.26420521933,-152.68346447047927,
12023,4gkm,23,0,12,0.313720703125,-2,-846612.1128077043,-821191.9559711263,-25430.591528775276,240.62971851482217,
12024,4gkm,24,0,12,0.313720703125,-2,-846618.7520099109,-821191.9559711263,-25430.62377655703,88.26972998527569,
12025,4gkm,25,0,12,0.313720703125,-2,-846621.5076362016,-821191.9559711263,-25430.631350161613,24.898129576322145,
12026,4gkm,26,0,12,0.313720703125,-2,-846617.7988006894,-821191.9559711263,-25430.79139983851,114.11674152985947,
12027,4gkm,27,0,12,0.313720703125,-2,-846613.7414996015,-821191.9559711263,-25430.521227004112,201.44999376016952,
12028,4gkm,28,0,12,0.313720703125,-2,-846599.3235270804,-821191.9559711263,-25428.4563528319,486.319209092408,
12029,4gkm,29,0,12,0.313720703125,-2,-846623.2905217083,-821191.9559711263,-25426.681604268135,-107.29949102393357,
12030,4gkm,30,0,12,0.313720703125,-2,-846630.1557406161,-821191.9559711263,-25429.681325676025,-196.43998101037334,
12031,4gkm,31,0,12,0.313720703125,-2,-846623.7544344949,-821191.9559711263,-25430.52479458052,-29.37150000685084,
12032,4gkm,32,0,12,0.313720703125,-2,-846619.145625559,-821191.9559711263,-25429.576850654663,55.050052657582455,
12033,4gkm,33,0,12,0.313720703125,-2,-846618.6089059981,-821191.9559711263,-25430.329664470733,84.78739877806154,
12034,4gkm,34,0,12,0.313720703125,-2,-846622.1995391521,-821191.9559711263,-25430.313859822334,1.6209673369449888,
12035,4gkm,35,0,12,0.313720703125,-2,-846622.0957801478,-821191.9559711263,-25430.55554306704,9.587054842126408,
12036,4gkm,36,0,12,0.313720703125,-2,-846614.6863047305,-821191.9559711263,-25430.325355531753,175.1453664360642,
12037,4gkm,37,0,12,0.313720703125,-2,-846623.8188669207,-821191.9559711263,-25430.531576277794,-30.700957388905454,
12038,4gkm,38,0,12,0.313720703125,-2,-846621.1822038416,-821191.9559711263,-25430.134546281875,20.94620844720497,
12039,4gkm,39,0,12,0.313720703125,-2,-846624.8209422963,-821191.9559711263,-25429.21204769808,-84.23841644504868,
12040,4gkm,40,0,12,0.313720703125,-2,-846607.1472152893,-821191.9559711263,-25430.723690034927,358.1867109568059,
12041,4gkm,41,0,12,0.313720703125,-2,-846615.2648809077,-821191.9559711263,-25430.609781863273,168.36210984941977,
12042,4gkm,42,0,12,0.313720703125,-2,-846602.9486451417,-821191.9559711263,-25430.62093234259,452.6383899871585,
12043,4gkm,43,0,12,0.313720703125,-2,-846602.0427671063,-821191.9559711263,-25423.173965396465,301.7972962959371,
12044,4gkm,44,0,12,0.313720703125,-2,-846599.0792065684,-821191.9559711263,-25430.4033823033,536.8529401966559,
12045,4gkm,45,0,12,0.313720703125,-2,-846608.3461974384,-821191.9559711263,-25429.825869085373,309.8332828082093,
12046,4gkm,46,0,12,0.313720703125,-2,-846623.7425739889,-821191.9559711263,-25429.50151658255,-52.69534145654037,
12047,4gkm,47,0,12,0.313720703125,-2,-846634.7602931994,-821191.9559711263,-25430.72743642527,-278.4995991271576,
12048,4gkm,48,0,12,0.313720703125,-2,-846616.3404026901,-821191.9559711263,-25430.607583763183,143.5092989514837,
12049,4gkm,49,0,12,0.313720703125,-2,-846611.1931306394,-821191.9559711263,-25430.44837796885,258.5368394393897,
12050,4gkm,50,0,12,0.313720703125,-2,-846622.5689522002,-821191.9559711263,-25430.721032502235,2.491725131115294,
12051,4gkm,51,0,12,0.313720703125,-2,-846623.0582676964,-821191.9559711263,-25423.18460625607,-182.5862761943528,
12052,4gkm,52,0,12,0.313720703125,-2,-846603.6038201874,-821191.9559711263,-25429.494811179222,411.56072355710114,
12053,4gkm,53,0,12,0.313720703125,-2,-846621.1071581217,-821191.9559711263,-25427.071887256683,-47.94979107713743,
12054,4gkm,54,0,12,0.313720703125,-2,-846598.174162579,-821191.9559711263,-25429.51927733618,537.335805521992,
12055,4gkm,55,0,12,0.313720703125,-2,-846571.7017427069,-821191.9559711263,-25430.568751217903,1172.0057528204015,
12056,4gkm,56,0,12,0.313720703125,-2,-846620.0299871538,-821191.9559711263,-25430.81350672442,63.17415624778146,
12057,4gkm,57,0,12,0.313720703125,-2,-846619.1574319871,-821191.9559711263,-25430.16656065184,68.37682555415789,
12058,4gkm,58,0,12,0.313720703125,-2,-846618.4940443609,-821191.9559711263,-25430.506304623665,91.50958975027321,
12059,4gkm,59,0,12,0.313720703125,-2,-846617.2255106705,-821191.9559711263,-25428.425571801246,72.77983282030112,
12060,4gkm,60,0,12,0.313720703125,-2,-846619.8412827973,-821191.9559711263,-25430.203717352928,53.463705120016634,
12061,4gkm,61,0,12,0.313720703125,-2,-846586.2870881082,-821191.9559711263,-25430.352809669555,830.6799671630573,
12062,4gkm,62,0,12,0.313720703125,-2,-846601.386227486,-821191.9559711263,-25430.400264026703,483.57986481501274,
12063,4gkm,63,0,12,0.313720703125,-2,-846596.4448692483,-821191.9559711263,-25430.311464073242,595.4825172282821,
12064,4gkm,64,0,12,0.313720703125,-2,-846591.6584783022,-821191.9559711263,-25430.30791413981,705.7774511678214,
12065,4gkm,65,0,12,0.313720703125,-2,-846581.9131171228,-821191.9559711263,-25429.271548869194,906.6116678777914,
12066,4gkm,66,0,12,0.313720703125,-2,-846622.1162622843,-821191.9559711263,-25430.56914580065,9.428412042351878,
12067,4gkm,67,0,12,0.313720703125,-2,-846616.5131102634,-821191.9559711263,-25430.354541542114,133.6912754550636,
12068,4gkm,68,0,12,0.313720703125,-2,-846604.8765962843,-821191.9559711263,-25428.85644865233,367.4888199111773,
12069,4gkm,69,0,12,0.313720703125,-2,-846610.107826707,-821191.9559711263,-25428.816489340843,245.93229692353765,
12070,4gkm,70,0,12,0.313720703125,-2,-846613.2517557566,-821191.9559711263,-25428.575513007225,167.87452443158853,
12071,4gkm,71,0,12,0.313720703125,-2,-846617.0803269875,-821191.9559711263,-25427.499602677406,54.77449281421567,
12072,4gkm,72,0,12,0.313720703125,-2,-846620.6147755211,-821191.9559711263,-25428.874130012573,4.9655267084942425,
12073,4gkm,73,0,12,0.313720703125,-2,-846600.5090503963,-821191.9559711263,-25427.389404418052,434.37597703107315,
12074,4gkm,74,0,12,0.313720703125,-2,-846601.3686837379,-821191.9559711263,-25427.511864902557,417.3763670991067,
12075,4gkm,75,0,12,0.313720703125,-2,-846612.3455339955,-821191.9559711263,-25428.167734267296,179.3688935602674,
12076,4gkm,76,0,12,0.313720703125,-2,-846623.562692759,-821191.9559711263,-25427.768340231956,-88.51517788281656,
12077,4gkm,77,0,12,0.313720703125,-2,-846618.5981612178,-821191.9559711263,-25427.633510591568,22.860393808937992,
12078,4gkm,78,0,12,0.313720703125,-2,-846588.9845685635,-821191.9559711263,-25427.451968075813,701.5795937805118,
12079,4gkm,79,0,12,0.313720703125,-2,-846616.4969787436,-821191.9559711263,-25430.6571640988,141.0419190822131,
12080,4gkm,80,0,12,0.313720703125,-2,-846624.288136286,-821191.9559711263,-25426.18548453051,-141.7458226474672,
12081,4gkm,81,0,12,0.313720703125,-2,-846605.3596387478,-821191.9559711263,-25428.706993343414,352.90307477933396,
12082,4gkm,82,0,12,0.313720703125,-2,-846592.4292814259,-821191.9559711263,-25427.60340988833,625.6349592160884,
12083,4gkm,83,0,12,0.313720703125,-2,-846619.1928197878,-821191.9559711263,-25428.391946436943,26.6371875009501,
12084,4gkm,84,0,12,0.313720703125,-2,-846618.331732807,-821191.9559711263,-25428.920853974403,58.6912225733362,
12085,4gkm,85,0,12,0.313720703125,-2,-846601.5885442765,-821191.9559711263,-25427.646461011947,415.41012265089296,
12086,4gkm,86,0,12,0.313720703125,-2,-846620.6532884364,-821191.9559711263,-25430.46525430876,40.76959572083823,
12087,4gkm,87,0,12,0.313720703125,-2,-846614.6210500287,-821191.9559711263,-25427.292653801025,106.71441228988006,
12088,4gkm,88,0,12,0.313720703125,-2,-846620.0162754183,-821191.9559711263,-25430.73247862059,61.62180391592442,
12089,4gkm,89,0,12,0.313720703125,-2,-846601.6729770126,-821191.9559711263,-25430.74507498938,484.9187933381928,
12090,4gkm,90,0,12,0.313720703125,-2,-846622.6026650195,-821191.9559711263,-25430.454219939293,-4.43855481852674,
12091,4gkm,91,0,12,0.313720703125,-2,-846618.8798215376,-821191.9559711263,-25430.779696585716,88.91792513225197,
12092,4gkm,92,0,12,0.313720703125,-2,-846625.0987331842,-821191.9559711263,-25430.583640935005,-59.01473505731077,
12093,4gkm,93,0,12,0.313720703125,-2,-846615.5066139223,-821191.9559711263,-25430.49758506018,160.20029436020758,
12094,4gkm,94,0,12,0.313720703125,-2,-846628.5949145977,-821191.9559711263,-25429.67414665419,-160.61203013298214,
12095,4gkm,95,0,12,0.313720703125,-2,-846596.8398862762,-821191.9559711263,-25430.635331632675,593.8417715086149,
12096,4gkm,96,0,12,0.313720703125,-2,-846615.9531781202,-821191.9559711263,-25430.41759073931,148.05756645274633,
12097,4gkm,97,0,12,0.313720703125,-2,-846619.5582203092,-821191.9559711263,-25430.6854407807,71.10008731256718,
12098,4gkm,98,0,12,0.313720703125,-2,-846621.9775784134,-821191.9559711263,-25430.77214861113,17.307894101369314,
12099,4gkm,99,0,12,0.313720703125,-2,-846609.9386246932,-821191.9559711263,-25430.54445696074,289.68206800316943,
12100,4gkm,100,0,12,0.313720703125,-2,-846618.2298479502,-821191.9559711263,-25430.733786465706,102.84795961661636,
13001,3qqs,1,0,13,0.30419921875,-2,-845551.447544071,-821191.9559711263,-24360.254869766828,17.60204287609934,
13002,3qqs,2,0,13,0.30419921875,-2,-845552.0343196423,-821191.9559711263,-24360.584867425558,11.680603540483599,
13003,3qqs,3,0,13,0.30419921875,-2,-845553.5620129006,-821191.9559711263,-24359.81467110693,-41.30998895653714,
13004,3qqs,4,0,13,0.30419921875,-2,-845556.335121754,-821191.9559711263,-24360.45566565573,-90.47771285762498,
13005,3qqs,5,0,13,0.30419921875,-2,-845552.1888624012,-821191.9559711263,-24360.412659235593,4.145547657158083,
13006,3qqs,6,0,13,0.30419921875,-2,-845533.5185517998,-821191.9559711263,-24360.463055439588,435.85530236501825,
13007,3qqs,7,0,13,0.30419921875,-2,-845552.1392220601,-821191.9559711263,-24360.537365027067,8.166064985984189,
13008,3qqs,8,0,13,0.30419921875,-2,-845555.2496584537,-821191.9559711263,-24360.39585167944,-66.82567756539375,
13009,3qqs,9,0,13,0.30419921875,-2,-845524.66569494,-821191.9559711263,-24359.613222904798,620.4094276014628,
13010,3qqs,10,0,13,0.30419921875,-2,-845551.5801275702,-821191.9559711263,-24360.328268476125,16.237209197986093,
13011,3qqs,11,0,13,0.30419921875,-2,-845548.3149818523,-821191.9559711263,-24359.994533844587,83.83715476593979,
13012,3qqs,12,0,13,0.30419921875,-2,-845550.0329169662,-821191.9559711263,-24359.63210780203,35.86288681170425,
13013,3qqs,13,0,13,0.30419921875,-2,-845553.4060619354,-821191.9559711263,-24360.44203359663,-23.246351562440317,
13014,3qqs,14,0,13,0.30419921875,-2,-845550.0706745418,-821191.9559711263,-24351.73648232996,-147.08527241565287,
13015,3qqs,15,0,13,0.30419921875,-2,-845549.497425948,-821191.9559711263,-24359.049112983343,34.76742314858458,
13016,3qqs,16,0,13,0.30419921875,-2,-845535.050429869,-821191.9559711263,-24360.551936216947,402.5789942979976,
13017,3qqs,17,0,13,0.30419921875,-2,-845549.4110306083,-821191.9559711263,-24360.243942328092,64.31316626589518,
13018,3qqs,18,0,13,0.30419921875,-2,-845560.504317257,-821191.9559711263,-24359.737968392965,-203.17213722554916,
13019,3qqs,19,0,13,0.30419921875,-2,-845543.568690349,-821191.9559711263,-24352.196187444326,13.455096833132725,
13020,3qqs,20,0,13,0.30419921875,-2,-845534.715660307,-821191.9559711263,-24358.65366274893,366.5237376899935,
13021,3qqs,21,0,13,0.30419921875,-2,-845491.4840410828,-821191.9559711263,-24351.76485125005,1204.6087935383732,
13022,3qqs,22,0,13,0.30419921875,-2,-845545.8037778618,-821191.9559711263,-24359.098047681447,121.07343245791284,
13023,3qqs,23,0,13,0.30419921875,-2,-845544.9340976222,-821191.9559711263,-24359.02885539114,139.53312310011998,
13024,3qqs,24,0,13,0.30419921875,-2,-845549.0524094584,-821191.9559711263,-24360.619963832494,81.25442833398043,
13025,3qqs,25,0,13,0.30419921875,-2,-845553.2496675878,-821191.9559711263,-24359.641045518518,-38.11103611745735,
13026,3qqs,26,0,13,0.30419921875,-2,-845548.3298827289,-821191.9559711263,-24360.590175338384,97.22935154696103,
13027,3qqs,27,0,13,0.30419921875,-2,-845550.719451238,-821191.9559711263,-24358.970082827207,4.764371802338723,
13028,3qqs,28,0,13,0.30419921875,-2,-845552.7055514634,-821191.9559711263,-24350.028448887464,-247.23516459231243,
13029,3qqs,29,0,13,0.30419921875,-2,-845551.5272711694,-821191.9559711263,-24359.322483010885,-5.7378570707655605,
13030,3qqs,30,0,13,0.30419921875,-2,-845546.1119900675,-821191.9559711263,-24348.172916539308,-137.97361911426384,
13031,3qqs,31,0,13,0.30419921875,-2,-845551.1172352479,-821191.9559711263,-24359.324251957532,3.7585887878860844,
13032,3qqs,32,0,13,0.30419921875,-2,-845534.2846314193,-821191.9559711263,-24360.317482896444,414.83210406285434,
13033,3qqs,33,0,13,0.30419921875,-2,-845551.0663023918,-821191.9559711263,-24360.594319410917,34.221579607717594,
13034,3qqs,34,0,13,0.30419921875,-2,-845543.1033701481,-821191.9559711263,-24360.567267962095,217.22733825633142,
13035,3qqs,35,0,13,0.30419921875,-2,-845524.5963792847,-821191.9559711263,-24358.528403468725,596.9913540921518,
13036,3qqs,36,0,13,0.30419921875,-2,-845551.3552907439,-821191.9559711263,-24360.089869328138,15.924454630584483,
13037,3qqs,37,0,13,0.30419921875,-2,-845550.6840326815,-821191.9559711263,-24358.490065522787,-5.4883188886503325,
13038,3qqs,38,0,13,0.30419921875,-2,-845546.6917360903,-821191.9559711263,-24360.268362827894,127.58473766748627,
13039,3qqs,39,0,13,0.30419921875,-2,-845555.010597576,-821191.9559711263,-24358.012460060712,-116.27511918341472,
13040,3qqs,40,0,13,0.30419921875,-2,-845548.4046524944,-821191.9559711263,-24360.620605893728,96.20686507065781,
13041,3qqs,41,0,13,0.30419921875,-2,-845553.5756691425,-821191.9559711263,-24360.361539908048,-29.013815231650803,
13042,3qqs,42,0,13,0.30419921875,-2,-845547.1144218029,-821191.9559711263,-24357.58844620764,56.03702817186007,
13043,3qqs,43,0,13,0.30419921875,-2,-845542.8379104482,-821191.9559711263,-24360.412798114416,219.78682505231023,
13044,3qqs,44,0,13,0.30419921875,-2,-845548.1304972948,-821191.9559711263,-24352.300886459943,-89.32825377773737,
13045,3qqs,45,0,13,0.30419921875,-2,-845535.2479078352,-821191.9559711263,-24349.795876331926,149.98441076546268,
13046,3qqs,46,0,13,0.30419921875,-2,-845552.407170373,-821191.9559711263,-24360.20308167517,-5.721727125616589,
13047,3qqs,47,0,13,0.30419921875,-2,-845520.4152243776,-821191.9559711263,-24359.990619011518,727.1305682777938,
13048,3qqs,48,0,13,0.30419921875,-2,-845549.8152680576,-821191.9559711263,-24360.35431940138,57.536585009678596,
13049,3qqs,49,0,13,0.30419921875,-2,-845549.2132048785,-821191.9559711263,-24359.443215556737,50.409937961076366,
13050,3qqs,50,0,13,0.30419921875,-2,-845558.8545059146,-821191.9559711263,-24360.090894528028,-156.9879138352914,
13051,3qqs,51,0,13,0.30419921875,-2,-845551.578179677,-821191.9559711263,-24360.067246504423,10.262819018520137,
13052,3qqs,52,0,13,0.30419921875,-2,-845547.7480984809,-821191.9559711263,-24358.55312723696,63.67016984894363,
13053,3qqs,53,0,13,0.30419921875,-2,-845553.7301880001,-821191.9559711263,-24360.25041503489,-35.13970519065322,
13054,3qqs,54,0,13,0.30419921875,-2,-845549.3315630434,-821191.9559711263,-24359.643174596426,52.29169883693357,
13055,3qqs,55,0,13,0.30419921875,-2,-845547.1295734836,-821191.9559711263,-24359.42681879579,98.08150111436548,
13056,3qqs,56,0,13,0.30419921875,-2,-845549.9029012204,-821191.9559711263,-24360.259996243116,53.34057256615035,
13057,3qqs,57,0,13,0.30419921875,-2,-845543.4595587879,-821191.9559711263,-24360.481803961393,207.04258641631122,
13058,3qqs,58,0,13,0.30419921875,-2,-845530.1213599475,-821191.9559711263,-24356.11279613554,413.8770448089275,
13059,3qqs,59,0,13,0.30419921875,-2,-845542.6031829314,-821191.9559711263,-24336.051340528127,-336.58878771224533,
13060,3qqs,60,0,13,0.30419921875,-2,-845551.430056143,-821191.9559711263,-24360.44168824732,22.313460582109723,
13061,3qqs,61,0,13,0.30419921875,-2,-845548.1897990882,-821191.9559711263,-24359.146303959486,67.1632920491975,
13062,3qqs,62,0,13,0.30419921875,-2,-845542.9954690071,-821191.9559711263,-24359.94790012419,205.43263602965942,
13063,3qqs,63,0,13,0.30419921875,-2,-845529.7666883217,-821191.9559711263,-24360.316713758108,519.0006102103235,
13064,3qqs,64,0,13,0.30419921875,-2,-845553.3075217786,-821191.9559711263,-24359.792076893445,-35.962319206574065,
13065,3qqs,65,0,13,0.30419921875,-2,-845511.1643759786,-821191.9559711263,-24352.30159480154,763.1470896920154,
13066,3qqs,66,0,13,0.30419921875,-2,-845522.9841192545,-821191.9559711263,-24352.317025699016,490.93317948233255,
13067,3qqs,67,0,13,0.30419921875,-2,-845544.8192784386,-821191.9559711263,-24359.620039649602,155.8139492442665,
13068,3qqs,68,0,13,0.30419921875,-2,-845538.7064835908,-821191.9559711263,-24359.810457296964,301.1694824757234,
13069,3qqs,69,0,13,0.30419921875,-2,-845550.0411288171,-821191.9559711263,-24360.549712844488,56.83399200275309,
13070,3qqs,70,0,13,0.30419921875,-2,-845551.1855433913,-821191.9559711263,-24359.99253649294,17.59437307277946,
13071,3qqs,71,0,13,0.30419921875,-2,-845553.5050710784,-821191.9559711263,-24357.364436216947,-96.50063821952585,
13072,3qqs,72,0,13,0.30419921875,-2,-845534.6986631337,-821191.9559711263,-24360.29646582186,404.79964065771884,
13073,3qqs,73,0,13,0.30419921875,-2,-845514.0735591828,-821191.9559711263,-24359.63890368521,865.2620937239548,
13074,3qqs,74,0,13,0.30419921875,-2,-845555.777379963,-821191.9559711263,-24360.58086831152,-74.72863977648862,
13075,3qqs,75,0,13,0.30419921875,-2,-845529.6371365682,-821191.9559711263,-24360.31898040354,522.0404147042585,
13076,3qqs,76,0,13,0.30419921875,-2,-845550.4489662828,-821191.9559711263,-24356.154255040285,-53.93262831200886,
13077,3qqs,77,0,13,0.30419921875,-2,-845548.1967611938,-821191.9559711263,-24360.09219808161,88.81557872520827,
13078,3qqs,78,0,13,0.30419921875,-2,-845552.3766739698,-821191.9559711263,-24360.199442334768,-5.1023885437506955,
13079,3qqs,79,0,13,0.30419921875,-2,-845515.1301020579,-821191.9559711263,-24356.07880599081,758.7998330536295,
13080,3qqs,80,0,13,0.30419921875,-2,-845539.5387486997,-821191.9559711263,-24358.188734360334,244.57917377507903,
13081,3qqs,81,0,13,0.30419921875,-2,-845543.4651361584,-821191.9559711263,-24357.58048409998,140.00794376054662,
13082,3qqs,82,0,13,0.30419921875,-2,-845558.964598644,-821191.9559711263,-24357.691578574773,-214.85625278660794,
13083,3qqs,83,0,13,0.30419921875,-2,-845562.1577645733,-821191.9559711263,-24357.992791958448,-281.5462627913256,
13084,3qqs,84,0,13,0.30419921875,-2,-845535.7093651773,-821191.9559711263,-24357.145797558424,308.83616165013626,
13085,3qqs,85,0,13,0.30419921875,-2,-845532.10717884,-821191.9559711263,-24357.784569926855,406.6349927323938,
13086,3qqs,86,0,13,0.30419921875,-2,-845533.6341029735,-821191.9559711263,-24357.200245328542,357.9484403693256,
13087,3qqs,87,0,13,0.30419921875,-2,-845551.6356598781,-821191.9559711263,-24357.97090942442,-39.405387411322266,
13088,3qqs,88,0,13,0.30419921875,-2,-845550.4697532686,-821191.9559711263,-24357.942491598722,-13.174272905644303,
13089,3qqs,89,0,13,0.30419921875,-2,-845551.591035056,-821191.9559711263,-24360.247941918966,14.133302185425896,
13090,3qqs,90,0,13,0.30419921875,-2,-845542.5045650931,-821191.9559711263,-24360.530369825956,230.18521963559604,
13091,3qqs,91,0,13,0.30419921875,-2,-845552.3748222039,-821191.9559711263,-24357.334551878568,-71.12562920221295,
13092,3qqs,92,0,13,0.30419921875,-2,-845543.0317681612,-821191.9559711263,-24360.24171120703,211.3710021778832,
13093,3qqs,93,0,13,0.30419921875,-2,-845551.7525306224,-821191.9559711263,-24360.355224319097,12.883116872371085,
13094,3qqs,94,0,13,0.30419921875,-2,-845549.6993376495,-821191.9559711263,-24360.41430944979,61.59340711190661,
13095,3qqs,95,0,13,0.30419921875,-2,-845550.9684513853,-821191.9559711263,-24360.054616637823,24.03223581121266,
13096,3qqs,96,0,13,0.30419921875,-2,-845554.6147575262,-821191.9559711263,-24360.468069859144,-50.51912357079356,
13097,3qqs,97,0,13,0.30419921875,-2,-845543.302675727,-821191.9559711263,-24360.38278777182,208.37702816844606,
13098,3qqs,98,0,13,0.30419921875,-2,-845554.7058159886,-821191.9559711263,-24360.626198955175,-48.97243801573954,
13099,3qqs,99,0,13,0.30419921875,-2,-845556.7863997115,-821191.9559711263,-24360.415914245244,-101.80111908497365,
13100,3qqs,100,0,13,0.30419921875,-2,-845550.1638870419,-821191.9559711263,-24360.31403381407,48.56823253629078,
14001,3twp,1,0,14,0.30419921875,-1,-834658.5348183528,-821191.9559711263,-13491.692847690574,579.1426089210312,
14002,3twp,2,0,14,0.30419921875,-1,-834688.2641384319,-821191.9559711263,-13491.75197061061,-105.068391809181,
14003,3twp,3,0,14,0.30419921875,-1,-834636.9847420634,-821191.9559711263,-13491.74734791278,1077.355978925699,
14004,3twp,4,0,14,0.30419921875,-1,-834680.134087564,-821191.9559711263,-13492.557703754894,100.99568280813745,
14005,3twp,5,0,14,0.30419921875,-1,-834683.3300420955,-821191.9559711263,-13492.065702638618,15.949405194304433,
14006,3twp,6,0,14,0.30419921875,-1,-834681.7216283247,-821191.9559711263,-13491.990903458587,51.315397818353894,
14007,3twp,7,0,14,0.30419921875,-1,-834679.5451886536,-821191.9559711263,-13491.810920140735,97.35477504368085,
14008,3twp,8,0,14,0.30419921875,-1,-834684.4305558518,-821191.9559711263,-13491.672132394306,-18.504990364205355,
14009,3twp,9,0,14,0.30419921875,-1,-834684.5424302384,-821191.9559711263,-13492.06185968875,-12.097550094541136,
14010,3twp,10,0,14,0.30419921875,-1,-834685.0795762405,-821191.9559711263,-13492.392935655109,-16.849638009166792,
14011,3twp,11,0,14,0.30419921875,-1,-834683.8928211363,-821191.9559711263,-13492.002540311805,1.5148543478996277,
14012,3twp,12,0,14,0.30419921875,-1,-834681.9367333666,-821191.9559711263,-13491.626500568382,37.951627432701635,
14013,3twp,13,0,14,0.30419921875,-1,-834681.5895266101,-821191.9559711263,-13491.67718156337,47.12713695646415,
14014,3twp,14,0,14,0.30419921875,-1,-834681.3946765974,-821191.9559711263,-13492.232195518009,64.4194108408311,
14015,3twp,15,0,14,0.30419921875,-1,-834684.0489258947,-821191.9559711263,-13491.687929592124,-9.340102448576333,
14016,3twp,16,0,14,0.30419921875,-1,-834685.2085658177,-821191.9559711263,-13491.957849464408,-29.857534234399292,
14017,3twp,17,0,14,0.30419921875,-1,-834685.681969838,-821191.9559711263,-13492.131999216072,-36.75850160990396,
14018,3twp,18,0,14,0.30419921875,-1,-834682.9485134796,-821191.9559711263,-13491.780555686943,18.17201917333863,
14019,3twp,19,0,14,0.30419921875,-1,-834688.5886248084,-821191.9559711263,-13491.856741747848,-110.13514559295942,
14020,3twp,20,0,14,0.30419921875,-1,-834688.6758093253,-821191.9559711263,-13491.396452627174,-122.7601875992981,
14021,3twp,21,0,14,0.30419921875,-1,-834690.3215665534,-821191.9559711263,-13491.858885130874,-150.04830400630408,
14022,3twp,22,0,14,0.30419921875,-1,-834687.58487712,-821191.9559711263,-13491.400928399555,-97.49947953550024,
14023,3twp,23,0,14,0.30419921875,-1,-834683.5922837736,-821191.9559711263,-13491.858891687385,5.132794600965914,
14024,3twp,24,0,14,0.30419921875,-1,-834674.433107154,-821191.9559711263,-13491.85755934476,216.3177005756781,
14025,3twp,25,0,14,0.30419921875,-1,-834668.8533082023,-821191.9559711263,-13491.858857116691,345.02084851662863,
14026,3twp,26,0,14,0.30419921875,-1,-834694.3071210847,-821191.9559711263,-13491.856832346908,-242.0047132278006,
14027,3twp,27,0,14,0.30419921875,-1,-834677.5594221534,-821191.9559711263,-13491.859361073963,144.2647128604353,
14028,3twp,28,0,14,0.30419921875,-1,-834685.9566589311,-821191.9559711263,-13491.39820345401,-60.01471484918678,
14029,3twp,29,0,14,0.30419921875,-1,-834680.3916200266,-821191.9559711263,-13492.285403213493,88.77744347727,
14030,3twp,30,0,14,0.30419921875,-1,-834681.0805325225,-821191.9559711263,-13491.397963604919,52.42590037252142,
14031,3twp,31,0,14,0.30419921875,-1,-834682.6020818682,-821191.9559711263,-13491.856978735916,27.923279292857057,
14032,3twp,32,0,14,0.30419921875,-1,-834679.5764421389,-821191.9559711263,-13491.397222123138,87.0939496301539,
14033,3twp,33,0,14,0.30419921875,-1,-834683.5128893271,-821191.9559711263,-13491.859400353424,6.975404148393619,
14034,3twp,34,0,14,0.30419921875,-1,-834685.7220013159,-821191.9559711263,-13491.856371126167,-44.03778417204372,
14035,3twp,35,0,14,0.30419921875,-1,-834680.9527610568,-821191.9559711263,-13491.857833585731,65.97723405683372,
14036,3twp,36,0,14,0.30419921875,-1,-834681.3211954847,-821191.9559711263,-13491.857091746322,57.4638270869017,
14037,3twp,37,0,14,0.30419921875,-1,-834680.4418849364,-821191.9559711263,-13491.327520928375,65.529016867093,
14038,3twp,38,0,14,0.30419921875,-1,-834683.5310975924,-821191.9559711263,-13491.857572636596,6.513363424106174,
14039,3twp,39,0,14,0.30419921875,-1,-834682.0759747953,-821191.9559711263,-13491.85708697795,40.058092733192815,
14040,3twp,40,0,14,0.30419921875,-1,-834681.7367709145,-821191.9559711263,-13491.855132124416,47.835240056134246,
14041,3twp,41,0,14,0.30419921875,-1,-834682.043662192,-821191.9559711263,-13491.781285843841,39.055223388795206,
14042,3twp,42,0,14,0.30419921875,-1,-834680.5859343425,-821191.9559711263,-13491.857757768623,74.43471066496478,
14043,3twp,43,0,14,0.30419921875,-1,-834678.2056943208,-821191.9559711263,-13491.85792674779,129.3282462841342,
14044,3twp,44,0,14,0.30419921875,-1,-834683.4724887476,-821191.9559711263,-13491.858858845226,7.894576170296408,
14045,3twp,45,0,14,0.30419921875,-1,-834633.178013207,-821191.9559711263,-13491.857577583782,1167.6831883975117,
14046,3twp,46,0,14,0.30419921875,-1,-834676.2533164636,-821191.9559711263,-13491.857215962402,174.33475814517885,
14047,3twp,47,0,14,0.30419921875,-1,-834681.682075295,-821191.9559711263,-13491.39854558467,38.56741526719533,
14048,3twp,48,0,14,0.30419921875,-1,-834687.5299550011,-821191.9559711263,-13491.857159934036,-85.71199626292447,
14049,3twp,49,0,14,0.30419921875,-1,-834684.4409888998,-821191.9559711263,-13491.856078050128,-14.503694572520965,
14050,3twp,50,0,14,0.30419921875,-1,-834657.1443030253,-821191.9559711263,-13491.858570954792,615.0303234001152,
14051,3twp,51,0,14,0.30419921875,-1,-834683.5609096319,-821191.9559711263,-13491.399150869838,-4.745575616666705,
14052,3twp,52,0,14,0.30419921875,-1,-834673.9726694091,-821191.9559711263,-13491.398279986373,216.34441360225023,
14053,3twp,53,0,14,0.30419921875,-1,-834686.0182792412,-821191.9559711263,-13491.858672759525,-50.817038512418804,
14054,3twp,54,0,14,0.30419921875,-1,-834671.0854099557,-821191.9559711263,-13491.858380398742,293.53636589353584,
14055,3twp,55,0,14,0.30419921875,-1,-834689.3331680925,-821191.9559711263,-13491.857965848438,-127.27649317950781,
14056,3twp,56,0,14,0.30419921875,-1,-834666.112096475,-821191.9559711263,-13491.856789073936,408.18700247081136,
14057,3twp,57,0,14,0.30419921875,-1,-834685.7243253008,-821191.9559711263,-13491.397522888175,-54.67266827542032,
14058,3twp,58,0,14,0.30419921875,-1,-834663.9361042843,-821191.9559711263,-13491.856567225448,458.36145851633137,
14059,3twp,59,0,14,0.30419921875,-1,-834659.6872500062,-821191.9559711263,-13491.397435030929,545.7545258873062,
14060,3twp,60,0,14,0.30419921875,-1,-834689.1549655512,-821191.9559711263,-13491.858244678966,-123.16061496730633,
14061,3twp,61,0,14,0.30419921875,-1,-834663.4073346126,-821191.9559711263,-13491.858777246467,470.6061411169989,
14062,3twp,62,0,14,0.30419921875,-1,-834685.8977296219,-821191.9559711263,-13491.86026998519,-48.00026535139123,
14063,3twp,63,0,14,0.30419921875,-1,-834683.8997439774,-821191.9559711263,-13491.857545397273,-1.988452321521866,
14064,3twp,64,0,14,0.30419921875,-1,-834681.4898606553,-821191.9559711263,-13491.85672535657,53.5658667056139,
14065,3twp,65,0,14,0.30419921875,-1,-834684.911826165,-821191.9559711263,-13491.397488377086,-35.93678893814699,
14066,3twp,66,0,14,0.30419921875,-1,-834669.9874938593,-821191.9559711263,-13491.859513602249,318.881044843365,
14067,3twp,67,0,14,0.30419921875,-1,-834691.1829535248,-821191.9559711263,-13491.399727008335,-180.500797305634,
14068,3twp,68,0,14,0.30419921875,-1,-834680.9290748254,-821191.9559711263,-13491.858296535007,66.53412739434,
14069,3twp,69,0,14,0.30419921875,-1,-834682.2910976723,-821191.9559711263,-13491.39840378522,24.519755632745667,
14070,3twp,70,0,14,0.30419921875,-1,-834680.781531097,-821191.9559711263,-13491.85741754531,69.91629661516095,
14071,3twp,71,0,14,0.30419921875,-1,-834681.7090820404,-821191.9559711263,-13491.857368311874,48.52532837101723,
14072,3twp,72,0,14,0.30419921875,-1,-834656.7317712471,-821191.9559711263,-13491.858925065986,624.5516982014647,
14073,3twp,73,0,14,0.30419921875,-1,-834684.6768365965,-821191.9559711263,-13491.857692263118,-19.90524702627491,
14074,3twp,74,0,14,0.30419921875,-1,-834682.3026230797,-821191.9559711263,-13491.857644340984,34.8443122252962,
14075,3twp,75,0,14,0.30419921875,-1,-834681.7422710389,-821191.9559711263,-13491.856435677997,47.73846483362444,
14076,3twp,76,0,14,0.30419921875,-1,-834682.7199974671,-821191.9559711263,-13491.399668714992,14.658261373322519,
14077,3twp,77,0,14,0.30419921875,-1,-834681.5653725133,-821191.9559711263,-13491.856401882163,51.81706239576376,
14078,3twp,78,0,14,0.30419921875,-1,-834655.6792562768,-821191.9559711263,-13491.858509383193,648.8136841436473,
14079,3twp,79,0,14,0.30419921875,-1,-834680.6611430676,-821191.9559711263,-13491.398136935226,62.101248048290934,
14080,3twp,80,0,14,0.30419921875,-1,-834667.196852894,-821191.9559711263,-13491.400339803688,372.6459549556323,
14081,3twp,81,0,14,0.30419921875,-1,-834682.4423801169,-821191.9559711263,-13491.399140856258,21.04809684510999,
14082,3twp,82,0,14,0.30419921875,-1,-834674.0017408297,-821191.9559711263,-13491.103246889106,208.87038586706456,
14083,3twp,83,0,14,0.30419921875,-1,-834683.6134779336,-821191.9559711263,-13491.182145915023,-10.962082591805942,
14084,3twp,84,0,14,0.30419921875,-1,-834655.032620342,-821191.9559711263,-13490.787808082096,639.034504481447,
14085,3twp,85,0,14,0.30419921875,-1,-834666.3051457871,-821191.9559711263,-13491.142827830306,387.27084216745436,
14086,3twp,86,0,14,0.30419921875,-1,-834682.4139243085,-821191.9559711263,-13490.792187771789,7.707632740660499,
14087,3twp,87,0,14,0.30419921875,-1,-834678.6019328862,-821191.9559711263,-13490.709102890483,93.69826038564545,
14088,3twp,88,0,14,0.30419921875,-1,-834682.1643043177,-821191.9559711263,-13491.792996308795,36.5431996153727,
14089,3twp,89,0,14,0.30419921875,-1,-834684.2490570262,-821191.9559711263,-13490.698287746898,-36.77691908754026,
14090,3twp,90,0,14,0.30419921875,-1,-834665.9662772134,-821191.9559711263,-13490.746066532127,385.9358042245609,
14091,3twp,91,0,14,0.30419921875,-1,-834668.5457797827,-821191.9559711263,-13490.591723642341,322.8918302542842,
14092,3twp,92,0,14,0.30419921875,-1,-834684.0034787073,-821191.9559711263,-13490.915036997787,-26.115392049841592,
14093,3twp,93,0,14,0.30419921875,-1,-834681.639202328,-821191.9559711263,-13492.36927487611,61.94163862836074,
14094,3twp,94,0,14,0.30419921875,-1,-834677.6677388415,-821191.9559711263,-13490.964771471015,121.13714436611471,
14095,3twp,95,0,14,0.30419921875,-1,-834676.8595892369,-821191.9559711263,-13490.87507869958,137.70515253138265,
14096,3twp,96,0,14,0.30419921875,-1,-834682.2443720116,-821191.9559711263,-13492.16962160825,43.381980461525494,
14097,3twp,97,0,14,0.30419921875,-1,-834687.0648410484,-821191.9559711263,-13491.82415421962,-75.74734356737827,
14098,3twp,98,0,14,0.30419921875,-1,-834671.0931077615,-821191.9559711263,-13491.611169896118,287.65804065555983,
14099,3twp,99,0,14,0.30419921875,-1,-834677.7667363913,-821191.9559711263,-13492.024708232871,143.29692902684388,
14100,3twp,100,0,14,0.30419921875,-1,-834682.2789802863,-821191.9559711263,-13491.712920925609,32.05212675121331,
15001,3gc5,1,0,15,0.252685546875,1,-846357.0376902301,-821191.9559711263,-25193.562547293976,656.7835007366847,
15002,3gc5,2,0,15,0.252685546875,1,-846386.3597780542,-821191.9559711263,-25193.550413308218,-19.67972438380101,
15003,3gc5,3,0,15,0.252685546875,1,-846387.4586348927,-821191.9559711263,-25194.248882887438,-28.912873928042625,
15004,3gc5,4,0,15,0.252685546875,1,-846385.4840428608,-821191.9559711263,-25193.643206325843,2.6550667512770008,
15005,3gc5,5,0,15,0.252685546875,1,-846385.4975548018,-821191.9559711263,-25194.028946367576,11.238850673202354,
15006,3gc5,6,0,15,0.252685546875,1,-846353.1880281492,-821191.9559711263,-25194.60225136347,769.5349627086556,
15007,3gc5,7,0,15,0.252685546875,1,-846384.9229567891,-821191.9559711263,-25194.602353421524,37.71247642030821,
15008,3gc5,8,0,15,0.252685546875,1,-846369.2427851636,-821191.9559711263,-25194.70244923003,401.61408836382947,
15009,3gc5,9,0,15,0.252685546875,1,-846390.7557523329,-821191.9559711263,-25194.410662440136,-101.21548324669513,
15010,3gc5,10,0,15,0.252685546875,1,-846385.3249770476,-821191.9559711263,-25194.53874797888,26.974892668397665,
15011,3gc5,11,0,15,0.252685546875,1,-846385.8038702107,-821191.9559711263,-25194.7021228946,19.69886903480624,
15012,3gc5,12,0,15,0.252685546875,1,-846387.7881184447,-821191.9559711263,-25194.53438409932,-29.927130786528355,
15013,3gc5,13,0,15,0.252685546875,1,-846378.4829778749,-821191.9559711263,-25194.252094832733,178.1447632599347,
15014,3gc5,14,0,15,0.252685546875,1,-846384.9736483021,-821191.9559711263,-25194.536941615417,35.03507027686368,
15015,3gc5,15,0,15,0.252685546875,1,-846386.3679789251,-821191.9559711263,-25194.53242149718,2.7768058511986458,
15016,3gc5,16,0,15,0.252685546875,1,-846383.6074401664,-821191.9559711263,-25194.24724805124,59.8600860445866,
15017,3gc5,17,0,15,0.252685546875,1,-846387.4357662428,-821191.9559711263,-25194.730943766906,-17.268922364531626,
15018,3gc5,18,0,15,0.252685546875,1,-846387.5600977464,-821191.9559711263,-25194.734613624885,-20.051446015642288,
15019,3gc5,19,0,15,0.252685546875,1,-846375.0168055242,-821191.9559711263,-25194.530139399245,264.488456567217,
15020,3gc5,20,0,15,0.252685546875,1,-846383.1377041864,-821191.9559711263,-25194.603627560213,78.91076179242565,
15021,3gc5,21,0,15,0.252685546875,1,-846384.9367617745,-821191.9559711263,-25194.588808772638,37.08177887240226,
15022,3gc5,22,0,15,0.252685546875,1,-846373.4123881237,-821191.9559711263,-25194.532150787785,301.5335844945402,
15023,3gc5,23,0,15,0.252685546875,1,-846373.9814778066,-821191.9559711263,-25194.532171813324,288.4105495027976,
15024,3gc5,24,0,15,0.252685546875,1,-846368.5413292128,-821191.9559711263,-25194.702329722717,417.78729096277004,
15025,3gc5,25,0,15,0.252685546875,1,-846387.6493600834,-821191.9559711263,-25194.59724199541,-25.27774943865367,
15026,3gc5,26,0,15,0.252685546875,1,-846388.1036814376,-821191.9559711263,-25194.58706652887,-35.989300589563186,
15027,3gc5,27,0,15,0.252685546875,1,-846347.6393586493,-821191.9559711263,-25194.408472297266,893.0216696832299,
15028,3gc5,28,0,15,0.252685546875,1,-846383.8789416032,-821191.9559711263,-25194.539393407777,60.33614614238622,
15029,3gc5,29,0,15,0.252685546875,1,-846385.2552898157,-821191.9559711263,-25194.532814068272,28.445079183624625,
15030,3gc5,30,0,15,0.252685546875,1,-846388.2982311322,-821191.9559711263,-25194.25391894348,-48.158288956228176,
15031,3gc5,31,0,15,0.252685546875,1,-846383.540162245,-821191.9559711263,-25194.53919815786,68.1440811660221,
15032,3gc5,32,0,15,0.252685546875,1,-846356.2196304876,-821191.9559711263,-25194.528990758135,697.9351222866233,
15033,3gc5,33,0,15,0.252685546875,1,-846385.881049462,-821191.9559711263,-25194.698082966283,17.825910257212087,
15034,3gc5,34,0,15,0.252685546875,1,-846366.3492179139,-821191.9559711263,-25194.60025165744,465.9846023145103,
15035,3gc5,35,0,15,0.252685546875,1,-846372.5501578546,-821191.9559711263,-25194.257327226474,315.0795049760461,
15036,3gc5,36,0,15,0.252685546875,1,-846383.986700334,-821191.9559711263,-25194.727477667406,62.18849684274857,
15037,3gc5,37,0,15,0.252685546875,1,-846384.9912490923,-821191.9559711263,-25194.731566665247,39.11734668480116,
15038,3gc5,38,0,15,0.252685546875,1,-846349.7781040593,-821191.9559711263,-25194.54199012883,846.7800231990002,
15039,3gc5,39,0,15,0.252685546875,1,-846369.8420681155,-821191.9559711263,-25194.58709241219,385.13410377183214,
15040,3gc5,40,0,15,0.252685546875,1,-846366.3880286891,-821191.9559711263,-25194.700967607572,467.412169563141,
15041,3gc5,41,0,15,0.252685546875,1,-846367.9508880306,-821191.9559711263,-25194.740640608146,432.28665809322354,
15042,3gc5,42,0,15,0.252685546875,1,-846375.6497563197,-821191.9559711263,-25194.600314972475,251.51055163697126,
15043,3gc5,43,0,15,0.252685546875,1,-846343.0511348641,-821191.9559711263,-25194.70501857765,1005.6671434213303,
15044,3gc5,44,0,15,0.252685546875,1,-846381.9284532744,-821191.9559711263,-25194.540507657006,105.34117073979223,
15045,3gc5,45,0,15,0.252685546875,1,-846369.8455277312,-821191.9559711263,-25194.539278311207,383.9517037747249,
15046,3gc5,46,0,15,0.252685546875,1,-846370.3644246383,-821191.9559711263,-25194.74427833922,376.7130697806309,
15047,3gc5,47,0,15,0.252685546875,1,-846365.5911138451,-821191.9559711263,-25194.247549561336,475.33339389669123,
15048,3gc5,48,0,15,0.252685546875,1,-846364.077548467,-821191.9559711263,-25194.542968553975,517.0495645040386,
15049,3gc5,49,0,15,0.252685546875,1,-846372.2307163108,-821191.9559711263,-25194.706931380108,332.81412006507185,
15050,3gc5,50,0,15,0.252685546875,1,-846349.5470926388,-821191.9559711263,-25194.531268519833,851.8600269335087,
15051,3gc5,51,0,15,0.252685546875,1,-846324.9906860536,-821191.9559711263,-25194.70223480232,1422.0867916732095,
15052,3gc5,52,0,15,0.252685546875,1,-846367.9018593509,-821191.9559711263,-25194.406109688356,425.70282003053046,
15053,3gc5,53,0,15,0.252685546875,1,-846363.4271286208,-821191.9559711263,-25194.24320664771,525.13592869954,
15054,3gc5,54,0,15,0.252685546875,1,-846366.0097770764,-821191.9559711263,-25194.24935707219,465.72047261669707,
15055,3gc5,55,0,15,0.252685546875,1,-846358.5111012405,-821191.9559711263,-25194.537045387104,645.2782955431983,
15056,3gc5,56,0,15,0.252685546875,1,-846315.4289808947,-821191.9559711263,-25194.538049591258,1638.7987499196752,
15057,3gc5,57,0,15,0.252685546875,1,-846360.7916318107,-821191.9559711263,-25194.586379287317,593.8256780156507,
15058,3gc5,58,0,15,0.252685546875,1,-846347.4039767311,-821191.9559711263,-25194.73855238922,906.0615334134857,
15059,3gc5,59,0,15,0.252685546875,1,-846367.5462862346,-821191.9559711263,-25194.704175767973,440.7760979700773,
15060,3gc5,60,0,15,0.252685546875,1,-846385.5841389971,-821191.9559711263,-25194.696814981773,24.643587816560885,
15061,3gc5,61,0,15,0.252685546875,1,-846371.9438802827,-821191.9559711263,-25194.73852404721,340.15726022141627,
15062,3gc5,62,0,15,0.252685546875,1,-846336.7850629018,-821191.9559711263,-25194.589885783866,1147.5111703203272,
15063,3gc5,63,0,15,0.252685546875,1,-846369.4040706849,-821191.9559711263,-25194.54072972901,394.1654155960589,
15064,3gc5,64,0,15,0.252685546875,1,-846348.2097784955,-821191.9559711263,-25194.54289649196,882.9673711072855,
15065,3gc5,65,0,15,0.252685546875,1,-846377.6440800208,-821191.9559711263,-25194.24353965886,197.29292035285638,
15066,3gc5,66,0,15,0.252685546875,1,-846361.0465468542,-821191.9559711263,-25194.53272525735,586.7099061384403,
15067,3gc5,67,0,15,0.252685546875,1,-846336.8356221414,-821191.9559711263,-25194.73670103915,1149.7308867744973,
15068,3gc5,68,0,15,0.252685546875,1,-846382.6438306052,-821191.9559711263,-25194.538788599446,88.80453517731361,
15069,3gc5,69,0,15,0.252685546875,1,-846349.6153674204,-821191.9559711263,-25194.702189204767,854.2270976975614,
15070,3gc5,70,0,15,0.252685546875,1,-846368.869938366,-821191.9559711263,-25193.780284164026,388.94650816047846,
15071,3gc5,71,0,15,0.252685546875,1,-846373.5414940065,-821191.9559711263,-25194.313933221176,293.5241154759192,
15072,3gc5,72,0,15,0.252685546875,1,-846382.6507649947,-821191.9559711263,-25193.80358838804,71.69050471701463,
15073,3gc5,73,0,15,0.252685546875,1,-846356.0421629179,-821191.9559711263,-25193.923169223144,688.0570451817922,
15074,3gc5,74,0,15,0.252685546875,1,-846386.4988985733,-821191.9559711263,-25194.23780464895,-7.036298878822114,
15075,3gc5,75,0,15,0.252685546875,1,-846362.7587212867,-821191.9559711263,-25194.123121277913,537.7805335846807,
15076,3gc5,76,0,15,0.252685546875,1,-846380.5757800866,-821191.9559711263,-25194.019763854816,124.52591812955008,
15077,3gc5,77,0,15,0.252685546875,1,-846390.6087865013,-821191.9559711263,-25194.168111521303,-103.41972772459924,
15078,3gc5,78,0,15,0.252685546875,1,-846387.549938239,-821191.9559711263,-25194.227450696304,-31.512617181915626,
15079,3gc5,79,0,15,0.252685546875,1,-846393.3263308054,-821191.9559711263,-25194.129966256693,-166.96743882997112,
15080,3gc5,80,0,15,0.252685546875,1,-846390.2820711661,-821191.9559711263,-25193.853362200334,-103.14378487993233,
15081,3gc5,81,0,15,0.252685546875,1,-846380.2656033266,-821191.9559711263,-25194.017781314924,131.63304568250402,
15082,3gc5,82,0,15,0.252685546875,1,-846382.7857337968,-821191.9559711263,-25194.270193455293,79.33821867194474,
15083,3gc5,83,0,15,0.252685546875,1,-846379.272777403,-821191.9559711263,-25193.790055332258,149.27666946570724,
15084,3gc5,84,0,15,0.252685546875,1,-846383.4926265854,-821191.9559711263,-25194.253194121196,62.64486975129236,
15085,3gc5,85,0,15,0.252685546875,1,-846366.3515511084,-821191.9559711263,-25194.18685400255,456.39762117785534,
15086,3gc5,86,0,15,0.252685546875,1,-846385.0309724881,-821191.9559711263,-25194.258304399922,27.287616309194636,
15087,3gc5,87,0,15,0.252685546875,1,-846387.8203135526,-821191.9559711263,-25193.871236769035,-45.962108340815995,
15088,3gc5,88,0,15,0.252685546875,1,-846382.4380085844,-821191.9559711263,-25194.185913083627,85.41340102106545,
15089,3gc5,89,0,15,0.252685546875,1,-846387.2850758808,-821191.9559711263,-25194.285948713794,-24.055749771310644,
15090,3gc5,90,0,15,0.252685546875,1,-846354.5137263016,-821191.9559711263,-25194.20255780734,729.7464846871483,
15091,3gc5,91,0,15,0.252685546875,1,-846349.5016592238,-821191.9559711263,-25193.949233827665,839.4857075150203,
15092,3gc5,92,0,15,0.252685546875,1,-846369.8242751587,-821191.9559711263,-25194.170955327823,375.94806996477973,
15093,3gc5,93,0,15,0.252685546875,1,-846366.385790177,-821191.9559711263,-25194.395406512096,460.4173846196859,
15094,3gc5,94,0,15,0.252685546875,1,-846388.9605800734,-821191.9559711263,-25193.80054718025,-73.88741962636459,
15095,3gc5,95,0,15,0.252685546875,1,-846372.0056127703,-821191.9559711263,-25193.65816551216,313.82001556579985,
15096,3gc5,96,0,15,0.252685546875,1,-846387.078598224,-821191.9559711263,-25194.17164991565,-21.93005479128262,
15097,3gc5,97,0,15,0.252685546875,1,-846377.9275250513,-821191.9559711263,-25193.544304845407,174.63178481035553,
15098,3gc5,98,0,15,0.252685546875,1,-846389.0605600699,-821191.9559711263,-25193.935809907987,-73.0737805138787,
15099,3gc5,99,0,15,0.252685546875,1,-846386.9993057048,-821191.9559711263,-25194.025375259593,-23.47469956358996,
15100,3gc5,100,0,15,0.252685546875,1,-846389.0489502626,-821191.9559711263,-25193.60943400629,-80.33245909011875,
16001,3ge7,1,0,16,0.252685546875,1,-852761.7067637964,-821191.9559711263,-31598.173875418077,655.4518592042015,
16002,3ge7,2,0,16,0.252685546875,1,-852784.8383200538,-821191.9559711263,-31598.143407699237,121.32289744681208,
16003,3ge7,3,0,16,0.252685546875,1,-852789.9683675249,-821191.9559711263,-31598.68653484858,15.546001970644724,
16004,3ge7,4,0,16,0.252685546875,1,-852785.4937059964,-821191.9559711263,-31598.176290508876,106.96763417297842,
16005,3ge7,5,0,16,0.252685546875,1,-852785.1748525425,-821191.9559711263,-31598.427247133623,120.10776674748942,
16006,3ge7,6,0,16,0.252685546875,1,-852774.4797014814,-821191.9559711263,-31598.00162896193,356.92882114070363,
16007,3ge7,7,0,16,0.252685546875,1,-852769.4201346417,-821191.9559711263,-31598.285244163642,480.14552617471674,
16008,3ge7,8,0,16,0.252685546875,1,-852787.5094724083,-821191.9559711263,-31598.16505668364,60.22389825173831,
16009,3ge7,9,0,16,0.252685546875,1,-852794.4924865438,-821191.9559711263,-31597.96724240906,-105.36993876247985,
16010,3ge7,10,0,16,0.252685546875,1,-852789.826526947,-821191.9559711263,-31598.52778991736,15.156178323272881,
16011,3ge7,11,0,16,0.252685546875,1,-852786.1781841298,-821191.9559711263,-31597.882883783946,84.4170736261298,
16012,3ge7,12,0,16,0.252685546875,1,-852793.2370534772,-821191.9559711263,-31598.852826830516,-55.99690257224567,
16013,3ge7,13,0,16,0.252685546875,1,-852768.7147982492,-821191.9559711263,-31598.12598618544,492.7383935671113,
16014,3ge7,14,0,16,0.252685546875,1,-852792.3878440034,-821191.9559711263,-31598.048464101324,-54.96271207275419,
16015,3ge7,15,0,16,0.252685546875,1,-852791.3446906139,-821191.9559711263,-31598.211445954214,-27.14857262605836,
16016,3ge7,16,0,16,0.252685546875,1,-852760.0857220227,-821191.9559711263,-31598.232153963814,694.1779057535615,
16017,3ge7,17,0,16,0.252685546875,1,-852793.0178074761,-821191.9559711263,-31597.94978043116,-71.76571436281753,
16018,3ge7,18,0,16,0.252685546875,1,-852791.011995263,-821191.9559711263,-31598.354025256405,-16.188478756543468,
16019,3ge7,19,0,16,0.252685546875,1,-852792.7943724772,-821191.9559711263,-31597.932877477775,-67.00297224900106,
16020,3ge7,20,0,16,0.252685546875,1,-852778.9444498504,-821191.9559711263,-31598.016173121105,254.30467410519284,
16021,3ge7,21,0,16,0.252685546875,1,-852772.8418801351,-821191.9559711263,-31597.87892777152,391.8683219644286,
16022,3ge7,22,0,16,0.252685546875,1,-852779.0735128146,-821191.9559711263,-31598.151772615085,254.455410062109,
16023,3ge7,23,0,16,0.252685546875,1,-852777.9056380768,-821191.9559711263,-31598.519538607965,289.8681265816561,
16024,3ge7,24,0,16,0.252685546875,1,-852791.0749271597,-821191.9559711263,-31597.50061157025,-37.31990989829376,
16025,3ge7,25,0,16,0.252685546875,1,-852775.2317711634,-821191.9559711263,-31595.96580904774,292.6385597612506,
16026,3ge7,26,0,16,0.252685546875,1,-852790.2364660276,-821191.9559711263,-31594.054098245255,-97.4630222364031,
16027,3ge7,27,0,16,0.252685546875,1,-852792.582142957,-821191.9559711263,-31598.21821154333,-55.52888338091401,
16028,3ge7,28,0,16,0.252685546875,1,-852789.2961934737,-821191.9559711263,-31597.887701746593,12.625174871106102,
16029,3ge7,29,0,16,0.252685546875,1,-852760.9129878355,-821191.9559711263,-31597.893689331184,667.295523059508,
16030,3ge7,30,0,16,0.252685546875,1,-852737.8746075102,-821191.9559711263,-31569.14591139234,535.6336863085261,
16031,3ge7,31,0,16,0.252685546875,1,-852791.8804625501,-821191.9559711263,-31596.752330925832,-73.15175888896233,
16032,3ge7,32,0,16,0.252685546875,1,-852766.8002125106,-821191.9559711263,-31597.512292191903,522.7376698756171,
16033,3ge7,33,0,16,0.252685546875,1,-852785.0203128977,-821191.9559711263,-31591.97065512515,-25.221013217909515,
16034,3ge7,34,0,16,0.252685546875,1,-852779.9350213032,-821191.9559711263,-31597.88334054924,228.39836185931424,
16035,3ge7,35,0,16,0.252685546875,1,-852775.2179565211,-821191.9559711263,-31597.89543708838,337.4554127079111,
16036,3ge7,36,0,16,0.252685546875,1,-852765.9644525434,-821191.9559711263,-31598.123464759956,556.1047268128735,
16037,3ge7,37,0,16,0.252685546875,1,-852764.1171941385,-821191.9559711263,-31595.994126610043,549.5998133619987,
16038,3ge7,38,0,16,0.252685546875,1,-852782.8274052662,-821191.9559711263,-31597.927911665807,162.72623750180838,
16039,3ge7,39,0,16,0.252685546875,1,-852767.8233433595,-821191.9559711263,-31597.97247214292,509.75571376897517,
16040,3ge7,40,0,16,0.252685546875,1,-852776.4546994948,-821191.9559711263,-31598.18653419293,315.64830091206966,
16041,3ge7,41,0,16,0.252685546875,1,-852780.3404542877,-821191.9559711263,-31597.885114614437,219.08976604425044,
16042,3ge7,42,0,16,0.252685546875,1,-852757.5300667357,-821191.9559711263,-31598.04150400735,748.7162242979603,
16043,3ge7,43,0,16,0.252685546875,1,-852740.9224713823,-821191.9559711263,-31598.216071364055,1135.7220901752896,
16044,3ge7,44,0,16,0.252685546875,1,-852781.9932730878,-821191.9559711263,-31596.01147978432,137.76781343293635,
16045,3ge7,45,0,16,0.252685546875,1,-852776.2260896639,-821191.9559711263,-31596.38454566575,279.3653262294625,
16046,3ge7,46,0,16,0.252685546875,1,-852791.036456339,-821191.9559711263,-31597.99651854349,-24.996865220226024,
16047,3ge7,47,0,16,0.252685546875,1,-852792.5492604158,-821191.9559711263,-31598.514812138423,-47.930821757429854,
16048,3ge7,48,0,16,0.252685546875,1,-852785.7119427407,-821191.9559711263,-31597.99160399712,97.6760031549436,
16049,3ge7,49,0,16,0.252685546875,1,-852791.794548191,-821191.9559711263,-31598.47389404155,-31.47033812869217,
16050,3ge7,50,0,16,0.252685546875,1,-852742.8150791748,-821191.9559711263,-31597.13722817279,1067.1988026375025,
16051,3ge7,51,0,16,0.252685546875,1,-852776.500098475,-821191.9559711263,-31597.966996681436,309.53872027185196,
16052,3ge7,52,0,16,0.252685546875,1,-852797.2082775468,-821191.9559711263,-31598.793232095013,-148.94979242377894,
16053,3ge7,53,0,16,0.252685546875,1,-852756.589670427,-821191.9559711263,-31597.61823065258,760.641362910621,
16054,3ge7,54,0,16,0.252685546875,1,-852755.7797275406,-821191.9559711263,-31598.01675718702,788.5093297932249,
16055,3ge7,55,0,16,0.252685546875,1,-852784.7821757575,-821191.9559711263,-31598.25354334391,125.15740397910805,
16056,3ge7,56,0,16,0.252685546875,1,-852771.0620382512,-821191.9559711263,-31598.08763782359,437.72541899813274,
16057,3ge7,57,0,16,0.252685546875,1,-852783.3370194954,-821191.9559711263,-31598.219638940463,157.701644964833,
16058,3ge7,58,0,16,0.252685546875,1,-852729.6339655292,-821191.9559711263,-31597.73142654128,1384.8650442216695,
16059,3ge7,59,0,16,0.252685546875,1,-852745.8824144681,-821191.9559711263,-31598.02041116036,1016.8310539223602,
16060,3ge7,60,0,16,0.252685546875,1,-852753.263002717,-821191.9559711263,-31597.970814947555,845.4869297516568,
16061,3ge7,61,0,16,0.252685546875,1,-852752.8286683782,-821191.9559711263,-31598.13651339389,859.3240144949061,
16062,3ge7,62,0,16,0.252685546875,1,-852736.8095156922,-821191.9559711263,-31595.056324463836,1157.7036070675686,
16063,3ge7,63,0,16,0.252685546875,1,-852793.4359863632,-821191.9559711263,-31598.30728934382,-73.1647972104906,
16064,3ge7,64,0,16,0.252685546875,1,-852793.1929318542,-821191.9559711263,-31597.98730571247,-74.93882491486879,
16065,3ge7,65,0,16,0.252685546875,1,-852759.6041606293,-821191.9559711263,-31598.214735087524,704.8812864686847,
16066,3ge7,66,0,16,0.252685546875,1,-852772.0577059608,-821191.9559711263,-31596.634284243486,381.2496464082171,
16067,3ge7,67,0,16,0.252685546875,1,-852765.9950832358,-821191.9559711263,-31598.029438954363,553.2300796791196,
16068,3ge7,68,0,16,0.252685546875,1,-852769.7004869067,-821191.9559711263,-31598.12756982125,470.04439264401185,
16069,3ge7,69,0,16,0.252685546875,1,-852784.5585295184,-821191.9559711263,-31597.860370751987,121.24803340959126,
16070,3ge7,70,0,16,0.252685546875,1,-852776.3900592249,-821191.9559711263,-31598.090235855947,314.9182485406748,
16071,3ge7,71,0,16,0.252685546875,1,-852778.0617757817,-821191.9559711263,-31597.391097508887,260.24503563150495,
16072,3ge7,72,0,16,0.252685546875,1,-852759.7736790712,-821191.9559711263,-31598.298677605162,702.9078587742539,
16073,3ge7,73,0,16,0.252685546875,1,-852764.2836329116,-821191.9559711263,-31589.80208754405,402.96983102229547,
16074,3ge7,74,0,16,0.252685546875,1,-852791.1259628456,-821191.9559711263,-31598.152706441055,-23.459155816443126,
16075,3ge7,75,0,16,0.252685546875,1,-852768.448040091,-821191.9559711263,-31598.021970164547,496.4913164089945,
16076,3ge7,76,0,16,0.252685546875,1,-852757.5410245443,-821191.9559711263,-31597.946776893506,746.2790720893801,
16077,3ge7,77,0,16,0.252685546875,1,-852709.2765528037,-821191.9559711263,-31598.49490670539,1871.9244049268607,
16078,3ge7,78,0,16,0.252685546875,1,-852791.571746416,-821191.9559711263,-31598.123541843663,-34.411720757080715,
16079,3ge7,79,0,16,0.252685546875,1,-852779.599705555,-821191.9559711263,-31597.992767703305,238.65437683009614,
16080,3ge7,80,0,16,0.252685546875,1,-852785.307281279,-821191.9559711263,-31598.380789515148,115.98254940136762,
16081,3ge7,81,0,16,0.252685546875,1,-852789.347512312,-821191.9559711263,-31598.48796912707,25.28422898540207,
16082,3ge7,82,0,16,0.252685546875,1,-852781.7769001495,-821191.9559711263,-31598.300348040233,195.54004781805077,
16083,3ge7,83,0,16,0.252685546875,1,-852786.1344917198,-821191.9559711263,-31598.05354403756,89.3601634778459,
16084,3ge7,84,0,16,0.252685546875,1,-852791.9745706404,-821191.9559711263,-31598.861184206376,-26.690631062139857,
16085,3ge7,85,0,16,0.252685546875,1,-852777.5096358432,-821191.9559711263,-31598.019140255223,287.46069488308837,
16086,3ge7,86,0,16,0.252685546875,1,-852777.2979482489,-821191.9559711263,-31598.024398591886,292.46358690079205,
16087,3ge7,87,0,16,0.252685546875,1,-852789.8841575613,-821191.9559711263,-31598.421301525577,11.371504131805727,
16088,3ge7,88,0,16,0.252685546875,1,-852789.7797371531,-821191.9559711263,-31598.675703671346,19.64614880162992,
16089,3ge7,89,0,16,0.252685546875,1,-852758.687564276,-821191.9559711263,-31598.246570770214,726.7526487984242,
16090,3ge7,90,0,16,0.252685546875,1,-852790.7288588953,-821191.9559711263,-31598.127825554977,-14.87548803841504,
16091,3ge7,91,0,16,0.252685546875,1,-852793.3656967661,-821191.9559711263,-31598.111780223022,-76.05242802491212,
16092,3ge7,92,0,16,0.252685546875,1,-852782.1007931615,-821191.9559711263,-31598.098113146196,183.40725007554903,
16093,3ge7,93,0,16,0.252685546875,1,-852796.0458945407,-821191.9559711263,-31597.963314768444,-141.28295171960266,
16094,3ge7,94,0,16,0.252685546875,1,-852775.1469228488,-821191.9559711263,-31598.233221259485,346.882976140054,
16095,3ge7,95,0,16,0.252685546875,1,-852779.3434111555,-821191.9559711263,-31598.598474156628,258.53258872666123,
16096,3ge7,96,0,16,0.252685546875,1,-852798.011942991,-821191.9559711263,-31597.9100780604,-187.84877369786744,
16097,3ge7,97,0,16,0.252685546875,1,-852794.9713521077,-821191.9559711263,-31597.791295793424,-120.4702663480458,
16098,3ge7,98,0,16,0.252685546875,1,-852789.4699142646,-821191.9559711263,-31598.293780576954,17.983478554206307,
16099,3ge7,99,0,16,0.252685546875,1,-852784.3219094207,-821191.9559711263,-31598.420870375405,139.63005086678166,
16100,3ge7,100,0,16,0.252685546875,1,-852780.7470517242,-821191.9559711263,-31597.50296022422,200.9007168172705,
17001,3rr4,1,0,17,0.252685546875,0,-843793.7719353024,-821191.9559711263,-22604.88642513098,70.80651171233602,
17002,3rr4,2,0,17,0.252685546875,0,-843796.3841591513,-821191.9559711263,-22604.91603332104,11.249979782773634,
17003,3rr4,3,0,17,0.252685546875,0,-843789.4923943928,-821191.9559711263,-22604.964503341333,171.29559585497466,
17004,3rr4,4,0,17,0.252685546875,0,-843796.9970662184,-821191.9559711263,-22604.91645615639,-2.8742421380203296,
17005,3rr4,5,0,17,0.252685546875,0,-843800.1381830607,-821191.9559711263,-22604.915886216775,-75.32326044065556,
17006,3rr4,6,0,17,0.252685546875,0,-843793.4947297013,-821191.9559711263,-22604.836960845605,76.0583512166909,
17007,3rr4,7,0,17,0.252685546875,0,-843791.6052492908,-821191.9559711263,-22604.887844019548,120.80419846435811,
17008,3rr4,8,0,17,0.252685546875,0,-843791.1929736175,-821191.9559711263,-22604.96507256569,132.09243393139275,
17009,3rr4,9,0,17,0.252685546875,0,-843778.7786199633,-821191.9559711263,-22604.522130065576,408.15973344875454,
17010,3rr4,10,0,17,0.252685546875,0,-843771.1200697905,-821191.9559711263,-22604.724643343106,589.4401631448981,
17011,3rr4,11,0,17,0.252685546875,0,-843794.5329710892,-821191.9559711263,-22604.5967559153,46.57667874621262,
17012,3rr4,12,0,17,0.252685546875,0,-843774.5851996578,-821191.9559711263,-22604.059011035577,494.18252443504355,
17013,3rr4,13,0,17,0.252685546875,0,-843794.3261002187,-821191.9559711263,-22604.595776730195,51.32465380631914,
17014,3rr4,14,0,17,0.252685546875,0,-843782.0677222795,-821191.9559711263,-22604.611827545777,334.37970520018894,
17015,3rr4,15,0,17,0.252685546875,0,-843796.4636154226,-821191.9559711263,-22604.594478183404,2.002437007471049,
17016,3rr4,16,0,17,0.252685546875,0,-843795.3467480578,-821191.9559711263,-22604.799168043748,32.478270609953455,
17017,3rr4,17,0,17,0.252685546875,0,-843788.6413500939,-821191.9559711263,-22604.811310463563,187.3884319321093,
17018,3rr4,18,0,17,0.252685546875,0,-843791.3509225881,-821191.9559711263,-22604.609200530664,120.24344005296017,
17019,3rr4,19,0,17,0.252685546875,0,-843796.15154322,-821191.9559711263,-22604.79598646702,13.84588437386056,
17020,3rr4,20,0,17,0.252685546875,0,-843796.5372340269,-821191.9559711263,-22604.275743120328,-7.045453506401078,
17021,3rr4,21,0,17,0.252685546875,0,-843794.7339343462,-821191.9559711263,-22604.056241088525,29.477787930040684,
17022,3rr4,22,0,17,0.252685546875,0,-843766.4990279413,-821191.9559711263,-22604.606032782212,693.2686952242351,
17023,3rr4,23,0,17,0.252685546875,0,-843796.4059357098,-821191.9559711263,-22604.05896615328,-9.016638001847065,
17024,3rr4,24,0,17,0.252685546875,0,-843777.0998098738,-821191.9559711263,-22604.145147257463,438.18058373785925,
17025,3rr4,25,0,17,0.252685546875,0,-843766.4001751874,-821191.9559711263,-22604.609495931283,695.6281559978803,
17026,3rr4,26,0,17,0.252685546875,0,-843769.2955877668,-821191.9559711263,-22604.60726337971,628.8068718586094,
17027,3rr4,27,0,17,0.252685546875,0,-843794.2680157772,-821191.9559711263,-22604.83780156912,58.24533822115924,
17028,3rr4,28,0,17,0.252685546875,0,-843768.8454753496,-821191.9559711263,-22604.79812710823,643.5881329258966,
17029,3rr4,29,0,17,0.252685546875,0,-843782.0603135411,-821191.9559711263,-22604.597724371568,334.2253278422907,
17030,3rr4,30,0,17,0.252685546875,0,-843777.1894592232,-821191.9559711263,-22604.610980563775,446.85559187085994,
17031,3rr4,31,0,17,0.252685546875,0,-843752.2386442027,-821191.9559711263,-22604.73871731104,1025.1807344335566,
17032,3rr4,32,0,17,0.252685546875,0,-843791.2989432253,-821191.9559711263,-22604.143721454755,110.70791014198251,
17033,3rr4,33,0,17,0.252685546875,0,-843780.6482543979,-821191.9559711263,-22604.731960766927,369.8837500691725,
17034,3rr4,34,0,17,0.252685546875,0,-843796.143804211,-821191.9559711263,-22604.275607936994,2.0241361790729853,
17035,3rr4,35,0,17,0.252685546875,0,-843779.3863598309,-821191.9559711263,-22604.446764879838,392.40695669462906,
17036,3rr4,36,0,17,0.252685546875,0,-843787.9370792694,-821191.9559711263,-22604.596787028924,198.682275039554,
17037,3rr4,37,0,17,0.252685546875,0,-843796.6626599465,-821191.9559711263,-22604.91553699316,4.81615328302886,
17038,3rr4,38,0,17,0.252685546875,0,-843783.6352606005,-821191.9559711263,-22604.800517731324,302.5827118209922,
17039,3rr4,39,0,17,0.252685546875,0,-843793.491579046,-821191.9559711263,-22604.312748664037,64.04238696762606,
17040,3rr4,40,0,17,0.252685546875,0,-843762.831894014,-821191.9559711263,-22604.802574926034,782.3671820627151,
17041,3rr4,41,0,17,0.252685546875,0,-843792.7494646643,-821191.9559711263,-22604.73462718071,90.8847008761942,
17042,3rr4,42,0,17,0.252685546875,0,-843782.4161953664,-821191.9559711263,-22604.60198121609,326.1166631540722,
17043,3rr4,43,0,17,0.252685546875,0,-843794.8993631351,-821191.9559711263,-22605.248390846864,53.154535955251106,
17044,3rr4,44,0,17,0.252685546875,0,-843798.5518614687,-821191.9559711263,-22605.26141410412,-30.773753121100835,
17045,3rr4,45,0,17,0.252685546875,0,-843797.0323010568,-821191.9559711263,-22605.262744539395,4.298823005853159,
17046,3rr4,46,0,17,0.252685546875,0,-843790.6041130609,-821191.9559711263,-22605.272880905286,152.77010990033693,
17047,3rr4,47,0,17,0.252685546875,0,-843789.5821059844,-821191.9559711263,-22605.301578694,176.99993969863104,
17048,3rr4,48,0,17,0.252685546875,0,-843755.0422177501,-821191.9559711263,-22605.249060505048,972.2975861826036,
17049,3rr4,49,0,17,0.252685546875,0,-843793.9320410226,-821191.9559711263,-22605.22474324049,74.91618704094914,
17050,3rr4,50,0,17,0.252685546875,0,-843786.2529851681,-821191.9559711263,-22605.247940176145,252.53435591054603,
17051,3rr4,51,0,17,0.252685546875,0,-843788.5283151171,-821191.9559711263,-22605.296475940362,201.1832621037676,
17052,3rr4,52,0,17,0.252685546875,0,-843781.0111090578,-821191.9559711263,-22605.337289267198,375.47532966256625,
17053,3rr4,53,0,17,0.252685546875,0,-843785.1860659454,-821191.9559711263,-22605.2953754002,278.2319799303911,
17054,3rr4,54,0,17,0.252685546875,0,-843776.4408865011,-821191.9559711263,-22605.32285183014,480.5342303202764,
17055,3rr4,55,0,17,0.252685546875,0,-843789.7871279768,-821191.9559711263,-22605.30842643322,172.42993285608023,
17056,3rr4,56,0,17,0.252685546875,0,-843793.1495595761,-821191.9559711263,-22605.225253277436,92.97239959620701,
17057,3rr4,57,0,17,0.252685546875,0,-843793.5519108806,-821191.9559711263,-22605.22912298979,83.78319577996379,
17058,3rr4,58,0,17,0.252685546875,0,-843801.4772470332,-821191.9559711263,-22605.323176675454,-96.8104681226759,
17059,3rr4,59,0,17,0.252685546875,0,-843795.024387305,-821191.9559711263,-22605.329882078782,52.150642556341964,
17060,3rr4,60,0,17,0.252685546875,0,-843797.2457083351,-821191.9559711263,-22605.27277945818,-0.3910550180218729,
17061,3rr4,61,0,17,0.252685546875,0,-843796.1182821278,-821191.9559711263,-22605.28817873539,25.96312672954015,
17062,3rr4,62,0,17,0.252685546875,0,-843794.6023846901,-821191.9559711263,-22605.273114972726,60.573173478430384,
17063,3rr4,63,0,17,0.252685546875,0,-843798.3198967326,-821191.9559711263,-22605.28424065651,-24.8981264253555,
17064,3rr4,64,0,17,0.252685546875,0,-843789.5415254869,-821191.9559711263,-22605.251464300767,176.78008284209068,
17065,3rr4,65,0,17,0.252685546875,0,-843793.847287152,-821191.9559711263,-22605.294062250272,78.46919206871515,
17066,3rr4,66,0,17,0.252685546875,0,-843798.9221280547,-821191.9559711263,-22605.281975918428,-38.83813673437486,
17067,3rr4,67,0,17,0.252685546875,0,-843762.8206827989,-821191.9559711263,-22605.253927462712,793.0341555869045,
17068,3rr4,68,0,17,0.252685546875,0,-843790.8162203021,-821191.9559711263,-22605.231276147977,146.91937222190182,
17069,3rr4,69,0,17,0.252685546875,0,-843797.7109327052,-821191.9559711263,-22605.29334872307,-10.645045340509693,
17070,3rr4,70,0,17,0.252685546875,0,-843786.3465291447,-821191.9559711263,-22605.233166330472,250.0364875903807,
17071,3rr4,71,0,17,0.252685546875,0,-843794.9676973871,-821191.9559711263,-22605.321669631616,53.26855958947281,
17072,3rr4,72,0,17,0.252685546875,0,-843798.9810218997,-821191.9559711263,-22605.270108395234,-40.46993265171121,
17073,3rr4,73,0,17,0.252685546875,0,-843799.3690126274,-821191.9559711263,-22605.3331161076,-47.96421902034227,
17074,3rr4,74,0,17,0.252685546875,0,-843797.7278060502,-821191.9559711263,-22605.32134311737,-10.388587851418917,
17075,3rr4,75,0,17,0.252685546875,0,-843795.5348245255,-821191.9559711263,-22605.283049874917,39.29970434235042,
17076,3rr4,76,0,17,0.252685546875,0,-843796.1723209061,-821191.9559711263,-22605.2855687076,24.65677422722939,
17077,3rr4,77,0,17,0.252685546875,0,-843794.6770742122,-821191.9559711263,-22605.305761151925,59.603630957290974,
17078,3rr4,78,0,17,0.252685546875,0,-843792.376096133,-821191.9559711263,-22605.28995012583,112.30083508646655,
17079,3rr4,79,0,17,0.252685546875,0,-843800.44151256,-821191.9559711263,-22605.27396362366,-74.06074369971304,
17080,3rr4,80,0,17,0.252685546875,0,-843794.2014093138,-821191.9559711263,-22605.28495543541,70.09293287744616,
17081,3rr4,81,0,17,0.252685546875,0,-843796.1197062765,-821191.9559711263,-22605.340229564325,27.13060571106456,
17082,3rr4,82,0,17,0.252685546875,0,-843794.2252267337,-821191.9559711263,-22605.236909621373,68.4357273342164,
17083,3rr4,83,0,17,0.252685546875,0,-843795.062803452,-821191.9559711263,-22605.29029481949,50.351841274598065,
17084,3rr4,84,0,17,0.252685546875,0,-843771.1313465871,-821191.9559711263,-22605.28542714657,602.1120957604626,
17085,3rr4,85,0,17,0.252685546875,0,-843774.9381771866,-821191.9559711263,-22605.328218870774,515.3112972391492,
17086,3rr4,86,0,17,0.252685546875,0,-843797.7735327816,-821191.9559711263,-22605.279943996087,-12.397757744984085,
17087,3rr4,87,0,17,0.252685546875,0,-843780.7241596925,-821191.9559711263,-22605.265340083257,380.43335162800616,
17088,3rr4,88,0,17,0.252685546875,0,-843799.4914257266,-821191.9559711263,-22605.25784497799,-52.52292563324043,
17089,3rr4,89,0,17,0.252685546875,0,-843798.7076146342,-821191.9559711263,-22605.278698914663,-33.96690924323139,
17090,3rr4,90,0,17,0.252685546875,0,-843783.2313110266,-821191.9559711263,-22605.323129706994,323.9497287521429,
17091,3rr4,91,0,17,0.252685546875,0,-843797.5859288624,-821191.9559711263,-22604.9653024012,-15.327316141801024,
17092,3rr4,92,0,17,0.252685546875,0,-843789.9304946996,-821191.9559711263,-22604.837510221616,158.2642318644142,
17093,3rr4,93,0,17,0.252685546875,0,-843798.1541549895,-821191.9559711263,-22604.887164526597,-30.232824118386443,
17094,3rr4,94,0,17,0.252685546875,0,-843799.2655897475,-821191.9559711263,-22604.91617476286,-55.19412657360127,
17095,3rr4,95,0,17,0.252685546875,0,-843785.179964324,-821191.9559711263,-22604.886881285325,268.9525885886323,
17096,3rr4,96,0,17,0.252685546875,0,-843797.5807427205,-821191.9559711263,-22604.965434008256,-15.20468593686798,
17097,3rr4,97,0,17,0.252685546875,0,-843796.874799851,-821191.9559711263,-22604.837294870034,-1.8802153541935078,
17098,3rr4,98,0,17,0.252685546875,0,-843789.9024153239,-821191.9559711263,-22604.916079335824,160.72360446795318,
17099,3rr4,99,0,17,0.252685546875,0,-843800.4290860347,-821191.9559711263,-22604.83692371191,-83.85256100614055,
17100,3rr4,100,0,17,0.252685546875,0,-843799.8161586262,-821191.9559711263,-22604.838202887193,-69.68862070473493,
18001,1s38,1,0,18,0.252685546875,0,-837201.8535581846,-821191.9559711263,-16008.153894937786,-40.21049554584282,
18002,1s38,2,0,18,0.252685546875,0,-837198.4587216695,-821191.9559711263,-16008.1541760333,38.08277650364463,
18003,1s38,3,0,18,0.252685546875,0,-837199.8363791737,-821191.9559711263,-16008.154194480938,6.313665147144769,
18004,1s38,4,0,18,0.252685546875,0,-837191.2968605778,-821191.9559711263,-16008.15362436251,203.22649493523357,
18005,1s38,5,0,18,0.252685546875,0,-837200.5421878267,-821191.9559711263,-16008.154268629107,-9.960959157932965,
18006,1s38,6,0,18,0.252685546875,0,-837202.06241888,-821191.9559711263,-16008.153875983518,-45.027374699663774,
18007,1s38,7,0,18,0.252685546875,0,-837200.1334264758,-821191.9559711263,-16008.15425456242,-0.5350228596207192,
18008,1s38,8,0,18,0.252685546875,0,-837198.2915423384,-821191.9559711263,-16008.158391065163,42.0352244078737,
18009,1s38,9,0,18,0.252685546875,0,-837198.5635866243,-821191.9559711263,-16008.157755471024,35.7470769918172,
18010,1s38,10,0,18,0.252685546875,0,-837189.5610003789,-821191.9559711263,-16008.153366483015,243.2504352356986,
18011,1s38,11,0,18,0.252685546875,0,-837200.8557810816,-821191.9559711263,-16008.15542618112,-17.165897628128874,
18012,1s38,12,0,18,0.252685546875,0,-837181.587132754,-821191.9559711263,-16008.156413502258,427.2024569273064,
18013,1s38,13,0,18,0.252685546875,0,-837175.027043717,-821191.9559711263,-16008.158246106657,578.5239648008377,
18014,1s38,14,0,18,0.252685546875,0,-837197.7905063351,-821191.9559711263,-16008.153895325226,53.4857149021048,
18015,1s38,15,0,18,0.252685546875,0,-837197.5653481814,-821191.9559711263,-16008.152250564855,58.64005619939759,
18016,1s38,16,0,18,0.252685546875,0,-837194.868457245,-821191.9559711263,-16008.15415254907,120.8756994316912,
18017,1s38,17,0,18,0.252685546875,0,-837195.383028226,-821191.9559711263,-16008.153361386809,108.99116607619716,
18018,1s38,18,0,18,0.252685546875,0,-837189.9452574422,-821191.9559711263,-16008.153873629135,234.4009519162755,
18019,1s38,19,0,18,0.252685546875,0,-837200.1050250414,-821191.9559711263,-16008.154032386106,0.11480626981337942,
18020,1s38,20,0,18,0.252685546875,0,-837197.0677843115,-821191.9559711263,-16008.148702896398,70.03234044245538,
18021,1s38,21,0,18,0.252685546875,0,-837196.6432516593,-821191.9559711263,-16008.152158326659,79.90198008744224,
18022,1s38,22,0,18,0.252685546875,0,-837196.5121991356,-821191.9559711263,-16008.15540090875,82.99889879877972,
18023,1s38,23,0,18,0.252685546875,0,-837187.6111945095,-821191.9559711263,-16008.154884970945,288.2490439103116,
18024,1s38,24,0,18,0.252685546875,0,-837187.909445273,-821191.9559711263,-16008.154186136288,281.3551024043384,
18025,1s38,25,0,18,0.252685546875,0,-837197.362555312,-821191.9559711263,-16008.154952562603,63.37888041255658,
18026,1s38,26,0,18,0.252685546875,0,-837191.9174087514,-821191.9559711263,-16008.152841008467,188.898249521742,
18027,1s38,27,0,18,0.252685546875,0,-837199.8320280793,-821191.9559711263,-16008.153371310991,6.39502101693923,
18028,1s38,28,0,18,0.252685546875,0,-837186.1131672731,-821191.9559711263,-16008.14714325146,322.6158443552013,
18029,1s38,29,0,18,0.252685546875,0,-837192.2509128022,-821191.9559711263,-16008.151469177756,181.1758282402858,
18030,1s38,30,0,18,0.252685546875,0,-837195.5237841329,-821191.9559711263,-16008.157199538511,105.83376763282064,
18031,1s38,31,0,18,0.252685546875,0,-837199.6825587781,-821191.9559711263,-16008.152910090244,9.831228983863982,
18032,1s38,32,0,18,0.252685546875,0,-837199.9889190661,-821191.9559711263,-16008.153617776197,2.78271253347767,
18033,1s38,33,0,18,0.252685546875,0,-837200.1759602744,-821191.9559711263,-16008.153321988148,-1.537381230468493,
18034,1s38,34,0,18,0.252685546875,0,-837198.8976871242,-821191.9559711263,-16008.153131670517,27.93590906168115,
18035,1s38,35,0,18,0.252685546875,0,-837175.8314649495,-821191.9559711263,-16008.152961409849,559.8517024881899,
18036,1s38,36,0,18,0.252685546875,0,-837202.8278669885,-821191.9559711263,-16008.153500206035,-62.68769305063413,
18037,1s38,37,0,18,0.252685546875,0,-837179.1325104553,-821191.9559711263,-16008.156197018188,483.80239961160964,
18038,1s38,38,0,18,0.252685546875,0,-837189.5583348741,-821191.9559711263,-16008.15345779733,243.31400899508304,
18039,1s38,39,0,18,0.252685546875,0,-837197.4452691111,-821191.9559711263,-16008.157903379959,61.539502357263736,
18040,1s38,40,0,18,0.252685546875,0,-837189.5287636688,-821191.9559711263,-16008.150953061146,243.93817659981818,
18041,1s38,41,0,18,0.252685546875,0,-837198.6592547167,-821191.9559711263,-16008.153124607357,33.43412811877478,
18042,1s38,42,0,18,0.252685546875,0,-837192.6623077561,-821191.9559711263,-16008.15158743338,171.69156226668426,
18043,1s38,43,0,18,0.252685546875,0,-837199.605645183,-821191.9559711263,-16008.152012265486,11.584194291310578,
18044,1s38,44,0,18,0.252685546875,0,-837198.6685305408,-821191.9559711263,-16008.152590072912,33.20789587712772,
18045,1s38,45,0,18,0.252685546875,0,-837168.9481232185,-821191.9559711263,-16008.150900251421,718.5378022687765,
18046,1s38,46,0,18,0.252685546875,0,-837199.7398740222,-821191.9559711263,-16008.150025732082,8.442993176360837,
18047,1s38,47,0,18,0.252685546875,0,-837182.1137659731,-821191.9559711263,-16008.148313529056,414.8712165697288,
18048,1s38,48,0,18,0.252685546875,0,-837168.885340499,-821191.9559711263,-16008.153196699184,720.0385635181872,
18049,1s38,49,0,18,0.252685546875,0,-837190.2643045355,-821191.9559711263,-16008.15550777987,227.08123557276014,
18050,1s38,50,0,18,0.252685546875,0,-837200.9348761608,-821191.9559711263,-16008.152296073002,-19.062055493488586,
18051,1s38,51,0,18,0.252685546875,0,-837196.5666598114,-821191.9559711263,-16008.153252548736,81.69346342063419,
18052,1s38,52,0,18,0.252685546875,0,-837199.0202819428,-821191.9559711263,-16008.157976902288,25.220539082833454,
18053,1s38,53,0,18,0.252685546875,0,-837195.2770772893,-821191.9559711263,-16008.150812572989,111.37567567608673,
18054,1s38,54,0,18,0.252685546875,0,-837189.9320455064,-821191.9559711263,-16008.151649094385,234.65432740276862,
18055,1s38,55,0,18,0.252685546875,0,-837166.7363400492,-821191.9559711263,-16008.153324491543,769.5986381407209,
18056,1s38,56,0,18,0.252685546875,0,-837184.5038803688,-821191.9559711263,-16008.156286633772,359.93773339092127,
18057,1s38,57,0,18,0.252685546875,0,-837197.834389763,-821191.9559711263,-16008.153945720944,52.474901167808156,
18058,1s38,58,0,18,0.252685546875,0,-837195.8816915621,-821191.9559711263,-16008.15808767752,97.60070721444215,
18059,1s38,59,0,18,0.252685546875,0,-837193.8196972641,-821191.9559711263,-16008.152862078708,145.0309201788613,
18060,1s38,60,0,18,0.252685546875,0,-837178.3794007173,-821191.9559711263,-16008.147802866262,500.97594900442664,
18061,1s38,61,0,18,0.252685546875,0,-837195.261025818,-821191.9559711263,-16008.23215023354,113.62152241046884,
18062,1s38,62,0,18,0.252685546875,0,-837201.2986666283,-821191.9559711263,-16008.231334514183,-25.62859321623075,
18063,1s38,63,0,18,0.252685546875,0,-837201.6435441108,-821191.9559711263,-16008.231150037802,-33.5859110237256,
18064,1s38,64,0,18,0.252685546875,0,-837182.4399124848,-821191.9559711263,-16008.235712862772,409.36557585215417,
18065,1s38,65,0,18,0.252685546875,0,-837201.1195939649,-821191.9559711263,-16008.239453739676,-21.31184570843175,
18066,1s38,66,0,18,0.252685546875,0,-837199.7475725285,-821191.9559711263,-16008.232409692568,10.165280663710046,
18067,1s38,67,0,18,0.252685546875,0,-837200.2546994272,-821191.9559711263,-16008.21841172055,-1.8521443413680443,
18068,1s38,68,0,18,0.252685546875,0,-837201.5223856589,-821191.9559711263,-16008.235508448643,-30.69142340718279,
18069,1s38,69,0,18,0.252685546875,0,-837201.3162791003,-821191.9559711263,-16008.234583235544,-25.95982917356698,
18070,1s38,70,0,18,0.252685546875,0,-837197.8374011089,-821191.9559711263,-16008.233917898697,54.24966010999939,
18071,1s38,71,0,18,0.252685546875,0,-837201.8156896713,-821191.9559711263,-16008.232637590927,-37.521378165477124,
18072,1s38,72,0,18,0.252685546875,0,-837192.2823450437,-821191.9559711263,-16008.217594689888,181.97587406593237,
18073,1s38,73,0,18,0.252685546875,0,-837199.1967078764,-821191.9559711263,-16008.23469597772,22.921244310898985,
18074,1s38,74,0,18,0.252685546875,0,-837179.3286945393,-821191.9559711263,-16008.234949625295,481.0943654233825,
18075,1s38,75,0,18,0.252685546875,0,-837202.4777530762,-821191.9559711263,-16008.232790357632,-52.7854000975872,
18076,1s38,76,0,18,0.252685546875,0,-837199.1926813445,-821191.9559711263,-16008.24058283047,23.149852392721332,
18077,1s38,77,0,18,0.252685546875,0,-837183.0068110544,-821191.9559711263,-16008.239057368797,396.3697104143863,
18078,1s38,78,0,18,0.252685546875,0,-837181.1062096079,-821191.9559711263,-16008.236034578842,440.12891378628115,
18079,1s38,79,0,18,0.252685546875,0,-837198.9845467391,-821191.9559711263,-16008.236845470232,27.863364839275846,
18080,1s38,80,0,18,0.252685546875,0,-837199.4428058288,-821191.9559711263,-16008.238416320843,17.33188385998931,
18081,1s38,81,0,18,0.252685546875,0,-837196.1717842985,-821191.9559711263,-16008.237790352854,92.7489971489098,
18082,1s38,82,0,18,0.252685546875,0,-837199.0790815522,-821191.9559711263,-16008.237632877392,25.701498301121564,
18083,1s38,83,0,18,0.252685546875,0,-837188.7565028551,-821191.9559711263,-16008.221477336449,263.3732624566475,
18084,1s38,84,0,18,0.252685546875,0,-837200.6106117538,-821191.9559711263,-16008.243317879003,-9.485327914210488,
18085,1s38,85,0,18,0.252685546875,0,-837196.8005017806,-821191.9559711263,-16008.239540077004,78.29077717867173,
18086,1s38,86,0,18,0.252685546875,0,-837170.7110830267,-821191.9559711263,-16008.255699104828,680.2997022592587,
18087,1s38,87,0,18,0.252685546875,0,-837172.5697788778,-821191.9559711263,-16008.231433577103,636.8775813206468,
18088,1s38,88,0,18,0.252685546875,0,-837200.6710143706,-821191.9559711263,-16008.247771180433,-10.775549778745194,
18089,1s38,89,0,18,0.252685546875,0,-837197.2132748533,-821191.9559711263,-16008.154315448555,66.80667737134736,
18090,1s38,90,0,18,0.252685546875,0,-837188.7933463921,-821191.9559711263,-16008.209889925283,262.25641825991477,
18091,1s38,91,0,18,0.252685546875,0,-837191.3227467271,-821191.9559711263,-16008.231550521416,204.42656606402613,
18092,1s38,92,0,18,0.252685546875,0,-837169.6374159178,-821191.9559711263,-16008.15408927874,702.7158757235596,
18093,1s38,93,0,18,0.252685546875,0,-837198.2085143197,-821191.9559711263,-16008.153614348921,43.839742311199466,
18094,1s38,94,0,18,0.252685546875,0,-837174.3207380195,-821191.9559711263,-16008.153764969868,594.7084236505054,
18095,1s38,95,0,18,0.252685546875,0,-837185.2155910614,-821191.9559711263,-16008.154546565574,343.4851679963917,
18096,1s38,96,0,18,0.252685546875,0,-837200.1678443721,-821191.9559711263,-16008.154081410927,-1.3327113717339238,
18097,1s38,97,0,18,0.252685546875,0,-837199.7122203279,-821191.9559711263,-16008.153961307558,9.17145904225854,
18098,1s38,98,0,18,0.252685546875,0,-837201.2112027277,-821191.9559711263,-16008.15388331489,-25.397694839676287,
18099,1s38,99,0,18,0.252685546875,0,-837199.2849235269,-821191.9559711263,-16008.154063291115,19.02750915637278,
18100,1s38,100,0,18,0.252685546875,0,-837201.1034300348,-821191.9559711263,-16008.154057777685,-22.90837429208907,
19001,1r5y,1,0,19,0.252685546875,0,-837635.424524299,-821191.9559711263,-16445.09663852718,37.54454019026914,
19002,1r5y,2,0,19,0.252685546875,0,-837635.843773789,-821191.9559711263,-16445.096496668124,27.873145925190396,
19003,1r5y,3,0,19,0.252685546875,0,-837633.9738290092,-821191.9559711263,-16445.096138682627,70.9868416183601,
19004,1r5y,4,0,19,0.252685546875,0,-837636.3076437631,-821191.9559711263,-16445.096343066954,17.17250807237739,
19005,1r5y,5,0,19,0.252685546875,0,-837635.3109194852,-821191.9559711263,-16445.096429910915,40.15951862768523,
19006,1r5y,6,0,19,0.252685546875,0,-837635.8956505726,-821191.9559711263,-16445.09662326839,26.67975834707424,
19007,1r5y,7,0,19,0.252685546875,0,-837624.7693504028,-821191.9559711263,-16445.09660967853,283.25802220221135,
19008,1r5y,8,0,19,0.252685546875,0,-837636.5283012456,-821191.9559711263,-16445.096629228854,12.090624692933842,
19009,1r5y,9,0,19,0.252685546875,0,-837628.4428058929,-821191.9559711263,-16445.096489932792,198.5433647656558,
19010,1r5y,10,0,19,0.252685546875,0,-837637.4340112426,-821191.9559711263,-16445.09675082233,-8.792739999922523,
19011,1r5y,11,0,19,0.252685546875,0,-837600.9457789443,-821191.9559711263,-16445.074631598258,832.1358047448193,
19012,1r5y,12,0,19,0.252685546875,0,-837622.1400636801,-821191.9559711263,-16445.096684780383,343.89254631967634,
19013,1r5y,13,0,19,0.252685546875,0,-837630.2997350163,-821191.9559711263,-16445.0698880222,155.10810726581033,
19014,1r5y,14,0,19,0.252685546875,0,-837638.8020705052,-821191.9559711263,-16445.072451200747,-40.90129864675802,
19015,1r5y,15,0,19,0.252685546875,0,-837614.6517787061,-821191.9559711263,-16445.072376992965,516.0159492377155,
19016,1r5y,16,0,19,0.252685546875,0,-837634.5727746706,-821191.9559711263,-16445.096762564444,57.18921360376115,
19017,1r5y,17,0,19,0.252685546875,0,-837637.5185810692,-821191.9559711263,-16445.070824053542,-11.340852023097828,
19018,1r5y,18,0,19,0.252685546875,0,-837636.1275257685,-821191.9559711263,-16445.096897211337,21.338906576502904,
19019,1r5y,19,0,19,0.252685546875,0,-837635.2009815357,-821191.9559711263,-16445.072399821544,42.140600944184484,
19020,1r5y,20,0,19,0.252685546875,0,-837615.7778616766,-821191.9559711263,-16445.074468043113,490.09607979656505,
19021,1r5y,21,0,19,0.252685546875,0,-837636.6868583626,-821191.9559711263,-16445.0710506704,7.8443551421823345,
19022,1r5y,22,0,19,0.252685546875,0,-837634.4389466711,-821191.9559711263,-16445.09641912248,60.267440626727335,
19023,1r5y,23,0,19,0.252685546875,0,-837636.5721788934,-821191.9559711263,-16445.070097651744,10.466949395925818,
19024,1r5y,24,0,19,0.252685546875,0,-837574.5139577457,-821191.9559711263,-16445.067993369365,1441.5150005494909,
19025,1r5y,25,0,19,0.252685546875,0,-837626.2265750534,-821191.9559711263,-16445.074625876212,249.14666492089526,
19026,1r5y,26,0,19,0.252685546875,0,-837634.1674223016,-821191.9559711263,-16445.096766915583,66.53696163585741,
19027,1r5y,27,0,19,0.252685546875,0,-837631.7775579327,-821191.9559711263,-16445.069701817298,121.02440723107824,
19028,1r5y,28,0,19,0.252685546875,0,-837624.1705720491,-821191.9559711263,-16445.073353019023,296.52986775764776,
19029,1r5y,29,0,19,0.252685546875,0,-837625.9051717735,-821191.9559711263,-16445.074966457145,256.5662546128547,
19030,1r5y,30,0,19,0.252685546875,0,-837633.3358593055,-821191.9559711263,-16445.07362773683,85.17965774420439,
19031,1r5y,31,0,19,0.252685546875,0,-837633.1527962319,-821191.9559711263,-16445.072409298682,89.3730946566088,
19032,1r5y,32,0,19,0.252685546875,0,-837636.7528636227,-821191.9559711263,-16445.09597494867,6.897005195648306,
19033,1r5y,33,0,19,0.252685546875,0,-837620.9853235848,-821191.9559711263,-16445.07321050431,369.98015585474866,
19034,1r5y,34,0,19,0.252685546875,0,-837635.1751184533,-821191.9559711263,-16445.07436588075,42.78235619487996,
19035,1r5y,35,0,19,0.252685546875,0,-837631.8214256994,-821191.9559711263,-16445.07066645887,120.03503766101964,
19036,1r5y,36,0,19,0.252685546875,0,-837630.2553842285,-821191.9559711263,-16445.072239187026,156.18507987728384,
19037,1r5y,37,0,19,0.252685546875,0,-837634.3974379072,-821191.9559711263,-16445.073953714633,60.706590850091544,
19038,1r5y,38,0,19,0.252685546875,0,-837629.1972489423,-821191.9559711263,-16445.074455764556,180.63737474826047,
19039,1r5y,39,0,19,0.252685546875,0,-837589.493270599,-821191.9559711263,-16445.07192882564,1096.1745938037177,
19040,1r5y,40,0,19,0.252685546875,0,-837634.4031047146,-821191.9559711263,-16445.073204186225,60.558626631054985,
19041,1r5y,41,0,19,0.252685546875,0,-837633.568221829,-821191.9559711263,-16445.074230518596,79.83515113337012,
19042,1r5y,42,0,19,0.252685546875,0,-837604.9782937833,-821191.9559711263,-16445.073672440314,739.1216847154907,
19043,1r5y,43,0,19,0.252685546875,0,-837635.9228464148,-821191.9559711263,-16445.071729686522,25.478547691023163,
19044,1r5y,44,0,19,0.252685546875,0,-837621.2232844154,-821191.9559711263,-16445.06968375709,364.41132001409613,
19045,1r5y,45,0,19,0.252685546875,0,-837592.4095529086,-821191.9559711263,-16444.962551441455,1026.4012237167212,
19046,1r5y,46,0,19,0.252685546875,0,-837638.620544038,-821191.9559711263,-16444.960965838694,-39.2861123913099,
19047,1r5y,47,0,19,0.252685546875,0,-837638.5088259361,-821191.9559711263,-16444.964217629695,-36.63484367717004,
19048,1r5y,48,0,19,0.252685546875,0,-837640.3541740398,-821191.9559711263,-16444.947295871043,-79.57980691076993,
19049,1r5y,49,0,19,0.252685546875,0,-837637.5845460811,-821191.9559711263,-16444.96226265695,-15.365526614946637,
19050,1r5y,50,0,19,0.252685546875,0,-837638.5997274586,-821191.9559711263,-16444.95146295097,-39.025212461907884,
19051,1r5y,51,0,19,0.252685546875,0,-837637.8458631716,-821191.9559711263,-16444.96020468738,-21.43909978463907,
19052,1r5y,52,0,19,0.252685546875,0,-837593.9461443196,-821191.9559711263,-16444.966973212027,991.0685524393436,
19053,1r5y,53,0,19,0.252685546875,0,-837640.1744044191,-821191.9559711263,-16444.973683383727,-74.8257104769336,
19054,1r5y,54,0,19,0.252685546875,0,-837635.9050065498,-821191.9559711263,-16444.984143522048,23.87015981737877,
19055,1r5y,55,0,19,0.252685546875,0,-837626.6242443406,-821191.9559711263,-16444.96353271272,237.41432409312142,
19056,1r5y,56,0,19,0.252685546875,0,-837629.9721275485,-821191.9559711263,-16444.956169512534,160.04050381460382,
19057,1r5y,57,0,19,0.252685546875,0,-837639.99018789,-821191.9559711263,-16444.954186048762,-71.02719562123515,
19058,1r5y,58,0,19,0.252685546875,0,-837622.3177142362,-821191.9559711263,-16444.94907506969,336.391866380241,
19059,1r5y,59,0,19,0.252685546875,0,-837636.2110284946,-821191.9559711263,-16444.961555149817,16.29222588264963,
19060,1r5y,60,0,19,0.252685546875,0,-837638.5856893725,-821191.9559711263,-16444.965084221625,-38.38737254352122,
19061,1r5y,61,0,19,0.252685546875,0,-837638.6043745645,-821191.9559711263,-16444.96436705854,-38.83480148068777,
19062,1r5y,62,0,19,0.252685546875,0,-837636.3053354985,-821191.9559711263,-16444.95844456222,14.045722854575683,
19063,1r5y,63,0,19,0.252685546875,0,-837638.8259414368,-821191.9559711263,-16444.968069699073,-43.85887001842877,
19064,1r5y,64,0,19,0.252685546875,0,-837633.9603894423,-821191.9559711263,-16444.96845939424,68.35241105787706,
19065,1r5y,65,0,19,0.252685546875,0,-837614.9668831447,-821191.9559711263,-16444.95797118213,506.1112075875236,
19066,1r5y,66,0,19,0.252685546875,0,-837617.5286348826,-821191.9559711263,-16444.96102723148,447.10628327631343,
19067,1r5y,67,0,19,0.252685546875,0,-837626.4310673707,-821191.9559711263,-16444.963883068824,241.87717025059524,
19068,1r5y,68,0,19,0.252685546875,0,-837634.9176821482,-821191.9559711263,-16445.09614553716,49.221229231928675,
19069,1r5y,69,0,19,0.252685546875,0,-837615.6446658886,-821191.9559711263,-16444.97275355126,490.82205573257147,
19070,1r5y,70,0,19,0.252685546875,0,-837638.3604378621,-821191.9559711263,-16444.954112615847,-33.445960554067874,
19071,1r5y,71,0,19,0.252685546875,0,-837634.2155799053,-821191.9559711263,-16444.97841944959,62.697263511891016,
19072,1r5y,72,0,19,0.252685546875,0,-837627.6315172979,-821191.9559711263,-16444.965140965247,214.22314506575054,
19073,1r5y,73,0,19,0.252685546875,0,-837639.6968617359,-821191.9559711263,-16444.952036049628,-64.3125139720912,
19074,1r5y,74,0,19,0.252685546875,0,-837637.2680822081,-821191.9559711263,-16444.963776853347,-8.032778136020946,
19075,1r5y,75,0,19,0.252685546875,0,-837635.5717612288,-821191.9559711263,-16444.98200460937,31.505654982229412,
19076,1r5y,76,0,19,0.252685546875,0,-837608.4167301875,-821191.9559711263,-16444.962071504855,657.2558788433404,
19077,1r5y,77,0,19,0.252685546875,0,-837628.1015555031,-821191.9559711263,-16444.976584401385,203.6476984600345,
19078,1r5y,78,0,19,0.252685546875,0,-837607.0231409888,-821191.9559711263,-16444.963749971652,689.4315155801796,
19079,1r5y,79,0,19,0.252685546875,0,-837636.5460416457,-821191.9559711263,-16445.096085098052,11.668973394832912,
19080,1r5y,80,0,19,0.252685546875,0,-837627.4615175048,-821191.9559711263,-16444.955777373576,217.9275038737908,
19081,1r5y,81,0,19,0.252685546875,0,-837637.9468555221,-821191.9559711263,-16444.975751366877,-23.409523767494033,
19082,1r5y,82,0,19,0.252685546875,0,-837636.6371982313,-821191.9559711263,-16444.97018023994,6.66341758974434,
19083,1r5y,83,0,19,0.252685546875,0,-837616.851229944,-821191.9559711263,-16444.958340075278,462.6656449698526,
19084,1r5y,84,0,19,0.252685546875,0,-837625.2672647607,-821191.9559711263,-16444.95803633001,268.58026700406737,
19085,1r5y,85,0,19,0.252685546875,0,-837620.7299141354,-821191.9559711263,-16444.959811415934,373.2549925761902,
19086,1r5y,86,0,19,0.252685546875,0,-837635.2140616246,-821191.9559711263,-16445.09646519687,42.393927667583306,
19087,1r5y,87,0,19,0.252685546875,0,-837601.4000341974,-821191.9559711263,-16444.962873783374,819.0832333183553,
19088,1r5y,88,0,19,0.252685546875,0,-837609.5737737487,-821191.9559711263,-16444.96358748939,630.6087798915333,
19089,1r5y,89,0,19,0.252685546875,0,-837638.159662432,-821191.9559711263,-16444.96479472186,-28.56963392908356,
19090,1r5y,90,0,19,0.252685546875,0,-837622.963239647,-821191.9559711263,-16444.968749192023,321.9593928083656,
19091,1r5y,91,0,19,0.252685546875,0,-837634.1822680167,-821191.9559711263,-16445.09663942125,66.19167122264187,
19092,1r5y,92,0,19,0.252685546875,0,-837636.3863089598,-821191.9559711263,-16445.09700438049,15.3736957945074,
19093,1r5y,93,0,19,0.252685546875,0,-837633.8707276053,-821191.9559711263,-16445.096446600215,73.37151722307534,
19094,1r5y,94,0,19,0.252685546875,0,-837637.3769825469,-821191.9559711263,-16445.09668615129,-7.479118384428648,
19095,1r5y,95,0,19,0.252685546875,0,-837638.6789691679,-821191.9559711263,-16445.096717384124,-37.5029228864342,
19096,1r5y,96,0,19,0.252685546875,0,-837634.9944527961,-821191.9559711263,-16445.096298005843,47.45437204548645,
19097,1r5y,97,0,19,0.252685546875,0,-837637.1960366733,-821191.9559711263,-16445.096650984542,-3.3072183757652374,
19098,1r5y,98,0,19,0.252685546875,0,-837639.6397636451,-821191.9559711263,-16445.09662559297,-59.661486638907185,
19099,1r5y,99,0,19,0.252685546875,0,-837628.455133178,-821191.9559711263,-16445.09665330913,198.26285836506693,
19100,1r5y,100,0,19,0.252685546875,0,-837635.9741565804,-821191.9559711263,-16445.096678521895,24.87064097554012,
20001,1a30,1,0,20,0.24365234375,-2,-857959.9496168299,-821191.9559711263,-36802.82591015093,803.2511003379353,
20002,1a30,2,0,20,0.24365234375,-2,-857979.4365152665,-821191.9559711263,-36802.42241583764,344.5677469574435,
20003,1a30,3,0,20,0.24365234375,-2,-858000.2432046942,-821191.9559711263,-36802.48934625087,-133.7024577912141,
20004,1a30,4,0,20,0.24365234375,-2,-857998.2658238825,-821191.9559711263,-36802.31721965961,-92.07230649419388,
20005,1a30,5,0,20,0.24365234375,-2,-857994.2516188576,-821191.9559711263,-36802.89353723817,13.787659570919143,
20006,1a30,6,0,20,0.24365234375,-2,-857981.6333208036,-821191.9559711263,-36802.84796999396,303.7217197711241,
20007,1a30,7,0,20,0.24365234375,-2,-857989.9386542402,-821191.9559711263,-36802.21247743068,97.54137415594393,
20008,1a30,8,0,20,0.24365234375,-2,-857987.6044473168,-821191.9559711263,-36802.35749806829,154.7137199090748,
20009,1a30,9,0,20,0.24365234375,-2,-857995.9311939134,-821191.9559711263,-36803.75466264777,-5.0862376430250285,
20010,1a30,10,0,20,0.24365234375,-2,-857994.655212174,-821191.9559711263,-36801.67122100293,-23.70670541385311,
20011,1a30,11,0,20,0.24365234375,-2,-857996.9635638708,-821191.9559711263,-36801.91532079873,-71.30948510895632,
20012,1a30,12,0,20,0.24365234375,-2,-857994.0635619875,-821191.9559711263,-36803.323132052945,28.03104579340702,
20013,1a30,13,0,20,0.24365234375,-2,-858001.6201226219,-821191.9559711263,-36802.03734050684,-175.8784396003966,
20014,1a30,14,0,20,0.24365234375,-2,-857952.3396791768,-821191.9559711263,-36801.369567856185,945.1563804286384,
20015,1a30,15,0,20,0.24365234375,-2,-857979.9922388607,-821191.9559711263,-36802.74252809582,339.1344204748472,
20016,1a30,16,0,20,0.24365234375,-2,-857984.4376788852,-821191.9559711263,-36803.29956167929,249.46563775691462,
20017,1a30,17,0,20,0.24365234375,-2,-857964.787752594,-821191.9559711263,-36802.67533724003,688.2087453245182,
20018,1a30,18,0,20,0.24365234375,-2,-857980.3811328512,-821191.9559711263,-36802.96904720365,335.38996672558875,
20019,1a30,19,0,20,0.24365234375,-2,-857966.1078290754,-821191.9559711263,-36802.72664682565,658.9502856376254,
20020,1a30,20,0,20,0.24365234375,-2,-857985.4049674687,-821191.9559711263,-36800.16671608381,154.9142974102196,
20021,1a30,21,0,20,0.24365234375,-2,-857993.9159763558,-821191.9559711263,-36802.90235392742,21.731077222541504,
20022,1a30,22,0,20,0.24365234375,-2,-857989.662400986,-821191.9559711263,-36800.14250968398,56.177335308810726,
20023,1a30,23,0,20,0.24365234375,-2,-857964.5396497063,-821191.9559711263,-36796.83795998988,559.317016549782,
20024,1a30,24,0,20,0.24365234375,-2,-857989.5474408087,-821191.9559711263,-36793.846460476445,-86.36196392012421,
20025,1a30,25,0,20,0.24365234375,-2,-857977.4184734477,-821191.9559711263,-36800.53512702875,347.58298299809053,
20026,1a30,26,0,20,0.24365234375,-2,-857989.0186700922,-821191.9559711263,-36799.57889668643,58.02489788569819,
20027,1a30,27,0,20,0.24365234375,-2,-857990.2951040827,-821191.9559711263,-36802.594019308664,98.12001024149714,
20028,1a30,28,0,20,0.24365234375,-2,-857958.5541634825,-821191.9559711263,-36797.772085294055,718.8870491605107,
20029,1a30,29,0,20,0.24365234375,-2,-857989.5198718264,-821191.9559711263,-36800.43758381896,66.26870701313904,
20030,1a30,30,0,20,0.24365234375,-2,-857992.4817509156,-821191.9559711263,-36802.650463148966,48.99636224018464,
20031,1a30,31,0,20,0.24365234375,-2,-857977.7730376535,-821191.9559711263,-36801.69032703338,366.04608313050386,
20032,1a30,32,0,20,0.24365234375,-2,-857990.0257855174,-821191.9559711263,-36799.159451469706,25.12762796956264,
20033,1a30,33,0,20,0.24365234375,-2,-857987.9131638362,-821191.9559711263,-36799.86819629364,90.18988520848022,
20034,1a30,34,0,20,0.24365234375,-2,-857996.8988041234,-821191.9559711263,-36802.935496985905,-46.29026809756483,
20035,1a30,35,0,20,0.24365234375,-2,-857995.1845634544,-821191.9559711263,-36802.86245010791,-8.44344017985148,
20036,1a30,36,0,20,0.24365234375,-2,-857983.7551119741,-821191.9559711263,-36796.30077652626,103.810184880195,
20037,1a30,37,0,20,0.24365234375,-2,-857955.6515784963,-821191.9559711263,-36802.11126019053,885.8859993123986,
20038,1a30,38,0,20,0.24365234375,-2,-857984.0087726963,-821191.9559711263,-36796.93942983443,112.68832482402817,
20039,1a30,39,0,20,0.24365234375,-2,-857977.7025714928,-821191.9559711263,-36802.77220974864,392.61987950388817,
20040,1a30,40,0,20,0.24365234375,-2,-857988.5994846788,-821191.9559711263,-36801.824405059146,119.47419639435857,
20041,1a30,41,0,20,0.24365234375,-2,-857986.6809162005,-821191.9559711263,-36795.83527630562,25.604846470386676,
20042,1a30,42,0,20,0.24365234375,-2,-857954.1979377519,-821191.9559711263,-36782.40943793954,465.07293685867376,
20043,1a30,43,0,20,0.24365234375,-2,-857989.7317108326,-821191.9559711263,-36800.872739121274,71.41850314184613,
20044,1a30,44,0,20,0.24365234375,-2,-857963.6961346533,-821191.9559711263,-36799.68121673164,644.3359938642775,
20045,1a30,45,0,20,0.24365234375,-2,-857966.9514070108,-821191.9559711263,-36803.60070644312,659.6532099258363,
20046,1a30,46,0,20,0.24365234375,-2,-857968.1676274639,-821191.9559711263,-36802.75219117104,612.0392729767267,
20047,1a30,47,0,20,0.24365234375,-2,-857987.482343223,-821191.9559711263,-36799.91774551568,101.26747677244859,
20048,1a30,48,0,20,0.24365234375,-2,-857955.0365716484,-821191.9559711263,-36802.15367595844,901.0465249889219,
20049,1a30,49,0,20,0.24365234375,-2,-857994.1583877606,-821191.9559711263,-36802.06020052724,-3.2795813392777537,
20050,1a30,50,0,20,0.24365234375,-2,-857980.830053831,-821191.9559711263,-36803.21039178967,330.60314136942753,
20051,1a30,51,0,20,0.24365234375,-2,-857955.3531906271,-821191.9559711263,-36796.82719825206,770.9136239714558,
20052,1a30,52,0,20,0.24365234375,-2,-857989.0255142418,-821191.9559711263,-36801.39757727079,99.80683865193838,
20053,1a30,53,0,20,0.24365234375,-2,-857984.8512656345,-821191.9559711263,-36795.095239445494,50.73193545124472,
20054,1a30,54,0,20,0.24365234375,-2,-857982.6301836175,-821191.9559711263,-36801.61876843869,252.3874559133582,
20055,1a30,55,0,20,0.24365234375,-2,-857948.9385577404,-821191.9559711263,-36800.8147255033,1010.7931353730672,
20056,1a30,56,0,20,0.24365234375,-2,-857972.2339715478,-821191.9559711263,-36796.23933486633,368.07711640617634,
20057,1a30,57,0,20,0.24365234375,-2,-857993.0712853329,-821191.9559711263,-36802.69611500198,36.454132353089314,
20058,1a30,58,0,20,0.24365234375,-2,-857943.9406619022,-821191.9559711263,-36798.31746231021,1068.4590940929643,
20059,1a30,59,0,20,0.24365234375,-2,-857991.930466082,-821191.9559711263,-36800.21077002578,5.448632556554893,
20060,1a30,60,0,20,0.24365234375,-2,-857939.1223541613,-821191.9559711263,-36801.6311015337,1255.986246020067,
20061,1a30,61,0,20,0.24365234375,-2,-857976.9485622748,-821191.9559711263,-36796.44397704296,264.0752321466402,
20062,1a30,62,0,20,0.24365234375,-2,-857970.0491923791,-821191.9559711263,-36801.97566686572,550.7422793692874,
20063,1a30,63,0,20,0.24365234375,-2,-857991.4087197,-821191.9559711263,-36801.46747051177,46.46059162020356,
20064,1a30,64,0,20,0.24365234375,-2,-857968.9399351891,-821191.9559711263,-36797.9311478249,483.05353306356267,
20065,1a30,65,0,20,0.24365234375,-2,-857979.9680167689,-821191.9559711263,-36798.0669230371,231.87098108698606,
20066,1a30,66,0,20,0.24365234375,-2,-857991.5402632308,-821191.9559711263,-36799.73285864293,3.4260257662030997,
20067,1a30,67,0,20,0.24365234375,-2,-857993.3338225299,-821191.9559711263,-36800.21251349149,-26.873330659931568,
20068,1a30,68,0,20,0.24365234375,-2,-857982.0917723742,-821191.9559711263,-36800.54567814611,240.05746412197178,
20069,1a30,69,0,20,0.24365234375,-2,-857979.5135496064,-821191.9559711263,-36802.2762821763,339.42137059089754,
20070,1a30,70,0,20,0.24365234375,-2,-857987.8308538747,-821191.9559711263,-36801.74426622688,135.35119844288428,
20071,1a30,71,0,20,0.24365234375,-2,-857980.0462802909,-821191.9559711263,-36799.74712292848,268.8125113544598,
20072,1a30,72,0,20,0.24365234375,-2,-857988.9107668814,-821191.9559711263,-36803.07177377485,141.06086420334586,
20073,1a30,73,0,20,0.24365234375,-2,-857984.5418812736,-821191.9559711263,-36800.78832109265,189.1520899319415,
20074,1a30,74,0,20,0.24365234375,-2,-857988.6710918051,-821191.9559711263,-36801.88427349924,119.20349586035609,
20075,1a30,75,0,20,0.24365234375,-2,-857989.6228648537,-821191.9559711263,-36802.898376256206,120.64085308105682,
20076,1a30,76,0,20,0.24365234375,-2,-857987.8849881854,-821191.9559711263,-36800.12485660605,96.75835856351328,
20077,1a30,77,0,20,0.24365234375,-2,-857985.6714196011,-821191.9559711263,-36801.77577702694,185.87559210836966,
20078,1a30,78,0,20,0.24365234375,-2,-857985.6018897992,-821191.9559711263,-36801.48056048156,180.67113216433646,
20079,1a30,79,0,20,0.24365234375,-2,-857987.1966444665,-821191.9559711263,-36798.192288979866,68.06587363708014,
20080,1a30,80,0,20,0.24365234375,-2,-857943.1535039362,-821191.9559711263,-36802.77356342964,1189.371521019499,
20081,1a30,81,0,20,0.24365234375,-2,-857991.2088717326,-821191.9559711263,-36801.91437445574,61.37504500593789,
20082,1a30,82,0,20,0.24365234375,-2,-857967.7659777206,-821191.9559711263,-36803.023956060424,627.5685833239406,
20083,1a30,83,0,20,0.24365234375,-2,-857981.7683154754,-821191.9559711263,-36802.27380041776,287.3680037103347,
20084,1a30,84,0,20,0.24365234375,-2,-857975.0343782422,-821191.9559711263,-36803.41591982536,468.99418459271317,
20085,1a30,85,0,20,0.24365234375,-2,-857978.0195940688,-821191.9559711263,-36803.27577720575,396.92170665739707,
20086,1a30,86,0,20,0.24365234375,-2,-857987.5853060436,-821191.9559711263,-36802.866221249096,166.8865633993253,
20087,1a30,87,0,20,0.24365234375,-2,-857997.0842941963,-821191.9559711263,-36801.89345459638,-74.59783916186025,
20088,1a30,88,0,20,0.24365234375,-2,-857989.3667558846,-821191.9559711263,-36802.51731441908,117.75937149133975,
20089,1a30,89,0,20,0.24365234375,-2,-857993.578262384,-821191.9559711263,-36803.1213956549,34.570168654312226,
20090,1a30,90,0,20,0.24365234375,-2,-857978.744570623,-821191.9559711263,-36802.98017634451,373.3866323518189,
20091,1a30,91,0,20,0.24365234375,-2,-857986.4263399802,-821191.9559711263,-36802.46721075473,184.41155514830476,
20092,1a30,92,0,20,0.24365234375,-2,-857993.1022354332,-821191.9559711263,-36802.06531397991,21.19378894428969,
20093,1a30,93,0,20,0.24365234375,-2,-857972.4465316636,-821191.9559711263,-36803.15373550348,522.6252303008434,
20094,1a30,94,0,20,0.24365234375,-2,-858000.054202224,-821191.9559711263,-36802.15590666236,-137.03325686584114,
20095,1a30,95,0,20,0.24365234375,-2,-857988.329484176,-821191.9559711263,-36802.29097215829,136.45984880988124,
20096,1a30,96,0,20,0.24365234375,-2,-857987.9155985977,-821191.9559711263,-36803.10557930164,164.78956397663137,
20097,1a30,97,0,20,0.24365234375,-2,-857991.9323128118,-821191.9559711263,-36803.04500044875,70.76495218547916,
20098,1a30,98,0,20,0.24365234375,-2,-857993.6278588128,-821191.9559711263,-36802.75002467259,24.86242953624729,
20099,1a30,99,0,20,0.24365234375,-2,-857955.9100942278,-821191.9559711263,-36801.79613803325,872.6575953422104,
20100,1a30,100,0,20,0.24365234375,-2,-857960.0127608445,-821191.9559711263,-36803.0801598578,807.6581022931958,
