mol_id,ligand_pdb,pose_index,label,ligunity_rank,ligunity_score,formal_charge,aimnet_complex_eV,aimnet_pocket_eV,aimnet_ligand_eV,aimnet_interaction_kcal_mol,error
1001,2v7a,1,1,1,0.434326171875,1,-626653.0920474101,-584134.360216658,-42518.06804517351,-15.307259084481414,
1002,2v7a,2,1,1,0.434326171875,1,-626657.3819021067,-584134.360216658,-42518.36282713674,-107.43582493917965,
1003,2v7a,3,1,1,0.434326171875,1,-626655.4127348401,-584134.360216658,-42518.21196033829,-65.50482002249711,
1004,2v7a,4,1,1,0.434326171875,1,-626652.6931922355,-584134.360216658,-42517.92649625888,-9.373635770679783,
1005,2v7a,5,1,1,0.434326171875,1,-626654.8352232211,-584134.360216658,-42517.861125950534,-60.27751889013928,
1006,2v7a,6,1,1,0.434326171875,1,-626657.6698176862,-584134.360216658,-42518.2208384745,-117.34965226859225,
1007,2v7a,7,1,1,0.434326171875,1,-626657.6910785369,-584134.360216658,-42517.809733925154,-127.32023525702272,
1008,2v7a,8,1,1,0.434326171875,1,-626657.360816662,-584134.360216658,-42518.24025668686,-109.77612475471363,
1009,2v7a,9,1,1,0.434326171875,1,-626657.2498523006,-584134.360216658,-42518.05046955859,-111.5938209415395,
1010,2v7a,10,1,1,0.434326171875,1,-626658.1310484741,-584134.360216658,-42517.70253963515,-139.93814208962507,
1011,2v7a,11,1,1,0.434326171875,1,-626656.0398340175,-584134.360216658,-42517.48097554928,-96.82298028898344,
1012,2v7a,12,1,1,0.434326171875,1,-626643.7152013815,-584134.360216658,-42517.90531680004,197.1753418187718,
1013,2v7a,13,1,1,0.434326171875,1,-626657.1645366211,-584134.360216658,-42518.326293557984,-103.26574210176356,
1014,2v7a,14,1,1,0.434326171875,1,-626640.8016036092,-584134.360216658,-42520.5833110349,326.1205167479385,
1015,2v7a,15,1,1,0.434326171875,1,-626656.9240855828,-584134.360216658,-42520.34131416818,-51.2533302725361,
1016,2v7a,16,1,1,0.434326171875,1,-626657.3833310488,-584134.360216658,-42520.38870074794,-60.75102181646639,
1017,2v7a,17,1,1,0.434326171875,1,-626655.746652568,-584134.360216658,-42519.84084454704,-35.642183552368195,
1018,2v7a,18,1,1,0.434326171875,1,-626646.3285118308,-584134.360216658,-42520.02038378725,185.6855746301058,
1019,2v7a,19,1,1,0.434326171875,1,-626626.7497841956,-584134.360216658,-42520.50375798796,648.3286335999985,
1020,2v7a,20,1,1,0.434326171875,1,-626618.4304257417,-584134.360216658,-42520.50411720906,840.1858809804916,
1021,2v7a,21,1,1,0.434326171875,1,-626653.164294935,-584134.360216658,-42520.40166956978,36.84133042166137,
1022,2v7a,22,1,1,0.434326171875,1,-626645.5635877111,-584134.360216658,-42520.71041207943,219.2375743154804,
1023,2v7a,23,1,1,0.434326171875,1,-626645.9023540202,-584134.360216658,-42519.913828567434,193.05578546195645,
1024,2v7a,24,1,1,0.434326171875,1,-626650.7969453308,-584134.360216658,-42519.855810119465,78.84589123706846,
1025,2v7a,25,1,1,0.434326171875,1,-626645.1494145308,-584134.360216658,-42517.03592161929,144.05287173920746,
1026,2v7a,26,1,1,0.434326171875,1,-626654.9703137786,-584134.360216658,-42520.65715829108,1.0852563719903225,
1027,2v7a,27,1,1,0.434326171875,1,-626578.8116055855,-584134.360216658,-42520.64502788282,1757.0670555174693,
1028,2v7a,28,1,1,0.434326171875,1,-626618.0538178148,-584134.360216658,-42520.5711164043,850.4157042389991,
1029,2v7a,29,1,1,0.434326171875,1,-626654.8002735231,-584134.360216658,-42517.89460434072,-58.69952968912752,
1030,2v7a,30,1,1,0.434326171875,1,-626655.0098963227,-584134.360216658,-42520.62716182239,-0.5192737808848061,
1031,2v7a,31,1,1,0.434326171875,1,-626651.7879422413,-584134.360216658,-42520.45375525624,69.78190200935423,
1032,2v7a,32,1,1,0.434326171875,1,-626656.4634247541,-584134.360216658,-42520.38891461361,-39.53254684896498,
1033,2v7a,33,1,1,0.434326171875,1,-626655.629821288,-584134.360216658,-42519.64532356789,-37.45681112470211,
1034,2v7a,34,1,1,0.434326171875,1,-626655.1672905963,-584134.360216658,-42520.50784334579,-6.900421391232987,
1035,2v7a,35,1,1,0.434326171875,1,-626649.920056121,-584134.360216658,-42520.41160190321,111.88429981573002,
1036,2v7a,36,1,1,0.434326171875,1,-626634.2841545736,-584134.360216658,-42520.38974523632,471.9527286119724,
1037,2v7a,37,1,1,0.434326171875,1,-626652.909247581,-584134.360216658,-42520.51801080971,45.40575485385515,
1038,2v7a,38,1,1,0.434326171875,1,-626657.0458652307,-584134.360216658,-42517.90192926456,-110.31518791469841,
1039,2v7a,39,1,1,0.434326171875,1,-626650.3241714645,-584134.360216658,-42520.33752829871,100.8570007064564,
1040,2v7a,40,1,1,0.434326171875,1,-626627.1776154246,-584134.360216658,-42519.96628683196,626.0682317784245,
1041,2v7a,41,1,1,0.434326171875,1,-626653.0680144321,-584134.360216658,-42520.52976833884,42.01563935388909,
1042,2v7a,42,1,1,0.434326171875,1,-626658.985280842,-584134.360216658,-42520.71050983556,-90.27176778945952,
1043,2v7a,43,1,1,0.434326171875,1,-626635.5393985108,-584134.360216658,-42520.65813992181,449.1954442400699,
1044,2v7a,44,1,1,0.434326171875,1,-626655.9356834068,-584134.360216658,-42520.321535932824,-28.916331557928427,
1045,2v7a,45,1,1,0.434326171875,1,-626657.686772324,-584134.360216658,-42520.39016011004,-67.71489016901153,
1046,2v7a,46,1,1,0.434326171875,1,-626639.335755732,-584134.360216658,-42520.50748479601,358.17517722398946,
1047,2v7a,47,1,1,0.434326171875,1,-626650.9152450877,-584134.360216658,-42520.38222150999,88.25716908464938,
1048,2v7a,48,1,1,0.434326171875,1,-626625.9910101418,-584134.360216658,-42520.39435193274,663.3034153902477,
1049,2v7a,49,1,1,0.434326171875,1,-626656.5161696413,-584134.360216658,-42517.814014140255,-100.1274883677404,
1050,2v7a,50,1,1,0.434326171875,1,-626644.6075464175,-584134.360216658,-42520.57682960579,238.20392527102362,
1051,2v7a,51,1,1,0.434326171875,1,-626654.3206221764,-584134.360216658,-42519.519906174144,-10.158156197966616,
1052,2v7a,52,1,1,0.434326171875,1,-626653.1383701534,-584134.360216658,-42520.45258393151,38.61328316102215,
1053,2v7a,53,1,1,0.434326171875,1,-626654.2712019414,-584134.360216658,-42520.52703698779,14.206489794380426,
1054,2v7a,54,1,1,0.434326171875,1,-626654.61394658,-584134.360216658,-42520.57807748183,7.479632417165329,
1055,2v7a,55,1,1,0.434326171875,1,-626654.7801627519,-584134.360216658,-42520.540149248496,2.7719505953303147,
1056,2v7a,56,1,1,0.434326171875,1,-626657.5601453857,-584134.360216658,-42520.57150347575,-60.61292624173502,
1057,2v7a,57,1,1,0.434326171875,1,-626655.1607762378,-584134.360216658,-42520.52078921613,-6.451657854463867,
1058,2v7a,58,1,1,0.434326171875,1,-626629.9691650969,-584134.360216658,-42520.07909897498,564.2950768598652,
1059,2v7a,59,1,1,0.434326171875,1,-626651.5276329541,-584134.360216658,-42520.516594650704,77.23388763998035,
1060,2v7a,60,1,1,0.434326171875,1,-626634.790766065,-584134.360216658,-42520.63863837544,466.009602221534,
1061,2v7a,61,1,1,0.434326171875,1,-626639.1779410365,-584134.360216658,-42519.59151235221,340.6916442061696,
1062,2v7a,62,1,1,0.434326171875,1,-626661.0818564135,-584134.360216658,-42520.514587853606,-143.13801727148294,
1063,2v7a,63,1,1,0.434326171875,1,-626636.2248443319,-584134.360216658,-42520.44791645513,428.54081979039586,
1064,2v7a,64,1,1,0.434326171875,1,-626650.8214190073,-584134.360216658,-42520.5169168716,93.5269987293211,
1065,2v7a,65,1,1,0.434326171875,1,-626651.5130937486,-584134.360216658,-42520.56826622951,78.7607445976037,
1066,2v7a,66,1,1,0.434326171875,1,-626656.986348956,-584134.360216658,-42517.9073834562,-108.81693336764381,
1067,2v7a,67,1,1,0.434326171875,1,-626654.5812843955,-584134.360216658,-42519.97531540249,-5.667183477314168,
1068,2v7a,68,1,1,0.434326171875,1,-626641.5173795456,-584134.360216658,-42520.51951745385,308.14321660416135,
1069,2v7a,69,1,1,0.434326171875,1,-626656.8316923833,-584134.360216658,-42519.82743422845,-60.973045404149474,
1070,2v7a,70,1,1,0.434326171875,1,-626646.0815414264,-584134.360216658,-42519.40575640336,177.207203269447,
1071,2v7a,71,1,1,0.434326171875,1,-626631.1770348757,-584134.360216658,-42520.44737464254,544.9335766981479,
1072,2v7a,72,1,1,0.434326171875,1,-626648.6372183561,-584134.360216658,-42520.21442890693,136.92032413890644,
1073,2v7a,73,1,1,0.434326171875,1,-626655.9511258313,-584134.360216658,-42520.494721477175,-25.2786887992859,
1074,2v7a,74,1,1,0.434326171875,1,-626513.4981202832,-584134.360216658,-42520.44792577221,3258.686524665579,
1075,2v7a,75,1,1,0.434326171875,1,-626610.1513603233,-584134.360216658,-42520.506973267955,1031.1715273373009,
1076,2v7a,76,1,1,0.434326171875,1,-626653.5784109746,-584134.360216658,-42519.64618449891,9.869688070031192,
1077,2v7a,77,1,1,0.434326171875,1,-626639.4940749086,-584134.360216658,-42520.53958756212,355.2645576545097,
1078,2v7a,78,1,1,0.434326171875,1,-626611.3210750595,-584134.360216658,-42520.57672965564,1005.8058852303014,
1079,2v7a,79,1,1,0.434326171875,1,-626603.8327063028,-584134.360216658,-42519.495026817145,1153.5471110723972,
1080,2v7a,80,1,1,0.434326171875,1,-626652.8732749257,-584134.360216658,-42519.64128602055,26.017550056957678,
1081,2v7a,81,1,1,0.434326171875,1,-626656.6952448733,-584134.360216658,-42519.86102926267,-57.05177118031212,
1082,2v7a,82,1,1,0.434326171875,1,-626617.822974142,-584134.360216658,-42520.34323004048,850.4839014032922,
1083,2v7a,83,1,1,0.434326171875,1,-626653.656129954,-584134.360216658,-42520.34100287326,24.10033818249277,
1084,2v7a,84,1,1,0.434326171875,1,-626637.7442610805,-584134.360216658,-42520.105106596486,385.5968540411393,
1085,2v7a,85,1,1,0.434326171875,1,-626652.9195946401,-584134.360216658,-42520.45657234664,43.75034138588606,
1086,2v7a,86,1,1,0.434326171875,1,-626656.5740522423,-584134.360216658,-42520.38141801769,-42.256552941552364,
1087,2v7a,87,1,1,0.434326171875,1,-626658.689676346,-584134.360216658,-42519.277774517184,-116.49462750784241,
1088,2v7a,88,1,1,0.434326171875,1,-626657.1981273002,-584134.360216658,-42517.823107389915,-115.64411026196662,
1089,2v7a,89,1,1,0.434326171875,1,-626643.5767467049,-584134.360216658,-42515.826590417266,152.4316133342983,
1090,2v7a,90,1,1,0.434326171875,1,-626656.3650162044,-584134.360216658,-42519.602461464136,-55.39923225232362,
1091,2v7a,91,1,1,0.434326171875,1,-626655.4548393541,-584134.360216658,-42517.972745998195,-71.99218691489588,
1092,2v7a,92,1,1,0.434326171875,1,-626652.9994771822,-584134.360216658,-42517.86703766979,-17.807882069637888,
1093,2v7a,93,1,1,0.434326171875,1,-626656.0372246456,-584134.360216658,-42517.86328711679,-87.94649255470723,
1094,2v7a,94,1,1,0.434326171875,1,-626656.3132083794,-584134.360216658,-42518.092287896485,-89.02994521553678,
1095,2v7a,95,1,1,0.434326171875,1,-626656.845838473,-584134.360216658,-42518.09659799156,-101.21329380928022,
1096,2v7a,96,1,1,0.434326171875,1,-626639.1384436352,-584134.360216658,-42517.95474001826,303.8576092237287,
1097,2v7a,97,1,1,0.434326171875,1,-626652.1911693857,-584134.360216658,-42517.842088643534,0.2568003196979668,
1098,2v7a,98,1,1,0.434326171875,1,-626654.930581852,-584134.360216658,-42518.285741801905,-52.684667008326315,
1099,2v7a,99,1,1,0.434326171875,1,-626658.2386393781,-584134.360216658,-42518.004472015564,-135.45652117723031,
1100,2v7a,100,1,1,0.434326171875,1,-626653.3260440328,-584134.360216658,-42517.11828305289,-42.60538420535816,
2001,4twp,1,1,2,0.434326171875,0,-626070.8951766219,-584134.360216658,-41931.152855552,-124.11427621940649,
2002,4twp,2,1,2,0.434326171875,0,-626070.9283578306,-584134.360216658,-41930.74722270477,-134.233568746468,
2003,4twp,3,1,2,0.434326171875,0,-626067.3163166171,-584134.360216658,-41931.15557662804,-41.52105439575159,
2004,4twp,4,1,2,0.434326171875,0,-626066.4448950649,-584134.360216658,-41931.20698787248,-20.240024550486527,
2005,4twp,5,1,2,0.434326171875,0,-626046.9153677322,-584134.360216658,-41931.235324348076,430.7750292666123,
2006,4twp,6,1,2,0.434326171875,0,-626067.7863046766,-584134.360216658,-41931.058292714246,-54.602656868611845,
2007,4twp,7,1,2,0.434326171875,0,-626051.0653642482,-584134.360216658,-41931.45143250313,340.0574085572083,
2008,4twp,8,1,2,0.434326171875,0,-626068.6686343228,-584134.360216658,-41930.94049862798,-77.66605803925214,
2009,4twp,9,1,2,0.434326171875,0,-626065.8842430987,-584134.360216658,-41931.12893823649,-9.110950430203735,
2010,4twp,10,1,2,0.434326171875,0,-626064.4343215199,-584134.360216658,-41932.26227821204,50.460476201656085,
2011,4twp,11,1,2,0.434326171875,0,-626043.8355428657,-584134.360216658,-41930.46658666974,484.0699659098635,
2012,4twp,12,1,2,0.434326171875,0,-626068.9788913073,-584134.360216658,-41931.23893419518,-77.93866639676948,
2013,4twp,13,1,2,0.434326171875,0,-626022.1840822459,-584134.360216658,-41930.39247001661,981.6553385100528,
2014,4twp,14,1,2,0.434326171875,0,-626066.6042945608,-584134.360216658,-41930.479977018964,-40.68113281133969,
2015,4twp,15,1,2,0.434326171875,0,-626064.3487024248,-584134.360216658,-41932.25947170232,52.370179788470374,
2016,4twp,16,1,2,0.434326171875,0,-626057.1686318296,-584134.360216658,-41932.260711031195,217.97512077994716,
2017,4twp,17,1,2,0.434326171875,0,-626052.7142575184,-584134.360216658,-41930.48327572019,279.7068006322204,
2018,4twp,18,1,2,0.434326171875,0,-626013.413121147,-584134.360216658,-41930.39193539022,1183.9061776754884,
2019,4twp,19,1,2,0.434326171875,0,-626063.3449445461,-584134.360216658,-41930.48077195057,34.49959565848483,
2020,4twp,20,1,2,0.434326171875,0,-626059.5114602515,-584134.360216658,-41930.401182984715,121.0664784379545,
2021,4twp,21,1,2,0.434326171875,0,-626063.7678222457,-584134.360216658,-41932.26364328371,65.8617938940176,
2022,4twp,22,1,2,0.434326171875,0,-626055.2637330104,-584134.360216658,-41930.43103433099,219.70978405217687,
2023,4twp,23,1,2,0.434326171875,0,-626065.650196814,-584134.360216658,-41930.43568114489,-19.700603207332048,
2024,4twp,24,1,2,0.434326171875,0,-626059.511500467,-584134.360216658,-41932.2527698957,163.76415957115347,
2025,4twp,25,1,2,0.434326171875,0,-626071.1320224821,-584134.360216658,-41932.18634596033,-105.74321651462218,
2026,4twp,26,1,2,0.434326171875,0,-626068.6778603069,-584134.360216658,-41932.2510332732,-47.657167417159755,
2027,4twp,27,1,2,0.434326171875,0,-626063.7643942266,-584134.360216658,-41930.51057355349,25.514097528673354,
2028,4twp,28,1,2,0.434326171875,0,-626065.2351963453,-584134.360216658,-41932.189539003164,30.314457980302397,
2029,4twp,29,1,2,0.434326171875,0,-626067.1040245147,-584134.360216658,-41930.39698382107,-54.11904792353708,
2030,4twp,30,1,2,0.434326171875,0,-626066.8802629961,-584134.360216658,-41930.44767888655,-47.78992873884052,
2031,4twp,31,1,2,0.434326171875,0,-626068.8527703129,-584134.360216658,-41932.180187223064,-53.32443670422445,
2032,4twp,32,1,2,0.434326171875,0,-626070.534325153,-584134.360216658,-41930.421550916326,-132.65712919150616,
2033,4twp,33,1,2,0.434326171875,0,-626068.3595634002,-584134.360216658,-41931.177078927845,-65.08304192313592,
2034,4twp,34,1,2,0.434326171875,0,-626058.8214027868,-584134.360216658,-41932.17549096084,177.89609555964137,
2035,4twp,35,1,2,0.434326171875,0,-626060.7577273948,-584134.360216658,-41932.26454181462,135.29695079307797,
2036,4twp,36,1,2,0.434326171875,0,-626067.7793640469,-584134.360216658,-41930.509681557116,-67.09387597524976,
2037,4twp,37,1,2,0.434326171875,0,-626066.3902295398,-584134.360216658,-41930.377055367535,-38.11810582081999,
2038,4twp,38,1,2,0.434326171875,0,-626067.7331114832,-584134.360216658,-41930.37687452473,-69.08986944008055,
2039,4twp,39,1,2,0.434326171875,0,-626068.1537150053,-584134.360216658,-41931.35620485498,-56.20532315646942,
2040,4twp,40,1,2,0.434326171875,0,-626068.4125876051,-584134.360216658,-41932.220337574654,-42.24769321228641,
2041,4twp,41,1,2,0.434326171875,0,-626069.1855371518,-584134.360216658,-41932.18973650254,-60.778010691506026,
2042,4twp,42,1,2,0.434326171875,0,-626065.9354711709,-584134.360216658,-41930.449406891246,-25.962662930304155,
2043,4twp,43,1,2,0.434326171875,0,-626067.6203913435,-584134.360216658,-41932.278872377,-22.629368821646047,
2044,4twp,44,1,2,0.434326171875,0,-626058.1101411786,-584134.360216658,-41932.27535952536,196.60120170380458,
2045,4twp,45,1,2,0.434326171875,0,-626067.669103326,-584134.360216658,-41932.25309731403,-24.34708089770707,
2046,4twp,46,1,2,0.434326171875,0,-626066.7386950934,-584134.360216658,-41930.382281700986,-46.0333902744399,
2047,4twp,47,1,2,0.434326171875,0,-626067.8031914065,-584134.360216658,-41930.435518935396,-69.35357862785048,
2048,4twp,48,1,2,0.434326171875,0,-626064.9998621979,-584134.360216658,-41930.38563980327,-5.857511439258799,
2049,4twp,49,1,2,0.434326171875,0,-626040.5483212252,-584134.360216658,-41930.50340098304,560.7240560123984,
2050,4twp,50,1,2,0.434326171875,0,-626064.9627101201,-584134.360216658,-41930.49508543114,-2.476888036582184,
2051,4twp,51,1,2,0.434326171875,0,-626067.3064816223,-584134.360216658,-41931.24246010127,-39.29067353788626,
2052,4twp,52,1,2,0.434326171875,0,-626067.941043689,-584134.360216658,-41932.21835739136,-31.419296293943773,
2053,4twp,53,1,2,0.434326171875,0,-626048.0943694558,-584134.360216658,-41930.42055595453,384.79759811578276,
2054,4twp,54,1,2,0.434326171875,0,-626068.9165483622,-584134.360216658,-41932.18531417783,-54.67696307542307,
2055,4twp,55,1,2,0.434326171875,0,-626066.78756048,-584134.360216658,-41930.40599617529,-46.61338408860866,
2056,4twp,56,1,2,0.434326171875,0,-626069.4910372128,-584134.360216658,-41932.183160016924,-67.97466682205219,
2057,4twp,57,1,2,0.434326171875,0,-626058.1828582662,-584134.360216658,-41932.20706443282,193.349383579531,
2058,4twp,58,1,2,0.434326171875,0,-626068.4016781704,-584134.360216658,-41931.138347532746,-66.94739878662713,
2059,4twp,59,1,2,0.434326171875,0,-626059.8274217736,-584134.360216658,-41930.40518064414,113.87242086251011,
2060,4twp,60,1,2,0.434326171875,0,-626068.6552532256,-584134.360216658,-41932.186637460836,-48.62083844774283,
2061,4twp,61,1,2,0.434326171875,0,-626062.490914973,-584134.360216658,-41930.41677106605,52.71809002017068,
2062,4twp,62,1,2,0.434326171875,0,-626067.6656550191,-584134.360216658,-41932.259675767535,-24.115858309092957,
2063,4twp,63,1,2,0.434326171875,0,-626057.6924901329,-584134.360216658,-41930.48106490207,164.8550466375658,
2064,4twp,64,1,2,0.434326171875,0,-626065.0257762352,-584134.360216658,-41932.179499867605,34.91229248019664,
2065,4twp,65,1,2,0.434326171875,0,-626045.041933449,-584134.360216658,-41930.40609419077,454.8549484563823,
2066,4twp,66,1,2,0.434326171875,0,-626064.2011718466,-584134.360216658,-41930.47265313117,14.567300618763866,
2067,4twp,67,1,2,0.434326171875,0,-626046.9070098884,-584134.360216658,-41932.18561080602,452.8818920379208,
2068,4twp,68,1,2,0.434326171875,0,-626067.4938242356,-584134.360216658,-41932.261673350185,-20.107280957575828,
2069,4twp,69,1,2,0.434326171875,0,-626056.4346687122,-584134.360216658,-41931.43581629253,215.87818777730456,
2070,4twp,70,1,2,0.434326171875,0,-626062.6597837082,-584134.360216658,-41930.42984406356,49.12535495944974,
2071,4twp,71,1,2,0.434326171875,0,-626070.420229612,-584134.360216658,-41931.14609699425,-113.3175940267324,
2072,4twp,72,1,2,0.434326171875,0,-626064.4771186776,-584134.360216658,-41930.46834725943,8.104519763119049,
2073,4twp,73,1,2,0.434326171875,0,-626065.798425592,-584134.360216658,-41930.36659907594,-24.71191038838688,
2074,4twp,74,1,2,0.434326171875,0,-626054.0095644712,-584134.360216658,-41930.50699354096,250.38325863257884,
2075,4twp,75,1,2,0.434326171875,0,-626065.1170957536,-584134.360216658,-41932.24732079261,34.37040204330476,
2076,4twp,76,1,2,0.434326171875,0,-626042.257378185,-584134.360216658,-41930.43105329055,519.6438888217201,
2077,4twp,77,1,2,0.434326171875,0,-626068.6252613391,-584134.360216658,-41931.341157729265,-67.4264349051812,
2078,4twp,78,1,2,0.434326171875,0,-626063.5416656933,-584134.360216658,-41930.39396338885,27.961245245403767,
2079,4twp,79,1,2,0.434326171875,0,-626068.7865528306,-584134.360216658,-41930.440399897074,-91.91787413200714,
2080,4twp,80,1,2,0.434326171875,0,-626067.7779448583,-584134.360216658,-41931.34320970486,-47.83953299017145,
2081,4twp,81,1,2,0.434326171875,0,-626069.2723878877,-584134.360216658,-41930.38938919284,-104.297831488978,
2082,4twp,82,1,2,0.434326171875,0,-626058.5474524852,-584134.360216658,-41932.28691055145,186.78293639076614,
2083,4twp,83,1,2,0.434326171875,0,-626063.6685842646,-584134.360216658,-41932.18194963364,66.26637577970833,
2084,4twp,84,1,2,0.434326171875,0,-626058.4298693149,-584134.360216658,-41932.28682258401,189.4924401361776,
2085,4twp,85,1,2,0.434326171875,0,-626066.9742875072,-584134.360216658,-41932.28524191392,-7.582975391425505,
2086,4twp,86,1,2,0.434326171875,0,-626064.3957264175,-584134.360216658,-41930.45536902318,9.682184630760743,
2087,4twp,87,1,2,0.434326171875,0,-626065.8101122552,-584134.360216658,-41932.245937247775,18.357156558727628,
2088,4twp,88,1,2,0.434326171875,0,-626067.9978045905,-584134.360216658,-41931.30521406173,-53.78581920626976,
2089,4twp,89,1,2,0.434326171875,0,-626065.8186745015,-584134.360216658,-41930.36552695795,-25.203584962253306,
2090,4twp,90,1,2,0.434326171875,0,-626067.5243621375,-584134.360216658,-41931.32696800359,-42.36631905800127,
2091,4twp,91,1,2,0.434326171875,0,-626068.7571173653,-584134.360216658,-41931.367307398825,-69.86408139681065,
2092,4twp,92,1,2,0.434326171875,0,-626067.404456378,-584134.360216658,-41931.3652783337,-38.717769354035156,
2093,4twp,93,1,2,0.434326171875,0,-626069.2268920067,-584134.360216658,-41931.422864680855,-79.41616062588422,
2094,4twp,94,1,2,0.434326171875,0,-626062.8254401833,-584134.360216658,-41930.73312748776,52.29910780147456,
2095,4twp,95,1,2,0.434326171875,0,-626068.4564133005,-584134.360216658,-41931.333432428815,-63.710856294278024,
2096,4twp,96,1,2,0.434326171875,0,-626068.1865990784,-584134.360216658,-41930.70692695336,-71.93635200257685,
2097,4twp,97,1,2,0.434326171875,0,-626067.5106493129,-584134.360216658,-41931.35104698141,-41.494819389083055,
2098,4twp,98,1,2,0.434326171875,0,-626067.0491967939,-584134.360216658,-41931.27494933876,-32.608324832573096,
2099,4twp,99,1,2,0.434326171875,0,-626068.8270351151,-584134.360216658,-41931.29160711513,-73.22211302436315,
2100,4twp,100,1,2,0.434326171875,0,-626061.7668817278,-584134.360216658,-41931.10513449259,85.28873102274514,
3001,3k5v,1,1,3,0.424072265625,0,-621202.4122102137,-584134.360216658,-37066.08556699087,-45.34687385453869,
3002,3k5v,2,1,3,0.424072265625,0,-621202.5719894139,-584134.360216658,-37065.8203369239,-55.147820388946926,
3003,3k5v,3,1,3,0.424072265625,0,-621178.6817388294,-584134.360216658,-37066.44016400065,510.0679978522324,
3004,3k5v,4,1,3,0.424072265625,0,-621202.1423338018,-584134.360216658,-37066.471550788876,-30.22237811420541,
3005,3k5v,5,1,3,0.424072265625,0,-621191.5903826685,-584134.360216658,-37066.46630854693,212.9905067303891,
3006,3k5v,6,1,3,0.424072265625,0,-621202.8858585829,-584134.360216658,-37066.50753965944,-46.53854382051038,
3007,3k5v,7,1,3,0.424072265625,0,-621166.9320591476,-584134.360216658,-37066.49311353003,782.2430933020929,
3008,3k5v,8,1,3,0.424072265625,0,-621201.2445089894,-584134.360216658,-37066.48466492975,-9.215626810425718,
3009,3k5v,9,1,3,0.424072265625,0,-621194.3784529241,-584134.360216658,-37066.48865759645,149.21146057275837,
3010,3k5v,10,1,3,0.424072265625,0,-621186.658519656,-584134.360216658,-37066.50230204771,327.5519994703229,
3011,3k5v,11,1,3,0.424072265625,0,-621187.4122275373,-584134.360216658,-37066.49108607864,309.9124364343705,
3012,3k5v,12,1,3,0.424072265625,0,-621189.7839052108,-584134.360216658,-37066.51042511282,255.66621872766086,
3013,3k5v,13,1,3,0.424072265625,0,-621177.4112945145,-584134.360216658,-37066.512377851046,541.0304306912122,
3014,3k5v,14,1,3,0.424072265625,0,-621205.3922077985,-584134.360216658,-37066.48851522331,-104.77504370716431,
3015,3k5v,15,1,3,0.424072265625,0,-621188.2247669953,-584134.360216658,-37066.46491630739,290.5713421363343,
3016,3k5v,16,1,3,0.424072265625,0,-621201.6421824656,-584134.360216658,-37066.485346657595,-18.370474012913384,
3017,3k5v,17,1,3,0.424072265625,0,-621200.4187134632,-584134.360216658,-37066.464615974044,9.365330516743207,
3018,3k5v,18,1,3,0.424072265625,0,-621205.7286746884,-584134.360216658,-37066.51155546538,-112.00283390916204,
3019,3k5v,19,1,3,0.424072265625,0,-621202.1960499457,-584134.360216658,-37066.516264965154,-30.429968417418088,
3020,3k5v,20,1,3,0.424072265625,0,-621199.8425845937,-584134.360216658,-37066.425443225315,21.747832823875648,
3021,3k5v,21,1,3,0.424072265625,0,-621188.9836513987,-584134.360216658,-37066.46277685512,273.0217151126677,
3022,3k5v,22,1,3,0.424072265625,0,-621202.246178128,-584134.360216658,-37066.44671919527,-33.189715318013114,
3023,3k5v,23,1,3,0.424072265625,0,-621203.3869406974,-584134.360216658,-37066.45569728211,-59.28928551172234,
3024,3k5v,24,1,3,0.424072265625,0,-621191.6476245512,-584134.360216658,-37066.50907627501,212.65672479636694,
3025,3k5v,25,1,3,0.424072265625,0,-621202.25798514,-584134.360216658,-37066.49437382483,-32.363049616460806,
3026,3k5v,26,1,3,0.424072265625,0,-621194.0417093553,-584134.360216658,-37066.459062212845,156.29446598786018,
3027,3k5v,27,1,3,0.424072265625,0,-621202.4453267684,-584134.360216658,-37066.43802236243,-37.98274579470651,
3028,3k5v,28,1,3,0.424072265625,0,-621201.7667690833,-584134.360216658,-37066.420921298486,-22.72919374445857,
3029,3k5v,29,1,3,0.424072265625,0,-621198.5471966635,-584134.360216658,-37066.472292977865,52.70056910785662,
3030,3k5v,30,1,3,0.424072265625,0,-621202.522360158,-584134.360216658,-37066.482480423845,-38.73395070828841,
3031,3k5v,31,1,3,0.424072265625,0,-621195.8731986496,-584134.360216658,-37066.489264174255,114.75579329102389,
3032,3k5v,32,1,3,0.424072265625,0,-621203.0390425135,-584134.360216658,-37066.460138034396,-51.164156619511225,
3033,3k5v,33,1,3,0.424072265625,0,-621176.789889132,-584134.360216658,-37066.47986802877,554.6106849255854,
3034,3k5v,34,1,3,0.424072265625,0,-621202.8151224707,-584134.360216658,-37066.4485947692,-46.26663178274493,
3035,3k5v,35,1,3,0.424072265625,0,-621202.1208478111,-584134.360216658,-37066.46330288887,-29.91710048989094,
3036,3k5v,36,1,3,0.424072265625,0,-621202.1201894385,-584134.360216658,-37066.50591662849,-28.919221875141872,
3037,3k5v,37,1,3,0.424072265625,0,-621197.8767207448,-584134.360216658,-37066.481135471375,68.36602384444227,
3038,3k5v,38,1,3,0.424072265625,0,-621202.452960396,-584134.360216658,-37066.45604552354,-37.743157458193636,
3039,3k5v,39,1,3,0.424072265625,0,-621203.2216195657,-584134.360216658,-37066.488012438815,-54.7316844298045,
3040,3k5v,40,1,3,0.424072265625,0,-621201.3633786412,-584134.360216658,-37066.453895351515,-12.666389432091167,
3041,3k5v,41,1,3,0.424072265625,0,-621200.618969822,-584134.360216658,-37066.50769532845,5.740742691017706,
3042,3k5v,42,1,3,0.424072265625,0,-621188.6131870997,-584134.360216658,-37066.48184624539,282.0045753854885,
3043,3k5v,43,1,3,0.424072265625,0,-621203.1393131465,-584134.360216658,-37066.50736751582,-52.387314632495325,
3044,3k5v,44,1,3,0.424072265625,0,-621202.1587949691,-584134.360216658,-37066.458748895355,-30.897200326826677,
3045,3k5v,45,1,3,0.424072265625,0,-621197.4134166407,-584134.360216658,-37066.46691487809,78.72213562436856,
3046,3k5v,46,1,3,0.424072265625,0,-621200.530204896,-584134.360216658,-37066.483826991804,7.237293592732819,
3047,3k5v,47,1,3,0.424072265625,0,-621202.2055149729,-584134.360216658,-37066.46172270391,-31.90601155520936,
3048,3k5v,48,1,3,0.424072265625,0,-621200.6496638088,-584134.360216658,-37066.460015508754,3.9333997775529235,
3049,3k5v,49,1,3,0.424072265625,0,-621196.4356187554,-584134.360216658,-37066.505418397115,102.15860276937346,
3050,3k5v,50,1,3,0.424072265625,0,-621201.1603655952,-584134.360216658,-37066.48312180179,-7.310819421240474,
3051,3k5v,51,1,3,0.424072265625,0,-621204.6988680391,-584134.360216658,-37066.479198053574,-89.0011080590856,
3052,3k5v,52,1,3,0.424072265625,0,-621199.353538665,-584134.360216658,-37066.48153083788,34.3189109263008,
3053,3k5v,53,1,3,0.424072265625,0,-621181.2391299406,-584134.360216658,-37066.48372271141,452.09764554212853,
3054,3k5v,54,1,3,0.424072265625,0,-621200.9187114927,-584134.360216658,-37066.486177848674,-1.667669315107588,
3055,3k5v,55,1,3,0.424072265625,0,-621201.9130490422,-584134.360216658,-37066.455397940335,-25.307439484735742,
3056,3k5v,56,1,3,0.424072265625,0,-621178.3887976982,-584134.360216658,-37066.51426663736,518.5322282172176,
3057,3k5v,57,1,3,0.424072265625,0,-621199.7290566898,-584134.360216658,-37066.45653591188,25.082862867919655,
3058,3k5v,58,1,3,0.424072265625,0,-621203.3456694676,-584134.360216658,-37066.44335580244,-58.62214962379168,
3059,3k5v,59,1,3,0.424072265625,0,-621202.1938280439,-584134.360216658,-37066.48889411459,-31.0099169536081,
3060,3k5v,60,1,3,0.424072265625,0,-621199.8432250634,-584134.360216658,-37066.45803495551,22.484646394342303,
3061,3k5v,61,1,3,0.424072265625,0,-621190.8565560206,-584134.360216658,-37066.51570513067,231.0520635274271,
3062,3k5v,62,1,3,0.424072265625,0,-621192.0370667251,-584134.360216658,-37066.48357662318,203.08793897754694,
3063,3k5v,63,1,3,0.424072265625,0,-621194.957741991,-584134.360216658,-37066.4871774248,135.8186037674565,
3064,3k5v,64,1,3,0.424072265625,0,-621184.5418553062,-584134.360216658,-37066.48038498303,375.85801943185743,
3065,3k5v,65,1,3,0.424072265625,0,-621203.8839554253,-584134.360216658,-37066.49501515745,-69.8440256722277,
3066,3k5v,66,1,3,0.424072265625,0,-621199.4213200309,-584134.360216658,-37066.455350896445,32.15211170326502,
3067,3k5v,67,1,3,0.424072265625,0,-621203.0108839561,-584134.360216658,-37066.49649580519,-49.67637474798179,
3068,3k5v,68,1,3,0.424072265625,0,-621200.8609524589,-584134.360216658,-37066.44128961244,-1.3708616733631103,
3069,3k5v,69,1,3,0.424072265625,0,-621199.4384308453,-584134.360216658,-37066.45126229501,31.663241561860467,
3070,3k5v,70,1,3,0.424072265625,0,-621201.8803290646,-584134.360216658,-37066.485425242005,-23.860452848392725,
3071,3k5v,71,1,3,0.424072265625,0,-621195.4378623954,-584134.360216658,-37066.444996870574,123.77405752924787,
3072,3k5v,72,1,3,0.424072265625,0,-621203.4189053567,-584134.360216658,-37066.461063827504,-59.90265258788244,
3073,3k5v,73,1,3,0.424072265625,0,-621172.457732672,-584134.360216658,-37066.50223252603,655.0283237406328,
3074,3k5v,74,1,3,0.424072265625,0,-621199.0104240029,-584134.360216658,-37066.42790056936,40.99457963065138,
3075,3k5v,75,1,3,0.424072265625,0,-621175.4187826865,-584134.360216658,-37066.50327955113,586.7690332253237,
3076,3k5v,76,1,3,0.424072265625,0,-621191.2672527609,-584134.360216658,-37066.47523273602,220.64785610943431,
3077,3k5v,77,1,3,0.424072265625,0,-621200.6367788115,-584134.360216658,-37066.499829985834,5.148678527089099,
3078,3k5v,78,1,3,0.424072265625,0,-621179.0255530182,-584134.360216658,-37066.479743970536,503.0521900942335,
3079,3k5v,79,1,3,0.424072265625,0,-621199.6439242931,-584134.360216658,-37066.44514686132,26.78342482793123,
3080,3k5v,80,1,3,0.424072265625,0,-621181.0440473112,-584134.360216658,-37066.45965481162,456.04133889506454,
3081,3k5v,81,1,3,0.424072265625,0,-621156.5738646346,-584134.360216658,-37066.462125031576,1020.3941215575318,
3082,3k5v,82,1,3,0.424072265625,0,-621197.4157332784,-584134.360216658,-37066.469267578446,78.72296724986143,
3083,3k5v,83,1,3,0.424072265625,0,-621200.7981765578,-584134.360216658,-37066.474995774304,0.8540675559935897,
3084,3k5v,84,1,3,0.424072265625,0,-621193.3782205483,-584134.360216658,-37066.46874502203,171.8181722420287,
3085,3k5v,85,1,3,0.424072265625,0,-621198.9663527072,-584134.360216658,-37066.478768051486,43.1839198564608,
3086,3k5v,86,1,3,0.424072265625,0,-621174.3386816939,-584134.360216658,-37066.48570974112,611.271584382539,
3087,3k5v,87,1,3,0.424072265625,0,-621196.385769204,-584134.360216658,-37066.48266087703,102.78335985344832,
3088,3k5v,88,1,3,0.424072265625,0,-621202.4472633445,-584134.360216658,-37066.46846226589,-37.325443450760616,
3089,3k5v,89,1,3,0.424072265625,0,-621201.4883554166,-584134.360216658,-37065.074043240966,-47.36856793286716,
3090,3k5v,90,1,3,0.424072265625,0,-621198.700707291,-584134.360216658,-37065.06928409877,16.806376575081888,
3091,3k5v,91,1,3,0.424072265625,0,-621202.0775144326,-584134.360216658,-37065.074559383196,-60.942995079314855,
3092,3k5v,92,1,3,0.424072265625,0,-621202.1634295752,-584134.360216658,-37065.60970396135,-50.58351819268559,
3093,3k5v,93,1,3,0.424072265625,0,-621184.646512557,-584134.360216658,-37064.68819555999,332.11569598232114,
3094,3k5v,94,1,3,0.424072265625,0,-621201.079477838,-584134.360216658,-37064.83455432129,-43.46237266254762,
3095,3k5v,95,1,3,0.424072265625,0,-621201.6866121162,-584134.360216658,-37064.90883763769,-55.75020775299955,
3096,3k5v,96,1,3,0.424072265625,0,-621200.5686167817,-584134.360216658,-37064.74743615379,-33.690629508140574,
3097,3k5v,97,1,3,0.424072265625,0,-621203.1957973442,-584134.360216658,-37065.92899514463,-67.02745490562587,
3098,3k5v,98,1,3,0.424072265625,0,-621198.7581984176,-584134.360216658,-37065.450262506376,24.266170491658684,
3099,3k5v,99,1,3,0.424072265625,0,-621202.1877658813,-584134.360216658,-37065.5099609832,-53.444854462949415,
3100,3k5v,100,1,3,0.424072265625,0,-621201.7539690292,-584134.360216658,-37065.645690672005,-40.31126042501733,
4001,3mss,1,1,4,0.424072265625,1,-609165.3186077633,-584134.360216658,-25027.540889526335,-78.80945862271062,
4002,3mss,2,1,4,0.424072265625,1,-609157.7022408498,-584134.360216658,-25027.634303813207,98.98231951035899,
4003,3mss,3,1,4,0.424072265625,1,-609165.0015550596,-584134.360216658,-25027.24971981803,-78.21258256937256,
4004,3mss,4,1,4,0.424072265625,1,-609160.9188705555,-584134.360216658,-25027.61399559719,24.33675774355684,
4005,3mss,5,1,4,0.424072265625,1,-609147.3847504813,-584134.360216658,-25026.728837679944,316.0287545699746,
4006,3mss,6,1,4,0.424072265625,1,-609163.6295566814,-584134.360216658,-25027.198446650742,-47.75593567225546,
4007,3mss,7,1,4,0.424072265625,1,-609153.5893392978,-584134.360216658,-25026.98747332704,178.9118171082974,
4008,3mss,8,1,4,0.424072265625,1,-609133.1887840257,-584134.360216658,-25027.8568776452,669.408737595314,
4009,3mss,9,1,4,0.424072265625,1,-609161.821519553,-584134.360216658,-25027.58004223725,2.7381942817025653,
4010,3mss,10,1,4,0.424072265625,1,-609159.5883328045,-584134.360216658,-25027.433306233277,50.85289147123127,
4011,3mss,11,1,4,0.424072265625,1,-609164.4337473378,-584134.360216658,-25027.617215106224,-56.64398277158382,
4012,3mss,12,1,4,0.424072265625,1,-609157.9727921404,-584134.360216658,-25026.993591913022,77.9680911130706,
4013,3mss,13,1,4,0.424072265625,1,-609145.0016815106,-584134.360216658,-25027.66552731388,392.5842066594936,
4014,3mss,14,1,4,0.424072265625,1,-609161.9596869642,-584134.360216658,-25027.019430074703,-13.376045501850706,
4015,3mss,15,1,4,0.424072265625,1,-609161.1489436539,-584134.360216658,-25026.99048955707,4.65275519152803,
4016,3mss,16,1,4,0.424072265625,1,-609160.5003268556,-584134.360216658,-25027.75750925653,37.29810835983181,
4017,3mss,17,1,4,0.424072265625,1,-609164.3641483894,-584134.360216658,-25027.646017870462,-54.37478537182457,
4018,3mss,18,1,4,0.424072265625,1,-609144.700347649,-584134.360216658,-25027.333874685526,391.8850392872941,
4019,3mss,19,1,4,0.424072265625,1,-609159.5346350127,-584134.360216658,-25026.886978403327,39.49257291286939,
4020,3mss,20,1,4,0.424072265625,1,-609158.2761918826,-584134.360216658,-25027.75810223377,88.60155366680978,
4021,3mss,21,1,4,0.424072265625,1,-609156.8233702825,-584134.360216658,-25027.22667567361,109.84942805437122,
4022,3mss,22,1,4,0.424072265625,1,-609163.9153461033,-584134.360216658,-25027.34435307572,-50.981714212880554,
4023,3mss,23,1,4,0.424072265625,1,-609161.7373377897,-584134.360216658,-25027.02803942019,-8.050015506220209,
4024,3mss,24,1,4,0.424072265625,1,-609160.5427667807,-584134.360216658,-25027.193245706712,23.307193856652926,
4025,3mss,25,1,4,0.424072265625,1,-609163.0271506726,-584134.360216658,-25027.420050452005,-28.753818035525942,
4026,3mss,26,1,4,0.424072265625,1,-609162.3125428983,-584134.360216658,-25027.765003032433,-4.319775796352565,
4027,3mss,27,1,4,0.424072265625,1,-609162.8281302076,-584134.360216658,-25027.60051129907,-20.00277108730398,
4028,3mss,28,1,4,0.424072265625,1,-609162.0477796893,-584134.360216658,-25027.173921499587,-11.84485511054968,
4029,3mss,29,1,4,0.424072265625,1,-609165.6560374,-584134.360216658,-25027.24381653247,-93.44143688441702,
4030,3mss,30,1,4,0.424072265625,1,-609156.5356137194,-584134.360216658,-25027.30442781408,118.27825899705337,
4031,3mss,31,1,4,0.424072265625,1,-609152.54460233,-584134.360216658,-25027.601270766747,217.15852914334238,
4032,3mss,32,1,4,0.424072265625,1,-609163.7591076656,-584134.360216658,-25027.151306507654,-51.830529865374935,
4033,3mss,33,1,4,0.424072265625,1,-609156.209917404,-584134.360216658,-25027.49641948587,130.21642758657924,
4034,3mss,34,1,4,0.424072265625,1,-609164.5713163731,-584134.360216658,-25027.14722640402,-70.65459703684441,
4035,3mss,35,1,4,0.424072265625,1,-609159.2545966496,-584134.360216658,-25026.78066564265,43.498780478909545,
4036,3mss,36,1,4,0.424072265625,1,-609162.4901054206,-584134.360216658,-25026.663095077474,-33.825065933572574,
4037,3mss,37,1,4,0.424072265625,1,-609164.5664279901,-584134.360216658,-25026.899251361407,-76.26030857847047,
4038,3mss,38,1,4,0.424072265625,1,-609162.7212774168,-584134.360216658,-25027.520792116917,-19.377055207175573,
4039,3mss,39,1,4,0.424072265625,1,-609149.9247200335,-584134.360216658,-25027.48632682345,274.92377984835434,
4040,3mss,40,1,4,0.424072265625,1,-609159.4586778473,-584134.360216658,-25026.674781047124,36.35079947754342,
4041,3mss,41,1,4,0.424072265625,1,-609162.9278718812,-584134.360216658,-25026.88720811988,-38.75203080270872,
4042,3mss,42,1,4,0.424072265625,1,-609166.7384451963,-584134.360216658,-25027.2324890461,-118.66357168428513,
4043,3mss,43,1,4,0.424072265625,1,-609163.6483659645,-584134.360216658,-25027.512887432822,-40.93851135099259,
4044,3mss,44,1,4,0.424072265625,1,-609165.1684645328,-584134.360216658,-25026.98518579464,-88.16190595984845,
4045,3mss,45,1,4,0.424072265625,1,-609162.9436871256,-584134.360216658,-25026.965922746345,-37.301536594174536,
4046,3mss,46,1,4,0.424072265625,1,-609164.8920235506,-584134.360216658,-25026.888792452868,-84.00990873505022,
4047,3mss,47,1,4,0.424072265625,1,-609163.2171108208,-584134.360216658,-25027.485471221957,-31.625764324080855,
4048,3mss,48,1,4,0.424072265625,1,-609163.9350871812,-584134.360216658,-25026.739015052917,-65.39638071275716,
4049,3mss,49,1,4,0.424072265625,1,-609156.3842557822,-584134.360216658,-25026.967551206202,114.00009681698447,
4050,3mss,50,1,4,0.424072265625,1,-609166.135807396,-584134.360216658,-25026.998055248525,-110.17258566864498,
4051,3mss,51,1,4,0.424072265625,1,-609158.6371371796,-584134.360216658,-25027.382362644417,71.61319660771315,
4052,3mss,52,1,4,0.424072265625,1,-609164.6037964049,-584134.360216658,-25027.550785075742,-62.09732031278948,
4053,3mss,53,1,4,0.424072265625,1,-609161.3614490893,-584134.360216658,-25024.40830132996,-59.794411683251006,
4054,3mss,54,1,4,0.424072265625,1,-609140.210060565,-584134.360216658,-25027.518139560107,499.682768315224,
4055,3mss,55,1,4,0.424072265625,1,-609165.3300019586,-584134.360216658,-25026.948820525773,-92.72565051664245,
4056,3mss,56,1,4,0.424072265625,1,-609160.9729357484,-584134.360216658,-25027.040649145514,9.86830150359846,
4057,3mss,57,1,4,0.424072265625,1,-609164.3079896946,-584134.360216658,-25027.64975300926,-52.99360075765313,
4058,3mss,58,1,4,0.424072265625,1,-609161.6582930597,-584134.360216658,-25027.547129875285,5.743309540057694,
4059,3mss,59,1,4,0.424072265625,1,-609148.1226401059,-584134.360216658,-25027.17407613708,309.28005832609375,
4060,3mss,60,1,4,0.424072265625,1,-609164.5544584851,-584134.360216658,-25027.412170339412,-64.15609261051223,
4061,3mss,61,1,4,0.424072265625,1,-609163.8883617488,-584134.360216658,-25027.408226355732,-48.88648738690458,
4062,3mss,62,1,4,0.424072265625,1,-609163.2140438686,-584134.360216658,-25027.535831680543,-30.393698961621496,
4063,3mss,63,1,4,0.424072265625,1,-609146.6456220224,-584134.360216658,-25023.045340719826,248.13000391655532,
4064,3mss,64,1,4,0.424072265625,1,-609160.3327646519,-584134.360216658,-25027.061647130267,25.115222726973784,
4065,3mss,65,1,4,0.424072265625,1,-609150.4959606183,-584134.360216658,-25026.752883099565,244.83704494599644,
4066,3mss,66,1,4,0.424072265625,1,-609163.0475589818,-584134.360216658,-25027.754714032184,-21.5069193276566,
4067,3mss,67,1,4,0.424072265625,1,-609163.7680765985,-584134.360216658,-25026.88793034088,-58.11095706293888,
4068,3mss,68,1,4,0.424072265625,1,-609159.1369760899,-584134.360216658,-25027.33498630359,58.99411313550722,
4069,3mss,69,1,4,0.424072265625,1,-609161.0649933949,-584134.360216658,-25027.024256169258,7.3673707306040646,
4070,3mss,70,1,4,0.424072265625,1,-609150.3409553639,-584134.360216658,-25027.506973466832,265.80128801014354,
4071,3mss,71,1,4,0.424072265625,1,-609160.2232917796,-584134.360216658,-25027.02392667448,26.769872758150104,
4072,3mss,72,1,4,0.424072265625,1,-609164.4447192153,-584134.360216658,-25027.532091943496,-58.85998704283109,
4073,3mss,73,1,4,0.424072265625,1,-609141.1800374661,-584134.360216658,-25027.333963402907,473.0673665109886,
4074,3mss,74,1,4,0.424072265625,1,-609161.0159114327,-584134.360216658,-25027.677189822316,23.556235404260033,
4075,3mss,75,1,4,0.424072265625,1,-609159.6573348503,-584134.360216658,-25027.231903872274,44.61721771491323,
4076,3mss,76,1,4,0.424072265625,1,-609155.1716337884,-584134.360216658,-25027.75109422928,160.03275566766075,
4077,3mss,77,1,4,0.424072265625,1,-609153.3989890678,-584134.360216658,-25027.387477814224,192.52572030287556,
4078,3mss,78,1,4,0.424072265625,1,-609105.6450995294,-584134.360216658,-25027.616809917086,1299.0450980272042,
4079,3mss,79,1,4,0.424072265625,1,-609152.6521504149,-584134.360216658,-25026.914839967816,198.8489411156855,
4080,3mss,80,1,4,0.424072265625,1,-609138.9489889323,-584134.360216658,-25027.145111344373,520.1615360085888,
4081,3mss,81,1,4,0.424072265625,1,-609148.0847153112,-584134.360216658,-25026.98032736193,305.6866719720861,
4082,3mss,82,1,4,0.424072265625,1,-609163.3213928156,-584134.360216658,-25027.688206117236,-29.355386502282883,
4083,3mss,83,1,4,0.424072265625,1,-609163.85570546,-584134.360216658,-25027.86068789164,-37.69940458623329,
4084,3mss,84,1,4,0.424072265625,1,-609161.4079528841,-584134.360216658,-25027.599288078407,12.719087870836843,
4085,3mss,85,1,4,0.424072265625,1,-609161.1713275457,-584134.360216658,-25027.241917052324,9.934626165589513,
4086,3mss,86,1,4,0.424072265625,1,-609160.2884685805,-584134.360216658,-25027.38212566954,33.52712508378497,
4087,3mss,87,1,4,0.424072265625,1,-609157.4694680534,-584134.360216658,-25027.572718457683,102.92999567900888,
4088,3mss,88,1,4,0.424072265625,1,-609164.1353364795,-584134.360216658,-25026.97806959921,-64.5015104367415,
4089,3mss,89,1,4,0.424072265625,1,-609163.4472873401,-584134.360216658,-25027.747503132225,-30.891161555923585,
4090,3mss,90,1,4,0.424072265625,1,-609162.6414712929,-584134.360216658,-25027.024218226576,-28.98794822036899,
4091,3mss,91,1,4,0.424072265625,1,-609157.6292433803,-584134.360216658,-25020.472960807703,-64.47881176096949,
4092,3mss,92,1,4,0.424072265625,1,-609160.2458799162,-584134.360216658,-25027.844259817215,45.166309628644825,
4093,3mss,93,1,4,0.424072265625,1,-609163.0642075118,-584134.360216658,-25027.075978670073,-37.54285283299178,
4094,3mss,94,1,4,0.424072265625,1,-609164.2867088793,-584134.360216658,-25026.969516466754,-68.18948082179281,
4095,3mss,95,1,4,0.424072265625,1,-609164.4574551679,-584134.360216658,-25026.417865467745,-84.84835802566255,
4096,3mss,96,1,4,0.424072265625,1,-609164.0722805884,-584134.360216658,-25026.845603386766,-66.10215047250752,
4097,3mss,97,1,4,0.424072265625,1,-609165.4362598901,-584134.360216658,-25026.6782306316,-101.41596782414817,
4098,3mss,98,1,4,0.424072265625,1,-609163.8391972146,-584134.360216658,-25027.394102558337,-48.078428799854315,
4099,3mss,99,1,4,0.424072265625,1,-609165.3061179225,-584134.360216658,-25027.02591159248,-90.39710932841191,
4100,3mss,100,1,4,0.424072265625,1,-609163.7850486024,-584134.360216658,-25027.01215578328,-55.63763401335648,
5001,1a30,1,0,5,0.388916015625,-2,-620888.0464246923,-584134.360216658,-36760.986305361075,168.34424357265456,
5002,1a30,2,0,5,0.388916015625,-2,-620900.964784599,-584134.360216658,-36761.51590434952,-117.34737014624729,
5003,1a30,3,0,5,0.388916015625,-2,-620902.6644349456,-584134.360216658,-36760.77359325502,-173.66033875779115,
5004,1a30,4,0,5,0.388916015625,-2,-620901.8346682411,-584134.360216658,-36762.03848433788,-125.35638266439155,
5005,1a30,5,0,5,0.388916015625,-2,-620888.1307766106,-584134.360216658,-36761.573095234315,179.93073806420418,
5006,1a30,6,0,5,0.388916015625,-2,-620879.2806122674,-584134.360216658,-36760.47179741499,358.6238451696639,
5007,1a30,7,0,5,0.388916015625,-2,-620902.6162306964,-584134.360216658,-36761.525154039584,-155.2173189452693,
5008,1a30,8,0,5,0.388916015625,-2,-620906.4121775534,-584134.360216658,-36761.51915190647,-242.8923454804951,
5009,1a30,9,0,5,0.388916015625,-2,-620902.046084669,-584134.360216658,-36759.47432585837,-189.36266057325057,
5010,1a30,10,0,5,0.388916015625,-2,-620885.9438572058,-584134.360216658,-36761.984147066985,239.84137804791098,
5011,1a30,11,0,5,0.388916015625,-2,-620904.6226574609,-584134.360216658,-36761.28419591228,-207.04324573462566,
5012,1a30,12,0,5,0.388916015625,-2,-620895.5841932024,-584134.360216658,-36761.23719319688,0.30478324545852564,
5013,1a30,13,0,5,0.388916015625,-2,-620887.4543235808,-584134.360216658,-36761.59130900592,195.9501350628632,
5014,1a30,14,0,5,0.388916015625,-2,-620903.2923395401,-584134.360216658,-36760.94750855458,-184.12958060900766,
5015,1a30,15,0,5,0.388916015625,-2,-620882.5878747014,-584134.360216658,-36762.04353606117,318.6017158510984,
5016,1a30,16,0,5,0.388916015625,-2,-620901.7029367175,-584134.360216658,-36761.56549349905,-133.22600942694046,
5017,1a30,17,0,5,0.388916015625,-2,-620899.4446183322,-584134.360216658,-36761.395357137975,-85.07138797734265,
5018,1a30,18,0,5,0.388916015625,-2,-620891.8305091653,-584134.360216658,-36761.26678629586,87.54922659929373,
5019,1a30,19,0,5,0.388916015625,-2,-620903.2495214805,-584134.360216658,-36761.958563171655,-159.82669934199149,
5020,1a30,20,0,5,0.388916015625,-2,-620883.8128979064,-584134.360216658,-36760.89048266094,263.76196655048665,
5021,1a30,21,0,5,0.388916015625,-2,-620863.4603789889,-584134.360216658,-36760.26686466363,718.7212298666265,
5022,1a30,22,0,5,0.388916015625,-2,-620896.0943726713,-584134.360216658,-36762.354304033666,14.300953084566903,
5023,1a30,23,0,5,0.388916015625,-2,-620860.3571809598,-584134.360216658,-36762.562229100564,843.2150378311993,
5024,1a30,24,0,5,0.388916015625,-2,-620888.2765473963,-584134.360216658,-36761.061259509734,164.7659716790344,
5025,1a30,25,0,5,0.388916015625,-2,-620872.282765133,-584134.360216658,-36762.71184926095,571.6548564625724,
5026,1a30,26,0,5,0.388916015625,-2,-620903.2713479202,-584134.360216658,-36761.462926173204,-171.75968970697915,
5027,1a30,27,0,5,0.388916015625,-2,-620897.7770144574,-584134.360216658,-36762.39898430796,-23.471336702136337,
5028,1a30,28,0,5,0.388916015625,-2,-620891.518278837,-584134.360216658,-36763.37473386877,143.35985484936415,
5029,1a30,29,0,5,0.388916015625,-2,-620887.5498904855,-584134.360216658,-36758.76630265407,128.60011578879866,
5030,1a30,30,0,5,0.388916015625,-2,-620890.6530191976,-584134.360216658,-36759.03777370745,63.30053890868077,
5031,1a30,31,0,5,0.388916015625,-2,-620890.9875718476,-584134.360216658,-36761.44514719708,111.10092302549042,
5032,1a30,32,0,5,0.388916015625,-2,-620902.6422567246,-584134.360216658,-36762.04904663118,-143.73624324695214,
5033,1a30,33,0,5,0.388916015625,-2,-620901.021908574,-584134.360216658,-36759.7732484381,-158.85128030203788,
5034,1a30,34,0,5,0.388916015625,-2,-620898.8938186198,-584134.360216658,-36760.95269080806,-82.57777293797845,
5035,1a30,35,0,5,0.388916015625,-2,-620902.7404299137,-584134.360216658,-36761.577166890725,-156.88197609482444,
5036,1a30,36,0,5,0.388916015625,-2,-620902.9090407037,-584134.360216658,-36761.73936164471,-157.02993339866416,
5037,1a30,37,0,5,0.388916015625,-2,-620898.365848781,-584134.360216658,-36758.20547951681,-133.75469659948982,
5038,1a30,38,0,5,0.388916015625,-2,-620900.9078022406,-584134.360216658,-36759.829392181535,-154.9252202604624,
5039,1a30,39,0,5,0.388916015625,-2,-620900.5815312095,-584134.360216658,-36761.37533158754,-111.75102192780417,
5040,1a30,40,0,5,0.388916015625,-2,-620902.314196309,-584134.360216658,-36760.77922914689,-165.45367717235308,
5041,1a30,41,0,5,0.388916015625,-2,-620891.5088480046,-584134.360216658,-36761.1267558614,91.73773064862624,
5042,1a30,42,0,5,0.388916015625,-2,-620899.0581014333,-584134.360216658,-36762.33251234334,-54.546784105598576,
5043,1a30,43,0,5,0.388916015625,-2,-620903.7599740815,-584134.360216658,-36761.341816719556,-185.8205270208517,
5044,1a30,44,0,5,0.388916015625,-2,-620900.2017049179,-584134.360216658,-36761.707557319656,-95.3307121773725,
5045,1a30,45,0,5,0.388916015625,-2,-620894.7252337168,-584134.360216658,-36761.32813496134,22.21002645817575,
5046,1a30,46,0,5,0.388916015625,-2,-620902.6958110078,-584134.360216658,-36760.22117552763,-187.1229433657318,
5047,1a30,47,0,5,0.388916015625,-2,-620904.8830868556,-584134.360216658,-36762.09944810365,-194.24872809646797,
5048,1a30,48,0,5,0.388916015625,-2,-620900.5650122351,-584134.360216658,-36761.319854352725,-112.6494207544068,
5049,1a30,49,0,5,0.388916015625,-2,-620901.6128462388,-584134.360216658,-36760.61830791921,-152.9910920005479,
5050,1a30,50,0,5,0.388916015625,-2,-620900.9768528091,-584134.360216658,-36760.57384010446,-139.35018726422712,
5051,1a30,51,0,5,0.388916015625,-2,-620902.9561789576,-584134.360216658,-36762.252554058665,-146.282469149599,
5052,1a30,52,0,5,0.388916015625,-2,-620878.2981524575,-584134.360216658,-36760.740173844904,387.4688141080308,
5053,1a30,53,0,5,0.388916015625,-2,-620904.1390888822,-584134.360216658,-36762.5934931668,-165.69877743586426,
5054,1a30,54,0,5,0.388916015625,-2,-620902.918358444,-584134.360216658,-36763.10585697153,-125.73267475074066,
5055,1a30,55,0,5,0.388916015625,-2,-620900.7426937772,-584134.360216658,-36761.272240069455,-117.84486591181611,
5056,1a30,56,0,5,0.388916015625,-2,-620886.1280233966,-584134.360216658,-36760.79103415408,208.0805674008214,
5057,1a30,57,0,5,0.388916015625,-2,-620877.0888884899,-584134.360216658,-36762.81671656401,463.24131636861773,
5058,1a30,58,0,5,0.388916015625,-2,-620881.4957690856,-584134.360216658,-36762.65828416433,357.96269767643236,
5059,1a30,59,0,5,0.388916015625,-2,-620901.2528316859,-584134.360216658,-36761.414258212884,-126.33390936721665,
5060,1a30,60,0,5,0.388916015625,-2,-620901.2210074982,-584134.360216658,-36762.533371906065,-99.7926513145129,
5061,1a30,61,0,5,0.388916015625,-2,-620902.1955714998,-584134.360216658,-36761.99295831499,-134.72886455140505,
5062,1a30,62,0,5,0.388916015625,-2,-620890.9028935476,-584134.360216658,-36761.4847275142,113.96639481065567,
5063,1a30,63,0,5,0.388916015625,-2,-620899.8656018352,-584134.360216658,-36762.27611226308,-74.46880249433289,
5064,1a30,64,0,5,0.388916015625,-2,-620898.3030774179,-584134.360216658,-36761.9459103448,-46.05077056298601,
5065,1a30,65,0,5,0.388916015625,-2,-620892.7920785126,-584134.360216658,-36757.69255484848,-17.048824576704032,
5066,1a30,66,0,5,0.388916015625,-2,-620885.6877205427,-584134.360216658,-36761.60231660278,236.94281013648813,
5067,1a30,67,0,5,0.388916015625,-2,-620881.6032269174,-584134.360216658,-36761.34930136504,325.2988007526453,
5068,1a30,68,0,5,0.388916015625,-2,-620898.5515278955,-584134.360216658,-36761.71467810949,-57.11251670774261,
5069,1a30,69,0,5,0.388916015625,-2,-620842.9488499733,-584134.360216658,-36761.31480142444,1215.8943216064263,
5070,1a30,70,0,5,0.388916015625,-2,-620881.3158289728,-584134.360216658,-36760.42778179867,310.6756087635624,
5071,1a30,71,0,5,0.388916015625,-2,-620885.9499576702,-584134.360216658,-36760.944718662235,215.73090955304409,
5072,1a30,72,0,5,0.388916015625,-2,-620895.3093045655,-584134.360216658,-36762.65690041581,39.383092032183,
5073,1a30,73,0,5,0.388916015625,-2,-620902.3167054082,-584134.360216658,-36763.15619980107,-110.69729291159447,
5074,1a30,74,0,5,0.388916015625,-2,-620901.7174925496,-584134.360216658,-36761.67680783361,-130.994705351201,
5075,1a30,75,0,5,0.388916015625,-2,-620874.3414531718,-584134.360216658,-36761.662826143336,499.9893346952987,
5076,1a30,76,0,5,0.388916015625,-2,-620902.7527541225,-584134.360216658,-36761.55721845493,-157.6262009578007,
5077,1a30,77,0,5,0.388916015625,-2,-620895.9332856904,-584134.360216658,-36762.1940768316,14.32078005663939,
5078,1a30,78,0,5,0.388916015625,-2,-620898.1350283563,-584134.360216658,-36762.04408640918,-39.91147331272619,
5079,1a30,79,0,5,0.388916015625,-2,-620900.5735173881,-584134.360216658,-36761.34483870498,-112.26940139188795,
5080,1a30,80,0,5,0.388916015625,-2,-620887.133526574,-584134.360216658,-36760.349919891945,174.72077674365497,
5081,1a30,81,0,5,0.388916015625,-2,-620901.8613429551,-584134.360216658,-36759.31447754031,-188.78860522993213,
5082,1a30,82,0,5,0.388916015625,-2,-620901.2351898837,-584134.360216658,-36759.310573362185,-174.4392048638173,
5083,1a30,83,0,5,0.388916015625,-2,-620897.5436823727,-584134.360216658,-36760.11117359752,-70.84873931744458,
5084,1a30,84,0,5,0.388916015625,-2,-620889.7984465527,-584134.360216658,-36761.18060823707,132.42239042496038,
5085,1a30,85,0,5,0.388916015625,-2,-620904.0803265601,-584134.360216658,-36760.60330181431,-210.23858897073276,
5086,1a30,86,0,5,0.388916015625,-2,-620899.1107997677,-584134.360216658,-36761.55843892035,-73.61259376023654,
5087,1a30,87,0,5,0.388916015625,-2,-620904.4460185531,-584134.360216658,-36756.416507606125,-315.22141476230064,
5088,1a30,88,0,5,0.388916015625,-2,-620902.6884951594,-584134.360216658,-36761.57180628978,-155.80795060236113,
5089,1a30,89,0,5,0.388916015625,-2,-620888.2605925419,-584134.360216658,-36761.89209628756,184.29345061739096,
5090,1a30,90,0,5,0.388916015625,-2,-620901.8391295868,-584134.360216658,-36761.79697993737,-131.0284875202219,
5091,1a30,91,0,5,0.388916015625,-2,-620903.6922981759,-584134.360216658,-36761.81532242478,-173.34058259820912,
5092,1a30,92,0,5,0.388916015625,-2,-620904.2592331035,-584134.360216658,-36762.09205051511,-180.03291124987888,
5093,1a30,93,0,5,0.388916015625,-2,-620886.4339323584,-584134.360216658,-36762.42253080594,238.64934573109417,
5094,1a30,94,0,5,0.388916015625,-2,-620874.4415214717,-584134.360216658,-36760.77998037214,477.32279774512193,
5095,1a30,95,0,5,0.388916015625,-2,-620895.7954737316,-584134.360216658,-36761.06432282223,-8.553947045864856,
5096,1a30,96,0,5,0.388916015625,-2,-620901.3085381897,-584134.360216658,-36762.355196179866,-105.91998686937644,
5097,1a30,97,0,5,0.388916015625,-2,-620904.5478455735,-584134.360216658,-36761.770006451465,-194.1149854527492,
5098,1a30,98,0,5,0.388916015625,-2,-620902.1497167081,-584134.360216658,-36761.02377683809,-156.02128373997832,
5099,1a30,99,0,5,0.388916015625,-2,-620900.078859774,-584134.360216658,-36761.34003322556,-100.97314281158586,
5100,1a30,100,0,5,0.388916015625,-2,-620890.1111119712,-584134.360216658,-36761.04641831069,122.11766137126874,
6001,1z6e,1,0,6,0.347900390625,1,-636214.0853397171,-584134.360216658,-52077.1211076585,-60.0500216976352,
6002,1z6e,2,0,6,0.347900390625,1,-636205.4952612014,-584134.360216658,-52077.22953920912,140.54238574174423,
6003,1z6e,3,0,6,0.347900390625,1,-636211.7841349861,-584134.360216658,-52077.11621822877,-7.0957328587323945,
6004,1z6e,4,0,6,0.347900390625,1,-636215.3181144536,-584134.360216658,-52077.257487952265,-85.33347818504465,
6005,1z6e,5,0,6,0.347900390625,1,-636202.6741641042,-584134.360216658,-52077.354916674565,208.48970332636213,
6006,1z6e,6,0,6,0.347900390625,1,-636201.8789351761,-584134.360216658,-52076.79791869211,213.98343944295874,
6007,1z6e,7,0,6,0.347900390625,1,-636213.1267144474,-584134.360216658,-52076.9113999952,-42.7795714139498,
6008,1z6e,8,0,6,0.347900390625,1,-636216.6352403213,-584134.360216658,-52076.990864687454,-121.85560080709986,
6009,1z6e,9,0,6,0.347900390625,1,-636185.426604549,-584134.360216658,-52077.43241133446,608.0149447195607,
6010,1z6e,10,0,6,0.347900390625,1,-636217.3180096581,-584134.360216658,-52076.767882089865,-142.742736613984,
6011,1z6e,11,0,6,0.347900390625,1,-636215.3418625143,-584134.360216658,-52077.329979038404,-84.20943731523025,
6012,1z6e,12,0,6,0.347900390625,1,-636215.351005346,-584134.360216658,-52076.758638971965,-97.5956909545308,
6013,1z6e,13,0,6,0.347900390625,1,-636212.7953060053,-584134.360216658,-52076.90071811769,-35.38344113032289,
6014,1z6e,14,0,6,0.347900390625,1,-636194.5860341317,-584134.360216658,-52078.51116925698,421.6702293974571,
6015,1z6e,15,0,6,0.347900390625,1,-636206.2606750659,-584134.360216658,-52078.55934779762,153.55763726961365,
6016,1z6e,16,0,6,0.347900390625,1,-636201.7077358403,-584134.360216658,-52079.30793548961,275.81375232730596,
6017,1z6e,17,0,6,0.347900390625,1,-636206.3151589358,-584134.360216658,-52079.22909634013,167.74597768018725,
6018,1z6e,18,0,6,0.347900390625,1,-636204.7671228371,-584134.360216658,-52078.95885024513,197.21251517824777,
6019,1z6e,19,0,6,0.347900390625,1,-636214.6122806118,-584134.360216658,-52079.307847440185,-21.774150074305524,
6020,1z6e,20,0,6,0.347900390625,1,-636188.8441965982,-584134.360216658,-52078.787117627624,560.4436690753838,
6021,1z6e,21,0,6,0.347900390625,1,-636150.5423633299,-584134.360216658,-52079.184981366205,1452.8798829319833,
6022,1z6e,22,0,6,0.347900390625,1,-636153.512894424,-584134.360216658,-52078.88884273898,1377.5486895761267,
6023,1z6e,23,0,6,0.347900390625,1,-636201.2924562059,-584134.360216658,-52079.229004895955,283.57014546947346,
6024,1z6e,24,0,6,0.347900390625,1,-636186.1890733741,-584134.360216658,-52078.42664957182,613.3596743366846,
6025,1z6e,25,0,6,0.347900390625,1,-636158.928870176,-584134.360216658,-52079.26820031519,1261.4015152302047,
6026,1z6e,26,0,6,0.347900390625,1,-636213.5086009834,-584134.360216658,-52077.4957393424,-38.11089867846524,
6027,1z6e,27,0,6,0.347900390625,1,-636204.9563809279,-584134.360216658,-52076.56791726246,137.71189551627492,
6028,1z6e,28,0,6,0.347900390625,1,-636215.8500085182,-584134.360216658,-52078.79022914348,-62.253395151176335,
6029,1z6e,29,0,6,0.347900390625,1,-636202.7673547706,-584134.360216658,-52078.274212247365,227.5401350333908,
6030,1z6e,30,0,6,0.347900390625,1,-636212.204127169,-584134.360216658,-52078.319884933575,10.9762309379173,
6031,1z6e,31,0,6,0.347900390625,1,-636199.6754674228,-584134.360216658,-52078.59019527204,306.1274927571921,
6032,1z6e,32,0,6,0.347900390625,1,-636204.428456924,-584134.360216658,-52078.26579579101,189.04012127730823,
6033,1z6e,33,0,6,0.347900390625,1,-636201.5605396057,-584134.360216658,-52078.66495308175,264.38065156671877,
6034,1z6e,34,0,6,0.347900390625,1,-636194.2883844784,-584134.360216658,-52078.69764173657,432.8343509984869,
6035,1z6e,35,0,6,0.347900390625,1,-636215.587074266,-584134.360216658,-52078.95229328117,-52.45269945431728,
6036,1z6e,36,0,6,0.347900390625,1,-636200.3814258666,-584134.360216658,-52078.67108063241,291.712965018977,
6037,1z6e,37,0,6,0.347900390625,1,-636212.6028725895,-584134.360216658,-52078.326003869406,1.9220491085221763,
6038,1z6e,38,0,6,0.347900390625,1,-636193.8835781468,-584134.360216658,-52078.70724590411,442.39088413564866,
6039,1z6e,39,0,6,0.347900390625,1,-636198.291430599,-584134.360216658,-52078.55494518797,337.231253881134,
6040,1z6e,40,0,6,0.347900390625,1,-636201.1307853335,-584134.360216658,-52078.785690782235,277.0752980336019,
6041,1z6e,41,0,6,0.347900390625,1,-636210.9273419455,-584134.360216658,-52078.56429375148,46.055798889633984,
6042,1z6e,42,0,6,0.347900390625,1,-636212.4600565414,-584134.360216658,-52078.98216059247,20.346798913747403,
6043,1z6e,43,0,6,0.347900390625,1,-636213.5066449343,-584134.360216658,-52078.95793610868,-4.346732647540754,
6044,1z6e,44,0,6,0.347900390625,1,-636177.3932251254,-584134.360216658,-52078.77812133511,824.3018849966033,
6045,1z6e,45,0,6,0.347900390625,1,-636212.9993309384,-584134.360216658,-52078.883749979286,5.641433233763806,
6046,1z6e,46,0,6,0.347900390625,1,-636212.7214278997,-584134.360216658,-52079.30682812425,21.80644334979935,
6047,1z6e,47,0,6,0.347900390625,1,-636200.4318112162,-584134.360216658,-52078.58211932906,288.49955486480735,
6048,1z6e,48,0,6,0.347900390625,1,-636206.39029613,-584134.360216658,-52077.23490911369,120.02622290259728,
6049,1z6e,49,0,6,0.347900390625,1,-636206.8835228091,-584134.360216658,-52078.97827101721,148.85502603860505,
6050,1z6e,50,0,6,0.347900390625,1,-636202.9372636887,-584134.360216658,-52079.30266616135,247.3386529758937,
6051,1z6e,51,0,6,0.347900390625,1,-636209.9764722198,-584134.360216658,-52078.88712328019,75.42800146707869,
6052,1z6e,52,0,6,0.347900390625,1,-636214.5616967431,-584134.360216658,-52078.325818482335,-43.25378410568562,
6053,1z6e,53,0,6,0.347900390625,1,-636205.8586274104,-584134.360216658,-52079.30283150012,179.97421794327363,
6054,1z6e,54,0,6,0.347900390625,1,-636197.3810839165,-584134.360216658,-52078.98430962831,368.1257263092814,
6055,1z6e,55,0,6,0.347900390625,1,-636179.3147596327,-584134.360216658,-52078.7838223142,780.1217142837714,
6056,1z6e,56,0,6,0.347900390625,1,-636173.1243045605,-584134.360216658,-52078.707894703635,921.1260672746201,
6057,1z6e,57,0,6,0.347900390625,1,-636210.9021031511,-584134.360216658,-52079.22065741704,61.77392501886766,
6058,1z6e,58,0,6,0.347900390625,1,-636198.5469773969,-584134.360216658,-52078.30416547346,325.55508712425546,
6059,1z6e,59,0,6,0.347900390625,1,-636200.064867125,-584134.360216658,-52079.188689008915,310.94931574508485,
6060,1z6e,60,0,6,0.347900390625,1,-636201.7334138651,-584134.360216658,-52078.79422243265,263.37509848818235,
6061,1z6e,61,0,6,0.347900390625,1,-636173.4058354303,-584134.360216658,-52078.31016706616,905.4619939788926,
6062,1z6e,62,0,6,0.347900390625,1,-636155.7822286044,-584134.360216658,-52078.697810054415,1320.811281805727,
6063,1z6e,63,0,6,0.347900390625,1,-636200.3365592352,-584134.360216658,-52078.9117987133,298.2987049361422,
6064,1z6e,64,0,6,0.347900390625,1,-636193.1714461251,-584134.360216658,-52075.946299299845,395.14409745765187,
6065,1z6e,65,0,6,0.347900390625,1,-636190.9035931258,-584134.360216658,-52078.299265689704,501.70272399999476,
6066,1z6e,66,0,6,0.347900390625,1,-636201.3629002311,-584134.360216658,-52078.78094911604,271.6132559130231,
6067,1z6e,67,0,6,0.347900390625,1,-636195.8294251445,-584134.360216658,-52078.31994482126,388.587211229047,
6068,1z6e,68,0,6,0.347900390625,1,-636203.6092628705,-584134.360216658,-52078.71093884904,218.19642771252842,
6069,1z6e,69,0,6,0.347900390625,1,-636207.6793866353,-584134.360216658,-52079.30321692135,137.99540077317076,
6070,1z6e,70,0,6,0.347900390625,1,-636178.6101423041,-584134.360216658,-52078.71181226044,794.7099846029175,
6071,1z6e,71,0,6,0.347900390625,1,-636174.3780834134,-584134.360216658,-52078.28016693142,882.3496033193308,
6072,1z6e,72,0,6,0.347900390625,1,-636213.3798385547,-584134.360216658,-52078.894332258154,-2.889247701759012,
6073,1z6e,73,0,6,0.347900390625,1,-636216.1732653765,-584134.360216658,-52078.66912734291,-72.50054925744159,
6074,1z6e,74,0,6,0.347900390625,1,-636213.2404040127,-584134.360216658,-52078.31892560363,-12.943003457234147,
6075,1z6e,75,0,6,0.347900390625,1,-636217.1170246366,-584134.360216658,-52078.837831960744,-90.37373390715355,
6076,1z6e,76,0,6,0.347900390625,1,-636193.0412852075,-584134.360216658,-52078.62963201463,460.02480193939306,
6077,1z6e,77,0,6,0.347900390625,1,-636217.4147238324,-584134.360216658,-52078.77075795735,-98.78560371451873,
6078,1z6e,78,0,6,0.347900390625,1,-636201.7040378132,-584134.360216658,-52078.596827278205,259.500485936494,
6079,1z6e,79,0,6,0.347900390625,1,-636215.4969520284,-584134.360216658,-52078.80116525775,-53.859526294177655,
6080,1z6e,80,0,6,0.347900390625,1,-636212.0700144628,-584134.360216658,-52077.15779072554,-12.729585654681008,
6081,1z6e,81,0,6,0.347900390625,1,-636212.2703216599,-584134.360216658,-52078.40364947326,11.381405888735882,
6082,1z6e,82,0,6,0.347900390625,1,-636215.240176591,-584134.360216658,-52078.34262615668,-58.512306910975425,
6083,1z6e,83,0,6,0.347900390625,1,-636208.7691398051,-584134.360216658,-52077.94168089658,81.46732905526456,
6084,1z6e,84,0,6,0.347900390625,1,-636218.4728110904,-584134.360216658,-52078.74770719722,-123.71723869351239,
6085,1z6e,85,0,6,0.347900390625,1,-636210.1842357188,-584134.360216658,-52078.71525000432,66.67336946203082,
6086,1z6e,86,0,6,0.347900390625,1,-636206.0118898003,-584134.360216658,-52075.92641752368,98.5779472697821,
6087,1z6e,87,0,6,0.347900390625,1,-636210.643394323,-584134.360216658,-52076.43484536385,3.4975402244537,
6088,1z6e,88,0,6,0.347900390625,1,-636215.2606061005,-584134.360216658,-52078.457379976186,-56.337136650202204,
6089,1z6e,89,0,6,0.347900390625,1,-636214.5730856992,-584134.360216658,-52077.37644697078,-65.40944682384979,
6090,1z6e,90,0,6,0.347900390625,1,-636201.0157209771,-584134.360216658,-52076.96323191093,237.70184515595506,
6091,1z6e,91,0,6,0.347900390625,1,-636215.4017432068,-584134.360216658,-52077.295466465366,-86.38619773033491,
6092,1z6e,92,0,6,0.347900390625,1,-636212.9444252205,-584134.360216658,-52077.124866328515,-33.653231388156,
6093,1z6e,93,0,6,0.347900390625,1,-636212.839324342,-584134.360216658,-52077.3488066034,-26.065362132019807,
6094,1z6e,94,0,6,0.347900390625,1,-636214.5581774167,-584134.360216658,-52077.25548945647,-67.85500020531812,
6095,1z6e,95,0,6,0.347900390625,1,-636215.824463113,-584134.360216658,-52077.21794052731,-97.92214094882488,
6096,1z6e,96,0,6,0.347900390625,1,-636216.8487951963,-584134.360216658,-52077.024823258376,-125.99718996733871,
6097,1z6e,97,0,6,0.347900390625,1,-636215.7484980739,-584134.360216658,-52077.51426762025,-89.33688043136226,
6098,1z6e,98,0,6,0.347900390625,1,-636204.0120592866,-584134.360216658,-52076.70005420414,162.53562015798653,
6099,1z6e,99,0,6,0.347900390625,1,-636214.0089607306,-584134.360216658,-52077.15678172525,-57.46601690427157,
6100,1z6e,100,0,6,0.347900390625,1,-636214.7770405755,-584134.360216658,-52077.36272653738,-70.42915871441912,
7001,1mq6,1,0,7,0.347900390625,0,-672329.7120251164,-584134.360216658,-88190.80119356749,-104.93967235177026,
7002,1mq6,2,0,7,0.347900390625,0,-672327.6340027115,-584134.360216658,-88190.89220743904,-54.92050755169152,
7003,1mq6,3,0,7,0.347900390625,0,-672325.707596798,-584134.360216658,-88190.62831153364,-16.582115990010326,
7004,1mq6,4,0,7,0.347900390625,0,-672293.1947740352,-584134.360216658,-88190.40475603819,728.0260762422929,
7005,1mq6,5,0,7,0.347900390625,0,-672328.3409400198,-584134.360216658,-88191.19447216361,-64.25247902476194,
7006,1mq6,6,0,7,0.347900390625,0,-672327.1259791747,-584134.360216658,-88190.43424007476,-53.76618479207681,
7007,1mq6,7,0,7,0.347900390625,0,-672324.5969745987,-584134.360216658,-88190.82496335283,13.564339040029722,
7008,1mq6,8,0,7,0.347900390625,0,-672325.2782898751,-584134.360216658,-88191.08483874325,3.845704391061702,
7009,1mq6,9,0,7,0.347900390625,0,-672281.7367167709,-584134.360216658,-88191.90964636873,1026.9587492797154,
7010,1mq6,10,0,7,0.347900390625,0,-672293.7840836704,-584134.360216658,-88192.40880541239,760.6507496634922,
7011,1mq6,11,0,7,0.347900390625,0,-672286.9916060942,-584134.360216658,-88192.30233338343,914.8337003809592,
7012,1mq6,12,0,7,0.347900390625,0,-672315.8784743492,-584134.360216658,-88192.43970537,251.85456657699382,
7013,1mq6,13,0,7,0.347900390625,0,-672282.3615865094,-584134.360216658,-88192.39349134617,1023.7066410326147,
7014,1mq6,14,0,7,0.347900390625,0,-672319.3494196719,-584134.360216658,-88192.55876471168,174.55823958736673,
7015,1mq6,15,0,7,0.347900390625,0,-672256.0760413064,-584134.360216658,-88191.8733813901,1617.8716929217242,
7016,1mq6,16,0,7,0.347900390625,0,-672277.0581198449,-584134.360216658,-88191.58871476076,1127.4488987767688,
7017,1mq6,17,0,7,0.347900390625,0,-672292.650516625,-584134.360216658,-88192.60019338122,791.2049381410095,
7018,1mq6,18,0,7,0.347900390625,0,-672252.1031318473,-584134.360216658,-88192.59925379342,1726.228176803991,
7019,1mq6,19,0,7,0.347900390625,0,-672282.9982876936,-584134.360216658,-88192.51275889919,1011.774338031382,
7020,1mq6,20,0,7,0.347900390625,0,-672299.2978811676,-584134.360216658,-88192.2119095996,628.9590334412264,
7021,1mq6,21,0,7,0.347900390625,0,-672275.6180696121,-584134.360216658,-88192.16454181391,1173.9361333502545,
7022,1mq6,22,0,7,0.347900390625,0,-672284.099193263,-584134.360216658,-88192.56404771144,987.5696005995351,
7023,1mq6,23,0,7,0.347900390625,0,-672284.9395598541,-584134.360216658,-88192.55469170334,967.9745319575154,
7024,1mq6,24,0,7,0.347900390625,0,-672294.008558305,-584134.360216658,-88192.44154400515,756.2292114993431,
7025,1mq6,25,0,7,0.347900390625,0,-672307.4947861552,-584134.360216658,-88192.54977618919,447.72530256204374,
7026,1mq6,26,0,7,0.347900390625,0,-672323.1899586067,-584134.360216658,-88192.58758893436,86.65801015178197,
7027,1mq6,27,0,7,0.347900390625,0,-672327.6806817866,-584134.360216658,-88191.95746165857,-31.431606714660102,
7028,1mq6,28,0,7,0.347900390625,0,-672325.8627448113,-584134.360216658,-88192.51335219528,23.310156167065674,
7029,1mq6,29,0,7,0.347900390625,0,-672324.0759721606,-584134.360216658,-88192.43542384775,62.71704195736575,
7030,1mq6,30,0,7,0.347900390625,0,-672321.673491001,-584134.360216658,-88191.03391075075,85.7999138404255,
7031,1mq6,31,0,7,0.347900390625,0,-672295.037029992,-584134.360216658,-88192.32113471144,729.7353866921037,
7032,1mq6,32,0,7,0.347900390625,0,-672317.2633360797,-584134.360216658,-88192.47463927715,220.72449143874084,
7033,1mq6,33,0,7,0.347900390625,0,-672323.6629755878,-584134.360216658,-88192.60665684222,76.18969583729162,
7034,1mq6,34,0,7,0.347900390625,0,-672314.8540699297,-584134.360216658,-88192.76126761784,282.8932952870354,
7035,1mq6,35,0,7,0.347900390625,0,-672329.3374971242,-584134.360216658,-88190.68188923626,-99.05407490996409,
7036,1mq6,36,0,7,0.347900390625,0,-672288.6506534115,-584134.360216658,-88192.04558854549,870.6544837505246,
7037,1mq6,37,0,7,0.347900390625,0,-672331.0136764287,-584134.360216658,-88192.24301559257,-101.70725892456844,
7038,1mq6,38,0,7,0.347900390625,0,-672323.9205760215,-584134.360216658,-88191.60012180448,47.038039332013504,
7039,1mq6,39,0,7,0.347900390625,0,-672326.9428294174,-584134.360216658,-88192.51012308459,-1.6716516139518316,
7040,1mq6,40,0,7,0.347900390625,0,-672304.5387327472,-584134.360216658,-88191.03527517317,480.96829044717373,
7041,1mq6,41,0,7,0.347900390625,0,-672308.8983587321,-584134.360216658,-88192.15476347037,406.24894032195414,
7042,1mq6,42,0,7,0.347900390625,0,-672300.1792934438,-584134.360216658,-88192.53249203981,616.0259901839332,
7043,1mq6,43,0,7,0.347900390625,0,-672322.6528096772,-584134.360216658,-88192.38118806962,94.28524172015462,
7044,1mq6,44,0,7,0.347900390625,0,-672323.1197272317,-584134.360216658,-88192.5521990604,87.46147425429217,
7045,1mq6,45,0,7,0.347900390625,0,-672327.4301019906,-584134.360216658,-88192.52937487906,-12.464467166940674,
7046,1mq6,46,0,7,0.347900390625,0,-672323.3313768321,-584134.360216658,-88192.50480977194,81.48789556732093,
7047,1mq6,47,0,7,0.347900390625,0,-672312.6150571625,-584134.360216658,-88191.8746406588,314.08005290191255,
7048,1mq6,48,0,7,0.347900390625,0,-672328.0942069801,-584134.360216658,-88192.02340631137,-39.44700439761923,
7049,1mq6,49,0,7,0.347900390625,0,-672324.2535448791,-584134.360216658,-88192.41109595854,58.06110333406091,
7050,1mq6,50,0,7,0.347900390625,0,-672318.3317597369,-584134.360216658,-88192.41124621472,194.62417783989332,
7051,1mq6,51,0,7,0.347900390625,0,-672315.3611219916,-584134.360216658,-88191.80183156207,249.0752759050773,
7052,1mq6,52,0,7,0.347900390625,0,-672324.306073283,-584134.360216658,-88192.44936484117,57.73227096384629,
7053,1mq6,53,0,7,0.347900390625,0,-672329.0099442182,-584134.360216658,-88192.49295946605,-49.7362537954078,
7054,1mq6,54,0,7,0.347900390625,0,-672290.1634146515,-584134.360216658,-88192.46563266509,845.4558283299883,
7055,1mq6,55,0,7,0.347900390625,0,-672317.6860074573,-584134.360216658,-88192.68013015167,215.71619005821708,
7056,1mq6,56,0,7,0.347900390625,0,-672331.5061195326,-584134.360216658,-88190.85628335366,-145.04207180019702,
7057,1mq6,57,0,7,0.347900390625,0,-672322.0366687402,-584134.360216658,-88192.56061902855,112.63156547821406,
7058,1mq6,58,0,7,0.347900390625,0,-672329.401276191,-584134.360216658,-88192.57822719512,-56.794262926942345,
7059,1mq6,59,0,7,0.347900390625,0,-672308.0676663984,-584134.360216658,-88192.59556662363,435.5703228163924,
7060,1mq6,60,0,7,0.347900390625,0,-672321.3862371127,-584134.360216658,-88192.56924054783,127.8296920931469,
7061,1mq6,61,0,7,0.347900390625,0,-672319.7548744153,-584134.360216658,-88191.62283953649,143.62528381524828,
7062,1mq6,62,0,7,0.347900390625,0,-672302.011657199,-584134.360216658,-88192.41504482408,571.0622810279423,
7063,1mq6,63,0,7,0.347900390625,0,-672276.3055112724,-584134.360216658,-88191.87381252533,1151.378975396545,
7064,1mq6,64,0,7,0.347900390625,0,-672288.3815945718,-584134.360216658,-88192.41201315873,885.3090803141503,
7065,1mq6,65,0,7,0.347900390625,0,-672325.338778168,-584134.360216658,-88190.85941415367,-2.747603309044684,
7066,1mq6,66,0,7,0.347900390625,0,-672326.1353501762,-584134.360216658,-88191.73614694463,-0.8990517460864537,
7067,1mq6,67,0,7,0.347900390625,0,-672302.6262693519,-584134.360216658,-88192.41260307474,556.8326800008773,
7068,1mq6,68,0,7,0.347900390625,0,-672316.7175891438,-584134.360216658,-88191.91376851959,220.3757278255404,
7069,1mq6,69,0,7,0.347900390625,0,-672298.9092260104,-584134.360216658,-88192.54311176162,645.5593375818579,
7070,1mq6,70,0,7,0.347900390625,0,-672309.1461166571,-584134.360216658,-88192.71339516582,413.4178597756169,
7071,1mq6,71,0,7,0.347900390625,0,-672317.4158559164,-584134.360216658,-88192.55075227148,218.96250779357229,
7072,1mq6,72,0,7,0.347900390625,0,-672308.9101802807,-584134.360216658,-88192.19790838935,406.9712744034487,
7073,1mq6,73,0,7,0.347900390625,0,-672315.5443865514,-584134.360216658,-88191.26203941816,232.401192206738,
7074,1mq6,74,0,7,0.347900390625,0,-672328.3575032388,-584134.360216658,-88190.55912989238,-79.28577676361266,
7075,1mq6,75,0,7,0.347900390625,0,-672314.0935080778,-584134.360216658,-88190.36044453907,245.06797281004157,
7076,1mq6,76,0,7,0.347900390625,0,-672329.9842980914,-584134.360216658,-88190.88899222531,-109.19375116533165,
7077,1mq6,77,0,7,0.347900390625,0,-672327.2715735039,-584134.360216658,-88189.82478932373,-71.17793797681414,
7078,1mq6,78,0,7,0.347900390625,0,-672312.9092004979,-584134.360216658,-88190.73133014412,280.9315796370454,
7079,1mq6,79,0,7,0.347900390625,0,-672328.2172864944,-584134.360216658,-88190.65953643693,-73.73687190000267,
7080,1mq6,80,0,7,0.347900390625,0,-672324.9485750124,-584134.360216658,-88191.18760820887,13.819029931395383,
7081,1mq6,81,0,7,0.347900390625,0,-672326.2272555958,-584134.360216658,-88190.53462234058,-30.72625667207289,
7082,1mq6,82,0,7,0.347900390625,0,-672329.5878930219,-584134.360216658,-88190.45120250249,-110.14810394265392,
7083,1mq6,83,0,7,0.347900390625,0,-672326.866292133,-584134.360216658,-88190.69840725437,-41.68581946406705,
7084,1mq6,84,0,7,0.347900390625,0,-672327.1924682411,-584134.360216658,-88191.16224438207,-38.511280937121235,
7085,1mq6,85,0,7,0.347900390625,0,-672331.0107128596,-584134.360216658,-88190.6165685926,-139.14567623370831,
7086,1mq6,86,0,7,0.347900390625,0,-672326.4513460326,-584134.360216658,-88191.09306425907,-23.015928334189088,
7087,1mq6,87,0,7,0.347900390625,0,-672328.1057072897,-584134.360216658,-88190.98583759609,-63.63911082291504,
7088,1mq6,88,0,7,0.347900390625,0,-672329.7110152054,-584134.360216658,-88190.87434806571,-103.22940044395602,
7089,1mq6,89,0,7,0.347900390625,0,-672326.7117006412,-584134.360216658,-88191.04191803726,-30.199308134275817,
7090,1mq6,90,0,7,0.347900390625,0,-672322.4173964587,-584134.360216658,-88190.89835210718,65.51898986857194,
7091,1mq6,91,0,7,0.347900390625,0,-672327.1865473704,-584134.360216658,-88190.35619495632,-56.96268375164087,
7092,1mq6,92,0,7,0.347900390625,0,-672314.0178542142,-584134.360216658,-88191.1986160888,266.1412874632764,
7093,1mq6,93,0,7,0.347900390625,0,-672328.8545901754,-584134.360216658,-88191.23545765677,-75.15238508131475,
7094,1mq6,94,0,7,0.347900390625,0,-672321.2213684565,-584134.360216658,-88190.78872837733,90.57206755427089,
7095,1mq6,95,0,7,0.347900390625,0,-672327.6834827211,-584134.360216658,-88190.61519827804,-62.449526686289715,
7096,1mq6,96,0,7,0.347900390625,0,-672295.4499056548,-584134.360216658,-88190.62738992025,681.1555649520908,
7097,1mq6,97,0,7,0.347900390625,0,-672327.3925506601,-584134.360216658,-88190.52765046015,-57.75937461934141,
7098,1mq6,98,0,7,0.347900390625,0,-672328.9269403005,-584134.360216658,-88191.03507038493,-81.44185886795835,
7099,1mq6,99,0,7,0.347900390625,0,-672327.0330995681,-584134.360216658,-88190.92744559917,-40.2507405945179,
7100,1mq6,100,0,7,0.347900390625,0,-672327.6024801576,-584134.360216658,-88191.07020833416,-50.08878203445854,
8001,1lpg,1,0,8,0.347900390625,1,-631497.3124357053,-584134.360216658,-47374.60807143094,268.7903413984576,
8002,1lpg,2,0,8,0.347900390625,1,-631516.4111631629,-584134.360216658,-47374.587479454334,-172.1116389024058,
8003,1lpg,3,0,8,0.347900390625,1,-631514.2595425855,-584134.360216658,-47374.37791123095,-127.32684770217993,
8004,1lpg,4,0,8,0.347900390625,1,-631507.2178813496,-584134.360216658,-47374.29133918862,33.06131931124203,
8005,1lpg,5,0,8,0.347900390625,1,-631514.5671649332,-584134.360216658,-47374.54477697165,-130.57277217099156,
8006,1lpg,6,0,8,0.347900390625,1,-631514.639284027,-584134.360216658,-47374.87639540328,-124.58857528012881,
8007,1lpg,7,0,8,0.347900390625,1,-631478.6317822379,-584134.360216658,-47374.57157074754,698.7347184357554,
8008,1lpg,8,0,8,0.347900390625,1,-631498.6384698466,-584134.360216658,-47373.75204379673,218.47080145634462,
8009,1lpg,9,0,8,0.347900390625,1,-631512.3323770786,-584134.360216658,-47374.56300654266,-78.6169560644971,
8010,1lpg,10,0,8,0.347900390625,1,-631515.1332723638,-584134.360216658,-47374.37785331517,-147.4768706161457,
8011,1lpg,11,0,8,0.347900390625,1,-631514.7814406609,-584134.360216658,-47374.125779902875,-145.1763897849716,
8012,1lpg,12,0,8,0.347900390625,1,-631513.5591390379,-584134.360216658,-47374.83144746626,-100.71636414437025,
8013,1lpg,13,0,8,0.347900390625,1,-631502.7129956036,-584134.360216658,-47374.39887689562,139.4263309653871,
8014,1lpg,14,0,8,0.347900390625,1,-631501.8967619259,-584134.360216658,-47374.416009214576,158.64420739108846,
8015,1lpg,15,0,8,0.347900390625,1,-631515.6851443955,-584134.360216658,-47374.504300649525,-157.28739719638205,
8016,1lpg,16,0,8,0.347900390625,1,-631512.8791073171,-584134.360216658,-47374.378210253424,-95.48635854620939,
8017,1lpg,17,0,8,0.347900390625,1,-631512.3460874916,-584134.360216658,-47374.220770388405,-86.82527890408103,
8018,1lpg,18,0,8,0.347900390625,1,-631515.9959358401,-584134.360216658,-47374.11304702987,-173.47694098032235,
8019,1lpg,19,0,8,0.347900390625,1,-631515.727321283,-584134.360216658,-47374.66228334812,-154.61685175070863,
8020,1lpg,20,0,8,0.347900390625,1,-631435.3413737466,-584134.360216658,-47375.48547536455,1718.1103951889695,
8021,1lpg,21,0,8,0.347900390625,1,-631509.4927973707,-584134.360216658,-47374.11482397436,-23.470027943664995,
8022,1lpg,22,0,8,0.347900390625,1,-631486.1869250196,-584134.360216658,-47375.25303100036,540.2238337060344,
8023,1lpg,23,0,8,0.347900390625,1,-631447.2942055449,-584134.360216658,-47375.523273995335,1443.3432029276605,
8024,1lpg,24,0,8,0.347900390625,1,-631456.2792665277,-584134.360216658,-47375.2025083194,1228.7457421588379,
8025,1lpg,25,0,8,0.347900390625,1,-631468.8570373566,-584134.360216658,-47375.549951782734,946.7076929621408,
8026,1lpg,26,0,8,0.347900390625,1,-631465.9806908298,-584134.360216658,-47375.56196313683,1013.3148080261611,
8027,1lpg,27,0,8,0.347900390625,1,-631513.5855723849,-584134.360216658,-47374.57347396536,-107.27494186428649,
8028,1lpg,28,0,8,0.347900390625,1,-631487.1477454618,-584134.360216658,-47375.12559106141,515.1279531349102,
8029,1lpg,29,0,8,0.347900390625,1,-631515.426264343,-584134.360216658,-47375.43464739469,-129.86317574769922,
8030,1lpg,30,0,8,0.347900390625,1,-631510.4478014824,-584134.360216658,-47375.59444013616,-11.372186670912928,
8031,1lpg,31,0,8,0.347900390625,1,-631511.3266240066,-584134.360216658,-47375.122963352085,-42.510828455496444,
8032,1lpg,32,0,8,0.347900390625,1,-631514.3462121096,-584134.360216658,-47375.3019190483,-108.01736793982819,
8033,1lpg,33,0,8,0.347900390625,1,-631504.3448870264,-584134.360216658,-47375.46515134414,126.38289367653584,
8034,1lpg,34,0,8,0.347900390625,1,-631515.3204582405,-584134.360216658,-47375.472642106724,-126.54705018588379,
8035,1lpg,35,0,8,0.347900390625,1,-631513.6012827313,-584134.360216658,-47375.31646043908,-90.50355594432907,
8036,1lpg,36,0,8,0.347900390625,1,-631500.9211187597,-584134.360216658,-47375.25751546233,200.54866836744324,
8037,1lpg,37,0,8,0.347900390625,1,-631504.2024374215,-584134.360216658,-47375.266807679334,125.093946032576,
8038,1lpg,38,0,8,0.347900390625,1,-631509.8249550794,-584134.360216658,-47375.36442421036,-2.313300661156749,
8039,1lpg,39,0,8,0.347900390625,1,-631507.1496862598,-584134.360216658,-47375.43808203394,61.078453675759036,
8040,1lpg,40,0,8,0.347900390625,1,-631499.104229406,-584134.360216658,-47375.453138852165,246.95831474904057,
8041,1lpg,41,0,8,0.347900390625,1,-631515.4647243745,-584134.360216658,-47374.50890902377,-152.09811912508334,
8042,1lpg,42,0,8,0.347900390625,1,-631508.3629523531,-584134.360216658,-47375.52937666203,35.205177038014426,
8043,1lpg,43,0,8,0.347900390625,1,-631500.953880816,-584134.360216658,-47375.46416745295,204.55866551437876,
8044,1lpg,44,0,8,0.347900390625,1,-631503.410426065,-584134.360216658,-47375.312332102636,144.40797994400745,
8045,1lpg,45,0,8,0.347900390625,1,-631505.9678114003,-584134.360216658,-47375.21914792311,83.28439486838997,
8046,1lpg,46,0,8,0.347900390625,1,-631484.0170016176,-584134.360216658,-47375.023690988106,584.9747497851075,
8047,1lpg,47,0,8,0.347900390625,1,-631512.2615503232,-584134.360216658,-47375.29740495923,-60.04802247251351,
8048,1lpg,48,0,8,0.347900390625,1,-631496.5771540977,-584134.360216658,-47375.483331767566,305.93032093646895,
8049,1lpg,49,0,8,0.347900390625,1,-631498.0456081404,-584134.360216658,-47374.93156263734,259.34286782915933,
8050,1lpg,50,0,8,0.347900390625,1,-631490.8655755337,-584134.360216658,-47375.43578274466,436.54594508333366,
8051,1lpg,51,0,8,0.347900390625,1,-631512.0764613454,-584134.360216658,-47375.37394984751,-54.01460218964385,
8052,1lpg,52,0,8,0.347900390625,1,-631498.4022441856,-584134.360216658,-47375.245286407844,258.3532872670722,
8053,1lpg,53,0,8,0.347900390625,1,-631505.172944052,-584134.360216658,-47375.52579664591,108.6859589115875,
8054,1lpg,54,0,8,0.347900390625,1,-631510.5491078534,-584134.360216658,-47375.46531157228,-16.686142509515857,
8055,1lpg,55,0,8,0.347900390625,1,-631512.000341396,-584134.360216658,-47374.374283267956,-75.31209342678191,
8056,1lpg,56,0,8,0.347900390625,1,-631509.0720960663,-584134.360216658,-47375.229831891564,11.944268013453765,
8057,1lpg,57,0,8,0.347900390625,1,-631513.12075308,-584134.360216658,-47375.079536378704,-84.88587756344324,
8058,1lpg,58,0,8,0.347900390625,1,-631500.3623144313,-584134.360216658,-47375.342713602724,215.39971810035368,
8059,1lpg,59,0,8,0.347900390625,1,-631491.7696013956,-584134.360216658,-47375.30742495225,412.73861244406623,
8060,1lpg,60,0,8,0.347900390625,1,-631503.5746187392,-584134.360216658,-47375.48373344287,144.57421573143617,
8061,1lpg,61,0,8,0.347900390625,1,-631494.054815011,-584134.360216658,-47375.3110615759,360.1241970967289,
8062,1lpg,62,0,8,0.347900390625,1,-631499.5236626877,-584134.360216658,-47375.51409196777,238.69156573123118,
8063,1lpg,63,0,8,0.347900390625,1,-631491.4069763476,-584134.360216658,-47375.49916689022,425.5226188405583,
8064,1lpg,64,0,8,0.347900390625,1,-631510.232988055,-584134.360216658,-47375.33104029756,-12.492615929924709,
8065,1lpg,65,0,8,0.347900390625,1,-631491.1272876882,-584134.360216658,-47375.3466517704,428.4553103317909,
8066,1lpg,66,0,8,0.347900390625,1,-631470.344801115,-584134.360216658,-47375.441756601,909.9040054875269,
8067,1lpg,67,0,8,0.347900390625,1,-631507.2987537823,-584134.360216658,-47375.355960637986,55.74711056394909,
8068,1lpg,68,0,8,0.347900390625,1,-631499.6722697582,-584134.360216658,-47375.45763856543,233.9627588904107,
8069,1lpg,69,0,8,0.347900390625,1,-631495.43724868,-584134.360216658,-47375.474222114965,332.0070907638978,
8070,1lpg,70,0,8,0.347900390625,1,-631494.1246598175,-584134.360216658,-47375.441900883,361.5307636937079,
8071,1lpg,71,0,8,0.347900390625,1,-631452.9029183429,-584134.360216658,-47375.27341630249,1308.241357904758,
8072,1lpg,72,0,8,0.347900390625,1,-631487.864401806,-584134.360216658,-47375.12053601089,498.48489299591483,
8073,1lpg,73,0,8,0.347900390625,1,-631491.9839101749,-584134.360216658,-47375.229582381275,406.0014422564689,
8074,1lpg,74,0,8,0.347900390625,1,-631492.6702190281,-584134.360216658,-47375.47167154749,395.75749291726044,
8075,1lpg,75,0,8,0.347900390625,1,-631485.0524754921,-584134.360216658,-47375.29034044131,567.2452374435635,
8076,1lpg,76,0,8,0.347900390625,1,-631496.719860073,-584134.360216658,-47375.43436439694,301.5102285768249,
8077,1lpg,77,0,8,0.347900390625,1,-631509.4519171538,-584134.360216658,-47375.334097200925,5.589800812445522,
8078,1lpg,78,0,8,0.347900390625,1,-631498.7122965083,-584134.360216658,-47375.484235355645,256.71360448953794,
8079,1lpg,79,0,8,0.347900390625,1,-631503.1777426952,-584134.360216658,-47375.389052334576,151.5429965002923,
8080,1lpg,80,0,8,0.347900390625,1,-631509.1712879235,-584134.360216658,-47375.40947024324,13.799408248251986,
8081,1lpg,81,0,8,0.347900390625,1,-631489.3305466247,-584134.360216658,-47375.233445732694,467.2785503180345,
8082,1lpg,82,0,8,0.347900390625,1,-631504.3681407672,-584134.360216658,-47375.2982915431,121.99877125023391,
8083,1lpg,83,0,8,0.347900390625,1,-631511.5308559665,-584134.360216658,-47373.69909597869,-80.05569100352092,
8084,1lpg,84,0,8,0.347900390625,1,-631508.0558338457,-584134.360216658,-47372.790889730255,-20.863510807657878,
8085,1lpg,85,0,8,0.347900390625,1,-631508.1891968258,-584134.360216658,-47372.93418385881,-20.63449308360278,
8086,1lpg,86,0,8,0.347900390625,1,-631506.3217316851,-584134.360216658,-47374.74587182222,64.20879305138307,
8087,1lpg,87,0,8,0.347900390625,1,-631503.0464921994,-584134.360216658,-47372.86990579299,96.47680552168933,
8088,1lpg,88,0,8,0.347900390625,1,-631502.608191347,-584134.360216658,-47372.95915564059,108.64241367271637,
8089,1lpg,89,0,8,0.347900390625,1,-631499.5811461862,-584134.360216658,-47374.41371169456,211.99059284286932,
8090,1lpg,90,0,8,0.347900390625,1,-631513.3448178305,-584134.360216658,-47372.90492702061,-140.2006165743161,
8091,1lpg,91,0,8,0.347900390625,1,-631519.5296484317,-584134.360216658,-47373.70039406447,-264.4822926651272,
8092,1lpg,92,0,8,0.347900390625,1,-631484.0250517024,-584134.360216658,-47374.05068787716,562.3511256400058,
8093,1lpg,93,0,8,0.347900390625,1,-631509.9938799244,-584134.360216658,-47373.87292047316,-40.603693401722076,
8094,1lpg,94,0,8,0.347900390625,1,-631512.3140393306,-584134.360216658,-47373.80927841807,-95.57546101770731,
8095,1lpg,95,0,8,0.347900390625,1,-631513.3819349799,-584134.360216658,-47373.5283004031,-126.68122667120713,
8096,1lpg,96,0,8,0.347900390625,1,-631512.9852184395,-584134.360216658,-47374.608247683514,-92.62855000051432,
8097,1lpg,97,0,8,0.347900390625,1,-631513.6523170318,-584134.360216658,-47374.28526565026,-115.46035162159285,
8098,1lpg,98,0,8,0.347900390625,1,-631512.7556186357,-584134.360216658,-47374.53299683597,-89.06917851205264,
8099,1lpg,99,0,8,0.347900390625,1,-631512.852776604,-584134.360216658,-47373.7053018881,-110.39679342236093,
8100,1lpg,100,0,8,0.347900390625,1,-631514.985678026,-584134.360216658,-47373.46109979543,-165.2141027202615,
9001,2y5h,1,0,9,0.347900390625,2,-642837.9496239446,-584134.360216658,-58711.80306749978,189.4115042103112,
9002,2y5h,2,0,9,0.347900390625,2,-642824.9529644484,-584134.360216658,-58711.438837034424,480.722238093407,
9003,2y5h,3,0,9,0.347900390625,2,-642852.1159685865,-584134.360216658,-58710.96550173215,-156.5868894359089,
9004,2y5h,4,0,9,0.347900390625,2,-642850.1424764261,-584134.360216658,-58711.443617560064,-100.05146615853863,
9005,2y5h,5,0,9,0.347900390625,2,-642849.0789348508,-584134.360216658,-58711.60192031087,-71.87506663391314,
9006,2y5h,6,0,9,0.347900390625,2,-642845.7065012277,-584134.360216658,-58711.73316987638,8.92178711952479,
9007,2y5h,7,0,9,0.347900390625,2,-642839.3776777451,-584134.360216658,-58711.65984495058,153.17701079328162,
9008,2y5h,8,0,9,0.347900390625,2,-642828.6798170698,-584134.360216658,-58711.67215313923,400.1593721541239,
9009,2y5h,9,0,9,0.347900390625,2,-642838.6641496861,-584134.360216658,-58711.2637370513,160.49689356792888,
9010,2y5h,10,0,9,0.347900390625,2,-642847.6725070141,-584134.360216658,-58711.381010160854,-44.53637931783618,
9011,2y5h,11,0,9,0.347900390625,2,-642833.1762737164,-584134.360216658,-58710.84443408596,277.38096376868356,
9012,2y5h,12,0,9,0.347900390625,2,-642830.7767650477,-584134.360216658,-58711.661922939704,351.5666890058654,
9013,2y5h,13,0,9,0.347900390625,2,-642839.9005875827,-584134.360216658,-58711.14608508724,129.27083956891346,
9014,2y5h,14,0,9,0.347900390625,2,-642806.1477935973,-584134.360216658,-58711.00998302235,904.4901715094317,
9015,2y5h,15,0,9,0.347900390625,2,-642847.4012213539,-584134.360216658,-58709.99085056982,-70.33822511594286,
9016,2y5h,16,0,9,0.347900390625,2,-642847.4371146021,-584134.360216658,-58710.905494321625,-50.073757095450375,
9017,2y5h,17,0,9,0.347900390625,2,-642842.9071060176,-584134.360216658,-58709.67175060309,25.939916508398266,
9018,2y5h,18,0,9,0.347900390625,2,-642846.5564831188,-584134.360216658,-58711.078701768456,-25.77165404194254,
9019,2y5h,19,0,9,0.347900390625,2,-642848.8281272005,-584134.360216658,-58711.69142484229,-64.02728129074998,
9020,2y5h,20,0,9,0.347900390625,2,-642829.7910672914,-584134.360216658,-58710.27878209757,342.4014337148247,
9021,2y5h,21,0,9,0.347900390625,2,-642834.6556560688,-584134.360216658,-58711.08078665936,248.71601609438025,
9022,2y5h,22,0,9,0.347900390625,2,-642846.5457310687,-584134.360216658,-58711.64813693412,-12.392219002344367,
9023,2y5h,23,0,9,0.347900390625,2,-642834.9069974229,-584134.360216658,-58709.989924382055,217.76406505387118,
9024,2y5h,24,0,9,0.347900390625,2,-642818.8268134564,-584134.360216658,-58711.25047571783,617.6509209113219,
9025,2y5h,25,0,9,0.347900390625,2,-642839.6707199656,-584134.360216658,-58710.02349289613,108.68412183117067,
9026,2y5h,26,0,9,0.347900390625,2,-642839.1358880763,-584134.360216658,-58708.70313418695,90.56944302968039,
9027,2y5h,27,0,9,0.347900390625,2,-642847.0603602083,-584134.360216658,-58711.03456800198,-38.40908459726541,
9028,2y5h,28,0,9,0.347900390625,2,-642844.2085002782,-584134.360216658,-58711.82451271711,45.57292561351612,
9029,2y5h,29,0,9,0.347900390625,2,-642812.7999984302,-584134.360216658,-58711.73229542902,767.7436035845318,
9030,2y5h,30,0,9,0.347900390625,2,-642847.6983196799,-584134.360216658,-58710.07862165928,-75.16542586705513,
9031,2y5h,31,0,9,0.347900390625,2,-642841.058608778,-584134.360216658,-58710.309538315094,83.27500955362598,
9032,2y5h,32,0,9,0.347900390625,2,-642845.1270801433,-584134.360216658,-58709.99583312377,-17.780382531623207,
9033,2y5h,33,0,9,0.347900390625,2,-642847.8720736481,-584134.360216658,-58711.68629203617,-42.09852793963223,
9034,2y5h,34,0,9,0.347900390625,2,-642848.1367341371,-584134.360216658,-58710.98228120179,-64.4366193229608,
9035,2y5h,35,0,9,0.347900390625,2,-642821.422567387,-584134.360216658,-58711.75719590249,569.4766582927392,
9036,2y5h,36,0,9,0.347900390625,2,-642845.5166291099,-584134.360216658,-58709.997024732744,-26.736115951310797,
9037,2y5h,37,0,9,0.347900390625,2,-642842.8682089108,-584134.360216658,-58710.04226839686,35.381248404858894,
9038,2y5h,38,0,9,0.347900390625,2,-642843.7819585204,-584134.360216658,-58710.9959248885,36.30152296676081,
9039,2y5h,39,0,9,0.347900390625,2,-642830.6839241546,-584134.360216658,-58709.868439029946,312.34892937690205,
9040,2y5h,40,0,9,0.347900390625,2,-642848.3996442361,-584134.360216658,-58711.78816578632,-51.915330228630886,
9041,2y5h,41,0,9,0.347900390625,2,-642841.0146627389,-584134.360216658,-58711.732618070455,117.10542805703076,
9042,2y5h,42,0,9,0.347900390625,2,-642845.5364230654,-584134.360216658,-58711.82540170752,14.970799270596476,
9043,2y5h,43,0,9,0.347900390625,2,-642850.5104537793,-584134.360216658,-58710.41147803679,-132.33892835607315,
9044,2y5h,44,0,9,0.347900390625,2,-642848.4522318665,-584134.360216658,-58710.72476280038,-77.65068521654638,
9045,2y5h,45,0,9,0.347900390625,2,-642838.0926366503,-584134.360216658,-58711.700181577085,183.74094712818928,
9046,2y5h,46,0,9,0.347900390625,2,-642849.7269668009,-584134.360216658,-58711.85841902797,-80.90403748111729,
9047,2y5h,47,0,9,0.347900390625,2,-642846.2826195762,-584134.360216658,-58711.830186691644,-2.12655670375829,
9048,2y5h,48,0,9,0.347900390625,2,-642845.2866090197,-584134.360216658,-58711.68823169829,17.56843245938335,
9049,2y5h,49,0,9,0.347900390625,2,-642841.98178035,-584134.360216658,-58710.77569803724,72.7360659327935,
9050,2y5h,50,0,9,0.347900390625,2,-642825.998238838,-584134.360216658,-58710.76733075153,441.1323352789204,
9051,2y5h,51,0,9,0.347900390625,2,-642818.289737128,-584134.360216658,-58711.82369964731,643.255053114895,
9052,2y5h,52,0,9,0.347900390625,2,-642850.4083894943,-584134.360216658,-58711.02232850294,-115.89872363883136,
9053,2y5h,53,0,9,0.347900390625,2,-642825.4587655483,-584134.360216658,-58711.153454037056,462.47709937472825,
9054,2y5h,54,0,9,0.347900390625,2,-642842.3218426211,-584134.360216658,-58710.84563849178,66.50690886174375,
9055,2y5h,55,0,9,0.347900390625,2,-642845.1387324058,-584134.360216658,-58710.915224866556,3.1525871704605297,
9056,2y5h,56,0,9,0.347900390625,2,-642842.1756680663,-584134.360216658,-58711.71640614165,89.95815321412331,
9057,2y5h,57,0,9,0.347900390625,2,-642812.86405615,-584134.360216658,-58708.746593284624,697.4144703648424,
9058,2y5h,58,0,9,0.347900390625,2,-642845.5730722769,-584134.360216658,-58709.85796430189,-31.24453602150918,
9059,2y5h,59,0,9,0.347900390625,2,-642839.3659407612,-584134.360216658,-58711.69634882638,154.28947144582432,
9060,2y5h,60,0,9,0.347900390625,2,-642805.4531962867,-584134.360216658,-58711.707864706346,936.6014999679455,
9061,2y5h,61,0,9,0.347900390625,2,-642825.3072979997,-584134.360216658,-58710.00272311936,439.4335386555426,
9062,2y5h,62,0,9,0.347900390625,2,-642847.7912872516,-584134.360216658,-58711.25641516896,-50.14874543624572,
9063,2y5h,63,0,9,0.347900390625,2,-642846.1575603687,-584134.360216658,-58711.685228963914,-2.585427480097403,
9064,2y5h,64,0,9,0.347900390625,2,-642818.7870440059,-584134.360216658,-58711.6577020928,627.9588895231582,
9065,2y5h,65,0,9,0.347900390625,2,-642812.5906421636,-584134.360216658,-58711.00450197864,755.7881581094081,
9066,2y5h,66,0,9,0.347900390625,2,-642829.2397117731,-584134.360216658,-58710.306004020276,355.74374646646265,
9067,2y5h,67,0,9,0.347900390625,2,-642824.6464591668,-584134.360216658,-58711.68846217546,493.5469103044935,
9068,2y5h,68,0,9,0.347900390625,2,-642844.367925005,-584134.360216658,-58709.92965058966,-1.8000546480018647,
9069,2y5h,69,0,9,0.347900390625,2,-642834.5645092265,-584134.360216658,-58709.02651189951,203.44521085505787,
9070,2y5h,70,0,9,0.347900390625,2,-642841.8471373233,-584134.360216658,-58711.690352753074,96.93344671131351,
9071,2y5h,71,0,9,0.347900390625,2,-642805.8251631489,-584134.360216658,-58710.71772158064,905.1904974403625,
9072,2y5h,72,0,9,0.347900390625,2,-642839.1041041777,-584134.360216658,-58711.70371916191,160.49753047829742,
9073,2y5h,73,0,9,0.347900390625,2,-642818.9997745738,-584134.360216658,-58710.20006836531,589.4393737946576,
9074,2y5h,74,0,9,0.347900390625,2,-642838.6243382618,-584134.360216658,-58711.00465952773,155.4404971988443,
9075,2y5h,75,0,9,0.347900390625,2,-642850.0681701491,-584134.360216658,-58710.79437170349,-113.30988783364464,
9076,2y5h,76,0,9,0.347900390625,2,-642846.2268860496,-584134.360216658,-58710.54005709121,-30.592406406555252,
9077,2y5h,77,0,9,0.347900390625,2,-642839.6571012064,-584134.360216658,-58710.776604900944,126.36535328861534,
9078,2y5h,78,0,9,0.347900390625,2,-642807.370328125,-584134.360216658,-58710.733819860805,869.9293817640896,
9079,2y5h,79,0,9,0.347900390625,2,-642849.4874893097,-584134.360216658,-58710.79617992194,-99.87737105491931,
9080,2y5h,80,0,9,0.347900390625,2,-642820.7942998259,-584134.360216658,-58710.946442937646,565.2684449108899,
9081,2y5h,81,0,9,0.347900390625,2,-642833.3627816362,-584134.360216658,-58711.244520579676,282.3062026880593,
9082,2y5h,82,0,9,0.347900390625,2,-642847.465035216,-584134.360216658,-58710.95473189335,-49.58217636953353,
9083,2y5h,83,0,9,0.347900390625,2,-642845.5905576,-584134.360216658,-58710.65092340447,-13.361685839041856,
9084,2y5h,84,0,9,0.347900390625,2,-642820.2688363881,-584134.360216658,-58710.78970467807,573.7714495191942,
9085,2y5h,85,0,9,0.347900390625,2,-642836.4800367956,-584134.360216658,-58711.33196233127,212.43704567904365,
9086,2y5h,86,0,9,0.347900390625,2,-642845.2306841278,-584134.360216658,-58711.169792932036,6.90260913894319,
9087,2y5h,87,0,9,0.347900390625,2,-642844.4774149499,-584134.360216658,-58710.92345150156,18.592640704264678,
9088,2y5h,88,0,9,0.347900390625,2,-642848.1979630515,-584134.360216658,-58711.035750826864,-64.6155527859886,
9089,2y5h,89,0,9,0.347900390625,2,-642828.6871458931,-584134.360216658,-58710.61155184417,375.5323185793586,
9090,2y5h,90,0,9,0.347900390625,2,-642830.6114098333,-584134.360216658,-58710.896488097715,337.7285240512833,
9091,2y5h,91,0,9,0.347900390625,2,-642839.9366050754,-584134.360216658,-58711.224165112944,130.24082462439577,
9092,2y5h,92,0,9,0.347900390625,2,-642849.5335990384,-584134.360216658,-58711.183744653026,-92.00323163883428,
9093,2y5h,93,0,9,0.347900390625,2,-642851.0570163386,-584134.360216658,-58711.242966771446,-125.76837466153519,
9094,2y5h,94,0,9,0.347900390625,2,-642850.1384220298,-584134.360216658,-58711.94153151384,-88.47580101224004,
9095,2y5h,95,0,9,0.347900390625,2,-642849.1636203001,-584134.360216658,-58709.63106108679,-119.27705289416353,
9096,2y5h,96,0,9,0.347900390625,2,-642851.2247329883,-584134.360216658,-58711.948118710025,-113.37482247672206,
9097,2y5h,97,0,9,0.347900390625,2,-642818.9172603536,-584134.360216658,-58711.97235405842,632.2120759132335,
9098,2y5h,98,0,9,0.347900390625,2,-642848.7113186211,-584134.360216658,-58711.707006054785,-60.97430016203754,
9099,2y5h,99,0,9,0.347900390625,2,-642850.2073472432,-584134.360216658,-58711.82153478411,-92.8324445184315,
9100,2y5h,100,0,9,0.347900390625,2,-642848.7801633094,-584134.360216658,-58710.97226827784,-79.50535203905544,
10001,2xbv,1,0,10,0.347900390625,1,-643618.8375382135,-584134.360216658,-59481.51513213304,-68.30971085970215,
10002,2xbv,2,0,10,0.347900390625,1,-643616.9995564532,-584134.360216658,-59481.41643681756,-28.200812608470567,
10003,2xbv,3,0,10,0.347900390625,1,-643607.4123737076,-584134.360216658,-59481.05432839736,184.53445511269445,
10004,2xbv,4,0,10,0.347900390625,1,-643616.8517405428,-584134.360216658,-59481.77636267465,-16.492009293639082,
10005,2xbv,5,0,10,0.347900390625,1,-643619.3151407171,-584134.360216658,-59481.17248123012,-87.22520377432845,
10006,2xbv,6,0,10,0.347900390625,1,-643607.8963442723,-584134.360216658,-59481.554589634674,184.91012694830272,
10007,2xbv,7,0,10,0.347900390625,1,-643619.5808740709,-584134.360216658,-59481.470860073045,-86.47238091072649,
10008,2xbv,8,0,10,0.347900390625,1,-643609.0961128386,-584134.360216658,-59481.64076405077,159.230035783723,
10009,2xbv,9,0,10,0.347900390625,1,-643600.9816689878,-584134.360216658,-59481.7675957904,349.2783657226438,
10010,2xbv,10,0,10,0.347900390625,1,-643615.9450395021,-584134.360216658,-59481.766444309134,4.188290480758073,
10011,2xbv,11,0,10,0.347900390625,1,-643620.9863635164,-584134.360216658,-59481.738116229804,-112.72066410922233,
10012,2xbv,12,0,10,0.347900390625,1,-643612.2114311933,-584134.360216658,-59481.27618407239,78.98167382845517,
10013,2xbv,13,0,10,0.347900390625,1,-643618.8851547728,-584134.360216658,-59480.83072155584,-85.19065765466327,
10014,2xbv,14,0,10,0.347900390625,1,-643617.5167441004,-584134.360216658,-59481.110716744166,-47.17751545883222,
10015,2xbv,15,0,10,0.347900390625,1,-643615.8617763994,-584134.360216658,-59481.77468563177,6.298432657556932,
10016,2xbv,16,0,10,0.347900390625,1,-643611.3437573694,-584134.360216658,-59480.806003356556,88.14808265802309,
10017,2xbv,17,0,10,0.347900390625,1,-643593.8718769924,-584134.360216658,-59481.44984230999,505.9064947643492,
10018,2xbv,18,0,10,0.347900390625,1,-643602.657941798,-584134.360216658,-59482.06568623371,317.4967253316488,
10019,2xbv,19,0,10,0.347900390625,1,-643562.8187721627,-584134.360216658,-59482.35806571394,1242.9522332275649,
10020,2xbv,20,0,10,0.347900390625,1,-643607.6029295439,-584134.360216658,-59481.566596314195,191.9533119333869,
10021,2xbv,21,0,10,0.347900390625,1,-643591.2904960853,-584134.360216658,-59481.89902548638,575.7929627654773,
10022,2xbv,22,0,10,0.347900390625,1,-643616.8103441029,-584134.360216658,-59480.27445836932,-50.1721207816641,
10023,2xbv,23,0,10,0.347900390625,1,-643595.553470884,-584134.360216658,-59481.91491270093,477.8527963907777,
10024,2xbv,24,0,10,0.347900390625,1,-643600.2109554284,-584134.360216658,-59482.09023109758,374.4915895548655,
10025,2xbv,25,0,10,0.347900390625,1,-643598.0808476467,-584134.360216658,-59482.09339290969,423.68595505921667,
10026,2xbv,26,0,10,0.347900390625,1,-643610.140146402,-584134.360216658,-59481.93607092721,141.9639882082526,
10027,2xbv,27,0,10,0.347900390625,1,-643576.5739487343,-584134.360216658,-59482.15408485519,921.046415628361,
10028,2xbv,28,0,10,0.347900390625,1,-643550.2943940646,-584134.360216658,-59481.919823191085,1521.6651407474485,
10029,2xbv,29,0,10,0.347900390625,1,-643605.1885403446,-584134.360216658,-59482.15218726356,261.1344976435413,
10030,2xbv,30,0,10,0.347900390625,1,-643610.0594537712,-584134.360216658,-59481.888838742016,142.73560441294003,
10031,2xbv,31,0,10,0.347900390625,1,-643608.0997640655,-584134.360216658,-59481.56081729804,180.36276840733336,
10032,2xbv,32,0,10,0.347900390625,1,-643590.5526852668,-584134.360216658,-59481.81732495934,590.9232255232696,
10033,2xbv,33,0,10,0.347900390625,1,-643615.4797642389,-584134.360216658,-59482.35779047634,28.55455951497452,
10034,2xbv,34,0,10,0.347900390625,1,-643617.7251008058,-584134.360216658,-59481.89783823507,-33.83088243955543,
10035,2xbv,35,0,10,0.347900390625,1,-643601.1233322403,-584134.360216658,-59481.93873095206,349.95800409369366,
10036,2xbv,36,0,10,0.347900390625,1,-643603.5989136135,-584134.360216658,-59482.077999491354,296.08135023998835,
10037,2xbv,37,0,10,0.347900390625,1,-643611.4494803612,-584134.360216658,-59481.969913056455,112.55044785502184,
10038,2xbv,38,0,10,0.347900390625,1,-643612.4355771408,-584134.360216658,-59481.92302564579,88.72926652750213,
10039,2xbv,39,0,10,0.347900390625,1,-643617.407935708,-584134.360216658,-59481.44207670634,-37.026992064006436,
10040,2xbv,40,0,10,0.347900390625,1,-643594.2660652585,-584134.360216658,-59481.63061310401,500.9849709409403,
10041,2xbv,41,0,10,0.347900390625,1,-643615.5385135163,-584134.360216658,-59482.0871253698,20.958083358592198,
10042,2xbv,42,0,10,0.347900390625,1,-643608.3428370621,-584134.360216658,-59482.15590398969,188.48039705865006,
10043,2xbv,43,0,10,0.347900390625,1,-643609.8989207442,-584134.360216658,-59482.154984474815,152.5750503621804,
10044,2xbv,44,0,10,0.347900390625,1,-643589.0271026901,-584134.360216658,-59481.918790882366,628.4438552751914,
10045,2xbv,45,0,10,0.347900390625,1,-643602.1049994366,-584134.360216658,-59482.05593718324,330.02306065807704,
10046,2xbv,46,0,10,0.347900390625,1,-643613.1566213036,-584134.360216658,-59482.04727818131,74.96692466005696,
10047,2xbv,47,0,10,0.347900390625,1,-643617.7171893984,-584134.360216658,-59481.859321828946,-34.53665047671472,
10048,2xbv,48,0,10,0.347900390625,1,-643616.6695046573,-584134.360216658,-59481.45877489661,-19.61329808499365,
10049,2xbv,49,0,10,0.347900390625,1,-643616.3269911284,-584134.360216658,-59481.636673137895,-7.612317567316866,
10050,2xbv,50,0,10,0.347900390625,1,-643615.2002392033,-584134.360216658,-59482.35412642267,34.916064884510824,
10051,2xbv,51,0,10,0.347900390625,1,-643618.8396021914,-584134.360216658,-59481.34519782865,-72.27608547491297,
10052,2xbv,52,0,10,0.347900390625,1,-643611.0043613376,-584134.360216658,-59481.90669953071,121.35739785401054,
10053,2xbv,53,0,10,0.347900390625,1,-643615.817814278,-584134.360216658,-59481.46851838377,0.2518387959925477,
10054,2xbv,54,0,10,0.347900390625,1,-643610.426325745,-584134.360216658,-59481.60222862892,127.6659494932471,
10055,2xbv,55,0,10,0.347900390625,1,-643616.046836594,-584134.360216658,-59481.73359283703,1.0832208304239264,
10056,2xbv,56,0,10,0.347900390625,1,-643610.225006657,-584134.360216658,-59481.4222923464,128.1590487015254,
10057,2xbv,57,0,10,0.347900390625,1,-643602.4239338925,-584134.360216658,-59481.92290759494,319.60052219989177,
10058,2xbv,58,0,10,0.347900390625,1,-643595.2485192303,-584134.360216658,-59481.917358676874,484.9415541321946,
10059,2xbv,59,0,10,0.347900390625,1,-643605.498502176,-584134.360216658,-59482.155164626674,254.0552676287685,
10060,2xbv,60,0,10,0.347900390625,1,-643593.5742432342,-584134.360216658,-59482.34550750322,533.4246223092272,
10061,2xbv,61,0,10,0.347900390625,1,-643597.7044316423,-584134.360216658,-59481.904041865055,427.99977551091035,
10062,2xbv,62,0,10,0.347900390625,1,-643618.1260177305,-584134.360216658,-59481.91886965617,-42.59125026548744,
10063,2xbv,63,0,10,0.347900390625,1,-643620.0753905146,-584134.360216658,-59482.081083762176,-83.80410844297555,
10064,2xbv,64,0,10,0.347900390625,1,-643614.8899015374,-584134.360216658,-59481.92727241916,32.229134306582125,
10065,2xbv,65,0,10,0.347900390625,1,-643618.6568338367,-584134.360216658,-59481.68322926049,-60.26615708815374,
10066,2xbv,66,0,10,0.347900390625,1,-643604.6986169935,-584134.360216658,-59482.09040708167,271.0077136753929,
10067,2xbv,67,0,10,0.347900390625,1,-643612.4105164467,-584134.360216658,-59481.68037568385,83.71153880865721,
10068,2xbv,68,0,10,0.347900390625,1,-643612.1395736515,-584134.360216658,-59481.45639924452,84.7946087047671,
10069,2xbv,69,0,10,0.347900390625,1,-643606.1921165107,-584134.360216658,-59481.45069065134,221.8145852842213,
10070,2xbv,70,0,10,0.347900390625,1,-643593.8062790174,-584134.360216658,-59481.97337864251,519.4922546427473,
10071,2xbv,71,0,10,0.347900390625,1,-643603.7226790237,-584134.360216658,-59482.3301327123,299.0415822778596,
10072,2xbv,72,0,10,0.347900390625,1,-643613.5111581871,-584134.360216658,-59482.09486449729,67.88847641807021,
10073,2xbv,73,0,10,0.347900390625,1,-643602.5984832844,-584134.360216658,-59482.33646029686,325.1120694635439,
10074,2xbv,74,0,10,0.347900390625,1,-643616.8883596326,-584134.360216658,-59480.24537337439,-52.64191755183205,
10075,2xbv,75,0,10,0.347900390625,1,-643591.4688523429,-584134.360216658,-59482.15492937378,577.581253591137,
10076,2xbv,76,0,10,0.347900390625,1,-643614.7195518845,-584134.360216658,-59481.66608806058,30.134436233681793,
10077,2xbv,77,0,10,0.347900390625,1,-643592.8007349597,-584134.360216658,-59482.338766937755,551.1067057402665,
10078,2xbv,78,0,10,0.347900390625,1,-643599.2304060493,-584134.360216658,-59482.34066997985,402.8788532359563,
10079,2xbv,79,0,10,0.347900390625,1,-643616.8234518496,-584134.360216658,-59481.90396379134,-12.897104877242269,
10080,2xbv,80,0,10,0.347900390625,1,-643602.3359437077,-584134.360216658,-59481.93071588348,321.8096874759349,
10081,2xbv,81,0,10,0.347900390625,1,-643602.7494772167,-584134.360216658,-59482.09282914969,316.0117989412778,
10082,2xbv,82,0,10,0.347900390625,1,-643575.2665148076,-584134.360216658,-59481.94242858884,946.3156487773409,
10083,2xbv,83,0,10,0.347900390625,1,-643603.4364535941,-584134.360216658,-59481.450406713,285.35513400323003,
10084,2xbv,84,0,10,0.347900390625,1,-643616.3930905795,-584134.360216658,-59481.93610454809,-2.2315547654678074,
10085,2xbv,85,0,10,0.347900390625,1,-643616.0428615493,-584134.360216658,-59479.820415681,-42.944025776098165,
10086,2xbv,86,0,10,0.347900390625,1,-643616.9000621721,-584134.360216658,-59480.2522381157,-52.75347982866557,
10087,2xbv,87,0,10,0.347900390625,1,-643616.4710059776,-584134.360216658,-59479.24850925906,-66.00574624114758,
10088,2xbv,88,0,10,0.347900390625,1,-643618.2346654995,-584134.360216658,-59480.11488875218,-86.6975152631522,
10089,2xbv,89,0,10,0.347900390625,1,-643617.0538721938,-584134.360216658,-59479.821144291425,-66.24168294516025,
10090,2xbv,90,0,10,0.347900390625,1,-643621.2993189842,-584134.360216658,-59480.349603784576,-151.95744629823105,
10091,2xbv,91,0,10,0.347900390625,1,-643615.9212470177,-584134.360216658,-59481.0162718087,-12.562430621581058,
10092,2xbv,92,0,10,0.347900390625,1,-643616.008272339,-584134.360216658,-59480.6829813234,-22.255143384175177,
10093,2xbv,93,0,10,0.347900390625,1,-643616.0775952591,-584134.360216658,-59481.0358395126,-15.716664748337568,
10094,2xbv,94,0,10,0.347900390625,1,-643619.6053139425,-584134.360216658,-59480.43291135007,-110.97164391197354,
10095,2xbv,95,0,10,0.347900390625,1,-643604.7487690568,-584134.360216658,-59481.08325156637,246.62562168855231,
10096,2xbv,96,0,10,0.347900390625,1,-643619.6232529095,-584134.360216658,-59481.55223488063,-85.5731125035729,
10097,2xbv,97,0,10,0.347900390625,1,-643619.8997208329,-584134.360216658,-59481.25326899104,-98.84293147209767,
10098,2xbv,98,0,10,0.347900390625,1,-643611.1707187513,-584134.360216658,-59481.327830244125,104.17206188903835,
10099,2xbv,99,0,10,0.347900390625,1,-643616.9745459498,-584134.360216658,-59480.52115474244,-48.26975181464872,
10100,2xbv,100,0,10,0.347900390625,1,-643617.8527519855,-584134.360216658,-59480.89822828043,-59.826141747723476,
11001,1eby,1,0,11,0.27880859375,0,-643507.9598474789,-584134.360216658,-59384.00760483272,240.01358251902636,
11002,1eby,2,0,11,0.27880859375,0,-643517.2029566823,-584134.360216658,-59383.87108276717,23.714147007623094,
11003,1eby,3,0,11,0.27880859375,0,-643521.2789512435,-584134.360216658,-59384.190432465664,-62.916141531243376,
11004,1eby,4,0,11,0.27880859375,0,-643500.3695899635,-584134.360216658,-59384.41225114966,424.38044474672563,
11005,1eby,5,0,11,0.27880859375,0,-643517.9661958532,-584134.360216658,-59383.86083269208,5.877061254288521,
11006,1eby,6,0,11,0.27880859375,0,-643519.7190277191,-584134.360216658,-59383.99185850491,-31.52267480493982,
11007,1eby,7,0,11,0.27880859375,0,-643518.9425603324,-584134.360216658,-59384.72972643922,3.3987272979313095,
11008,1eby,8,0,11,0.27880859375,0,-643520.7213803871,-584134.360216658,-59384.37724135775,-45.750336736746284,
11009,1eby,9,0,11,0.27880859375,0,-643518.4665573301,-584134.360216658,-59384.05140803494,-1.266776707239304,
11010,1eby,10,0,11,0.27880859375,0,-643525.5467287289,-584134.360216658,-59384.258937388666,-159.75366731078805,
11011,1eby,11,0,11,0.27880859375,0,-643521.6899367202,-584134.360216658,-59384.51223872265,-64.97266319262955,
11012,1eby,12,0,11,0.27880859375,0,-643522.0413342032,-584134.360216658,-59383.73694674388,-90.95473941676933,
11013,1eby,13,0,11,0.27880859375,0,-643508.7634045484,-584134.360216658,-59384.507750814715,233.01675662319136,
11014,1eby,14,0,11,0.27880859375,0,-643508.8808015335,-584134.360216658,-59384.25896793827,224.57244841230712,
11015,1eby,15,0,11,0.27880859375,0,-643520.6796628137,-584134.360216658,-59384.8503638082,-33.87784374137517,
11016,1eby,16,0,11,0.27880859375,0,-643511.8160238676,-584134.360216658,-59384.405886982466,160.27264702885805,
11017,1eby,17,0,11,0.27880859375,0,-643521.3414830866,-584134.360216658,-59384.07816067832,-66.9472090116722,
11018,1eby,18,0,11,0.27880859375,0,-643521.7551437578,-584134.360216658,-59384.44879370482,-67.93945007066225,
11019,1eby,19,0,11,0.27880859375,0,-643520.7343703738,-584134.360216658,-59384.217393086336,-49.73608165475854,
11020,1eby,20,0,11,0.27880859375,0,-643522.2106129392,-584134.360216658,-59384.31965872082,-81.42074238902457,
11021,1eby,21,0,11,0.27880859375,0,-643520.8731935243,-584134.360216658,-59383.39799092007,-71.83328240544108,
11022,1eby,22,0,11,0.27880859375,0,-643516.5802071573,-584134.360216658,-59384.80220871838,59.54736674973934,
11023,1eby,23,0,11,0.27880859375,0,-643515.4354292026,-584134.360216658,-59384.3302875396,75.06381261332932,
11024,1eby,24,0,11,0.27880859375,0,-643515.3370334054,-584134.360216658,-59383.79501052577,64.98909242080018,
11025,1eby,25,0,11,0.27880859375,0,-643483.4194844486,-584134.360216658,-59383.70866332091,799.0340429278773,
11026,1eby,26,0,11,0.27880859375,0,-643523.3694639555,-584134.360216658,-59384.162711672565,-111.76376659247966,
11027,1eby,27,0,11,0.27880859375,0,-643519.8358497524,-584134.360216658,-59383.897606716826,-36.390152758865675,
11028,1eby,28,0,11,0.27880859375,0,-643496.5985276597,-584134.360216658,-59384.68223200062,517.5691137025964,
11029,1eby,29,0,11,0.27880859375,0,-643444.737981262,-584134.360216658,-59382.3663368012,1660.0959124102105,
11030,1eby,30,0,11,0.27880859375,0,-643469.616595267,-584134.360216658,-59384.12884016357,1127.0257372794754,
11031,1eby,31,0,11,0.27880859375,0,-643456.6721129215,-584134.360216658,-59383.810559360325,1418.1928618633333,
11032,1eby,32,0,11,0.27880859375,0,-643520.0386162485,-584134.360216658,-59384.39531910972,-29.588538798608848,
11033,1eby,33,0,11,0.27880859375,0,-643476.9857924776,-584134.360216658,-59383.6969968323,947.1294687341207,
11034,1eby,34,0,11,0.27880859375,0,-643462.2906751559,-584134.360216658,-59384.78990298119,1311.2099391280492,
11035,1eby,35,0,11,0.27880859375,0,-643469.9570091432,-584134.360216658,-59384.15085062858,1119.6831801857707,
11036,1eby,36,0,11,0.27880859375,0,-643457.4804613981,-584134.360216658,-59382.5889552775,1371.3810437715135,
11037,1eby,37,0,11,0.27880859375,0,-643443.7371859077,-584134.360216658,-59382.58716545073,1688.26723118313,
11038,1eby,38,0,11,0.27880859375,0,-643449.1614861827,-584134.360216658,-59383.09782670794,1574.9560235900221,
11039,1eby,39,0,11,0.27880859375,0,-643520.6450993209,-584134.360216658,-59384.82418387631,-33.68451423499895,
11040,1eby,40,0,11,0.27880859375,0,-643519.8076921584,-584134.360216658,-59384.100831414384,-31.05435035651013,
11041,1eby,41,0,11,0.27880859375,0,-643497.5684562328,-584134.360216658,-59384.69750717192,495.55428326836807,
11042,1eby,42,0,11,0.27880859375,0,-643518.5960939698,-584134.360216658,-59383.82892063574,-9.384643893081734,
11043,1eby,43,0,11,0.27880859375,0,-643510.6857449787,-584134.360216658,-59383.156291862775,157.52114938074956,
11044,1eby,44,0,11,0.27880859375,0,-643511.9976107631,-584134.360216658,-59380.62075636131,68.79796800583588,
11045,1eby,45,0,11,0.27880859375,0,-643513.5489065512,-584134.360216658,-59383.604653009366,101.83452865795661,
11046,1eby,46,0,11,0.27880859375,0,-643504.5388261024,-584134.360216658,-59382.242749521065,278.20567927297725,
11047,1eby,47,0,11,0.27880859375,0,-643522.1781947373,-584134.360216658,-59384.71583716614,-71.53706890551729,
11048,1eby,48,0,11,0.27880859375,0,-643520.2810559556,-584134.360216658,-59384.18719932146,-39.97868759053008,
11049,1eby,49,0,11,0.27880859375,0,-643512.5149192155,-584134.360216658,-59384.66929998471,150.2301855677181,
11050,1eby,50,0,11,0.27880859375,0,-643495.6173391569,-584134.360216658,-59384.8348158832,543.7145260234988,
11051,1eby,51,0,11,0.27880859375,0,-643479.2315865683,-584134.360216658,-59384.41535706711,911.9060072428033,
11052,1eby,52,0,11,0.27880859375,0,-643482.3764197731,-584134.360216658,-59382.95343898979,805.6717989576034,
11053,1eby,53,0,11,0.27880859375,0,-643490.3381129374,-584134.360216658,-59384.58729801677,659.7484771694865,
11054,1eby,54,0,11,0.27880859375,0,-643503.2650952551,-584134.360216658,-59384.52010452787,360.0956644619628,
11055,1eby,55,0,11,0.27880859375,0,-643487.4572996317,-584134.360216658,-59384.67394220961,728.1796727505722,
11056,1eby,56,0,11,0.27880859375,0,-643519.616963324,-584134.360216658,-59384.86041147544,-9.139706619756977,
11057,1eby,57,0,11,0.27880859375,0,-643502.9887941771,-584134.360216658,-59380.76041896076,279.76690983905564,
11058,1eby,58,0,11,0.27880859375,0,-643523.3351239607,-584134.360216658,-59384.86213673284,-94.84274244412887,
11059,1eby,59,0,11,0.27880859375,0,-643501.7672774798,-584134.360216658,-59384.44837115315,392.98195199313494,
11060,1eby,60,0,11,0.27880859375,0,-643486.5060051386,-584134.360216658,-59384.64412839857,749.4295220930353,
11061,1eby,61,0,11,0.27880859375,0,-643518.9707841526,-584134.360216658,-59384.7793057826,3.8911973602107937,
11062,1eby,62,0,11,0.27880859375,0,-643516.0838738104,-584134.360216658,-59383.68183431212,45.15663805293628,
11063,1eby,63,0,11,0.27880859375,0,-643503.3637095749,-584134.360216658,-59384.67572836595,361.41033518483346,
11064,1eby,64,0,11,0.27880859375,0,-643498.318575276,-584134.360216658,-59383.47542670538,450.0742821432668,
11065,1eby,65,0,11,0.27880859375,0,-643499.5251871351,-584134.360216658,-59384.13987806541,437.57176402159047,
11066,1eby,66,0,11,0.27880859375,0,-643483.1747512211,-584134.360216658,-59382.84391148495,784.7360741524352,
11067,1eby,67,0,11,0.27880859375,0,-643523.5133677662,-584134.360216658,-59384.400546527264,-109.59766525834512,
11068,1eby,68,0,11,0.27880859375,0,-643481.7221981459,-584134.360216658,-59384.75911099705,862.3982937725289,
11069,1eby,69,0,11,0.27880859375,0,-643511.3276749192,-584134.360216658,-59378.19318200512,28.265861024271334,
11070,1eby,70,0,11,0.27880859375,0,-643500.6604888284,-584134.360216658,-59383.65736233442,400.2640079265663,
11071,1eby,71,0,11,0.27880859375,0,-643521.4325940169,-584134.360216658,-59383.82325541855,-74.92653191318668,
11072,1eby,72,0,11,0.27880859375,0,-643521.2781584463,-584134.360216658,-59383.557314940175,-77.49789617268554,
11073,1eby,73,0,11,0.27880859375,0,-643521.9334786274,-584134.360216658,-59383.60359731763,-91.54264157297837,
11074,1eby,74,0,11,0.27880859375,0,-643520.5252921922,-584134.360216658,-59383.670604570514,-57.52386697146405,
11075,1eby,75,0,11,0.27880859375,0,-643519.4175339454,-584134.360216658,-59383.53711112659,-35.05678688436248,
11076,1eby,76,0,11,0.27880859375,0,-643523.7446610419,-584134.360216658,-59383.31320954009,-140.006001506771,
11077,1eby,77,0,11,0.27880859375,0,-643494.4868720486,-584134.360216658,-59383.565779812685,540.5190498432609,
11078,1eby,78,0,11,0.27880859375,0,-643517.5713981946,-584134.360216658,-59383.97271156434,17.56129962762591,
11079,1eby,79,0,11,0.27880859375,0,-643512.5891593982,-584134.360216658,-59383.66566375657,125.3737650387049,
11080,1eby,80,0,11,0.27880859375,0,-643509.5600513285,-584134.360216658,-59384.10603861363,205.38194201929574,
11081,1eby,81,0,11,0.27880859375,0,-643507.9957581633,-584134.360216658,-59384.44203573906,249.203677159069,
11082,1eby,82,0,11,0.27880859375,0,-643509.0505260966,-584134.360216658,-59383.932987714295,213.14122445919938,
11083,1eby,83,0,11,0.27880859375,0,-643516.8607704892,-584134.360216658,-59384.060800841435,35.98015080651469,
11084,1eby,84,0,11,0.27880859375,0,-643510.357649634,-584134.360216658,-59383.53443504041,173.80739660516102,
11085,1eby,85,0,11,0.27880859375,0,-643521.8996891946,-584134.360216658,-59383.92093532377,-83.44545047454184,
11086,1eby,86,0,11,0.27880859375,0,-643520.0371697134,-584134.360216658,-59384.45100780148,-28.27096916645895,
11087,1eby,87,0,11,0.27880859375,0,-643514.4132688153,-584134.360216658,-59384.76957411652,108.76558023527714,
11088,1eby,88,0,11,0.27880859375,0,-643517.6282613603,-584134.360216658,-59383.206905517225,-1.4099031031164324,
11089,1eby,89,0,11,0.27880859375,0,-643498.1453395844,-584134.360216658,-59383.50398134559,454.7276777394234,
11090,1eby,90,0,11,0.27880859375,0,-643516.8830753232,-584134.360216658,-59382.98332842823,10.618684994681766,
11091,1eby,91,0,11,0.27880859375,0,-643490.3308604702,-584134.360216658,-59383.835705654536,642.583591418141,
11092,1eby,92,0,11,0.27880859375,0,-643522.953798184,-584134.360216658,-59385.00213756389,-82.82066527094838,
11093,1eby,93,0,11,0.27880859375,0,-643480.8182817014,-584134.360216658,-59384.41537757598,875.3164211784049,
11094,1eby,94,0,11,0.27880859375,0,-643482.3899208056,-584134.360216658,-59384.163177294315,833.2576857861876,
11095,1eby,95,0,11,0.27880859375,0,-643518.4293235111,-584134.360216658,-59384.0613448616,-0.1789957763106091,
11096,1eby,96,0,11,0.27880859375,0,-643506.391669843,-584134.360216658,-59383.146227406716,256.312782566042,
11097,1eby,97,0,11,0.27880859375,0,-643521.2829573133,-584134.360216658,-59383.03827237892,-89.57796648551825,
11098,1eby,98,0,11,0.27880859375,0,-643517.9069734387,-584134.360216658,-59384.70617705989,26.736866803868136,
11099,1eby,99,0,11,0.27880859375,0,-643497.6165680765,-584134.360216658,-59384.39560654581,487.4828039656317,
11100,1eby,100,0,11,0.27880859375,0,-643515.9890481299,-584134.360216658,-59380.449111406284,-27.20499099984818,
12001,1c5z,1,0,12,0.2783203125,0,-594517.3338977972,-584134.360216658,-10379.100535280477,-89.31686532953391,
12002,1c5z,2,0,12,0.2783203125,0,-594517.4795767439,-584134.360216658,-10379.044261540306,-93.97400492575056,
12003,1c5z,3,0,12,0.2783203125,0,-594518.1099068754,-584134.360216658,-10378.955465782587,-110.55744189046757,
12004,1c5z,4,0,12,0.2783203125,0,-594517.8454618724,-584134.360216658,-10378.955455404915,-104.45943456486685,
12005,1c5z,5,0,12,0.2783203125,0,-594517.5543385771,-584134.360216658,-10378.952770954273,-97.80787679099777,
12006,1c5z,6,0,12,0.2783203125,0,-594515.6856480608,-584134.360216658,-10378.954191620931,-54.68208840702762,
12007,1c5z,7,0,12,0.2783203125,0,-594517.9818700936,-584134.360216658,-10378.952802829843,-107.66625270889506,
12008,1c5z,8,0,12,0.2783203125,0,-594516.2907780802,-584134.360216658,-10378.953960006987,-68.64205930944102,
12009,1c5z,9,0,12,0.2783203125,0,-594517.4040348235,-584134.360216658,-10378.952038961472,-94.35867004793538,
12010,1c5z,10,0,12,0.2783203125,0,-594517.374080734,-584134.360216658,-10378.955677873244,-93.58399703416346,
12011,1c5z,11,0,12,0.2783203125,0,-594517.6667309566,-584134.360216658,-10378.95785279434,-100.28251661954897,
12012,1c5z,12,0,12,0.2783203125,0,-594517.9646287971,-584134.360216658,-10378.952406983053,-107.27778741070107,
12013,1c5z,13,0,12,0.2783203125,0,-594516.8776062458,-584134.360216658,-10378.952044637868,-82.2188077511359,
12014,1c5z,14,0,12,0.2783203125,0,-594518.3891330834,-584134.360216658,-10378.954312782414,-117.0231400309828,
12015,1c5z,15,0,12,0.2783203125,0,-594517.5559626485,-584134.360216658,-10378.950720345505,-97.89261692849996,
12016,1c5z,16,0,12,0.2783203125,0,-594516.7861354643,-584134.360216658,-10378.955302494338,-80.03431346474812,
12017,1c5z,17,0,12,0.2783203125,0,-594516.2314904528,-584134.360216658,-10378.954269341904,-67.26772070797907,
12018,1c5z,18,0,12,0.2783203125,0,-594517.5274635179,-584134.360216658,-10378.95412656,-97.15686219130038,
12019,1c5z,19,0,12,0.2783203125,0,-594516.8660518653,-584134.360216658,-10378.952308700655,-81.94626797376705,
12020,1c5z,20,0,12,0.2783203125,0,-594518.0626501737,-584134.360216658,-10378.95078559173,-109.57560422470517,
12021,1c5z,21,0,12,0.2783203125,0,-594516.91375491,-584134.360216658,-10378.956285429937,-82.95462076242619,
12022,1c5z,22,0,12,0.2783203125,0,-594516.776850501,-584134.360216658,-10378.951989941128,-79.89658641468935,
12023,1c5z,23,0,12,0.2783203125,0,-594517.2697539928,-584134.360216658,-10378.955904542521,-91.17293811127898,
12024,1c5z,24,0,12,0.2783203125,0,-594502.3618522412,-584134.360216658,-10378.952129481697,252.52438831440315,
12025,1c5z,25,0,12,0.2783203125,0,-594517.121874985,-584134.360216658,-10378.953542700461,-87.81723255198469,
12026,1c5z,26,0,12,0.2783203125,0,-594517.616825168,-584134.360216658,-10378.954017431393,-99.2201073647409,
12027,1c5z,27,0,12,0.2783203125,0,-594511.1915871843,-584134.360216658,-10378.952553990697,48.915652737266086,
12028,1c5z,28,0,12,0.2783203125,0,-594517.4960083249,-584134.360216658,-10378.95301652481,-96.45708622938633,
12029,1c5z,29,0,12,0.2783203125,0,-594517.2761334379,-584134.360216658,-10378.951184335443,-91.42890217085588,
12030,1c5z,30,0,12,0.2783203125,0,-594518.1735238823,-584134.360216658,-10378.954278650483,-112.051860837027,
12031,1c5z,31,0,12,0.2783203125,0,-594516.6058596747,-584134.360216658,-10378.95561034519,-75.86995578716184,
12032,1c5z,32,0,12,0.2783203125,0,-594517.9109839846,-584134.360216658,-10378.955181488574,-105.97672702775925,
12033,1c5z,33,0,12,0.2783203125,0,-594517.7892504862,-584134.360216658,-10378.955935207092,-103.15210470315711,
12034,1c5z,34,0,12,0.2783203125,0,-594517.4164566677,-584134.360216658,-10378.951031219549,-94.66836366055728,
12035,1c5z,35,0,12,0.2783203125,0,-594517.5871575132,-584134.360216658,-10378.953406664405,-98.55003961417836,
12036,1c5z,36,0,12,0.2783203125,0,-594517.9962005988,-584134.360216658,-10378.954418637728,-107.95946059356723,
12037,1c5z,37,0,12,0.2783203125,0,-594518.7212098251,-584134.360216658,-10378.952138752065,-124.73114594797457,
12038,1c5z,38,0,12,0.2783203125,0,-594517.2377999887,-584134.360216658,-10378.953782900717,-90.48498749412317,
12039,1c5z,39,0,12,0.2783203125,0,-594516.7461443141,-584134.360216658,-10378.95410632039,-79.13968005788266,
12040,1c5z,40,0,12,0.2783203125,0,-594520.454136617,-584134.360216658,-10378.949917030688,-164.74462123124246,
12041,1c5z,41,0,12,0.2783203125,0,-594519.6535665955,-584134.360216658,-10378.951100471511,-146.25574716497445,
12042,1c5z,42,0,12,0.2783203125,0,-594517.7974744708,-584134.360216658,-10378.953374728806,-103.40080032590258,
12043,1c5z,43,0,12,0.2783203125,0,-594518.3119991171,-584134.360216658,-10378.951820270078,-115.3018672126119,
12044,1c5z,44,0,12,0.2783203125,0,-594518.4835048424,-584134.360216658,-10378.953151680375,-119.22618014201012,
12045,1c5z,45,0,12,0.2783203125,0,-594517.3626574773,-584134.360216658,-10378.956055543827,-93.31186118577675,
12046,1c5z,46,0,12,0.2783203125,0,-594514.7699471713,-584134.360216658,-10378.954478498285,-33.558908698960316,
12047,1c5z,47,0,12,0.2783203125,0,-594517.1107591192,-584134.360216658,-10378.955232667884,-87.52192302017065,
12048,1c5z,48,0,12,0.2783203125,0,-594518.7912118906,-584134.360216658,-10378.95579817119,-126.26104371806728,
12049,1c5z,49,0,12,0.2783203125,0,-594518.0307136835,-584134.360216658,-10378.954495082227,-108.7535883816594,
12050,1c5z,50,0,12,0.2783203125,0,-594514.855395637,-584134.360216658,-10378.953860096079,-35.54365782199632,
12051,1c5z,51,0,12,0.2783203125,0,-594518.7588676232,-584134.360216658,-10378.950326999731,-125.64133540211598,
12052,1c5z,52,0,12,0.2783203125,0,-594519.1530664318,-584134.360216658,-10378.954649176978,-134.6321041071629,
12053,1c5z,53,0,12,0.2783203125,0,-594518.3549379985,-584134.360216658,-10378.957565926381,-116.15956335711907,
12054,1c5z,54,0,12,0.2783203125,0,-594518.0608039884,-584134.360216658,-10378.951431134665,-109.51814360651157,
12055,1c5z,55,0,12,0.2783203125,0,-594512.2525382718,-584134.360216658,-10378.954387042395,24.491810614206155,
12056,1c5z,56,0,12,0.2783203125,0,-594517.5688803616,-584134.360216658,-10378.955660085045,-98.0765933704349,
12057,1c5z,57,0,12,0.2783203125,0,-594518.4182108874,-584134.360216658,-10378.955626928682,-117.66338518689153,
12058,1c5z,58,0,12,0.2783203125,0,-594518.346033528,-584134.360216658,-10378.950537062556,-116.11631084014645,
12059,1c5z,59,0,12,0.2783203125,0,-594516.342774619,-584134.360216658,-10378.951987240593,-69.88662105245986,
12060,1c5z,60,0,12,0.2783203125,0,-594518.1953035435,-584134.360216658,-10378.953101675897,-112.58125343419482,
12061,1c5z,61,0,12,0.2783203125,0,-594486.2647961985,-584134.360216658,-10378.95485924124,623.7942688709412,
12062,1c5z,62,0,12,0.2783203125,0,-594518.1760860003,-584134.360216658,-10378.951624762727,-112.17214478713753,
12063,1c5z,63,0,12,0.2783203125,0,-594511.8786123932,-584134.360216658,-10378.95035557624,33.02177840621121,
12064,1c5z,64,0,12,0.2783203125,0,-594518.2301446445,-584134.360216658,-10378.950657950443,-113.44106195879516,
12065,1c5z,65,0,12,0.2783203125,0,-594517.4690123743,-584134.360216658,-10378.954215308688,-95.80690020614608,
12066,1c5z,66,0,12,0.2783203125,0,-594517.0060097979,-584134.360216658,-10378.951265764463,-85.1978252535989,
12067,1c5z,67,0,12,0.2783203125,0,-594518.1543123974,-584134.360216658,-10378.954441152935,-111.6050860742275,
12068,1c5z,68,0,12,0.2783203125,0,-594516.7179577915,-584134.360216658,-10378.954622287332,-78.4777849263163,
12069,1c5z,69,0,12,0.2783203125,0,-594519.0471959083,-584134.360216658,-10378.951245277467,-132.2691676238502,
12070,1c5z,70,0,12,0.2783203125,0,-594518.5203552955,-584134.360216658,-10378.953776428663,-120.06156474100385,
12071,1c5z,71,0,12,0.2783203125,0,-594517.8666069603,-584134.360216658,-10378.952795384856,-105.00839339558135,
12072,1c5z,72,0,12,0.2783203125,0,-594518.3042562014,-584134.360216658,-10378.950852957816,-115.14561808388146,
12073,1c5z,73,0,12,0.2783203125,0,-594516.3311662148,-584134.360216658,-10378.954245824134,-69.5668407178352,
12074,1c5z,74,0,12,0.2783203125,0,-594518.4141662132,-584134.360216658,-10378.953247347485,-117.62498723227928,
12075,1c5z,75,0,12,0.2783203125,0,-594517.361198999,-584134.360216658,-10378.954166470541,-93.321790942593,
12076,1c5z,76,0,12,0.2783203125,0,-594518.2579073757,-584134.360216658,-10378.950382905594,-114.0876284341677,
12077,1c5z,77,0,12,0.2783203125,0,-594518.4553893402,-584134.360216658,-10378.950011786732,-118.65022892605616,
12078,1c5z,78,0,12,0.2783203125,0,-594517.9744418233,-584134.360216658,-10378.952798677159,-107.49504848952726,
12079,1c5z,79,0,12,0.2783203125,0,-594515.979076911,-584134.360216658,-10378.106394110993,-80.99939347155548,
12080,1c5z,80,0,12,0.2783203125,0,-594517.1165329788,-584134.360216658,-10379.123315977908,-83.77897817717567,
12081,1c5z,81,0,12,0.2783203125,0,-594517.0433705202,-584134.360216658,-10378.123393720136,-105.15056685337231,
12082,1c5z,82,0,12,0.2783203125,0,-594517.6169431756,-584134.360216658,-10378.13673112785,-118.06989857729899,
12083,1c5z,83,0,12,0.2783203125,0,-594516.6386110304,-584134.360216658,-10378.111618424415,-96.08813604880156,
12084,1c5z,84,0,12,0.2783203125,0,-594516.1778518079,-584134.360216658,-10378.119420236866,-85.28286189056891,
12085,1c5z,85,0,12,0.2783203125,0,-594517.9906097817,-584134.360216658,-10378.124822416179,-126.96147663609848,
12086,1c5z,86,0,12,0.2783203125,0,-594516.791268753,-584134.360216658,-10378.128364991098,-99.22232176026301,
12087,1c5z,87,0,12,0.2783203125,0,-594516.7573715567,-584134.360216658,-10378.155943793856,-97.80465154374843,
12088,1c5z,88,0,12,0.2783203125,0,-594516.7531374241,-584134.360216658,-10378.125314501369,-98.4133383910551,
12089,1c5z,89,0,12,0.2783203125,0,-594516.6490202106,-584134.360216658,-10378.105680276805,-96.46511438345375,
12090,1c5z,90,0,12,0.2783203125,0,-594516.7760658874,-584134.360216658,-10378.179997931147,-97.6810514676078,
12091,1c5z,91,0,12,0.2783203125,0,-594516.8956598967,-584134.360216658,-10378.135424253534,-101.46684826260817,
12092,1c5z,92,0,12,0.2783203125,0,-594516.0850325439,-584134.360216658,-10378.114441948268,-83.25720087485146,
12093,1c5z,93,0,12,0.2783203125,0,-594516.9312647745,-584134.360216658,-10378.183102969379,-101.18841894434802,
12094,1c5z,94,0,12,0.2783203125,0,-594516.2223550199,-584134.360216658,-10378.081586614633,-87.18159439404506,
12095,1c5z,95,0,12,0.2783203125,0,-594516.6439506231,-584134.360216658,-10378.106363984016,-96.33244025568706,
12096,1c5z,96,0,12,0.2783203125,0,-594516.3915984442,-584134.360216658,-10378.13059689943,-89.95423645876619,
12097,1c5z,97,0,12,0.2783203125,0,-594516.5016340909,-584134.360216658,-10378.159305004683,-91.82969411838957,
12098,1c5z,98,0,12,0.2783203125,0,-594516.8310199517,-584134.360216658,-10378.117853721365,-100.3814018182175,
12099,1c5z,99,0,12,0.2783203125,0,-594517.595959315,-584134.360216658,-10379.103421730315,-95.29358438082055,
12100,1c5z,100,0,12,0.2783203125,0,-594517.3376676466,-584134.360216658,-10379.125954823026,-88.81761154576367,
13001,1sqa,1,0,13,0.2783203125,1,-620818.7942452744,-584134.360216658,-36678.311571404825,-141.1872173686168,
13002,1sqa,2,0,13,0.2783203125,1,-620816.0253770419,-584134.360216658,-36678.47057059149,-73.66899070738607,
13003,1sqa,3,0,13,0.2783203125,1,-620807.7075864982,-584134.360216658,-36677.803425942664,102.75909488558949,
13004,1sqa,4,0,13,0.2783203125,1,-620817.2463775058,-584134.360216658,-36677.75335057711,-118.36541675375153,
13005,1sqa,5,0,13,0.2783203125,1,-620815.80241875,-584134.360216658,-36678.291014496725,-72.66811226484002,
13006,1sqa,6,0,13,0.2783203125,1,-620809.0339654761,-584134.360216658,-36678.41692211181,86.3196267777539,
13007,1sqa,7,0,13,0.2783203125,1,-620818.4430785857,-584134.360216658,-36678.21381236375,-135.34349818947646,
13008,1sqa,8,0,13,0.2783203125,1,-620817.83462784,-584134.360216658,-36678.08597478698,-124.26029521927384,
13009,1sqa,9,0,13,0.2783203125,1,-620818.0079288065,-584134.360216658,-36678.31041340462,-123.08103296933145,
13010,1sqa,10,0,13,0.2783203125,1,-620811.7151854574,-584134.360216658,-36678.52997770333,27.09634903057812,
13011,1sqa,11,0,13,0.2783203125,1,-620816.3334519187,-584134.360216658,-36678.51786179443,-79.68280509139227,
13012,1sqa,12,0,13,0.2783203125,1,-620807.8127713469,-584134.360216658,-36678.59946317239,118.690529263168,
13013,1sqa,13,0,13,0.2783203125,1,-620816.9923868708,-584134.360216658,-36678.384797709055,-97.94673677715795,
13014,1sqa,14,0,13,0.2783203125,1,-620758.1199301434,-584134.360216658,-36679.30656849274,1280.9409067379386,
13015,1sqa,15,0,13,0.2783203125,1,-620778.6554978467,-584134.360216658,-36679.339117882315,808.1300722419934,
13016,1sqa,16,0,13,0.2783203125,1,-620758.6017047358,-584134.360216658,-36679.249176254576,1268.5074242524522,
13017,1sqa,17,0,13,0.2783203125,1,-620798.5277541111,-584134.360216658,-36679.428214271706,351.91956770264284,
13018,1sqa,18,0,13,0.2783203125,1,-620812.5239689013,-584134.360216658,-36679.35288082225,27.421956472213942,
13019,1sqa,19,0,13,0.2783203125,1,-620814.8570487275,-584134.360216658,-36679.29371572918,-27.74452191113733,
13020,1sqa,20,0,13,0.2783203125,1,-620803.5037817736,-584134.360216658,-36679.35044567859,235.3762574234,
13021,1sqa,21,0,13,0.2783203125,1,-620794.5880119798,-584134.360216658,-36679.408735529076,442.3229890851212,
13022,1sqa,22,0,13,0.2783203125,1,-620784.4063387903,-584134.360216658,-36679.30692399631,674.7701209464157,
13023,1sqa,23,0,13,0.2783203125,1,-620797.5535866049,-584134.360216658,-36679.31464698258,371.7654801717829,
13024,1sqa,24,0,13,0.2783203125,1,-620818.177057733,-584134.360216658,-36679.40822250252,-101.66515945681255,
13025,1sqa,25,0,13,0.2783203125,1,-620816.4885238142,-584134.360216658,-36679.27626834698,-65.76957737635556,
13026,1sqa,26,0,13,0.2783203125,1,-620817.2466527487,-584134.360216658,-36677.846142441515,-116.23193277713509,
13027,1sqa,27,0,13,0.2783203125,1,-620811.7518445362,-584134.360216658,-36679.28358220136,43.62950316292381,
13028,1sqa,28,0,13,0.2783203125,1,-620815.502870397,-584134.360216658,-36679.303962991595,-42.40121592541189,
13029,1sqa,29,0,13,0.2783203125,1,-620818.0400721988,-584134.360216658,-36679.32045870417,-100.53007926516896,
13030,1sqa,30,0,13,0.2783203125,1,-620819.613717852,-584134.360216658,-36679.434970132555,-134.17851384785013,
13031,1sqa,31,0,13,0.2783203125,1,-620816.9213771409,-584134.360216658,-36679.28872089072,-75.4642497390236,
13032,1sqa,32,0,13,0.2783203125,1,-620818.3965011804,-584134.360216658,-36679.30301665087,-109.15175014626047,
13033,1sqa,33,0,13,0.2783203125,1,-620805.7316022386,-584134.360216658,-36679.427107616546,185.76936331947545,
13034,1sqa,34,0,13,0.2783203125,1,-620793.5929096545,-584134.360216658,-36679.42071714692,465.5468965262528,
13035,1sqa,35,0,13,0.2783203125,1,-620817.720715217,-584134.360216658,-36679.397393215986,-91.39138031949436,
13036,1sqa,36,0,13,0.2783203125,1,-620813.0724840875,-584134.360216658,-36679.3550976108,14.824016141309276,
13037,1sqa,37,0,13,0.2783203125,1,-620817.464477877,-584134.360216658,-36679.40599126843,-85.28413108645141,
13038,1sqa,38,0,13,0.2783203125,1,-620781.194445762,-584134.360216658,-36679.327627481995,749.3155674753775,
13039,1sqa,39,0,13,0.2783203125,1,-620816.1967160363,-584134.360216658,-36679.3141143296,-58.16758106316249,
13040,1sqa,40,0,13,0.2783203125,1,-620798.7924457332,-584134.360216658,-36679.31635120688,343.2360103336209,
13041,1sqa,41,0,13,0.2783203125,1,-620786.4222520121,-584134.360216658,-36679.285380867506,627.7852613216704,
13042,1sqa,42,0,13,0.2783203125,1,-620819.3219432891,-584134.360216658,-36679.32526878747,-129.97980569954674,
13043,1sqa,43,0,13,0.2783203125,1,-620813.4634008172,-584134.360216658,-36679.326351104115,5.146352005972253,
13044,1sqa,44,0,13,0.2783203125,1,-620808.3155330584,-584134.360216658,-36679.304330632236,123.35119854018868,
13045,1sqa,45,0,13,0.2783203125,1,-620813.7415442696,-584134.360216658,-36679.345668661794,-0.8223149182205755,
13046,1sqa,46,0,13,0.2783203125,1,-620814.179638672,-584134.360216658,-36679.33487721846,-11.17386843491598,
13047,1sqa,47,0,13,0.2783203125,1,-620794.4406559209,-584134.360216658,-36679.30158238855,443.2500904080806,
13048,1sqa,48,0,13,0.2783203125,1,-620810.2117070915,-584134.360216658,-36679.26582288669,78.73637684509383,
13049,1sqa,49,0,13,0.2783203125,1,-620815.1343739689,-584134.360216658,-36679.41744160735,-31.286607375451233,
13050,1sqa,50,0,13,0.2783203125,1,-620818.1688749872,-584134.360216658,-36679.28168706006,-104.39443747960385,
13051,1sqa,51,0,13,0.2783203125,1,-620798.1794854249,-584134.360216658,-36679.44306056707,360.29319810332237,
13052,1sqa,52,0,13,0.2783203125,1,-620807.2697445649,-584134.360216658,-36679.3406014572,148.3040792086381,
13053,1sqa,53,0,13,0.2783203125,1,-620816.6564090928,-584134.360216658,-36679.29340052228,-69.24602652524892,
13054,1sqa,54,0,13,0.2783203125,1,-620798.2276219871,-584134.360216658,-36679.333553164695,356.6578419174223,
13055,1sqa,55,0,13,0.2783203125,1,-620797.8390928386,-584134.360216658,-36679.318358315264,365.26713537871126,
13056,1sqa,56,0,13,0.2783203125,1,-620794.691476552,-584134.360216658,-36679.31490196833,437.77318605293783,
13057,1sqa,57,0,13,0.2783203125,1,-620802.927347986,-584134.360216658,-36679.320489293445,247.97832570081223,
13058,1sqa,58,0,13,0.2783203125,1,-620816.6147201724,-584134.360216658,-36679.43360081548,-65.05156161364724,
13059,1sqa,59,0,13,0.2783203125,1,-620802.8630836415,-584134.360216658,-36679.431466226546,252.01948556523533,
13060,1sqa,60,0,13,0.2783203125,1,-620817.2490901973,-584134.360216658,-36679.26791692039,-83.50124330255072,
13061,1sqa,61,0,13,0.2783203125,1,-620812.5139353265,-584134.360216658,-36679.326102801926,27.03582038468763,
13062,1sqa,62,0,13,0.2783203125,1,-620796.9397640097,-584134.360216658,-36679.4089969929,388.09632841401157,
13063,1sqa,63,0,13,0.2783203125,1,-620812.6025225488,-584134.360216658,-36679.3600972454,25.776880998031007,
13064,1sqa,64,0,13,0.2783203125,1,-620810.2546581199,-584134.360216658,-36679.331999461065,79.27197066051643,
13065,1sqa,65,0,13,0.2783203125,1,-620783.9887725664,-584134.360216658,-36679.43324932077,687.3125580117281,
13066,1sqa,66,0,13,0.2783203125,1,-620798.7368776817,-584134.360216658,-36679.340665520765,345.07814144201166,
13067,1sqa,67,0,13,0.2783203125,1,-620782.4037021388,-584134.360216658,-36679.43798491054,723.9743557172283,
13068,1sqa,68,0,13,0.2783203125,1,-620783.1891694843,-584134.360216658,-36679.430388876914,705.6858797301884,
13069,1sqa,69,0,13,0.2783203125,1,-620794.0752821132,-584134.360216658,-36679.31813667552,452.0575615037465,
13070,1sqa,70,0,13,0.2783203125,1,-620804.3802278102,-584134.360216658,-36679.41795560409,216.72174754100942,
13071,1sqa,71,0,13,0.2783203125,1,-620801.10143038,-584134.360216658,-36679.43193226004,292.6549218505679,
13072,1sqa,72,0,13,0.2783203125,1,-620808.7571475942,-584134.360216658,-36679.4326984166,116.12755684421269,
13073,1sqa,73,0,13,0.2783203125,1,-620792.095977915,-584134.360216658,-36679.33824700624,498.1651558805574,
13074,1sqa,74,0,13,0.2783203125,1,-620816.6897282114,-584134.360216658,-36679.30662939732,-69.70931854663804,
13075,1sqa,75,0,13,0.2783203125,1,-620801.7930993837,-584134.360216658,-36679.44008868287,276.89274728687377,
13076,1sqa,76,0,13,0.2783203125,1,-620806.7401434392,-584134.360216658,-36679.29849220309,159.5459088314108,
13077,1sqa,77,0,13,0.2783203125,1,-620801.8917409747,-584134.360216658,-36679.44042032955,274.62566611285683,
13078,1sqa,78,0,13,0.2783203125,1,-620790.4970880675,-584134.360216658,-36679.30431004645,534.2538268006205,
13079,1sqa,79,0,13,0.2783203125,1,-620796.7551383255,-584134.360216658,-36679.30783136935,390.02096313383134,
13080,1sqa,80,0,13,0.2783203125,1,-620815.158806357,-584134.360216658,-36679.324882106914,-33.984504414967546,
13081,1sqa,81,0,13,0.2783203125,1,-620817.5450248162,-584134.360216658,-36677.34573077727,-134.6523232296141,
13082,1sqa,82,0,13,0.2783203125,1,-620743.4827848105,-584134.360216658,-36677.10569361164,1567.7281163254902,
13083,1sqa,83,0,13,0.2783203125,1,-620816.0861067353,-584134.360216658,-36677.15692731872,-105.36278423058837,
13084,1sqa,84,0,13,0.2783203125,1,-620815.4163393029,-584134.360216658,-36677.17286700923,-89.55000232543733,
13085,1sqa,85,0,13,0.2783203125,1,-620817.4704950885,-584134.360216658,-36677.09174240264,-138.79073794100307,
13086,1sqa,86,0,13,0.2783203125,1,-620808.3856637963,-584134.360216658,-36676.86274478901,65.42963818270177,
13087,1sqa,87,0,13,0.2783203125,1,-620810.5310361296,-584134.360216658,-36676.95588999902,18.10415644826077,
13088,1sqa,88,0,13,0.2783203125,1,-620803.1390396091,-584134.360216658,-36677.26055178807,195.5933135305421,
13089,1sqa,89,0,13,0.2783203125,1,-620816.0116148558,-584134.360216658,-36677.26170663577,-101.22869222932187,
13090,1sqa,90,0,13,0.2783203125,1,-620817.4958130388,-584134.360216658,-36677.14662167183,-138.10903773255131,
13091,1sqa,91,0,13,0.2783203125,1,-620807.7453446203,-584134.360216658,-36677.24842541066,89.08975559103452,
13092,1sqa,92,0,13,0.2783203125,1,-620817.2702547703,-584134.360216658,-36677.22517432838,-131.0960732000035,
13093,1sqa,93,0,13,0.2783203125,1,-620816.8139717317,-584134.360216658,-36677.115652479304,-123.09957020316358,
13094,1sqa,94,0,13,0.2783203125,1,-620815.9572942687,-584134.360216658,-36676.9855620313,-106.34407558963333,
13095,1sqa,95,0,13,0.2783203125,1,-620816.5861272233,-584134.360216658,-36677.08522374721,-118.54705425187169,
13096,1sqa,96,0,13,0.2783203125,1,-620816.003400787,-584134.360216658,-36676.92834226154,-108.72683639909243,
13097,1sqa,97,0,13,0.2783203125,1,-620817.6807213116,-584134.360216658,-36676.85045838694,-149.2028113989377,
13098,1sqa,98,0,13,0.2783203125,1,-620819.1347480862,-584134.360216658,-36677.05574337672,-177.99948105647283,
13099,1sqa,99,0,13,0.2783203125,1,-620816.5716668327,-584134.360216658,-36678.16813120594,-93.24115047322688,
13100,1sqa,100,0,13,0.2783203125,1,-620819.2394106224,-584134.360216658,-36678.493505902305,-147.25746498769334,
14001,3kgp,1,0,14,0.2783203125,0,-598154.5859279593,-584134.360216658,-14015.990508191275,-97.66610389154644,
14002,3kgp,2,0,14,0.2783203125,0,-598154.1122475239,-584134.360216658,-14016.074241049224,-84.81184797776129,
14003,3kgp,3,0,14,0.2783203125,0,-598154.9199286603,-584134.360216658,-14017.83312825068,-62.87651501810073,
14004,3kgp,4,0,14,0.2783203125,0,-598155.3585690283,-584134.360216658,-14017.830405249882,-73.054596096213,
14005,3kgp,5,0,14,0.2783203125,0,-598154.4306226937,-584134.360216658,-14017.832750950429,-51.601552123545396,
14006,3kgp,6,0,14,0.2783203125,0,-598155.4299104234,-584134.360216658,-14017.830017480523,-74.70870992244828,
14007,3kgp,7,0,14,0.2783203125,0,-598154.5965656016,-584134.360216658,-14017.834254852634,-55.39360567993883,
14008,3kgp,8,0,14,0.2783203125,0,-598154.4741892722,-584134.360216658,-14017.833302030214,-52.59351308719677,
14009,3kgp,9,0,14,0.2783203125,0,-598154.6764363667,-584134.360216658,-14017.8319838271,-57.28784037169603,
14010,3kgp,10,0,14,0.2783203125,0,-598155.5469395474,-584134.360216658,-14017.832201311725,-77.35710529142283,
14011,3kgp,11,0,14,0.2783203125,0,-598155.1136737135,-584134.360216658,-14017.8338454102,-67.32784399428866,
14012,3kgp,12,0,14,0.2783203125,0,-598156.1233277911,-584134.360216658,-14017.832547785447,-90.6409440804878,
14013,3kgp,13,0,14,0.2783203125,0,-598153.9857929301,-584134.360216658,-14017.833815113116,-41.31899390875414,
14014,3kgp,14,0,14,0.2783203125,0,-598153.7313350427,-584134.360216658,-14017.831397568905,-35.50680551988011,
14015,3kgp,15,0,14,0.2783203125,0,-598154.4559210389,-584134.360216658,-14017.834931311727,-52.134665495576094,
14016,3kgp,16,0,14,0.2783203125,0,-598154.5744895922,-584134.360216658,-14017.83008151635,-54.98076022973365,
14017,3kgp,17,0,14,0.2783203125,0,-598154.2651088468,-584134.360216658,-14017.831866453853,-47.80510911591664,
14018,3kgp,18,0,14,0.2783203125,0,-598155.8715898992,-584134.360216658,-14017.832847511792,-84.82881852914882,
14019,3kgp,19,0,14,0.2783203125,0,-598154.9124261863,-584134.360216658,-14017.834849172688,-62.663818453137665,
14020,3kgp,20,0,14,0.2783203125,0,-598154.3012576257,-584134.360216658,-14017.829980090648,-48.68222032878075,
14021,3kgp,21,0,14,0.2783203125,0,-598155.3482895615,-584134.360216658,-14017.831727114903,-72.7870630274062,
14022,3kgp,22,0,14,0.2783203125,0,-598155.0330178469,-584134.360216658,-14017.831915979426,-65.51236925417358,
14023,3kgp,23,0,14,0.2783203125,0,-598155.2427261996,-584134.360216658,-14017.831619007837,-70.35520707940188,
14024,3kgp,24,0,14,0.2783203125,0,-598145.1709082813,-584134.360216658,-14017.833441121351,161.94845070072662,
14025,3kgp,25,0,14,0.2783203125,0,-598154.7959927276,-584134.360216658,-14017.83334610244,-60.01346073455431,
14026,3kgp,26,0,14,0.2783203125,0,-598155.4603368968,-584134.360216658,-14017.832085804816,-75.36266437800954,
14027,3kgp,27,0,14,0.2783203125,0,-598154.5352191596,-584134.360216658,-14017.830258898299,-54.07107201398149,
14028,3kgp,28,0,14,0.2783203125,0,-598153.9715159489,-584134.360216658,-14017.83640692795,-40.9299902300855,
14029,3kgp,29,0,14,0.2783203125,0,-598154.8028470329,-584134.360216658,-14017.829933458352,-60.25022221144775,
14030,3kgp,30,0,14,0.2783203125,0,-598154.2607197954,-584134.360216658,-14017.828831403182,-47.77388511586532,
14031,3kgp,31,0,14,0.2783203125,0,-598153.3929273561,-584134.360216658,-14017.82910976175,-27.755696961322407,
14032,3kgp,32,0,14,0.2783203125,0,-598156.3755943876,-584134.360216658,-14017.830983479063,-96.49442375817581,
14033,3kgp,33,0,14,0.2783203125,0,-598154.7602033828,-584134.360216658,-14017.83257831255,-59.20584449224701,
14034,3kgp,34,0,14,0.2783203125,0,-598154.7670146453,-584134.360216658,-14017.83172680788,-59.38255210007152,
14035,3kgp,35,0,14,0.2783203125,0,-598155.2785657636,-584134.360216658,-14017.833561880589,-71.13688335039413,
14036,3kgp,36,0,14,0.2783203125,0,-598155.2857737681,-584134.360216658,-14017.833956982622,-71.29399261306763,
14037,3kgp,37,0,14,0.2783203125,0,-598155.0298220338,-584134.360216658,-14017.833946952507,-65.39183670278659,
14038,3kgp,38,0,14,0.2783203125,0,-598154.2527890847,-584134.360216658,-14017.833330120611,-47.487255694459954,
14039,3kgp,39,0,14,0.2783203125,0,-598155.1311931597,-584134.360216658,-14017.833308365929,-67.74423655658059,
14040,3kgp,40,0,14,0.2783203125,0,-598154.2887374203,-584134.360216658,-14017.83047712173,-48.38203572551238,
14041,3kgp,41,0,14,0.2783203125,0,-598154.4026185037,-584134.360216658,-14017.830971631036,-50.99679223895258,
14042,3kgp,42,0,14,0.2783203125,0,-598156.239542607,-584134.360216658,-14017.83377859566,-93.29253824286222,
14043,3kgp,43,0,14,0.2783203125,0,-598155.1769222881,-584134.360216658,-14017.834809635811,-68.76415520362885,
14044,3kgp,44,0,14,0.2783203125,0,-598155.9964270486,-584134.360216658,-14017.831303336508,-87.74324111192556,
14045,3kgp,45,0,14,0.2783203125,0,-598155.4735317299,-584134.360216658,-14017.831978244174,-75.66942486439137,
14046,3kgp,46,0,14,0.2783203125,0,-598156.3365504246,-584134.360216658,-14017.834599654168,-95.51065760128728,
14047,3kgp,47,0,14,0.2783203125,0,-598158.4161058665,-584134.360216658,-14017.83121018718,-143.54450830298043,
14048,3kgp,48,0,14,0.2783203125,0,-598148.7806136573,-584134.360216658,-14017.829564626207,78.61727312196898,
14049,3kgp,49,0,14,0.2783203125,0,-598155.5787728665,-584134.360216658,-14017.833710801578,-78.05638940639534,
14050,3kgp,50,0,14,0.2783203125,0,-598156.3980627157,-584134.360216658,-14017.830737636334,-97.01822497896012,
14051,3kgp,51,0,14,0.2783203125,0,-598155.3444216034,-584134.360216658,-14017.829411752766,-72.75125931416122,
14052,3kgp,52,0,14,0.2783203125,0,-598154.8580317033,-584134.360216658,-14017.833332284206,-61.44443215595146,
14053,3kgp,53,0,14,0.2783203125,0,-598150.8033438921,-584134.360216658,-14017.833357785204,32.05947811893812,
14054,3kgp,54,0,14,0.2783203125,0,-598154.684514111,-584134.360216658,-14017.830002850345,-57.51979998918528,
14055,3kgp,55,0,14,0.2783203125,0,-598155.3075456102,-584134.360216658,-14017.831985102199,-71.84153586310356,
14056,3kgp,56,0,14,0.2783203125,0,-598154.1933457255,-584134.360216658,-14017.832244381818,-46.141496999017185,
14057,3kgp,57,0,14,0.2783203125,0,-598153.253690067,-584134.360216658,-14017.83467623889,-24.41644278424007,
14058,3kgp,58,0,14,0.2783203125,0,-598155.8369582788,-584134.360216658,-14017.833745677492,-84.00948219753214,
14059,3kgp,59,0,14,0.2783203125,0,-598156.1042348846,-584134.360216658,-14017.832021494829,-90.21278774690309,
14060,3kgp,60,0,14,0.2783203125,0,-598155.8369832479,-584134.360216658,-14017.833347275557,-84.01924536570587,
14061,3kgp,61,0,14,0.2783203125,0,-598131.9170711957,-584134.360216658,-14017.829875378984,467.50696678183937,
14062,3kgp,62,0,14,0.2783203125,0,-598156.0303203423,-584134.360216658,-14017.831878770043,-88.51156921991569,
14063,3kgp,63,0,14,0.2783203125,0,-598154.8765262716,-584134.360216658,-14017.83160162997,-61.91083686761335,
14064,3kgp,64,0,14,0.2783203125,0,-598156.8722058088,-584134.360216658,-14017.832703036349,-107.90690125495253,
14065,3kgp,65,0,14,0.2783203125,0,-598155.8731605893,-584134.360216658,-14017.833089761169,-84.8594530993997,
14066,3kgp,66,0,14,0.2783203125,0,-598155.9451441943,-584134.360216658,-14017.829139763095,-86.61052358598711,
14067,3kgp,67,0,14,0.2783203125,0,-598153.2661967949,-584134.360216658,-14017.831825175259,-24.770601871434895,
14068,3kgp,68,0,14,0.2783203125,0,-598136.3795058555,-584134.360216658,-14017.832666995471,364.66515507338227,
14069,3kgp,69,0,14,0.2783203125,0,-598156.4430900529,-584134.360216658,-14017.828490414457,-98.10840221133861,
14070,3kgp,70,0,14,0.2783203125,0,-598140.592131843,-584134.360216658,-14017.83458558155,267.56393564265124,
14071,3kgp,71,0,14,0.2783203125,0,-598154.34508572,-584134.360216658,-14017.826772482651,-49.7668893904632,
14072,3kgp,72,0,14,0.2783203125,0,-598155.5050395742,-584134.360216658,-14017.830625972148,-76.42719714951701,
14073,3kgp,73,0,14,0.2783203125,0,-598138.9849270392,-584134.360216658,-14017.832206782372,304.5721024804811,
14074,3kgp,74,0,14,0.2783203125,0,-598155.7996554748,-584134.360216658,-14017.830886006232,-83.21520468877536,
14075,3kgp,75,0,14,0.2783203125,0,-598152.1095821122,-584134.360216658,-14017.834997314334,1.9747176066668592,
14076,3kgp,76,0,14,0.2783203125,0,-598153.2113285256,-584134.360216658,-14017.833435433406,-23.46817608640673,
14077,3kgp,77,0,14,0.2783203125,0,-598157.0810691405,-584134.360216658,-14017.831685047142,-112.74687949456091,
14078,3kgp,78,0,14,0.2783203125,0,-598153.7522690967,-584134.360216658,-14017.832471412745,-35.964792844586086,
14079,3kgp,79,0,14,0.2783203125,0,-598122.2135559539,-584134.360216658,-14017.833799431994,691.3658349511834,
14080,3kgp,80,0,14,0.2783203125,0,-598156.2313172657,-584134.360216658,-14017.82971209388,-93.19663312452641,
14081,3kgp,81,0,14,0.2783203125,0,-598145.9652520351,-584134.360216658,-14017.833547299644,143.63289710377205,
14082,3kgp,82,0,14,0.2783203125,0,-598155.9917408198,-584134.360216658,-14017.828657076512,-87.69619831341862,
14083,3kgp,83,0,14,0.2783203125,0,-598156.36485197,-584134.360216658,-14017.833370509159,-96.19165150037674,
14084,3kgp,84,0,14,0.2783203125,0,-598150.5083567622,-584134.360216658,-14017.83379441906,38.87211195247342,
14085,3kgp,85,0,14,0.2783203125,0,-598146.58563076,-584134.360216658,-14017.831386311775,129.27679028141895,
14086,3kgp,86,0,14,0.2783203125,0,-598156.4989003886,-584134.360216658,-14017.831395125768,-99.32843489247311,
14087,3kgp,87,0,14,0.2783203125,0,-598152.3956400255,-584134.360216658,-14017.829144184643,-4.75691096312489,
14088,3kgp,88,0,14,0.2783203125,0,-598153.0390390264,-584134.360216658,-14017.83418888352,-19.477710877029132,
14089,3kgp,89,0,14,0.2783203125,0,-598156.7840280131,-584134.360216658,-14017.095462593616,-122.87464147335449,
14090,3kgp,90,0,14,0.2783203125,0,-598153.8058140238,-584134.360216658,-14017.182576121546,-52.186509645929824,
14091,3kgp,91,0,14,0.2783203125,0,-598154.668200838,-584134.360216658,-14017.132816457999,-73.22110712459238,
14092,3kgp,92,0,14,0.2783203125,0,-598155.929082907,-584134.360216658,-14016.954987700012,-106.39856696493523,
14093,3kgp,93,0,14,0.2783203125,0,-598155.6673506337,-584134.360216658,-14017.107625536872,-96.84296521803476,
14094,3kgp,94,0,14,0.2783203125,0,-598154.7318473288,-584134.360216658,-14017.120506576675,-74.97270267703973,
14095,3kgp,95,0,14,0.2783203125,0,-598155.2233404166,-584134.360216658,-14017.164003182635,-85.30374697278599,
14096,3kgp,96,0,14,0.2783203125,0,-598153.5500253086,-584134.360216658,-14016.03093054227,-72.84545970916437,
14097,3kgp,97,0,14,0.2783203125,0,-598155.2032432442,-584134.360216658,-14017.174219334902,-84.6047051004864,
14098,3kgp,98,0,14,0.2783203125,0,-598155.5566896886,-584134.360216658,-14017.048193948678,-95.6615881835614,
14099,3kgp,99,0,14,0.2783203125,0,-598155.306244171,-584134.360216658,-14017.022282934377,-90.48369953073971,
14100,3kgp,100,0,14,0.2783203125,0,-598154.1228564722,-584134.360216658,-14016.058771355696,-85.4132357450251,
15001,1owh,1,0,15,0.2783203125,1,-612138.1844219804,-584134.360216658,-28016.390583284032,289.78756004129644,
15002,1owh,2,0,15,0.2783203125,1,-612140.7641844937,-584134.360216658,-28016.420623824077,230.9895745226434,
15003,1owh,3,0,15,0.2783203125,1,-612110.5341101423,-584134.360216658,-28016.412936889534,927.9343851050473,
15004,1owh,4,0,15,0.2783203125,1,-612104.9067435733,-584134.360216658,-28016.429050211857,1058.0761230702544,
15005,1owh,5,0,15,0.2783203125,1,-612116.9283255237,-584134.360216658,-28016.43327994951,780.9493975689398,
15006,1owh,6,0,15,0.2783203125,1,-612146.7117886156,-584134.360216658,-28016.423110549687,93.89191044748684,
15007,1owh,7,0,15,0.2783203125,1,-612144.6427770958,-584134.360216658,-28016.417818757705,141.4824179393516,
15008,1owh,8,0,15,0.2783203125,1,-612141.3751017187,-584134.360216658,-28016.41187106224,216.69964515163488,
15009,1owh,9,0,15,0.2783203125,1,-612154.2379937769,-584134.360216658,-28016.378335297264,-80.69904550909388,
15010,1owh,10,0,15,0.2783203125,1,-612112.7280580961,-584134.360216658,-28016.395736112536,876.9440840362431,
15011,1owh,11,0,15,0.2783203125,1,-612151.9999793775,-584134.360216658,-28016.4137399796,-28.27275603510359,
15012,1owh,12,0,15,0.2783203125,1,-612142.404455516,-584134.360216658,-28016.41463202636,193.0258520191166,
15013,1owh,13,0,15,0.2783203125,1,-612126.8781012428,-584134.360216658,-28016.410051922794,550.9664676739912,
15014,1owh,14,0,15,0.2783203125,1,-612139.7025273171,-584134.360216658,-28016.391448987193,254.7991829016167,
15015,1owh,15,0,15,0.2783203125,1,-612153.3418629352,-584134.360216658,-28016.40916486834,-59.3228305734186,
15016,1owh,16,0,15,0.2783203125,1,-612150.4791649305,-584134.360216658,-28016.384448158216,6.122572812530259,
15017,1owh,17,0,15,0.2783203125,1,-612152.3465413798,-584134.360216658,-28016.394876518123,-36.69966742155737,
15018,1owh,18,0,15,0.2783203125,1,-612151.6243074811,-584134.360216658,-28016.413408151682,-19.617208433508317,
15019,1owh,19,0,15,0.2783203125,1,-612152.0845650433,-584134.360216658,-28016.397315507034,-30.602105163262646,
15020,1owh,20,0,15,0.2783203125,1,-612154.6389298886,-584134.360216658,-28016.398805058896,-89.47280797258381,
15021,1owh,21,0,15,0.2783203125,1,-612150.0812008971,-584134.360216658,-28016.41157740621,15.925456760881689,
15022,1owh,22,0,15,0.2783203125,1,-612155.7683147702,-584134.360216658,-28016.397593419133,-115.54498313023518,
15023,1owh,23,0,15,0.2783203125,1,-612154.5064441324,-584134.360216658,-28016.412996757063,-86.09034552083881,
15024,1owh,24,0,15,0.2783203125,1,-612157.6425081457,-584134.360216658,-28016.394612938653,-158.83364062162897,
15025,1owh,25,0,15,0.2783203125,1,-612147.0135186047,-584134.360216658,-28016.42122315944,86.89032734832179,
15026,1owh,26,0,15,0.2783203125,1,-612132.2704274831,-584134.360216658,-28016.418404168628,426.80907785552586,
15027,1owh,27,0,15,0.2783203125,1,-612155.1517162055,-584134.360216658,-28016.367461210102,-102.02074768506749,
15028,1owh,28,0,15,0.2783203125,1,-612150.638707106,-584134.360216658,-28016.39825123541,2.761749365778564,
15029,1owh,29,0,15,0.2783203125,1,-612158.5296452645,-584134.360216658,-28016.413787535756,-178.8493318694218,
15030,1owh,30,0,15,0.2783203125,1,-612153.4232063043,-584134.360216658,-28016.36834195026,-62.14005208204109,
15031,1owh,31,0,15,0.2783203125,1,-612154.7468070432,-584134.360216658,-28016.39480145839,-92.05283947704395,
15032,1owh,32,0,15,0.2783203125,1,-612151.5426328739,-584134.360216658,-28016.409830593173,-17.816247705874027,
15033,1owh,33,0,15,0.2783203125,1,-612154.14454835,-584134.360216658,-28016.381506452442,-78.4710141968267,
15034,1owh,34,0,15,0.2783203125,1,-612151.1519019094,-584134.360216658,-28016.429081799015,-8.361834257334191,
15035,1owh,35,0,15,0.2783203125,1,-612153.9470470666,-584134.360216658,-28016.365457398155,-74.28662638905708,
15036,1owh,36,0,15,0.2783203125,1,-612154.5137931448,-584134.360216658,-28016.3832652291,-86.94544309594032,
15037,1owh,37,0,15,0.2783203125,1,-612150.2108451278,-584134.360216658,-28016.368265279514,11.936988408430093,
15038,1owh,38,0,15,0.2783203125,1,-612154.0089733632,-584134.360216658,-28016.37093145569,-75.58844594728104,
15039,1owh,39,0,15,0.2783203125,1,-612150.5737133013,-584134.360216658,-28016.4080380341,4.486231046397425,
15040,1owh,40,0,15,0.2783203125,1,-612152.2494236702,-584134.360216658,-28016.41522508906,-33.99083064129489,
15041,1owh,41,0,15,0.2783203125,1,-612153.0624533286,-584134.360216658,-28016.411876897855,-52.81695108989623,
15042,1owh,42,0,15,0.2783203125,1,-612154.300965289,-584134.360216658,-28016.410904161734,-81.40014721868368,
15043,1owh,43,0,15,0.2783203125,1,-612154.927944541,-584134.360216658,-28016.421802115325,-95.60731946760637,
15044,1owh,44,0,15,0.2783203125,1,-612155.7866900602,-584134.360216658,-28016.370113603396,-116.60242698880074,
15045,1owh,45,0,15,0.2783203125,1,-612154.1590285487,-584134.360216658,-28016.412705057668,-78.08547858426284,
15046,1owh,46,0,15,0.2783203125,1,-612155.0900755154,-584134.360216658,-28016.41398581949,-99.52639662305019,
15047,1owh,47,0,15,0.2783203125,1,-612153.4018262923,-584134.360216658,-28016.396053128454,-61.0079823415805,
15048,1owh,48,0,15,0.2783203125,1,-612153.9184509104,-584134.360216658,-28016.435138580804,-72.02029711408852,
15049,1owh,49,0,15,0.2783203125,1,-612150.6689842424,-584134.360216658,-28016.407070909532,2.266928531457691,
15050,1owh,50,0,15,0.2783203125,1,-612151.7256785568,-584134.360216658,-28016.384484156606,-22.621884145817123,
15051,1owh,51,0,15,0.2783203125,1,-612153.6667029087,-584134.360216658,-28016.4131552677,-66.72179752368054,
15052,1owh,52,0,15,0.2783203125,1,-612151.6736824502,-584134.360216658,-28016.417680118717,-20.657308369805396,
15053,1owh,53,0,15,0.2783203125,1,-612155.6520267207,-584134.360216658,-28016.383531316013,-113.18759680431829,
15054,1owh,54,0,15,0.2783203125,1,-612133.9914867969,-584134.360216658,-28016.414637699334,387.03365038633774,
15055,1owh,55,0,15,0.2783203125,1,-612143.2659987452,-584134.360216658,-28016.41379456539,173.13888086523664,
15056,1owh,56,0,15,0.2783203125,1,-612138.8914275906,-584134.360216658,-28016.422967811446,274.23042829362146,
15057,1owh,57,0,15,0.2783203125,1,-612153.5720697525,-584134.360216658,-28016.411354590462,-64.58102970230024,
15058,1owh,58,0,15,0.2783203125,1,-612151.5424691893,-584134.360216658,-28016.36376906682,-18.874677080999017,
15059,1owh,59,0,15,0.2783203125,1,-612123.5035062624,-584134.360216658,-28016.416816151977,628.9424634587491,
15060,1owh,60,0,15,0.2783203125,1,-612143.8351224142,-584134.360216658,-28016.383733041952,159.3213420768963,
15061,1owh,61,0,15,0.2783203125,1,-612151.5718022801,-584134.360216658,-28016.395029708307,-18.830226707894514,
15062,1owh,62,0,15,0.2783203125,1,-612141.208749327,-584134.360216658,-28016.37071903641,219.58683417744535,
15063,1owh,63,0,15,0.2783203125,1,-612153.5422928939,-584134.360216658,-28016.377801949555,-64.6681013100653,
15064,1owh,64,0,15,0.2783203125,1,-612134.8265758961,-584134.360216658,-28016.39316756752,367.2809252687485,
15065,1owh,65,0,15,0.2783203125,1,-612147.0074320514,-584134.360216658,-28016.396218853417,86.45407360752523,
15066,1owh,66,0,15,0.2783203125,1,-612152.7582843336,-584134.360216658,-28016.41007485333,-45.84420356595231,
15067,1owh,67,0,15,0.2783203125,1,-612126.1821984539,-584134.360216658,-28016.423294200344,567.3197413975882,
15068,1owh,68,0,15,0.2783203125,1,-612137.2058541129,-584134.360216658,-28016.395264002796,312.46181109515754,
15069,1owh,69,0,15,0.2783203125,1,-612142.9590336349,-584134.360216658,-28016.41100702582,180.15338228543544,
15070,1owh,70,0,15,0.2783203125,1,-612153.9690051842,-584134.360216658,-28016.416904611175,-73.6065916937869,
15071,1owh,71,0,15,0.2783203125,1,-612152.8393209071,-584134.360216658,-28016.38399329226,-48.31440643195302,
15072,1owh,72,0,15,0.2783203125,1,-612151.551456954,-584134.360216658,-28016.40815119883,-18.058463580945485,
15073,1owh,73,0,15,0.2783203125,1,-612118.623015041,-584134.360216658,-28016.395215289518,740.9911369857574,
15074,1owh,74,0,15,0.2783203125,1,-612137.5013388285,-584134.360216658,-28016.398718435972,305.72743279915977,
15075,1owh,75,0,15,0.2783203125,1,-612154.4028745645,-584134.360216658,-28015.353564801528,-108.13305583033481,
15076,1owh,76,0,15,0.2783203125,1,-612153.957746211,-584134.360216658,-28014.935552181345,-107.50775216416116,
15077,1owh,77,0,15,0.2783203125,1,-612154.1761434651,-584134.360216658,-28015.231179529223,-105.72678389319967,
15078,1owh,78,0,15,0.2783203125,1,-612152.8735297705,-584134.360216658,-28014.94531224599,-82.28005464296412,
15079,1owh,79,0,15,0.2783203125,1,-612154.2732035551,-584134.360216658,-28014.890675439903,-115.81725358045205,
15080,1owh,80,0,15,0.2783203125,1,-612153.3724605119,-584134.360216658,-28014.947640037513,-93.73199071988502,
15081,1owh,81,0,15,0.2783203125,1,-612153.6767470766,-584134.360216658,-28014.9825300443,-99.94442292903823,
15082,1owh,82,0,15,0.2783203125,1,-612152.5478744872,-584134.360216658,-28015.314532941484,-66.25583389785149,
15083,1owh,83,0,15,0.2783203125,1,-612154.0273827917,-584134.360216658,-28015.311623896985,-100.44119007943954,
15084,1owh,84,0,15,0.2783203125,1,-612153.2243730118,-584134.360216658,-28014.88137955519,-91.845014864616,
15085,1owh,85,0,15,0.2783203125,1,-612153.5869625347,-584134.360216658,-28014.62232637579,-106.18043613336607,
15086,1owh,86,0,15,0.2783203125,1,-612152.7813453774,-584134.360216658,-28015.29721005058,-72.03927588275302,
15087,1owh,87,0,15,0.2783203125,1,-612152.920458349,-584134.360216658,-28015.143707864434,-78.78714172406065,
15088,1owh,88,0,15,0.2783203125,1,-612152.354988485,-584134.360216658,-28015.061437757693,-67.6442906087207,
15089,1owh,89,0,15,0.2783203125,1,-612152.6017286694,-584134.360216658,-28015.297691512023,-67.8861134303388,
15090,1owh,90,0,15,0.2783203125,1,-612152.670408272,-584134.360216658,-28014.761717616544,-81.82975434337796,
15091,1owh,91,0,15,0.2783203125,1,-612154.4994537163,-584134.360216658,-28014.796174957297,-123.21393914327858,
15092,1owh,92,0,15,0.2783203125,1,-612153.9547523954,-584134.360216658,-28014.968921290387,-106.66920320169275,
15093,1owh,93,0,15,0.2783203125,1,-612152.3675249205,-584134.360216658,-28015.093888599946,-67.18505347938347,
15094,1owh,94,0,15,0.2783203125,1,-612155.0903437036,-584134.360216658,-28014.7914157305,-136.9499363353319,
15095,1owh,95,0,15,0.2783203125,1,-612154.5450741529,-584134.360216658,-28014.78771798389,-124.46099384206971,
15096,1owh,96,0,15,0.2783203125,1,-612154.5206751815,-584134.360216658,-28015.148213361943,-115.58511928796622,
15097,1owh,97,0,15,0.2783203125,1,-612149.1518831133,-584134.360216658,-28015.231284886424,10.13784185737059,
15098,1owh,98,0,15,0.2783203125,1,-612154.2820316922,-584134.360216658,-28014.91745664082,-115.4032460929437,
15099,1owh,99,0,15,0.2783203125,1,-612152.9746168853,-584134.360216658,-28014.561851733713,-93.45398837274799,
15100,1owh,100,0,15,0.2783203125,1,-612154.6751456955,-584134.360216658,-28015.000409869495,-122.5557234698511,
16001,1o5b,1,0,16,0.2783203125,0,-615523.7057224637,-584134.360216658,-31380.39819321219,-206.32993001782492,
16002,1o5b,2,0,16,0.2783203125,0,-615519.8410019693,-584134.360216658,-31380.87925658391,-106.11377331230932,
16003,1o5b,3,0,16,0.2783203125,0,-615519.1202290981,-584134.360216658,-31380.70839160369,-93.43259609073321,
16004,1o5b,4,0,16,0.2783203125,0,-615518.9750016667,-584134.360216658,-31380.941680747343,-84.7037965062176,
16005,1o5b,5,0,16,0.2783203125,0,-615518.1233694557,-584134.360216658,-31380.938535855836,-65.13721409118772,
16006,1o5b,6,0,16,0.2783203125,0,-615519.3305629657,-584134.360216658,-31380.94231305273,-92.88865354031626,
16007,1o5b,7,0,16,0.2783203125,0,-615519.4082341815,-584134.360216658,-31380.944690970176,-94.62495824720473,
16008,1o5b,8,0,16,0.2783203125,0,-615520.0642426478,-584134.360216658,-31380.942009429258,-109.81471066605084,
16009,1o5b,9,0,16,0.2783203125,0,-615519.0606790604,-584134.360216658,-31380.941159624355,-86.6915815234918,
16010,1o5b,10,0,16,0.2783203125,0,-615516.6937388502,-584134.360216658,-31380.943248220425,-32.060479423846324,
16011,1o5b,11,0,16,0.2783203125,0,-615519.8037623568,-584134.360216658,-31380.94247862915,-103.79707244782051,
16012,1o5b,12,0,16,0.2783203125,0,-615519.0935304328,-584134.360216658,-31380.94139577667,-87.44370636580815,
16013,1o5b,13,0,16,0.2783203125,0,-615520.1011340877,-584134.360216658,-31380.941491906444,-110.67738183801669,
16014,1o5b,14,0,16,0.2783203125,0,-615519.049366813,-584134.360216658,-31380.933347544375,-86.61086574598934,
16015,1o5b,15,0,16,0.2783203125,0,-615516.0286353903,-584134.360216658,-31380.938298734218,-16.836967139141848,
16016,1o5b,16,0,16,0.2783203125,0,-615520.0558004174,-584134.360216658,-31380.942615843232,-109.60604396951142,
16017,1o5b,17,0,16,0.2783203125,0,-615517.3310560049,-584134.360216658,-31380.94157941552,-46.79584570775488,
16018,1o5b,18,0,16,0.2783203125,0,-615516.940429219,-584134.360216658,-31380.939309305435,-37.84012801185981,
16019,1o5b,19,0,16,0.2783203125,0,-615496.7184006176,-584134.360216658,-31380.93648640434,428.42583213823593,
16020,1o5b,20,0,16,0.2783203125,0,-615520.123302728,-584134.360216658,-31380.935733977047,-111.32138383648794,
16021,1o5b,21,0,16,0.2783203125,0,-615518.8736662755,-584134.360216658,-31380.940185361054,-82.40143129824737,
16022,1o5b,22,0,16,0.2783203125,0,-615520.0388294533,-584134.360216658,-31380.940230240747,-109.26969753925046,
16023,1o5b,23,0,16,0.2783203125,0,-615519.0021671983,-584134.360216658,-31380.940514101043,-85.35715205089018,
16024,1o5b,24,0,16,0.2783203125,0,-615519.7419370031,-584134.360216658,-31380.94447230289,-102.32537071411979,
16025,1o5b,25,0,16,0.2783203125,0,-615518.2972429385,-584134.360216658,-31380.94256782125,-69.05385252772935,
16026,1o5b,26,0,16,0.2783203125,0,-615517.9820227382,-584134.360216658,-31380.941059243916,-61.819490640369516,
16027,1o5b,27,0,16,0.2783203125,0,-615519.7582067739,-584134.360216658,-31380.940625650128,-102.78926646185886,
16028,1o5b,28,0,16,0.2783203125,0,-615519.7724919976,-584134.360216658,-31380.945176083642,-103.01375605598808,
16029,1o5b,29,0,16,0.2783203125,0,-615521.2629506035,-584134.360216658,-31380.9422837942,-137.45124580654436,
16030,1o5b,30,0,16,0.2783203125,0,-615520.1389574606,-584134.360216658,-31380.938812148706,-111.61140622135956,
16031,1o5b,31,0,16,0.2783203125,0,-615518.1970195916,-584134.360216658,-31380.942163018724,-66.75198220936043,
16032,1o5b,32,0,16,0.2783203125,0,-615519.2291531446,-584134.360216658,-31380.938150969225,-90.64606743668736,
16033,1o5b,33,0,16,0.2783203125,0,-615522.2490400258,-584134.360216658,-31380.940041661706,-160.24271289725024,
16034,1o5b,34,0,16,0.2783203125,0,-615524.3123498537,-584134.360216658,-31380.939585206495,-207.83429398097658,
16035,1o5b,35,0,16,0.2783203125,0,-615507.2876691731,-584134.360216658,-31380.940174984305,184.77776975430652,
16036,1o5b,36,0,16,0.2783203125,0,-615520.0757276148,-584134.360216658,-31380.943230895322,-110.0513926194389,
16037,1o5b,37,0,16,0.2783203125,0,-615518.7483195133,-584134.360216658,-31380.942193665127,-79.46455369996679,
16038,1o5b,38,0,16,0.2783203125,0,-615507.8866669264,-584134.360216658,-31380.940708824783,170.9768640666871,
16039,1o5b,39,0,16,0.2783203125,0,-615525.2865164331,-584134.360216658,-31380.940449837057,-230.27917012645227,
16040,1o5b,40,0,16,0.2783203125,0,-615518.9336653091,-584134.360216658,-31380.942076934916,-83.74142115229641,
16041,1o5b,41,0,16,0.2783203125,0,-615519.3350371751,-584134.360216658,-31380.939409612063,-93.05878619226336,
16042,1o5b,42,0,16,0.2783203125,0,-615516.7749487513,-584134.360216658,-31380.943641297938,-33.92415965057752,
16043,1o5b,43,0,16,0.2783203125,0,-615511.7700771947,-584134.360216658,-31380.940548166982,81.41959097334565,
16044,1o5b,44,0,16,0.2783203125,0,-615506.4899850225,-584134.360216658,-31380.94397744108,203.26048999995885,
16045,1o5b,45,0,16,0.2783203125,0,-615510.2113122654,-584134.360216658,-31380.94089203265,117.37349391286193,
16046,1o5b,46,0,16,0.2783203125,0,-615519.797875482,-584134.360216658,-31380.939710712948,-103.72514755517011,
16047,1o5b,47,0,16,0.2783203125,0,-615518.9082388842,-584134.360216658,-31380.69922770158,-88.75531022513401,
16048,1o5b,48,0,16,0.2783203125,0,-615514.7887013393,-584134.360216658,-31380.940128734026,11.798792150251382,
16049,1o5b,49,0,16,0.2783203125,0,-615518.45853293,-584134.360216658,-31380.93729105272,-72.89497326351237,
16050,1o5b,50,0,16,0.2783203125,0,-615520.4549193158,-584134.360216658,-31380.94384737514,-118.78154461387192,
16051,1o5b,51,0,16,0.2783203125,0,-615519.8225509503,-584134.360216658,-31380.940241459986,-104.28193805542392,
16052,1o5b,52,0,16,0.2783203125,0,-615519.371985862,-584134.360216658,-31380.94215754646,-93.84747428196249,
16053,1o5b,53,0,16,0.2783203125,0,-615490.2833437626,-584134.360216658,-31380.940059007884,576.9041547299886,
16054,1o5b,54,0,16,0.2783203125,0,-615520.7956578867,-584134.360216658,-31380.93836613966,-126.76556301878111,
16055,1o5b,55,0,16,0.2783203125,0,-615518.000150676,-584134.360216658,-31380.93754062577,-62.31867207913187,
16056,1o5b,56,0,16,0.2783203125,0,-615522.0683347873,-584134.360216658,-31380.93856963421,-156.10949686244564,
16057,1o5b,57,0,16,0.2783203125,0,-615506.4616636836,-584134.360216658,-31380.937956229987,203.774743162021,
16058,1o5b,58,0,16,0.2783203125,0,-615514.3025958001,-584134.360216658,-31380.939697740978,22.998713250457516,
16059,1o5b,59,0,16,0.2783203125,0,-615506.7305294254,-584134.360216658,-31380.939191597674,197.60304011909838,
16060,1o5b,60,0,16,0.2783203125,0,-615500.5780646174,-584134.360216658,-31380.94053211834,339.5131622430027,
16061,1o5b,61,0,16,0.2783203125,0,-615512.9684414418,-584134.360216658,-31380.938050411125,53.72705531613245,
16062,1o5b,62,0,16,0.2783203125,0,-615507.0449646647,-584134.360216658,-31380.939111520096,190.35014461079226,
16063,1o5b,63,0,16,0.2783203125,0,-615518.8041909392,-584134.360216658,-31380.944397594114,-80.70215557936376,
16064,1o5b,64,0,16,0.2783203125,0,-615520.0422100374,-584134.360216658,-31380.94300300323,-109.28371423789322,
16065,1o5b,65,0,16,0.2783203125,0,-615499.8266001863,-584134.360216658,-31380.937804132554,356.7794348517204,
16066,1o5b,66,0,16,0.2783203125,0,-615505.5640930453,-584134.360216658,-31380.943602356707,224.60341657398467,
16067,1o5b,67,0,16,0.2783203125,0,-615518.2100170392,-584134.360216658,-31380.33982238864,-80.94201538248791,
16068,1o5b,68,0,16,0.2783203125,0,-615518.3980619387,-584134.360216658,-31380.394606431644,-84.01508373747984,
16069,1o5b,69,0,16,0.2783203125,0,-615518.4343942193,-584134.360216658,-31380.32779172987,-86.39370965830462,
16070,1o5b,70,0,16,0.2783203125,0,-615518.753598962,-584134.360216658,-31380.374772124243,-92.67135226286048,
16071,1o5b,71,0,16,0.2783203125,0,-615521.1451659322,-584134.360216658,-31380.356896522997,-148.23441792842755,
16072,1o5b,72,0,16,0.2783203125,0,-615519.2230487387,-584134.360216658,-31380.31935422826,-104.77508833328837,
16073,1o5b,73,0,16,0.2783203125,0,-615518.7865425365,-584134.360216658,-31380.352675476766,-93.94060993388483,
16074,1o5b,74,0,16,0.2783203125,0,-615518.5160777462,-584134.360216658,-31380.3312558516,-88.19749199162621,
16075,1o5b,75,0,16,0.2783203125,0,-615518.4886317617,-584134.360216658,-31380.352325889125,-87.07868594696946,
16076,1o5b,76,0,16,0.2783203125,0,-615521.0917848074,-584134.360216658,-31380.32795192145,-147.67089831377635,
16077,1o5b,77,0,16,0.2783203125,0,-615522.3168613409,-584134.360216658,-31380.351087403884,-175.38831741154436,
16078,1o5b,78,0,16,0.2783203125,0,-615518.7186987312,-584134.360216658,-31380.32468535118,-93.02156224659727,
16079,1o5b,79,0,16,0.2783203125,0,-615522.2101296243,-584134.360216658,-31380.3579242076,-172.7693651180189,
16080,1o5b,80,0,16,0.2783203125,0,-615518.1289026557,-584134.360216658,-31380.339257820735,-79.08449250649699,
16081,1o5b,81,0,16,0.2783203125,0,-615518.3783186052,-584134.360216658,-31380.321464254142,-85.24649033473649,
16082,1o5b,82,0,16,0.2783203125,0,-615517.6770822774,-584134.360216658,-31380.380279388864,-67.71928722773521,
16083,1o5b,83,0,16,0.2783203125,0,-615518.8747933361,-584134.360216658,-31380.396087765606,-94.97461055791665,
16084,1o5b,84,0,16,0.2783203125,0,-615518.8613607608,-584134.360216658,-31380.332170467806,-96.13881591379233,
16085,1o5b,85,0,16,0.2783203125,0,-615518.1800674757,-584134.360216658,-31380.328888990767,-80.50349218420375,
16086,1o5b,86,0,16,0.2783203125,0,-615517.5617411049,-584134.360216658,-31380.328487067265,-66.25381591340849,
16087,1o5b,87,0,16,0.2783203125,0,-615519.1826058909,-584134.360216658,-31380.379004961836,-102.46687551328183,
16088,1o5b,88,0,16,0.2783203125,0,-615518.6102052694,-584134.360216658,-31380.331275449193,-90.36767231244308,
16089,1o5b,89,0,16,0.2783203125,0,-615518.9525737945,-584134.360216658,-31380.34810228944,-97.87484190690498,
16090,1o5b,90,0,16,0.2783203125,0,-615519.0975221944,-584134.360216658,-31380.336055534397,-101.49523618571386,
16091,1o5b,91,0,16,0.2783203125,0,-615519.5906682914,-584134.360216658,-31380.330623836315,-112.99271327775412,
16092,1o5b,92,0,16,0.2783203125,0,-615517.9115797939,-584134.360216658,-31380.324184969668,-74.42049646080656,
16093,1o5b,93,0,16,0.2783203125,0,-615514.6995594706,-584134.360216658,-31380.327841939466,-0.2652164363341977,
16094,1o5b,94,0,16,0.2783203125,0,-615503.1278281647,-584134.360216658,-31380.32343785005,266.4836861121107,
16095,1o5b,95,0,16,0.2783203125,0,-615518.2020899853,-584134.360216658,-31380.334628978257,-80.87897606409379,
16096,1o5b,96,0,16,0.2783203125,0,-615518.6980436582,-584134.360216658,-31380.351944292437,-91.91663882925545,
16097,1o5b,97,0,16,0.2783203125,0,-615518.4703340407,-584134.360216658,-31380.344341022985,-86.84086586307049,
16098,1o5b,98,0,16,0.2783203125,0,-615517.9341587257,-584134.360216658,-31380.348052341506,-74.3907843268334,
16099,1o5b,99,0,16,0.2783203125,0,-615520.593133653,-584134.360216658,-31380.371207275322,-135.17423736140012,
16100,1o5b,100,0,16,0.2783203125,0,-615519.51993544,-584134.360216658,-31380.766185316254,-101.31728863363014,
17001,2xnb,1,0,17,0.273193359375,1,-626015.0712961573,-584134.360216658,-41876.414806221,-99.07441542844099,
17002,2xnb,2,0,17,0.273193359375,1,-626014.6712108402,-584134.360216658,-41876.58057709337,-86.02546170615291,
17003,2xnb,3,0,17,0.273193359375,1,-626013.9332853946,-584134.360216658,-41876.49807963758,-70.91093319622753,
17004,2xnb,4,0,17,0.273193359375,1,-626014.0120849687,-584134.360216658,-41876.0798481011,-82.37274289671751,
17005,2xnb,5,0,17,0.273193359375,1,-626012.4288823202,-584134.360216658,-41876.813890436,-28.935804120373614,
17006,2xnb,6,0,17,0.273193359375,1,-626014.7554203557,-584134.360216658,-41876.48965493089,-90.0640941424702,
17007,2xnb,7,0,17,0.273193359375,1,-626009.352494301,-584134.360216658,-41876.67845185197,38.884100995313815,
17008,2xnb,8,0,17,0.273193359375,1,-626010.7571532106,-584134.360216658,-41877.64499600224,28.780934633818525,
17009,2xnb,9,0,17,0.273193359375,1,-626012.3798544101,-584134.360216658,-41877.64971194405,-8.530691790203992,
17010,2xnb,10,0,17,0.273193359375,1,-626003.0362476321,-584134.360216658,-41877.64428274241,206.81279885931735,
17011,2xnb,11,0,17,0.273193359375,1,-626011.2731919386,-584134.360216658,-41877.68425748633,17.786190194781735,
17012,2xnb,12,0,17,0.273193359375,1,-625962.9230300444,-584134.360216658,-41877.625132072106,1131.403946731926,
17013,2xnb,13,0,17,0.273193359375,1,-626010.5020647998,-584134.360216658,-41877.707145017725,36.0966034765341,
17014,2xnb,14,0,17,0.273193359375,1,-626015.9607900027,-584134.360216658,-41877.68403466596,-90.31752753245325,
17015,2xnb,15,0,17,0.273193359375,1,-626007.4518127709,-584134.360216658,-41877.6215531378,104.46329064245052,
17016,2xnb,16,0,17,0.273193359375,1,-625993.2971308881,-584134.360216658,-41877.62299796829,430.9113278111483,
17017,2xnb,17,0,17,0.273193359375,1,-626008.3109072226,-584134.360216658,-41877.70215163035,86.51074734182983,
17018,2xnb,18,0,17,0.273193359375,1,-625965.7101304657,-584134.360216658,-41877.62510437485,1067.1312454446943,
17019,2xnb,19,0,17,0.273193359375,1,-626018.4409163668,-584134.360216658,-41875.31258202916,-202.19759713532045,
17020,2xnb,20,0,17,0.273193359375,1,-626014.8518242937,-584134.360216658,-41877.62565201541,-66.09050666316008,
17021,2xnb,21,0,17,0.273193359375,1,-626015.3203336394,-584134.360216658,-41877.698102024086,-75.22385194762825,
17022,2xnb,22,0,17,0.273193359375,1,-626015.9530427826,-584134.360216658,-41877.71637993118,-89.39297285682669,
17023,2xnb,23,0,17,0.273193359375,1,-626018.5596740223,-584134.360216658,-41877.695253136444,-149.99051269596907,
17024,2xnb,24,0,17,0.273193359375,1,-626016.5828150971,-584134.360216658,-41877.644733242516,-105.56807932754928,
17025,2xnb,25,0,17,0.273193359375,1,-626015.661374931,-584134.360216658,-41877.72500071569,-82.46815240039997,
17026,2xnb,26,0,17,0.273193359375,1,-626015.6130605583,-584134.360216658,-41877.69498687689,-82.0461320639448,
17027,2xnb,27,0,17,0.273193359375,1,-626016.3909555519,-584134.360216658,-41877.619026531145,-101.73650395615564,
17028,2xnb,28,0,17,0.273193359375,1,-626016.626147697,-584134.360216658,-41877.6962351671,-105.37969022528944,
17029,2xnb,29,0,17,0.273193359375,1,-626016.0929122443,-584134.360216658,-41876.18066907497,-128.0327729208878,
17030,2xnb,30,0,17,0.273193359375,1,-626017.1382746013,-584134.360216658,-41877.696466825684,-117.18427502414488,
17031,2xnb,31,0,17,0.273193359375,1,-625986.7505937285,-584134.360216658,-41877.69983405348,583.6499433224383,
17032,2xnb,32,0,17,0.273193359375,1,-626016.6375543883,-584134.360216658,-41877.70084561595,-105.5364152988946,
17033,2xnb,33,0,17,0.273193359375,1,-625999.4970957787,-584134.360216658,-41877.72810740213,290.36062202969134,
17034,2xnb,34,0,17,0.273193359375,1,-626015.0009656614,-584134.360216658,-41877.72564659152,-67.22385860006149,
17035,2xnb,35,0,17,0.273193359375,1,-626014.8661421231,-584134.360216658,-41877.639204320105,-66.10816008218288,
17036,2xnb,36,0,17,0.273193359375,1,-626015.028048443,-584134.360216658,-41877.70606999527,-68.29984941600047,
17037,2xnb,37,0,17,0.273193359375,1,-626015.9917849504,-584134.360216658,-41877.63723494375,-92.11151523768369,
17038,2xnb,38,0,17,0.273193359375,1,-626015.6617612083,-584134.360216658,-41877.635424133216,-84.54274523192127,
17039,2xnb,39,0,17,0.273193359375,1,-626013.5977710172,-584134.360216658,-41877.72548809945,-34.869076307143935,
17040,2xnb,40,0,17,0.273193359375,1,-626013.836500278,-584134.360216658,-41877.623940522935,-42.716046588467435,
17041,2xnb,41,0,17,0.273193359375,1,-626011.7415363936,-584134.360216658,-41877.643878442774,6.054747623628834,
17042,2xnb,42,0,17,0.273193359375,1,-626017.536030945,-584134.360216658,-41877.73040288491,-125.57417009617612,
17043,2xnb,43,0,17,0.273193359375,1,-626016.8270515568,-584134.360216658,-41877.70356682047,-109.84357135051383,
17044,2xnb,44,0,17,0.273193359375,1,-626014.8003574696,-584134.360216658,-41877.72891619954,-62.52232484611954,
17045,2xnb,45,0,17,0.273193359375,1,-626000.773638417,-584134.360216658,-41877.69833695317,260.23632659896583,
17046,2xnb,46,0,17,0.273193359375,1,-626018.7871321153,-584134.360216658,-41877.695648545945,-155.22670257125142,
17047,2xnb,47,0,17,0.273193359375,1,-626015.9195210777,-584134.360216658,-41877.64772476754,-90.20316966120026,
17048,2xnb,48,0,17,0.273193359375,1,-626012.3425182744,-584134.360216658,-41877.68048580928,-6.960037857490106,
17049,2xnb,49,0,17,0.273193359375,1,-626013.3697002946,-584134.360216658,-41877.62351061992,-31.961297042940405,
17050,2xnb,50,0,17,0.273193359375,1,-626014.3069945683,-584134.360216658,-41877.69710753354,-51.87863132743181,
17051,2xnb,51,0,17,0.273193359375,1,-626015.0804683081,-584134.360216658,-41877.625415996634,-71.36860561428853,
17052,2xnb,52,0,17,0.273193359375,1,-626016.1227831149,-584134.360216658,-41877.62213902006,-95.48052494695187,
17053,2xnb,53,0,17,0.273193359375,1,-625987.0994318355,-584134.360216658,-41877.61375344024,573.6204793727792,
17054,2xnb,54,0,17,0.273193359375,1,-626006.145638384,-584134.360216658,-41877.61397482407,134.409627499882,
17055,2xnb,55,0,17,0.273193359375,1,-625993.4630044602,-584134.360216658,-41877.697018675965,428.79315043735687,
17056,2xnb,56,0,17,0.273193359375,1,-626007.8617600626,-584134.360216658,-41877.727962392324,97.46353721747512,
17057,2xnb,57,0,17,0.273193359375,1,-626014.9911382663,-584134.360216658,-41877.70531403052,-67.4661134810446,
17058,2xnb,58,0,17,0.273193359375,1,-626015.0127669768,-584134.360216658,-41877.622025811586,-69.88555535185733,
17059,2xnb,59,0,17,0.273193359375,1,-626013.8626341355,-584134.360216658,-41877.622538944895,-43.35102881794681,
17060,2xnb,60,0,17,0.273193359375,1,-626016.2195229459,-584134.360216658,-41877.624458445294,-97.65791123099635,
17061,2xnb,61,0,17,0.273193359375,1,-626015.4024408429,-584134.360216658,-41877.61903407081,-78.94063936057896,
17062,2xnb,62,0,17,0.273193359375,1,-625989.8135727872,-584134.360216658,-41877.69542667658,512.914331709137,
17063,2xnb,63,0,17,0.273193359375,1,-626016.7609082222,-584134.360216658,-41877.69801784417,-108.4462322523454,
17064,2xnb,64,0,17,0.273193359375,1,-626015.9440024655,-584134.360216658,-41877.62505065022,-91.29060144280972,
17065,2xnb,65,0,17,0.273193359375,1,-626009.8132184302,-584134.360216658,-41877.70248141511,51.874232899981045,
17066,2xnb,66,0,17,0.273193359375,1,-626000.2186939521,-584134.360216658,-41877.63828270928,271.6487662122878,
17067,2xnb,67,0,17,0.273193359375,1,-626010.0543018845,-584134.360216658,-41877.72121961656,46.74682956074455,
17068,2xnb,68,0,17,0.273193359375,1,-625997.5868698533,-584134.360216658,-41877.72520903995,334.3446405296055,
17069,2xnb,69,0,17,0.273193359375,1,-626014.9676189428,-584134.360216658,-41877.72478529388,-66.47472699786661,
17070,2xnb,70,0,17,0.273193359375,1,-626014.4302879487,-584134.360216658,-41876.418013961345,-84.21844272403916,
17071,2xnb,71,0,17,0.273193359375,1,-626018.1898411082,-584134.360216658,-41876.27126950399,-174.29980575753294,
17072,2xnb,72,0,17,0.273193359375,1,-626015.8547546761,-584134.360216658,-41876.4501792502,-116.32567664271812,
17073,2xnb,73,0,17,0.273193359375,1,-626015.9794037653,-584134.360216658,-41876.432752052584,-119.60203364990187,
17074,2xnb,74,0,17,0.273193359375,1,-626014.100900802,-584134.360216658,-41876.29832737536,-79.38263291241583,
17075,2xnb,75,0,17,0.273193359375,1,-626016.45078455,-584134.360216658,-41876.418366797494,-130.80406464631596,
17076,2xnb,76,0,17,0.273193359375,1,-626014.5660556606,-584134.360216658,-41876.316986333695,-89.67907297800114,
17077,2xnb,77,0,17,0.273193359375,1,-626015.7169747502,-584134.360216658,-41876.34634468398,-115.54287805095665,
17078,2xnb,78,0,17,0.273193359375,1,-626016.0032105395,-584134.360216658,-41876.47489340564,-119.17922821662113,
17079,2xnb,79,0,17,0.273193359375,1,-626008.3774204128,-584134.360216658,-41876.51896305111,57.69193991179382,
17080,2xnb,80,0,17,0.273193359375,1,-626014.2220647301,-584134.360216658,-41876.51765500789,-77.11892411315594,
17081,2xnb,81,0,17,0.273193359375,1,-626016.0050387151,-584134.360216658,-41876.44848729633,-119.83032629474468,
17082,2xnb,82,0,17,0.273193359375,1,-626013.0488639027,-584134.360216658,-41876.56072920606,-49.070955709883876,
17083,2xnb,83,0,17,0.273193359375,1,-626013.5049908531,-584134.360216658,-41876.303351822266,-65.52475653703277,
17084,2xnb,84,0,17,0.273193359375,1,-626013.6503110509,-584134.360216658,-41876.48583224379,-64.66782142051808,
17085,2xnb,85,0,17,0.273193359375,1,-626014.8764219108,-584134.360216658,-41876.450192272634,-93.76448681011246,
17086,2xnb,86,0,17,0.273193359375,1,-626014.429647723,-584134.360216658,-41876.39815332209,-84.6616759899307,
17087,2xnb,87,0,17,0.273193359375,1,-626015.1258675635,-584134.360216658,-41876.412539371195,-100.38513675007258,
17088,2xnb,88,0,17,0.273193359375,1,-626008.9741320569,-584134.360216658,-41876.437723031915,42.05800315384494,
17089,2xnb,89,0,17,0.273193359375,1,-626013.8742765766,-584134.360216658,-41876.426734210465,-71.195422160765,
17090,2xnb,90,0,17,0.273193359375,1,-626014.3878380705,-584134.360216658,-41876.49056261796,-81.56651351195437,
17091,2xnb,91,0,17,0.273193359375,1,-626013.1422923965,-584134.360216658,-41876.33718834119,-56.38044276695556,
17092,2xnb,92,0,17,0.273193359375,1,-626015.5540603094,-584134.360216658,-41876.45643866733,-109.24715422922996,
17093,2xnb,93,0,17,0.273193359375,1,-626015.1683422669,-584134.360216658,-41876.53367284177,-98.57122248732418,
17094,2xnb,94,0,17,0.273193359375,1,-626011.0828604944,-584134.360216658,-41876.30636128264,-9.59970374213102,
17095,2xnb,95,0,17,0.273193359375,1,-626015.1105446869,-584134.360216658,-41876.32713532471,-102.00124691954547,
17096,2xnb,96,0,17,0.273193359375,1,-626017.8368167166,-584134.360216658,-41876.2153134907,-167.44924621114652,
17097,2xnb,97,0,17,0.273193359375,1,-626017.9367928301,-584134.360216658,-41876.637846254576,-160.01091314775633,
17098,2xnb,98,0,17,0.273193359375,1,-626017.5737652539,-584134.360216658,-41876.10164259348,-164.00444853569965,
17099,2xnb,99,0,17,0.273193359375,1,-626009.6799606312,-584134.360216658,-41876.00543797908,15.81247941973586,
17100,2xnb,100,0,17,0.273193359375,1,-626010.8121840633,-584134.360216658,-41876.56470034382,2.5996833214958084,
18001,4eor,1,0,18,0.273193359375,0,-629053.587256951,-584134.360216658,-44917.368938849824,-42.8488372055221,
18002,4eor,2,0,18,0.273193359375,0,-629059.9687891112,-584134.360216658,-44917.92729707385,-177.13441828698166,
18003,4eor,3,0,18,0.273193359375,0,-629043.9885965338,-584134.360216658,-44918.1147672688,195.7007423856241,
18004,4eor,4,0,18,0.273193359375,0,-629051.8005889086,-584134.360216658,-44917.720550649734,6.461067373759137,
18005,4eor,5,0,18,0.273193359375,0,-629053.4586462602,-584134.360216658,-44917.301611554154,-41.43560854038022,
18006,4eor,6,0,18,0.273193359375,0,-629023.2273577391,-584134.360216658,-44917.732868705956,665.6594925577716,
18007,4eor,7,0,18,0.273193359375,0,-629053.7386851897,-584134.360216658,-44917.79585576854,-36.49591732368578,
18008,4eor,8,0,18,0.273193359375,0,-629013.0336155914,-584134.360216658,-44917.99355860111,906.7444227254728,
18009,4eor,9,0,18,0.273193359375,0,-629052.9067396426,-584134.360216658,-44918.172087694955,-8.634682907035916,
18010,4eor,10,0,18,0.273193359375,0,-629053.4846739109,-584134.360216658,-44917.67242694296,-33.48461441408504,
18011,4eor,11,0,18,0.273193359375,0,-629038.0343363406,-584134.360216658,-44917.98621577874,330.04477658075086,
18012,4eor,12,0,18,0.273193359375,0,-629044.0380777023,-584134.360216658,-44917.998116009934,191.8696375979568,
18013,4eor,13,0,18,0.273193359375,0,-629053.9184420999,-584134.360216658,-44917.82016396821,-40.08064974793413,
18014,4eor,14,0,18,0.273193359375,0,-629055.665250252,-584134.360216658,-44918.18084557697,-72.04548719900897,
18015,4eor,15,0,18,0.273193359375,0,-629036.6896276716,-584134.360216658,-44922.562261362975,466.5806132307317,
18016,4eor,16,0,18,0.273193359375,0,-629037.7170874261,-584134.360216658,-44922.529121462874,442.1226041668563,
18017,4eor,17,0,18,0.273193359375,0,-629046.4057971732,-584134.360216658,-44922.733055678356,246.459032189157,
18018,4eor,18,0,18,0.273193359375,0,-629023.8953101313,-584134.360216658,-44922.547626319996,761.287092721798,
18019,4eor,19,0,18,0.273193359375,0,-629052.8657106162,-584134.360216658,-44918.330647744624,-4.032049472274801,
18020,4eor,20,0,18,0.273193359375,0,-629043.0122911778,-584134.360216658,-44922.63294881433,322.4066203834194,
18021,4eor,21,0,18,0.273193359375,0,-629048.4389295069,-584134.360216658,-44922.58361587676,196.12772306774818,
18022,4eor,22,0,18,0.273193359375,0,-629049.2152186133,-584134.360216658,-44922.69784283637,180.8602072660704,
18023,4eor,23,0,18,0.273193359375,0,-629035.1910611903,-584134.360216658,-44922.6646546251,503.4996219685214,
18024,4eor,24,0,18,0.273193359375,0,-629050.9414624526,-584134.360216658,-44922.69892624923,141.07706273501924,
18025,4eor,25,0,18,0.273193359375,0,-629054.3597731332,-584134.360216658,-44917.96872245778,-46.83214499483886,
18026,4eor,26,0,18,0.273193359375,0,-629055.565121405,-584134.360216658,-44922.72820140287,35.1280553937225,
18027,4eor,27,0,18,0.273193359375,0,-629035.4103622761,-584134.360216658,-44922.62966456426,497.6355288184255,
18028,4eor,28,0,18,0.273193359375,0,-629051.2967130778,-584134.360216658,-44922.58411369704,130.2371483501099,
18029,4eor,29,0,18,0.273193359375,0,-629028.7166542554,-584134.360216658,-44922.25188863082,643.284382812257,
18030,4eor,30,0,18,0.273193359375,0,-629037.8959774474,-584134.360216658,-44918.05968905761,334.9297425173381,
18031,4eor,31,0,18,0.273193359375,0,-629052.313963743,-584134.360216658,-44922.52819452541,105.48926399678122,
18032,4eor,32,0,18,0.273193359375,0,-629058.8132320828,-584134.360216658,-44922.72805891856,-39.778442017324046,
18033,4eor,33,0,18,0.273193359375,0,-629059.8640371829,-584134.360216658,-44922.52902493587,-68.60041596707279,
18034,4eor,34,0,18,0.273193359375,0,-629058.7857042263,-584134.360216658,-44922.69737432049,-39.85123820950904,
18035,4eor,35,0,18,0.273193359375,0,-629059.3743829414,-584134.360216658,-44922.58268273361,-56.07134269971148,
18036,4eor,36,0,18,0.273193359375,0,-629055.343630686,-584134.360216658,-44922.65791767205,38.614971374435584,
18037,4eor,37,0,18,0.273193359375,0,-629058.2645588863,-584134.360216658,-44922.605133238314,-29.960471055862836,
18038,4eor,38,0,18,0.273193359375,0,-629060.5600846267,-584134.360216658,-44922.69595402722,-80.80217504137532,
18039,4eor,39,0,18,0.273193359375,0,-629057.7778746495,-584134.360216658,-44922.70508995682,-16.432209246808494,
18040,4eor,40,0,18,0.273193359375,0,-629052.6544259499,-584134.360216658,-44922.66589409998,100.81344661645545,
18041,4eor,41,0,18,0.273193359375,0,-629046.466451493,-584134.360216658,-44922.55981151814,241.06520510275078,
18042,4eor,42,0,18,0.273193359375,0,-629056.9168495412,-584134.360216658,-44922.6297913151,1.687073516534861,
18043,4eor,43,0,18,0.273193359375,0,-629049.7717767276,-584134.360216658,-44922.51945077523,163.91185359079438,
18044,4eor,44,0,18,0.273193359375,0,-629056.7459471559,-584134.360216658,-44922.66025826812,6.33076077632061,
18045,4eor,45,0,18,0.273193359375,0,-629059.3261328059,-584134.360216658,-44922.73065015831,-51.54645826763235,
18046,4eor,46,0,18,0.273193359375,0,-629052.564811986,-584134.360216658,-44922.73158645369,104.39489538093902,
18047,4eor,47,0,18,0.273193359375,0,-629057.9397405955,-584134.360216658,-44922.285661762784,-29.83717056727828,
18048,4eor,48,0,18,0.273193359375,0,-629056.1128002767,-584134.360216658,-44922.51922728628,17.67922296424105,
18049,4eor,49,0,18,0.273193359375,0,-629055.0397741068,-584134.360216658,-44920.869412360655,4.378158274893055,
18050,4eor,50,0,18,0.273193359375,0,-629058.8073793928,-584134.360216658,-44922.63476640929,-41.794852152697615,
18051,4eor,51,0,18,0.273193359375,0,-629057.4292659938,-584134.360216658,-44922.53184190737,-12.388297597971237,
18052,4eor,52,0,18,0.273193359375,0,-629058.7447530591,-584134.360216658,-44922.63174069294,-40.42042926621271,
18053,4eor,53,0,18,0.273193359375,0,-629046.1078296416,-584134.360216658,-44922.66499136987,251.76072646225333,
18054,4eor,54,0,18,0.273193359375,0,-629043.4731985128,-584134.360216658,-44922.49470236532,308.58980588837437,
18055,4eor,55,0,18,0.273193359375,0,-629041.2543464797,-584134.360216658,-44922.286466391364,354.9557136901565,
18056,4eor,56,0,18,0.273193359375,0,-629059.6227508184,-584134.360216658,-44922.23061424311,-69.91773427123043,
18057,4eor,57,0,18,0.273193359375,0,-628991.5231327406,-584134.360216658,-44921.40369987125,1481.4276672332614,
18058,4eor,58,0,18,0.273193359375,0,-629041.6033108213,-584134.360216658,-44922.453652129196,350.76379950144764,
18059,4eor,59,0,18,0.273193359375,0,-629059.0368272957,-584134.360216658,-44922.73073820495,-44.87288430751723,
18060,4eor,60,0,18,0.273193359375,0,-629060.0610118168,-584134.360216658,-44922.628648119826,-70.84539373634875,
18061,4eor,61,0,18,0.273193359375,0,-629057.1146905451,-584134.360216658,-44922.73095503946,-0.5423575121801546,
18062,4eor,62,0,18,0.273193359375,0,-629054.030930318,-584134.360216658,-44922.69372724015,69.71234925590481,
18063,4eor,63,0,18,0.273193359375,0,-629056.9870314044,-584134.360216658,-44922.52936852691,-2.247163205712413,
18064,4eor,64,0,18,0.273193359375,0,-629021.6890737256,-584134.360216658,-44922.6210430699,813.8571433525913,
18065,4eor,65,0,18,0.273193359375,0,-629053.5695162482,-584134.360216658,-44919.50139830362,6.735956351922696,
18066,4eor,66,0,18,0.273193359375,0,-629059.2030801194,-584134.360216658,-44922.609253595154,-51.508267157088255,
18067,4eor,67,0,18,0.273193359375,0,-629051.4735031268,-584134.360216658,-44919.558580861594,56.38982830538038,
18068,4eor,68,0,18,0.273193359375,0,-629044.1906891345,-584134.360216658,-44922.28915653045,287.3040795316469,
18069,4eor,69,0,18,0.273193359375,0,-629059.1496740755,-584134.360216658,-44922.70092242219,-48.162761156600986,
18070,4eor,70,0,18,0.273193359375,0,-629059.4666960902,-584134.360216658,-44922.66513913318,-56.298644736313314,
18071,4eor,71,0,18,0.273193359375,0,-629054.547156047,-584134.360216658,-44922.51657826259,53.722748673011964,
18072,4eor,72,0,18,0.273193359375,0,-629039.5021345336,-584134.360216658,-44922.51868372889,400.71774010089814,
18073,4eor,73,0,18,0.273193359375,0,-629059.8748045604,-584134.360216658,-44922.606327845235,-67.06607015361271,
18074,4eor,74,0,18,0.273193359375,0,-629051.4511204183,-584134.360216658,-44922.628162586756,127.69222201839048,
18075,4eor,75,0,18,0.273193359375,0,-629057.3254029091,-584134.360216658,-44922.63869818021,-7.52899377468172,
18076,4eor,76,0,18,0.273193359375,0,-629057.9573869522,-584134.360216658,-44922.65734200426,-21.672955234117335,
18077,4eor,77,0,18,0.273193359375,0,-629054.4335607594,-584134.360216658,-44922.54781191728,57.06258342264068,
18078,4eor,78,0,18,0.273193359375,0,-629050.044922338,-584134.360216658,-44922.69918784961,161.7578015792816,
18079,4eor,79,0,18,0.273193359375,0,-629056.80846793,-584134.360216658,-44922.545931431734,2.2525579963499722,
18080,4eor,80,0,18,0.273193359375,0,-629015.8160790909,-584134.360216658,-44922.45393225211,945.4379500277396,
18081,4eor,81,0,18,0.273193359375,0,-629059.7156398133,-584134.360216658,-44922.63605643935,-62.71008622354128,
18082,4eor,82,0,18,0.273193359375,0,-629051.8672440465,-584134.360216658,-44922.605248190215,117.56776464784937,
18083,4eor,83,0,18,0.273193359375,0,-629000.8921432897,-584134.360216658,-44922.583840653475,1292.5878442970072,
18084,4eor,84,0,18,0.273193359375,0,-629026.7696564489,-584134.360216658,-44922.70038677138,698.525831678605,
18085,4eor,85,0,18,0.273193359375,0,-629032.0538180245,-584134.360216658,-44922.562460030626,573.4895047173912,
18086,4eor,86,0,18,0.273193359375,0,-629025.3997985697,-584134.360216658,-44922.63777811714,728.6717149555585,
18087,4eor,87,0,18,0.273193359375,0,-629028.8424008548,-584134.360216658,-44922.701548805024,650.7540072971061,
18088,4eor,88,0,18,0.273193359375,0,-629023.8891672223,-584134.360216658,-44922.69619002916,764.8547120882305,
18089,4eor,89,0,18,0.273193359375,0,-629029.5001714582,-584134.360216658,-44922.69936574452,635.5351142639807,
18090,4eor,90,0,18,0.273193359375,0,-629056.5008814675,-584134.360216658,-44922.527656299375,8.92423576230661,
18091,4eor,91,0,18,0.273193359375,0,-629053.6248540317,-584134.360216658,-44918.02018371216,-28.697783185862317,
18092,4eor,92,0,18,0.273193359375,0,-629035.7755409844,-584134.360216658,-44917.62390085568,373.77865432037015,
18093,4eor,93,0,18,0.273193359375,0,-629055.1532060456,-584134.360216658,-44917.80878062716,-68.8174888577111,
18094,4eor,94,0,18,0.273193359375,0,-629031.5034135807,-584134.360216658,-44918.002208749676,481.0202399348147,
18095,4eor,95,0,18,0.273193359375,0,-629054.8864965375,-584134.360216658,-44918.16571959631,-54.43581331752871,
18096,4eor,96,0,18,0.273193359375,0,-629055.5991097084,-584134.360216658,-44917.77271608032,-79.93193980950664,
18097,4eor,97,0,18,0.273193359375,0,-629054.3247392112,-584134.360216658,-44917.94907269142,-46.477377939079034,
18098,4eor,98,0,18,0.273193359375,0,-629054.9894112366,-584134.360216658,-44917.695297547354,-67.65727281965312,
18099,4eor,99,0,18,0.273193359375,0,-629034.0074332515,-584134.360216658,-44918.29154663329,429.94846465253977,
18100,4eor,100,0,18,0.273193359375,0,-629054.2017124101,-584134.360216658,-44918.11076858509,-39.91151661668419,
19001,1pxn,1,0,19,0.273193359375,0,-620254.7766920462,-584134.360216658,-36117.61713085732,-64.5544184492913,
19002,1pxn,2,0,19,0.273193359375,0,-620252.1577635499,-584134.360216658,-36117.488591113746,-7.124689501073638,
19003,1pxn,3,0,19,0.273193359375,0,-620253.5425712898,-584134.360216658,-36116.95376755021,-51.39243899055342,
19004,1pxn,4,0,19,0.273193359375,0,-620244.6965722013,-584134.360216658,-36117.22840851717,158.93451725403565,
19005,1pxn,5,0,19,0.273193359375,0,-620257.4257387351,-584134.360216658,-36117.620494046896,-125.56532933059673,
19006,1pxn,6,0,19,0.273193359375,0,-620254.2275593765,-584134.360216658,-36117.62921291145,-51.612499467207705,
19007,1pxn,7,0,19,0.273193359375,0,-620226.5631974826,-584134.360216658,-36117.65209657907,586.8705511022196,
19008,1pxn,8,0,19,0.273193359375,0,-620212.6083889691,-584134.360216658,-36117.80256434454,912.1459493979957,
19009,1pxn,9,0,19,0.273193359375,0,-620255.2792188197,-584134.360216658,-36117.746076482894,-73.16940437935136,
19010,1pxn,10,0,19,0.273193359375,0,-620250.379278439,-584134.360216658,-36117.601316026485,36.48764970819216,
19011,1pxn,11,0,19,0.273193359375,0,-620255.9802656267,-584134.360216658,-36117.749029170845,-89.2678372017781,
19012,1pxn,12,0,19,0.273193359375,0,-620250.8740546408,-584134.360216658,-36117.66034824283,26.43915469014782,
19013,1pxn,13,0,19,0.273193359375,0,-620236.7216040954,-584134.360216658,-36117.65584014665,352.6984582437404,
19014,1pxn,14,0,19,0.273193359375,0,-620242.7764742662,-584134.360216658,-36117.745710622024,215.14229745843735,
19015,1pxn,15,0,19,0.273193359375,0,-620255.621026874,-584134.360216658,-36117.69179591378,-82.30342502623294,
19016,1pxn,16,0,19,0.273193359375,0,-620251.0385933585,-584134.360216658,-36117.60100726595,21.276366284596484,
19017,1pxn,17,0,19,0.273193359375,0,-620255.2972514639,-584134.360216658,-36117.689908203116,-74.88051833528662,
19018,1pxn,18,0,19,0.273193359375,0,-620237.3397218487,-584134.360216658,-36117.691511786965,339.26693179657434,
19019,1pxn,19,0,19,0.273193359375,0,-620252.6419988604,-584134.360216658,-36117.75099228442,-12.240306292148551,
19020,1pxn,20,0,19,0.273193359375,0,-620252.2663382661,-584134.360216658,-36117.657021561936,-5.744383529240255,
19021,1pxn,21,0,19,0.273193359375,0,-620253.2382622507,-584134.360216658,-36117.65578208873,-28.18606599464222,
19022,1pxn,22,0,19,0.273193359375,0,-620251.9471127047,-584134.360216658,-36117.74780783568,3.7107140048209053,
19023,1pxn,23,0,19,0.273193359375,0,-620253.7635881933,-584134.360216658,-36117.70713949668,-39.11604005983264,
19024,1pxn,24,0,19,0.273193359375,0,-620247.4899865357,-584134.360216658,-36117.74939371499,106.5310564578772,
19025,1pxn,25,0,19,0.273193359375,0,-620255.3476786566,-584134.360216658,-36117.749902665855,-74.65989184706868,
19026,1pxn,26,0,19,0.273193359375,0,-620254.124214592,-584134.360216658,-36117.598187149146,-49.944783197587995,
19027,1pxn,27,0,19,0.273193359375,0,-620253.5640069607,-584134.360216658,-36117.80205343674,-32.32482004430795,
19028,1pxn,28,0,19,0.273193359375,0,-620246.7889796831,-584134.360216658,-36117.80453662697,123.96828427276776,
19029,1pxn,29,0,19,0.273193359375,0,-620253.4597048351,-584134.360216658,-36117.60042045248,-34.569322965033166,
19030,1pxn,30,0,19,0.273193359375,0,-620251.7772212792,-584134.360216658,-36117.687233626406,6.2316288988855755,
19031,1pxn,31,0,19,0.273193359375,0,-620257.9238359199,-584134.360216658,-36117.691053110684,-135.42459261989643,
19032,1pxn,32,0,19,0.273193359375,0,-620246.6223334082,-584134.360216658,-36117.70589909049,125.5366030369291,
19033,1pxn,33,0,19,0.273193359375,0,-620253.1186830846,-584134.360216658,-36117.60071235731,-26.69844309176675,
19034,1pxn,34,0,19,0.273193359375,0,-620254.0798104582,-584134.360216658,-36117.801878280574,-44.223570467129235,
19035,1pxn,35,0,19,0.273193359375,0,-620256.4375648777,-584134.360216658,-36117.59812434293,-103.2933564542946,
19036,1pxn,36,0,19,0.273193359375,0,-620246.772536179,-584134.360216658,-36117.65756514282,120.95823754372589,
19037,1pxn,37,0,19,0.273193359375,0,-620253.0085647254,-584134.360216658,-36117.80447208887,-19.460242366450622,
19038,1pxn,38,0,19,0.273193359375,0,-620254.6626923928,-584134.360216658,-36117.3813752388,-67.3621777070965,
19039,1pxn,39,0,19,0.273193359375,0,-620252.7248582602,-584134.360216658,-36117.69047544738,-15.546640860571005,
19040,1pxn,40,0,19,0.273193359375,0,-620254.1347652954,-584134.360216658,-36117.66050898269,-48.75091257433058,
19041,1pxn,41,0,19,0.273193359375,0,-620246.1193667029,-584134.360216658,-36117.691741005794,136.80879761374467,
19042,1pxn,42,0,19,0.273193359375,0,-620255.4925666826,-584134.360216658,-36117.80137355959,-76.81414209523126,
19043,1pxn,43,0,19,0.273193359375,0,-620254.2764102882,-584134.360216658,-36117.60088754698,-53.39222667459913,
19044,1pxn,44,0,19,0.273193359375,0,-620252.9376357022,-584134.360216658,-36117.749606377874,-19.089813586986974,
19045,1pxn,45,0,19,0.273193359375,0,-620242.5981713138,-584134.360216658,-36117.64996109572,217.04602469031735,
19046,1pxn,46,0,19,0.273193359375,0,-620254.1571393003,-584134.360216658,-36117.689709924394,-48.59347966990738,
19047,1pxn,47,0,19,0.273193359375,0,-620255.431940881,-584134.360216658,-36117.59967591507,-80.06733607454697,
19048,1pxn,48,0,19,0.273193359375,0,-620254.0126909802,-584134.360216658,-36117.74634259509,-43.95644186535737,
19049,1pxn,49,0,19,0.273193359375,0,-620254.1568220436,-584134.360216658,-36117.599743442675,-50.66083991224349,
19050,1pxn,50,0,19,0.273193359375,0,-620254.3211103971,-584134.360216658,-36117.74783121445,-51.03443420251322,
19051,1pxn,51,0,19,0.273193359375,0,-620251.0377992403,-584134.360216658,-36117.80059565191,25.89729660521597,
19052,1pxn,52,0,19,0.273193359375,0,-620255.4084016165,-584134.360216658,-36117.80205052268,-74.85763842226233,
19053,1pxn,53,0,19,0.273193359375,0,-620254.4803234851,-584134.360216658,-36117.64624867366,-57.04852427407865,
19054,1pxn,54,0,19,0.273193359375,0,-620248.682655622,-584134.360216658,-36117.65615557416,76.87733134138179,
19055,1pxn,55,0,19,0.273193359375,0,-620225.9542852633,-584134.360216658,-36117.650747231375,600.881283762835,
19056,1pxn,56,0,19,0.273193359375,0,-620254.5753967852,-584134.360216658,-36117.60238631353,-60.25245671136022,
19057,1pxn,57,0,19,0.273193359375,0,-620255.8176501786,-584134.360216658,-36117.74857019063,-85.52842021753999,
19058,1pxn,58,0,19,0.273193359375,0,-620250.7692381047,-584134.360216658,-36117.692213766466,29.591117865520108,
19059,1pxn,59,0,19,0.273193359375,0,-620255.3101679342,-584134.360216658,-36117.74654617596,-73.87227653462249,
19060,1pxn,60,0,19,0.273193359375,0,-620255.1630628953,-584134.360216658,-36117.69013131641,-71.78091131663427,
19061,1pxn,61,0,19,0.273193359375,0,-620253.225842955,-584134.360216658,-36117.65194424482,-27.98817301724455,
19062,1pxn,62,0,19,0.273193359375,0,-620248.389325223,-584134.360216658,-36117.7045693252,84.7581386585967,
19063,1pxn,63,0,19,0.273193359375,0,-620257.3838825134,-584134.360216658,-36117.80463033594,-120.3538182264118,
19064,1pxn,64,0,19,0.273193359375,0,-620252.7962392613,-584134.360216658,-36117.801783450916,-14.625902309665356,
19065,1pxn,65,0,19,0.273193359375,0,-620256.3214610282,-584134.360216658,-36117.69030141899,-98.4902842084049,
19066,1pxn,66,0,19,0.273193359375,0,-620255.7895446664,-584134.360216658,-36117.805127200925,-83.57605606942758,
19067,1pxn,67,0,19,0.273193359375,0,-620254.0019539582,-584134.360216658,-36117.748441244716,-43.660444245113986,
19068,1pxn,68,0,19,0.273193359375,0,-620225.9408577883,-584134.360216658,-36117.70643672652,602.4751589587906,
19069,1pxn,69,0,19,0.273193359375,0,-620253.9832856753,-584134.360216658,-36117.80714915118,-41.876106929475284,
19070,1pxn,70,0,19,0.273193359375,0,-620256.4943702318,-584134.360216658,-36117.60365129413,-104.47586451649552,
19071,1pxn,71,0,19,0.273193359375,0,-620215.8410200073,-584134.360216658,-36117.74700914212,836.3185733206718,
19072,1pxn,72,0,19,0.273193359375,0,-620251.3089545339,-584134.360216658,-36117.708383607525,17.517846728294113,
19073,1pxn,73,0,19,0.273193359375,0,-620245.1322496755,-584134.360216658,-36117.65104392041,158.63375995433717,
19074,1pxn,74,0,19,0.273193359375,0,-620219.2585789945,-584134.360216658,-36117.804344568875,758.8299771816984,
19075,1pxn,75,0,19,0.273193359375,0,-620229.2092444666,-584134.360216658,-36117.806624193385,529.4147495064708,
19076,1pxn,76,0,19,0.273193359375,0,-620206.1106729758,-584134.360216658,-36117.648810047904,1058.4411815398742,
19077,1pxn,77,0,19,0.273193359375,0,-620256.3002484966,-584134.360216658,-36117.746443695585,-96.70643995398636,
19078,1pxn,78,0,19,0.273193359375,0,-620250.0901818941,-584134.360216658,-36117.80209796208,47.78451583754839,
19079,1pxn,79,0,19,0.273193359375,0,-620253.7100291217,-584134.360216658,-36117.75027537399,-36.88620156504769,
19080,1pxn,80,0,19,0.273193359375,0,-620239.4662022733,-584134.360216658,-36117.659403980666,289.48870465261444,
19081,1pxn,81,0,19,0.273193359375,0,-620255.7968920461,-584134.360216658,-36117.750031985255,-85.01601652650324,
19082,1pxn,82,0,19,0.273193359375,0,-620254.6036365792,-584134.360216658,-36117.59913677593,-60.97861795061506,
19083,1pxn,83,0,19,0.273193359375,0,-620249.123922259,-584134.360216658,-36117.70645336057,67.8613754634516,
19084,1pxn,84,0,19,0.273193359375,0,-620243.0144153648,-584134.360216658,-36117.70503669938,208.7172824339317,
19085,1pxn,85,0,19,0.273193359375,0,-620251.167658008,-584134.360216658,-36117.69330931986,20.42860068890482,
19086,1pxn,86,0,19,0.273193359375,0,-620253.048850916,-584134.360216658,-36117.806048012964,-20.352922318210172,
19087,1pxn,87,0,19,0.273193359375,0,-620253.758936838,-584134.360216658,-36116.71447558636,-61.90015084142786,
19088,1pxn,88,0,19,0.273193359375,0,-620253.3732414556,-584134.360216658,-36116.57864165925,-56.13820880136403,
19089,1pxn,89,0,19,0.273193359375,0,-620254.4671912383,-584134.360216658,-36116.95213686585,-72.75228601241758,
19090,1pxn,90,0,19,0.273193359375,0,-620253.2003094096,-584134.360216658,-36117.07646519915,-40.670217530161906,
19091,1pxn,91,0,19,0.273193359375,0,-620249.2294093989,-584134.360216658,-36116.87160104506,46.17663247494784,
19092,1pxn,92,0,19,0.273193359375,0,-620252.6752735286,-584134.360216658,-36117.40795906094,-20.918172426141357,
19093,1pxn,93,0,19,0.273193359375,0,-620253.0630444286,-584134.360216658,-36117.540541772556,-26.802951851033214,
19094,1pxn,94,0,19,0.273193359375,0,-620255.0194279654,-584134.360216658,-36116.99942593188,-84.39665570238168,
19095,1pxn,95,0,19,0.273193359375,0,-620232.0609760084,-584134.360216658,-36117.03399748992,445.83506283621136,
19096,1pxn,96,0,19,0.273193359375,0,-620245.6913388512,-584134.360216658,-36116.77055137243,125.43621675765122,
19097,1pxn,97,0,19,0.273193359375,0,-620253.6378912166,-584134.360216658,-36117.34074374642,-44.66668563825743,
19098,1pxn,98,0,19,0.273193359375,0,-620253.3734491238,-584134.360216658,-36117.09259651212,-44.290917275803274,
19099,1pxn,99,0,19,0.273193359375,0,-620255.1606846165,-584134.360216658,-36116.97164604892,-88.29473078207685,
19100,1pxn,100,0,19,0.273193359375,0,-620252.4893278488,-584134.360216658,-36117.43830323635,-15.930409875241958,
20001,2fvd,1,1,20,0.273193359375,0,-635031.8761012795,-584134.360216658,-50893.54853778213,-91.48919155070881,
20002,2fvd,2,1,20,0.273193359375,0,-635029.8283925895,-584134.360216658,-50892.70738591105,-63.665330316448355,
20003,2fvd,3,1,20,0.273193359375,0,-635029.7073815645,-584134.360216658,-50892.96542323878,-54.92426765012985,
20004,2fvd,4,1,20,0.273193359375,0,-635027.7809111811,-584134.360216658,-50892.40613223903,-23.396362079820392,
20005,2fvd,5,1,20,0.273193359375,0,-635017.8347437873,-584134.360216658,-50893.014774337214,220.0033270535486,
20006,2fvd,6,1,20,0.273193359375,0,-635029.7141325154,-584134.360216658,-50893.298820790005,-47.39161809775605,
20007,2fvd,7,1,20,0.273193359375,0,-635019.1541213947,-584134.360216658,-50892.86491246129,186.1218596730156,
20008,2fvd,8,1,20,0.273193359375,0,-635033.3659140607,-584134.360216658,-50893.41665037748,-128.88648625383385,
20009,2fvd,9,1,20,0.273193359375,0,-635025.9497384998,-584134.360216658,-50892.94883894937,31.346597175088785,
20010,2fvd,10,1,20,0.273193359375,0,-635029.4547298485,-584134.360216658,-50893.16726369673,-44.44342913409745,
20011,2fvd,11,1,20,0.273193359375,0,-635034.1044203911,-584134.360216658,-50893.45404192615,-145.05457721305493,
20012,2fvd,12,1,20,0.273193359375,0,-635030.3763051279,-584134.360216658,-50893.56807614832,-56.45250523131804,
20013,2fvd,13,1,20,0.273193359375,0,-635013.5902422009,-584134.360216658,-50894.25725785673,346.53620953483033,
20014,2fvd,14,1,20,0.273193359375,0,-635024.2784779344,-584134.360216658,-50894.58128986238,107.53199374151009,
20015,2fvd,15,1,20,0.273193359375,0,-635020.9767705173,-584134.360216658,-50892.87123129797,144.2362882390843,
20016,2fvd,16,1,20,0.273193359375,0,-634991.9582653755,-584134.360216658,-50894.28242410945,845.9617933628487,
20017,2fvd,17,1,20,0.273193359375,0,-635016.7867453538,-584134.360216658,-50894.70211219445,283.0816804180991,
20018,2fvd,18,1,20,0.273193359375,0,-635029.0970272161,-584134.360216658,-50894.690687862705,-1.0636146238380684,
20019,2fvd,19,1,20,0.273193359375,0,-635019.4298306154,-584134.360216658,-50894.27466935994,212.27362039312095,
20020,2fvd,20,1,20,0.273193359375,0,-635004.1473917626,-584134.360216658,-50894.701155035065,574.5300258374825,
20021,2fvd,21,1,20,0.273193359375,0,-635009.6248500086,-584134.360216658,-50892.892965993335,406.5190080805449,
20022,2fvd,22,1,20,0.273193359375,0,-635004.9420706127,-584134.360216658,-50894.16196173475,543.770203312988,
20023,2fvd,23,1,20,0.273193359375,0,-635015.3315552585,-584134.360216658,-50894.2509141885,306.2342880173879,
20024,2fvd,24,1,20,0.273193359375,0,-635028.3471287345,-584134.360216658,-50893.32312228786,-15.307356169892131,
20025,2fvd,25,1,20,0.273193359375,0,-635031.5331479568,-584134.360216658,-50892.92513803481,-97.95643973996413,
20026,2fvd,26,1,20,0.273193359375,0,-635001.0871550767,-584134.360216658,-50892.856128089865,602.5534281873323,
20027,2fvd,27,1,20,0.273193359375,0,-635027.8402779568,-584134.360216658,-50894.399493388344,21.202607677515655,
20028,2fvd,28,1,20,0.273193359375,0,-635028.1907837597,-584134.360216658,-50894.16118740398,7.624285294172873,
20029,2fvd,29,1,20,0.273193359375,0,-635028.4583807846,-584134.360216658,-50894.52947723157,9.946316486489899,
20030,2fvd,30,1,20,0.273193359375,0,-634993.4546330058,-584134.360216658,-50894.23119379332,810.2733368962554,
20031,2fvd,31,1,20,0.273193359375,0,-635018.8791664433,-584134.360216658,-50894.70560137276,234.90976616724583,
20032,2fvd,32,1,20,0.273193359375,0,-635015.3489444221,-584134.360216658,-50894.6915908654,315.99552996365816,
20033,2fvd,33,1,20,0.273193359375,0,-635031.0049780179,-584134.360216658,-50892.93356340081,-85.5822580445322,
20034,2fvd,34,1,20,0.273193359375,0,-634998.287806816,-584134.360216658,-50894.28107424399,699.9679715893158,
20035,2fvd,35,1,20,0.273193359375,0,-635015.7613017637,-584134.360216658,-50894.3174109779,297.85755057114494,
20036,2fvd,36,1,20,0.273193359375,0,-635028.2840020232,-584134.360216658,-50893.02504451358,-20.72545639574734,
20037,2fvd,37,1,20,0.273193359375,0,-635030.9888495359,-584134.360216658,-50894.49342219503,-49.23912808196572,
20038,2fvd,38,1,20,0.273193359375,0,-635019.1047640941,-584134.360216658,-50894.29927477777,220.33724687036099,
20039,2fvd,39,1,20,0.273193359375,0,-635029.7747732506,-584134.360216658,-50894.34491793781,-24.666453360006127,
20040,2fvd,40,1,20,0.273193359375,0,-635028.9471442223,-584134.360216658,-50894.28090648405,-7.057013759468923,
20041,2fvd,41,1,20,0.273193359375,0,-635024.6363192702,-584134.360216658,-50893.14043254863,66.0530175002985,
20042,2fvd,42,1,20,0.273193359375,0,-635030.4045111625,-584134.360216658,-50893.13528880831,-67.08326499796883,
20043,2fvd,43,1,20,0.273193359375,0,-635012.6495826797,-584134.360216658,-50894.15914664042,365.96583501823073,
20044,2fvd,44,1,20,0.273193359375,0,-634986.184611383,-584134.360216658,-50894.46056417931,983.2134250147845,
20045,2fvd,45,1,20,0.273193359375,0,-634986.2163078721,-584134.360216658,-50894.560365813355,984.783966967753,
20046,2fvd,46,1,20,0.273193359375,0,-635028.494849803,-584134.360216658,-50894.33218147311,4.555572667799572,
20047,2fvd,47,1,20,0.273193359375,0,-635030.466746358,-584134.360216658,-50894.40694332171,-39.19339296858273,
20048,2fvd,48,1,20,0.273193359375,0,-635027.0413827351,-584134.360216658,-50894.16251465907,34.160709827132756,
20049,2fvd,49,1,20,0.273193359375,0,-635028.4279934292,-584134.360216658,-50894.16818344476,2.315432896685464,
20050,2fvd,50,1,20,0.273193359375,0,-635030.1313952776,-584134.360216658,-50894.318078541095,-33.50928386273738,
20051,2fvd,51,1,20,0.273193359375,0,-635017.4995583623,-584134.360216658,-50894.48988156895,261.7496674518217,
20052,2fvd,52,1,20,0.273193359375,0,-635018.2673869219,-584134.360216658,-50894.27560410296,239.10176447339975,
20053,2fvd,53,1,20,0.273193359375,0,-635027.9509526045,-584134.360216658,-50894.4790712223,20.485498116001857,
20054,2fvd,54,1,20,0.273193359375,0,-635027.2171594062,-584134.360216658,-50894.48881075337,37.63177018681432,
20055,2fvd,55,1,20,0.273193359375,0,-635024.3865714732,-584134.360216658,-50893.22195257851,73.69223506759337,
20056,2fvd,56,1,20,0.273193359375,0,-635027.2920105996,-584134.360216658,-50894.17811252922,28.740789400793474,
20057,2fvd,57,1,20,0.273193359375,0,-635030.2076965242,-584134.360216658,-50894.27374665176,-36.29115006510659,
20058,2fvd,58,1,20,0.273193359375,0,-635028.7638829666,-584134.360216658,-50894.27285604019,-3.016556451797232,
20059,2fvd,59,1,20,0.273193359375,0,-635024.0395625025,-584134.360216658,-50892.402898120934,62.806607538828345,
20060,2fvd,60,1,20,0.273193359375,0,-634962.1034392499,-584134.360216658,-50894.38224746652,1536.7324205062541,
20061,2fvd,61,1,20,0.273193359375,0,-635009.8292678434,-584134.360216658,-50894.66737810805,442.72393626740626,
20062,2fvd,62,1,20,0.273193359375,0,-635023.9416627407,-584134.360216658,-50894.21927298085,106.95082901541811,
20063,2fvd,63,1,20,0.273193359375,0,-635025.8826803109,-584134.360216658,-50894.54611089027,69.72696174051862,
20064,2fvd,64,1,20,0.273193359375,0,-635023.3066918344,-584134.360216658,-50894.72357634254,133.22311776474186,
20065,2fvd,65,1,20,0.273193359375,0,-635026.7430181765,-584134.360216658,-50894.26864045405,43.48847897313089,
20066,2fvd,66,1,20,0.273193359375,0,-635008.8216597346,-584134.360216658,-50893.976995021854,450.0393190742643,
20067,2fvd,67,1,20,0.273193359375,0,-635020.4180097246,-584134.360216658,-50894.147786496105,186.55968043040568,
20068,2fvd,68,1,20,0.273193359375,0,-635026.9607690143,-584134.360216658,-50894.07528906988,34.0082365202137,
20069,2fvd,69,1,20,0.273193359375,0,-635028.1878025623,-584134.360216658,-50894.14513431609,7.322840339104745,
20070,2fvd,70,1,20,0.273193359375,0,-635001.6605475441,-584134.360216658,-50892.766960894696,587.2744393967199,
20071,2fvd,71,1,20,0.273193359375,0,-635015.4840864982,-584134.360216658,-50892.859526324435,270.63066767906133,
20072,2fvd,72,1,20,0.273193359375,0,-635015.5696114758,-584134.360216658,-50894.69131272222,310.9004126828688,
20073,2fvd,73,1,20,0.273193359375,0,-635026.6007659204,-584134.360216658,-50894.18182509575,44.76688420787757,
20074,2fvd,74,1,20,0.273193359375,0,-635029.5383729527,-584134.360216658,-50893.03180223008,-49.49610056966232,
20075,2fvd,75,1,20,0.273193359375,0,-635023.3948145745,-584134.360216658,-50894.50706418488,126.19807013276024,
20076,2fvd,76,1,20,0.273193359375,0,-635027.1147057307,-584134.360216658,-50892.883143789404,2.9668482478459826,
20077,2fvd,77,1,20,0.273193359375,0,-634989.2313514127,-584134.360216658,-50893.906087814874,900.1674021092781,
20078,2fvd,78,1,20,0.273193359375,0,-635008.8080633886,-584134.360216658,-50892.950681277754,426.6855010769408,
20079,2fvd,79,1,20,0.273193359375,0,-635027.6315694364,-584134.360216658,-50893.97308623114,16.182357850773165,
20080,2fvd,80,1,20,0.273193359375,0,-635019.7110171799,-584134.360216658,-50894.26764864146,205.62740255929432,
20081,2fvd,81,1,20,0.273193359375,0,-635004.7372406004,-584134.360216658,-50892.898121341226,519.3488437632154,
20082,2fvd,82,1,20,0.273193359375,0,-635028.5247674324,-584134.360216658,-50894.57292076106,9.417235610310332,
20083,2fvd,83,1,20,0.273193359375,0,-635028.8366082838,-584134.360216658,-50894.47558109576,-0.018691267350343835,
20084,2fvd,84,1,20,0.273193359375,0,-635027.0308179613,-584134.360216658,-50894.301363308725,37.606265225534536,
20085,2fvd,85,1,20,0.273193359375,0,-635011.3954049692,-584134.360216658,-50891.359410131285,330.32440241741455,
20086,2fvd,86,1,20,0.273193359375,0,-635000.1498195416,-584134.360216658,-50894.183799793595,654.7857359543484,
20087,2fvd,87,1,20,0.273193359375,0,-635025.7108820952,-584134.360216658,-50894.39406644495,70.18249450751152,
20088,2fvd,88,1,20,0.273193359375,0,-635026.1246098325,-584134.360216658,-50892.28309673512,11.961588268278984,
20089,2fvd,89,1,20,0.273193359375,0,-635020.360674627,-584134.360216658,-50893.61977005988,175.7055109074634,
20090,2fvd,90,1,20,0.273193359375,0,-635014.0623976781,-584134.360216658,-50893.55034468306,319.3462405143854,
20091,2fvd,91,1,20,0.273193359375,0,-635014.8377718196,-584134.360216658,-50892.55642272603,278.5453032098973,
20092,2fvd,92,1,20,0.273193359375,0,-635029.6623695659,-584134.360216658,-50893.46385621037,-42.3921289211728,
20093,2fvd,93,1,20,0.273193359375,0,-635029.4220787452,-584134.360216658,-50893.368324542804,-39.0539035461093,
20094,2fvd,94,1,20,0.273193359375,0,-635029.8708936212,-584134.360216658,-50893.048067278425,-56.789128425159916,
20095,2fvd,95,1,20,0.273193359375,0,-635031.335020596,-584134.360216658,-50892.69170574949,-98.77059064094405,
20096,2fvd,96,1,20,0.273193359375,0,-635027.371549292,-584134.360216658,-50893.6301401705,14.270040792877829,
20097,2fvd,97,1,20,0.273193359375,0,-635030.344969688,-584134.360216658,-50893.61506001407,-54.64641913785054,
20098,2fvd,98,1,20,0.273193359375,0,-635030.1726517179,-584134.360216658,-50892.86094108923,-68.06306788295561,
20099,2fvd,99,1,20,0.273193359375,0,-635028.2242256925,-584134.360216658,-50893.41153370469,-10.434328984590072,
20100,2fvd,100,1,20,0.273193359375,0,-635027.4307507201,-584134.360216658,-50892.85517603808,-4.9662740137707,
