mol_id,ligand_pdb,pose_index,label,ligunity_rank,ligunity_score,formal_charge,aimnet_complex_eV,aimnet_pocket_eV,aimnet_ligand_eV,aimnet_interaction_kcal_mol,error
1001,1gpn,1,1,1,0.58251953125,1,-660216.8751354867,-638266.9124103524,-21945.051710427615,-113.25068954115672,
1002,1gpn,2,1,1,0.58251953125,1,-660197.9009633508,-638266.9124103524,-21945.050844029643,324.2841349340253,
1003,1gpn,3,1,1,0.58251953125,1,-660193.5217613848,-638266.9124103524,-21945.0511288484,425.27749940723356,
1004,1gpn,4,1,1,0.58251953125,1,-660204.5390981082,-638266.9124103524,-21945.054155097878,171.28146590215604,
1005,1gpn,5,1,1,0.58251953125,1,-660217.1849107695,-638266.9124103524,-21945.051197045777,-120.40611613206988,
1006,1gpn,6,1,1,0.58251953125,1,-660210.2512451075,-638266.9124103524,-21945.050904491407,39.48126604293983,
1007,1gpn,7,1,1,0.58251953125,1,-660211.881627896,-638266.9124103524,-21945.05268782542,1.9248704262021161,
1008,1gpn,8,1,1,0.58251953125,1,-660211.7935408541,-638266.9124103524,-21945.054310604388,3.9936280403225806,
1009,1gpn,9,1,1,0.58251953125,1,-660211.2380756687,-638266.9124103524,-21945.046094401136,16.61348936915271,
1010,1gpn,10,1,1,0.58251953125,1,-660213.8579084058,-638266.9124103524,-21945.052097103086,-43.66286317842219,
1011,1gpn,11,1,1,0.58251953125,1,-660212.4328497704,-638266.9124103524,-21945.051838322706,-10.80619797225602,
1012,1gpn,12,1,1,0.58251953125,1,-660190.1993690283,-638266.9124103524,-21945.051164568267,501.89451097526904,
1013,1gpn,13,1,1,0.58251953125,1,-660206.2400366864,-638266.9124103524,-21945.053108860673,132.03276365885034,
1014,1gpn,14,1,1,0.58251953125,1,-660209.7445534469,-638266.9124103524,-21945.05247131559,51.201985141958566,
1015,1gpn,15,1,1,0.58251953125,1,-660212.3543599185,-638266.9124103524,-21945.056021680724,-8.899708460513875,
1016,1gpn,16,1,1,0.58251953125,1,-660216.2890525653,-638266.9124103524,-21945.05560384245,-99.64551202129547,
1017,1gpn,17,1,1,0.58251953125,1,-660216.1796989063,-638266.9124103524,-21945.053639078687,-97.16906526408908,
1018,1gpn,18,1,1,0.58251953125,1,-660210.7792423414,-638266.9124103524,-21945.05162249336,27.321918094419154,
1019,1gpn,19,1,1,0.58251953125,1,-660214.5608466072,-638266.9124103524,-21945.051991303688,-59.87544298519228,
1020,1gpn,20,1,1,0.58251953125,1,-660215.8150255795,-638266.9124103524,-21945.051908901765,-88.7993973983044,
1021,1gpn,21,1,1,0.58251953125,1,-660216.5939970574,-638266.9124103524,-21945.051044368927,-106.78284302344531,
1022,1gpn,22,1,1,0.58251953125,1,-660215.430308293,-638266.9124103524,-21945.053266430547,-79.89630065282893,
1023,1gpn,23,1,1,0.58251953125,1,-660210.6688688968,-638266.9124103524,-21945.04960549322,29.820677065143244,
1024,1gpn,24,1,1,0.58251953125,1,-660212.8759148367,-638266.9124103524,-21945.047456729168,-21.124563071728982,
1025,1gpn,25,1,1,0.58251953125,1,-660196.8780267459,-638266.9124103524,-21945.051647013748,347.89213069275877,
1026,1gpn,26,1,1,0.58251953125,1,-660215.8463851314,-638266.9124103524,-21945.052624566084,-89.50606223182939,
1027,1gpn,27,1,1,0.58251953125,1,-660208.6967171635,-638266.9124103524,-21945.052365597232,75.36322594928494,
1028,1gpn,28,1,1,0.58251953125,1,-660213.1664464385,-638266.9124103524,-21945.051531060413,-27.73042466246485,
1029,1gpn,29,1,1,0.58251953125,1,-660216.3601106997,-638266.9124103524,-21945.05033113837,-101.4057429711135,
1030,1gpn,30,1,1,0.58251953125,1,-660193.8377226043,-638266.9124103524,-21945.053196955923,418.03895228506934,
1031,1gpn,31,1,1,0.58251953125,1,-660210.2281133541,-638266.9124103524,-21945.05469967704,40.10221600921433,
1032,1gpn,32,1,1,0.58251953125,1,-660215.2311869345,-638266.9124103524,-21945.051820544635,-75.3377959632929,
1033,1gpn,33,1,1,0.58251953125,1,-660214.176812157,-638266.9124103524,-21945.05163842734,-51.02753570044113,
1034,1gpn,34,1,1,0.58251953125,1,-660206.9414265335,-638266.9124103524,-21945.049848880008,115.78315260204731,
1035,1gpn,35,1,1,0.58251953125,1,-660214.6378226891,-638266.9124103524,-21945.05535347956,-61.57301998699289,
1036,1gpn,36,1,1,0.58251953125,1,-660211.6616882243,-638266.9124103524,-21945.05281333697,6.99969411014034,
1037,1gpn,37,1,1,0.58251953125,1,-660215.2687489195,-638266.9124103524,-21945.05537791315,-76.12196104738241,
1038,1gpn,38,1,1,0.58251953125,1,-660195.9737518555,-638266.9124103524,-21945.05356765644,368.7894961255628,
1039,1gpn,39,1,1,0.58251953125,1,-660213.0253813087,-638266.9124103524,-21945.051632988725,-24.475034967291194,
1040,1gpn,40,1,1,0.58251953125,1,-660214.9493093787,-638266.9124103524,-21945.048105867452,-68.92320759697773,
1041,1gpn,41,1,1,0.58251953125,1,-660208.2370621049,-638266.9124103524,-21945.050951962065,85.93052421432066,
1042,1gpn,42,1,1,0.58251953125,1,-660216.6731643371,-638266.9124103524,-21945.051928812798,-108.58808810219541,
1043,1gpn,43,1,1,0.58251953125,1,-660205.2120995807,-638266.9124103524,-21945.052523758983,155.72406368712868,
1044,1gpn,44,1,1,0.58251953125,1,-660212.0119977138,-638266.9124103524,-21945.055042780517,-1.0272224390693967,
1045,1gpn,45,1,1,0.58251953125,1,-660215.292427475,-638266.9124103524,-21945.050574656536,-76.77876723803493,
1046,1gpn,46,1,1,0.58251953125,1,-660214.7754782628,-638266.9124103524,-21945.052029673385,-64.82408171895086,
1047,1gpn,47,1,1,0.58251953125,1,-660194.1926883027,-638266.9124103524,-21945.052436220143,409.8357058341274,
1048,1gpn,48,1,1,0.58251953125,1,-660180.0949895331,-638266.9124103524,-21945.052517009626,734.9382256630043,
1049,1gpn,49,1,1,0.58251953125,1,-660215.882868875,-638266.9124103524,-21945.052134414782,-90.35870050586325,
1050,1gpn,50,1,1,0.58251953125,1,-660215.1976320401,-638266.9124103524,-21945.051660644367,-74.56768910417875,
1051,1gpn,51,1,1,0.58251953125,1,-660203.002530662,-638266.9124103524,-21945.05348255037,206.70004367612717,
1052,1gpn,52,1,1,0.58251953125,1,-660204.7971655646,-638266.9124103524,-21945.049487725286,165.2226568108805,
1053,1gpn,53,1,1,0.58251953125,1,-660157.2139464316,-638266.9124103524,-21945.052290317693,1262.5823868777832,
1054,1gpn,54,1,1,0.58251953125,1,-660211.8938989617,-638266.9124103524,-21945.05099119696,1.602767746231795,
1055,1gpn,55,1,1,0.58251953125,1,-660213.9079077373,-638266.9124103524,-21945.051953216018,-44.819193267969304,
1056,1gpn,56,1,1,0.58251953125,1,-660212.7882142711,-638266.9124103524,-21945.051124891852,-19.01755014340299,
1057,1gpn,57,1,1,0.58251953125,1,-660164.719775681,-638266.9124103524,-21945.054453984412,1089.543747803573,
1058,1gpn,58,1,1,0.58251953125,1,-660213.0475755382,-638266.9124103524,-21945.050236636944,-25.019046693334715,
1059,1gpn,59,1,1,0.58251953125,1,-660216.0006266093,-638266.9124103524,-21945.050158379374,-93.11982682824467,
1060,1gpn,60,1,1,0.58251953125,1,-660215.0759254243,-638266.9124103524,-21945.049782670587,-71.80437497376751,
1061,1gpn,61,1,1,0.58251953125,1,-660189.0084599116,-638266.9124103524,-21945.054465278274,529.4336438052524,
1062,1gpn,62,1,1,0.58251953125,1,-660212.3868335242,-638266.9124103524,-21945.051735461126,-9.747410170249868,
1063,1gpn,63,1,1,0.58251953125,1,-660205.217325587,-638266.9124103524,-21945.053791846854,155.632791920694,
1064,1gpn,64,1,1,0.58251953125,1,-660211.1011637287,-638266.9124103524,-21945.051725141442,19.900601665020535,
1065,1gpn,65,1,1,0.58251953125,1,-660213.0205056831,-638266.9124103524,-21945.050228272477,-24.39499389615276,
1066,1gpn,66,1,1,0.58251953125,1,-660159.227607266,-638266.9124103524,-21945.0546981836,1216.201791598314,
1067,1gpn,67,1,1,0.58251953125,1,-660216.3609098026,-638266.9124103524,-21945.04780914167,-101.4823293482291,
1068,1gpn,68,1,1,0.58251953125,1,-660215.1797782895,-638266.9124103524,-21945.05289029611,-74.12761539137622,
1069,1gpn,69,1,1,0.58251953125,1,-660211.1255531762,-638266.9124103524,-21945.048580304654,19.265645987252736,
1070,1gpn,70,1,1,0.58251953125,1,-660209.2968232324,-638266.9124103524,-21945.049163824613,61.45061661365433,
1071,1gpn,71,1,1,0.58251953125,1,-660205.3100499966,-638266.9124103524,-21945.05084678876,153.4266015837628,
1072,1gpn,72,1,1,0.58251953125,1,-660197.8588403234,-638266.9124103524,-21945.05232803577,325.28973701592787,
1073,1gpn,73,1,1,0.58251953125,1,-660191.5959162187,-638266.9124103524,-21945.049701815584,469.65563581558865,
1074,1gpn,74,1,1,0.58251953125,1,-660201.5777334172,-638266.9124103524,-21945.052144453937,239.52579145278114,
1075,1gpn,75,1,1,0.58251953125,1,-660215.8011778692,-638266.9124103524,-21945.05033119451,-88.51644440546556,
1076,1gpn,76,1,1,0.58251953125,1,-660208.9811128901,-638266.9124103524,-21945.054677805805,68.8582254915791,
1077,1gpn,77,1,1,0.58251953125,1,-660189.9989474074,-638266.9124103524,-21945.053046873985,506.5597503531013,
1078,1gpn,78,1,1,0.58251953125,1,-660209.437124376,-638266.9124103524,-21945.05244141062,58.29077831172052,
1079,1gpn,79,1,1,0.58251953125,1,-660172.4976928161,-638266.9124103524,-21945.055329757324,910.2009134914895,
1080,1gpn,80,1,1,0.58251953125,1,-660215.3210820545,-638266.9124103524,-21945.048009733873,-77.49870606180225,
1081,1gpn,81,1,1,0.58251953125,1,-660193.5414840314,-638266.9124103524,-21944.699547933677,416.7150358723633,
1082,1gpn,82,1,1,0.58251953125,1,-660215.9341364813,-638266.9124103524,-21944.59776315714,-102.01900971064316,
1083,1gpn,83,1,1,0.58251953125,1,-660185.608826553,-638266.9124103524,-21944.676939912744,599.1251097283352,
1084,1gpn,84,1,1,0.58251953125,1,-660201.752913545,-638266.9124103524,-21944.750735773447,228.5353924426392,
1085,1gpn,85,1,1,0.58251953125,1,-660175.5181784228,-638266.9124103524,-21944.702084751316,832.4008373285125,
1086,1gpn,86,1,1,0.58251953125,1,-660212.4063464152,-638266.9124103524,-21944.683909901938,-18.679647026390157,
1087,1gpn,87,1,1,0.58251953125,1,-660212.4917301002,-638266.9124103524,-21944.70777852997,-20.098217941589837,
1088,1gpn,88,1,1,0.58251953125,1,-660180.8782635195,-638266.9124103524,-21944.666525762546,707.9743288191028,
1089,1gpn,89,1,1,0.58251953125,1,-660212.3998986686,-638266.9124103524,-21944.73788640673,-17.286230688570097,
1090,1gpn,90,1,1,0.58251953125,1,-660194.5147074909,-638266.9124103524,-21944.71286991875,394.57918200731154,
1091,1gpn,91,1,1,0.58251953125,1,-660200.0398158827,-638266.9124103524,-21944.63188743507,265.29965523124645,
1092,1gpn,92,1,1,0.58251953125,1,-660194.3357392986,-638266.9124103524,-21944.719210429066,398.8525022077035,
1093,1gpn,93,1,1,0.58251953125,1,-660212.7302140173,-638266.9124103524,-21944.697468874885,-25.835534012549015,
1094,1gpn,94,1,1,0.58251953125,1,-660201.2746106653,-638266.9124103524,-21944.73810875793,239.2741329827866,
1095,1gpn,95,1,1,0.58251953125,1,-660215.5084407057,-638266.9124103524,-21944.722620272834,-89.32295842900304,
1096,1gpn,96,1,1,0.58251953125,1,-660183.3201903494,-638266.9124103524,-21944.70982411571,652.6606421042416,
1097,1gpn,97,1,1,0.58251953125,1,-660212.1345219852,-638266.9124103524,-21944.73466977495,-11.240676277956224,
1098,1gpn,98,1,1,0.58251953125,1,-660181.524526579,-638266.9124103524,-21944.73707525972,694.6980586792242,
1099,1gpn,99,1,1,0.58251953125,1,-660216.018696991,-638266.9124103524,-21944.757997459412,-100.27393059916541,
1100,1gpn,100,1,1,0.58251953125,1,-660214.9502839867,-638266.9124103524,-21945.051646145577,-68.86404183841546,
2001,1e66,1,1,2,0.58251953125,0,-672736.2698350002,-638266.9124103524,-34464.806122124806,-104.95552952265554,
2002,1e66,2,1,2,0.58251953125,0,-672734.4469673621,-638266.9124103524,-34464.80255865831,-63.00137865535589,
2003,1e66,3,1,2,0.58251953125,0,-672729.6182091518,-638266.9124103524,-34464.85303770729,49.516505539035634,
2004,1e66,4,1,2,0.58251953125,0,-672701.4057812806,-638266.9124103524,-34464.84794433339,699.9930918880307,
2005,1e66,5,1,2,0.58251953125,0,-672732.2349094425,-638266.9124103524,-34464.80228129565,-11.996507331468115,
2006,1e66,6,1,2,0.58251953125,0,-672707.9619768551,-638266.9124103524,-34464.856364062696,548.997793826552,
2007,1e66,7,1,2,0.58251953125,0,-672718.1107053263,-638266.9124103524,-34464.85265483646,314.87701870632293,
2008,1e66,8,1,2,0.58251953125,0,-672723.0337378014,-638266.9124103524,-34464.796492272,200.05405333959223,
2009,1e66,9,1,2,0.58251953125,0,-672730.823544142,-638266.9124103524,-34464.792013743616,20.31357431321969,
2010,1e66,10,1,2,0.58251953125,0,-672733.9045684593,-638266.9124103524,-34464.84792413384,-49.44721009520528,
2011,1e66,11,1,2,0.58251953125,0,-672714.8570241127,-638266.9124103524,-34464.85092803046,389.8688688655734,
2012,1e66,12,1,2,0.58251953125,0,-672725.2653761379,-638266.9124103524,-34464.85580548225,149.95904586082887,
2013,1e66,13,1,2,0.58251953125,0,-672733.921793811,-638266.9124103524,-34464.803429459476,-50.870507709955056,
2014,1e66,14,1,2,0.58251953125,0,-672732.4116059444,-638266.9124103524,-34464.79779368644,-16.17471219191662,
2015,1e66,15,1,2,0.58251953125,0,-672717.2126559725,-638266.9124103524,-34464.85225258642,335.5772526787806,
2016,1e66,16,1,2,0.58251953125,0,-672728.3353501318,-638266.9124103524,-34464.84682372001,78.95663937724296,
2017,1e66,17,1,2,0.58251953125,0,-672734.3308984601,-638266.9124103524,-34464.85232918763,-59.1770305180394,
2018,1e66,18,1,2,0.58251953125,0,-672717.752561908,-638266.9124103524,-34464.85550624696,323.2017572231299,
2019,1e66,19,1,2,0.58251953125,0,-672734.3198823811,-638266.9124103524,-34464.853162445484,-58.90377831901685,
2020,1e66,20,1,2,0.58251953125,0,-672731.7096948234,-638266.9124103524,-34464.80721577938,0.22902141219364403,
2021,1e66,21,1,2,0.58251953125,0,-672734.3023861831,-638266.9124103524,-34464.85343038391,-58.49412759973892,
2022,1e66,22,1,2,0.58251953125,0,-672734.4553105887,-638266.9124103524,-34464.80683934159,-63.09506313051558,
2023,1e66,23,1,2,0.58251953125,0,-672733.1046984479,-638266.9124103524,-34464.85258320793,-30.894328638228032,
2024,1e66,24,1,2,0.58251953125,0,-672734.7566916811,-638266.9124103524,-34464.80600353959,-70.0643502790657,
2025,1e66,25,1,2,0.58251953125,0,-672734.9066600058,-638266.9124103524,-34464.806453313075,-73.51232998081682,
2026,1e66,26,1,2,0.58251953125,0,-672733.5147115564,-638266.9124103524,-34464.80024372368,-41.556432718348475,
2027,1e66,27,1,2,0.58251953125,0,-672695.9276003549,-638266.9124103524,-34464.83809494717,826.0958129080491,
2028,1e66,28,1,2,0.58251953125,0,-672734.3691519449,-638266.9124103524,-34464.80234025873,-61.21194891905696,
2029,1e66,29,1,2,0.58251953125,0,-672696.4480880104,-638266.9124103524,-34464.84989626991,814.3652273998234,
2030,1e66,30,1,2,0.58251953125,0,-672714.1036229264,-638266.9124103524,-34464.800910458725,406.08928035299874,
2031,1e66,31,1,2,0.58251953125,0,-672719.9457341378,-638266.9124103524,-34464.84410699543,272.3631311317686,
2032,1e66,32,1,2,0.58251953125,0,-672730.4374816192,-638266.9124103524,-34464.848526865455,30.51961113434949,
2033,1e66,33,1,2,0.58251953125,0,-672731.4642048165,-638266.9124103524,-34464.85327306321,6.952261654200429,
2034,1e66,34,1,2,0.58251953125,0,-672698.3223748395,-638266.9124103524,-34464.848867201814,771.1194154566965,
2035,1e66,35,1,2,0.58251953125,0,-672696.806778331,-638266.9124103524,-34464.84832439542,806.0573838176643,
2036,1e66,36,1,2,0.58251953125,0,-672729.8697494294,-638266.9124103524,-34464.799657113865,42.484863207781196,
2037,1e66,37,1,2,0.58251953125,0,-672712.0642164425,-638266.9124103524,-34464.852082293844,454.29916167185047,
2038,1e66,38,1,2,0.58251953125,0,-672734.6352873995,-638266.9124103524,-34464.85452613762,-66.14574334400425,
2039,1e66,39,1,2,0.58251953125,0,-672683.5479777132,-638266.9124103524,-34464.85537600129,1111.9752035374747,
2040,1e66,40,1,2,0.58251953125,0,-672733.56962619,-638266.9124103524,-34464.79792092847,-42.87635918378178,
2041,1e66,41,1,2,0.58251953125,0,-672735.4094802053,-638266.9124103524,-34464.85092755749,-84.08203880035293,
2042,1e66,42,1,2,0.58251953125,0,-672713.4612256554,-638266.9124103524,-34464.84671045751,421.95948640985466,
2043,1e66,43,1,2,0.58251953125,0,-672691.2417834117,-638266.9124103524,-34464.80446363093,933.3777620749981,
2044,1e66,44,1,2,0.58251953125,0,-672694.3097461616,-638266.9124103524,-34464.79943551652,862.5129092664924,
2045,1e66,45,1,2,0.58251953125,0,-672723.8769206353,-638266.9124103524,-34464.806856894895,180.8488091486469,
2046,1e66,46,1,2,0.58251953125,0,-672716.1155045837,-638266.9124103524,-34464.85288596735,360.892770868161,
2047,1e66,47,1,2,0.58251953125,0,-672721.7255812497,-638266.9124103524,-34464.80463905084,230.40872925258853,
2048,1e66,48,1,2,0.58251953125,0,-672729.9927494365,-638266.9124103524,-34464.850259422165,40.81533261124903,
2049,1e66,49,1,2,0.58251953125,0,-672722.4063677159,-638266.9124103524,-34464.84796418241,215.7085216545811,
2050,1e66,50,1,2,0.58251953125,0,-672725.6054626944,-638266.9124103524,-34464.85229429301,142.03549361050474,
2051,1e66,51,1,2,0.58251953125,0,-672732.4884305602,-638266.9124103524,-34464.801419688716,-17.862712320835925,
2052,1e66,52,1,2,0.58251953125,0,-672724.2305974315,-638266.9124103524,-34464.805525448726,172.6621245954221,
2053,1e66,53,1,2,0.58251953125,0,-672717.9518308352,-638266.9124103524,-34464.795681520125,317.22691562127795,
2054,1e66,54,1,2,0.58251953125,0,-672702.6415054124,-638266.9124103524,-34464.85082184005,671.5629733209593,
2055,1e66,55,1,2,0.58251953125,0,-672716.4967333538,-638266.9124103524,-34464.84758090748,351.97908899324733,
2056,1e66,56,1,2,0.58251953125,0,-672726.204385356,-638266.9124103524,-34464.84938047,128.15681457045193,
2057,1e66,57,1,2,0.58251953125,0,-672727.3679410452,-638266.9124103524,-34464.80379223367,100.2732932428175,
2058,1e66,58,1,2,0.58251953125,0,-672700.1330356385,-638266.9124103524,-34464.846238139384,729.3039578756295,
2059,1e66,59,1,2,0.58251953125,0,-672733.8159650182,-638266.9124103524,-34464.84605376082,-47.44709803215129,
2060,1e66,60,1,2,0.58251953125,0,-672717.4872123307,-638266.9124103524,-34464.841435253154,328.9963790165461,
2061,1e66,61,1,2,0.58251953125,0,-672719.1570229969,-638266.9124103524,-34464.849189436005,290.66844598422017,
2062,1e66,62,1,2,0.58251953125,0,-672721.05170867,-638266.9124103524,-34464.85104840333,247.01882520155723,
2063,1e66,63,1,2,0.58251953125,0,-672722.8001965422,-638266.9124103524,-34464.799828617084,205.5165806630604,
2064,1e66,64,1,2,0.58251953125,0,-672725.9436905244,-638266.9124103524,-34464.80336863717,133.1075221323137,
2065,1e66,65,1,2,0.58251953125,0,-672719.9685745317,-638266.9124103524,-34464.80379197402,270.9067326554605,
2066,1e66,66,1,2,0.58251953125,0,-672734.323892467,-638266.9124103524,-34464.85232799205,-59.015496048515836,
2067,1e66,67,1,2,0.58251953125,0,-672717.6284114924,-638266.9124103524,-34464.85253447385,325.99620310281273,
2068,1e66,68,1,2,0.58251953125,0,-672692.461017715,-638266.9124103524,-34464.85661069895,906.4640910625492,
2069,1e66,69,1,2,0.58251953125,0,-672733.6895601207,-638266.9124103524,-34464.85170521098,-44.40180630954814,
2070,1e66,70,1,2,0.58251953125,0,-672712.4663198374,-638266.9124103524,-34466.38017683784,480.2651344235249,
2071,1e66,71,1,2,0.58251953125,0,-672736.9540771698,-638266.9124103524,-34466.30863678569,-86.08571759908874,
2072,1e66,72,1,2,0.58251953125,0,-672736.9932060041,-638266.9124103524,-34466.22477474319,-88.9219545981113,
2073,1e66,73,1,2,0.58251953125,0,-672682.3858054638,-638266.9124103524,-34466.35348115661,1173.3226578719155,
2074,1e66,74,1,2,0.58251953125,0,-672735.0184146933,-638266.9124103524,-34466.19259268096,-44.12432110416753,
2075,1e66,75,1,2,0.58251953125,0,-672704.0462715112,-638266.9124103524,-34466.353305408884,673.8163917118263,
2076,1e66,76,1,2,0.58251953125,0,-672705.2461021787,-638266.9124103524,-34466.31729974332,645.3173288432245,
2077,1e66,77,1,2,0.58251953125,0,-672733.1021066387,-638266.9124103524,-34466.32908892574,3.214470628147465,
2078,1e66,78,1,2,0.58251953125,0,-672723.0919004489,-638266.9124103524,-34466.25163664094,232.26921714465064,
2079,1e66,79,1,2,0.58251953125,0,-672715.0123618996,-638266.9124103524,-34466.364011616155,421.1792308009455,
2080,1e66,80,1,2,0.58251953125,0,-672687.4733552501,-638266.9124103524,-34466.31804670974,1055.1838349269624,
2081,1e66,81,1,2,0.58251953125,0,-672733.9984638066,-638266.9124103524,-34466.34108916538,-17.17928461453172,
2082,1e66,82,1,2,0.58251953125,0,-672732.1401905225,-638266.9124103524,-34466.21300499357,22.719824164309397,
2083,1e66,83,1,2,0.58251953125,0,-672732.5426761446,-638266.9124103524,-34466.24353699773,14.14236996716609,
2084,1e66,84,1,2,0.58251953125,0,-672687.8740530137,-638266.9124103524,-34466.37474914875,1047.2511142893882,
2085,1e66,85,1,2,0.58251953125,0,-672708.0689520283,-638266.9124103524,-34466.33039892019,580.5229390628316,
2086,1e66,86,1,2,0.58251953125,0,-672733.5301220064,-638266.9124103524,-34466.24836580617,-8.51731759110148,
2087,1e66,87,1,2,0.58251953125,0,-672708.5392308292,-638266.9124103524,-34466.27091227908,568.3062577475936,
2088,1e66,88,1,2,0.58251953125,0,-672726.6754453821,-638266.9124103524,-34466.21715861353,148.83562560837117,
2089,1e66,89,1,2,0.58251953125,0,-672737.3055677103,-638266.9124103524,-34466.354273266006,-93.1388797841826,
2090,1e66,90,1,2,0.58251953125,0,-672703.2645492587,-638266.9124103524,-34466.36050600126,692.0093847106045,
2091,1e66,91,1,2,0.58251953125,0,-672737.4490708902,-638266.9124103524,-34466.221500036794,-99.50996513075413,
2092,1e66,92,1,2,0.58251953125,0,-672736.1460656096,-638266.9124103524,-34466.3226337871,-67.12974984869875,
2093,1e66,93,1,2,0.58251953125,0,-672711.0908443402,-638266.9124103524,-34466.37094787263,511.77152792332464,
2094,1e66,94,1,2,0.58251953125,0,-672727.1770798347,-638266.9124103524,-34466.263633588154,138.33939869575866,
2095,1e66,95,1,2,0.58251953125,0,-672680.434118346,-638266.9124103524,-34466.26508345318,1216.2911325343703,
2096,1e66,96,1,2,0.58251953125,0,-672737.3393768453,-638266.9124103524,-34466.346629532054,-94.0948056506661,
2097,1e66,97,1,2,0.58251953125,0,-672737.2470923254,-638266.9124103524,-34466.22080166829,-94.86833353563345,
2098,1e66,98,1,2,0.58251953125,0,-672718.9210822056,-638266.9124103524,-34466.321585552614,330.0636309602692,
2099,1e66,99,1,2,0.58251953125,0,-672735.7227800363,-638266.9124103524,-34464.80241347428,-92.42566587483813,
2100,1e66,100,1,2,0.58251953125,0,-672736.7392927171,-638266.9124103524,-34464.803774369626,-115.83562217863334,
3001,1h23,1,1,3,0.58251953125,2,-680180.9251234567,-638266.9124103524,-41914.86397604198,19.6305896892526,
3002,1h23,2,1,3,0.58251953125,2,-680171.9311867756,-638266.9124103524,-41914.875226851786,227.29514654895112,
3003,1h23,3,1,3,0.58251953125,2,-680161.8034567351,-638266.9124103524,-41915.114698058016,466.36848676795125,
3004,1h23,4,1,3,0.58251953125,2,-680174.1453337417,-638266.9124103524,-41914.59403817438,169.75133958807086,
3005,1h23,5,1,3,0.58251953125,2,-680144.6151510621,-638266.9124103524,-41914.953437756594,859.0214809723486,
3006,1h23,6,1,3,0.58251953125,2,-680139.5630348269,-638266.9124103524,-41915.15099573612,980.0818442973987,
3007,1h23,7,1,3,0.58251953125,2,-680182.1289714001,-638266.9124103524,-41915.27652028282,1.3826928092253792,
3008,1h23,8,1,3,0.58251953125,2,-680122.9439966234,-638266.9124103524,-41915.30295323631,1366.8301928893534,
3009,1h23,9,1,3,0.58251953125,2,-680165.0682807994,-638266.9124103524,-41914.830877043285,384.5347871883251,
3010,1h23,10,1,3,0.58251953125,2,-680145.6813833271,-638266.9124103524,-41914.932034724145,833.9400151738602,
3011,1h23,11,1,3,0.58251953125,2,-680168.1960703,-638266.9124103524,-41915.092094650114,318.4300689239792,
3012,1h23,12,1,3,0.58251953125,2,-680113.1044901643,-638266.9124103524,-41902.13746549389,1290.131242421099,
3013,1h23,13,1,3,0.58251953125,2,-680101.5944857786,-638266.9124103524,-41905.133612631376,1624.6510434602494,
3014,1h23,14,1,3,0.58251953125,2,-680089.1218449621,-638266.9124103524,-41904.52752325335,1898.3002204910888,
3015,1h23,15,1,3,0.58251953125,2,-680103.3137988457,-638266.9124103524,-41909.21010389239,1679.0088639450269,
3016,1h23,16,1,3,0.58251953125,2,-680087.9829403216,-638266.9124103524,-41910.81081280555,2069.460084681392,
3017,1h23,17,1,3,0.58251953125,2,-680124.3625082488,-638266.9124103524,-41910.900589669516,1232.5976221042488,
3018,1h23,18,1,3,0.58251953125,2,-680116.9899722543,-638266.9124103524,-41905.33704373913,1274.3139240030196,
3019,1h23,19,1,3,0.58251953125,2,-680180.1657550737,-638266.9124103524,-41914.88252141047,37.5697069657211,
3020,1h23,20,1,3,0.58251953125,2,-680101.3977213206,-638266.9124103524,-41888.38482467946,1242.9523139845605,
3021,1h23,21,1,3,0.58251953125,2,-680109.2915931682,-638266.9124103524,-41906.447224921896,1477.444149402097,
3022,1h23,22,1,3,0.58251953125,2,-680129.1386524806,-638266.9124103524,-41908.612510452105,1069.6927593678606,
3023,1h23,23,1,3,0.58251953125,2,-680077.7403446878,-638266.9124103524,-41901.47368551678,2090.3406807593983,
3024,1h23,24,1,3,0.58251953125,2,-680103.7399858111,-638266.9124103524,-41877.836274117006,945.6830568817787,
3025,1h23,25,1,3,0.58251953125,2,-680149.747850591,-638266.9124103524,-41903.07281015411,466.6848369028115,
3026,1h23,26,1,3,0.58251953125,2,-680049.2340527696,-638266.9124103524,-41881.589929447866,2289.181081133644,
3027,1h23,27,1,3,0.58251953125,2,-680103.5396637155,-638266.9124103524,-41889.881020545945,1228.06104527968,
3028,1h23,28,1,3,0.58251953125,2,-680099.295916814,-638266.9124103524,-41904.466147519444,1662.2651918710985,
3029,1h23,29,1,3,0.58251953125,2,-680134.6473700322,-638266.9124103524,-41913.08829064157,1045.8726579224747,
3030,1h23,30,1,3,0.58251953125,2,-680084.0363629375,-638266.9124103524,-41890.8426497355,1699.9935416464937,
3031,1h23,31,1,3,0.58251953125,2,-680101.7736934396,-638266.9124103524,-41911.13590307778,1758.934522555762,
3032,1h23,32,1,3,0.58251953125,2,-680103.2914988869,-638266.9124103524,-41896.999355495565,1397.9365657603591,
3033,1h23,33,1,3,0.58251953125,2,-680066.4906450665,-638266.9124103524,-41881.24211983353,1883.2139288306073,
3034,1h23,34,1,3,0.58251953125,2,-680076.2714114734,-638266.9124103524,-41898.26243395285,2050.161865124646,
3035,1h23,35,1,3,0.58251953125,2,-680092.2584997615,-638266.9124103524,-41870.729847864175,1046.5743325869294,
3036,1h23,36,1,3,0.58251953125,2,-680114.4986313649,-638266.9124103524,-41911.25268749562,1468.1835955399572,
3037,1h23,37,1,3,0.58251953125,2,-680176.6133049346,-638266.9124103524,-41914.99402411069,122.06246666533725,
3038,1h23,38,1,3,0.58251953125,2,-680098.4626800219,-638266.9124103524,-41901.24801641877,1607.2682225978842,
3039,1h23,39,1,3,0.58251953125,2,-680126.3137818837,-638266.9124103524,-41898.13516263269,893.2224423546228,
3040,1h23,40,1,3,0.58251953125,2,-680110.8268998878,-638266.9124103524,-41911.9923775186,1569.9133920446006,
3041,1h23,41,1,3,0.58251953125,2,-680094.1944005666,-638266.9124103524,-41903.37025715676,1754.6371191767007,
3042,1h23,42,1,3,0.58251953125,2,-680151.5585592123,-638266.9124103524,-41909.36872292636,570.1161017562476,
3043,1h23,43,1,3,0.58251953125,2,-680124.1649076518,-638266.9124103524,-41910.88750014659,1236.852548551747,
3044,1h23,44,1,3,0.58251953125,2,-680135.3380719112,-638266.9124103524,-41913.12086682801,1030.6959189083673,
3045,1h23,45,1,3,0.58251953125,2,-680098.3142253236,-638266.9124103524,-41910.143896465386,1815.8355365783598,
3046,1h23,46,1,3,0.58251953125,2,-680105.9360530516,-638266.9124103524,-41907.05958097556,1568.9460088222859,
3047,1h23,47,1,3,0.58251953125,2,-680111.6555442852,-638266.9124103524,-41911.56946615443,1541.0518305413955,
3048,1h23,48,1,3,0.58251953125,2,-680067.0402092206,-638266.9124103524,-41882.69827565324,1904.1204292977648,
3049,1h23,49,1,3,0.58251953125,2,-680071.4832742573,-638266.9124103524,-41910.020076713496,2431.716615673808,
3050,1h23,50,1,3,0.58251953125,2,-680101.5002519181,-638266.9124103524,-41899.97445090441,1507.8510321368506,
3051,1h23,51,1,3,0.58251953125,2,-680122.4958690729,-638266.9124103524,-41914.166253105424,1350.9513319654768,
3052,1h23,52,1,3,0.58251953125,2,-680134.6343951068,-638266.9124103524,-41892.6299190395,574.3906099427096,
3053,1h23,53,1,3,0.58251953125,2,-680126.9109131689,-638266.9124103524,-41897.12514112363,856.1606184707548,
3054,1h23,54,1,3,0.58251953125,2,-680134.4701521102,-638266.9124103524,-41911.58849380284,1015.3732635520284,
3055,1h23,55,1,3,0.58251953125,2,-680077.272105001,-638266.9124103524,-41911.15907788982,2324.4889985298187,
3056,1h23,56,1,3,0.58251953125,2,-680148.0019389474,-638266.9124103524,-41913.46518951708,746.6004772420314,
3057,1h23,57,1,3,0.58251953125,2,-680053.3774265214,-638266.9124103524,-41907.7093555613,2795.960887747821,
3058,1h23,58,1,3,0.58251953125,2,-680137.117885192,-638266.9124103524,-41910.03168261155,918.4141692358404,
3059,1h23,59,1,3,0.58251953125,2,-680125.9826982681,-638266.9124103524,-41892.37290935443,767.976694571448,
3060,1h23,60,1,3,0.58251953125,2,-680137.2908126251,-638266.9124103524,-41897.23048968721,619.2238461741166,
3061,1h23,61,1,3,0.58251953125,2,-680124.8920301609,-638266.9124103524,-41911.40838601872,1232.0966187217734,
3062,1h23,62,1,3,0.58251953125,2,-680040.9727391911,-638266.9124103524,-41900.14701583209,2907.6280762138203,
3063,1h23,63,1,3,0.58251953125,2,-680111.1656788214,-638266.9124103524,-41898.54564532254,1252.0119532688877,
3064,1h23,64,1,3,0.58251953125,2,-680085.3823656661,-638266.9124103524,-41885.12445518746,1537.0892824644732,
3065,1h23,65,1,3,0.58251953125,2,-680096.1723374168,-638266.9124103524,-41910.90106254841,1882.6893097747065,
3066,1h23,66,1,3,0.58251953125,2,-680116.2306859328,-638266.9124103524,-41911.00618160211,1422.556907384053,
3067,1h23,67,1,3,0.58251953125,2,-680122.0513344667,-638266.9124103524,-41906.303582685905,1179.885056228025,
3068,1h23,68,1,3,0.58251953125,2,-680129.2576665104,-638266.9124103524,-41900.80088674875,886.807908593849,
3069,1h23,69,1,3,0.58251953125,2,-680119.4569782756,-638266.9124103524,-41891.32483758834,894.2942634978027,
3070,1h23,70,1,3,0.58251953125,2,-680145.1441761907,-638266.9124103524,-41913.49586354597,813.2094118904199,
3071,1h23,71,1,3,0.58251953125,2,-680120.4201135301,-638266.9124103524,-41913.21694903061,1376.9279199201621,
3072,1h23,72,1,3,0.58251953125,2,-680098.5434506785,-638266.9124103524,-41892.04586726881,1393.1990063912604,
3073,1h23,73,1,3,0.58251953125,2,-680119.9106855551,-638266.9124103524,-41912.256518186114,1366.527546677477,
3074,1h23,74,1,3,0.58251953125,2,-680121.7587630847,-638266.9124103524,-41911.67491831889,1310.4978548555573,
3075,1h23,75,1,3,0.58251953125,2,-679999.9359103333,-638266.9124103524,-41900.38800159566,3859.5170946344697,
3076,1h23,76,1,3,0.58251953125,2,-680056.9359703985,-638266.9124103524,-41891.49649967047,2340.021577721323,
3077,1h23,77,1,3,0.58251953125,2,-680164.4554330476,-638266.9124103524,-41913.690439399106,372.3682752406672,
3078,1h23,78,1,3,0.58251953125,2,-680169.4627173792,-638266.9124103524,-41913.74414177792,258.1359616855032,
3079,1h23,79,1,3,0.58251953125,2,-680176.1129148994,-638266.9124103524,-41913.086094508464,89.60383315686245,
3080,1h23,80,1,3,0.58251953125,2,-680151.9185489716,-638266.9124103524,-41912.77616687249,640.3920647911166,
3081,1h23,81,1,3,0.58251953125,2,-680165.5871453872,-638266.9124103524,-41914.856511208505,373.1606234377327,
3082,1h23,82,1,3,0.58251953125,2,-680149.129571731,-638266.9124103524,-41913.777922427034,727.8084397283791,
3083,1h23,83,1,3,0.58251953125,2,-680170.8888183417,-638266.9124103524,-41914.19328229273,235.60671855410794,
3084,1h23,84,1,3,0.58251953125,2,-680133.2834806497,-638266.9124103524,-41912.94730643663,1074.0735212608454,
3085,1h23,85,1,3,0.58251953125,2,-680139.0945216613,-638266.9124103524,-41913.262709090195,947.3410900457476,
3086,1h23,86,1,3,0.58251953125,2,-680182.2521707242,-638266.9124103524,-41915.14734599012,-4.4371810528592945,
3087,1h23,87,1,3,0.58251953125,2,-680151.7715654382,-638266.9124103524,-41912.720833363135,642.5055645542119,
3088,1h23,88,1,3,0.58251953125,2,-680161.521005624,-638266.9124103524,-41913.34027535942,431.9628046131471,
3089,1h23,89,1,3,0.58251953125,2,-680131.0270173564,-638266.9124103524,-41913.10093140009,1129.6514767826693,
3090,1h23,90,1,3,0.58251953125,2,-680159.4326602145,-638266.9124103524,-41913.46164133059,482.919959598707,
3091,1h23,91,1,3,0.58251953125,2,-680168.1997296656,-638266.9124103524,-41914.98914296985,315.9715597992285,
3092,1h23,92,1,3,0.58251953125,2,-680148.978059259,-638266.9124103524,-41913.835784897296,732.6367405979803,
3093,1h23,93,1,3,0.58251953125,2,-680166.1811621055,-638266.9124103524,-41915.28428451069,369.32695918829256,
3094,1h23,94,1,3,0.58251953125,2,-680176.8953402747,-638266.9124103524,-41914.40018054409,101.86421924389518,
3095,1h23,95,1,3,0.58251953125,2,-680173.4087191587,-638266.9124103524,-41914.60442474377,186.9775953909692,
3096,1h23,96,1,3,0.58251953125,2,-680164.7696341468,-638266.9124103524,-41914.510479045246,384.03318924657356,
3097,1h23,97,1,3,0.58251953125,2,-680160.7104062681,-638266.9124103524,-41915.091828059165,491.0474346403281,
3098,1h23,98,1,3,0.58251953125,2,-680109.4569926327,-638266.9124103524,-41914.83196675599,1666.9866872513348,
3099,1h23,99,1,3,0.58251953125,2,-680150.3732774225,-638266.9124103524,-41914.66606998007,719.609074268916,
3100,1h23,100,1,3,0.58251953125,2,-680159.7987971713,-638266.9124103524,-41913.71243477427,480.26007499644436,
4001,1h22,1,1,4,0.58251953125,2,-678027.0028546216,-638266.9124103524,-39776.176447184516,370.9520396311864,
4002,1h22,2,1,4,0.58251953125,2,-678041.3817105535,-638266.9124103524,-39775.73153790361,29.1078929108532,
4003,1h22,3,1,4,0.58251953125,2,-677969.3857845787,-638266.9124103524,-39775.0285361645,1673.1617822327094,
4004,1h22,4,1,4,0.58251953125,2,-678031.204139442,-638266.9124103524,-39776.144385489686,273.32874983474295,
4005,1h22,5,1,4,0.58251953125,2,-678040.1294590925,-638266.9124103524,-39776.214896705984,69.13201640547693,
4006,1h22,6,1,4,0.58251953125,2,-678025.8317454263,-638266.9124103524,-39776.420375593865,403.5835819960769,
4007,1h22,7,1,4,0.58251953125,2,-678034.6730747725,-638266.9124103524,-39775.894268869306,187.56537443657336,
4008,1h22,8,1,4,0.58251953125,2,-678008.754282905,-638266.9124103524,-39776.00160934632,787.7422442119544,
4009,1h22,9,1,4,0.58251953125,2,-678041.0205228182,-638266.9124103524,-39776.19000191785,48.009511286532096,
4010,1h22,10,1,4,0.58251953125,2,-678014.075649764,-638266.9124103524,-39775.02669071661,642.5464515438624,
4011,1h22,11,1,4,0.58251953125,2,-678042.8946379062,-638266.9124103524,-39776.41743221751,10.036057962513015,
4012,1h22,12,1,4,0.58251953125,2,-678026.7259875602,-638266.9124103524,-39776.22079156482,378.35935144600296,
4013,1h22,13,1,4,0.58251953125,2,-678019.2374897464,-638266.9124103524,-39776.319749267655,553.3302323004497,
4014,1h22,14,1,4,0.58251953125,2,-678010.1545299162,-638266.9124103524,-39775.85847209751,752.1509576626222,
4015,1h22,15,1,4,0.58251953125,2,-678005.4853488117,-638266.9124103524,-39772.665426650536,786.1914545978055,
4016,1h22,16,1,4,0.58251953125,2,-677944.8237850163,-638266.9124103524,-39767.39294370783,2063.494002895671,
4017,1h22,17,1,4,0.58251953125,2,-677995.5247660353,-638266.9124103524,-39745.310570027235,385.06997057387815,
4018,1h22,18,1,4,0.58251953125,2,-678000.9075158082,-638266.9124103524,-39768.67581391675,799.7561362620637,
4019,1h22,19,1,4,0.58251953125,2,-677977.898272628,-638266.9124103524,-39760.96537382653,1152.5549166716064,
4020,1h22,20,1,4,0.58251953125,2,-677983.7292371833,-638266.9124103524,-39752.46847647469,822.146571849597,
4021,1h22,21,1,4,0.58251953125,2,-678004.8312693235,-638266.9124103524,-39773.24992079764,814.7536411576193,
4022,1h22,22,1,4,0.58251953125,2,-677990.1968494961,-638266.9124103524,-39771.60212904542,1114.2323990431241,
4023,1h22,23,1,4,0.58251953125,2,-677943.5934648949,-638266.9124103524,-39771.41960106183,2184.7227834114765,
4024,1h22,24,1,4,0.58251953125,2,-677941.9772386227,-638266.9124103524,-39767.51439651839,2131.937690504026,
4025,1h22,25,1,4,0.58251953125,2,-677914.3547275568,-638266.9124103524,-39757.008642477,2526.6594845731315,
4026,1h22,26,1,4,0.58251953125,2,-677977.0211775837,-638266.9124103524,-39754.397166441035,1021.3147483166141,
4027,1h22,27,1,4,0.58251953125,2,-677953.5142340603,-638266.9124103524,-39766.87005586535,1851.0294069455247,
4028,1h22,28,1,4,0.58251953125,2,-677945.8572139632,-638266.9124103524,-39772.89517518953,2166.547037495868,
4029,1h22,29,1,4,0.58251953125,2,-677986.7610464742,-638266.9124103524,-39775.54963976708,1284.4956587745667,
4030,1h22,30,1,4,0.58251953125,2,-677959.1258198563,-638266.9124103524,-39742.79737494671,1166.493954555859,
4031,1h22,31,1,4,0.58251953125,2,-678003.9168365219,-638266.9124103524,-39774.8252715765,872.1694145011647,
4032,1h22,32,1,4,0.58251953125,2,-678002.4609651119,-638266.9124103524,-39759.59982652704,554.6355029831838,
4033,1h22,33,1,4,0.58251953125,2,-678013.503527679,-638266.9124103524,-39775.09367344637,657.2845586939964,
4034,1h22,34,1,4,0.58251953125,2,-677934.8371033863,-638266.9124103524,-39730.50234614507,1443.0749626976758,
4035,1h22,35,1,4,0.58251953125,2,-677986.2339657785,-638266.9124103524,-39760.62955440092,952.5850861457104,
4036,1h22,36,1,4,0.58251953125,2,-678012.0753753582,-638266.9124103524,-39762.54560873979,400.8532872492451,
4037,1h22,37,1,4,0.58251953125,2,-677939.3768357245,-638266.9124103524,-39746.13572118075,1698.9004407395585,
4038,1h22,38,1,4,0.58251953125,2,-677924.0084288729,-638266.9124103524,-39759.187274555436,2354.280292880839,
4039,1h22,39,1,4,0.58251953125,2,-678004.919353645,-638266.9124103524,-39774.92146251196,851.2690361030488,
4040,1h22,40,1,4,0.58251953125,2,-677964.0742970088,-638266.9124103524,-39767.61732638357,1624.741037755225,
4041,1h22,41,1,4,0.58251953125,2,-677995.9045351092,-638266.9124103524,-39754.92067893908,597.9266638993294,
4042,1h22,42,1,4,0.58251953125,2,-678012.3098353862,-638266.9124103524,-39764.811931057164,447.70914475845365,
4043,1h22,43,1,4,0.58251953125,2,-678014.6875197864,-638266.9124103524,-39774.81045675448,623.4499200005191,
4044,1h22,44,1,4,0.58251953125,2,-678006.7929641157,-638266.9124103524,-39773.38474973575,772.6251137477188,
4045,1h22,45,1,4,0.58251953125,2,-677961.6372581066,-638266.9124103524,-39772.4871546888,1793.241398483969,
4046,1h22,46,1,4,0.58251953125,2,-677995.3731008705,-638266.9124103524,-39775.58138690103,1086.6290727496673,
4047,1h22,47,1,4,0.58251953125,2,-677982.4797854685,-638266.9124103524,-39773.86715366578,1344.4248317578185,
4048,1h22,48,1,4,0.58251953125,2,-678005.9066814274,-638266.9124103524,-39771.602734630804,751.9690335115218,
4049,1h22,49,1,4,0.58251953125,2,-678001.1673975816,-638266.9124103524,-39765.64419325809,723.8522869934268,
4050,1h22,50,1,4,0.58251953125,2,-677990.8032268848,-638266.9124103524,-39764.133910769975,928.0277995171388,
4051,1h22,51,1,4,0.58251953125,2,-678010.2717375845,-638266.9124103524,-39762.917866364915,451.0306271689359,
4052,1h22,52,1,4,0.58251953125,2,-678019.2999414075,-638266.9124103524,-39775.29816866852,528.3318545134647,
4053,1h22,53,1,4,0.58251953125,2,-677987.566674378,-638266.9124103524,-39774.33066507607,1237.8072137993552,
4054,1h22,54,1,4,0.58251953125,2,-678010.97832272,-638266.9124103524,-39775.96105904904,735.5195556106057,
4055,1h22,55,1,4,0.58251953125,2,-677988.5310689913,-638266.9124103524,-39772.2978076004,1168.688938641542,
4056,1h22,56,1,4,0.58251953125,2,-678007.1081112677,-638266.9124103524,-39771.57999248057,723.7389567710305,
4057,1h22,57,1,4,0.58251953125,2,-677971.6738310808,-638266.9124103524,-39772.81717916041,1569.4030724703025,
4058,1h22,58,1,4,0.58251953125,2,-678022.0514447036,-638266.9124103524,-39776.35370921212,489.22202434084124,
4059,1h22,59,1,4,0.58251953125,2,-677964.9115438922,-638266.9124103524,-39775.25520067198,1781.5672313059085,
4060,1h22,60,1,4,0.58251953125,2,-677939.1560724475,-638266.9124103524,-39752.45136194104,1849.6334986798408,
4061,1h22,61,1,4,0.58251953125,2,-677984.4156415928,-638266.9124103524,-39754.13606617828,844.7732422553564,
4062,1h22,62,1,4,0.58251953125,2,-677983.0673588166,-638266.9124103524,-39767.32516391397,1180.0132008814678,
4063,1h22,63,1,4,0.58251953125,2,-677922.9927042618,-638266.9124103524,-39755.144736231894,2284.480310491155,
4064,1h22,64,1,4,0.58251953125,2,-677969.240635038,-638266.9124103524,-39740.112716867945,871.3310892260357,
4065,1h22,65,1,4,0.58251953125,2,-678019.473937861,-638266.9124103524,-39776.036425402934,541.3440057097903,
4066,1h22,66,1,4,0.58251953125,2,-677951.3985559567,-638266.9124103524,-39775.627048125134,2101.7591419078135,
4067,1h22,67,1,4,0.58251953125,2,-677946.4705788941,-638266.9124103524,-39768.59044383573,2053.1330428855613,
4068,1h22,68,1,4,0.58251953125,2,-678000.386509243,-638266.9124103524,-39775.35375917388,965.7679090909945,
4069,1h22,69,1,4,0.58251953125,2,-677943.7715611571,-638266.9124103524,-39775.411874944155,2272.679808855801,
4070,1h22,70,1,4,0.58251953125,2,-677982.5851504146,-638266.9124103524,-39773.396935180004,1331.1515624973456,
4071,1h22,71,1,4,0.58251953125,2,-677989.3901092059,-638266.9124103524,-39774.80799634303,1206.7653282484266,
4072,1h22,72,1,4,0.58251953125,2,-678005.9738460986,-638266.9124103524,-39775.67539873115,844.3380446815985,
4073,1h22,73,1,4,0.58251953125,2,-677947.8028369223,-638266.9124103524,-39770.01650440106,2055.2961807793176,
4074,1h22,74,1,4,0.58251953125,2,-678019.3446520837,-638266.9124103524,-39774.49862045075,508.86278190792336,
4075,1h22,75,1,4,0.58251953125,2,-678002.8650987304,-638266.9124103524,-39774.64812417198,892.3379479526182,
4076,1h22,76,1,4,0.58251953125,2,-678009.6894217654,-638266.9124103524,-39774.95338315101,742.0047594799671,
4077,1h22,77,1,4,0.58251953125,2,-677992.6927989847,-638266.9124103524,-39774.29756937419,1118.8327671045988,
4078,1h22,78,1,4,0.58251953125,2,-678035.7684158911,-638266.9124103524,-39774.60385340452,132.54852063243231,
4079,1h22,79,1,4,0.58251953125,2,-678027.506656856,-638266.9124103524,-39775.14214010619,335.48239625577725,
4080,1h22,80,1,4,0.58251953125,2,-678010.8559969378,-638266.9124103524,-39774.65779719746,708.2865228977524,
4081,1h22,81,1,4,0.58251953125,2,-678052.622851117,-638266.9124103524,-39775.16573371676,-243.1667212380977,
4082,1h22,82,1,4,0.58251953125,2,-678037.0598847318,-638266.9124103524,-39774.617627881016,103.08418863434235,
4083,1h22,83,1,4,0.58251953125,2,-678012.5206435678,-638266.9124103524,-39776.42204817809,710.5834537907937,
4084,1h22,84,1,4,0.58251953125,2,-677975.7256857045,-638266.9124103524,-39774.905425052704,1524.1211793987447,
4085,1h22,85,1,4,0.58251953125,2,-678035.7396518078,-638266.9124103524,-39775.24662803927,148.03457135968046,
4086,1h22,86,1,4,0.58251953125,2,-678011.509103588,-638266.9124103524,-39775.07743078969,702.9025062795066,
4087,1h22,87,1,4,0.58251953125,2,-678012.7832329188,-638266.9124103524,-39776.31477660031,702.054258151097,
4088,1h22,88,1,4,0.58251953125,2,-678019.8868744138,-638266.9124103524,-39774.91601210926,505.98411823458054,
4089,1h22,89,1,4,0.58251953125,2,-678041.4411135253,-638266.9124103524,-39775.61083633445,24.954583530388714,
4090,1h22,90,1,4,0.58251953125,2,-678029.6843832345,-638266.9124103524,-39775.787335910965,300.14140166011794,
4091,1h22,91,1,4,0.58251953125,2,-678047.3175963563,-638266.9124103524,-39775.924009656555,-103.33838149512343,
4092,1h22,92,1,4,0.58251953125,2,-677997.153442107,-638266.9124103524,-39776.3318935969,1062.8805240677627,
4093,1h22,93,1,4,0.58251953125,2,-678030.6955514486,-638266.9124103524,-39776.33062792087,289.3519200734661,
4094,1h22,94,1,4,0.58251953125,2,-678024.8385664126,-638266.9124103524,-39775.55102536677,406.4391416527751,
4095,1h22,95,1,4,0.58251953125,2,-677943.5639535048,-638266.9124103524,-39773.9564647899,2243.9047995762076,
4096,1h22,96,1,4,0.58251953125,2,-678051.058096703,-638266.9124103524,-39775.99081308952,-188.05584489083992,
4097,1h22,97,1,4,0.58251953125,2,-678035.6954810814,-638266.9124103524,-39775.929289490945,164.7957195679512,
4098,1h22,98,1,4,0.58251953125,2,-678027.1854260528,-638266.9124103524,-39775.76397750242,357.23006557788216,
4099,1h22,99,1,4,0.58251953125,2,-678013.3652061296,-638266.9124103524,-39775.8176884567,677.1705121757522,
4100,1h22,100,1,4,0.58251953125,2,-677979.4806421101,-638266.9124103524,-39774.86565235562,1436.6126474218286,
5001,1gpk,1,1,5,0.58251953125,1,-659142.4918839079,-638266.9124103524,-20874.8197117606,-17.52052321241601,
5002,1gpk,2,1,5,0.58251953125,1,-659142.7884206835,-638266.9124103524,-20875.090302591318,-18.118850913964486,
5003,1gpk,3,1,5,0.58251953125,1,-659146.2358589761,-638266.9124103524,-20875.093378773952,-97.54772809842858,
5004,1gpk,4,1,5,0.58251953125,1,-659146.323546184,-638266.9124103524,-20875.088496759698,-99.68242507245293,
5005,1gpk,5,1,5,0.58251953125,1,-659144.7015764759,-638266.9124103524,-20875.091718422733,-62.204621723900935,
5006,1gpk,6,1,5,0.58251953125,1,-659146.6284124776,-638266.9124103524,-20875.093033451485,-106.60819021911618,
5007,1gpk,7,1,5,0.58251953125,1,-659143.4509484302,-638266.9124103524,-20875.087002025648,-33.47321655958464,
5008,1gpk,8,1,5,0.58251953125,1,-659143.7428395305,-638266.9124103524,-20875.088904400454,-40.160515432656695,
5009,1gpk,9,1,5,0.58251953125,1,-659145.1987037242,-638266.9124103524,-20875.08704616234,-73.77639329599536,
5010,1gpk,10,1,5,0.58251953125,1,-659138.6361514402,-638266.9124103524,-20875.08826841717,77.58784340568117,
5011,1gpk,11,1,5,0.58251953125,1,-659145.4398686535,-638266.9124103524,-20875.088921292805,-79.29454714859907,
5012,1gpk,12,1,5,0.58251953125,1,-659146.496478582,-638266.9124103524,-20875.08742559826,-103.69504247848336,
5013,1gpk,13,1,5,0.58251953125,1,-659143.5003240148,-638266.9124103524,-20875.08933836397,-34.557967347865194,
5014,1gpk,14,1,5,0.58251953125,1,-659144.1014392695,-638266.9124103524,-20875.090712966594,-48.388315340704864,
5015,1gpk,15,1,5,0.58251953125,1,-659131.4799450737,-638266.9124103524,-20875.09159663316,242.69063308990795,
5016,1gpk,16,1,5,0.58251953125,1,-659145.6890170015,-638266.9124103524,-20875.08950573019,-85.02656709824603,
5017,1gpk,17,1,5,0.58251953125,1,-659101.4762176549,-638266.9124103524,-20875.08686246013,934.4838517052884,
5018,1gpk,18,1,5,0.58251953125,1,-659129.597987941,-638266.9124103524,-20875.08787756301,286.00383176910975,
5019,1gpk,19,1,5,0.58251953125,1,-659141.699961938,-638266.9124103524,-20875.090514266638,6.986485397316007,
5020,1gpk,20,1,5,0.58251953125,1,-659143.4392182585,-638266.9124103524,-20875.08872037755,-33.16308623690386,
5021,1gpk,21,1,5,0.58251953125,1,-659127.6721247723,-638266.9124103524,-20875.089100769183,330.44349928981495,
5022,1gpk,22,1,5,0.58251953125,1,-659145.9729296289,-638266.9124103524,-20875.088933610183,-91.58694122234223,
5023,1gpk,23,1,5,0.58251953125,1,-659112.0348962457,-638266.9124103524,-20875.084052056965,690.9301295971668,
5024,1gpk,24,1,5,0.58251953125,1,-659136.3851465827,-638266.9124103524,-20875.087390422832,129.47700155804898,
5025,1gpk,25,1,5,0.58251953125,1,-659128.3819015363,-638266.9124103524,-20875.08705819852,314.02855547785776,
5026,1gpk,26,1,5,0.58251953125,1,-659147.5980741759,-638266.9124103524,-20875.085669819262,-129.13892958600306,
5027,1gpk,27,1,5,0.58251953125,1,-659127.596891838,-638266.9124103524,-20875.085758087862,332.10132790773423,
5028,1gpk,28,1,5,0.58251953125,1,-659137.0402563234,-638266.9124103524,-20875.090161089956,114.43370515060143,
5029,1gpk,29,1,5,0.58251953125,1,-659145.9692922481,-638266.9124103524,-20875.09052375182,-91.4663916915664,
5030,1gpk,30,1,5,0.58251953125,1,-659144.1129264182,-638266.9124103524,-20875.090991686262,-48.64678785454983,
5031,1gpk,31,1,5,0.58251953125,1,-659141.2439000338,-638266.9124103524,-20875.089720748492,17.48522378974201,
5032,1gpk,32,1,5,0.58251953125,1,-659098.8281776813,-638266.9124103524,-20875.09013886674,995.6246599045983,
5033,1gpk,33,1,5,0.58251953125,1,-659146.2769194681,-638266.9124103524,-20875.09069174158,-98.55656997505632,
5034,1gpk,34,1,5,0.58251953125,1,-659145.9843101847,-638266.9124103524,-20875.088936010226,-91.84932772753777,
5035,1gpk,35,1,5,0.58251953125,1,-659139.4681614017,-638266.9124103524,-20875.09081492803,58.45996182890616,
5036,1gpk,36,1,5,0.58251953125,1,-659141.9712250377,-638266.9124103524,-20875.087881808984,0.6703037954143743,
5037,1gpk,37,1,5,0.58251953125,1,-659129.7876693958,-638266.9124103524,-20875.090035342713,281.6794330902551,
5038,1gpk,38,1,5,0.58251953125,1,-659125.3890820285,-638266.9124103524,-20875.089274574904,383.09572373776905,
5039,1gpk,39,1,5,0.58251953125,1,-659142.5362686525,-638266.9124103524,-20875.08850481902,-12.345544557953984,
5040,1gpk,40,1,5,0.58251953125,1,-659132.281487581,-638266.9124103524,-20875.087417361698,224.1102474737108,
5041,1gpk,41,1,5,0.58251953125,1,-659142.0005933879,-638266.9124103524,-20875.0870955074,-0.02507899361024496,
5042,1gpk,42,1,5,0.58251953125,1,-659136.6116620316,-638266.9124103524,-20875.09180913342,124.3553291015407,
5043,1gpk,43,1,5,0.58251953125,1,-659129.1804395207,-638266.9124103524,-20875.09040248303,295.69095312490884,
5044,1gpk,44,1,5,0.58251953125,1,-659146.1202657025,-638266.9124103524,-20875.0912387679,-94.931433594218,
5045,1gpk,45,1,5,0.58251953125,1,-659144.6824722709,-638266.9124103524,-20875.089369286987,-61.8182406489907,
5046,1gpk,46,1,5,0.58251953125,1,-659125.4239109466,-638266.9124103524,-20875.089347645084,382.29423484544924,
5047,1gpk,47,1,5,0.58251953125,1,-659141.9874463975,-638266.9124103524,-20875.089941324142,0.3437238988101975,
5048,1gpk,48,1,5,0.58251953125,1,-659142.1368275494,-638266.9124103524,-20875.09041844924,-3.0900845331885707,
5049,1gpk,49,1,5,0.58251953125,1,-659139.0738832152,-638266.9124103524,-20875.08979348368,67.52867774073404,
5050,1gpk,50,1,5,0.58251953125,1,-659145.740607511,-638266.9124103524,-20875.087758193047,-86.25657167356975,
5051,1gpk,51,1,5,0.58251953125,1,-659141.186503295,-638266.9124103524,-20875.09021003907,18.82010733870951,
5052,1gpk,52,1,5,0.58251953125,1,-659145.3342179895,-638266.9124103524,-20875.091289395372,-76.80357521386566,
5053,1gpk,53,1,5,0.58251953125,1,-659102.2698083719,-638266.9124103524,-20875.089062149127,916.2339410508599,
5054,1gpk,54,1,5,0.58251953125,1,-659109.9741225828,-638266.9124103524,-20875.088293836612,738.5505169803715,
5055,1gpk,55,1,5,0.58251953125,1,-659141.3573231458,-638266.9124103524,-20875.085904007698,14.78160855483838,
5056,1gpk,56,1,5,0.58251953125,1,-659141.6509680152,-638266.9124103524,-20875.08606726682,8.013761844770809,
5057,1gpk,57,1,5,0.58251953125,1,-659107.994386586,-638266.9124103524,-20875.089890447885,784.2411323573715,
5058,1gpk,58,1,5,0.58251953125,1,-659125.3761854144,-638266.9124103524,-20875.086795017996,383.335946784536,
5059,1gpk,59,1,5,0.58251953125,1,-659136.6692455115,-638266.9124103524,-20875.086989116884,122.91627028695521,
5060,1gpk,60,1,5,0.58251953125,1,-659129.2847155357,-638266.9124103524,-20875.08933634033,293.2617052596556,
5061,1gpk,61,1,5,0.58251953125,1,-659117.3694909875,-638266.9124103524,-20875.086590771876,567.9699965532498,
5062,1gpk,62,1,5,0.58251953125,1,-659096.9453746477,-638266.9124103524,-20875.089412350357,1039.0263754500893,
5063,1gpk,63,1,5,0.58251953125,1,-659092.4347114274,-638266.9124103524,-20875.08870303241,1143.028383129379,
5064,1gpk,64,1,5,0.58251953125,1,-659141.8096552656,-638266.9124103524,-20875.092859212193,4.5109728966440095,
5065,1gpk,65,1,5,0.58251953125,1,-659091.9437739556,-638266.9124103524,-20875.086892737538,1154.307923789492,
5066,1gpk,66,1,5,0.58251953125,1,-659141.813083217,-638266.9124103524,-20875.09194898489,4.4109321199903535,
5067,1gpk,67,1,5,0.58251953125,1,-659139.2558258054,-638266.9124103524,-20875.091449888703,63.371179545130154,
5068,1gpk,68,1,5,0.58251953125,1,-659110.368676498,-638266.9124103524,-20875.0873765859,729.4307352447871,
5069,1gpk,69,1,5,0.58251953125,1,-659075.1048272721,-638266.9124103524,-20875.09073524097,1542.7118694346034,
5070,1gpk,70,1,5,0.58251953125,1,-659145.4796714109,-638266.9124103524,-20875.08630517577,-80.27274962969908,
5071,1gpk,71,1,5,0.58251953125,1,-659146.5287939523,-638266.9124103524,-20875.092119266013,-104.33201407069893,
5072,1gpk,72,1,5,0.58251953125,1,-659130.4546901946,-638266.9124103524,-20875.09078467592,266.3148480902505,
5073,1gpk,73,1,5,0.58251953125,1,-659115.7436668026,-638266.9124103524,-20875.087251696226,605.4776342098735,
5074,1gpk,74,1,5,0.58251953125,1,-659146.6630215883,-638266.9124103524,-20875.08968930587,-107.48341310382887,
5075,1gpk,75,1,5,0.58251953125,1,-659143.3620647434,-638266.9124103524,-20875.086524889102,-31.434513078657137,
5076,1gpk,76,1,5,0.58251953125,1,-659142.8171998867,-638266.9124103524,-20875.088893941214,-18.814999348705218,
5077,1gpk,77,1,5,0.58251953125,1,-659143.653028218,-638266.9124103524,-20874.42328470663,-53.438972151437206,
5078,1gpk,78,1,5,0.58251953125,1,-659115.6838998548,-638266.9124103524,-20874.370855818474,590.3354113654322,
5079,1gpk,79,1,5,0.58251953125,1,-659095.607294129,-638266.9124103524,-20874.41191257745,1054.2597293358538,
5080,1gpk,80,1,5,0.58251953125,1,-659135.9761316126,-638266.9124103524,-20874.380714560935,122.61277832732569,
5081,1gpk,81,1,5,0.58251953125,1,-659145.0603654729,-638266.9124103524,-20874.474674165464,-84.70787115986985,
5082,1gpk,82,1,5,0.58251953125,1,-659130.6792143442,-638266.9124103524,-20874.410172612246,245.44191114922404,
5083,1gpk,83,1,5,0.58251953125,1,-659097.6556675162,-638266.9124103524,-20874.405797096093,1006.882090515163,
5084,1gpk,84,1,5,0.58251953125,1,-659129.0013880868,-638266.9124103524,-20874.333140210307,282.3570944205522,
5085,1gpk,85,1,5,0.58251953125,1,-659139.6126937028,-638266.9124103524,-20874.424608381727,39.76387985992027,
5086,1gpk,86,1,5,0.58251953125,1,-659138.99641192,-638266.9124103524,-20874.31631608936,51.47839580286365,
5087,1gpk,87,1,5,0.58251953125,1,-659107.39735765,-638266.9124103524,-20874.412235760505,782.3818583618909,
5088,1gpk,88,1,5,0.58251953125,1,-659073.9577363216,-638266.9124103524,-20874.37444146803,1552.6462883533507,
5089,1gpk,89,1,5,0.58251953125,1,-659140.9387627859,-638266.9124103524,-20874.432703946597,9.37068850410043,
5090,1gpk,90,1,5,0.58251953125,1,-659144.522978065,-638266.9124103524,-20874.333158355494,-75.57885523947577,
5091,1gpk,91,1,5,0.58251953125,1,-659118.2385411793,-638266.9124103524,-20874.346793228964,530.8690864140049,
5092,1gpk,92,1,5,0.58251953125,1,-659134.6874285341,-638266.9124103524,-20874.35844217569,151.81736390106727,
5093,1gpk,93,1,5,0.58251953125,1,-659122.5291633834,-638266.9124103524,-20874.352903891493,432.06590307930855,
5094,1gpk,94,1,5,0.58251953125,1,-659116.0708032455,-638266.9124103524,-20874.353087220185,581.0034536063947,
5095,1gpk,95,1,5,0.58251953125,1,-659131.4357328956,-638266.9124103524,-20874.482979314962,229.6751413607111,
5096,1gpk,96,1,5,0.58251953125,1,-659141.662215702,-638266.9124103524,-20874.491254663844,-5.962320456057102,
5097,1gpk,97,1,5,0.58251953125,1,-659132.0945523452,-638266.9124103524,-20874.46080533883,213.9710598942675,
5098,1gpk,98,1,5,0.58251953125,1,-659123.1977130139,-638266.9124103524,-20874.41282682081,418.0306379270632,
5099,1gpk,99,1,5,0.58251953125,1,-659142.7455339214,-638266.9124103524,-20875.03339133422,-18.442263452505347,
5100,1gpk,100,1,5,0.58251953125,1,-659139.929814219,-638266.9124103524,-20875.047744809548,46.82077442662401,
6001,3arp,1,0,6,0.357421875,0,-675924.4380218253,-638266.9124103524,-37667.00863309201,218.68367362630883,
6002,3arp,2,0,6,0.357421875,0,-675880.601610551,-638266.9124103524,-37667.77322570536,1247.2072570703776,
6003,3arp,3,0,6,0.357421875,0,-675920.8877184062,-638266.9124103524,-37667.66051136995,315.5882856442926,
6004,3arp,4,0,6,0.357421875,0,-675885.7606955575,-638266.9124103524,-37667.522936249996,1122.4641185599667,
6005,3arp,5,0,6,0.357421875,0,-675929.5674257362,-638266.9124103524,-37667.4197831107,109.87815406691078,
6006,3arp,6,0,6,0.357421875,0,-675939.4664477034,-638266.9124103524,-37667.48140438129,-116.977695226262,
6007,3arp,7,0,6,0.357421875,0,-675924.7510235343,-638266.9124103524,-37667.55575617375,224.08264073923874,
6008,3arp,8,0,6,0.357421875,0,-675927.1680724004,-638266.9124103524,-37667.64076416252,170.3045005458129,
6009,3arp,9,0,6,0.357421875,0,-675893.0568695061,-638266.9124103524,-37656.83743995495,707.796951830156,
6010,3arp,10,0,6,0.357421875,0,-675886.7922510603,-638266.9124103524,-37653.394588451614,772.868443375697,
6011,3arp,11,0,6,0.357421875,0,-675865.7479472853,-638266.9124103524,-37647.921653638965,1131.95274211905,
6012,3arp,12,0,6,0.357421875,0,-675904.5257850304,-638266.9124103524,-37654.23304620869,383.2587302610721,
6013,3arp,13,0,6,0.357421875,0,-675843.9917975938,-638266.9124103524,-37649.30149309429,1665.4813264487314,
6014,3arp,14,0,6,0.357421875,0,-675852.8543397508,-638266.9124103524,-37628.02751438354,970.5166455281336,
6015,3arp,15,0,6,0.357421875,0,-675883.1223875163,-638266.9124103524,-37647.10481550758,712.4518973428361,
6016,3arp,16,0,6,0.357421875,0,-675883.8692851613,-638266.9124103524,-37652.40251423493,817.3958633712714,
6017,3arp,17,0,6,0.357421875,0,-675808.6209449593,-638266.9124103524,-37628.28002463926,1996.3859866576438,
6018,3arp,18,0,6,0.357421875,0,-675859.0974743115,-638266.9124103524,-37635.707980046376,1003.6622881586644,
6019,3arp,19,0,6,0.357421875,0,-675885.2163291563,-638266.9124103524,-37650.58935113345,744.5197564672258,
6020,3arp,20,0,6,0.357421875,0,-675906.310424325,-638266.9124103524,-37651.44631527719,277.8404285104986,
6021,3arp,21,0,6,0.357421875,0,-675847.8974106747,-638266.9124103524,-37647.925046236014,1543.6741305761138,
6022,3arp,22,0,6,0.357421875,0,-675863.6186929042,-638266.9124103524,-37650.53252021744,1241.2625282292959,
6023,3arp,23,0,6,0.357421875,0,-675860.5941783608,-638266.9124103524,-37655.47950153753,1425.089589872492,
6024,3arp,24,0,6,0.357421875,0,-675841.013609436,-638266.9124103524,-37643.94822547859,1610.7106930079085,
6025,3arp,25,0,6,0.357421875,0,-675844.9238355468,-638266.9124103524,-37652.418460173714,1715.8669890739354,
6026,3arp,26,0,6,0.357421875,0,-675890.3016882052,-638266.9124103524,-37640.93359241861,404.58150519936555,
6027,3arp,27,0,6,0.357421875,0,-675885.9855391638,-638266.9124103524,-37665.66672540946,1074.4738629493063,
6028,3arp,28,0,6,0.357421875,0,-675861.1738189975,-638266.9124103524,-37651.29704434467,1315.2730051001738,
6029,3arp,29,0,6,0.357421875,0,-675869.4335822406,-638266.9124103524,-37651.71241578058,1134.3770326274343,
6030,3arp,30,0,6,0.357421875,0,-675890.2888357281,-638266.9124103524,-37633.53529833311,234.2691757396305,
6031,3arp,31,0,6,0.357421875,0,-675851.2956534785,-638266.9124103524,-37645.23477400889,1403.2696384890107,
6032,3arp,32,0,6,0.357421875,0,-675868.4138994562,-638266.9124103524,-37649.13773924514,1098.518024856343,
6033,3arp,33,0,6,0.357421875,0,-675869.8283169525,-638266.9124103524,-37642.409916083896,910.7534947246415,
6034,3arp,34,0,6,0.357421875,0,-675836.9345820275,-638266.9124103524,-37651.79454351978,1885.7156921472283,
6035,3arp,35,0,6,0.357421875,0,-675776.4100347736,-638266.9124103524,-37652.58889515681,3299.763092941269,
6036,3arp,36,0,6,0.357421875,0,-675854.517407354,-638266.9124103524,-37651.183995506086,1466.1665360358202,
6037,3arp,37,0,6,0.357421875,0,-675923.913422213,-638266.9124103524,-37655.59746445044,-32.366572186259894,
6038,3arp,38,0,6,0.357421875,0,-675890.9384059962,-638266.9124103524,-37655.32647651232,721.8062361895874,
6039,3arp,39,0,6,0.357421875,0,-675891.7112273315,-638266.9124103524,-37657.97087399087,764.9658073584008,
6040,3arp,40,0,6,0.357421875,0,-675870.2611545477,-638266.9124103524,-37654.98200124056,1190.6911937428124,
6041,3arp,41,0,6,0.357421875,0,-675867.6614914413,-638266.9124103524,-37662.68455438083,1428.2659442599288,
6042,3arp,42,0,6,0.357421875,0,-675836.2316047183,-638266.9124103524,-37638.0780756502,1585.617470637011,
6043,3arp,43,0,6,0.357421875,0,-675878.1466257118,-638266.9124103524,-37666.48619889339,1274.1410090213508,
6044,3arp,44,0,6,0.357421875,0,-675876.2143500523,-638266.9124103524,-37623.349038539556,323.9337946729732,
6045,3arp,45,0,6,0.357421875,0,-675864.8397017547,-638266.9124103524,-37658.79303236857,1403.5973307973957,
6046,3arp,46,0,6,0.357421875,0,-675886.4743117006,-638266.9124103524,-37659.010370378295,909.703306913725,
6047,3arp,47,0,6,0.357421875,0,-675877.6279682657,-638266.9124103524,-37665.52041999735,1263.8301434398595,
6048,3arp,48,0,6,0.357421875,0,-675909.9188732336,-638266.9124103524,-37662.83757421209,457.3162913797752,
6049,3arp,49,0,6,0.357421875,0,-675875.3019557543,-638266.9124103524,-37652.33390585957,1013.381026219809,
6050,3arp,50,0,6,0.357421875,0,-675869.7363247881,-638266.9124103524,-37658.36632488153,1280.8384127140766,
6051,3arp,51,0,6,0.357421875,0,-675875.8729004652,-638266.9124103524,-37663.425914870815,1256.0025327477656,
6052,3arp,52,0,6,0.357421875,0,-675898.4080487619,-638266.9124103524,-37664.50361551801,761.1820349025459,
6053,3arp,53,0,6,0.357421875,0,-675858.8522211463,-638266.9124103524,-37659.524273220595,1558.5347283960186,
6054,3arp,54,0,6,0.357421875,0,-675851.3741349638,-638266.9124103524,-37651.186739959696,1538.715407936667,
6055,3arp,55,0,6,0.357421875,0,-675874.9358443745,-638266.9124103524,-37665.800890618404,1332.3798013707622,
6056,3arp,56,0,6,0.357421875,0,-675888.1233715899,-638266.9124103524,-37655.06112116407,780.6032320596604,
6057,3arp,57,0,6,0.357421875,0,-675868.6931998227,-638266.9124103524,-37643.14973706311,953.990594666396,
6058,3arp,58,0,6,0.357421875,0,-675896.1714007223,-638266.9124103524,-37660.82264459143,727.8751578831753,
6059,3arp,59,0,6,0.357421875,0,-675897.029842343,-638266.9124103524,-37664.70683514141,797.650585792585,
6060,3arp,60,0,6,0.357421875,0,-675890.7464300212,-638266.9124103524,-37658.40580242932,797.2442499371972,
6061,3arp,61,0,6,0.357421875,0,-675852.1365030239,-638266.9124103524,-37643.093376150624,1334.4973795932672,
6062,3arp,62,0,6,0.357421875,0,-675909.1708563275,-638266.9124103524,-37648.192044347496,136.83202907343698,
6063,3arp,63,0,6,0.357421875,0,-675881.9153000478,-638266.9124103524,-37657.26020157123,974.476761704621,
6064,3arp,64,0,6,0.357421875,0,-675882.2178034271,-638266.9124103524,-37662.96000710851,1098.9415062750322,
6065,3arp,65,0,6,0.357421875,0,-675834.8622948303,-638266.9124103524,-37649.57282270963,1882.269671168861,
6066,3arp,66,0,6,0.357421875,0,-675904.6424586332,-638266.9124103524,-37665.18443676235,633.113238739353,
6067,3arp,67,0,6,0.357421875,0,-675916.375964102,-638266.9124103524,-37662.21489940777,294.05301645488186,
6068,3arp,68,0,6,0.357421875,0,-675838.2367410742,-638266.9124103524,-37625.85658422481,1257.5436402161763,
6069,3arp,69,0,6,0.357421875,0,-675914.6258731248,-638266.9124103524,-37666.77684025981,439.6119283608397,
6070,3arp,70,0,6,0.357421875,0,-675838.4409292961,-638266.9124103524,-37653.79274770096,1897.0581820057737,
6071,3arp,71,0,6,0.357421875,0,-675860.0136210686,-638266.9124103524,-37665.791645335405,1676.2812443651007,
6072,3arp,72,0,6,0.357421875,0,-675869.5012569684,-638266.9124103524,-37664.395389039695,1425.2927278072355,
6073,3arp,73,0,6,0.357421875,0,-675874.5670765474,-638266.9124103524,-37652.24695222906,1028.322544964197,
6074,3arp,74,0,6,0.357421875,0,-675876.620062886,-638266.9124103524,-37668.36433307356,1352.655187175655,
6075,3arp,75,0,6,0.357421875,0,-675873.5024239084,-638266.9124103524,-37668.39642713717,1425.2897566261456,
6076,3arp,76,0,6,0.357421875,0,-675921.1850848095,-638266.9124103524,-37668.30304666464,323.5480693716972,
6077,3arp,77,0,6,0.357421875,0,-675917.8008382131,-638266.9124103524,-37668.14003856143,397.8315937197907,
6078,3arp,78,0,6,0.357421875,0,-675871.5578950542,-638266.9124103524,-37668.28732863471,1467.6157860425697,
6079,3arp,79,0,6,0.357421875,0,-675906.6009792836,-638266.9124103524,-37667.637552963555,644.5188830955792,
6080,3arp,80,0,6,0.357421875,0,-675863.0666590723,-638266.9124103524,-37667.57851514631,1647.082712192751,
6081,3arp,81,0,6,0.357421875,0,-675926.824462814,-638266.9124103524,-37667.399628861225,172.66761369794187,
6082,3arp,82,0,6,0.357421875,0,-675923.3479050777,-638266.9124103524,-37668.40345512909,275.98772332517234,
6083,3arp,83,0,6,0.357421875,0,-675887.7900072555,-638266.9124103524,-37668.09743263069,1088.9152803494362,
6084,3arp,84,0,6,0.357421875,0,-675891.0437068224,-638266.9124103524,-37667.93415339554,1010.1178772476717,
6085,3arp,85,0,6,0.357421875,0,-675923.6467761078,-638266.9124103524,-37668.17816054545,263.90017711842813,
6086,3arp,86,0,6,0.357421875,0,-675913.7018773427,-638266.9124103524,-37668.4002859245,498.35732369158154,
6087,3arp,87,0,6,0.357421875,0,-675879.3957523836,-638266.9124103524,-37668.51499500252,1292.1206133726796,
6088,3arp,88,0,6,0.357421875,0,-675902.7808867125,-638266.9124103524,-37668.15381718501,744.517646320595,
6089,3arp,89,0,6,0.357421875,0,-675861.5795836624,-638266.9124103524,-37668.092970866506,1693.2391165516242,
6090,3arp,90,0,6,0.357421875,0,-675921.2618791176,-638266.9124103524,-37668.13685917752,317.94477606269845,
6091,3arp,91,0,6,0.357421875,0,-675910.1898146248,-638266.9124103524,-37667.85131361245,566.687811720129,
6092,3arp,92,0,6,0.357421875,0,-675921.7222015634,-638266.9124103524,-37668.46487456106,314.8937027242789,
6093,3arp,93,0,6,0.357421875,0,-675904.5123323653,-638266.9124103524,-37667.95803297832,700.0746699656137,
6094,3arp,94,0,6,0.357421875,0,-675937.5171093177,-638266.9124103524,-37667.982170072355,-60.476952973535205,
6095,3arp,95,0,6,0.357421875,0,-675919.5926438159,-638266.9124103524,-37668.22356382061,358.4377131466155,
6096,3arp,96,0,6,0.357421875,0,-675900.4496944738,-638266.9124103524,-37668.3815031104,803.526778616842,
6097,3arp,97,0,6,0.357421875,0,-675876.7879187835,-638266.9124103524,-37668.11151084772,1342.9541191921542,
6098,3arp,98,0,6,0.357421875,0,-675938.5372782118,-638266.9124103524,-37667.45098114623,-96.25211418901597,
6099,3arp,99,0,6,0.357421875,0,-675922.1944129776,-638266.9124103524,-37659.53779524913,98.14090936203867,
6100,3arp,100,0,6,0.357421875,0,-675918.2775191835,-638266.9124103524,-37665.38732228545,323.3599240555462,
7001,3ary,1,0,7,0.357421875,0,-668198.9533124506,-638266.9124103524,-29929.5434637714,-57.592295988646384,
7002,3ary,2,0,7,0.357421875,0,-668199.9703433252,-638266.9124103524,-29929.413906192032,-84.03325387375652,
7003,3ary,3,0,7,0.357421875,0,-668182.883956183,-638266.9124103524,-29929.361138344648,308.7713386026546,
7004,3ary,4,0,7,0.357421875,0,-668194.6848221816,-638266.9124103524,-29929.415819351478,37.897877772455836,
7005,3ary,5,0,7,0.357421875,0,-668191.9682492989,-638266.9124103524,-29929.472140591286,101.8423353143544,
7006,3ary,6,0,7,0.357421875,0,-668198.7188753703,-638266.9124103524,-29929.349766208245,-56.65282040683443,
7007,3ary,7,0,7,0.357421875,0,-668195.0881171038,-638266.9124103524,-29929.544187578744,31.557917573973505,
7008,3ary,8,0,7,0.357421875,0,-668197.2795419181,-638266.9124103524,-29929.353586845646,-23.372896495227454,
7009,3ary,9,0,7,0.357421875,0,-668196.3901770584,-638266.9124103524,-29929.487650893087,0.22793476847265973,
7010,3ary,10,0,7,0.357421875,0,-668198.6011680186,-638266.9124103524,-29929.493718047077,-50.61881612851005,
7011,3ary,11,0,7,0.357421875,0,-668195.2203926218,-638266.9124103524,-29929.38666355523,24.87498138490206,
7012,3ary,12,0,7,0.357421875,0,-668168.3436789737,-638266.9124103524,-29929.350480245932,643.832315061789,
7013,3ary,13,0,7,0.357421875,0,-668176.9948789015,-638266.9124103524,-29929.493491595047,447.6288253914143,
7014,3ary,14,0,7,0.357421875,0,-668197.7810059893,-638266.9124103524,-29929.438430470433,-32.98039222736101,
7015,3ary,15,0,7,0.357421875,0,-668192.8460930518,-638266.9124103524,-29929.49432084556,82.11026627575518,
7016,3ary,16,0,7,0.357421875,0,-668197.8802208173,-638266.9124103524,-29929.439967325987,-35.232899782740965,
7017,3ary,17,0,7,0.357421875,0,-668197.3119192614,-638266.9124103524,-29929.494421987616,-20.871800240820722,
7018,3ary,18,0,7,0.357421875,0,-668179.1043929519,-638266.9124103524,-29929.43751516907,397.69142868372586,
7019,3ary,19,0,7,0.357421875,0,-668199.6606669802,-638266.9124103524,-29929.488815561766,-75.16449660480161,
7020,3ary,20,0,7,0.357421875,0,-668184.783701996,-638266.9124103524,-29929.354261112232,264.80356666914236,
7021,3ary,21,0,7,0.357421875,0,-668177.7996045246,-638266.9124103524,-29929.488674376153,428.9603239624925,
7022,3ary,22,0,7,0.357421875,0,-668191.5296265009,-638266.9124103524,-29929.43880169864,111.18840419776063,
7023,3ary,23,0,7,0.357421875,0,-668200.3308188438,-638266.9124103524,-29929.406159154445,-92.52466774358574,
7024,3ary,24,0,7,0.357421875,0,-668167.593322654,-638266.9124103524,-29929.492034776216,664.4002678787241,
7025,3ary,25,0,7,0.357421875,0,-668196.6149429971,-638266.9124103524,-29929.356200042064,-7.986619549140946,
7026,3ary,26,0,7,0.357421875,0,-668135.9065328363,-638266.9124103524,-29929.341974749776,1391.6545336527215,
7027,3ary,27,0,7,0.357421875,0,-668163.684457385,-638266.9124103524,-29929.30718600309,750.2781284047825,
7028,3ary,28,0,7,0.357421875,0,-668159.7590775335,-638266.9124103524,-29929.30851175782,840.8301108536087,
7029,3ary,29,0,7,0.357421875,0,-668173.8587168208,-638266.9124103524,-29929.483977478045,519.7310403074417,
7030,3ary,30,0,7,0.357421875,0,-668197.0088410145,-638266.9124103524,-29929.306860459164,-18.20792143015219,
7031,3ary,31,0,7,0.357421875,0,-668186.1129289051,-638266.9124103524,-29929.400992559884,235.2285187381211,
7032,3ary,32,0,7,0.357421875,0,-668191.1787719285,-638266.9124103524,-29929.359989648514,117.46185379399797,
7033,3ary,33,0,7,0.357421875,0,-668153.8300081611,-638266.9124103524,-29929.348537776947,978.4807206345203,
7034,3ary,34,0,7,0.357421875,0,-668186.5050192362,-638266.9124103524,-29929.5462881598,229.53729703343396,
7035,3ary,35,0,7,0.357421875,0,-668166.3594065962,-638266.9124103524,-29929.431726260606,691.4643007410403,
7036,3ary,36,0,7,0.357421875,0,-668173.8680294831,-638266.9124103524,-29929.431410337955,518.3040581647679,
7037,3ary,37,0,7,0.357421875,0,-668182.8499155635,-638266.9124103524,-29929.497323201795,312.69683134892375,
7038,3ary,38,0,7,0.357421875,0,-668155.1218348751,-638266.9124103524,-29929.35497868183,948.8390197038036,
7039,3ary,39,0,7,0.357421875,0,-668168.5163685924,-638266.9124103524,-29929.293398230668,638.5336553075762,
7040,3ary,40,0,7,0.357421875,0,-668175.0384249586,-638266.9124103524,-29929.548396563012,494.0118637605679,
7041,3ary,41,0,7,0.357421875,0,-668170.1136040753,-638266.9124103524,-29929.355339621394,603.1289324612898,
7042,3ary,42,0,7,0.357421875,0,-668192.7148881744,-638266.9124103524,-29929.34510273472,81.69487124436762,
7043,3ary,43,0,7,0.357421875,0,-668196.1563396263,-638266.9124103524,-29929.35205088977,2.4933436939794507,
7044,3ary,44,0,7,0.357421875,0,-668188.767628441,-638266.9124103524,-29929.308116399065,171.86791796512597,
7045,3ary,45,0,7,0.357421875,0,-668192.7819514094,-638266.9124103524,-29929.433717369033,82.19185831955595,
7046,3ary,46,0,7,0.357421875,0,-668200.0313771078,-638266.9124103524,-29929.54325879211,-82.45778451710414,
7047,3ary,47,0,7,0.357421875,0,-668185.039134595,-638266.9124103524,-29929.483648724196,261.89690021697675,
7048,3ary,48,0,7,0.357421875,0,-668172.5289772624,-638266.9124103524,-29929.353907608256,547.3960805424693,
7049,3ary,49,0,7,0.357421875,0,-668193.8500975673,-638266.9124103524,-29929.435157055257,57.59302270840163,
7050,3ary,50,0,7,0.357421875,0,-668192.1714852332,-638266.9124103524,-29929.559428634115,99.16851341556006,
7051,3ary,51,0,7,0.357421875,0,-668195.3099424983,-638266.9124103524,-29929.431200497147,23.836958453583645,
7052,3ary,52,0,7,0.357421875,0,-668196.9420797287,-638266.9124103524,-29929.437870142094,-13.647214547067465,
7053,3ary,53,0,7,0.357421875,0,-668170.3422934152,-638266.9124103524,-29929.35287976239,597.7985053029912,
7054,3ary,54,0,7,0.357421875,0,-668179.0574336333,-638266.9124103524,-29929.357634737175,396.93224977794563,
7055,3ary,55,0,7,0.357421875,0,-668199.111034477,-638266.9124103524,-29929.492510560493,-62.404461280973315,
7056,3ary,56,0,7,0.357421875,0,-668192.0790411502,-638266.9124103524,-29929.304563124737,95.4229863455008,
7057,3ary,57,0,7,0.357421875,0,-668188.5714527499,-638266.9124103524,-29929.40490001399,178.62372005389557,
7058,3ary,58,0,7,0.357421875,0,-668193.028136196,-638266.9124103524,-29929.47954257094,77.5714565346433,
7059,3ary,59,0,7,0.357421875,0,-668198.308336696,-638266.9124103524,-29929.349863180458,-47.18333743871671,
7060,3ary,60,0,7,0.357421875,0,-668190.8617227295,-638266.9124103524,-29929.490215585647,127.77626346463128,
7061,3ary,61,0,7,0.357421875,0,-668198.4387847376,-638266.9124103524,-29929.406750893904,-48.8796789045409,
7062,3ary,62,0,7,0.357421875,0,-668193.1118031886,-638266.9124103524,-29929.350958344054,72.6768271353798,
7063,3ary,63,0,7,0.357421875,0,-668119.1106245818,-638266.9124103524,-29929.44290517376,1781.3048901831396,
7064,3ary,64,0,7,0.357421875,0,-668196.7663179408,-638266.9124103524,-29929.472317707266,-8.799671705644345,
7065,3ary,65,0,7,0.357421875,0,-668197.3432807771,-638266.9124103524,-29929.356100395147,-24.78478567395383,
7066,3ary,66,0,7,0.357421875,0,-668198.3206131927,-638266.9124103524,-29929.438981412735,-45.41132492092383,
7067,3ary,67,0,7,0.357421875,0,-668197.2511748751,-638266.9124103524,-29929.43632507991,-20.81074793445897,
7068,3ary,68,0,7,0.357421875,0,-668164.672273158,-638266.9124103524,-29929.489179319884,731.6954211104888,
7069,3ary,69,0,7,0.357421875,0,-668199.6110464658,-638266.9124103524,-29930.14994964069,-58.77410630993471,
7070,3ary,70,0,7,0.357421875,0,-668197.384846775,-638266.9124103524,-29930.218523491927,-5.8553712825628645,
7071,3ary,71,0,7,0.357421875,0,-668197.0778718959,-638266.9124103524,-29930.15076472456,-0.3389166957075248,
7072,3ary,72,0,7,0.357421875,0,-668196.3922874,-638266.9124103524,-29930.185910267926,16.28151284757338,
7073,3ary,73,0,7,0.357421875,0,-668191.09045686,-638266.9124103524,-29930.165652821644,138.07748179491344,
7074,3ary,74,0,7,0.357421875,0,-668201.2217255591,-638266.9124103524,-29930.107043028573,-96.9066985613502,
7075,3ary,75,0,7,0.357421875,0,-668201.5025734355,-638266.9124103524,-29930.102710867253,-103.48310646264706,
7076,3ary,76,0,7,0.357421875,0,-668198.1650298197,-638266.9124103524,-29929.455513997305,-41.4422366480875,
7077,3ary,77,0,7,0.357421875,0,-668190.978969153,-638266.9124103524,-29930.070135683472,138.44577186140927,
7078,3ary,78,0,7,0.357421875,0,-668191.5367170717,-638266.9124103524,-29930.144941071863,127.30885254300135,
7079,3ary,79,0,7,0.357421875,0,-668189.047211475,-638266.9124103524,-29930.084299167538,183.31977989487467,
7080,3ary,80,0,7,0.357421875,0,-668192.6300697724,-638266.9124103524,-29930.09527740991,100.95026904084497,
7081,3ary,81,0,7,0.357421875,0,-668203.0576104823,-638266.9124103524,-29930.146267413114,-138.33867484919776,
7082,3ary,82,0,7,0.357421875,0,-668200.6354362514,-638266.9124103524,-29930.146844954943,-82.46869171209563,
7083,3ary,83,0,7,0.357421875,0,-668160.1769466476,-638266.9124103524,-29930.088975776973,849.1917480050975,
7084,3ary,84,0,7,0.357421875,0,-668173.1181997701,-638266.9124103524,-29930.167778144827,552.5765871580453,
7085,3ary,85,0,7,0.357421875,0,-668191.4786431738,-638266.9124103524,-29930.146325998256,128.68000560330313,
7086,3ary,86,0,7,0.357421875,0,-668166.8736679761,-638266.9124103524,-29930.15122348336,696.197151710508,
7087,3ary,87,0,7,0.357421875,0,-668203.96123039,-638266.9124103524,-29930.058449438602,-161.20177555257993,
7088,3ary,88,0,7,0.357421875,0,-668195.9544814442,-638266.9124103524,-29930.14202062697,25.365438866421076,
7089,3ary,89,0,7,0.357421875,0,-668198.3442824462,-638266.9124103524,-29930.120403304514,-30.24318874408663,
7090,3ary,90,0,7,0.357421875,0,-668182.3127160105,-638266.9124103524,-29930.112457393807,339.2702787922872,
7091,3ary,91,0,7,0.357421875,0,-668198.3740934076,-638266.9124103524,-29930.10366966966,-31.31653263344569,
7092,3ary,92,0,7,0.357421875,0,-668195.4761048156,-638266.9124103524,-29929.49624792768,21.505193771609697,
7093,3ary,93,0,7,0.357421875,0,-668191.6721953568,-638266.9124103524,-29929.45001988933,108.15938590015439,
7094,3ary,94,0,7,0.357421875,0,-668200.1631726798,-638266.9124103524,-29929.41545298406,-88.44433455864876,
7095,3ary,95,0,7,0.357421875,0,-668172.5673393334,-638266.9124103524,-29929.542255397257,550.8548333682197,
7096,3ary,96,0,7,0.357421875,0,-668189.4496869926,-638266.9124103524,-29929.48408223351,160.19714265487875,
7097,3ary,97,0,7,0.357421875,0,-668172.1062686197,-638266.9124103524,-29929.26805943708,555.1642675602493,
7098,3ary,98,0,7,0.357421875,0,-668199.4314581959,-638266.9124103524,-29929.518521255406,-69.19378690236456,
7099,3ary,99,0,7,0.357421875,0,-668195.438371092,-638266.9124103524,-29929.47022684392,21.775293663868876,
7100,3ary,100,0,7,0.357421875,0,-668198.6499112431,-638266.9124103524,-29929.55651350187,-50.29476399902645,
8001,3aru,1,0,8,0.357421875,0,-664121.2488593647,-638266.9124103524,-25864.17651515519,226.91731594514644,
8002,3aru,2,0,8,0.357421875,0,-664120.0392054502,-638266.9124103524,-25864.076417260283,252.50428560430933,
8003,3aru,3,0,8,0.357421875,0,-664131.485342525,-638266.9124103524,-25863.954972031155,-14.250499398435023,
8004,3aru,4,0,8,0.357421875,0,-664111.5491043149,-638266.9124103524,-25864.026715945754,447.1445293815822,
8005,3aru,5,0,8,0.357421875,0,-664131.6235054383,-638266.9124103524,-25864.015677728006,-16.036705245095778,
8006,3aru,6,0,8,0.357421875,0,-664128.2828148573,-638266.9124103524,-25863.62279309088,51.94131471923122,
8007,3aru,7,0,8,0.357421875,0,-664127.6856543004,-638266.9124103524,-25864.115784302412,77.08081171863955,
8008,3aru,8,0,8,0.357421875,0,-664115.5002729726,-638266.9124103524,-25864.09317868372,357.56108271061447,
8009,3aru,9,0,8,0.357421875,0,-664124.259754279,-638266.9124103524,-25855.003612209875,-54.04773735721628,
8010,3aru,10,0,8,0.357421875,0,-664123.5338768942,-638266.9124103524,-25859.306839141078,61.92616326916173,
8011,3aru,11,0,8,0.357421875,0,-664112.6390780422,-638266.9124103524,-25864.144913665798,424.7348422842588,
8012,3aru,12,0,8,0.357421875,0,-664130.2019618714,-638266.9124103524,-25864.133127698322,19.45332883262584,
8013,3aru,13,0,8,0.357421875,0,-664129.4160162196,-638266.9124103524,-25864.008716740133,34.708681274021934,
8014,3aru,14,0,8,0.357421875,0,-664126.3634941822,-638266.9124103524,-25861.2035314614,40.41240242780955,
8015,3aru,15,0,8,0.357421875,0,-664129.0347667829,-638266.9124103524,-25861.216164536127,-20.897281524170516,
8016,3aru,16,0,8,0.357421875,0,-664131.4587789107,-638266.9124103524,-25864.096446112108,-10.375458090699402,
8017,3aru,17,0,8,0.357421875,0,-664123.9034808335,-638266.9124103524,-25859.039607468876,47.24038518862599,
8018,3aru,18,0,8,0.357421875,0,-664093.2994628603,-638266.9124103524,-25864.169111166866,871.2749708430794,
8019,3aru,19,0,8,0.357421875,0,-664093.6274259497,-638266.9124103524,-25843.18310157903,379.763084460618,
8020,3aru,20,0,8,0.357421875,0,-664094.8418184278,-638266.9124103524,-25863.863403229883,828.6576140050922,
8021,3aru,21,0,8,0.357421875,0,-664128.8116546092,-638266.9124103524,-25861.263639868317,-14.657385401575294,
8022,3aru,22,0,8,0.357421875,0,-664123.9379270392,-638266.9124103524,-25854.557971831226,-56.902936167201034,
8023,3aru,23,0,8,0.357421875,0,-664096.8500692038,-638266.9124103524,-25857.062649903142,625.5171535541804,
8024,3aru,24,0,8,0.357421875,0,-664088.7133840637,-638266.9124103524,-25863.495744155975,961.5042481260389,
8025,3aru,25,0,8,0.357421875,0,-664103.117900703,-638266.9124103524,-25864.100415570592,643.2722572670148,
8026,3aru,26,0,8,0.357421875,0,-664094.2631092196,-638266.9124103524,-25845.23051237391,412.31829457332003,
8027,3aru,27,0,8,0.357421875,0,-664112.0506138469,-638266.9124103524,-25864.118045292096,437.6855495914273,
8028,3aru,28,0,8,0.357421875,0,-664091.9977330946,-638266.9124103524,-25864.133620727986,900.4751434046874,
8029,3aru,29,0,8,0.357421875,0,-664053.3454724388,-638266.9124103524,-25862.811941574448,1761.3388036817348,
8030,3aru,30,0,8,0.357421875,0,-664133.3281678157,-638266.9124103524,-25863.70009068066,-62.62476373339245,
8031,3aru,31,0,8,0.357421875,0,-664113.814166272,-638266.9124103524,-25864.140148890914,397.52678563883575,
8032,3aru,32,0,8,0.357421875,0,-664097.4367429938,-638266.9124103524,-25864.16822417103,775.846569827386,
8033,3aru,33,0,8,0.357421875,0,-664100.608443662,-638266.9124103524,-25864.000121534293,698.8288759696759,
8034,3aru,34,0,8,0.357421875,0,-664084.6904446166,-638266.9124103524,-25864.13278600691,1068.9659697387417,
8035,3aru,35,0,8,0.357421875,0,-664125.6966431283,-638266.9124103524,-25864.10802974496,122.76967464517502,
8036,3aru,36,0,8,0.357421875,0,-664134.0707467481,-638266.9124103524,-25863.95448366647,-73.88259910571091,
8037,3aru,37,0,8,0.357421875,0,-664115.0213324745,-638266.9124103524,-25864.197335157016,371.0076183089852,
8038,3aru,38,0,8,0.357421875,0,-664118.4018170816,-638266.9124103524,-25864.130733043752,291.51591011842027,
8039,3aru,39,0,8,0.357421875,0,-664116.0497712106,-638266.9124103524,-25864.135886107782,345.87420890523623,
8040,3aru,40,0,8,0.357421875,0,-664095.5995122241,-638266.9124103524,-25856.892560897584,650.4333369508158,
8041,3aru,41,0,8,0.357421875,0,-664133.4274054287,-638266.9124103524,-25864.098516211143,-55.72532645265906,
8042,3aru,42,0,8,0.357421875,0,-664111.2966069453,-638266.9124103524,-25864.143420891047,455.65853702194914,
8043,3aru,43,0,8,0.357421875,0,-664103.2342602649,-638266.9124103524,-25864.1830782922,642.4951896693925,
8044,3aru,44,0,8,0.357421875,0,-664109.8831973929,-638266.9124103524,-25861.220696286207,420.8529050641683,
8045,3aru,45,0,8,0.357421875,0,-664129.6851811613,-638266.9124103524,-25864.13975157883,31.52332542867024,
8046,3aru,46,0,8,0.357421875,0,-664095.8611219495,-638266.9124103524,-25859.312443389754,700.2042893199367,
8047,3aru,47,0,8,0.357421875,0,-664127.7969049888,-638266.9124103524,-25864.088679322267,73.89025420563837,
8048,3aru,48,0,8,0.357421875,0,-664134.249709601,-638266.9124103524,-25864.114543960684,-74.31850246495632,
8049,3aru,49,0,8,0.357421875,0,-664116.073041708,-638266.9124103524,-25864.135112963548,345.31974935887905,
8050,3aru,50,0,8,0.357421875,0,-664104.4861408607,-638266.9124103524,-25863.997932600814,609.3565762396476,
8051,3aru,51,0,8,0.357421875,0,-664127.3867399237,-638266.9124103524,-25863.875035599314,78.42214401560493,
8052,3aru,52,0,8,0.357421875,0,-664118.0376997568,-638266.9124103524,-25864.102572413965,299.263255553204,
8053,3aru,53,0,8,0.357421875,0,-664110.7512118377,-638266.9124103524,-25861.20781866319,400.53905139999944,
8054,3aru,54,0,8,0.357421875,0,-664129.0098322562,-638266.9124103524,-25863.49593940912,32.25057982197151,
8055,3aru,55,0,8,0.357421875,0,-664121.8008233393,-638266.9124103524,-25864.12735563627,213.05507887052195,
8056,3aru,56,0,8,0.357421875,0,-664130.7824941878,-638266.9124103524,-25864.135358040963,6.117368504659481,
8057,3aru,57,0,8,0.357421875,0,-664108.6777987069,-638266.9124103524,-25864.18364529561,516.977286468557,
8058,3aru,58,0,8,0.357421875,0,-664123.377904079,-638266.9124103524,-25864.03778162005,174.62110715270086,
8059,3aru,59,0,8,0.357421875,0,-664132.143078735,-638266.9124103524,-25864.15548536374,-24.794309433176934,
8060,3aru,60,0,8,0.357421875,0,-664111.3399434416,-638266.9124103524,-25864.135633467387,454.47959142221623,
8061,3aru,61,0,8,0.357421875,0,-664130.2686285299,-638266.9124103524,-25858.321390723308,-116.10587932576426,
8062,3aru,62,0,8,0.357421875,0,-664117.3563493991,-638266.9124103524,-25856.55993773316,141.03828024108208,
8063,3aru,63,0,8,0.357421875,0,-664114.0210378387,-638266.9124103524,-25864.05659901131,390.82950798502736,
8064,3aru,64,0,8,0.357421875,0,-664130.4528901516,-638266.9124103524,-25863.846838663037,7.064803231315629,
8065,3aru,65,0,8,0.357421875,0,-664122.1776777664,-638266.9124103524,-25864.096498127245,203.65301826506536,
8066,3aru,66,0,8,0.357421875,0,-664094.0687005429,-638266.9124103524,-25864.16017674981,853.3298959191515,
8067,3aru,67,0,8,0.357421875,0,-664115.5407897619,-638266.9124103524,-25864.092589755273,356.61316234029096,
8068,3aru,68,0,8,0.357421875,0,-664112.476686286,-638266.9124103524,-25864.155231492987,428.7176198927115,
8069,3aru,69,0,8,0.357421875,0,-664133.5472446331,-638266.9124103524,-25864.076826701108,-58.989056140339706,
8070,3aru,70,0,8,0.357421875,0,-664122.1450646427,-638266.9124103524,-25864.061525095098,203.5985974849987,
8071,3aru,71,0,8,0.357421875,0,-664126.6445238926,-638266.9124103524,-25864.07138753014,100.06603539582277,
8072,3aru,72,0,8,0.357421875,0,-664118.1771287584,-638266.9124103524,-25864.071885467325,295.3402885919809,
8073,3aru,73,0,8,0.357421875,0,-664133.4743237916,-638266.9124103524,-25863.745420911044,-64.94986065987614,
8074,3aru,74,0,8,0.357421875,0,-664129.2545626088,-638266.9124103524,-25863.9320129612,36.66305882698346,
8075,3aru,75,0,8,0.357421875,0,-664129.8216821328,-638266.9124103524,-25863.96733383842,24.39949069669994,
8076,3aru,76,0,8,0.357421875,0,-664108.6526071143,-638266.9124103524,-25864.127989671266,516.2747692082388,
8077,3aru,77,0,8,0.357421875,0,-664100.4020489063,-638266.9124103524,-25863.36094925417,688.8487891660917,
8078,3aru,78,0,8,0.357421875,0,-664113.3128301635,-638266.9124103524,-25863.96118009091,404.96075237379546,
8079,3aru,79,0,8,0.357421875,0,-664124.9387095815,-638266.9124103524,-25863.97715595315,137.23001611757104,
8080,3aru,80,0,8,0.357421875,0,-664127.1513715746,-638266.9124103524,-25864.035582929857,87.55217648344305,
8081,3aru,81,0,8,0.357421875,0,-664128.8345741872,-638266.9124103524,-25864.146785917168,51.301003935606005,
8082,3aru,82,0,8,0.357421875,0,-664133.6227075906,-638266.9124103524,-25864.06608814486,-60.97691027107518,
8083,3aru,83,0,8,0.357421875,0,-664134.538302147,-638266.9124103524,-25863.975318157325,-84.18422797081372,
8084,3aru,84,0,8,0.357421875,0,-664134.7284941806,-638266.9124103524,-25864.0861823129,-86.01357229750029,
8085,3aru,85,0,8,0.357421875,0,-664121.858203933,-638266.9124103524,-25864.12137930996,211.59403358553996,
8086,3aru,86,0,8,0.357421875,0,-664114.9865385803,-638266.9124103524,-25864.105053466054,369.681918223736,
8087,3aru,87,0,8,0.357421875,0,-664119.3757213627,-638266.9124103524,-25864.25136006467,271.83886904861805,
8088,3aru,88,0,8,0.357421875,0,-664124.4860390897,-638266.9124103524,-25864.253461838227,154.04061072313155,
8089,3aru,89,0,8,0.357421875,0,-664133.4488465207,-638266.9124103524,-25864.009297296147,-58.277206837307084,
8090,3aru,90,0,8,0.357421875,0,-664112.4277290704,-638266.9124103524,-25864.11167187287,428.84209140202955,
8091,3aru,91,0,8,0.357421875,0,-664128.3867074907,-638266.9124103524,-25863.96926253886,57.53526895580377,
8092,3aru,92,0,8,0.357421875,0,-664115.8925666382,-638266.9124103524,-25864.15202777694,349.87166820136264,
8093,3aru,93,0,8,0.357421875,0,-664127.3431258176,-638266.9124103524,-25863.56569633698,72.29437634130844,
8094,3aru,94,0,8,0.357421875,0,-664122.0395687612,-638266.9124103524,-25864.21863578258,209.6544488275021,
8095,3aru,95,0,8,0.357421875,0,-664097.3436926056,-638266.9124103524,-25864.19540391763,778.6191426005813,
8096,3aru,96,0,8,0.357421875,0,-664125.7089966636,-638266.9124103524,-25864.208190826786,124.79456477231818,
8097,3aru,97,0,8,0.357421875,0,-664122.5307953141,-638266.9124103524,-25864.23170102401,198.62778703430737,
8098,3aru,98,0,8,0.357421875,0,-664132.261048038,-638266.9124103524,-25864.07327818971,-29.410488657262697,
8099,3aru,99,0,8,0.357421875,0,-664131.2701350771,-638266.9124103524,-25864.167597857602,-4.384429712287229,
8100,3aru,100,0,8,0.357421875,0,-664106.0889439008,-638266.9124103524,-25864.12773508573,575.3883764831651,
9001,3arv,1,0,9,0.357421875,0,-668863.1900732779,-638266.9124103524,-30635.606163778237,906.9367750201869,
9002,3arv,2,0,9,0.357421875,0,-668900.572563457,-638266.9124103524,-30635.460619050198,41.51973105645664,
9003,3arv,3,0,9,0.357421875,0,-668891.2214340216,-638266.9124103524,-30635.47308092284,257.4492762807852,
9004,3arv,4,0,9,0.357421875,0,-668879.0133146755,-638266.9124103524,-30635.4666742381,538.8274547227297,
9005,3arv,5,0,9,0.357421875,0,-668897.4262035527,-638266.9124103524,-30635.46575399413,114.19492873981076,
9006,3arv,6,0,9,0.357421875,0,-668868.5593031265,-638266.9124103524,-30635.465786642264,779.8822196242326,
9007,3arv,7,0,9,0.357421875,0,-668881.8253165544,-638266.9124103524,-30635.464718542335,473.93605147968475,
9008,3arv,8,0,9,0.357421875,0,-668883.6697086102,-638266.9124103524,-30635.46378785879,431.38189818695645,
9009,3arv,9,0,9,0.357421875,0,-668869.2054354715,-638266.9124103524,-30635.466009020805,764.9871819493138,
9010,3arv,10,0,9,0.357421875,0,-668876.2755896996,-638266.9124103524,-30635.465751000287,601.9396021071371,
9011,3arv,11,0,9,0.357421875,0,-668887.7394625047,-638266.9124103524,-30635.464464306246,337.54674309101676,
9012,3arv,12,0,9,0.357421875,0,-668889.0819501178,-638266.9124103524,-30635.465764235283,306.61822035312235,
9013,3arv,13,0,9,0.357421875,0,-668874.8586604352,-638266.9124103524,-30635.465809893023,634.6161252810332,
9014,3arv,14,0,9,0.357421875,0,-668899.2106719888,-638266.9124103524,-30635.46484905097,73.02324053350969,
9015,3arv,15,0,9,0.357421875,0,-668900.8861595793,-638266.9124103524,-30635.462297974263,34.326749587002794,
9016,3arv,16,0,9,0.357421875,0,-668866.3092209842,-638266.9124103524,-30635.466794808995,831.7935953667383,
9017,3arv,17,0,9,0.357421875,0,-668892.9345509926,-638266.9124103524,-30635.455615049108,217.5410878159276,
9018,3arv,18,0,9,0.357421875,0,-668905.6738036851,-638266.9124103524,-30635.470000456957,-75.90132284130014,
9019,3arv,19,0,9,0.357421875,0,-668887.6453633098,-638266.9124103524,-30635.606074671785,342.98233468540263,
9020,3arv,20,0,9,0.357421875,0,-668859.0652499145,-638266.9124103524,-30635.470235973124,998.922891832976,
9021,3arv,21,0,9,0.357421875,0,-668823.6819991941,-638266.9124103524,-30635.460671054065,1814.6594652012373,
9022,3arv,22,0,9,0.357421875,0,-668903.7877977795,-638266.9124103524,-30635.466009676104,-32.501023039744915,
9023,3arv,23,0,9,0.357421875,0,-668863.2869265152,-638266.9124103524,-30635.47079055522,901.5815056256819,
9024,3arv,24,0,9,0.357421875,0,-668870.3335761982,-638266.9124103524,-30635.46528600199,738.9549655513724,
9025,3arv,25,0,9,0.357421875,0,-668903.2713814367,-638266.9124103524,-30635.458620787143,-20.762571093081867,
9026,3arv,26,0,9,0.357421875,0,-668863.24326893,-638266.9124103524,-30635.46523842373,902.4602382627335,
9027,3arv,27,0,9,0.357421875,0,-668896.9829019414,-638266.9124103524,-30635.46742206643,124.45617341277637,
9028,3arv,28,0,9,0.357421875,0,-668896.686773824,-638266.9124103524,-30635.46199491052,131.15989683878624,
9029,3arv,29,0,9,0.357421875,0,-668854.5631309701,-638266.9124103524,-30635.46508582599,1102.625455875637,
9030,3arv,30,0,9,0.357421875,0,-668868.3742344626,-638266.9124103524,-30635.461353568833,784.047775298347,
9031,3arv,31,0,9,0.357421875,0,-668847.1203867277,-638266.9124103524,-30635.467067245772,1274.304908093729,
9032,3arv,32,0,9,0.357421875,0,-668895.3989381011,-638266.9124103524,-30635.47104481702,161.06678992647244,
9033,3arv,33,0,9,0.357421875,0,-668897.328762588,-638266.9124103524,-30635.4713841866,116.57180609143299,
9034,3arv,34,0,9,0.357421875,0,-668888.6148147441,-638266.9124103524,-30635.46978350344,317.4833045080723,
9035,3arv,35,0,9,0.357421875,0,-668896.6081707074,-638266.9124103524,-30635.46548643213,133.05304417166988,
9036,3arv,36,0,9,0.357421875,0,-668896.0470084569,-638266.9124103524,-30635.46671500218,146.02208458768376,
9037,3arv,37,0,9,0.357421875,0,-668902.1685762231,-638266.9124103524,-30635.468484833564,4.896191598508163,
9038,3arv,38,0,9,0.357421875,0,-668829.616201211,-638266.9124103524,-30635.461761596885,1677.838664268531,
9039,3arv,39,0,9,0.357421875,0,-668861.6518641986,-638266.9124103524,-30635.47533693222,939.3917803267727,
9040,3arv,40,0,9,0.357421875,0,-668903.5161390706,-638266.9124103524,-30635.475374951322,-26.02045601188862,
9041,3arv,41,0,9,0.357421875,0,-668878.0196243279,-638266.9124103524,-30635.459243753485,561.5711474675895,
9042,3arv,42,0,9,0.357421875,0,-668902.1964609983,-638266.9124103524,-30635.46428856977,4.156385264520637,
9043,3arv,43,0,9,0.357421875,0,-668889.9188821769,-638266.9124103524,-30635.459980493353,287.1847323175096,
9044,3arv,44,0,9,0.357421875,0,-668835.0270051566,-638266.9124103524,-30635.46788472186,1553.203763694841,
9045,3arv,45,0,9,0.357421875,0,-668900.6501491019,-638266.9124103524,-30635.461502057864,39.750926221700695,
9046,3arv,46,0,9,0.357421875,0,-668857.005525324,-638266.9124103524,-30635.46762684481,1046.3611013420045,
9047,3arv,47,0,9,0.357421875,0,-668870.2655466204,-638266.9124103524,-30635.472869541154,740.6986454527852,
9048,3arv,48,0,9,0.357421875,0,-668903.264480553,-638266.9124103524,-30635.46448967684,-20.468093121826897,
9049,3arv,49,0,9,0.357421875,0,-668904.6287634161,-638266.9124103524,-30635.606846880568,-48.646368235206836,
9050,3arv,50,0,9,0.357421875,0,-668873.5896458079,-638266.9124103524,-30635.46721613369,663.9127264723271,
9051,3arv,51,0,9,0.357421875,0,-668844.024637102,-638266.9124103524,-30635.461000839467,1345.5546957561073,
9052,3arv,52,0,9,0.357421875,0,-668863.3187944479,-638266.9124103524,-30635.462027003035,900.6445213236541,
9053,3arv,53,0,9,0.357421875,0,-668891.2888227147,-638266.9124103524,-30635.465454522306,255.71938712596312,
9054,3arv,54,0,9,0.357421875,0,-668862.1306362214,-638266.9124103524,-30635.47165059557,928.266026253254,
9055,3arv,55,0,9,0.357421875,0,-668898.5042275953,-638266.9124103524,-30635.47430204896,89.53222657157546,
9056,3arv,56,0,9,0.357421875,0,-668848.2861747658,-638266.9124103524,-30635.462626051252,1247.3187809032202,
9057,3arv,57,0,9,0.357421875,0,-668844.4599535117,-638266.9124103524,-30635.45819265307,1335.4513025524468,
9058,3arv,58,0,9,0.357421875,0,-668865.8474901294,-638266.9124103524,-30635.47698885763,842.676442175284,
9059,3arv,59,0,9,0.357421875,0,-668816.774383849,-638266.9124103524,-30635.467122365557,1974.1016300393876,
9060,3arv,60,0,9,0.357421875,0,-668896.0339276409,-638266.9124103524,-30646.02382125407,389.7763890457593,
9061,3arv,61,0,9,0.357421875,0,-668881.1051958401,-638266.9124103524,-30645.727000403873,727.1962713744284,
9062,3arv,62,0,9,0.357421875,0,-668900.827247702,-638266.9124103524,-30645.690312076837,271.5488981740266,
9063,3arv,63,0,9,0.357421875,0,-668877.1338264988,-638266.9124103524,-30645.666476826056,817.3825171629105,
9064,3arv,64,0,9,0.357421875,0,-668909.622128393,-638266.9124103524,-30646.010747117176,76.1235389093449,
9065,3arv,65,0,9,0.357421875,0,-668886.2567502734,-638266.9124103524,-30646.10568822307,617.1313525312054,
9066,3arv,66,0,9,0.357421875,0,-668879.7561161071,-638266.9124103524,-30645.72559065364,758.2742794723148,
9067,3arv,67,0,9,0.357421875,0,-668902.9730298828,-638266.9124103524,-30645.777163982824,224.06883809382484,
9068,3arv,68,0,9,0.357421875,0,-668901.7370538969,-638266.9124103524,-30645.800327012716,253.10527359243898,
9069,3arv,69,0,9,0.357421875,0,-668893.3019405712,-638266.9124103524,-30646.07843346736,454.0368950960914,
9070,3arv,70,0,9,0.357421875,0,-668837.6737502493,-638266.9124103524,-30645.615332255227,1726.174071091058,
9071,3arv,71,0,9,0.357421875,0,-668888.6156777884,-638266.9124103524,-30645.789000450455,555.4301982151582,
9072,3arv,72,0,9,0.357421875,0,-668901.6319104318,-638266.9124103524,-30646.065958140865,261.65553883449473,
9073,3arv,73,0,9,0.357421875,0,-668913.2885644546,-638266.9124103524,-30645.95514342511,-9.708736857780941,
9074,3arv,74,0,9,0.357421875,0,-668875.2400694361,-638266.9124103524,-30645.656707185804,860.8282992286001,
9075,3arv,75,0,9,0.357421875,0,-668840.27395355,-638266.9124103524,-30645.947474352266,1673.8713372210295,
9076,3arv,76,0,9,0.357421875,0,-668847.521548913,-638266.9124103524,-30646.079285023923,1509.7774439951459,
9077,3arv,77,0,9,0.357421875,0,-668870.8061668742,-638266.9124103524,-30645.99352396,970.8437006650726,
9078,3arv,78,0,9,0.357421875,0,-668861.5548607903,-638266.9124103524,-30645.735337139075,1178.22995757727,
9079,3arv,79,0,9,0.357421875,0,-668855.0222749887,-638266.9124103524,-30645.995429984785,1334.8728484205988,
9080,3arv,80,0,9,0.357421875,0,-668901.3422317693,-638266.9124103524,-30645.641727450824,258.5526953661302,
9081,3arv,81,0,9,0.357421875,0,-668851.20774732,-638266.9124103524,-30646.036906988924,1423.7944286150127,
9082,3arv,82,0,9,0.357421875,0,-668844.6472204558,-638266.9124103524,-30646.036857805655,1575.0826379663927,
9083,3arv,83,0,9,0.357421875,0,-668858.4120839321,-638266.9124103524,-30645.98640122505,1256.4937889994549,
9084,3arv,84,0,9,0.357421875,0,-668900.6633781205,-638266.9124103524,-30646.078110747974,284.27067030140887,
9085,3arv,85,0,9,0.357421875,0,-668894.6649962103,-638266.9124103524,-30646.074534558862,422.51417436928807,
9086,3arv,86,0,9,0.357421875,0,-668901.4624727425,-638266.9124103524,-30635.606832673613,24.369701667529753,
9087,3arv,87,0,9,0.357421875,0,-668910.3441799905,-638266.9124103524,-30646.07501642856,60.954719039777075,
9088,3arv,88,0,9,0.357421875,0,-668895.3100277235,-638266.9124103524,-30646.069171741354,407.51572479498935,
9089,3arv,89,0,9,0.357421875,0,-668914.4016984634,-638266.9124103524,-30646.086030510476,-32.35988901520288,
9090,3arv,90,0,9,0.357421875,0,-668912.4372783473,-638266.9124103524,-30646.057273750692,12.277568395727911,
9091,3arv,91,0,9,0.357421875,0,-668882.6800516387,-638266.9124103524,-30645.950272798786,696.0280176461075,
9092,3arv,92,0,9,0.357421875,0,-668898.9411642473,-638266.9124103524,-30645.595575670966,312.85834247500185,
9093,3arv,93,0,9,0.357421875,0,-668898.9500120886,-638266.9124103524,-30646.070923042218,323.6160771985415,
9094,3arv,94,0,9,0.357421875,0,-668851.7464546444,-638266.9124103524,-30645.718975868764,1404.0398767902216,
9095,3arv,95,0,9,0.357421875,0,-668882.3019655237,-638266.9124103524,-30635.60641818848,466.21193659124174,
9096,3arv,96,0,9,0.357421875,0,-668883.3500299942,-638266.9124103524,-30635.606685774495,442.0491664219563,
9097,3arv,97,0,9,0.357421875,0,-668868.3264598203,-638266.9124103524,-30635.607232004157,788.5135213587381,
9098,3arv,98,0,9,0.357421875,0,-668884.3562476371,-638266.9124103524,-30635.606805366057,418.84799418629945,
9099,3arv,99,0,9,0.357421875,0,-668906.1407349025,-638266.9124103524,-30635.606145672053,-83.52942926798171,
9100,3arv,100,0,9,0.357421875,0,-668904.5307132673,-638266.9124103524,-30635.607668264045,-46.36633653584916,
10001,3arq,1,0,10,0.357421875,1,-685565.5538239885,-638266.9124103524,-47299.945276783474,30.06779847329238,
10002,3arq,2,0,10,0.357421875,1,-685568.6142539853,-638266.9124103524,-47300.68192880854,-23.519794591885493,
10003,3arq,3,0,10,0.357421875,1,-685543.1114164714,-638266.9124103524,-47300.67818748325,564.5033327037104,
10004,3arq,4,0,10,0.357421875,1,-685524.4764455523,-638266.9124103524,-47299.76210155727,973.1105275931036,
10005,3arq,5,0,10,0.357421875,1,-685556.0214864252,-638266.9124103524,-47301.538631124815,286.6323487900435,
10006,3arq,6,0,10,0.357421875,1,-685539.1979793387,-638266.9124103524,-47300.34442118493,647.0525031982337,
10007,3arq,7,0,10,0.357421875,1,-685569.971810431,-638266.9124103524,-47301.09363224766,-45.33168308939863,
10008,3arq,8,0,10,0.357421875,1,-685572.4583206327,-638266.9124103524,-47302.33501957983,-74.04489857748527,
10009,3arq,9,0,10,0.357421875,1,-685569.7228850179,-638266.9124103524,-47301.19350128822,-37.28829190735992,
10010,3arq,10,0,10,0.357421875,1,-685495.090052977,-638266.9124103524,-47301.501316621856,1690.8840913306105,
10011,3arq,11,0,10,0.357421875,1,-685570.4434831033,-638266.9124103524,-47300.91111914475,-60.41756544905293,
10012,3arq,12,0,10,0.357421875,1,-685550.2876099633,-638266.9124103524,-47301.07546944272,408.1779190704815,
10013,3arq,13,0,10,0.357421875,1,-685569.0549802122,-638266.9124103524,-47300.49717694734,-37.94366195932983,
10014,3arq,14,0,10,0.357421875,1,-685545.654165825,-638266.9124103524,-47301.59125761929,526.9220371593597,
10015,3arq,15,0,10,0.357421875,1,-685568.9965802004,-638266.9124103524,-47301.14451540856,-21.66894614513538,
10016,3arq,16,0,10,0.357421875,1,-685561.5321949499,-638266.9124103524,-47302.018849271786,170.6264848222908,
10017,3arq,17,0,10,0.357421875,1,-685564.4985582836,-638266.9124103524,-47300.22364673539,60.822167327806966,
10018,3arq,18,0,10,0.357421875,1,-685560.713838136,-638266.9124103524,-47301.184140385136,170.2493970656469,
10019,3arq,19,0,10,0.357421875,1,-685564.9361432327,-638266.9124103524,-47301.359691622776,76.9290361403846,
10020,3arq,20,0,10,0.357421875,1,-685532.154964022,-638266.9124103524,-47300.15324986319,805.0597793723326,
10021,3arq,21,0,10,0.357421875,1,-685566.930695109,-638266.9124103524,-47301.536002722285,34.999407741672876,
10022,3arq,22,0,10,0.357421875,1,-685547.5322065125,-638266.9124103524,-47301.06633606107,471.50841135600416,
10023,3arq,23,0,10,0.357421875,1,-685564.9345787568,-638266.9124103524,-47301.857159882544,88.43700441122749,
10024,3arq,24,0,10,0.357421875,1,-685510.550372549,-638266.9124103524,-47284.71039291694,947.1527531460595,
10025,3arq,25,0,10,0.357421875,1,-685528.3955249845,-638266.9124103524,-47284.79880901334,537.6726854830797,
10026,3arq,26,0,10,0.357421875,1,-685508.4514666103,-638266.9124103524,-47280.153639165386,890.4734360968706,
10027,3arq,27,0,10,0.357421875,1,-685517.1026995782,-638266.9124103524,-47280.31781855193,694.757331044051,
10028,3arq,28,0,10,0.357421875,1,-685529.1148195557,-638266.9124103524,-47284.810148449375,521.3468522267094,
10029,3arq,29,0,10,0.357421875,1,-685531.7668778043,-638266.9124103524,-47298.81837381476,783.2262871949819,
10030,3arq,30,0,10,0.357421875,1,-685500.3134686953,-638266.9124103524,-47284.798571023086,1185.2547995365085,
10031,3arq,31,0,10,0.357421875,1,-685479.4903553538,-638266.9124103524,-47280.575415701496,1568.0589254401448,
10032,3arq,32,0,10,0.357421875,1,-685495.6268204805,-638266.9124103524,-47280.32606785121,1190.1931015419348,
10033,3arq,33,0,10,0.357421875,1,-685451.6224979385,-638266.9124103524,-47278.594599942095,2165.0282877402656,
10034,3arq,34,0,10,0.357421875,1,-685513.868065914,-638266.9124103524,-47292.34476528476,1046.6977357591568,
10035,3arq,35,0,10,0.357421875,1,-685492.6058364111,-638266.9124103524,-47284.629735911745,1359.1035923253148,
10036,3arq,36,0,10,0.357421875,1,-685520.9186128939,-638266.9124103524,-47284.793800190964,709.9788681847574,
10037,3arq,37,0,10,0.357421875,1,-685545.6215918532,-638266.9124103524,-47298.69430714304,460.86794577315186,
10038,3arq,38,0,10,0.357421875,1,-685522.9694483769,-638266.9124103524,-47284.565419262464,657.418889110823,
10039,3arq,39,0,10,0.357421875,1,-685513.6683838048,-638266.9124103524,-47284.796676014,877.2394409304608,
10040,3arq,40,0,10,0.357421875,1,-685551.3314852203,-638266.9124103524,-47300.82928216605,378.4283703077985,
10041,3arq,41,0,10,0.357421875,1,-685522.8232760472,-638266.9124103524,-47292.337596112025,840.0203590979587,
10042,3arq,42,0,10,0.357421875,1,-685516.0587854728,-638266.9124103524,-47280.13925547032,714.7127997183312,
10043,3arq,43,0,10,0.357421875,1,-685494.9656226041,-638266.9124103524,-47279.99743495807,1197.8622322435656,
10044,3arq,44,0,10,0.357421875,1,-685514.656868084,-638266.9124103524,-47300.81264098152,1223.7813781187797,
10045,3arq,45,0,10,0.357421875,1,-685513.0443526906,-638266.9124103524,-47280.30596236685,788.0716234354124,
10046,3arq,46,0,10,0.357421875,1,-685499.860033237,-638266.9124103524,-47280.35145957883,1093.1584434410418,
10047,3arq,47,0,10,0.357421875,1,-685513.3564411307,-638266.9124103524,-47277.65255836379,719.6857431069101,
10048,3arq,48,0,10,0.357421875,1,-685509.5276829157,-638266.9124103524,-47280.14773262388,865.5190904278438,
10049,3arq,49,0,10,0.357421875,1,-685503.0673472408,-638266.9124103524,-47277.63342288679,956.5166103082502,
10050,3arq,50,0,10,0.357421875,1,-685533.9457532039,-638266.9124103524,-47280.16212606147,302.75693316999156,
10051,3arq,51,0,10,0.357421875,1,-685540.2896781695,-638266.9124103524,-47297.8942361655,565.3747212588348,
10052,3arq,52,0,10,0.357421875,1,-685506.6917354013,-638266.9124103524,-47284.76348638695,1037.3594041563513,
10053,3arq,53,0,10,0.357421875,1,-685449.2371925971,-638266.9124103524,-47300.70415643425,2729.893220655849,
10054,3arq,54,0,10,0.357421875,1,-685523.895292806,-638266.9124103524,-47280.028159110545,531.4367046174566,
10055,3arq,55,0,10,0.357421875,1,-685467.7966414485,-638266.9124103524,-47280.34782857107,1832.4740903639065,
10056,3arq,56,0,10,0.357421875,1,-685501.6720878027,-638266.9124103524,-47284.62035556371,1149.8145525016703,
10057,3arq,57,0,10,0.357421875,1,-685537.7310782903,-638266.9124103524,-47284.54233682505,316.475322784012,
10058,3arq,58,0,10,0.357421875,1,-685507.9185827374,-638266.9124103524,-47280.33560113736,906.9581728932191,
10059,3arq,59,0,10,0.357421875,1,-685507.3444406611,-638266.9124103524,-47280.180338938546,916.6177723434105,
10060,3arq,60,0,10,0.357421875,1,-685522.2935006134,-638266.9124103524,-47292.28484187339,851.0207291858775,
10061,3arq,61,0,10,0.357421875,1,-685486.4840693197,-638266.9124103524,-47284.63631177122,1500.42653806745,
10062,3arq,62,0,10,0.357421875,1,-685505.887164122,-638266.9124103524,-47292.27657610914,1229.1692235206474,
10063,3arq,63,0,10,0.357421875,1,-685488.6048377533,-638266.9124103524,-47284.560504325964,1449.772294947965,
10064,3arq,64,0,10,0.357421875,1,-685531.506796863,-638266.9124103524,-47280.55909534133,368.15493159132245,
10065,3arq,65,0,10,0.357421875,1,-685525.6238254608,-638266.9124103524,-47292.403498750806,776.9579063486897,
10066,3arq,66,0,10,0.357421875,1,-685536.0168927042,-638266.9124103524,-47292.42461532713,537.7750418939538,
10067,3arq,67,0,10,0.357421875,1,-685514.5395666986,-638266.9124103524,-47300.699277902444,1223.872197619696,
10068,3arq,68,0,10,0.357421875,1,-685500.6681357987,-638266.9124103524,-47284.815206948464,1177.4596153878692,
10069,3arq,69,0,10,0.357421875,1,-685523.8309640959,-638266.9124103524,-47284.81600197067,643.3304391946116,
10070,3arq,70,0,10,0.357421875,1,-685534.2760557573,-638266.9124103524,-47292.313949513475,575.3676812836644,
10071,3arq,71,0,10,0.357421875,1,-685506.2138319985,-638266.9124103524,-47300.61551077663,1413.9364850844213,
10072,3arq,72,0,10,0.357421875,1,-685524.1401146648,-638266.9124103524,-47300.72235383316,1003.010445649046,
10073,3arq,73,0,10,0.357421875,1,-685510.976236064,-638266.9124103524,-47284.808863722836,939.6028979183064,
10074,3arq,74,0,10,0.357421875,1,-685517.6248353096,-638266.9124103524,-47300.70428597619,1152.8397021703017,
10075,3arq,75,0,10,0.357421875,1,-685515.07001139,-638266.9124103524,-47273.33820155895,580.6784427253212,
10076,3arq,76,0,10,0.357421875,1,-685505.1054670248,-638266.9124103524,-47300.82040871498,1444.2210472814681,
10077,3arq,77,0,10,0.357421875,1,-685519.9455157227,-638266.9124103524,-47280.340556614174,629.7247855403596,
10078,3arq,78,0,10,0.357421875,1,-685554.7520865551,-638266.9124103524,-47302.989478720454,349.3627455841619,
10079,3arq,79,0,10,0.357421875,1,-685553.652438613,-638266.9124103524,-47303.59939142182,388.7861505725082,
10080,3arq,80,0,10,0.357421875,1,-685509.9721163863,-638266.9124103524,-47302.27539271521,1365.546175037114,
10081,3arq,81,0,10,0.357421875,1,-685552.2833670445,-638266.9124103524,-47303.04245421879,407.5144139518414,
10082,3arq,82,0,10,0.357421875,1,-685548.212374394,-638266.9124103524,-47302.901541239895,498.14420419888216,
10083,3arq,83,0,10,0.357421875,1,-685544.4240629859,-638266.9124103524,-47303.650359595405,602.7729021244529,
10084,3arq,84,0,10,0.357421875,1,-685565.4568598277,-638266.9124103524,-47301.05029186263,57.78609822760433,
10085,3arq,85,0,10,0.357421875,1,-685533.9946382091,-638266.9124103524,-47302.667937883714,820.6259681636789,
10086,3arq,86,0,10,0.357421875,1,-685536.1373655952,-638266.9124103524,-47302.14933763442,759.2542949350066,
10087,3arq,87,0,10,0.357421875,1,-685531.9892023503,-638266.9124103524,-47302.93842982985,873.1101101695772,
10088,3arq,88,0,10,0.357421875,1,-685535.0625899343,-638266.9124103524,-47302.083793508034,782.5277270082408,
10089,3arq,89,0,10,0.357421875,1,-685561.3308320574,-638266.9124103524,-47301.15524322002,155.35479477295812,
10090,3arq,90,0,10,0.357421875,1,-685542.0332038777,-638266.9124103524,-47301.90515082339,617.661952583548,
10091,3arq,91,0,10,0.357421875,1,-685549.6050023839,-638266.9124103524,-47303.01869150175,468.7309890422885,
10092,3arq,92,0,10,0.357421875,1,-685558.7142585755,-638266.9124103524,-47298.71590859541,159.44201991985943,
10093,3arq,93,0,10,0.357421875,1,-685544.462981468,-638266.9124103524,-47300.57669278807,530.9949801822822,
10094,3arq,94,0,10,0.357421875,1,-685558.6666404953,-638266.9124103524,-47301.21811105561,218.24227845041193,
10095,3arq,95,0,10,0.357421875,1,-685559.80077368,-638266.9124103524,-47300.52881744388,176.19305759623253,
10096,3arq,96,0,10,0.357421875,1,-685557.5938180977,-638266.9124103524,-47299.787311017135,209.9871179400902,
10097,3arq,97,0,10,0.357421875,1,-685557.9038705772,-638266.9124103524,-47301.38517755645,239.68481566331354,
10098,3arq,98,0,10,0.357421875,1,-685565.6792631731,-638266.9124103524,-47300.65352182914,43.50762090832653,
10099,3arq,99,0,10,0.357421875,1,-685557.4910432317,-638266.9124103524,-47301.72920533172,257.1383093777608,
10100,3arq,100,0,10,0.357421875,1,-685566.4018889975,-638266.9124103524,-47300.55350845824,24.537110397950205,
11001,1z95,1,0,11,0.283447265625,0,-689980.5772418336,-638266.9124103524,-51743.94177128678,698.2028185519113,
11002,1z95,2,0,11,0.283447265625,0,-689997.822130646,-638266.9124103524,-51744.07826552835,303.67386724566717,
11003,1z95,3,0,11,0.283447265625,0,-690001.384679674,-638266.9124103524,-51743.983179905656,219.32680843461472,
11004,1z95,4,0,11,0.283447265625,0,-689980.7997122855,-638266.9124103524,-51744.046456303775,695.4866218951228,
11005,1z95,5,0,11,0.283447265625,0,-689988.9555743542,-638266.9124103524,-51743.85678673463,503.0340903899767,
11006,1z95,6,0,11,0.283447265625,0,-689986.5806190121,-638266.9124103524,-51743.92296328279,559.3279291047473,
11007,1z95,7,0,11,0.283447265625,0,-689966.5945551057,-638266.9124103524,-51734.2727788173,797.6789713246341,
11008,1z95,8,0,11,0.283447265625,0,-689997.5424329874,-638266.9124103524,-51744.10922502733,310.8377914872365,
11009,1z95,9,0,11,0.283447265625,0,-689932.4512835444,-638266.9124103524,-51737.01070407012,1648.1795745058607,
11010,1z95,10,0,11,0.283447265625,0,-689973.7057130584,-638266.9124103524,-51743.39588641341,844.0756323095163,
11011,1z95,11,0,11,0.283447265625,0,-689983.536510826,-638266.9124103524,-51736.349618096545,454.8812426277999,
11012,1z95,12,0,11,0.283447265625,0,-689971.8829029754,-638266.9124103524,-51742.86901215641,873.960622408672,
11013,1z95,13,0,11,0.283447265625,0,-689965.8561299122,-638266.9124103524,-51743.316648467386,1023.2640494576951,
11014,1z95,14,0,11,0.283447265625,0,-690002.4747145069,-638266.9124103524,-51743.34969754926,179.58155785561217,
11015,1z95,15,0,11,0.283447265625,0,-689990.2543884994,-638266.9124103524,-51730.151967217746,157.04207869090928,
11016,1z95,16,0,11,0.283447265625,0,-690001.7167214191,-638266.9124103524,-51742.61248066989,180.06066860288877,
11017,1z95,17,0,11,0.283447265625,0,-689977.3624488557,-638266.9124103524,-51732.09563812767,499.159385460829,
11018,1z95,18,0,11,0.283447265625,0,-690004.7643977108,-638266.9124103524,-51742.451338819665,106.0635643619639,
11019,1z95,19,0,11,0.283447265625,0,-689964.7766913396,-638266.9124103524,-51743.74328186488,1057.9948941612024,
11020,1z95,20,0,11,0.283447265625,0,-689984.3467997109,-638266.9124103524,-51743.60811132195,603.5803672433495,
11021,1z95,21,0,11,0.283447265625,0,-689961.0651369995,-638266.9124103524,-51731.296816891976,856.5630697169122,
11022,1z95,22,0,11,0.283447265625,0,-689959.3268351076,-638266.9124103524,-51743.59688126813,1180.2954865036152,
11023,1z95,23,0,11,0.283447265625,0,-689969.8246969968,-638266.9124103524,-51742.82301148568,920.3631791557569,
11024,1z95,24,0,11,0.283447265625,0,-689966.1409581802,-638266.9124103524,-51740.95077380239,962.1373876867686,
11025,1z95,25,0,11,0.283447265625,0,-690005.0785290988,-638266.9124103524,-51743.32456203714,118.95652823781903,
11026,1z95,26,0,11,0.283447265625,0,-689990.084183887,-638266.9124103524,-51743.880185124,477.547315953072,
11027,1z95,27,0,11,0.283447265625,0,-689993.2975066429,-638266.9124103524,-51743.24969316845,388.90684294813985,
11028,1z95,28,0,11,0.283447265625,0,-689984.9689666304,-638266.9124103524,-51742.07455004547,553.8680940697317,
11029,1z95,29,0,11,0.283447265625,0,-689972.2219019183,-638266.9124103524,-51743.25425131758,875.0269471745664,
11030,1z95,30,0,11,0.283447265625,0,-689939.2237647825,-638266.9124103524,-51734.28238761097,1429.085974778927,
11031,1z95,31,0,11,0.283447265625,0,-689948.5109830756,-638266.9124103524,-51742.75968437259,1410.4087405641997,
11032,1z95,32,0,11,0.283447265625,0,-689995.2941247525,-638266.9124103524,-51729.51535345255,26.14233759088925,
11033,1z95,33,0,11,0.283447265625,0,-689950.3263436963,-638266.9124103524,-51743.30432099627,1381.1051490505968,
11034,1z95,34,0,11,0.283447265625,0,-689978.4388107581,-638266.9124103524,-51742.733582924106,719.6547251249926,
11035,1z95,35,0,11,0.283447265625,0,-689978.350937728,-638266.9124103524,-51731.9353942631,472.6689792375464,
11036,1z95,36,0,11,0.283447265625,0,-689978.7114913345,-638266.9124103524,-51744.03532609327,743.3854722655124,
11037,1z95,37,0,11,0.283447265625,0,-689989.3739485355,-638266.9124103524,-51743.57742281502,486.94386753895327,
11038,1z95,38,0,11,0.283447265625,0,-690007.5889628009,-638266.9124103524,-51743.48111190159,64.67467741084118,
11039,1z95,39,0,11,0.283447265625,0,-689967.5143722488,-638266.9124103524,-51743.31868591726,985.0710574501852,
11040,1z95,40,0,11,0.283447265625,0,-689945.654503078,-638266.9124103524,-51743.49539404959,1493.2466023726483,
11041,1z95,41,0,11,0.283447265625,0,-689922.345005403,-638266.9124103524,-51741.648656597055,1988.1896110582215,
11042,1z95,42,0,11,0.283447265625,0,-690008.7167909631,-638266.9124103524,-51743.87643229543,47.78264698319969,
11043,1z95,43,0,11,0.283447265625,0,-689985.8771765417,-638266.9124103524,-51743.06364231312,555.7332855166427,
11044,1z95,44,0,11,0.283447265625,0,-689974.5422620431,-638266.9124103524,-51742.88105914685,812.912155629013,
11045,1z95,45,0,11,0.283447265625,0,-689944.038646087,-638266.9124103524,-51743.600720125156,1532.9380268025056,
11046,1z95,46,0,11,0.283447265625,0,-689954.8335291379,-638266.9124103524,-51736.727879079735,1125.510630222524,
11047,1z95,47,0,11,0.283447265625,0,-690009.2749307906,-638266.9124103524,-51743.68382665731,30.470045263082575,
11048,1z95,48,0,11,0.283447265625,0,-689966.6355814881,-638266.9124103524,-51743.79342539366,1016.2842062218892,
11049,1z95,49,0,11,0.283447265625,0,-689970.2184312568,-638266.9124103524,-51742.84777957989,911.854617241803,
11050,1z95,50,0,11,0.283447265625,0,-689962.0651536683,-638266.9124103524,-51742.583278302125,1093.7741206815476,
11051,1z95,51,0,11,0.283447265625,0,-689951.7077935943,-638266.9124103524,-51743.4270566717,1352.0785095158305,
11052,1z95,52,0,11,0.283447265625,0,-689988.360685858,-638266.9124103524,-51743.64683233236,511.91088147494855,
11053,1z95,53,0,11,0.283447265625,0,-689995.066447396,-638266.9124103524,-51743.42720722264,352.2076714396041,
11054,1z95,54,0,11,0.283447265625,0,-689983.8868576803,-638266.9124103524,-51741.817907063836,572.9037915186408,
11055,1z95,55,0,11,0.283447265625,0,-690006.7713851259,-638266.9124103524,-51743.27864495254,78.85946772740736,
11056,1z95,56,0,11,0.283447265625,0,-689993.2470134132,-638266.9124103524,-51736.919613588514,244.09614156076063,
11057,1z95,57,0,11,0.283447265625,0,-689974.6515653942,-638266.9124103524,-51731.16024891719,540.103255557327,
11058,1z95,58,0,11,0.283447265625,0,-689987.898277861,-638266.9124103524,-51738.508542516276,404.0824851355826,
11059,1z95,59,0,11,0.283447265625,0,-689987.2852864332,-638266.9124103524,-51742.42941281643,508.6358203698493,
11060,1z95,60,0,11,0.283447265625,0,-689976.7589730016,-638266.9124103524,-51743.645193510514,779.4149435858545,
11061,1z95,61,0,11,0.283447265625,0,-689970.1791254203,-638266.9124103524,-51743.38489879313,925.1472946730538,
11062,1z95,62,0,11,0.283447265625,0,-689981.8456402913,-638266.9124103524,-51743.140895276614,650.4842157089672,
11063,1z95,63,0,11,0.283447265625,0,-689957.2938078549,-638266.9124103524,-51740.69220307189,1160.19473823002,
11064,1z95,64,0,11,0.283447265625,0,-689985.8422304216,-638266.9124103524,-51743.221349621876,560.1759791277171,
11065,1z95,65,0,11,0.283447265625,0,-689968.261611001,-638266.9124103524,-51742.99288567655,960.3261904300983,
11066,1z95,66,0,11,0.283447265625,0,-689957.2834930585,-638266.9124103524,-51744.07342416319,1238.4054137863754,
11067,1z95,67,0,11,0.283447265625,0,-689989.8021230297,-638266.9124103524,-51743.20194169413,468.41112878830563,
11068,1z95,68,0,11,0.283447265625,0,-689970.086827462,-638266.9124103524,-51743.92828082827,939.8064235675026,
11069,1z95,69,0,11,0.283447265625,0,-689956.4861245406,-638266.9124103524,-51738.37467001793,1125.376776091852,
11070,1z95,70,0,11,0.283447265625,0,-689990.358001027,-638266.9124103524,-51743.52276173584,462.9905635602129,
11071,1z95,71,0,11,0.283447265625,0,-690005.2745594035,-638266.9124103524,-51740.5732947477,50.9902310955995,
11072,1z95,72,0,11,0.283447265625,0,-689986.3032647066,-638266.9124103524,-51736.68815590934,398.8852498517652,
11073,1z95,73,0,11,0.283447265625,0,-689961.0512204713,-638266.9124103524,-51743.42402577392,1136.5440729551658,
11074,1z95,74,0,11,0.283447265625,0,-689968.8163827468,-638266.9124103524,-51742.762504017155,942.2201227750542,
11075,1z95,75,0,11,0.283447265625,0,-689940.6080529683,-638266.9124103524,-51743.68398920498,1613.9696141034572,
11076,1z95,76,0,11,0.283447265625,0,-689975.8620208851,-638266.9124103524,-51743.60331678995,799.133450652941,
11077,1z95,77,0,11,0.283447265625,0,-689991.3997345284,-638266.9124103524,-51743.819315130306,445.8063020627017,
11078,1z95,78,0,11,0.283447265625,0,-689956.9297396432,-638266.9124103524,-51741.9769796549,1198.2180024822378,
11079,1z95,79,0,11,0.283447265625,0,-689999.505791029,-638266.9124103524,-51742.09267180585,219.05885744338448,
11080,1z95,80,0,11,0.283447265625,0,-689934.9588359842,-638266.9124103524,-51741.18992364264,1686.7291343765596,
11081,1z95,81,0,11,0.283447265625,0,-690000.8580895992,-638266.9124103524,-51742.3360905649,193.48748151973152,
11082,1z95,82,0,11,0.283447265625,0,-689989.4290697803,-638266.9124103524,-51742.139576395224,452.51521530124654,
11083,1z95,83,0,11,0.283447265625,0,-689985.1592287418,-638266.9124103524,-51741.91005680447,545.6872412981216,
11084,1z95,84,0,11,0.283447265625,0,-690006.2679904479,-638266.9124103524,-51742.07216212539,62.6458698349168,
11085,1z95,85,0,11,0.283447265625,0,-690009.6163532068,-638266.9124103524,-51742.48450642849,-5.060324196030252,
11086,1z95,86,0,11,0.283447265625,0,-689977.3208113707,-638266.9124103524,-51743.70848100411,767.9180872749316,
11087,1z95,87,0,11,0.283447265625,0,-689967.1704294076,-638266.9124103524,-51742.086110616685,964.5787061162142,
11088,1z95,88,0,11,0.283447265625,0,-689998.5126159412,-638266.9124103524,-51742.049548136914,240.96756362809202,
11089,1z95,89,0,11,0.283447265625,0,-690001.3611995393,-638266.9124103524,-51742.523263331634,186.2017972219088,
11090,1z95,90,0,11,0.283447265625,0,-689999.249940483,-638266.9124103524,-51742.3585783994,231.09086291472,
11091,1z95,91,0,11,0.283447265625,0,-690006.5171549566,-638266.9124103524,-51742.614501121025,69.40663411459909,
11092,1z95,92,0,11,0.283447265625,0,-690000.5720618704,-638266.9124103524,-51742.07019907508,193.9518342221483,
11093,1z95,93,0,11,0.283447265625,0,-689983.8805526615,-638266.9124103524,-51743.79725948638,618.6941399197758,
11094,1z95,94,0,11,0.283447265625,0,-689994.3071078559,-638266.9124103524,-51742.03300705827,337.5674376463809,
11095,1z95,95,0,11,0.283447265625,0,-689997.8154602788,-638266.9124103524,-51742.47105039489,266.76442810842605,
11096,1z95,96,0,11,0.283447265625,0,-689985.9116238066,-638266.9124103524,-51742.027549546125,531.0460459074636,
11097,1z95,97,0,11,0.283447265625,0,-689997.0879405071,-638266.9124103524,-51743.626292400135,310.1819461185885,
11098,1z95,98,0,11,0.283447265625,0,-689977.4978222046,-638266.9124103524,-51743.450917768336,757.8965711559492,
11099,1z95,99,0,11,0.283447265625,0,-689967.867653275,-638266.9124103524,-51743.40608940603,978.9397757803699,
11100,1z95,100,0,11,0.283447265625,0,-689986.4089637513,-638266.9124103524,-51743.52421988018,554.0911521496553,
12001,3b68,1,0,12,0.283447265625,0,-683096.2570007542,-638266.9124103524,-44875.369080114106,1061.3499463890944,
12002,3b68,2,0,12,0.283447265625,0,-683109.4045445952,-638266.9124103524,-44875.4176437986,759.2802879594504,
12003,3b68,3,0,12,0.283447265625,0,-683102.0459831305,-638266.9124103524,-44875.645482667926,934.2268357244533,
12004,3b68,4,0,12,0.283447265625,0,-683096.3216592434,-638266.9124103524,-44874.8777998745,1048.529694742679,
12005,3b68,5,0,12,0.283447265625,0,-683112.7531371047,-638266.9124103524,-44875.43458892323,682.4506740854391,
12006,3b68,6,0,12,0.283447265625,0,-683106.6086830971,-638266.9124103524,-44875.21866538555,819.1658345528703,
12007,3b68,7,0,12,0.283447265625,0,-683118.2687844887,-638266.9124103524,-44875.552178431484,557.9685022496539,
12008,3b68,8,0,12,0.283447265625,0,-683113.307649294,-638266.9124103524,-44875.245494391354,665.3026957234449,
12009,3b68,9,0,12,0.283447265625,0,-683103.9292858385,-638266.9124103524,-44875.70571874741,892.1859205383103,
12010,3b68,10,0,12,0.283447265625,0,-683113.8102565845,-638266.9124103524,-44875.827856852855,667.1418936586571,
12011,3b68,11,0,12,0.283447265625,0,-683129.0669044298,-638266.9124103524,-44874.719800659834,289.7628534498456,
12012,3b68,12,0,12,0.283447265625,0,-683111.5304142899,-638266.9124103524,-44875.00667761152,700.779462768068,
12013,3b68,13,0,12,0.283447265625,0,-683087.9586940464,-638266.9124103524,-44875.27360868766,1250.5118217432102,
12014,3b68,14,0,12,0.283447265625,0,-683092.0782666357,-638266.9124103524,-44875.29798403689,1156.074329913033,
12015,3b68,15,0,12,0.283447265625,0,-683098.699537764,-638266.9124103524,-44863.8007751428,738.2522547385299,
12016,3b68,16,0,12,0.283447265625,0,-683113.9068825968,-638266.9124103524,-44859.6330541914,291.4526234998584,
12017,3b68,17,0,12,0.283447265625,0,-683130.4614716215,-638266.9124103524,-44875.09773724719,266.3187947719048,
12018,3b68,18,0,12,0.283447265625,0,-683121.3668476901,-638266.9124103524,-44873.28342838205,434.20684858050913,
12019,3b68,19,0,12,0.283447265625,0,-683118.960572985,-638266.9124103524,-44873.99801984217,506.1757320560203,
12020,3b68,20,0,12,0.283447265625,0,-683087.3984071463,-638266.9124103524,-44875.23904362806,1262.6352553900351,
12021,3b68,21,0,12,0.283447265625,0,-683112.0243434388,-638266.9124103524,-44874.35632789886,674.3917653498225,
12022,3b68,22,0,12,0.283447265625,0,-683135.1360882956,-638266.9124103524,-44874.72743210877,149.9801340130264,
12023,3b68,23,0,12,0.283447265625,0,-683069.8190707008,-638266.9124103524,-44874.74269470612,1656.5783062679113,
12024,3b68,24,0,12,0.283447265625,0,-683093.333209052,-638266.9124103524,-44848.25989997131,503.6216394538586,
12025,3b68,25,0,12,0.283447265625,0,-683112.0298277437,-638266.9124103524,-44874.31324675491,673.2718194946818,
12026,3b68,26,0,12,0.283447265625,0,-683129.617809383,-638266.9124103524,-44873.56057796816,250.32637309977474,
12027,3b68,27,0,12,0.283447265625,0,-683099.7446784284,-638266.9124103524,-44875.01438651629,972.7427598887389,
12028,3b68,28,0,12,0.283447265625,0,-683073.308134326,-638266.9124103524,-44874.432619359926,1568.9680803024216,
12029,3b68,29,0,12,0.283447265625,0,-683123.2310862087,-638266.9124103524,-44874.60767075868,421.7542417194673,
12030,3b68,30,0,12,0.283447265625,0,-683053.8503891785,-638266.9124103524,-44857.097808709696,1617.9241128184246,
12031,3b68,31,0,12,0.283447265625,0,-683117.3531165094,-638266.9124103524,-44874.94954762033,565.1873108379722,
12032,3b68,32,0,12,0.283447265625,0,-683078.8325331288,-638266.9124103524,-44874.1530584775,1435.12559037481,
12033,3b68,33,0,12,0.283447265625,0,-683115.5734537734,-638266.9124103524,-44875.23779478212,612.8744459452603,
12034,3b68,34,0,12,0.283447265625,0,-683082.4623003007,-638266.9124103524,-44861.80091358124,1066.5739427016615,
12035,3b68,35,0,12,0.283447265625,0,-683091.8608130495,-638266.9124103524,-44866.2211708272,951.7726435661417,
12036,3b68,36,0,12,0.283447265625,0,-683086.0427874402,-638266.9124103524,-44851.41036050845,744.3941016422046,
12037,3b68,37,0,12,0.283447265625,0,-683075.7583790191,-638266.9124103524,-44874.00335074553,1502.564925946333,
12038,3b68,38,0,12,0.283447265625,0,-683105.7564097262,-638266.9124103524,-44875.507797860904,845.4872786630533,
12039,3b68,39,0,12,0.283447265625,0,-683120.0903709597,-638266.9124103524,-44859.6550034495,149.36415626263621,
12040,3b68,40,0,12,0.283447265625,0,-683105.4893480056,-638266.9124103524,-44875.39978825425,849.1551075443924,
12041,3b68,41,0,12,0.283447265625,0,-683086.5996404359,-638266.9124103524,-44870.77508864701,1178.1140059674915,
12042,3b68,42,0,12,0.283447265625,0,-683104.7488344846,-638266.9124103524,-44875.25098555356,862.8002832183034,
12043,3b68,43,0,12,0.283447265625,0,-683070.665647254,-638266.9124103524,-44874.064329531095,1621.412314605612,
12044,3b68,44,0,12,0.283447265625,0,-683079.3392889533,-638266.9124103524,-44874.092411030964,1422.0409601026229,
12045,3b68,45,0,12,0.283447265625,0,-683047.8176049164,-638266.9124103524,-44873.702570191774,2139.95831921964,
12046,3b68,46,0,12,0.283447265625,0,-683113.679347704,-638266.9124103524,-44874.198590909895,632.5889589524328,
12047,3b68,47,0,12,0.283447265625,0,-683094.9587980453,-638266.9124103524,-44861.22617266005,765.1440182442645,
12048,3b68,48,0,12,0.283447265625,0,-683115.6475452028,-638266.9124103524,-44872.045528783,537.5504542338633,
12049,3b68,49,0,12,0.283447265625,0,-683107.954963366,-638266.9124103524,-44874.59087151494,773.6426034357322,
12050,3b68,50,0,12,0.283447265625,0,-683073.8723185161,-638266.9124103524,-44850.92724759612,1013.9109339650395,
12051,3b68,51,0,12,0.283447265625,0,-683108.652978888,-638266.9124103524,-44858.502183090444,386.53201415957386,
12052,3b68,52,0,12,0.283447265625,0,-683107.3763629139,-638266.9124103524,-44874.45801538353,783.9217116646198,
12053,3b68,53,0,12,0.283447265625,0,-683131.0838199579,-638266.9124103524,-44874.554038834875,239.42911795072973,
12054,3b68,54,0,12,0.283447265625,0,-683133.4250696289,-638266.9124103524,-44874.980177595804,195.26561120926624,
12055,3b68,55,0,12,0.283447265625,0,-683096.8704318616,-638266.9124103524,-44874.67224999845,1031.1346047850047,
12056,3b68,56,0,12,0.283447265625,0,-683135.5667488455,-638266.9124103524,-44875.29798007395,153.2060144439948,
12057,3b68,57,0,12,0.283447265625,0,-683127.8631725193,-638266.9124103524,-44872.99938877557,277.84793020309104,
12058,3b68,58,0,12,0.283447265625,0,-683093.8050115997,-638266.9124103524,-44858.30817833142,724.4604179749484,
12059,3b68,59,0,12,0.283447265625,0,-683068.0964938375,-638266.9124103524,-44847.35665031921,1064.7646859390948,
12060,3b68,60,0,12,0.283447265625,0,-683116.3059212766,-638266.9124103524,-44875.01754203428,590.9041950275433,
12061,3b68,61,0,12,0.283447265625,0,-683108.4306092579,-638266.9124103524,-44874.14301235533,752.3460710245139,
12062,3b68,62,0,12,0.283447265625,0,-683101.8693571076,-638266.9124103524,-44874.97159298171,922.7596632322608,
12063,3b68,63,0,12,0.283447265625,0,-683112.9688269697,-638266.9124103524,-44858.647527184396,290.35790747180164,
12064,3b68,64,0,12,0.283447265625,0,-683097.9758242397,-638266.9124103524,-44875.05889790344,1014.5599634857011,
12065,3b68,65,0,12,0.283447265625,0,-683129.6628509979,-638266.9124103524,-44875.22446491981,287.6578334181137,
12066,3b68,66,0,12,0.283447265625,0,-683114.6416760214,-638266.9124103524,-44875.380977696324,637.6636278043518,
12067,3b68,67,0,12,0.283447265625,0,-683052.5269235102,-638266.9124103524,-44874.071198242666,2039.859617336002,
12068,3b68,68,0,12,0.283447265625,0,-683069.8476987478,-638266.9124103524,-44874.376976890824,1647.4844746492947,
12069,3b68,69,0,12,0.283447265625,0,-683104.3660904812,-638266.9124103524,-44876.289237840494,895.5692361395052,
12070,3b68,70,0,12,0.283447265625,0,-683100.2192152814,-638266.9124103524,-44876.15092453229,988.0088693713602,
12071,3b68,71,0,12,0.283447265625,0,-683130.8104096763,-638266.9124103524,-44875.87677741541,276.23718513156086,
12072,3b68,72,0,12,0.283447265625,0,-683062.4052350916,-638266.9124103524,-44875.512786041596,1845.3041450183111,
12073,3b68,73,0,12,0.283447265625,0,-683086.1237875064,-638266.9124103524,-44875.88993052258,1307.0384909266766,
12074,3b68,74,0,12,0.283447265625,0,-683081.9986134674,-638266.9124103524,-44875.89896721154,1402.375655159056,
12075,3b68,75,0,12,0.283447265625,0,-683114.1276097355,-638266.9124103524,-44876.05809395909,665.1329499432377,
12076,3b68,76,0,12,0.283447265625,0,-683083.6543320967,-638266.9124103524,-44876.011190405225,1366.7818048408442,
12077,3b68,77,0,12,0.283447265625,0,-683140.0437867066,-638266.9124103524,-44875.57690902865,56.39532320915533,
12078,3b68,78,0,12,0.283447265625,0,-683115.9733595831,-638266.9124103524,-44876.1725657682,625.2087299287272,
12079,3b68,79,0,12,0.283447265625,0,-683135.4436655617,-638266.9124103524,-44875.893384540585,169.77473557807167,
12080,3b68,80,0,12,0.283447265625,0,-683090.342642062,-638266.9124103524,-44875.6566122774,1204.3689471035557,
12081,3b68,81,0,12,0.283447265625,0,-683126.1926906265,-638266.9124103524,-44875.703266846394,378.72306737186585,
12082,3b68,82,0,12,0.283447265625,0,-683130.2384508656,-638266.9124103524,-44875.80416931683,287.7524861119412,
12083,3b68,83,0,12,0.283447265625,0,-683096.3154184524,-638266.9124103524,-44876.21047213548,1079.4057632202241,
12084,3b68,84,0,12,0.283447265625,0,-683128.7717683158,-638266.9124103524,-44876.10969157139,328.62049976865706,
12085,3b68,85,0,12,0.283447265625,0,-683135.8769697789,-638266.9124103524,-44876.18749286851,166.5648021160496,
12086,3b68,86,0,12,0.283447265625,0,-683103.8649328772,-638266.9124103524,-44875.88222475199,897.7402602404302,
12087,3b68,87,0,12,0.283447265625,0,-683105.8861136354,-638266.9124103524,-44875.59376566625,844.478700149149,
12088,3b68,88,0,12,0.283447265625,0,-683134.3909278025,-638266.9124103524,-44876.06247828989,197.95083952073372,
12089,3b68,89,0,12,0.283447265625,0,-683114.7658538865,-638266.9124103524,-44876.305149581895,656.1119281775667,
12090,3b68,90,0,12,0.283447265625,0,-683133.2935615366,-638266.9124103524,-44874.37842801371,184.4215848414942,
12091,3b68,91,0,12,0.283447265625,0,-683096.302865754,-638266.9124103524,-44875.1014371612,1054.1202812512875,
12092,3b68,92,0,12,0.283447265625,0,-683115.9968924978,-638266.9124103524,-44874.44616185137,584.8542279247669,
12093,3b68,93,0,12,0.283447265625,0,-683141.1239505938,-638266.9124103524,-44875.52813765379,30.361457602621563,
12094,3b68,94,0,12,0.283447265625,0,-683076.7266569053,-638266.9124103524,-44875.033462650434,1503.9908522931144,
12095,3b68,95,0,12,0.283447265625,0,-683133.5343002117,-638266.9124103524,-44874.71292255046,186.58364637313235,
12096,3b68,96,0,12,0.283447265625,0,-683121.2243179656,-638266.9124103524,-44874.88309438498,474.3828364836502,
12097,3b68,97,0,12,0.283447265625,0,-683110.014201685,-638266.9124103524,-44875.24238611813,741.1797233564489,
12098,3b68,98,0,12,0.283447265625,0,-683124.741021733,-638266.9124103524,-44874.62836611668,387.4115476328478,
12099,3b68,99,0,12,0.283447265625,0,-683122.6442974332,-638266.9124103524,-44875.225491288285,449.5331922173411,
12100,3b68,100,0,12,0.283447265625,0,-683109.731588871,-638266.9124103524,-44874.2699227771,725.2713922815789,
13001,3b65,1,0,13,0.283447265625,0,-675845.4066329051,-638266.9124103524,-37600.966286794435,518.2181122981635,
13002,3b65,2,0,13,0.283447265625,0,-675833.337661597,-638266.9124103524,-37600.76560347072,791.907335031449,
13003,3b65,3,0,13,0.283447265625,0,-675839.8743530684,-638266.9124103524,-37600.58923515564,637.1004987339747,
13004,3b65,4,0,13,0.283447265625,0,-675833.044365195,-638266.9124103524,-37600.35586068788,789.2220176957567,
13005,3b65,5,0,13,0.283447265625,0,-675862.0926974455,-638266.9124103524,-37600.77565105389,129.03215824619028,
13006,3b65,6,0,13,0.283447265625,0,-675866.9198608911,-638266.9124103524,-37600.35160650004,7.936425007888554,
13007,3b65,7,0,13,0.283447265625,0,-675820.6792312842,-638266.9124103524,-37600.80803572467,1084.796183741297,
13008,3b65,8,0,13,0.283447265625,0,-675869.9047299545,-638266.9124103524,-37600.99420559668,-46.077603594582925,
13009,3b65,9,0,13,0.283447265625,0,-675807.1608132513,-638266.9124103524,-37601.00018408662,1400.9693558746874,
13010,3b65,10,0,13,0.283447265625,0,-675826.5767346981,-638266.9124103524,-37600.38012084177,938.9285725578977,
13011,3b65,11,0,13,0.283447265625,0,-675834.0262545499,-638266.9124103524,-37600.751026053236,775.6918410719828,
13012,3b65,12,0,13,0.283447265625,0,-675857.7211465101,-638266.9124103524,-37598.54085981062,178.3070073300157,
13013,3b65,13,0,13,0.283447265625,0,-675869.2688812084,-638266.9124103524,-37600.67164915775,-38.852911358492115,
13014,3b65,14,0,13,0.283447265625,0,-675846.7151764435,-638266.9124103524,-37601.151623064135,492.3163373563317,
13015,3b65,15,0,13,0.283447265625,0,-675831.252351246,-638266.9124103524,-37598.71314234952,792.6648562662707,
13016,3b65,16,0,13,0.283447265625,0,-675866.5036142836,-638266.9124103524,-37599.16928193294,-9.729752422895059,
13017,3b65,17,0,13,0.283447265625,0,-675863.3743550008,-638266.9124103524,-37596.77250157194,7.161612789118429,
13018,3b65,18,0,13,0.283447265625,0,-675837.7149490599,-638266.9124103524,-37598.75898212578,644.6909006211414,
13019,3b65,19,0,13,0.283447265625,0,-675839.1857103864,-638266.9124103524,-37600.46944999027,650.2186647059831,
13020,3b65,20,0,13,0.283447265625,0,-675849.770362107,-638266.9124103524,-37600.79859925726,413.7211598475943,
13021,3b65,21,0,13,0.283447265625,0,-675847.9975708798,-638266.9124103524,-37585.52712089464,102.43403951102808,
13022,3b65,22,0,13,0.283447265625,0,-675844.0670437613,-638266.9124103524,-37600.75489080512,544.2348645009034,
13023,3b65,23,0,13,0.283447265625,0,-675849.1801809845,-638266.9124103524,-37600.00934051349,409.1303208384534,
13024,3b65,24,0,13,0.283447265625,0,-675865.5289938112,-638266.9124103524,-37600.99464647763,54.83943598887148,
13025,3b65,25,0,13,0.283447265625,0,-675834.2701152635,-638266.9124103524,-37592.05583215748,569.5523446907267,
13026,3b65,26,0,13,0.283447265625,0,-675803.0365831298,-638266.9124103524,-37600.22396271119,1478.1762717007716,
13027,3b65,27,0,13,0.283447265625,0,-675857.0555237308,-638266.9124103524,-37600.744363742066,244.47064107486227,
13028,3b65,28,0,13,0.283447265625,0,-675836.6590187782,-638266.9124103524,-37591.14503902333,493.4595322930541,
13029,3b65,29,0,13,0.283447265625,0,-675839.7657318496,-638266.9124103524,-37600.68772223516,641.876529554094,
13030,3b65,30,0,13,0.283447265625,0,-675816.8238651155,-638266.9124103524,-37591.02228167598,948.0381903796339,
13031,3b65,31,0,13,0.283447265625,0,-675836.8644071132,-638266.9124103524,-37600.936025467854,714.5086759844744,
13032,3b65,32,0,13,0.283447265625,0,-675825.348671519,-638266.9124103524,-37600.65032640184,973.4794704824377,
13033,3b65,33,0,13,0.283447265625,0,-675821.6634552907,-638266.9124103524,-37600.518324111465,1055.4185304491148,
13034,3b65,34,0,13,0.283447265625,0,-675857.6820257078,-638266.9124103524,-37600.666208193055,228.22085249260354,
13035,3b65,35,0,13,0.283447265625,0,-675826.6709643075,-638266.9124103524,-37600.51259422942,939.810495036379,
13036,3b65,36,0,13,0.283447265625,0,-675864.210263433,-638266.9124103524,-37594.75173155371,-58.71495725504436,
13037,3b65,37,0,13,0.283447265625,0,-675804.966016066,-638266.9124103524,-37600.79919352921,1446.9476289810193,
13038,3b65,38,0,13,0.283447265625,0,-675788.1818253548,-638266.9124103524,-37600.65344424695,1830.6392033804318,
13039,3b65,39,0,13,0.283447265625,0,-675816.0301827573,-638266.9124103524,-37600.25136979439,1179.1687683514294,
13040,3b65,40,0,13,0.283447265625,0,-675853.300112698,-638266.9124103524,-37600.9971518662,336.9019094484282,
13041,3b65,41,0,13,0.283447265625,0,-675841.1548349954,-638266.9124103524,-37600.85535117748,613.7086652607647,
13042,3b65,42,0,13,0.283447265625,0,-675834.0663479303,-638266.9124103524,-37592.79407744496,591.2756717865158,
13043,3b65,43,0,13,0.283447265625,0,-675829.1021635897,-638266.9124103524,-37600.5443989901,884.4791429090398,
13044,3b65,44,0,13,0.283447265625,0,-675853.0079327903,-638266.9124103524,-37592.215277377945,141.12490150558688,
13045,3b65,45,0,13,0.283447265625,0,-675856.0758584153,-638266.9124103524,-37600.905994522785,270.78955429011285,
13046,3b65,46,0,13,0.283447265625,0,-675832.5283222168,-638266.9124103524,-37596.58562795059,714.1786191052823,
13047,3b65,47,0,13,0.283447265625,0,-675872.8580017976,-638266.9124103524,-37599.91117216287,-139.15701449006437,
13048,3b65,48,0,13,0.283447265625,0,-675796.6056077097,-638266.9124103524,-37600.440706035486,1631.4763077692462,
13049,3b65,49,0,13,0.283447265625,0,-675813.7860703961,-638266.9124103524,-37600.71033162079,1241.5031399448076,
13050,3b65,50,0,13,0.283447265625,0,-675809.0789431226,-638266.9124103524,-37600.646067552254,1348.5701089524061,
13051,3b65,51,0,13,0.283447265625,0,-675836.2793157403,-638266.9124103524,-37592.13825587373,525.1198170449977,
13052,3b65,52,0,13,0.283447265625,0,-675818.4871234944,-638266.9124103524,-37600.76693470696,1134.3995782930244,
13053,3b65,53,0,13,0.283447265625,0,-675845.9259071796,-638266.9124103524,-37579.89336728875,20.290294862927013,
13054,3b65,54,0,13,0.283447265625,0,-675856.7300333416,-638266.9124103524,-37600.85852975526,254.60935857259966,
13055,3b65,55,0,13,0.283447265625,0,-675853.5761773575,-638266.9124103524,-37597.015378334174,238.71382817845267,
13056,3b65,56,0,13,0.283447265625,0,-675861.4113384953,-638266.9124103524,-37598.25077508688,86.51964590385066,
13057,3b65,57,0,13,0.283447265625,0,-675841.5650212164,-638266.9124103524,-37580.06926019712,124.91090102746341,
13058,3b65,58,0,13,0.283447265625,0,-675819.4026285762,-638266.9124103524,-37586.68572520423,788.5671243151817,
13059,3b65,59,0,13,0.283447265625,0,-675858.6076883855,-638266.9124103524,-37593.84095276315,49.48043474019669,
13060,3b65,60,0,13,0.283447265625,0,-675814.8237280754,-638266.9124103524,-37600.90939168986,1222.1646196436457,
13061,3b65,61,0,13,0.283447265625,0,-675853.7046347427,-638266.9124103524,-37600.600434152024,318.4248816650872,
13062,3b65,62,0,13,0.283447265625,0,-675849.4889370675,-638266.9124103524,-37584.12474210082,35.70269495523363,
13063,3b65,63,0,13,0.283447265625,0,-675847.543779035,-638266.9124103524,-37600.86527025952,466.60485511454465,
13064,3b65,64,0,13,0.283447265625,0,-675843.8460063501,-638266.9124103524,-37599.21377988033,513.7932460993037,
13065,3b65,65,0,13,0.283447265625,0,-675843.3597845292,-638266.9124103524,-37587.98341287652,266.02737221042787,
13066,3b65,66,0,13,0.283447265625,0,-675842.913357342,-638266.9124103524,-37600.63442916308,568.0615938955214,
13067,3b65,67,0,13,0.283447265625,0,-675843.9976053551,-638266.9124103524,-37600.941140312316,550.131167856378,
13068,3b65,68,0,13,0.283447265625,0,-675806.4927350327,-638266.9124103524,-37585.96178499475,1069.5818840351453,
13069,3b65,69,0,13,0.283447265625,0,-675838.9576474866,-638266.9124103524,-37601.23486444343,673.1287967222258,
13070,3b65,70,0,13,0.283447265625,0,-675828.353113848,-638266.9124103524,-37593.092364297445,729.9046378385857,
13071,3b65,71,0,13,0.283447265625,0,-675781.5377238774,-638266.9124103524,-37600.340475878584,1976.6386012647417,
13072,3b65,72,0,13,0.283447265625,0,-675827.8165267232,-638266.9124103524,-37600.43591801253,911.6250025889757,
13073,3b65,73,0,13,0.283447265625,0,-675859.6050096485,-638266.9124103524,-37600.73337452676,185.42468180180927,
13074,3b65,74,0,13,0.283447265625,0,-675826.636556261,-638266.9124103524,-37600.535005024336,941.1207686469179,
13075,3b65,75,0,13,0.283447265625,0,-675821.9112621695,-638266.9124103524,-37600.69476921674,1053.772888858333,
13076,3b65,76,0,13,0.283447265625,0,-675856.1283825303,-638266.9124103524,-37595.25084319663,139.16743177857754,
13077,3b65,77,0,13,0.283447265625,0,-675858.2015510981,-638266.9124103524,-37600.61642055964,215.09218227751694,
13078,3b65,78,0,13,0.283447265625,0,-675843.2148912131,-638266.9124103524,-37601.002260923495,569.5904595431632,
13079,3b65,79,0,13,0.283447265625,0,-675840.9071442261,-638266.9124103524,-37601.061729480774,624.1797468268306,
13080,3b65,80,0,13,0.283447265625,0,-675843.6218557534,-638266.9124103524,-37590.77403419898,324.33712269424467,
13081,3b65,81,0,13,0.283447265625,0,-675858.2974633492,-638266.9124103524,-37600.81395538597,217.43565453566484,
13082,3b65,82,0,13,0.283447265625,0,-675854.339141684,-638266.9124103524,-37590.06997807696,60.954717998906894,
13083,3b65,83,0,13,0.283447265625,0,-675836.5255360522,-638266.9124103524,-37600.47984724918,711.8035086638057,
13084,3b65,84,0,13,0.283447265625,0,-675857.4923337118,-638266.9124103524,-37600.63238533376,231.81528017418177,
13085,3b65,85,0,13,0.283447265625,0,-675821.0114953005,-638266.9124103524,-37599.87268856771,1055.564375650424,
13086,3b65,86,0,13,0.283447265625,0,-675819.9176731763,-638266.9124103524,-37600.409739225695,1093.1731954492404,
13087,3b65,87,0,13,0.283447265625,0,-675845.8458114462,-638266.9124103524,-37600.31459077857,493.0619474008221,
13088,3b65,88,0,13,0.283447265625,0,-675871.1327346694,-638266.9124103524,-37599.66292224759,-105.09618840485079,
13089,3b65,89,0,13,0.283447265625,0,-675869.6959634636,-638266.9124103524,-37599.502063172346,-75.67295569181371,
13090,3b65,90,0,13,0.283447265625,0,-675870.7647345389,-638266.9124103524,-37599.66358641259,-96.59458778453026,
13091,3b65,91,0,13,0.283447265625,0,-675836.848800423,-638266.9124103524,-37601.12746527386,719.2832816132947,
13092,3b65,92,0,13,0.283447265625,0,-675859.1447908962,-638266.9124103524,-37599.60022588627,169.90654992785664,
13093,3b65,93,0,13,0.283447265625,0,-675831.9839366473,-638266.9124103524,-37599.567597962545,795.4983106596451,
13094,3b65,94,0,13,0.283447265625,0,-675851.1575361453,-638266.9124103524,-37599.480849036176,351.34412458515675,
13095,3b65,95,0,13,0.283447265625,0,-675870.3448539133,-638266.9124103524,-37599.67443706636,-86.66168851552644,
13096,3b65,96,0,13,0.283447265625,0,-675848.9566404406,-638266.9124103524,-37600.929488815316,435.504412169304,
13097,3b65,97,0,13,0.283447265625,0,-675864.9421285407,-638266.9124103524,-37599.308754704965,29.495282768837733,
13098,3b65,98,0,13,0.283447265625,0,-675856.9692725611,-638266.9124103524,-37599.16127960619,209.95285286334604,
13099,3b65,99,0,13,0.283447265625,0,-675860.6556772648,-638266.9124103524,-37600.54628691518,156.8813681665704,
13100,3b65,100,0,13,0.283447265625,0,-675846.2230668863,-638266.9124103524,-37600.980504178595,499.7185580921174,
14001,3b5r,1,0,14,0.283447265625,0,-689575.1962227907,-638266.9124103524,-51369.817820178316,1419.0079286966834,
14002,3b5r,2,0,14,0.283447265625,0,-689614.976831539,-638266.9124103524,-51369.50260277855,494.3762120032791,
14003,3b5r,3,0,14,0.283447265625,0,-689601.1610646988,-638266.9124103524,-51369.832896623695,820.5921210508017,
14004,3b5r,4,0,14,0.283447265625,0,-689567.6276539825,-638266.9124103524,-51370.179060424,1601.873669672859,
14005,3b5r,5,0,14,0.283447265625,0,-689591.6938813808,-638266.9124103524,-51370.146451698136,1046.1413065682068,
14006,3b5r,6,0,14,0.283447265625,0,-689613.0219731976,-638266.9124103524,-51370.21797720883,555.9532425527643,
14007,3b5r,7,0,14,0.283447265625,0,-689614.9424028493,-638266.9124103524,-51369.85037984423,503.1900861047798,
14008,3b5r,8,0,14,0.283447265625,0,-689623.7559679438,-638266.9124103524,-51369.976601723094,302.85519235978546,
14009,3b5r,9,0,14,0.283447265625,0,-689610.3314509375,-638266.9124103524,-51370.165048613606,616.7775974178759,
14010,3b5r,10,0,14,0.283447265625,0,-689617.4682974685,-638266.9124103524,-51369.72189019466,441.9785307145184,
14011,3b5r,11,0,14,0.283447265625,0,-689605.077289,-638266.9124103524,-51369.45447821874,721.5553075097768,
14012,3b5r,12,0,14,0.283447265625,0,-689628.6514969055,-638266.9124103524,-51369.91366170283,188.5101812351521,
14013,3b5r,13,0,14,0.283447265625,0,-689602.1052642128,-638266.9124103524,-51369.532063968734,791.8809971679807,
14014,3b5r,14,0,14,0.283447265625,0,-689590.5916698773,-638266.9124103524,-51369.817106768794,1063.9640331693101,
14015,3b5r,15,0,14,0.283447265625,0,-689594.9141833601,-638266.9124103524,-51369.343790332634,953.369567936386,
14016,3b5r,16,0,14,0.283447265625,0,-689620.3838372711,-638266.9124103524,-51369.70927258297,374.4536166059128,
14017,3b5r,17,0,14,0.283447265625,0,-689605.2595537946,-638266.9124103524,-51369.33727324636,714.6493706247173,
14018,3b5r,18,0,14,0.283447265625,0,-689614.3137370519,-638266.9124103524,-51359.18546724847,271.74873677152186,
14019,3b5r,19,0,14,0.283447265625,0,-689621.2407615632,-638266.9124103524,-51369.20752884781,343.1219875784383,
14020,3b5r,20,0,14,0.283447265625,0,-689595.9544721103,-638266.9124103524,-51369.466133694936,932.2012444128933,
14021,3b5r,21,0,14,0.283447265625,0,-689621.056975642,-638266.9124103524,-51365.94538703242,272.1334142407744,
14022,3b5r,22,0,14,0.283447265625,0,-689601.2597177799,-638266.9124103524,-51356.161446260536,503.04599194175125,
14023,3b5r,23,0,14,0.283447265625,0,-689589.2591233659,-638266.9124103524,-51362.41115265824,923.9079267349492,
14024,3b5r,24,0,14,0.283447265625,0,-689630.7436124954,-638266.9124103524,-51365.74176844346,44.058705555646576,
14025,3b5r,25,0,14,0.283447265625,0,-689609.1923203595,-638266.9124103524,-51358.44077721526,372.67845123713755,
14026,3b5r,26,0,14,0.283447265625,0,-689572.1624580366,-638266.9124103524,-51358.27156879106,1222.7053235373567,
14027,3b5r,27,0,14,0.283447265625,0,-689610.1055213633,-638266.9124103524,-51362.08793221518,435.7249281313202,
14028,3b5r,28,0,14,0.283447265625,0,-689614.843861528,-638266.9124103524,-51367.31373461982,446.96607443217283,
14029,3b5r,29,0,14,0.283447265625,0,-689623.381780253,-638266.9124103524,-51369.0825894534,290.8677527943694,
14030,3b5r,30,0,14,0.283447265625,0,-689593.1013661384,-638266.9124103524,-51369.27338965757,993.5506480491106,
14031,3b5r,31,0,14,0.283447265625,0,-689566.5894535951,-638266.9124103524,-51344.43245864441,1032.0843975497428,
14032,3b5r,32,0,14,0.283447265625,0,-689583.3761225652,-638266.9124103524,-51347.42305714509,713.9394546142619,
14033,3b5r,33,0,14,0.283447265625,0,-689625.7248674223,-638266.9124103524,-51362.30290904951,80.4917348269683,
14034,3b5r,34,0,14,0.283447265625,0,-689577.6821929265,-638266.9124103524,-51364.518755159515,1239.4807531514753,
14035,3b5r,35,0,14,0.283447265625,0,-689599.7474066847,-638266.9124103524,-51366.0737289005,766.5033822181144,
14036,3b5r,36,0,14,0.283447265625,0,-689601.8527512266,-638266.9124103524,-51369.65239126428,800.478898318135,
14037,3b5r,37,0,14,0.283447265625,0,-689583.1036276141,-638266.9124103524,-51363.13700479485,1082.595578853947,
14038,3b5r,38,0,14,0.283447265625,0,-689607.7693438815,-638266.9124103524,-51369.989315083614,671.8086782568066,
14039,3b5r,39,0,14,0.283447265625,0,-689588.6514944823,-638266.9124103524,-51368.700443924376,1082.9546837309456,
14040,3b5r,40,0,14,0.283447265625,0,-689597.2474732476,-638266.9124103524,-51368.761108551225,886.1256637922523,
14041,3b5r,41,0,14,0.283447265625,0,-689614.6061590215,-638266.9124103524,-51348.93451008802,28.61263804692179,
14042,3b5r,42,0,14,0.283447265625,0,-689611.6542284355,-638266.9124103524,-51369.18691175611,563.7172518703246,
14043,3b5r,43,0,14,0.283447265625,0,-689575.2683867585,-638266.9124103524,-51369.838979333,1417.8317297650183,
14044,3b5r,44,0,14,0.283447265625,0,-689587.5381060618,-638266.9124103524,-51369.00375917099,1115.6246464094004,
14045,3b5r,45,0,14,0.283447265625,0,-689567.3693293832,-638266.9124103524,-51369.61809463305,1594.8945979959387,
14046,3b5r,46,0,14,0.283447265625,0,-689571.3028861785,-638266.9124103524,-51369.266358502544,1496.0733955136432,
14047,3b5r,47,0,14,0.283447265625,0,-689615.0258993285,-638266.9124103524,-51363.634224484456,357.9166635557969,
14048,3b5r,48,0,14,0.283447265625,0,-689601.2123019429,-638266.9124103524,-51368.8326214306,796.3436681996966,
14049,3b5r,49,0,14,0.283447265625,0,-689597.3226295789,-638266.9124103524,-51369.07635109274,891.6621833265538,
14050,3b5r,50,0,14,0.283447265625,0,-689631.439538441,-638266.9124103524,-51369.75425233948,120.54034880315788,
14051,3b5r,51,0,14,0.283447265625,0,-689620.6127733835,-638266.9124103524,-51369.15730320301,356.4455081487384,
14052,3b5r,52,0,14,0.283447265625,0,-689615.4583340142,-638266.9124103524,-51362.74060961531,327.33723437184966,
14053,3b5r,53,0,14,0.283447265625,0,-689621.3464356568,-638266.9124103524,-51369.8448784466,355.3827159965746,
14054,3b5r,54,0,14,0.283447265625,0,-689580.4294213182,-638266.9124103524,-51353.103887551806,912.8950609752476,
14055,3b5r,55,0,14,0.283447265625,0,-689584.3260783356,-638266.9124103524,-51344.43245033184,623.0679226745837,
14056,3b5r,56,0,14,0.283447265625,0,-689574.9881727576,-638266.9124103524,-51369.208142305084,1409.746170681386,
14057,3b5r,57,0,14,0.283447265625,0,-689603.7386241201,-638266.9124103524,-51361.60933565267,571.5123676191869,
14058,3b5r,58,0,14,0.283447265625,0,-689624.35534556,-638266.9124103524,-51367.9353747081,241.96140296048617,
14059,3b5r,59,0,14,0.283447265625,0,-689619.4629741571,-638266.9124103524,-51368.95308662423,378.25116202279224,
14060,3b5r,60,0,14,0.283447265625,0,-689588.0249672856,-638266.9124103524,-51367.42618043001,1068.0175298576692,
14061,3b5r,61,0,14,0.283447265625,0,-689585.4616532841,-638266.9124103524,-51356.67622868002,879.229178484959,
14062,3b5r,62,0,14,0.283447265625,0,-689552.5456817789,-638266.9124103524,-51343.739051616416,1339.9511233039643,
14063,3b5r,63,0,14,0.283447265625,0,-689595.4191383122,-638266.9124103524,-51369.29247009541,940.5415573245049,
14064,3b5r,64,0,14,0.283447265625,0,-689576.9660914163,-638266.9124103524,-51355.342080012124,1044.375290116948,
14065,3b5r,65,0,14,0.283447265625,0,-689611.4845571282,-638266.9124103524,-51368.55821976524,553.1319834420956,
14066,3b5r,66,0,14,0.283447265625,0,-689621.4785178553,-638266.9124103524,-51369.77626148584,350.7544834344589,
14067,3b5r,67,0,14,0.283447265625,0,-689612.0153525086,-638266.9124103524,-51368.87230159965,548.1344503475843,
14068,3b5r,68,0,14,0.283447265625,0,-689596.9600166697,-638266.9124103524,-51369.66182152493,913.5255045674402,
14069,3b5r,69,0,14,0.283447265625,0,-689620.0282151443,-638266.9124103524,-51369.574352112766,379.5431177149654,
14070,3b5r,70,0,14,0.283447265625,0,-689602.4297886507,-638266.9124103524,-51369.43397357138,782.135267545853,
14071,3b5r,71,0,14,0.283447265625,0,-689624.4460264329,-638266.9124103524,-51368.87824028123,261.6132490005844,
14072,3b5r,72,0,14,0.283447265625,0,-689612.5312361483,-638266.9124103524,-51368.84789109572,535.6749714060627,
14073,3b5r,73,0,14,0.283447265625,0,-689581.9067973843,-638266.9124103524,-51368.686663026674,1238.1732987126973,
14074,3b5r,74,0,14,0.283447265625,0,-689593.3127117205,-638266.9124103524,-51368.67508759059,974.8797297131671,
14075,3b5r,75,0,14,0.283447265625,0,-689571.1597103564,-638266.9124103524,-51352.04778146263,1102.3052890032116,
14076,3b5r,76,0,14,0.283447265625,0,-689591.5607991503,-638266.9124103524,-51369.48450980162,1033.94551294617,
14077,3b5r,77,0,14,0.283447265625,0,-689587.3946522231,-638266.9124103524,-51360.68857763017,927.1801288747812,
14078,3b5r,78,0,14,0.283447265625,0,-689621.1756944545,-638266.9124103524,-51369.24464763855,345.4784504006549,
14079,3b5r,79,0,14,0.283447265625,0,-689605.5074519761,-638266.9124103524,-51369.22949972486,706.4473863071854,
14080,3b5r,80,0,14,0.283447265625,0,-689621.6683725005,-638266.9124103524,-51368.97951197737,328.00285115962504,
14081,3b5r,81,0,14,0.283447265625,0,-689593.6940449106,-638266.9124103524,-51368.96265217571,972.7173743121732,
14082,3b5r,82,0,14,0.283447265625,0,-689638.9847144826,-638266.9124103524,-51368.75177686441,-76.57317783521891,
14083,3b5r,83,0,14,0.283447265625,0,-689622.1537738413,-638266.9124103524,-51369.04574040955,318.33649424934,
14084,3b5r,84,0,14,0.283447265625,0,-689588.9777706873,-638266.9124103524,-51369.00955982772,1082.5589577734613,
14085,3b5r,85,0,14,0.283447265625,0,-689633.4224344284,-638266.9124103524,-51369.25408263754,63.27949370892629,
14086,3b5r,86,0,14,0.283447265625,0,-689636.728886348,-638266.9124103524,-51369.1397532016,-15.605598358770239,
14087,3b5r,87,0,14,0.283447265625,0,-689635.7008421754,-638266.9124103524,-51369.375522705195,13.538637369302586,
14088,3b5r,88,0,14,0.283447265625,0,-689613.5957556491,-638266.9124103524,-51369.7159658555,531.1448480591717,
14089,3b5r,89,0,14,0.283447265625,0,-689607.5346015454,-638266.9124103524,-51369.272766900125,660.6979714678251,
14090,3b5r,90,0,14,0.283447265625,0,-689600.804231239,-638266.9124103524,-51368.95839355149,808.6543761936794,
14091,3b5r,91,0,14,0.283447265625,0,-689591.906780999,-638266.9124103524,-51368.849616771506,1011.3260008856104,
14092,3b5r,92,0,14,0.283447265625,0,-689638.4834225453,-638266.9124103524,-51368.883151707334,-61.98353528876568,
14093,3b5r,93,0,14,0.283447265625,0,-689638.6722416604,-638266.9124103524,-51369.103014972396,-61.26764018525057,
14094,3b5r,94,0,14,0.283447265625,0,-689609.4906632489,-638266.9124103524,-51369.277021208785,615.6882236829144,
14095,3b5r,95,0,14,0.283447265625,0,-689620.4584802908,-638266.9124103524,-51369.36304543303,364.74811992826506,
14096,3b5r,96,0,14,0.283447265625,0,-689614.5643907094,-638266.9124103524,-51369.569679276916,505.4341442795542,
14097,3b5r,97,0,14,0.283447265625,0,-689606.1360376267,-638266.9124103524,-51369.59099950105,700.2882397258173,
14098,3b5r,98,0,14,0.283447265625,0,-689574.7947997977,-638266.9124103524,-51369.75371110917,1426.7865725728223,
14099,3b5r,99,0,14,0.283447265625,0,-689627.1116162419,-638266.9124103524,-51368.88712535197,200.3481823132079,
14100,3b5r,100,0,14,0.283447265625,0,-689594.5214147898,-638266.9124103524,-51369.9098463463,975.4805881143434,
15001,4dld,1,0,15,0.2158203125,-1,-678677.5258060514,-638266.9124103524,-40408.064992797474,-58.76756700388199,
15002,4dld,2,0,15,0.2158203125,-1,-678652.7241905199,-638266.9124103524,-40403.13141127573,399.4001815798089,
15003,4dld,3,0,15,0.2158203125,-1,-678679.253897097,-638266.9124103524,-40407.82627744932,-104.12319991866903,
15004,4dld,4,0,15,0.2158203125,-1,-678670.6767671051,-638266.9124103524,-40408.3335484642,105.36806400939139,
15005,4dld,5,0,15,0.2158203125,-1,-678680.1257209597,-638266.9124103524,-40408.254336145146,-114.35666777669299,
15006,4dld,6,0,15,0.2158203125,-1,-678676.322790406,-638266.9124103524,-40408.040498558024,-31.59021775023445,
15007,4dld,7,0,15,0.2158203125,-1,-678676.494726128,-638266.9124103524,-40408.01585550654,-36.123431958571096,
15008,4dld,8,0,15,0.2158203125,-1,-678673.4968155833,-638266.9124103524,-40406.29779243247,-6.609448147918212,
15009,4dld,9,0,15,0.2158203125,-1,-678679.306125529,-638266.9124103524,-40407.2893470075,-117.70952630897327,
15010,4dld,10,0,15,0.2158203125,-1,-678676.6336467944,-638266.9124103524,-40407.9998041422,-39.69717188630597,
15011,4dld,11,0,15,0.2158203125,-1,-678680.9009180575,-638266.9124103524,-40408.25785314605,-132.1520335610063,
15012,4dld,12,0,15,0.2158203125,-1,-678678.7213232354,-638266.9124103524,-40407.43939880102,-100.76338848515401,
15013,4dld,13,0,15,0.2158203125,-1,-678678.954121821,-638266.9124103524,-40407.868326527314,-96.24054305408536,
15014,4dld,14,0,15,0.2158203125,-1,-678666.1526837086,-638266.9124103524,-40405.006573295235,132.9740355497067,
15015,4dld,15,0,15,0.2158203125,-1,-678679.3072317804,-638266.9124103524,-40408.022675311055,-100.82408465216642,
15016,4dld,16,0,15,0.2158203125,-1,-678673.2390919938,-638266.9124103524,-40408.21271165665,43.4928853766993,
15017,4dld,17,0,15,0.2158203125,-1,-678680.4578587377,-638266.9124103524,-40408.25112015846,-122.09010930601342,
15018,4dld,18,0,15,0.2158203125,-1,-678660.8052269701,-638266.9124103524,-40404.9683929482,255.40885772029878,
15019,4dld,19,0,15,0.2158203125,-1,-678676.8277401811,-638266.9124103524,-40404.272845671854,-130.1187757834211,
15020,4dld,20,0,15,0.2158203125,-1,-678668.3202060151,-638266.9124103524,-40407.53300407949,141.25066166646909,
15021,4dld,21,0,15,0.2158203125,-1,-678664.4321140832,-638266.9124103524,-40408.11292451288,244.2854745249737,
15022,4dld,22,0,15,0.2158203125,-1,-678672.0891873868,-638266.9124103524,-40408.01510235062,65.45333671315208,
15023,4dld,23,0,15,0.2158203125,-1,-678644.6537763348,-638266.9124103524,-40405.91740959143,649.7550013223819,
15024,4dld,24,0,15,0.2158203125,-1,-678661.9336233042,-638266.9124103524,-40408.24145760281,304.86608410565475,
15025,4dld,25,0,15,0.2158203125,-1,-678644.8733551521,-638266.9124103524,-40403.55154040157,590.1331538907535,
15026,4dld,26,0,15,0.2158203125,-1,-678659.7119654769,-638266.9124103524,-40406.05358956921,305.6452952612787,
15027,4dld,27,0,15,0.2158203125,-1,-678655.7523289399,-638266.9124103524,-40404.1019122731,351.94993537803225,
15028,4dld,28,0,15,0.2158203125,-1,-678663.6839243608,-638266.9124103524,-40408.17224999893,262.90721761370736,
15029,4dld,29,0,15,0.2158203125,-1,-678679.941264417,-638266.9124103524,-40407.719999724875,-122.42508942800931,
15030,4dld,30,0,15,0.2158203125,-1,-678679.6067515574,-638266.9124103524,-40407.412541222126,-121.80120113823287,
15031,4dld,31,0,15,0.2158203125,-1,-678653.5364862833,-638266.9124103524,-40408.299927208616,499.857005158818,
15032,4dld,32,0,15,0.2158203125,-1,-678679.0511643869,-638266.9124103524,-40408.2531843954,-89.60336451242483,
15033,4dld,33,0,15,0.2158203125,-1,-678663.0283027198,-638266.9124103524,-40407.57362719506,264.22164202291725,
15034,4dld,34,0,15,0.2158203125,-1,-678669.8622047153,-638266.9124103524,-40405.018127524825,47.696895810662355,
15035,4dld,35,0,15,0.2158203125,-1,-678658.9602828409,-638266.9124103524,-40408.04783401416,368.9678780505504,
15036,4dld,36,0,15,0.2158203125,-1,-678680.1946370861,-638266.9124103524,-40407.06382063965,-143.39985116320386,
15037,4dld,37,0,15,0.2158203125,-1,-678635.6647263727,-638266.9124103524,-40407.989126370885,904.8223418103001,
15038,4dld,38,0,15,0.2158203125,-1,-678674.8124813373,-638266.9124103524,-40408.298258093746,9.182412867596575,
15039,4dld,39,0,15,0.2158203125,-1,-678679.7127087854,-638266.9124103524,-40408.10004906875,-108.39032528130602,
15040,4dld,40,0,15,0.2158203125,-1,-678670.3345684682,-638266.9124103524,-40406.96266478003,81.64602327570312,
15041,4dld,41,0,15,0.2158203125,-1,-678669.4153361671,-638266.9124103524,-40407.91950979096,124.90939386287683,
15042,4dld,42,0,15,0.2158203125,-1,-678636.1966679833,-638266.9124103524,-40395.05725301237,594.339392731885,
15043,4dld,43,0,15,0.2158203125,-1,-678634.7361415507,-638266.9124103524,-40402.989613673526,810.9445148253042,
15044,4dld,44,0,15,0.2158203125,-1,-678666.478233887,-638266.9124103524,-40406.64531181834,163.25687818307176,
15045,4dld,45,0,15,0.2158203125,-1,-678666.7645798333,-638266.9124103524,-40404.518759576786,107.61412411268076,
15046,4dld,46,0,15,0.2158203125,-1,-678667.7956426468,-638266.9124103524,-40406.76710888716,135.68541759523583,
15047,4dld,47,0,15,0.2158203125,-1,-678657.7153523626,-638266.9124103524,-40406.3101938532,357.6057228463415,
15048,4dld,48,0,15,0.2158203125,-1,-678676.1848184903,-638266.9124103524,-40408.11173963173,-26.76565160237633,
15049,4dld,49,0,15,0.2158203125,-1,-678602.0390965453,-638266.9124103524,-40377.33278159465,973.2956817549004,
15050,4dld,50,0,15,0.2158203125,-1,-678667.728055528,-638266.9124103524,-40407.551990455824,155.34381253732562,
15051,4dld,51,0,15,0.2158203125,-1,-678636.7602331727,-638266.9124103524,-40408.09270963063,881.9480415662497,
15052,4dld,52,0,15,0.2158203125,-1,-678665.0677599865,-638266.9124103524,-40407.468610953714,214.76890811950813,
15053,4dld,53,0,15,0.2158203125,-1,-678673.3260578631,-638266.9124103524,-40407.70103386849,29.68783468050615,
15054,4dld,54,0,15,0.2158203125,-1,-678677.1133400898,-638266.9124103524,-40403.76545876886,-148.4054860829834,
15055,4dld,55,0,15,0.2158203125,-1,-678651.7490772406,-638266.9124103524,-40407.47953393068,522.1569184552736,
15056,4dld,56,0,15,0.2158203125,-1,-678667.7914708075,-638266.9124103524,-40407.25866835975,147.11725322497188,
15057,4dld,57,0,15,0.2158203125,-1,-678671.1803765806,-638266.9124103524,-40407.84724115672,82.54004068834664,
15058,4dld,58,0,15,0.2158203125,-1,-678673.6139653054,-638266.9124103524,-40407.3846583578,15.752738739502785,
15059,4dld,59,0,15,0.2158203125,-1,-678677.1179054311,-638266.9124103524,-40408.2469780942,-45.1644745981726,
15060,4dld,60,0,15,0.2158203125,-1,-678649.3122159028,-638266.9124103524,-40408.26691036574,596.5096078322963,
15061,4dld,61,0,15,0.2158203125,-1,-678673.3318857219,-638266.9124103524,-40408.10035448288,38.76199319143854,
15062,4dld,62,0,15,0.2158203125,-1,-678680.7079571269,-638266.9124103524,-40408.114489009466,-131.00830431953707,
15063,4dld,63,0,15,0.2158203125,-1,-678661.9758037279,-638266.9124103524,-40407.874709717835,295.4359732859002,
15064,4dld,64,0,15,0.2158203125,-1,-678641.668665726,-638266.9124103524,-40408.02546934217,767.206300009423,
15065,4dld,65,0,15,0.2158203125,-1,-678681.0494383252,-638266.9124103524,-40408.0231251873,-140.9899476178403,
15066,4dld,66,0,15,0.2158203125,-1,-678645.4173988661,-638266.9124103524,-40407.1581895306,660.7585125489557,
15067,4dld,67,0,15,0.2158203125,-1,-678670.5779358931,-638266.9124103524,-40405.687842879444,46.63574571858549,
15068,4dld,68,0,15,0.2158203125,-1,-678679.9781177557,-638266.9124103524,-40408.31577063044,-109.53614414412066,
15069,4dld,69,0,15,0.2158203125,-1,-678677.7417767361,-638266.9124103524,-40407.92775670601,-66.91270875867052,
15070,4dld,70,0,15,0.2158203125,-1,-678660.5842117239,-638266.9124103524,-40407.09841695903,309.625110959576,
15071,4dld,71,0,15,0.2158203125,-1,-678663.9323102292,-638266.9124103524,-40408.24804889327,258.9272674439089,
15072,4dld,72,0,15,0.2158203125,-1,-678640.07031002,-638266.9124103524,-40408.24990272984,809.2408150884293,
15073,4dld,73,0,15,0.2158203125,-1,-678674.0744800705,-638266.9124103524,-40407.818696116025,15.14216445570977,
15074,4dld,74,0,15,0.2158203125,-1,-678652.0352219383,-638266.9124103524,-40406.168766190756,485.33124280638043,
15075,4dld,75,0,15,0.2158203125,-1,-678671.7174230772,-638266.9124103524,-40408.115780482134,76.34811822343005,
15076,4dld,76,0,15,0.2158203125,-1,-678680.395255656,-638266.9124103524,-40408.04736906526,-125.34505977653784,
15077,4dld,77,0,15,0.2158203125,-1,-678680.3976711348,-638266.9124103524,-40407.4346272732,-139.53092344477773,
15078,4dld,78,0,15,0.2158203125,-1,-678667.2093111392,-638266.9124103524,-40408.13802181544,180.8205465263611,
15079,4dld,79,0,15,0.2158203125,-1,-678664.5709163148,-638266.9124103524,-40408.05484428918,239.74525724658372,
15080,4dld,80,0,15,0.2158203125,-1,-678677.3739800492,-638266.9124103524,-40406.49446581861,-91.48358873167453,
15081,4dld,81,0,15,0.2158203125,-1,-678660.3102189043,-638266.9124103524,-40407.94591354759,335.4872710979079,
15082,4dld,82,0,15,0.2158203125,-1,-678668.7909903718,-638266.9124103524,-40403.398954577075,35.06067020632675,
15083,4dld,83,0,15,0.2158203125,-1,-678677.1953234214,-638266.9124103524,-40407.904322295384,-54.851606304619025,
15084,4dld,84,0,15,0.2158203125,-1,-678673.0755128956,-638266.9124103524,-40407.04003498999,20.22254263301014,
15085,4dld,85,0,15,0.2158203125,-1,-678673.4140206524,-638266.9124103524,-40406.9225327597,9.706702514049997,
15086,4dld,86,0,15,0.2158203125,-1,-678678.9555852012,-638266.9124103524,-40407.26178196886,-110.2615392042627,
15087,4dld,87,0,15,0.2158203125,-1,-678663.1519733494,-638266.9124103524,-40407.21026401634,252.99037559169372,
15088,4dld,88,0,15,0.2158203125,-1,-678681.8699711969,-638266.9124103524,-40407.09281842272,-181.36526879257244,
15089,4dld,89,0,15,0.2158203125,-1,-678680.0376596794,-638266.9124103524,-40408.39700664322,-109.03586656502873,
15090,4dld,90,0,15,0.2158203125,-1,-678680.0846299169,-638266.9124103524,-40406.9831683806,-142.7229108538411,
15091,4dld,91,0,15,0.2158203125,-1,-678657.3509820703,-638266.9124103524,-40406.30411161235,365.8680415936398,
15092,4dld,92,0,15,0.2158203125,-1,-678651.0056085943,-638266.9124103524,-40407.04868983199,529.3662117885979,
15093,4dld,93,0,15,0.2158203125,-1,-678674.6008176868,-638266.9124103524,-40406.74619857892,-21.727850071784143,
15094,4dld,94,0,15,0.2158203125,-1,-678680.3550605059,-638266.9124103524,-40405.55589175899,-181.87296918597852,
15095,4dld,95,0,15,0.2158203125,-1,-678671.7054502683,-638266.9124103524,-40407.085068056935,52.855424573914696,
15096,4dld,96,0,15,0.2158203125,-1,-678669.3228977206,-638266.9124103524,-40406.737319485306,99.77911899072788,
15097,4dld,97,0,15,0.2158203125,-1,-678668.3106264229,-638266.9124103524,-40407.58521737155,142.67563943109732,
15098,4dld,98,0,15,0.2158203125,-1,-678668.4495098523,-638266.9124103524,-40407.51574237541,137.87077999172627,
15099,4dld,99,0,15,0.2158203125,-1,-678669.836239237,-638266.9124103524,-40406.17990270307,75.08684603066983,
15100,4dld,100,0,15,0.2158203125,-1,-678679.3339610843,-638266.9124103524,-40408.14376729058,-98.64802965694021,
16001,3gbb,1,0,16,0.2158203125,-1,-663673.717606159,-638266.9124103524,-25430.361171091197,543.2136947458501,
16002,3gbb,2,0,16,0.2158203125,-1,-663649.7516129388,-638266.9124103524,-25429.646204555214,1079.3951077086829,
16003,3gbb,3,0,16,0.2158203125,-1,-663698.9230411245,-638266.9124103524,-25430.37465583744,-37.72647823040496,
16004,3gbb,4,0,16,0.2158203125,-1,-663666.0983789699,-638266.9124103524,-25429.035355348686,688.3432104277819,
16005,3gbb,5,0,16,0.2158203125,-1,-663682.5814637686,-638266.9124103524,-25429.711511648286,323.826779719705,
16006,3gbb,6,0,16,0.2158203125,-1,-663703.4486627748,-638266.9124103524,-25430.03945311068,-149.81975127328005,
16007,3gbb,7,0,16,0.2158203125,-1,-663694.4986349245,-638266.9124103524,-25429.452380256826,43.03457242582005,
16008,3gbb,8,0,16,0.2158203125,-1,-663700.4221997181,-638266.9124103524,-25430.254220207793,-75.0752082816416,
16009,3gbb,9,0,16,0.2158203125,-1,-663653.4037243992,-638266.9124103524,-25429.996016110184,1003.2422627898892,
16010,3gbb,10,0,16,0.2158203125,-1,-663695.2433719637,-638266.9124103524,-25428.844053576904,11.832181813058085,
16011,3gbb,11,0,16,0.2158203125,-1,-663696.358607316,-638266.9124103524,-25429.776512418804,7.617255352520978,
16012,3gbb,12,0,16,0.2158203125,-1,-663697.2505828649,-638266.9124103524,-25430.3441113675,0.1369532502862898,
16013,3gbb,13,0,16,0.2158203125,-1,-663691.1824382803,-638266.9124103524,-25421.05837261662,-74.06253092213777,
16014,3gbb,14,0,16,0.2158203125,-1,-663694.9213190764,-638266.9124103524,-25424.719679180995,-75.85143520381297,
16015,3gbb,15,0,16,0.2158203125,-1,-663699.0329594569,-638266.9124103524,-25430.349548524682,-40.840243579535716,
16016,3gbb,16,0,16,0.2158203125,-1,-663693.7224486617,-638266.9124103524,-25427.006535228993,4.531326614885034,
16017,3gbb,17,0,16,0.2158203125,-1,-663697.1741404067,-638266.9124103524,-25429.420597189455,-19.39698466112645,
16018,3gbb,18,0,16,0.2158203125,-1,-663699.1419746296,-638266.9124103524,-25430.021550655096,-50.91800374370877,
16019,3gbb,19,0,16,0.2158203125,-1,-663693.3087513864,-638266.9124103524,-25427.235521545594,19.351962326627216,
16020,3gbb,20,0,16,0.2158203125,-1,-663679.0676777109,-638266.9124103524,-25409.780418821658,-54.765308274895176,
16021,3gbb,21,0,16,0.2158203125,-1,-663693.8713004341,-638266.9124103524,-25424.46574444916,-57.4933041086283,
16022,3gbb,22,0,16,0.2158203125,-1,-663699.9648905281,-638266.9124103524,-25429.250692173395,-87.67131407000029,
16023,3gbb,23,0,16,0.2158203125,-1,-663695.294986333,-638266.9124103524,-25427.53213666623,-19.611596486578623,
16024,3gbb,24,0,16,0.2158203125,-1,-663699.4816399665,-638266.9124103524,-25430.217623030785,-54.22933609347181,
16025,3gbb,25,0,16,0.2158203125,-1,-663691.0730411224,-638266.9124103524,-25418.66780079328,-126.66766840427604,
16026,3gbb,26,0,16,0.2158203125,-1,-663698.5401703978,-638266.9124103524,-25430.23899261627,-32.02573772654691,
16027,3gbb,27,0,16,0.2158203125,-1,-663679.3974159141,-638266.9124103524,-25405.832907155556,-153.4010334695073,
16028,3gbb,28,0,16,0.2158203125,-1,-663685.050615572,-638266.9124103524,-25409.889955597548,-190.2091549291974,
16029,3gbb,29,0,16,0.2158203125,-1,-663699.857614323,-638266.9124103524,-25430.094231547264,-65.74498593331836,
16030,3gbb,30,0,16,0.2158203125,-1,-663662.8334647041,-638266.9124103524,-25420.04321295773,556.2701923115685,
16031,3gbb,31,0,16,0.2158203125,-1,-663691.5884869008,-638266.9124103524,-25430.366623144993,131.22712197294916,
16032,3gbb,32,0,16,0.2158203125,-1,-663665.3528625082,-638266.9124103524,-25416.648921040774,419.8972676449013,
16033,3gbb,33,0,16,0.2158203125,-1,-663677.5689007371,-638266.9124103524,-25429.587563532863,436.56091781775666,
16034,3gbb,34,0,16,0.2158203125,-1,-663696.5086938831,-638266.9124103524,-25429.287469218863,-7.121427208887914,
16035,3gbb,35,0,16,0.2158203125,-1,-663670.3236326319,-638266.9124103524,-25426.25393816724,526.7655423095941,
16036,3gbb,36,0,16,0.2158203125,-1,-663682.3333013464,-638266.9124103524,-25409.764203072922,-130.44632236737988,
16037,3gbb,37,0,16,0.2158203125,-1,-663683.8618329971,-638266.9124103524,-25430.107223389306,303.4260934171183,
16038,3gbb,38,0,16,0.2158203125,-1,-663689.7652076785,-638266.9124103524,-25430.287881399832,171.45711190545012,
16039,3gbb,39,0,16,0.2158203125,-1,-663662.0563882624,-638266.9124103524,-25429.959547746046,802.8661134533055,
16040,3gbb,40,0,16,0.2158203125,-1,-663688.8613490531,-638266.9124103524,-25430.06354047297,187.127162295384,
16041,3gbb,41,0,16,0.2158203125,-1,-663659.5470650571,-638266.9124103524,-25416.653948330928,553.8980695249846,
16042,3gbb,42,0,16,0.2158203125,-1,-663697.6273059256,-638266.9124103524,-25424.710623263454,-138.46180878722757,
16043,3gbb,43,0,16,0.2158203125,-1,-663697.2199506335,-638266.9124103524,-25427.18275099526,-72.0593527865735,
16044,3gbb,44,0,16,0.2158203125,-1,-663684.6676701241,-638266.9124103524,-25419.21264265139,33.6080476042636,
16045,3gbb,45,0,16,0.2158203125,-1,-663671.3001750562,-638266.9124103524,-25429.952988513145,589.5480664551528,
16046,3gbb,46,0,16,0.2158203125,-1,-663667.5668409498,-638266.9124103524,-25412.10676121952,264.0970180825362,
16047,3gbb,47,0,16,0.2158203125,-1,-663680.6352907179,-638266.9124103524,-25420.94416823629,166.52685434160807,
16048,3gbb,48,0,16,0.2158203125,-1,-663696.4359525716,-638266.9124103524,-25419.218148145286,-237.64803295465484,
16049,3gbb,49,0,16,0.2158203125,-1,-663695.774255004,-638266.9124103524,-25420.93791773609,-182.730095642235,
16050,3gbb,50,0,16,0.2158203125,-1,-663692.5263839621,-638266.9124103524,-25427.312722776525,39.17408641255718,
16051,3gbb,51,0,16,0.2158203125,-1,-663694.5057026912,-638266.9124103524,-25430.368548644652,63.99893078393651,
16052,3gbb,52,0,16,0.2158203125,-1,-663696.0935148563,-638266.9124103524,-25423.06362676603,-141.07238797738285,
16053,3gbb,53,0,16,0.2158203125,-1,-663679.6743795701,-638266.9124103524,-25419.337408423566,151.63323031462284,
16054,3gbb,54,0,16,0.2158203125,-1,-663681.732417432,-638266.9124103524,-25429.652894005823,342.0544984276408,
16055,3gbb,55,0,16,0.2158203125,-1,-663690.3675902805,-638266.9124103524,-25427.268770500406,87.94348779898937,
16056,3gbb,56,0,16,0.2158203125,-1,-663668.4869663795,-638266.9124103524,-25427.18442300377,590.5775623519332,
16057,3gbb,57,0,16,0.2158203125,-1,-663680.3378621099,-638266.9124103524,-25419.674014211185,144.09527333574604,
16058,3gbb,58,0,16,0.2158203125,-1,-663646.3139899629,-638266.9124103524,-25409.903109989456,703.3820002101329,
16059,3gbb,59,0,16,0.2158203125,-1,-663686.0065353086,-638266.9124103524,-25424.27463590826,119.46542059763583,
16060,3gbb,60,0,16,0.2158203125,-1,-663693.0775196373,-638266.9124103524,-25429.591232296236,79.00827357601887,
16061,3gbb,61,0,16,0.2158203125,-1,-663682.7546544002,-638266.9124103524,-25405.85931109602,-230.21190282408537,
16062,3gbb,62,0,16,0.2158203125,-1,-663686.5590642565,-638266.9124103524,-25423.62060030312,91.64138101055917,
16063,3gbb,63,0,16,0.2158203125,-1,-663651.5652311333,-638266.9124103524,-25430.290020386714,1052.4188243659933,
16064,3gbb,64,0,16,0.2158203125,-1,-663685.2445279934,-638266.9124103524,-25429.87215174268,266.11950836883466,
16065,3gbb,65,0,16,0.2158203125,-1,-663687.7942765852,-638266.9124103524,-25430.23677062432,215.72922017057076,
16066,3gbb,66,0,16,0.2158203125,-1,-663668.1670876574,-638266.9124103524,-25427.309920843498,600.8481898580009,
16067,3gbb,67,0,16,0.2158203125,-1,-663669.3086080379,-638266.9124103524,-25429.83942944775,632.8559586800129,
16068,3gbb,68,0,16,0.2158203125,-1,-663676.0146786373,-638266.9124103524,-25430.240683913395,487.46344466474505,
16069,3gbb,69,0,16,0.2158203125,-1,-663672.6482409731,-638266.9124103524,-25430.366648142204,568.0001455608327,
16070,3gbb,70,0,16,0.2158203125,-1,-663692.4998685211,-638266.9124103524,-25430.29111417429,108.46888429483458,
16071,3gbb,71,0,16,0.2158203125,-1,-663685.1269965054,-638266.9124103524,-25420.939250755364,62.83225838418414,
16072,3gbb,72,0,16,0.2158203125,-1,-663670.9767165561,-638266.9124103524,-25420.938992440435,389.1395090879558,
16073,3gbb,73,0,16,0.2158203125,-1,-663681.330267217,-638266.9124103524,-25414.753355622954,7.736785163409321,
16074,3gbb,74,0,16,0.2158203125,-1,-663681.2696051385,-638266.9124103524,-25429.324262421418,345.14877908890605,
16075,3gbb,75,0,16,0.2158203125,-1,-663687.3361992544,-638266.9124103524,-25427.199295132996,156.24688551652267,
16076,3gbb,76,0,16,0.2158203125,-1,-663695.1906314979,-638266.9124103524,-25428.465527532597,4.319387898507817,
16077,3gbb,77,0,16,0.2158203125,-1,-663672.6189072822,-638266.9124103524,-25427.618170184873,505.2951891459717,
16078,3gbb,78,0,16,0.2158203125,-1,-663693.5861192367,-638266.9124103524,-25427.65694759757,22.67402337678505,
16079,3gbb,79,0,16,0.2158203125,-1,-663700.9277929092,-638266.9124103524,-25428.1685498656,-134.83116493364756,
16080,3gbb,80,0,16,0.2158203125,-1,-663691.2209609388,-638266.9124103524,-25428.30192594245,92.08942340248281,
16081,3gbb,81,0,16,0.2158203125,-1,-663696.3865729015,-638266.9124103524,-25427.686017703687,-41.2355997364069,
16082,3gbb,82,0,16,0.2158203125,-1,-663676.0001427914,-638266.9124103524,-25426.624005600952,404.3960660209368,
16083,3gbb,83,0,16,0.2158203125,-1,-663686.2628884005,-638266.9124103524,-25427.62604583863,190.83912685937685,
16084,3gbb,84,0,16,0.2158203125,-1,-663701.735822013,-638266.9124103524,-25428.266591107793,-151.2038739752119,
16085,3gbb,85,0,16,0.2158203125,-1,-663695.3838394026,-638266.9124103524,-25428.696452178752,5.189156618938353,
16086,3gbb,86,0,16,0.2158203125,-1,-663693.2899358089,-638266.9124103524,-25428.989556883484,60.23487565743787,
16087,3gbb,87,0,16,0.2158203125,-1,-663699.3586071113,-638266.9124103524,-25428.82100721756,-83.59885681281047,
16088,3gbb,88,0,16,0.2158203125,-1,-663666.4095152679,-638266.9124103524,-25426.96306016433,633.3799747279462,
16089,3gbb,89,0,16,0.2158203125,-1,-663676.659765895,-638266.9124103524,-25428.40648997699,430.2898621019623,
16090,3gbb,90,0,16,0.2158203125,-1,-663661.859894754,-638266.9124103524,-25427.098506194423,741.4201758558199,
16091,3gbb,91,0,16,0.2158203125,-1,-663673.5260208696,-638266.9124103524,-25429.854954459464,535.9581236276792,
16092,3gbb,92,0,16,0.2158203125,-1,-663693.0616977661,-638266.9124103524,-25429.3096791986,72.88036591940629,
16093,3gbb,93,0,16,0.2158203125,-1,-663683.1350058909,-638266.9124103524,-25428.65286393131,286.6487988203491,
16094,3gbb,94,0,16,0.2158203125,-1,-663662.5988229181,-638266.9124103524,-25428.31583463594,752.4523483348883,
16095,3gbb,95,0,16,0.2158203125,-1,-663690.559836394,-638266.9124103524,-25429.20147251241,128.0793542922555,
16096,3gbb,96,0,16,0.2158203125,-1,-663669.6017589701,-638266.9124103524,-25428.645903062352,598.5723652893058,
16097,3gbb,97,0,16,0.2158203125,-1,-663674.533213484,-638266.9124103524,-25429.23167061192,498.3584431909608,
16098,3gbb,98,0,16,0.2158203125,-1,-663676.0570172505,-638266.9124103524,-25428.907596406032,455.7453648243098,
16099,3gbb,99,0,16,0.2158203125,-1,-663656.0343618428,-638266.9124103524,-25429.98054855198,942.2216318303549,
16100,3gbb,100,0,16,0.2158203125,-1,-663683.3150442344,-638266.9124103524,-25427.887307709156,264.8428701099224,
17001,1vso,1,0,17,0.2158203125,0,-676479.1424340338,-638266.9124103524,-38262.509821835716,1159.4796902510388,
17002,1vso,2,0,17,0.2158203125,0,-676515.8522645744,-638266.9124103524,-38263.54625818399,336.83167719878304,
17003,1vso,3,0,17,0.2158203125,0,-676515.8877275547,-638266.9124103524,-38264.45746459555,357.02680048331666,
17004,1vso,4,0,17,0.2158203125,0,-676531.6991677213,-638266.9124103524,-38263.247001351476,-35.507617288301475,
17005,1vso,5,0,17,0.2158203125,0,-676537.6168013609,-638266.9124103524,-38264.43822980909,-144.5011100527319,
17006,1vso,6,0,17,0.2158203125,0,-676506.6221382839,-638266.9124103524,-38263.704430478814,553.33098577301,
17007,1vso,7,0,17,0.2158203125,0,-676485.4001707927,-638266.9124103524,-38263.14181923547,1029.7470586765658,
17008,1vso,8,0,17,0.2158203125,0,-676483.6359996818,-638266.9124103524,-38264.46783351246,1101.0084266203105,
17009,1vso,9,0,17,0.2158203125,0,-676534.321807882,-638266.9124103524,-38263.50429421311,-90.0538218150336,
17010,1vso,10,0,17,0.2158203125,0,-676513.3073828438,-638266.9124103524,-38262.942280655065,381.58999137555145,
17011,1vso,11,0,17,0.2158203125,0,-676521.3096252247,-638266.9124103524,-38259.26581442917,112.27257294942243,
17012,1vso,12,0,17,0.2158203125,0,-676527.6553804287,-638266.9124103524,-38263.74723857017,69.28007729951581,
17013,1vso,13,0,17,0.2158203125,0,-676527.6454450918,-638266.9124103524,-38263.37861292065,61.0084821886333,
17014,1vso,14,0,17,0.2158203125,0,-676535.7494228632,-638266.9124103524,-38264.18447613235,-107.29003769035441,
17015,1vso,15,0,17,0.2158203125,0,-676532.84620829,-638266.9124103524,-38264.295350389024,-37.783498061553445,
17016,1vso,16,0,17,0.2158203125,0,-676526.8742543387,-638266.9124103524,-38257.12980126265,-65.30845668701208,
17017,1vso,17,0,17,0.2158203125,0,-676520.9216924654,-638266.9124103524,-38263.88106373463,227.64869225785804,
17018,1vso,18,0,17,0.2158203125,0,-676504.2221613033,-638266.9124103524,-38258.81856291543,496.00498708799614,
17019,1vso,19,0,17,0.2158203125,0,-676516.5518295991,-638266.9124103524,-38261.956860571525,284.0469448220181,
17020,1vso,20,0,17,0.2158203125,0,-676501.5248885184,-638266.9124103524,-38263.57947904901,667.9949093721688,
17021,1vso,21,0,17,0.2158203125,0,-676521.608995986,-638266.9124103524,-38254.78426213431,2.021868136454052,
17022,1vso,22,0,17,0.2158203125,0,-676507.3336578675,-638266.9124103524,-38263.7229376276,537.3497393729222,
17023,1vso,23,0,17,0.2158203125,0,-676529.4937051825,-638266.9124103524,-38264.17253404792,36.69484809303437,
17024,1vso,24,0,17,0.2158203125,0,-676516.8775341744,-638266.9124103524,-38263.23873385626,306.0967190805182,
17025,1vso,25,0,17,0.2158203125,0,-676530.6880025715,-638266.9124103524,-38263.79571957949,0.46414795728720465,
17026,1vso,26,0,17,0.2158203125,0,-676484.1976422643,-638266.9124103524,-38263.60777165316,1068.2231433384206,
17027,1vso,27,0,17,0.2158203125,0,-676518.7081530706,-638266.9124103524,-38258.614835431195,157.2520136678403,
17028,1vso,28,0,17,0.2158203125,0,-676516.2185805469,-638266.9124103524,-38253.50772683397,96.89019784686651,
17029,1vso,29,0,17,0.2158203125,0,-676529.0618135488,-638266.9124103524,-38263.231142977784,24.94551196864628,
17030,1vso,30,0,17,0.2158203125,0,-676480.5836670636,-638266.9124103524,-38254.79045408257,948.2312177381835,
17031,1vso,31,0,17,0.2158203125,0,-676514.8560781231,-638266.9124103524,-38263.706755293715,363.505433782432,
17032,1vso,32,0,17,0.2158203125,0,-676486.5008237005,-638266.9124103524,-38263.042386836685,1002.0724340646095,
17033,1vso,33,0,17,0.2158203125,0,-676486.0678473643,-638266.9124103524,-38262.75831359137,1005.5062209117443,
17034,1vso,34,0,17,0.2158203125,0,-676534.9009003887,-638266.9124103524,-38263.670481575,-99.5756406557804,
17035,1vso,35,0,17,0.2158203125,0,-676512.1299871369,-638266.9124103524,-38263.99870453492,433.10309480040837,
17036,1vso,36,0,17,0.2158203125,0,-676531.9682116864,-638266.9124103524,-38264.02709008356,-23.72264499410607,
17037,1vso,37,0,17,0.2158203125,0,-676491.1689345035,-638266.9124103524,-38263.150395300036,896.9139759485452,
17038,1vso,38,0,17,0.2158203125,0,-676523.1357794469,-638266.9124103524,-38263.91815793748,177.44604615901463,
17039,1vso,39,0,17,0.2158203125,0,-676534.4665522551,-638266.9124103524,-38264.02530596324,-81.37688996869979,
17040,1vso,40,0,17,0.2158203125,0,-676509.2005151726,-638266.9124103524,-38263.71817059188,494.18905674150227,
17041,1vso,41,0,17,0.2158203125,0,-676502.7362801486,-638266.9124103524,-38263.16483712312,630.497684776986,
17042,1vso,42,0,17,0.2158203125,0,-676519.8143618174,-638266.9124103524,-38262.86982381663,229.8645971330081,
17043,1vso,43,0,17,0.2158203125,0,-676519.8888771076,-638266.9124103524,-38264.357428523304,262.4512132102889,
17044,1vso,44,0,17,0.2158203125,0,-676531.9992684951,-638266.9124103524,-38259.834832224784,-121.11459488889435,
17045,1vso,45,0,17,0.2158203125,0,-676481.4040508122,-638266.9124103524,-38258.80662476432,1021.9278151661154,
17046,1vso,46,0,17,0.2158203125,0,-676521.5179080439,-638266.9124103524,-38263.341396112264,201.45460337436631,
17047,1vso,47,0,17,0.2158203125,0,-676509.1654085502,-638266.9124103524,-38263.84483324781,497.9195449215204,
17048,1vso,48,0,17,0.2158203125,0,-676510.5144762782,-638266.9124103524,-38264.013821061155,470.70625560491266,
17049,1vso,49,0,17,0.2158203125,0,-676503.4189869075,-638266.9124103524,-38263.9710267224,633.3452667250751,
17050,1vso,50,0,17,0.2158203125,0,-676502.2554919388,-638266.9124103524,-38262.848328696244,634.2860665692654,
17051,1vso,51,0,17,0.2158203125,0,-676530.0824622009,-638266.9124103524,-38254.76387042076,-193.8511488877043,
17052,1vso,52,0,17,0.2158203125,0,-676531.6271097797,-638266.9124103524,-38263.64088996209,-24.76263453499187,
17053,1vso,53,0,17,0.2158203125,0,-676498.5512038535,-638266.9124103524,-38264.46808991627,757.0615602282601,
17054,1vso,54,0,17,0.2158203125,0,-676524.0541494234,-638266.9124103524,-38259.15398213271,46.40342737144241,
17055,1vso,55,0,17,0.2158203125,0,-676532.12787705,-638266.9124103524,-38263.64227309965,-36.2787062119975,
17056,1vso,56,0,17,0.2158203125,0,-676535.2786367788,-638266.9124103524,-38263.911455004745,-102.72946944451672,
17057,1vso,57,0,17,0.2158203125,0,-676525.6344774083,-638266.9124103524,-38264.35647842165,129.9326127978615,
17058,1vso,58,0,17,0.2158203125,0,-676516.1622119214,-638266.9124103524,-38264.407211869155,349.53818521419976,
17059,1vso,59,0,17,0.2158203125,0,-676533.5062280187,-638266.9124103524,-38263.93306614247,-61.358387780468654,
17060,1vso,60,0,17,0.2158203125,0,-676496.1159123187,-638266.9124103524,-38261.516128188014,745.1468625183672,
17061,1vso,61,0,17,0.2158203125,0,-676513.4626998187,-638266.9124103524,-38263.6694035609,394.77614939691955,
17062,1vso,62,0,17,0.2158203125,0,-676533.1110186056,-638266.9124103524,-38263.684536237546,-57.97587796816562,
17063,1vso,63,0,17,0.2158203125,0,-676518.1596342784,-638266.9124103524,-38263.93628978742,292.6168102230085,
17064,1vso,64,0,17,0.2158203125,0,-676533.0335265053,-638266.9124103524,-38263.949262703565,-50.08413035096858,
17065,1vso,65,0,17,0.2158203125,0,-676514.708987315,-638266.9124103524,-38263.823114959356,369.5807460340306,
17066,1vso,66,0,17,0.2158203125,0,-676494.677290394,-638266.9124103524,-38263.97955298864,835.1301976656198,
17067,1vso,67,0,17,0.2158203125,0,-676511.4500513324,-638266.9124103524,-38255.698204773034,257.36871516642384,
17068,1vso,68,0,17,0.2158203125,0,-676504.6190485092,-638266.9124103524,-38256.94304452609,443.60206916851575,
17069,1vso,69,0,17,0.2158203125,0,-676495.0325984292,-638266.9124103524,-38263.49095412494,815.6692422573726,
17070,1vso,70,0,17,0.2158203125,0,-676503.0608577894,-638266.9124103524,-38263.8809344432,639.526343069004,
17071,1vso,71,0,17,0.2158203125,0,-676533.8290737885,-638266.9124103524,-38263.878593636015,-70.05955393769129,
17072,1vso,72,0,17,0.2158203125,0,-676476.2416940681,-638266.9124103524,-38257.13581647018,1102.4448352009713,
17073,1vso,73,0,17,0.2158203125,0,-676448.8424341372,-638266.9124103524,-38264.106607205504,1895.0370325284762,
17074,1vso,74,0,17,0.2158203125,0,-676472.243763168,-638266.9124103524,-38264.13655012564,1356.080065256768,
17075,1vso,75,0,17,0.2158203125,0,-676515.3411974395,-638266.9124103524,-38256.94260707009,196.33335293916397,
17076,1vso,76,0,17,0.2158203125,0,-676519.7210339209,-638266.9124103524,-38259.635589083344,157.43356479294704,
17077,1vso,77,0,17,0.2158203125,0,-676520.8732789727,-638266.9124103524,-38261.11799007142,165.0471415527774,
17078,1vso,78,0,17,0.2158203125,0,-676511.9295337358,-638266.9124103524,-38263.8245376063,433.7092752558079,
17079,1vso,79,0,17,0.2158203125,0,-676487.8234455881,-638266.9124103524,-38263.62066849266,984.9075405493977,
17080,1vso,80,0,17,0.2158203125,0,-676518.0814173991,-638266.9124103524,-38263.917523719276,293.98777849667977,
17081,1vso,81,0,17,0.2158203125,0,-676496.0800319723,-638266.9124103524,-38259.84203143068,707.3686946178613,
17082,1vso,82,0,17,0.2158203125,0,-676507.3699855398,-638266.9124103524,-38263.336917750195,527.6101735016238,
17083,1vso,83,0,17,0.2158203125,0,-676511.5581692029,-638266.9124103524,-38253.955488119325,214.68745709386,
17084,1vso,84,0,17,0.2158203125,0,-676527.0859863033,-638266.9124103524,-38263.04883550862,66.30506055617899,
17085,1vso,85,0,17,0.2158203125,0,-676499.2391487197,-638266.9124103524,-38261.04281152433,662.2083785446416,
17086,1vso,86,0,17,0.2158203125,0,-676510.2929637434,-638266.9124103524,-38261.64710457548,421.2366772886993,
17087,1vso,87,0,17,0.2158203125,0,-676523.7359473512,-638266.9124103524,-38262.009721978415,119.59626678026375,
17088,1vso,88,0,17,0.2158203125,0,-676524.024478984,-638266.9124103524,-38261.226184662366,94.87376950889077,
17089,1vso,89,0,17,0.2158203125,0,-676529.3686193381,-638266.9124103524,-38261.7254433303,-16.851856350758887,
17090,1vso,90,0,17,0.2158203125,0,-676534.3040141612,-638266.9124103524,-38263.52514796197,-89.16258999197242,
17091,1vso,91,0,17,0.2158203125,0,-676504.1886336305,-638266.9124103524,-38263.631047483774,607.7566841616,
17092,1vso,92,0,17,0.2158203125,0,-676503.518815826,-638266.9124103524,-38263.72022344097,625.2594961057825,
17093,1vso,93,0,17,0.2158203125,0,-676522.4087444098,-638266.9124103524,-38263.27018584836,179.26928105324484,
17094,1vso,94,0,17,0.2158203125,0,-676510.3473441219,-638266.9124103524,-38263.1021383105,453.53651101199466,
17095,1vso,95,0,17,0.2158203125,0,-676528.0064660528,-638266.9124103524,-38263.023309729164,44.48965480622259,
17096,1vso,96,0,17,0.2158203125,0,-676531.7692841002,-638266.9124103524,-38263.901916020994,-22.02184833468923,
17097,1vso,97,0,17,0.2158203125,0,-676528.9711453263,-638266.9124103524,-38263.875649491405,41.89904413524275,
17098,1vso,98,0,17,0.2158203125,0,-676508.0327493408,-638266.9124103524,-38263.80673230896,523.160658273691,
17099,1vso,99,0,17,0.2158203125,0,-676530.4992968198,-638266.9124103524,-38263.30261850126,-6.555375030237356,
17100,1vso,100,0,17,0.2158203125,0,-676497.587597733,-638266.9124103524,-38263.59130129884,759.0636194088319,
18004,4mme,4,0,18,0.2083740234375,0,-672623.5501842366,-638266.9124103524,-34355.43986296064,-27.624482150287214,
18005,4mme,5,0,18,0.2083740234375,0,-672624.0785952784,-638266.9124103524,-34354.611551665526,-58.91124249414118,
18006,4mme,6,0,18,0.2083740234375,0,-672616.0182284019,-638266.9124103524,-34355.57055949003,149.0804792015052,
18007,4mme,7,0,18,0.2083740234375,0,-672625.2685882831,-638266.9124103524,-34355.57027518701,-64.24444347273088,
18008,4mme,8,0,18,0.2083740234375,0,-672624.6327800293,-638266.9124103524,-34354.61376484372,-71.6400093473332,
18009,4mme,9,0,18,0.2083740234375,0,-672622.92366865,-638266.9124103524,-34355.57516671119,-10.05651088691573,
18010,4mme,10,0,18,0.2083740234375,0,-672624.0768079092,-638266.9124103524,-34355.03029659846,-49.21353722519595,
18011,4mme,11,0,18,0.2083740234375,0,-672625.6449630994,-638266.9124103524,-34355.43810652201,-75.97173474705144,
18012,4mme,12,0,18,0.2083740234375,0,-672609.3149986555,-638266.9124103524,-34355.43472534994,300.5282197042769,
18013,4mme,13,0,18,0.2083740234375,0,-672622.0903987113,-638266.9124103524,-34354.61338563367,-13.020048150288012,
18014,4mme,14,0,18,0.2083740234375,0,-672625.7268634754,-638266.9124103524,-34355.43725433999,-77.88005406964623,
18015,4mme,15,0,18,0.2083740234375,0,-672618.7305584773,-638266.9124103524,-34355.57260184949,86.57975969229325,
18016,4mme,16,0,18,0.2083740234375,0,-672622.4073079692,-638266.9124103524,-34354.612427952314,-20.35023390682507,
18017,4mme,17,0,18,0.2083740234375,0,-672624.6764905876,-638266.9124103524,-34355.02866093818,-63.080267537314725,
18018,4mme,18,0,18,0.2083740234375,0,-672616.5713399766,-638266.9124103524,-34355.40341410226,132.47095906742445,
18019,4mme,19,0,18,0.2083740234375,0,-672629.782570609,-638266.9124103524,-34355.57370922554,-168.26015799626978,
18020,4mme,20,0,18,0.2083740234375,0,-672622.002935415,-638266.9124103524,-34355.398136675765,7.093692317767605,
18021,4mme,21,0,18,0.2083740234375,0,-672613.9048687594,-638266.9124103524,-34354.61461561163,175.7711207882881,
18022,4mme,22,0,18,0.2083740234375,0,-672581.1328884487,-638266.9124103524,-34355.57397046081,953.6341886354915,
18023,4mme,23,0,18,0.2083740234375,0,-672598.6075051514,-638266.9124103524,-34355.02829991989,538.076492730983,
18024,4mme,24,0,18,0.2083740234375,0,-672553.7488641747,-638266.9124103524,-34355.44052712612,1582.0475137974636,
18025,4mme,25,0,18,0.2083740234375,0,-672627.6441003466,-638266.9124103524,-34355.61877154875,-117.90670036596913,
18026,4mme,26,0,18,0.2083740234375,0,-672581.8689322624,-638266.9124103524,-34355.618656137085,937.6910912379795,
18027,4mme,27,0,18,0.2083740234375,0,-672595.5184244006,-638266.9124103524,-34355.4382788173,618.7667251113751,
18028,4mme,28,0,18,0.2083740234375,0,-672628.2430607184,-638266.9124103524,-34355.57496795559,-132.729189523792,
18029,4mme,29,0,18,0.2083740234375,0,-672622.220880933,-638266.9124103524,-34355.40044435124,2.1209655367317084,
18030,4mme,30,0,18,0.2083740234375,0,-672586.8477023959,-638266.9124103524,-34355.43728326384,818.6953666190909,
18031,4mme,31,0,18,0.2083740234375,0,-672596.4919008707,-638266.9124103524,-34355.03455366895,587.0077013166548,
18032,4mme,32,0,18,0.2083740234375,0,-672618.8046410208,-638266.9124103524,-34355.5698513634,84.8079479386182,
18033,4mme,33,0,18,0.2083740234375,0,-672605.6148902363,-638266.9124103524,-34355.440295837136,385.983205369411,
18034,4mme,34,0,18,0.2083740234375,0,-672606.4287322864,-638266.9124103524,-34355.5697114615,370.1999570411356,
18035,4mme,35,0,18,0.2083740234375,0,-672573.592683258,-638266.9124103524,-34355.44066230758,1124.4412920434088,
18036,4mme,36,0,18,0.2083740234375,0,-672623.7292823322,-638266.9124103524,-34355.44011581559,-31.748751377181826,
18037,4mme,37,0,18,0.2083740234375,0,-672592.801004036,-638266.9124103524,-34355.62038499003,685.6313955118027,
18038,4mme,38,0,18,0.2083740234375,0,-672627.2354735825,-638266.9124103524,-34355.6191402168,-108.47504164079292,
18039,4mme,39,0,18,0.2083740234375,0,-672625.5526247094,-638266.9124103524,-34355.402362831825,-74.66662996612148,
18040,4mme,40,0,18,0.2083740234375,0,-672606.688036545,-638266.9124103524,-34355.62019348958,365.384402008206,
18041,4mme,41,0,18,0.2083740234375,0,-672625.8015187931,-638266.9124103524,-34355.02785080693,-89.04271635037908,
18042,4mme,42,0,18,0.2083740234375,0,-672589.9006534329,-638266.9124103524,-34355.571568670915,751.3893382570425,
18043,4mme,43,0,18,0.2083740234375,0,-672586.5606638489,-638266.9124103524,-34355.57317975883,828.448480383854,
18044,4mme,44,0,18,0.2083740234375,0,-672623.7268060948,-638266.9124103524,-34355.57106801341,-28.671818562987976,
18045,4mme,45,0,18,0.2083740234375,0,-672601.7551636207,-638266.9124103524,-34355.03496060991,465.6433632067196,
18046,4mme,46,0,18,0.2083740234375,0,-672611.9365277353,-638266.9124103524,-34355.03243395207,230.79726294628077,
18047,4mme,47,0,18,0.2083740234375,0,-672629.90517865,-638266.9124103524,-34355.61805607864,-170.06490386404974,
18048,4mme,48,0,18,0.2083740234375,0,-672616.8774627564,-638266.9124103524,-34355.57204446425,129.30030859187107,
18049,4mme,49,0,18,0.2083740234375,0,-672604.6183087609,-638266.9124103524,-34354.609950673155,389.816705779324,
18050,4mme,50,0,18,0.2083740234375,0,-672607.2834498015,-638266.9124103524,-34355.57232797593,350.55004115959434,
18052,4mme,52,0,18,0.2083740234375,0,-672620.479661701,-638266.9124103524,-34355.5710982242,46.20980671923826,
18053,4mme,53,0,18,0.2083740234375,0,-672619.0970654419,-638266.9124103524,-34355.43994729859,75.06882169004513,
18054,4mme,54,0,18,0.2083740234375,0,-672626.7197326507,-638266.9124103524,-34355.02675666105,-110.24246253507549,
18055,4mme,55,0,18,0.2083740234375,0,-672611.914716417,-638266.9124103524,-34355.56913180868,243.6767904894511,
18056,4mme,56,0,18,0.2083740234375,0,-672622.2394633902,-638266.9124103524,-34354.61255820667,-16.476642228563726,
18057,4mme,57,0,18,0.2083740234375,0,-672614.3254619936,-638266.9124103524,-34354.61662158996,166.11826935460255,
18058,4mme,58,0,18,0.2083740234375,0,-672615.1572252223,-638266.9124103524,-34355.57308529208,168.99393058534693,
18059,4mme,59,0,18,0.2083740234375,0,-672595.3548877264,-638266.9124103524,-34355.44299231756,622.6466663076468,
18060,4mme,60,0,18,0.2083740234375,0,-672623.6155793234,-638266.9124103524,-34355.02683617384,-38.657152648866195,
18061,4mme,61,0,18,0.2083740234375,0,-672619.9066377181,-638266.9124103524,-34355.56771861948,59.34611814932765,
18062,4mme,62,0,18,0.2083740234375,0,-672616.832749687,-638266.9124103524,-34355.570110263936,130.286812747076,
18063,4mme,63,0,18,0.2083740234375,0,-672612.5860588226,-638266.9124103524,-34355.40177633023,224.33595781871148,
18064,4mme,64,0,18,0.2083740234375,0,-672601.1559852544,-638266.9124103524,-34354.61196482609,469.7062300755717,
18065,4mme,65,0,18,0.2083740234375,0,-672618.1788264739,-638266.9124103524,-34355.40066997731,95.33815878564177,
18066,4mme,66,0,18,0.2083740234375,0,-672618.8880512699,-638266.9124103524,-34355.57328650602,82.96367817061606,
18067,4mme,67,0,18,0.2083740234375,0,-672615.1821287484,-638266.9124103524,-34354.61338019287,146.2883162878032,
18068,4mme,68,0,18,0.2083740234375,0,-672627.7180369769,-638266.9124103524,-34355.62315951418,-119.51053067807024,
18069,4mme,69,0,18,0.2083740234375,0,-672590.5057443186,-638266.9124103524,-34355.619446375495,738.5396970429695,
18070,4mme,70,0,18,0.2083740234375,0,-672602.9232947594,-638266.9124103524,-34354.61120698947,428.93362857861547,
18071,4mme,71,0,18,0.2083740234375,0,-672563.5685232641,-638266.9124103524,-34355.44074089662,1355.6057253500078,
18072,4mme,72,0,18,0.2083740234375,0,-672595.6083666169,-638266.9124103524,-34355.43903752205,616.7101044776392,
18073,4mme,73,0,18,0.2083740234375,0,-672605.1463339438,-638266.9124103524,-34355.44002281292,396.7820740753821,
18074,4mme,74,0,18,0.2083740234375,0,-672597.0133992895,-638266.9124103524,-34355.399815386925,583.404797405272,
18075,4mme,75,0,18,0.2083740234375,0,-672610.5058765161,-638266.9124103524,-34355.61858203825,277.30575979317763,
18076,4mme,76,0,18,0.2083740234375,0,-672624.3400676064,-638266.9124103524,-34355.5726645007,-42.77714911381625,
18077,4mme,77,0,18,0.2083740234375,0,-672613.0296432822,-638266.9124103524,-34355.40297768014,214.13436095816044,
18078,4mme,78,0,18,0.2083740234375,0,-672605.5589124599,-638266.9124103524,-34355.61930738074,391.4021878233085,
18079,4mme,79,0,18,0.2083740234375,0,-672619.0952218565,-638266.9124103524,-34355.39999728698,74.19006662575204,
18080,4mme,80,0,18,0.2083740234375,0,-672615.7689183711,-638266.9124103524,-34355.02848981449,142.3292814119256,
18081,4mme,81,0,18,0.2083740234375,0,-672622.4220380111,-638266.9124103524,-34354.615260661616,-20.624592915704792,
18082,4mme,82,0,18,0.2083740234375,0,-672606.4983514516,-638266.9124103524,-34355.616079294276,369.6637685786839,
19001,3f3e,1,0,19,0.2083740234375,0,-650279.9883144185,-638266.9124103524,-12011.88843368338,-27.383717557984834,
19002,3f3e,2,0,19,0.2083740234375,0,-650280.2737131068,-638266.9124103524,-12011.869651185287,-34.39830235560167,
19003,3f3e,3,0,19,0.2083740234375,0,-650281.137743107,-638266.9124103524,-12011.994975487072,-51.43326044867168,
19004,3f3e,4,0,19,0.2083740234375,0,-650280.5717475405,-638266.9124103524,-12012.273574407602,-31.95644888196941,
19005,3f3e,5,0,19,0.2083740234375,0,-650280.4699745377,-638266.9124103524,-12011.916657320604,-37.84021124007276,
19006,3f3e,6,0,19,0.2083740234375,0,-650279.3571457554,-638266.9124103524,-12012.161986610012,-6.5203420660512785,
19007,3f3e,7,0,19,0.2083740234375,0,-650280.943320146,-638266.9124103524,-12012.097582136366,-44.58359491115415,
19008,3f3e,8,0,19,0.2083740234375,0,-650280.2213128491,-638266.9124103524,-12011.569475208298,-40.11214618218568,
19009,3f3e,9,0,19,0.2083740234375,0,-650276.7166583698,-638266.9124103524,-12005.48954853715,-99.49933373846609,
19010,3f3e,10,0,19,0.2083740234375,0,-650281.4460544738,-638266.9124103524,-12012.251039748291,-52.63810732383744,
19011,3f3e,11,0,19,0.2083740234375,0,-650280.7184238238,-638266.9124103524,-12012.129655296252,-38.65773788032804,
19012,3f3e,12,0,19,0.2083740234375,0,-650279.7242590132,-638266.9124103524,-12012.108215478445,-16.22616665723631,
19013,3f3e,13,0,19,0.2083740234375,0,-650280.3569932005,-638266.9124103524,-12011.7056550825,-40.10062691286739,
19014,3f3e,14,0,19,0.2083740234375,0,-650280.4377914233,-638266.9124103524,-12011.897802540656,-37.53285254503516,
19015,3f3e,15,0,19,0.2083740234375,0,-650280.3196465643,-638266.9124103524,-12011.884861774546,-35.1067885294756,
19016,3f3e,16,0,19,0.2083740234375,0,-650279.9890231675,-638266.9124103524,-12011.250816917629,-42.10385362360392,
19017,3f3e,17,0,19,0.2083740234375,0,-650276.8383922542,-638266.9124103524,-12005.48245844624,-102.47008518384641,
19018,3f3e,18,0,19,0.2083740234375,0,-650281.4630384516,-638266.9124103524,-12012.104589043121,-56.40700064921381,
19019,3f3e,19,0,19,0.2083740234375,0,-650280.299116143,-638266.9124103524,-12011.471802109125,-44.15872793875581,
19020,3f3e,20,0,19,0.2083740234375,0,-650280.6293576824,-638266.9124103524,-12011.701641534266,-46.47405569689842,
19021,3f3e,21,0,19,0.2083740234375,0,-650259.4110360233,-638266.9124103524,-12012.25033384587,455.48521110511865,
19022,3f3e,22,0,19,0.2083740234375,0,-650256.4585326249,-638266.9124103524,-12012.251095876818,523.5891297953424,
19023,3f3e,23,0,19,0.2083740234375,0,-650280.4602916942,-638266.9124103524,-12012.250438524394,-29.919742147647582,
19024,3f3e,24,0,19,0.2083740234375,0,-650235.2952582402,-638266.9124103524,-12011.87296657707,1002.9059621928999,
19025,3f3e,25,0,19,0.2083740234375,0,-650281.8076442855,-638266.9124103524,-12012.259377682036,-60.78428915265561,
19026,3f3e,26,0,19,0.2083740234375,0,-650265.3624079707,-638266.9124103524,-12004.939890577054,149.66048699028107,
19027,3f3e,27,0,19,0.2083740234375,0,-650280.0585448545,-638266.9124103524,-12011.869949174908,-29.429532779310996,
19028,3f3e,28,0,19,0.2083740234375,0,-650248.5256408909,-638266.9124103524,-12011.49349020929,689.0551573283129,
19029,3f3e,29,0,19,0.2083740234375,0,-650281.4873755295,-638266.9124103524,-12011.346791671844,-74.44344952358988,
19030,3f3e,30,0,19,0.2083740234375,0,-650250.2481071413,-638266.9124103524,-12011.87496071281,658.1310607663676,
19031,3f3e,31,0,19,0.2083740234375,0,-650248.8463984056,-638266.9124103524,-12011.936011980672,691.8631077940208,
19032,3f3e,32,0,19,0.2083740234375,0,-650279.9455589545,-638266.9124103524,-12012.14779517947,-20.4167349499606,
19033,3f3e,33,0,19,0.2083740234375,0,-650276.9343238884,-638266.9124103524,-12012.250867568788,51.400901085136184,
19034,3f3e,34,0,19,0.2083740234375,0,-650277.3737546618,-638266.9124103524,-12006.592197837223,-89.22463728494981,
19035,3f3e,35,0,19,0.2083740234375,0,-650281.3851297642,-638266.9124103524,-12011.768478670063,-62.36127297105982,
19036,3f3e,36,0,19,0.2083740234375,0,-650261.6132777582,-638266.9124103524,-12011.914242666251,396.9498635186481,
19037,3f3e,37,0,19,0.2083740234375,0,-650277.3365025402,-638266.9124103524,-12012.258255745017,42.29681644086158,
19038,3f3e,38,0,19,0.2083740234375,0,-650280.8185441317,-638266.9124103524,-12012.13565897766,-40.828118846678876,
19039,3f3e,39,0,19,0.2083740234375,0,-650273.9509155457,-638266.9124103524,-12011.407831584023,100.75906022059186,
19040,3f3e,40,0,19,0.2083740234375,0,-650276.8781705555,-638266.9124103524,-12005.310197875267,-107.35981773891149,
19041,3f3e,41,0,19,0.2083740234375,0,-650280.8067669317,-638266.9124103524,-12011.49393847189,-55.35495657913216,
19042,3f3e,42,0,19,0.2083740234375,0,-650280.830530864,-638266.9124103524,-12011.769791424982,-49.54164565727959,
19043,3f3e,43,0,19,0.2083740234375,0,-650279.2237350082,-638266.9124103524,-12011.871286078425,-10.14753066033216,
19044,3f3e,44,0,19,0.2083740234375,0,-650266.9950337918,-638266.9124103524,-12012.102502002768,277.1849845293545,
19045,3f3e,45,0,19,0.2083740234375,0,-650261.0579953063,-638266.9124103524,-12012.13192575227,414.7748722774995,
19046,3f3e,46,0,19,0.2083740234375,0,-650280.500059002,-638266.9124103524,-12011.682252626413,-43.93947612859217,
19047,3f3e,47,0,19,0.2083740234375,0,-650279.7435626618,-638266.9124103524,-12011.679700469642,-26.55311022610694,
19048,3f3e,48,0,19,0.2083740234375,0,-650277.9665031834,-638266.9124103524,-12010.733790961249,-7.3863365871342745,
19049,3f3e,49,0,19,0.2083740234375,0,-650278.6310970979,-638266.9124103524,-12012.102833514056,8.858634930223559,
19050,3f3e,50,0,19,0.2083740234375,0,-650258.8281735225,-638266.9124103524,-12012.24840449759,468.88184785519195,
19051,3f3e,51,0,19,0.2083740234375,0,-650264.8339430271,-638266.9124103524,-12005.494458254527,174.6358125514845,
19052,3f3e,52,0,19,0.2083740234375,0,-650278.9183114877,-638266.9124103524,-12012.232966064512,5.236241661405318,
19053,3f3e,53,0,19,0.2083740234375,0,-650280.130683533,-638266.9124103524,-12012.25333960797,-22.25189680621808,
19054,3f3e,54,0,19,0.2083740234375,0,-650275.6236369541,-638266.9124103524,-12012.104506560163,78.25089478399197,
19055,3f3e,55,0,19,0.2083740234375,0,-650280.4387428494,-638266.9124103524,-12012.219668367548,-30.132390656111717,
19056,3f3e,56,0,19,0.2083740234375,0,-650276.4885268455,-638266.9124103524,-12004.957828919018,-106.50024149740763,
19057,3f3e,57,0,19,0.2083740234375,0,-650278.9680340096,-638266.9124103524,-12012.229153470827,4.001692567504966,
19058,3f3e,58,0,19,0.2083740234375,0,-650272.5844675854,-638266.9124103524,-12006.598889050565,21.373249458691635,
19059,3f3e,59,0,19,0.2083740234375,0,-650264.5542114079,-638266.9124103524,-12011.91182699554,329.07461573398126,
19060,3f3e,60,0,19,0.2083740234375,0,-650261.7052411626,-638266.9124103524,-12012.26097716327,402.82502448761386,
19061,3f3e,61,0,19,0.2083740234375,0,-650277.6426920271,-638266.9124103524,-12005.729802374068,-115.3137920898367,
19062,3f3e,62,0,19,0.2083740234375,0,-650260.3575090354,-638266.9124103524,-12012.104344418514,430.2924287669813,
19063,3f3e,63,0,19,0.2083740234375,0,-650269.9909347586,-638266.9124103524,-12005.309491104234,51.44731424887912,
19064,3f3e,64,0,19,0.2083740234375,0,-650279.6804281563,-638266.9124103524,-12012.230202011855,-12.402326796536169,
19065,3f3e,65,0,19,0.2083740234375,0,-650270.4657452102,-638266.9124103524,-12012.235645749915,200.21884560786654,
19066,3f3e,66,0,19,0.2083740234375,0,-650276.0555490279,-638266.9124103524,-12006.331696308385,-64.8334011795271,
19067,3f3e,67,0,19,0.2083740234375,0,-650279.2240051442,-638266.9124103524,-12011.246970494516,-24.550819529773214,
19068,3f3e,68,0,19,0.2083740234375,0,-650242.3501105547,-638266.9124103524,-12011.70142678138,836.26140129244,
19069,3f3e,69,0,19,0.2083740234375,0,-650280.35879207,-638266.9124103524,-12011.7045707575,-40.167114956619095,
19070,3f3e,70,0,19,0.2083740234375,0,-650256.7095475221,-638266.9124103524,-12004.956030996911,349.572396160535,
19071,3f3e,71,0,19,0.2083740234375,0,-650263.9837363241,-638266.9124103524,-12011.493677518996,332.5873276853908,
19072,3f3e,72,0,19,0.2083740234375,0,-650280.1860909542,-638266.9124103524,-12012.257414372103,-23.435655999746555,
19073,3f3e,73,0,19,0.2083740234375,0,-650281.1150935309,-638266.9124103524,-12011.901386992104,-53.06915077824046,
19074,3f3e,74,0,19,0.2083740234375,0,-650277.090471257,-638266.9124103524,-12012.018777829318,42.447940684847715,
19075,3f3e,75,0,19,0.2083740234375,0,-650281.3634140046,-638266.9124103524,-12012.229290629024,-51.23391943645279,
19076,3f3e,76,0,19,0.2083740234375,0,-650280.9186253906,-638266.9124103524,-12012.10316967835,-43.885268545660225,
19077,3f3e,77,0,19,0.2083740234375,0,-650270.4244819527,-638266.9124103524,-12012.127558277944,198.67784261385353,
19078,3f3e,78,0,19,0.2083740234375,0,-650280.8717759311,-638266.9124103524,-12011.462694016858,-57.57461396960332,
19079,3f3e,79,0,19,0.2083740234375,0,-650266.528294861,-638266.9124103524,-12011.387673649648,271.4639065393604,
19080,3f3e,80,0,19,0.2083740234375,0,-650263.8836327434,-638266.9124103524,-12011.543954726838,336.05519105333343,
19081,3f3e,81,0,19,0.2083740234375,0,-650280.2473266752,-638266.9124103524,-12011.442761215583,-43.63413335387491,
19082,3f3e,82,0,19,0.2083740234375,0,-650280.5588552029,-638266.9124103524,-12011.525915653514,-48.90056497297137,
19083,3f3e,83,0,19,0.2083740234375,0,-650247.2028009484,-638266.9124103524,-12011.546387928911,720.7804214886797,
19084,3f3e,84,0,19,0.2083740234375,0,-650280.8562014787,-638266.9124103524,-12011.600223783595,-54.04394680227213,
19085,3f3e,85,0,19,0.2083740234375,0,-650280.0448891885,-638266.9124103524,-12011.480426424854,-38.09723364843012,
19086,3f3e,86,0,19,0.2083740234375,0,-650280.5945119439,-638266.9124103524,-12011.734517288978,-44.91236096224167,
19087,3f3e,87,0,19,0.2083740234375,0,-650280.5152857401,-638266.9124103524,-12011.285756677384,-53.43402684989533,
19088,3f3e,88,0,19,0.2083740234375,0,-650280.6928116744,-638266.9124103524,-12012.180258649698,-36.90016663180622,
19089,3f3e,89,0,19,0.2083740234375,0,-650280.2632594423,-638266.9124103524,-12012.217117358836,-26.144474811554417,
19090,3f3e,90,0,19,0.2083740234375,0,-650279.5926132819,-638266.9124103524,-12011.553107812166,-25.991430863770738,
19091,3f3e,91,0,19,0.2083740234375,0,-650280.855061019,-638266.9124103524,-12012.210993471886,-39.93296356439216,
19092,3f3e,92,0,19,0.2083740234375,0,-650277.384835248,-638266.9124103524,-12012.241698908898,40.80042800868806,
19093,3f3e,93,0,19,0.2083740234375,0,-650280.3716077744,-638266.9124103524,-12011.764298481085,-39.085298095596464,
19094,3f3e,94,0,19,0.2083740234375,0,-650280.7389383665,-638266.9124103524,-12012.166650818775,-38.27767745687735,
19095,3f3e,95,0,19,0.2083740234375,0,-650281.1487035564,-638266.9124103524,-12012.262246617784,-45.52259572159764,
19096,3f3e,96,0,19,0.2083740234375,0,-650259.8925872145,-638266.9124103524,-12012.301438354469,445.55887479274816,
19097,3f3e,97,0,19,0.2083740234375,0,-650249.2822847478,-638266.9124103524,-12012.001948223193,683.3318558255557,
19098,3f3e,98,0,19,0.2083740234375,0,-650273.3121221521,-638266.9124103524,-12011.84400301313,125.54833793131017,
19099,3f3e,99,0,19,0.2083740234375,0,-650271.1173419823,-638266.9124103524,-12011.767831346004,174.40461064050697,
19100,3f3e,100,0,19,0.2083740234375,0,-650281.178911254,-638266.9124103524,-12012.235214550645,-46.84257605535568,
20001,3f3c,1,0,20,0.2083740234375,0,-656057.4401293265,-638266.9124103524,-17788.10751508597,-55.8112275235061,
20002,3f3c,2,0,20,0.2083740234375,0,-656057.175135615,-638266.9124103524,-17787.993239921867,-52.33557525247464,
20003,3f3c,3,0,20,0.2083740234375,0,-656057.3065247501,-638266.9124103524,-17787.86834065365,-58.24572623393847,
20004,3f3c,4,0,20,0.2083740234375,0,-656057.8448785441,-638266.9124103524,-17788.044487779913,-66.5984104203846,
20005,3f3c,5,0,20,0.2083740234375,0,-656058.4221826993,-638266.9124103524,-17788.179363418967,-76.80105437897237,
20006,3f3c,6,0,20,0.2083740234375,0,-656056.9512884219,-638266.9124103524,-17788.169981902825,-43.09776944187731,
20007,3f3c,7,0,20,0.2083740234375,0,-656057.13589706,-638266.9124103524,-17788.16910763075,-47.37510696534224,
20008,3f3c,8,0,20,0.2083740234375,0,-656057.0168909897,-638266.9124103524,-17788.228149035614,-43.26923464801262,
20009,3f3c,9,0,20,0.2083740234375,0,-656055.1636286135,-638266.9124103524,-17786.764744033586,-34.27891002212879,
20010,3f3c,10,0,20,0.2083740234375,0,-656056.6319699445,-638266.9124103524,-17788.35318264069,-31.509401042133558,
20011,3f3c,11,0,20,0.2083740234375,0,-656057.4579306393,-638266.9124103524,-17788.458032687733,-48.13860762619813,
20012,3f3c,12,0,20,0.2083740234375,0,-656054.7314690351,-638266.9124103524,-17787.2600434985,-12.89119639489626,
20013,3f3c,13,0,20,0.2083740234375,0,-656055.4036652677,-638266.9124103524,-17785.551437426104,-67.79380182444146,
20014,3f3c,14,0,20,0.2083740234375,0,-656051.5745422838,-638266.9124103524,-17780.757647684444,-90.0395457308201,
20015,3f3c,15,0,20,0.2083740234375,0,-656057.7644239106,-638266.9124103524,-17788.118991602445,-63.024983534335874,
20016,3f3c,16,0,20,0.2083740234375,0,-656058.2385240815,-638266.9124103524,-17788.230013709875,-71.39776258298983,
20017,3f3c,17,0,20,0.2083740234375,0,-656056.607986789,-638266.9124103524,-17786.759496887775,-67.70760286983722,
20018,3f3c,18,0,20,0.2083740234375,0,-656051.8338062897,-638266.9124103524,-17779.93754697779,-114.93028731202041,
20019,3f3c,19,0,20,0.2083740234375,0,-656017.4803180073,-638266.9124103524,-17786.3855623188,825.9747385571383,
20020,3f3c,20,0,20,0.2083740234375,0,-656049.8499106868,-638266.9124103524,-17786.644531265498,85.48616409475291,
20021,3f3c,21,0,20,0.2083740234375,0,-656043.9166711642,-638266.9124103524,-17782.940303441857,136.88839499414826,
20022,3f3c,22,0,20,0.2083740234375,0,-656056.5463186768,-638266.9124103524,-17788.189892432365,-33.299797546660685,
20023,3f3c,23,0,20,0.2083740234375,0,-656050.3863734389,-638266.9124103524,-17782.93636509701,-12.39730415008465,
20024,3f3c,24,0,20,0.2083740234375,0,-656054.2827695629,-638266.9124103524,-17784.977231894023,-55.186826947074294,
20025,3f3c,25,0,20,0.2083740234375,0,-656056.9908288473,-638266.9124103524,-17787.25617385024,-65.08250761788574,
20026,3f3c,26,0,20,0.2083740234375,0,-656057.9627688508,-638266.9124103524,-17788.401134986092,-61.09254552116845,
20027,3f3c,27,0,20,0.2083740234375,0,-656059.8564852087,-638266.9124103524,-17787.949981633697,-115.16652563155363,
20028,3f3c,28,0,20,0.2083740234375,0,-656036.6915267875,-638266.9124103524,-17788.182776851365,424.3984912879108,
20029,3f3c,29,0,20,0.2083740234375,0,-656028.3354415273,-638266.9124103524,-17788.40420018378,622.2005384546837,
20030,3f3c,30,0,20,0.2083740234375,0,-656036.4439071459,-638266.9124103524,-17784.362857594813,342.019305151913,
20031,3f3c,31,0,20,0.2083740234375,0,-656052.2146024609,-638266.9124103524,-17787.259261949963,45.13110268754234,
20032,3f3c,32,0,20,0.2083740234375,0,-656051.9855482951,-638266.9124103524,-17780.74568940936,-99.79333388768097,
20033,3f3c,33,0,20,0.2083740234375,0,-656056.005672484,-638266.9124103524,-17783.307006905063,-133.4342154134647,
20034,3f3c,34,0,20,0.2083740234375,0,-656047.6607751328,-638266.9124103524,-17787.944014891178,165.93563355090282,
20035,3f3c,35,0,20,0.2083740234375,0,-656052.1990281914,-638266.9124103524,-17780.37417589367,-113.28360244565457,
20036,3f3c,36,0,20,0.2083740234375,0,-656056.7383700934,-638266.9124103524,-17788.452384048283,-31.675407961362264,
20037,3f3c,37,0,20,0.2083740234375,0,-656056.6581090034,-638266.9124103524,-17788.50454019217,-28.62179400673405,
20038,3f3c,38,0,20,0.2083740234375,0,-656056.4517186668,-638266.9124103524,-17787.41492441926,-48.98945642551084,
20039,3f3c,39,0,20,0.2083740234375,0,-656056.8598438838,-638266.9124103524,-17788.20482563313,-40.185492788108334,
20040,3f3c,40,0,20,0.2083740234375,0,-656039.5193419191,-638266.9124103524,-17787.339651610277,339.744595239409,
20041,3f3c,41,0,20,0.2083740234375,0,-656056.4595164453,-638266.9124103524,-17787.12710819988,-55.80647716230139,
20042,3f3c,42,0,20,0.2083740234375,0,-656057.4318091448,-638266.9124103524,-17788.1828680218,-53.88167959348846,
20043,3f3c,43,0,20,0.2083740234375,0,-656040.5701634368,-638266.9124103524,-17787.72665003391,324.4364710273748,
20044,3f3c,44,0,20,0.2083740234375,0,-656052.2034950654,-638266.9124103524,-17779.925718155402,-123.72829213189696,
20045,3f3c,45,0,20,0.2083740234375,0,-656051.6416891377,-638266.9124103524,-17788.455574755637,85.93042645515895,
20046,3f3c,46,0,20,0.2083740234375,0,-656038.9665056922,-638266.9124103524,-17785.85548118517,318.2675184149885,
20047,3f3c,47,0,20,0.2083740234375,0,-656041.3094304821,-638266.9124103524,-17788.08864780149,315.7364348039048,
20048,3f3c,48,0,20,0.2083740234375,0,-656032.139531794,-638266.9124103524,-17788.450665425866,535.5476468450663,
20049,3f3c,49,0,20,0.2083740234375,0,-656054.1046241164,-638266.9124103524,-17784.36305572712,-65.24193423133042,
20050,3f3c,50,0,20,0.2083740234375,0,-656056.7457687657,-638266.9124103524,-17788.451674166932,-31.862395650338588,
20051,3f3c,51,0,20,0.2083740234375,0,-656056.3313666286,-638266.9124103524,-17788.13410772959,-29.62931136561086,
20052,3f3c,52,0,20,0.2083740234375,0,-656058.1111231721,-638266.9124103524,-17788.365686622266,-65.33113613181192,
20053,3f3c,53,0,20,0.2083740234375,0,-656056.0885516364,-638266.9124103524,-17786.646312618635,-58.339234942223975,
20054,3f3c,54,0,20,0.2083740234375,0,-656053.4368309113,-638266.9124103524,-17786.36030137404,-3.7846783133365625,
20055,3f3c,55,0,20,0.2083740234375,0,-656045.7049716641,-638266.9124103524,-17786.835257159382,185.46897228166642,
20056,3f3c,56,0,20,0.2083740234375,0,-656054.0927965905,-638266.9124103524,-17786.46547234396,-16.486306051731557,
20057,3f3c,57,0,20,0.2083740234375,0,-656058.1203881417,-638266.9124103524,-17788.017491618702,-73.57435894086305,
20058,3f3c,58,0,20,0.2083740234375,0,-656057.4538223619,-638266.9124103524,-17788.11833634467,-55.87745226623829,
20059,3f3c,59,0,20,0.2083740234375,0,-656032.6071824956,-638266.9124103524,-17788.395251642138,523.4854932617139,
20060,3f3c,60,0,20,0.2083740234375,0,-656054.7655954771,-638266.9124103524,-17786.359122658083,-34.45389897324732,
20061,3f3c,61,0,20,0.2083740234375,0,-656055.0938780339,-638266.9124103524,-17787.25660462197,-21.327848822034806,
20062,3f3c,62,0,20,0.2083740234375,0,-656055.6285531777,-638266.9124103524,-17786.212633785213,-57.73228996369109,
20063,3f3c,63,0,20,0.2083740234375,0,-656055.7458709697,-638266.9124103524,-17788.113263334115,-16.608143897405803,
20064,3f3c,64,0,20,0.2083740234375,0,-656051.7996891352,-638266.9124103524,-17787.259844827775,54.71267276177303,
20065,3f3c,65,0,20,0.2083740234375,0,-656053.5795712573,-638266.9124103524,-17788.351204326125,38.834963862476464,
20066,3f3c,66,0,20,0.2083740234375,0,-656051.7178344412,-638266.9124103524,-17786.43662208517,37.61631941545729,
20067,3f3c,67,0,20,0.2083740234375,0,-656040.8568490719,-638266.9124103524,-17785.88033359495,275.24827467560596,
20068,3f3c,68,0,20,0.2083740234375,0,-656042.917477392,-638266.9124103524,-17785.989212229288,230.23985769393641,
20069,3f3c,69,0,20,0.2083740234375,0,-656039.5687273424,-638266.9124103524,-17787.795537173533,349.11871115988777,
20070,3f3c,70,0,20,0.2083740234375,0,-656046.8415216684,-638266.9124103524,-17788.399957034908,195.34234286700988,
20071,3f3c,71,0,20,0.2083740234375,0,-656037.1933925835,-638266.9124103524,-17787.870418496932,405.6220363209383,
20072,3f3c,72,0,20,0.2083740234375,0,-656025.9318833401,-638266.9124103524,-17786.214725520902,627.1374218067377,
20073,3f3c,73,0,20,0.2083740234375,0,-656053.604904208,-638266.9124103524,-17780.37781286215,-145.62000308467233,
20074,3f3c,74,0,20,0.2083740234375,0,-656052.3091818618,-638266.9124103524,-17780.353139273197,-116.30892242378576,
20075,3f3c,75,0,20,0.2083740234375,0,-656049.5006641602,-638266.9124103524,-17787.955190011267,123.76448902259033,
20076,3f3c,76,0,20,0.2083740234375,0,-656042.6169890229,-638266.9124103524,-17787.126260832305,263.390247797125,
20077,3f3c,77,0,20,0.2083740234375,0,-656045.5331606236,-638266.9124103524,-17780.36471073468,40.21668368165893,
20078,3f3c,78,0,20,0.2083740234375,0,-656055.4790584447,-638266.9124103524,-17785.984855457344,-59.537552548389364,
20079,3f3c,79,0,20,0.2083740234375,0,-656056.0681398124,-638266.9124103524,-17787.338042537856,-41.91685621066685,
20080,3f3c,80,0,20,0.2083740234375,0,-656050.8255213328,-638266.9124103524,-17780.758796840844,-72.74021208836305,
20081,3f3c,81,0,20,0.2083740234375,0,-656055.8516945398,-638266.9124103524,-17786.88219932979,-47.43750375038692,
20082,3f3c,82,0,20,0.2083740234375,0,-656042.6865380573,-638266.9124103524,-17782.938465375963,165.21355153809873,
20083,3f3c,83,0,20,0.2083740234375,0,-656057.2038825279,-638266.9124103524,-17788.069593434375,-51.23774098373236,
20084,3f3c,84,0,20,0.2083740234375,0,-656046.4900224783,-638266.9124103524,-17787.057113461167,172.48139829118335,
20085,3f3c,85,0,20,0.2083740234375,0,-656049.5629729086,-638266.9124103524,-17787.26419424641,106.39287426432364,
20086,3f3c,86,0,20,0.2083740234375,0,-656054.5248508867,-638266.9124103524,-17787.23491297947,-8.705992235168361,
20087,3f3c,87,0,20,0.2083740234375,0,-656053.7321054573,-638266.9124103524,-17787.088151297176,6.19074686098179,
20088,3f3c,88,0,20,0.2083740234375,0,-656046.1580202177,-638266.9124103524,-17787.168064617344,182.6961467456435,
20089,3f3c,89,0,20,0.2083740234375,0,-656056.9456194971,-638266.9124103524,-17787.031290674706,-69.22588446137787,
20090,3f3c,90,0,20,0.2083740234375,0,-656045.9659428882,-638266.9124103524,-17787.28236063692,189.76128401600107,
20091,3f3c,91,0,20,0.2083740234375,0,-656035.7659031565,-638266.9124103524,-17787.10339228362,420.85267985138825,
20092,3f3c,92,0,20,0.2083740234375,0,-656056.4994533312,-638266.9124103524,-17786.994365564995,-59.78856151153145,
20093,3f3c,93,0,20,0.2083740234375,0,-656048.948349652,-638266.9124103524,-17786.923952536472,112.72026304517097,
20094,3f3c,94,0,20,0.2083740234375,0,-656028.9777951984,-638266.9124103524,-17787.222092656524,580.1274637240176,
20095,3f3c,95,0,20,0.2083740234375,0,-656050.7716822493,-638266.9124103524,-17787.42276131495,82.1760181691255,
20096,3f3c,96,0,20,0.2083740234375,0,-656045.2100133847,-638266.9124103524,-17786.974743135317,200.09960437817313,
20097,3f3c,97,0,20,0.2083740234375,0,-656049.5679970888,-638266.9124103524,-17787.090081036287,102.26186790731614,
20098,3f3c,98,0,20,0.2083740234375,0,-656037.3779294187,-638266.9124103524,-17787.262212255704,387.34094669007135,
20099,3f3c,99,0,20,0.2083740234375,0,-656048.5440161589,-638266.9124103524,-17787.94778263552,145.6544978716584,
20100,3f3c,100,0,20,0.2083740234375,0,-656057.5324697675,-638266.9124103524,-17788.136307536213,-57.2766790028254,
