mol_id,ligand_pdb,pose_index,label,ligunity_rank,ligunity_score,formal_charge,aimnet_complex_eV,aimnet_pocket_eV,aimnet_ligand_eV,aimnet_interaction_kcal_mol,error
1001,3gc5,1,1,1,0.9150390625,1,-658567.0779846617,-633412.5415818673,-25165.229252430487,246.58297047822316,
1002,3gc5,2,1,1,0.9150390625,1,-658567.4013927113,-633412.5415818673,-25164.941494769704,232.48915438041297,
1003,3gc5,3,1,1,0.9150390625,1,-658578.3646697099,-633412.5415818673,-25164.942017602192,-20.31796242265782,
1004,3gc5,4,1,1,0.9150390625,1,-658565.8517922524,-633412.5415818673,-25165.227588518177,274.8212684527743,
1005,3gc5,5,1,1,0.9150390625,1,-658576.2444240527,-633412.5415818673,-25165.387994274533,38.86053035355499,
1006,3gc5,6,1,1,0.9150390625,1,-658570.3319638695,-633412.5415818673,-25165.224009148485,171.42351436080912,
1007,3gc5,7,1,1,0.9150390625,1,-658567.8169963554,-633412.5415818673,-25165.230966544128,229.58048436682378,
1008,3gc5,8,1,1,0.9150390625,1,-658578.569496959,-633412.5415818673,-25165.231237666452,-18.371817870950093,
1009,3gc5,9,1,1,0.9150390625,1,-658577.780431569,-633412.5415818673,-25165.391466737557,3.5194324549488525,
1010,3gc5,10,1,1,0.9150390625,1,-658555.9364593704,-633412.5415818673,-25165.39505118725,507.3360575238721,
1011,3gc5,11,1,1,0.9150390625,1,-658569.4824795832,-633412.5415818673,-25165.228712220847,191.12154280087023,
1012,3gc5,12,1,1,0.9150390625,1,-658564.0445257337,-633412.5415818673,-25165.38582243378,320.1467852292275,
1013,3gc5,13,1,1,0.9150390625,1,-658555.164604266,-633412.5415818673,-25165.22832602321,521.290685456503,
1014,3gc5,14,1,1,0.9150390625,1,-658576.4242583553,-633412.5415818673,-25165.22779285994,31.019120432369867,
1015,3gc5,15,1,1,0.9150390625,1,-658554.4500709914,-633412.5415818673,-25165.229949232897,537.8056463176025,
1016,3gc5,16,1,1,0.9150390625,1,-658576.0325972314,-633412.5415818673,-25165.223772354213,39.958325447423555,
1017,3gc5,17,1,1,0.9150390625,1,-658576.8450618756,-633412.5415818673,-25165.091982719558,18.18330448558581,
1018,3gc5,18,1,1,0.9150390625,1,-658583.2042683342,-633412.5415818673,-25165.22257228319,-125.45201333834815,
1019,3gc5,19,1,1,0.9150390625,1,-658554.8229796509,-633412.5415818673,-25164.939943045334,522.5184667790085,
1020,3gc5,20,1,1,0.9150390625,1,-658571.6756319379,-633412.5415818673,-25165.229970920638,140.5752743326489,
1021,3gc5,21,1,1,0.9150390625,1,-658565.2253536665,-633412.5415818673,-25164.938749036337,282.60648874009604,
1022,3gc5,22,1,1,0.9150390625,1,-658576.1764220872,-633412.5415818673,-25164.939023568546,30.075182489499802,
1023,3gc5,23,1,1,0.9150390625,1,-658571.2735393902,-633412.5415818673,-25165.363055770802,152.916758314831,
1024,3gc5,24,1,1,0.9150390625,1,-658565.4134868804,-633412.5415818673,-25165.228651319918,284.95333923910607,
1025,3gc5,25,1,1,0.9150390625,1,-658571.7601266989,-633412.5415818673,-25165.392020122617,142.36372222928517,
1026,3gc5,26,1,1,0.9150390625,1,-658569.307058357,-633412.5415818673,-25164.939758640554,188.50342451869295,
1027,3gc5,27,1,1,0.9150390625,1,-658567.3673763276,-633412.5415818673,-25165.39019497173,243.62086329405324,
1028,3gc5,28,1,1,0.9150390625,1,-658552.9202084583,-633412.5415818673,-25165.22864129829,573.0549527476632,
1029,3gc5,29,1,1,0.9150390625,1,-658580.5232484996,-633412.5415818673,-25165.09289158901,-66.61673505872628,
1030,3gc5,30,1,1,0.9150390625,1,-658579.5930156511,-633412.5415818673,-25164.938431443832,-48.72699152794982,
1031,3gc5,31,1,1,0.9150390625,1,-658543.8178936888,-633412.5415818673,-25165.22726080495,782.9274829268935,
1032,3gc5,32,1,1,0.9150390625,1,-658563.8074614063,-633412.5415818673,-25165.387625278094,325.6551930664967,
1033,3gc5,33,1,1,0.9150390625,1,-658567.595590537,-633412.5415818673,-25165.232214339445,234.71499867736267,
1034,3gc5,34,1,1,0.9150390625,1,-658554.973641197,-633412.5415818673,-25165.227682063938,525.6795483916075,
1035,3gc5,35,1,1,0.9150390625,1,-658564.5648500897,-633412.5415818673,-25164.943653590202,297.9511647628606,
1036,3gc5,36,1,1,0.9150390625,1,-658578.4010555764,-633412.5415818673,-25165.086944765448,-17.81494065640296,
1037,3gc5,37,1,1,0.9150390625,1,-658576.30960401,-633412.5415818673,-25164.942608849848,27.086612941388402,
1038,3gc5,38,1,1,0.9150390625,1,-658575.8715626167,-633412.5415818673,-25165.37060362144,47.05788134481532,
1039,3gc5,39,1,1,0.9150390625,1,-658570.9402337205,-633412.5415818673,-25165.233519189685,157.61578512887158,
1040,3gc5,40,1,1,0.9150390625,1,-658561.093857578,-633412.5415818673,-25164.941590789025,377.9465842738999,
1041,3gc5,41,1,1,0.9150390625,1,-658578.3802949971,-633412.5415818673,-25165.359766614267,-11.044769031281149,
1042,3gc5,42,1,1,0.9150390625,1,-658579.8108760354,-633412.5415818673,-25165.22530958142,-47.13540432623287,
1043,3gc5,43,1,1,0.9150390625,1,-658564.8461140429,-633412.5415818673,-25165.227611705006,298.01329360558805,
1044,3gc5,44,1,1,0.9150390625,1,-658562.4524141065,-633412.5415818673,-25165.228322637373,353.22971997214836,
1045,3gc5,45,1,1,0.9150390625,1,-658575.9848155857,-633412.5415818673,-25165.388465106585,44.858101468940085,
1046,3gc5,46,1,1,0.9150390625,1,-658579.6499693188,-633412.5415818673,-25164.945952677423,-49.866930538262956,
1047,3gc5,47,1,1,0.9150390625,1,-658562.4619904055,-633412.5415818673,-25165.227666423692,352.9937526241692,
1048,3gc5,48,1,1,0.9150390625,1,-658578.8992143132,-633412.5415818673,-25165.22639738449,-26.086900243327943,
1049,3gc5,49,1,1,0.9150390625,1,-658572.3729859969,-633412.5415818673,-25165.089334212975,121.25074817713153,
1050,3gc5,50,1,1,0.9150390625,1,-658578.8379282351,-633412.5415818673,-25165.093200605184,-27.745200406060764,
1051,3gc5,51,1,1,0.9150390625,1,-658556.1774694299,-633412.5415818673,-25165.39209497101,501.71006155339154,
1052,3gc5,52,1,1,0.9150390625,1,-658583.6248678333,-633412.5415818673,-25165.386606015152,-131.3685604839409,
1053,3gc5,53,1,1,0.9150390625,1,-658573.4268613784,-633412.5415818673,-25165.226688166233,100.11526194391382,
1054,3gc5,54,1,1,0.9150390625,1,-658565.8457990789,-633412.5415818673,-25165.227583477932,274.95935808514116,
1055,3gc5,55,1,1,0.9150390625,1,-658569.383665663,-633412.5415818673,-25165.223662784498,193.28380316740478,
1056,3gc5,56,1,1,0.9150390625,1,-658575.8661936476,-633412.5415818673,-25165.368617489767,47.13589142805807,
1057,3gc5,57,1,1,0.9150390625,1,-658573.1906877798,-633412.5415818673,-25165.08854770641,102.37595982881312,
1058,3gc5,58,1,1,0.9150390625,1,-658562.792513859,-633412.5415818673,-25165.226181013644,345.3374463452863,
1059,3gc5,59,1,1,0.9150390625,1,-658577.4587312455,-633412.5415818673,-25165.08916375409,3.9667457423525243,
1060,3gc5,60,1,1,0.9150390625,1,-658565.7548269188,-633412.5415818673,-25165.230450906543,277.1233504091539,
1061,3gc5,61,1,1,0.9150390625,1,-658575.1803188397,-633412.5415818673,-25165.23358656556,59.83865315470838,
1062,3gc5,62,1,1,0.9150390625,1,-658562.3086919155,-633412.5415818673,-25165.389722244043,360.2659957811865,
1063,3gc5,63,1,1,0.9150390625,1,-658571.8540363827,-633412.5415818673,-25165.223222086668,136.305538290916,
1064,3gc5,64,1,1,0.9150390625,1,-658573.678191215,-633412.5415818673,-25165.22714018003,94.32988190999315,
1065,3gc5,65,1,1,0.9150390625,1,-658580.3245753335,-633412.5415818673,-25165.387874103344,-55.23276462819726,
1066,3gc5,66,1,1,0.9150390625,1,-658576.6316382545,-633412.5415818673,-25165.23148666533,26.322007523136772,
1067,3gc5,67,1,1,0.9150390625,1,-658578.3524848523,-633412.5415818673,-25165.389744037195,-9.71215606120947,
1068,3gc5,68,1,1,0.9150390625,1,-658563.8413626911,-633412.5415818673,-25165.227980245127,321.1919089482335,
1069,3gc5,69,1,1,0.9150390625,1,-658579.1131317606,-633412.5415818673,-25165.2290018772,-30.95989274148648,
1070,3gc5,70,1,1,0.9150390625,1,-658577.0023862523,-633412.5415818673,-25164.941188944533,11.077931111811782,
1071,3gc5,71,1,1,0.9150390625,1,-658574.9995735544,-633412.5415818673,-25164.937548470065,57.17993779194636,
1072,3gc5,72,1,1,0.9150390625,1,-658554.0774842466,-633412.5415818673,-25165.228896155837,546.3734162340787,
1073,3gc5,73,1,1,0.9150390625,1,-658565.3046999518,-633412.5415818673,-25164.940429338105,280.8154686116267,
1074,3gc5,74,1,1,0.9150390625,1,-658550.4540640702,-633412.5415818673,-25165.23020953558,629.9617577771475,
1075,3gc5,75,1,1,0.9150390625,1,-658570.71441507,-633412.5415818673,-25165.229028123085,162.71972046242442,
1076,3gc5,76,1,1,0.9150390625,1,-658583.1689331857,-633412.5415818673,-25165.22614636482,-124.55474517696804,
1077,3gc5,77,1,1,0.9150390625,1,-658576.6134548752,-633412.5415818673,-25164.941351867485,20.05065882860308,
1078,3gc5,78,1,1,0.9150390625,1,-658558.1699469598,-633412.5415818673,-25165.224978737922,451.90864628700314,
1079,3gc5,79,1,1,0.9150390625,1,-658582.0992141909,-633412.5415818673,-25164.942039273203,-106.43810430506747,
1080,3gc5,80,1,1,0.9150390625,1,-658579.745835344,-633412.5415818673,-25165.225046691277,-45.64159274181223,
1081,3gc5,81,1,1,0.9150390625,1,-658574.7944038606,-633412.5415818673,-25164.85000305365,59.89241806659249,
1082,3gc5,82,1,1,0.9150390625,1,-658565.1757765955,-633412.5415818673,-25165.06105095223,286.57011233801745,
1083,3gc5,83,1,1,0.9150390625,1,-658564.2271557363,-633412.5415818673,-25164.70376343483,300.206583150085,
1084,3gc5,84,1,1,0.9150390625,1,-658583.0494248786,-633412.5415818673,-25165.212120889515,-122.12225328689722,
1085,3gc5,85,1,1,0.9150390625,1,-658580.7882789506,-633412.5415818673,-25165.082538319362,-72.96723452057265,
1086,3gc5,86,1,1,0.9150390625,1,-658575.2385350489,-633412.5415818673,-25165.02909392596,53.78044318208449,
1087,3gc5,87,1,1,0.9150390625,1,-658569.2318135343,-633412.5415818673,-25164.59647035814,182.32219549696939,
1088,3gc5,88,1,1,0.9150390625,1,-658578.5963724721,-633412.5415818673,-25164.930279132936,-25.931850584384375,
1089,3gc5,89,1,1,0.9150390625,1,-658575.690932192,-633412.5415818673,-25164.480365441563,30.69393776425947,
1090,3gc5,90,1,1,0.9150390625,1,-658576.8875304327,-633412.5415818673,-25165.018188559734,15.502222542945901,
1091,3gc5,91,1,1,0.9150390625,1,-658578.6049998158,-633412.5415818673,-25164.486499907387,-36.36459391319549,
1092,3gc5,92,1,1,0.9150390625,1,-658563.7705898964,-633412.5415818673,-25164.88646627067,314.9484690244197,
1093,3gc5,93,1,1,0.9150390625,1,-658582.6156757491,-633412.5415818673,-25164.92732970062,-118.6872015748546,
1094,3gc5,94,1,1,0.9150390625,1,-658577.6032120725,-633412.5415818673,-25165.048972046156,-0.29190408327479933,
1095,3gc5,95,1,1,0.9150390625,1,-658575.2448172774,-633412.5415818673,-25164.664920788666,45.23753949979965,
1096,3gc5,96,1,1,0.9150390625,1,-658583.0617071362,-633412.5415818673,-25165.04789306649,-126.1926724452703,
1097,3gc5,97,1,1,0.9150390625,1,-658573.3304173327,-633412.5415818673,-25165.099228072297,99.40001487910995,
1098,3gc5,98,1,1,0.9150390625,1,-658580.447800659,-633412.5415818673,-25165.051044049793,-65.84189370121194,
1099,3gc5,99,1,1,0.9150390625,1,-658564.0130054045,-633412.5415818673,-25164.59017500788,302.5255957667772,
1100,3gc5,100,1,1,0.9150390625,1,-658576.7950470604,-633412.5415818673,-25164.330047926513,1.7660397870700522,
2001,3ge7,1,1,2,0.9150390625,1,-664978.4580098068,-633412.5415818673,-31561.30237417624,-106.40260750179584,
2002,3ge7,2,1,2,0.9150390625,1,-664952.9174343782,-633412.5415818673,-31560.889113162528,473.0470284184683,
2003,3ge7,3,1,2,0.9150390625,1,-664955.7495018545,-633412.5415818673,-31561.635436396187,424.948623547404,
2004,3ge7,4,1,2,0.9150390625,1,-664970.9445553464,-633412.5415818673,-31561.035005727343,60.69610555173982,
2005,3ge7,5,1,2,0.9150390625,1,-664979.4070708,-633412.5415818673,-31561.328416982546,-127.68791254813335,
2006,3ge7,6,1,2,0.9150390625,1,-664976.833195796,-633412.5415818673,-31561.688735624226,-60.02379963854607,
2007,3ge7,7,1,2,0.9150390625,1,-664946.0197108559,-633412.5415818673,-31560.878647712703,631.8709726199157,
2008,3ge7,8,1,2,0.9150390625,1,-664969.0932019816,-633412.5415818673,-31561.638037708803,117.29557622310222,
2009,3ge7,9,1,2,0.9150390625,1,-664974.9683026798,-633412.5415818673,-31561.40447983101,-23.573437049633554,
2010,3ge7,10,1,2,0.9150390625,1,-664975.7827078516,-633412.5415818673,-31561.355264522816,-43.48899843564107,
2011,3ge7,11,1,2,0.9150390625,1,-664950.2275024205,-633412.5415818673,-31561.064487577096,539.1225630639939,
2012,3ge7,12,1,2,0.9150390625,1,-664953.5555125216,-633412.5415818673,-31547.027471118316,138.6755374998097,
2013,3ge7,13,1,2,0.9150390625,1,-664935.1662473814,-633412.5415818673,-31560.319673782913,869.2675411585334,
2014,3ge7,14,1,2,0.9150390625,1,-664962.4485635136,-633412.5415818673,-31560.82037079933,251.66873255725125,
2015,3ge7,15,1,2,0.9150390625,1,-664979.4326654641,-633412.5415818673,-31561.057951954306,-134.51521124532474,
2016,3ge7,16,1,2,0.9150390625,1,-664971.7100621361,-633412.5415818673,-31560.859389936602,38.99330327170578,
2017,3ge7,17,1,2,0.9150390625,1,-664948.9371734511,-633412.5415818673,-31561.47319311005,578.3032294732703,
2018,3ge7,18,1,2,0.9150390625,1,-664935.4799409002,-633412.5415818673,-31561.588095441704,891.2840950945015,
2019,3ge7,19,1,2,0.9150390625,1,-664975.8346656263,-633412.5415818673,-31561.382253589236,-44.064790526604995,
2020,3ge7,20,1,2,0.9150390625,1,-664954.7957249598,-633412.5415818673,-31561.36039775817,440.60069958054595,
2021,3ge7,21,1,2,0.9150390625,1,-664977.0135800124,-633412.5415818673,-31561.282835306512,-73.54384217900406,
2022,3ge7,22,1,2,0.9150390625,1,-664971.4044318787,-633412.5415818673,-31561.841474192315,68.688705392447,
2023,3ge7,23,1,2,0.9150390625,1,-664940.9504101623,-633412.5415818673,-31560.90250506794,749.3219874134948,
2024,3ge7,24,1,2,0.9150390625,1,-664969.6997845963,-633412.5415818673,-31561.061213009893,90.0055552642712,
2025,3ge7,25,1,2,0.9150390625,1,-664962.4230484193,-633412.5415818673,-31561.469523437172,267.22694006368033,
2026,3ge7,26,1,2,0.9150390625,1,-664976.876294809,-633412.5415818673,-31561.017703719892,-76.49204981599284,
2027,3ge7,27,1,2,0.9150390625,1,-664945.9366135843,-633412.5415818673,-31560.911501675335,634.5448716034231,
2028,3ge7,28,1,2,0.9150390625,1,-664969.1822833297,-633412.5415818673,-31560.84707489865,97.001275820152,
2029,3ge7,29,1,2,0.9150390625,1,-664976.1592710833,-633412.5415818673,-31560.098005613097,-81.16583207438893,
2030,3ge7,30,1,2,0.9150390625,1,-664973.4999649726,-633412.5415818673,-31560.515609392045,-10.21060439371836,
2031,3ge7,31,1,2,0.9150390625,1,-664980.5161059329,-633412.5415818673,-31561.556318446095,-148.00733767578288,
2032,3ge7,32,1,2,0.9150390625,1,-664955.3109269874,-633412.5415818673,-31561.807783903594,439.0368281852879,
2033,3ge7,33,1,2,0.9150390625,1,-664967.3342683372,-633412.5415818673,-31561.41171565486,152.63843911043458,
2034,3ge7,34,1,2,0.9150390625,1,-664945.8897317568,-633412.5415818673,-31560.896486416663,635.2797321386722,
2035,3ge7,35,1,2,0.9150390625,1,-664967.3245655397,-633412.5415818673,-31561.40495036984,152.7061797578078,
2036,3ge7,36,1,2,0.9150390625,1,-664955.9113058852,-633412.5415818673,-31559.791722405767,378.7002792973672,
2037,3ge7,37,1,2,0.9150390625,1,-664957.5978612271,-633412.5415818673,-31561.01511260235,368.0194373094826,
2038,3ge7,38,1,2,0.9150390625,1,-664973.8072989548,-633412.5415818673,-31561.776196718678,11.771939950267058,
2039,3ge7,39,1,2,0.9150390625,1,-664957.1653252288,-633412.5415818673,-31561.30031485361,384.57087454318287,
2040,3ge7,40,1,2,0.9150390625,1,-664980.3622268122,-633412.5415818673,-31561.62578854314,-142.85678235673467,
2041,3ge7,41,1,2,0.9150390625,1,-664972.5038388735,-633412.5415818673,-31560.491861811934,12.212976953816531,
2042,3ge7,42,1,2,0.9150390625,1,-664975.3235868978,-633412.5415818673,-31561.571333728454,-27.918743469032222,
2043,3ge7,43,1,2,0.9150390625,1,-664969.238168405,-633412.5415818673,-31561.918353093504,120.41679741913744,
2044,3ge7,44,1,2,0.9150390625,1,-664968.1037407597,-633412.5415818673,-31561.064246551683,126.88115563522771,
2045,3ge7,45,1,2,0.9150390625,1,-664966.4473197743,-633412.5415818673,-31557.07890920388,73.17506846542905,
2046,3ge7,46,1,2,0.9150390625,1,-664974.7704393229,-633412.5415818673,-31561.602490659585,-14.444361460372665,
2047,3ge7,47,1,2,0.9150390625,1,-664962.464697717,-633412.5415818673,-31561.515090511875,267.3172861477771,
2048,3ge7,48,1,2,0.9150390625,1,-664968.896480918,-633412.5415818673,-31560.93211893277,105.55319801981734,
2049,3ge7,49,1,2,0.9150390625,1,-664950.2801854477,-633412.5415818673,-31561.896422513786,557.0925389969256,
2050,3ge7,50,1,2,0.9150390625,1,-664949.483315218,-633412.5415818673,-31558.810454946502,504.3047003534671,
2051,3ge7,51,1,2,0.9150390625,1,-664960.6231757205,-633412.5415818673,-31561.282339660364,304.4164300861983,
2052,3ge7,52,1,2,0.9150390625,1,-664960.4296328635,-633412.5415818673,-31560.645717339714,294.1987749209242,
2053,3ge7,53,1,2,0.9150390625,1,-664970.9887183751,-633412.5415818673,-31561.059857076052,60.25076763140789,
2054,3ge7,54,1,2,0.9150390625,1,-664969.8666709195,-633412.5415818673,-31561.18205021497,88.94363737485433,
2055,3ge7,55,1,2,0.9150390625,1,-664975.7444013486,-633412.5415818673,-31561.377399906825,-42.09517540986593,
2056,3ge7,56,1,2,0.9150390625,1,-664975.9801452863,-633412.5415818673,-31559.896165889313,-81.68962766933996,
2057,3ge7,57,1,2,0.9150390625,1,-664973.7160041775,-633412.5415818673,-31560.39108680415,-18.064145904692943,
2058,3ge7,58,1,2,0.9150390625,1,-664976.9219392021,-633412.5415818673,-31561.298267466107,-71.0746808365498,
2059,3ge7,59,1,2,0.9150390625,1,-664972.870934436,-633412.5415818673,-31561.452875482326,25.909053888037633,
2060,3ge7,60,1,2,0.9150390625,1,-664957.2888219263,-633412.5415818673,-31561.48806667014,386.052632788483,
2061,3ge7,61,1,2,0.9150390625,1,-664972.3691566493,-633412.5415818673,-31559.887853734894,1.3900656746904605,
2062,3ge7,62,1,2,0.9150390625,1,-664958.7330186634,-633412.5415818673,-31557.111265022126,251.8172211084127,
2063,3ge7,63,1,2,0.9150390625,1,-664977.4041272531,-633412.5415818673,-31561.483090302463,-77.93208559164964,
2064,3ge7,64,1,2,0.9150390625,1,-664965.8300401631,-633412.5415818673,-31561.466252537895,188.58441526730175,
2065,3ge7,65,1,2,0.9150390625,1,-664966.1155290877,-633412.5415818673,-31561.676047596502,186.8388732502246,
2066,3ge7,66,1,2,0.9150390625,1,-664968.2037064325,-633412.5415818673,-31561.76103362054,140.64418398478796,
2067,3ge7,67,1,2,0.9150390625,1,-664974.7640620372,-633412.5415818673,-31561.562183004044,-15.226814377108193,
2068,3ge7,68,1,2,0.9150390625,1,-664957.1926171789,-633412.5415818673,-31561.08057875322,378.87427236995336,
2069,3ge7,69,1,2,0.9150390625,1,-664945.6373201752,-633412.5415818673,-31561.26678021663,649.6396593741028,
2070,3ge7,70,1,2,0.9150390625,1,-664961.438421658,-633412.5415818673,-31561.20407374737,283.81155731935206,
2071,3ge7,71,1,2,0.9150390625,1,-664960.1145651501,-633412.5415818673,-31556.790392579987,212.55850797100456,
2072,3ge7,72,1,2,0.9150390625,1,-664955.8707473645,-633412.5415818673,-31561.057657940943,408.8287479634013,
2073,3ge7,73,1,2,0.9150390625,1,-664966.5991982323,-633412.5415818673,-31561.539122911356,172.52763955673007,
2074,3ge7,74,1,2,0.9150390625,1,-664923.603915858,-633412.5415818673,-31542.179840864712,717.5867556376895,
2075,3ge7,75,1,2,0.9150390625,1,-664939.0838372225,-633412.5415818673,-31560.81238369234,790.2879336782811,
2076,3ge7,76,1,2,0.9150390625,1,-664942.8505497331,-633412.5415818673,-31561.092318507373,709.8809298547114,
2077,3ge7,77,1,2,0.9150390625,1,-664946.9179730203,-633412.5415818673,-31561.423643929957,623.7244663479105,
2078,3ge7,78,1,2,0.9150390625,1,-664975.6882898272,-633412.5415818673,-31559.78741661182,-77.46709881027952,
2079,3ge7,79,1,2,0.9150390625,1,-664952.1338614789,-633412.5415818673,-31561.041134714724,494.62234901711594,
2080,3ge7,80,1,2,0.9150390625,1,-664954.2075724816,-633412.5415818673,-31559.649734232575,414.7149798820691,
2081,3ge7,81,1,2,0.9150390625,1,-664961.7794647926,-633412.5415818673,-31561.847552954743,290.7858988419762,
2082,3ge7,82,1,2,0.9150390625,1,-664956.1338206893,-633412.5415818673,-31560.380820107992,387.1538817533763,
2083,3ge7,83,1,2,0.9150390625,1,-664976.9271021382,-633412.5415818673,-31561.042342553486,-77.09550965888823,
2084,3ge7,84,1,2,0.9150390625,1,-664949.7383459444,-633412.5415818673,-31561.336556538336,556.6768386717785,
2085,3ge7,85,1,2,0.9150390625,1,-664970.173825973,-633412.5415818673,-31560.77183261679,72.40063102880112,
2086,3ge7,86,1,2,0.9150390625,1,-664982.4106438418,-633412.5415818673,-31561.488233290576,-193.26650072759244,
2087,3ge7,87,1,2,0.9150390625,1,-664983.1424081553,-633412.5415818673,-31561.660400543107,-206.17111551599783,
2088,3ge7,88,1,2,0.9150390625,1,-664963.8596314894,-633412.5415818673,-31561.16856546667,227.15829178954812,
2089,3ge7,89,1,2,0.9150390625,1,-664979.9387840763,-633412.5415818673,-31561.438197002957,-137.41792457656868,
2090,3ge7,90,1,2,0.9150390625,1,-664971.575747179,-633412.5415818673,-31561.50025633345,56.86940996122004,
2091,3ge7,91,1,2,0.9150390625,1,-664978.152505508,-633412.5415818673,-31561.348456455355,-98.2948284059282,
2092,3ge7,92,1,2,0.9150390625,1,-664954.9888655383,-633412.5415818673,-31559.784288726914,399.8008343314887,
2093,3ge7,93,1,2,0.9150390625,1,-664978.5146723808,-633412.5415818673,-31561.126964813848,-111.7543134898601,
2094,3ge7,94,1,2,0.9150390625,1,-664977.2497853726,-633412.5415818673,-31561.829019705776,-66.39555572380898,
2095,3ge7,95,1,2,0.9150390625,1,-664946.8760686073,-633412.5415818673,-31561.199751189677,619.5277158226401,
2096,3ge7,96,1,2,0.9150390625,1,-664968.1087364684,-633412.5415818673,-31560.79003299691,120.44243706005888,
2097,3ge7,97,1,2,0.9150390625,1,-664978.0506748843,-633412.5415818673,-31561.270961116134,-97.7336434143522,
2098,3ge7,98,1,2,0.9150390625,1,-664948.2629421406,-633412.5415818673,-31561.281434905,589.4293235982468,
2099,3ge7,99,1,2,0.9150390625,1,-664952.8745281764,-633412.5415818673,-31561.230667475906,481.912898517569,
2100,3ge7,100,1,2,0.9150390625,1,-664983.2380484041,-633412.5415818673,-31561.545852999046,-211.01816116787157,
3001,3rr4,1,1,3,0.9150390625,0,-655969.595713866,-633412.5415818673,-22578.723900769135,499.71673920952077,
3002,3rr4,2,1,3,0.9150390625,0,-655984.7723817754,-633412.5415818673,-22578.72385663237,149.73344515535646,
3003,3rr4,3,1,3,0.9150390625,0,-655979.7720951336,-633412.5415818673,-22578.744061718502,265.50873478243744,
3004,3rr4,4,1,3,0.9150390625,0,-655987.9746351067,-633412.5415818673,-22578.3921921114,68.2393634933552,
3005,3rr4,5,1,3,0.9150390625,0,-655995.0658428174,-633412.5415818673,-22578.384626470815,-95.46223891216724,
3006,3rr4,6,1,3,0.9150390625,0,-655986.5798554781,-633412.5415818673,-22578.303412411256,98.35643731046765,
3007,3rr4,7,1,3,0.9150390625,0,-655974.0901583988,-633412.5415818673,-22578.245638150096,385.0433880845243,
3008,3rr4,8,1,3,0.9150390625,0,-655977.8047663452,-633412.5415818673,-22578.56708143476,306.7951521067657,
3009,3rr4,9,1,3,0.9150390625,0,-655982.1680628122,-633412.5415818673,-22578.40925603376,202.5356050217435,
3010,3rr4,10,1,3,0.9150390625,0,-655991.7636357972,-633412.5415818673,-22578.72382411175,-11.489452552830157,
3011,3rr4,11,1,3,0.9150390625,0,-655993.2354608302,-633412.5415818673,-22578.733075705284,-45.2171973084807,
3012,3rr4,12,1,3,0.9150390625,0,-655982.6025843901,-633412.5415818673,-22578.301779870835,190.0368401953068,
3013,3rr4,13,1,3,0.9150390625,0,-655988.319815292,-633412.5415818673,-22578.394185442874,60.325286636313045,
3014,3rr4,14,1,3,0.9150390625,0,-655980.3756193464,-633412.5415818673,-22578.567043311035,247.50899435297538,
3015,3rr4,15,1,3,0.9150390625,0,-655989.5023554668,-633412.5415818673,-22578.634276435332,38.59189218884104,
3016,3rr4,16,1,3,0.9150390625,0,-655977.3483690711,-633412.5415818673,-22578.570389499295,317.39620905500914,
3017,3rr4,17,1,3,0.9150390625,0,-655991.9220875045,-633412.5415818673,-22578.389746189026,-22.847455644759137,
3018,3rr4,18,1,3,0.9150390625,0,-655969.7868697388,-633412.5415818673,-22578.41241631582,488.1255779254624,
3019,3rr4,19,1,3,0.9150390625,0,-655987.5167524501,-633412.5415818673,-22578.42117407554,79.46672836695814,
3020,3rr4,20,1,3,0.9150390625,0,-655990.4590334082,-633412.5415818673,-22578.576277990363,15.192898849017684,
3021,3rr4,21,1,3,0.9150390625,0,-655882.0312456734,-633412.5415818673,-22578.155659306958,2505.8973868079415,
3022,3rr4,22,1,3,0.9150390625,0,-655991.5611286657,-633412.5415818673,-22577.913071674873,-25.5159225101803,
3023,3rr4,23,1,3,0.9150390625,0,-655991.8534217959,-633412.5415818673,-22578.08914922346,-28.195917488373286,
3024,3rr4,24,1,3,0.9150390625,0,-655972.6164597931,-633412.5415818673,-22578.12778245454,416.3098683666147,
3025,3rr4,25,1,3,0.9150390625,0,-655972.4395584387,-633412.5415818673,-22578.091425134906,419.5508908012228,
3026,3rr4,26,1,3,0.9150390625,0,-655971.5173100305,-633412.5415818673,-22578.57926301578,452.06825311570606,
3027,3rr4,27,1,3,0.9150390625,0,-655980.6327634823,-633412.5415818673,-22578.386926347714,237.42551386016387,
3028,3rr4,28,1,3,0.9150390625,0,-655961.34878887,-633412.5415818673,-22578.15204238199,676.7079798441239,
3029,3rr4,29,1,3,0.9150390625,0,-655984.5910815701,-633412.5415818673,-22578.38870931627,146.18564649807382,
3030,3rr4,30,1,3,0.9150390625,0,-655956.1191019992,-633412.5415818673,-22577.93130155546,792.2170196795586,
3031,3rr4,31,1,3,0.9150390625,0,-655988.517706132,-633412.5415818673,-22578.41418927866,56.223114867096854,
3032,3rr4,32,1,3,0.9150390625,0,-655985.9188333369,-633412.5415818673,-22577.930415683237,104.99846112815973,
3033,3rr4,33,1,3,0.9150390625,0,-655954.7220041831,-633412.5415818673,-22578.08806625279,828.0499404928527,
3034,3rr4,34,1,3,0.9150390625,0,-655970.8289055302,-633412.5415818673,-22578.151426365846,458.0770904937445,
3035,3rr4,35,1,3,0.9150390625,0,-655991.167545861,-633412.5415818673,-22577.81998645058,-18.586283683968762,
3036,3rr4,36,1,3,0.9150390625,0,-655976.4475915515,-633412.5415818673,-22578.09011663146,327.09327669193146,
3037,3rr4,37,1,3,0.9150390625,0,-655991.6916035068,-633412.5415818673,-22578.619598787904,-12.2318415405238,
3038,3rr4,38,1,3,0.9150390625,0,-655979.8459871609,-633412.5415818673,-22578.629156835446,261.1549745992346,
3039,3rr4,39,1,3,0.9150390625,0,-655992.2611876226,-633412.5415818673,-22577.828969440416,-43.59910916955088,
3040,3rr4,40,1,3,0.9150390625,0,-655986.6918328042,-633412.5415818673,-22578.723718711783,105.46667237274983,
3041,3rr4,41,1,3,0.9150390625,0,-655977.1847683674,-633412.5415818673,-22577.9145381498,306.04463949299725,
3042,3rr4,42,1,3,0.9150390625,0,-655994.2845603945,-633412.5415818673,-22578.41344184258,-76.78093996976446,
3043,3rr4,43,1,3,0.9150390625,0,-655988.994955268,-633412.5415818673,-22578.303238061715,42.65889249488108,
3044,3rr4,44,1,3,0.9150390625,0,-655979.7172265596,-633412.5415818673,-22578.61207605232,263.730372387401,
3045,3rr4,45,1,3,0.9150390625,0,-655951.675173063,-633412.5415818673,-22578.133221581407,899.3528418864138,
3046,3rr4,46,1,3,0.9150390625,0,-655992.9269806191,-633412.5415818673,-22578.735863642654,-38.03918328327561,
3047,3rr4,47,1,3,0.9150390625,0,-655993.3851831532,-633412.5415818673,-22578.573796074346,-52.34295164827405,
3048,3rr4,48,1,3,0.9150390625,0,-655982.324455474,-633412.5415818673,-22578.576558585068,202.78719304931533,
3049,3rr4,49,1,3,0.9150390625,0,-655958.4828246263,-633412.5415818673,-22577.93344117826,737.7576218539708,
3050,3rr4,50,1,3,0.9150390625,0,-655991.693328655,-633412.5415818673,-22578.30400421746,-19.54940808933164,
3051,3rr4,51,1,3,0.9150390625,0,-655977.3089832077,-633412.5415818673,-22578.16147324361,308.87463577032133,
3052,3rr4,52,1,3,0.9150390625,0,-655989.13570776,-633412.5415818673,-22578.97334089256,54.86600130281867,
3053,3rr4,53,1,3,0.9150390625,0,-655993.4565528695,-633412.5415818673,-22578.96788007199,-44.90098352811757,
3054,3rr4,54,1,3,0.9150390625,0,-655977.2595039635,-633412.5415818673,-22578.952322548346,328.2530724655872,
3055,3rr4,55,1,3,0.9150390625,0,-655993.6623769897,-633412.5415818673,-22578.980302072854,-49.360942351640915,
3056,3rr4,56,1,3,0.9150390625,0,-655994.6215099286,-633412.5415818673,-22578.96020619444,-71.94249532996773,
3057,3rr4,57,1,3,0.9150390625,0,-655993.2057586806,-633412.5415818673,-22578.961847882798,-39.25663772590802,
3058,3rr4,58,1,3,0.9150390625,0,-655991.3425412548,-633412.5415818673,-22578.952885515846,3.5034997480297494,
3059,3rr4,59,1,3,0.9150390625,0,-655971.9327923427,-633412.5415818673,-22578.964395644758,451.36837279390926,
3060,3rr4,60,1,3,0.9150390625,0,-655986.4831460122,-633412.5415818673,-22578.94781546907,115.44689811274631,
3061,3rr4,61,1,3,0.9150390625,0,-655993.0272769834,-633412.5415818673,-22578.97437035703,-34.851976894232585,
3062,3rr4,62,1,3,0.9150390625,0,-655983.8319406961,-633412.5415818673,-22578.909734859775,175.70698540070632,
3063,3rr4,63,1,3,0.9150390625,0,-655995.3582010615,-633412.5415818673,-22578.92544324545,-89.73264908415521,
3064,3rr4,64,1,3,0.9150390625,0,-655950.3948548653,-633412.5415818673,-22578.93206428454,947.2994312871415,
3065,3rr4,65,1,3,0.9150390625,0,-655996.1413708702,-633412.5415818673,-22578.97240530755,-106.71000303744651,
3066,3rr4,66,1,3,0.9150390625,0,-655993.6684995994,-633412.5415818673,-22578.955938823983,-50.06396295176193,
3067,3rr4,67,1,3,0.9150390625,0,-655984.0379144276,-633412.5415818673,-22578.968504571487,172.31238006220266,
3068,3rr4,68,1,3,0.9150390625,0,-655982.5486955364,-633412.5415818673,-22578.95398234442,206.319693019571,
3069,3rr4,69,1,3,0.9150390625,0,-655988.2511992082,-633412.5415818673,-22578.975453846022,75.31197893248813,
3070,3rr4,70,1,3,0.9150390625,0,-655977.503543094,-633412.5415818673,-22578.9642447979,322.900330029886,
3071,3rr4,71,1,3,0.9150390625,0,-655994.4113604038,-633412.5415818673,-22578.902186866282,-68.4342896526432,
3072,3rr4,72,1,3,0.9150390625,0,-655993.3976942777,-633412.5415818673,-22578.937456800883,-44.24524945447393,
3073,3rr4,73,1,3,0.9150390625,0,-655989.666707253,-633412.5415818673,-22578.959312373205,42.29735675554938,
3074,3rr4,74,1,3,0.9150390625,0,-655995.6151228556,-633412.5415818673,-22578.96745312808,-94.68863549913598,
3075,3rr4,75,1,3,0.9150390625,0,-655973.1039709965,-633412.5415818673,-22578.98388818991,424.8098602013883,
3076,3rr4,76,1,3,0.9150390625,0,-655995.0936724715,-633412.5415818673,-22578.97491780513,-82.49156443147962,
3077,3rr4,77,1,3,0.9150390625,0,-655987.5705454381,-633412.5415818673,-22578.93967798071,90.18321670088218,
3078,3rr4,78,1,3,0.9150390625,0,-655986.550454389,-633412.5415818673,-22578.9269268168,113.41302630589942,
3079,3rr4,79,1,3,0.9150390625,0,-655969.9708565824,-633412.5415818673,-22578.74471336368,491.5456924854561,
3080,3rr4,80,1,3,0.9150390625,0,-655962.0647737231,-633412.5415818673,-22578.629276204858,671.2022502918405,
3081,3rr4,81,1,3,0.9150390625,0,-655968.1284558527,-633412.5415818673,-22578.94398448098,538.6277637665497,
3082,3rr4,82,1,3,0.9150390625,0,-655982.8565407192,-633412.5415818673,-22578.96628511242,199.50432302897812,
3083,3rr4,83,1,3,0.9150390625,0,-655995.5155383088,-633412.5415818673,-22578.912278484866,-93.66451879168552,
3084,3rr4,84,1,3,0.9150390625,0,-655992.0807742544,-633412.5415818673,-22578.93134433259,-14.017309135641403,
3085,3rr4,85,1,3,0.9150390625,0,-655991.2050768072,-633412.5415818673,-22578.927524808343,6.088673409580134,
3086,3rr4,86,1,3,0.9150390625,0,-655994.5540244278,-633412.5415818673,-22578.926612982177,-71.16092058844967,
3087,3rr4,87,1,3,0.9150390625,0,-655983.8239638715,-633412.5415818673,-22578.959424254972,177.0368000217061,
3088,3rr4,88,1,3,0.9150390625,0,-655982.1797485364,-633412.5415818673,-22578.93113072544,214.3008421077266,
3089,3rr4,89,1,3,0.9150390625,0,-655992.0665284713,-633412.5415818673,-22578.967916331607,-12.845423240558263,
3090,3rr4,90,1,3,0.9150390625,0,-655990.0259788354,-633412.5415818673,-22578.968445927934,34.2229820200083,
3091,3rr4,91,1,3,0.9150390625,0,-655986.2447021994,-633412.5415818673,-22578.96022560848,121.23172767667855,
3092,3rr4,92,1,3,0.9150390625,0,-655995.4264397162,-633412.5415818673,-22578.949530345137,-90.75080813164615,
3093,3rr4,93,1,3,0.9150390625,0,-655976.6702150649,-633412.5415818673,-22578.98618909605,342.6233784415955,
3094,3rr4,94,1,3,0.9150390625,0,-655994.091821027,-633412.5415818673,-22578.96791715062,-59.54976020500862,
3095,3rr4,95,1,3,0.9150390625,0,-655989.9944152564,-633412.5415818673,-22578.988922361506,35.42305321876827,
3096,3rr4,96,1,3,0.9150390625,0,-655988.8844330771,-633412.5415818673,-22578.630025511575,52.743492382959715,
3097,3rr4,97,1,3,0.9150390625,0,-655969.6943272991,-633412.5415818673,-22578.629193226858,495.2586516080804,
3098,3rr4,98,1,3,0.9150390625,0,-655950.9781323854,-633412.5415818673,-22578.6519823376,927.3898890014615,
3099,3rr4,99,1,3,0.9150390625,0,-655967.2585920816,-633412.5415818673,-22578.651374470308,551.9395517201431,
3100,3rr4,100,1,3,0.9150390625,0,-655966.1339855033,-633412.5415818673,-22578.62932797712,577.3651912981117,
4001,1s38,1,1,4,0.9150390625,0,-649405.0164331303,-633412.5415818673,-15989.507556755892,-68.4274369084223,
4002,1s38,2,1,4,0.9150390625,0,-649403.5340791288,-633412.5415818673,-15989.507395016824,-34.24727134663713,
4003,1s38,3,1,4,0.9150390625,0,-649402.839176474,-633412.5415818673,-15989.506839585418,-18.235243991963785,
4004,1s38,4,1,4,0.9150390625,0,-649401.250527161,-633412.5415818673,-15989.501488162921,18.27647274131733,
4005,1s38,5,1,4,0.9150390625,0,-649404.1025585207,-633412.5415818673,-15989.508468610566,-47.3319598962708,
4006,1s38,6,1,4,0.9150390625,0,-649403.3010326434,-633412.5415818673,-15989.507473154572,-28.8712898253406,
4007,1s38,7,1,4,0.9150390625,0,-649402.024257144,-633412.5415818673,-15989.504460036369,0.5023684924016238,
4008,1s38,8,1,4,0.9150390625,0,-649387.4102094513,-633412.5415818673,-15989.506889985274,337.5663502600321,
4009,1s38,9,1,4,0.9150390625,0,-649403.528107545,-633412.5415818673,-15989.5078546034,-34.098965035258686,
4010,1s38,10,1,4,0.9150390625,0,-649405.093105654,-633412.5415818673,-15989.507452737458,-70.19794603168943,
4011,1s38,11,1,4,0.9150390625,0,-649400.672624728,-633412.5415818673,-15989.51209546512,31.847829641245337,
4012,1s38,12,1,4,0.9150390625,0,-649377.1400864247,-633412.5415818673,-15989.50548719919,574.3686645276241,
4013,1s38,13,1,4,0.9150390625,0,-649398.3772502928,-633412.5415818673,-15989.506912760386,84.66090558156445,
4014,1s38,14,1,4,0.9150390625,0,-649403.4579112766,-633412.5415818673,-15989.503789706163,-32.57393938787963,
4015,1s38,15,1,4,0.9150390625,0,-649400.966430503,-633412.5415818673,-15989.50565899779,24.9240790512509,
4016,1s38,16,1,4,0.9150390625,0,-649395.8814703542,-633412.5415818673,-15989.508247935899,142.24574811021037,
4017,1s38,17,1,4,0.9150390625,0,-649403.6574410957,-633412.5415818673,-15989.509016195905,-37.05468060758614,
4018,1s38,18,1,4,0.9150390625,0,-649402.2048110673,-633412.5415818673,-15989.50783855894,-3.5833933119152355,
4019,1s38,19,1,4,0.9150390625,0,-649401.7578915672,-633412.5415818673,-15989.504939307757,6.655956876664812,
4020,1s38,20,1,4,0.9150390625,0,-649402.2441826228,-633412.5415818673,-15989.504718009888,-4.563284519942542,
4021,1s38,21,1,4,0.9150390625,0,-649403.8941046282,-633412.5415818673,-15989.508178818503,-42.5315817015678,
4022,1s38,22,1,4,0.9150390625,0,-649377.1449423726,-633412.5415818673,-15989.503742586461,574.2164519830986,
4023,1s38,23,1,4,0.9150390625,0,-649378.7828381411,-633412.5415818673,-15989.504130707579,536.4546285574452,
4024,1s38,24,1,4,0.9150390625,0,-649393.6988870662,-633412.5415818673,-15989.50735449637,192.5567112110943,
4025,1s38,25,1,4,0.9150390625,0,-649392.8512561559,-633412.5415818673,-15989.50909098154,212.14358866108256,
4026,1s38,26,1,4,0.9150390625,0,-649404.5860858469,-633412.5415818673,-15989.509700165949,-58.453964586349116,
4027,1s38,27,1,4,0.9150390625,0,-649401.7442225269,-633412.5415818673,-15989.508459205692,7.052343208686344,
4028,1s38,28,1,4,0.9150390625,0,-649400.6098923732,-633412.5415818673,-15989.505528851296,33.143042396043235,
4029,1s38,29,1,4,0.9150390625,0,-649370.9549710631,-633412.5415818673,-15989.50622603842,717.0178511987726,
4030,1s38,30,1,4,0.9150390625,0,-649400.121157797,-633412.5415818673,-15989.507827084979,44.466527993665295,
4031,1s38,31,1,4,0.9150390625,0,-649401.691241995,-633412.5415818673,-15989.509066720702,8.288112928498355,
4032,1s38,32,1,4,0.9150390625,0,-649388.8265794289,-633412.5415818673,-15989.506364910725,304.8919741407467,
4033,1s38,33,1,4,0.9150390625,0,-649400.1587275111,-633412.5415818673,-15989.508410470915,43.61360300599602,
4034,1s38,34,1,4,0.9150390625,0,-649403.69606088,-633412.5415818673,-15989.510214462902,-37.917641297001566,
4035,1s38,35,1,4,0.9150390625,0,-649374.0633641124,-633412.5415818673,-15989.505295807357,645.3151529703439,
4036,1s38,36,1,4,0.9150390625,0,-649402.9296773557,-633412.5415818673,-15989.51197513348,-20.203815350519616,
4037,1s38,37,1,4,0.9150390625,0,-649405.5935947527,-633412.5415818673,-15989.509256661957,-81.69789934420211,
4038,1s38,38,1,4,0.9150390625,0,-649402.5362437848,-633412.5415818673,-15989.510264901037,-11.170460568557884,
4039,1s38,39,1,4,0.9150390625,0,-649404.8086791197,-633412.5415818673,-15989.50633730496,-63.664636817289384,
4040,1s38,40,1,4,0.9150390625,0,-649402.2775783293,-633412.5415818673,-15989.506723911563,-5.287150616872675,
4041,1s38,41,1,4,0.9150390625,0,-649399.1851976959,-633412.5415818673,-15989.50736955128,66.03972969711239,
4042,1s38,42,1,4,0.9150390625,0,-649403.6268715404,-633412.5415818673,-15989.50747310975,-36.38531432894445,
4043,1s38,43,1,4,0.9150390625,0,-649401.1885113978,-633412.5415818673,-15989.507226069165,19.8389094774016,
4044,1s38,44,1,4,0.9150390625,0,-649398.5076998112,-633412.5415818673,-15989.50832064851,81.6851348934293,
4045,1s38,45,1,4,0.9150390625,0,-649402.4555702707,-633412.5415818673,-15989.50562052001,-9.417187107244787,
4046,1s38,46,1,4,0.9150390625,0,-649389.8741609484,-633412.5415818673,-15989.510659198791,280.83319903729944,
4047,1s38,47,1,4,0.9150390625,0,-649403.3379758507,-633412.5415818673,-15989.5101828413,-29.66073356300774,
4048,1s38,48,1,4,0.9150390625,0,-649401.8162161924,-633412.5415818673,-15989.50991134708,5.425617017021748,
4049,1s38,49,1,4,0.9150390625,0,-649404.7228383754,-633412.5415818673,-15989.510907745042,-61.579705375069,
4050,1s38,50,1,4,0.9150390625,0,-649404.0393234679,-633412.5415818673,-15989.508657797765,-45.8693621747219,
4051,1s38,51,1,4,0.9150390625,0,-649403.1548130332,-633412.5415818673,-15989.504940014218,-25.557801114000206,
4052,1s38,52,1,4,0.9150390625,0,-649403.558868265,-633412.5415818673,-15989.50839044929,-34.795967190891865,
4053,1s38,53,1,4,0.9150390625,0,-649394.1431153086,-633412.5415818673,-15989.568771172053,183.72886676704857,
4054,1s38,54,1,4,0.9150390625,0,-649403.4379147548,-633412.5415818673,-15989.551028189937,-31.02346332683349,
4055,1s38,55,1,4,0.9150390625,0,-649402.8472993884,-633412.5415818673,-15989.569959207403,-16.966989785105863,
4056,1s38,56,1,4,0.9150390625,0,-649404.9760480869,-633412.5415818673,-15989.562841191433,-66.22124631418886,
4057,1s38,57,1,4,0.9150390625,0,-649403.3654953389,-633412.5415818673,-15989.565915478925,-29.010122882225232,
4058,1s38,58,1,4,0.9150390625,0,-649403.945387626,-633412.5415818673,-15989.565216596236,-42.39887332156297,
4059,1s38,59,1,4,0.9150390625,0,-649390.0748172441,-633412.5415818673,-15989.589260609173,278.0185465178893,
4060,1s38,60,1,4,0.9150390625,0,-649402.5643472928,-633412.5415818673,-15989.566094265576,-10.531087126283454,
4061,1s38,61,1,4,0.9150390625,0,-649370.4509562394,-633412.5415818673,-15989.569762079142,730.1058850541208,
4062,1s38,62,1,4,0.9150390625,0,-649403.6053205743,-633412.5415818673,-15989.567074094084,-34.51390589225049,
4063,1s38,63,1,4,0.9150390625,0,-649393.1189422542,-633412.5415818673,-15989.56734028597,207.31386145742337,
4064,1s38,64,1,4,0.9150390625,0,-649397.6578344367,-633412.5415818673,-15989.565206543055,102.59531590380782,
4065,1s38,65,1,4,0.9150390625,0,-649402.8529658411,-633412.5415818673,-15989.562197942134,-17.276640317430587,
4066,1s38,66,1,4,0.9150390625,0,-649403.1019885336,-633412.5415818673,-15989.577740780715,-22.66081365757088,
4067,1s38,67,1,4,0.9150390625,0,-649401.3291397279,-633412.5415818673,-15989.57268260726,18.105406773285164,
4068,1s38,68,1,4,0.9150390625,0,-649402.7892032331,-633412.5415818673,-15989.566252390887,-15.7127418368126,
4069,1s38,69,1,4,0.9150390625,0,-649402.9666716505,-633412.5415818673,-15989.567671774557,-19.772529000708072,
4070,1s38,70,1,4,0.9150390625,0,-649402.519437015,-633412.5415818673,-15989.554365746946,-9.765897584009878,
4071,1s38,71,1,4,0.9150390625,0,-649402.8213644729,-633412.5415818673,-15989.551169731822,-16.802212025548446,
4072,1s38,72,1,4,0.9150390625,0,-649378.1614099409,-633412.5415818673,-15989.573313900806,552.3805056270251,
4073,1s38,73,1,4,0.9150390625,0,-649398.3200986907,-633412.5415818673,-15989.559127891782,87.18296237078971,
4074,1s38,74,1,4,0.9150390625,0,-649402.6185934207,-633412.5415818673,-15989.56724318386,-11.75553786957973,
4075,1s38,75,1,4,0.9150390625,0,-649402.9588236931,-633412.5415818673,-15989.573508104026,-19.456961848172472,
4076,1s38,76,1,4,0.9150390625,0,-649403.4907791931,-633412.5415818673,-15989.57114925434,-31.778543466084162,
4077,1s38,77,1,4,0.9150390625,0,-649401.8192863667,-633412.5415818673,-15989.574346748892,6.840732782319785,
4078,1s38,78,1,4,0.9150390625,0,-649402.446562122,-633412.5415818673,-15989.555337841704,-8.062945588701087,
4079,1s38,79,1,4,0.9150390625,0,-649402.3592192366,-633412.5415818673,-15989.562865352636,-5.875182278154751,
4080,1s38,80,1,4,0.9150390625,0,-649393.4598708263,-633412.5415818673,-15989.561805741265,199.3242321804736,
4081,1s38,81,1,4,0.9150390625,0,-649402.905541065,-633412.5415818673,-15989.566799972095,-18.382928452285483,
4082,1s38,82,1,4,0.9150390625,0,-649403.5643151535,-633412.5415818673,-15989.56981274702,-33.50514358912883,
4083,1s38,83,1,4,0.9150390625,0,-649372.083559843,-633412.5415818673,-15989.558244839503,692.1915577082029,
4084,1s38,84,1,4,0.9150390625,0,-649404.5567166592,-633412.5415818673,-15989.57291012862,-56.31903866207665,
4085,1s38,85,1,4,0.9150390625,0,-649402.9726218842,-633412.5415818673,-15989.566113165074,-19.945687037309284,
4086,1s38,86,1,4,0.9150390625,0,-649402.7646958239,-633412.5415818673,-15989.564026841163,-15.198909950743994,
4087,1s38,87,1,4,0.9150390625,0,-649393.7461737971,-633412.5415818673,-15989.575643665697,193.0410389483392,
4088,1s38,88,1,4,0.9150390625,0,-649404.4647835795,-633412.5415818673,-15989.579656319504,-54.04344062144835,
4089,1s38,89,1,4,0.9150390625,0,-649402.9557577862,-633412.5415818673,-15989.572079471036,-19.419205414143885,
4090,1s38,90,1,4,0.9150390625,0,-649393.5189213637,-633412.5415818673,-15989.57190202227,198.19532020905874,
4091,1s38,91,1,4,0.9150390625,0,-649403.2269734532,-633412.5415818673,-15989.572102480271,-25.67305667022189,
4092,1s38,92,1,4,0.9150390625,0,-649403.7673418394,-633412.5415818673,-15989.576302945672,-38.03738265294628,
4093,1s38,93,1,4,0.9150390625,0,-649405.727981121,-633412.5415818673,-15989.560686905479,-83.61091302814555,
4094,1s38,94,1,4,0.9150390625,0,-649403.5798834872,-633412.5415818673,-15989.582928835127,-33.56169371542227,
4095,1s38,95,1,4,0.9150390625,0,-649401.9977125227,-633412.5415818673,-15989.568021124307,2.580255508121001,
4096,1s38,96,1,4,0.9150390625,0,-649404.1145762984,-633412.5415818673,-15989.507824184513,-47.62395725051568,
4097,1s38,97,1,4,0.9150390625,0,-649325.7300719088,-633412.5415818673,-15989.507165662872,1759.9504695354058,
4098,1s38,98,1,4,0.9150390625,0,-649404.2186691057,-633412.5415818673,-15989.507359473917,-50.03511089246085,
4099,1s38,99,1,4,0.9150390625,0,-649390.9473501743,-633412.5415818673,-15989.507470401983,256.0113321616531,
4100,1s38,100,1,4,0.9150390625,0,-649387.279928565,-633412.5415818673,-15989.507394106913,340.5823241913951,
5001,1r5y,1,1,5,0.9150390625,0,-649841.6889494414,-633412.5415818673,-16425.891887564147,-75.07315248249478,
5002,1r5y,2,1,5,0.9150390625,0,-649842.1091935601,-633412.5415818673,-16425.89188979448,-84.76416064881339,
5003,1r5y,3,1,5,0.9150390625,0,-649829.3995400048,-633412.5415818673,-16425.8918939424,208.32750872710344,
5004,1r5y,4,1,5,0.9150390625,0,-649834.1150900449,-633412.5415818673,-16425.891775877728,99.58161884303887,
5005,1r5y,5,1,5,0.9150390625,0,-649841.3048584914,-633412.5415818673,-16425.865481092573,-66.82475245915441,
5006,1r5y,6,1,5,0.9150390625,0,-649831.4786202704,-633412.5415818673,-16425.867921141686,159.82995290108593,
5007,1r5y,7,1,5,0.9150390625,0,-649837.7138479942,-633412.5415818673,-16425.8640879329,15.953789846144138,
5008,1r5y,8,1,5,0.9150390625,0,-649831.9123437467,-633412.5415818673,-16425.86653512693,149.79608966951784,
5009,1r5y,9,1,5,0.9150390625,0,-649825.0262061195,-633412.5415818673,-16425.860525318156,308.4556063093574,
5010,1r5y,10,1,5,0.9150390625,0,-649820.7993738933,-633412.5415818673,-16425.8648778932,406.02904579752413,
5011,1r5y,11,1,5,0.9150390625,0,-649837.7388737852,-633412.5415818673,-16425.862622472156,15.342887067681579,
5012,1r5y,12,1,5,0.9150390625,0,-649834.6558370396,-633412.5415818673,-16425.8675416602,86.552842575802,
5013,1r5y,13,1,5,0.9150390625,0,-649841.6884594687,-633412.5415818673,-16425.863098277467,-75.72575016461319,
5014,1r5y,14,1,5,0.9150390625,0,-649837.5139537968,-633412.5415818673,-16425.861713805243,20.50871086201107,
5015,1r5y,15,1,5,0.9150390625,0,-649842.5095545818,-633412.5415818673,-16425.86473058167,-94.62301146635272,
5016,1r5y,16,1,5,0.9150390625,0,-649840.2952383739,-633412.5415818673,-16425.864242482545,-43.570922474831214,
5017,1r5y,17,1,5,0.9150390625,0,-649836.9894400035,-633412.5415818673,-16425.868275189536,32.755595396408246,
5018,1r5y,18,1,5,0.9150390625,0,-649840.2370065501,-633412.5415818673,-16425.86268597503,-42.26395863180285,
5019,1r5y,19,1,5,0.9150390625,0,-649838.6847600085,-633412.5415818673,-16425.86500767812,-6.414763269167281,
5020,1r5y,20,1,5,0.9150390625,0,-649833.8283153615,-633412.5415818673,-16425.863193848654,105.53568289751671,
5021,1r5y,21,1,5,0.9150390625,0,-649842.653171093,-633412.5415818673,-16425.865939700467,-97.90700394886213,
5022,1r5y,22,1,5,0.9150390625,0,-649829.4739575756,-633412.5415818673,-16425.862696885084,205.93809863858556,
5023,1r5y,23,1,5,0.9150390625,0,-649837.447768112,-633412.5415818673,-16425.863996821317,22.08763661514283,
5024,1r5y,24,1,5,0.9150390625,0,-649830.9154220421,-633412.5415818673,-16425.863979776434,172.7267225398568,
5025,1r5y,25,1,5,0.9150390625,0,-649835.9685328545,-633412.5415818673,-16425.86152130221,56.142525196381904,
5026,1r5y,26,1,5,0.9150390625,0,-649840.9738379336,-633412.5415818673,-16425.86649066394,-59.16795578460856,
5027,1r5y,27,1,5,0.9150390625,0,-649835.1154666214,-633412.5415818673,-16425.862814341726,75.84451806716962,
5028,1r5y,28,1,5,0.9150390625,0,-649820.9233227518,-633412.5415818673,-16425.8661898792,403.2009723341919,
5029,1r5y,29,1,5,0.9150390625,0,-649833.6655081571,-633412.5415818673,-16425.863218098377,109.2906654339029,
5030,1r5y,30,1,5,0.9150390625,0,-649837.4615418428,-633412.5415818673,-16425.86507723604,21.79492179173278,
5031,1r5y,31,1,5,0.9150390625,0,-649837.9674644097,-633412.5415818673,-16425.863967676927,10.102483198889487,
5032,1r5y,32,1,5,0.9150390625,0,-649836.4955261846,-633412.5415818673,-16425.863832251987,44.04306206902527,
5033,1r5y,33,1,5,0.9150390625,0,-649840.5043981659,-633412.5415818673,-16425.863614742604,-48.40873788792333,
5034,1r5y,34,1,5,0.9150390625,0,-649841.669132462,-633412.5415818673,-16425.891798168268,-74.61822359873322,
5035,1r5y,35,1,5,0.9150390625,0,-649833.3561582682,-633412.5415818673,-16425.865611013654,116.47962528131457,
5036,1r5y,36,1,5,0.9150390625,0,-649836.001121744,-633412.5415818673,-16425.866037090706,55.49514410586217,
5037,1r5y,37,1,5,0.9150390625,0,-649841.0843170211,-633412.5415818673,-16425.864590542413,-61.75948190842166,
5038,1r5y,38,1,5,0.9150390625,0,-649841.5056935525,-633412.5415818673,-16425.86066961913,-71.56707420615187,
5039,1r5y,39,1,5,0.9150390625,0,-649841.3539404866,-633412.5415818673,-16425.774254110955,-70.06035432902489,
5040,1r5y,40,1,5,0.9150390625,0,-649840.4124538386,-633412.5415818673,-16425.761950629505,-48.632881474891114,
5041,1r5y,41,1,5,0.9150390625,0,-649840.708419053,-633412.5415818673,-16425.78395514475,-54.950565280907654,
5042,1r5y,42,1,5,0.9150390625,0,-649839.8657050037,-633412.5415818673,-16425.78593415785,-35.471480513880486,
5043,1r5y,43,1,5,0.9150390625,0,-649820.1482002139,-633412.5415818673,-16425.76406141973,418.7205844685817,
5044,1r5y,44,1,5,0.9150390625,0,-649838.8170367754,-633412.5415818673,-16425.782349242796,-11.371286781299483,
5045,1r5y,45,1,5,0.9150390625,0,-649840.4818414779,-633412.5415818673,-16425.784403472426,-49.71522359149947,
5046,1r5y,46,1,5,0.9150390625,0,-649840.0529317319,-633412.5415818673,-16425.77770641593,-39.97876767050293,
5047,1r5y,47,1,5,0.9150390625,0,-649843.9698465178,-633412.5415818673,-16425.789918720893,-130.02334599564782,
5048,1r5y,48,1,5,0.9150390625,0,-649839.6308738572,-633412.5415818673,-16425.778889029476,-30.218610146697902,
5049,1r5y,49,1,5,0.9150390625,0,-649833.9012185733,-633412.5415818673,-16425.774326545124,101.80516619092732,
5050,1r5y,50,1,5,0.9150390625,0,-649839.7734121006,-633412.5415818673,-16425.782609614525,-33.41982139772576,
5051,1r5y,51,1,5,0.9150390625,0,-649819.0419031905,-633412.5415818673,-16425.781675038757,444.6385795947371,
5052,1r5y,52,1,5,0.9150390625,0,-649839.2243995252,-633412.5415818673,-16425.78007889471,-20.81765042811342,
5053,1r5y,53,1,5,0.9150390625,0,-649839.6128933125,-633412.5415818673,-16425.776511770873,-29.858789821074048,
5054,1r5y,54,1,5,0.9150390625,0,-649836.5216591312,-633412.5415818673,-16425.785396611725,41.63165317009025,
5055,1r5y,55,1,5,0.9150390625,0,-649840.1968120687,-633412.5415818673,-16425.782121403743,-43.194915021048296,
5056,1r5y,56,1,5,0.9150390625,0,-649830.1808159354,-633412.5415818673,-16425.784945837575,187.84457587429736,
5057,1r5y,57,1,5,0.9150390625,0,-649839.6665911938,-633412.5415818673,-16425.772892814202,-31.18054750434265,
5058,1r5y,58,1,5,0.9150390625,0,-649840.6365302198,-633412.5415818673,-16425.78294003902,-53.316178298926054,
5059,1r5y,59,1,5,0.9150390625,0,-649839.8527991265,-633412.5415818673,-16425.776905765553,-35.382063587841174,
5060,1r5y,60,1,5,0.9150390625,0,-649839.7318326429,-633412.5415818673,-16425.778152519484,-32.563759378086104,
5061,1r5y,61,1,5,0.9150390625,0,-649828.6269320891,-633412.5415818673,-16425.782070796453,223.61168861105722,
5062,1r5y,62,1,5,0.9150390625,0,-649839.3657230462,-633412.5415818673,-16425.778118677248,-24.1218519330594,
5063,1r5y,63,1,5,0.9150390625,0,-649841.502759909,-633412.5415818673,-16425.781136246384,-73.33350592568654,
5064,1r5y,64,1,5,0.9150390625,0,-649836.3301646725,-633412.5415818673,-16425.785335015647,46.04619985503505,
5065,1r5y,65,1,5,0.9150390625,0,-649832.9157951846,-633412.5415818673,-16425.7802189062,124.66545045555648,
5066,1r5y,66,1,5,0.9150390625,0,-649836.5491106716,-633412.5415818673,-16425.787734354188,41.05251523015765,
5067,1r5y,67,1,5,0.9150390625,0,-649825.5599697261,-633412.5415818673,-16425.771848723867,294.1017942831413,
5068,1r5y,68,1,5,0.9150390625,0,-649839.426486203,-633412.5415818673,-16425.78429341821,-25.380690706068314,
5069,1r5y,69,1,5,0.9150390625,0,-649839.6724566476,-633412.5415818673,-16425.789760965294,-30.926819278547445,
5070,1r5y,70,1,5,0.9150390625,0,-649839.6265094264,-633412.5415818673,-16425.78590014,-29.956283932189915,
5071,1r5y,71,1,5,0.9150390625,0,-649839.2467205378,-633412.5415818673,-16425.76247324195,-21.738381203659245,
5072,1r5y,72,1,5,0.9150390625,0,-649841.2305226086,-633412.5415818673,-16425.790590745586,-66.83753870729416,
5073,1r5y,73,1,5,0.9150390625,0,-649840.8264627235,-633412.5415818673,-16425.891827213207,-55.18512799743772,
5074,1r5y,74,1,5,0.9150390625,0,-649841.0418641262,-633412.5415818673,-16425.78205863236,-62.68372595548289,
5075,1r5y,75,1,5,0.9150390625,0,-649839.4994099417,-633412.5415818673,-16425.78450365201,-27.057503964797544,
5076,1r5y,76,1,5,0.9150390625,0,-649840.7977357024,-633412.5415818673,-16425.766401118184,-57.4150616148544,
5077,1r5y,77,1,5,0.9150390625,0,-649840.08675149,-633412.5415818673,-16425.784345278094,-40.60557402133508,
5078,1r5y,78,1,5,0.9150390625,0,-649835.8201579797,-633412.5415818673,-16425.777104657558,57.61743702020002,
5079,1r5y,79,1,5,0.9150390625,0,-649832.6528848115,-633412.5415818673,-16425.779557645346,130.7130586507757,
5080,1r5y,80,1,5,0.9150390625,0,-649825.2648672038,-633412.5415818673,-16425.774801732798,300.9751181186284,
5081,1r5y,81,1,5,0.9150390625,0,-649839.747329362,-633412.5415818673,-16425.788729451724,-32.6772123570554,
5082,1r5y,82,1,5,0.9150390625,0,-649838.6488403507,-633412.5415818673,-16425.770332606564,-7.769695298573353,
5083,1r5y,83,1,5,0.9150390625,0,-649803.2844456749,-633412.5415818673,-16425.77808916131,807.9314900258987,
5084,1r5y,84,1,5,0.9150390625,0,-649841.3535983657,-633412.5415818673,-16425.77637128627,-70.00364161145997,
5085,1r5y,85,1,5,0.9150390625,0,-649833.319090499,-633412.5415818673,-16425.77599005429,115.26771992618053,
5086,1r5y,86,1,5,0.9150390625,0,-649839.5225956632,-633412.5415818673,-16425.781272484786,-27.666691890298303,
5087,1r5y,87,1,5,0.9150390625,0,-649840.4038752655,-633412.5415818673,-16425.77972362065,-48.025199966734995,
5088,1r5y,88,1,5,0.9150390625,0,-649841.3706945401,-633412.5415818673,-16425.740689240036,-71.22073629313226,
5089,1r5y,89,1,5,0.9150390625,0,-649841.290175043,-633412.5415818673,-16425.79618571741,-68.08413340933508,
5090,1r5y,90,1,5,0.9150390625,0,-649841.7591765233,-633412.5415818673,-16425.7699391706,-79.50482422559017,
5091,1r5y,91,1,5,0.9150390625,0,-649841.0536766911,-633412.5415818673,-16425.760365791353,-63.45637897140292,
5092,1r5y,92,1,5,0.9150390625,0,-649818.930494799,-633412.5415818673,-16425.754878294676,446.5897705371024,
5093,1r5y,93,1,5,0.9150390625,0,-649840.4180593744,-633412.5415818673,-16425.758779963522,-48.83526549621227,
5094,1r5y,94,1,5,0.9150390625,0,-649840.6863694388,-633412.5415818673,-16425.782528724685,-54.47498312549376,
5095,1r5y,95,1,5,0.9150390625,0,-649839.7547652401,-633412.5415818673,-16425.782938438613,-32.98223171578113,
5096,1r5y,96,1,5,0.9150390625,0,-649841.4592797088,-633412.5415818673,-16425.77262608771,-72.52707760980087,
5097,1r5y,97,1,5,0.9150390625,0,-649840.2150213765,-633412.5415818673,-16425.891822020385,-41.085075317500014,
5098,1r5y,98,1,5,0.9150390625,0,-649820.8604811901,-633412.5415818673,-16425.89119723843,405.2268165753604,
5099,1r5y,99,1,5,0.9150390625,0,-649833.4648675849,-633412.5415818673,-16425.89140157043,114.56747325197293,
5100,1r5y,100,1,5,0.9150390625,0,-649841.5883121239,-633412.5415818673,-16425.89208455777,-72.74785802742484,
6001,2xj7,1,0,6,0.49169921875,1,-655237.3251343546,-633412.5415818673,-21831.025247939644,143.9369165210733,
6002,2xj7,2,0,6,0.49169921875,1,-655244.2543475694,-633412.5415818673,-21831.934190014043,5.106165934963099,
6003,2xj7,3,0,6,0.49169921875,1,-655238.0390564575,-633412.5415818673,-21831.933897544237,148.4274393896636,
6004,2xj7,4,0,6,0.49169921875,1,-655240.6876115603,-633412.5415818673,-21830.731547370877,59.62345407587027,
6005,2xj7,5,0,6,0.49169921875,1,-655240.9613906018,-633412.5415818673,-21831.024460993696,60.06470800399725,
6006,2xj7,6,0,6,0.49169921875,1,-655247.414707978,-633412.5415818673,-21831.93619566438,-67.72722503394368,
6007,2xj7,7,0,6,0.49169921875,1,-655245.4197143156,-633412.5415818673,-21831.025199332315,-42.72965274809483,
6008,2xj7,8,0,6,0.49169921875,1,-655245.5517663625,-633412.5415818673,-21831.935096500514,-24.792118124595056,
6009,2xj7,9,0,6,0.49169921875,1,-655237.0218922587,-633412.5415818673,-21830.72884572557,144.09464794491691,
6010,2xj7,10,0,6,0.49169921875,1,-655236.3690103703,-633412.5415818673,-21831.935965360928,186.98730204677977,
6011,2xj7,11,0,6,0.49169921875,1,-655242.1004892592,-633412.5415818673,-21831.933396023745,54.75700866633913,
6012,2xj7,12,0,6,0.49169921875,1,-655245.7067032476,-633412.5415818673,-21830.7308058602,-56.13664948739441,
6013,2xj7,13,0,6,0.49169921875,1,-655240.9916637705,-633412.5415818673,-21830.732972569487,52.644709400729646,
6014,2xj7,14,0,6,0.49169921875,1,-655246.8067759449,-633412.5415818673,-21831.93444530156,-53.74834363168442,
6015,2xj7,15,0,6,0.49169921875,1,-655220.945336614,-633412.5415818673,-21831.02183602479,521.5853451484901,
6016,2xj7,16,0,6,0.49169921875,1,-655240.1865691027,-633412.5415818673,-21831.93395482011,98.90594213052941,
6017,2xj7,17,0,6,0.49169921875,1,-655238.0584726966,-633412.5415818673,-21831.026043088204,127.04406917233811,
6018,2xj7,18,0,6,0.49169921875,1,-655213.2827322796,-633412.5415818673,-21831.935824107677,719.3662648114276,
6019,2xj7,19,0,6,0.49169921875,1,-655237.0211153403,-633412.5415818673,-21831.026804277088,150.9836515369929,
6020,2xj7,20,0,6,0.49169921875,1,-655225.2049035352,-633412.5415818673,-21830.7301332769,416.63057325533174,
6021,2xj7,21,0,6,0.49169921875,1,-655196.9528761778,-633412.5415818673,-21831.93246306736,1095.8641850824501,
6022,2xj7,22,0,6,0.49169921875,1,-655218.713815858,-633412.5415818673,-21831.026422578907,573.1512047285834,
6023,2xj7,23,0,6,0.49169921875,1,-655223.3964533741,-633412.5415818673,-21831.025629263797,465.1487240349925,
6024,2xj7,24,0,6,0.49169921875,1,-655225.7797608871,-633412.5415818673,-21831.936385324636,431.1908808374872,
6025,2xj7,25,0,6,0.49169921875,1,-655242.653014927,-633412.5415818673,-21831.02235941837,21.006460862156185,
6026,2xj7,26,0,6,0.49169921875,1,-655230.3295802164,-633412.5415818673,-21830.73456882997,298.5550078148611,
6027,2xj7,27,0,6,0.49169921875,1,-655218.8241764517,-633412.5415818673,-21831.930547432905,591.4558434205398,
6028,2xj7,28,0,6,0.49169921875,1,-655229.3901710123,-633412.5415818673,-21831.93473293148,347.8947403678139,
6029,2xj7,29,0,6,0.49169921875,1,-655227.4304570791,-633412.5415818673,-21831.02621970475,372.1360045383143,
6030,2xj7,30,0,6,0.49169921875,1,-655245.2986502438,-633412.5415818673,-21831.026078788902,-39.917568179627615,
6031,2xj7,31,0,6,0.49169921875,1,-655227.1086394379,-633412.5415818673,-21831.026475202743,379.56318756843615,
6032,2xj7,32,0,6,0.49169921875,1,-655231.4164928638,-633412.5415818673,-21830.73405283163,273.4783075184758,
6033,2xj7,33,0,6,0.49169921875,1,-655230.3867576439,-633412.5415818673,-21830.733842368045,297.2197124042088,
6034,2xj7,34,0,6,0.49169921875,1,-655239.8339251541,-633412.5415818673,-21831.024300478977,86.06097733208566,
6035,2xj7,35,0,6,0.49169921875,1,-655207.3141141784,-633412.5415818673,-21831.831349467142,854.5966255718773,
6036,2xj7,36,0,6,0.49169921875,1,-655237.1119443713,-633412.5415818673,-21831.93437522889,169.81816766788586,
6037,2xj7,37,0,6,0.49169921875,1,-655242.7034377296,-633412.5415818673,-21831.02903426066,19.997608931697332,
6038,2xj7,38,0,6,0.49169921875,1,-655245.1827771192,-633412.5415818673,-21831.936548690537,-16.24953573327219,
6039,2xj7,39,0,6,0.49169921875,1,-655183.9368366294,-633412.5415818673,-21831.935242065585,1396.0852728760517,
6040,2xj7,40,0,6,0.49169921875,1,-655207.7697770187,-633412.5415818673,-21831.932689904817,846.4257568591811,
6041,2xj7,41,0,6,0.49169921875,1,-655200.6912517872,-633412.5415818673,-21831.933634960697,1009.6822200356418,
6042,2xj7,42,0,6,0.49169921875,1,-655223.9544124516,-633412.5415818673,-21831.932512369265,473.19510327050335,
6043,2xj7,43,0,6,0.49169921875,1,-655210.9877956462,-633412.5415818673,-21830.73213034252,744.5309231701891,
6044,2xj7,44,0,6,0.49169921875,1,-655234.4282223395,-633412.5415818673,-21830.73195249485,203.9777409745972,
6045,2xj7,45,0,6,0.49169921875,1,-655225.2448438295,-633412.5415818673,-21830.73079411598,415.7247674985285,
6046,2xj7,46,0,6,0.49169921875,1,-655237.8947970638,-633412.5415818673,-21831.931507865593,151.6990327389812,
6047,2xj7,47,0,6,0.49169921875,1,-655231.5352330944,-633412.5415818673,-21830.731626664125,270.6841440002705,
6048,2xj7,48,0,6,0.49169921875,1,-655239.8407945783,-633412.5415818673,-21831.02705422352,85.96606750330594,
6049,2xj7,49,0,6,0.49169921875,1,-655232.2219789112,-633412.5415818673,-21831.93766512663,282.6593168936492,
6050,2xj7,50,0,6,0.49169921875,1,-655235.315839753,-633412.5415818673,-21831.932651114043,211.19756509247637,
6051,2xj7,51,0,6,0.49169921875,1,-655236.9018964947,-633412.5415818673,-21830.73122376529,146.91665489862132,
6052,2xj7,52,0,6,0.49169921875,1,-655243.761629042,-633412.5415818673,-21831.02682818184,-4.455735827119947,
6053,2xj7,53,0,6,0.49169921875,1,-655206.5377510658,-633412.5415818673,-21831.02600696048,853.9283448693662,
6054,2xj7,54,0,6,0.49169921875,1,-655242.7976915682,-633412.5415818673,-21830.72580773657,10.831494017794531,
6055,2xj7,55,0,6,0.49169921875,1,-655242.4552450981,-633412.5415818673,-21830.732812001876,18.89001941494181,
6056,2xj7,56,0,6,0.49169921875,1,-655245.3989222242,-633412.5415818673,-21831.024430145877,-42.2679135909212,
6057,2xj7,57,0,6,0.49169921875,1,-655244.7272500539,-633412.5415818673,-21830.730317216177,-33.56119066454974,
6058,2xj7,58,0,6,0.49169921875,1,-655246.3728749492,-633412.5415818673,-21830.732521617905,-71.45936756348142,
6059,2xj7,59,0,6,0.49169921875,1,-655233.828313917,-633412.5415818673,-21831.026433778126,224.60285756260228,
6060,2xj7,60,0,6,0.49169921875,1,-655245.7912696726,-633412.5415818673,-21831.024809453887,-51.306913640200555,
6061,2xj7,61,0,6,0.49169921875,1,-655222.8666280283,-633412.5415818673,-21831.02753538419,477.4107429425541,
6062,2xj7,62,0,6,0.49169921875,1,-655229.9482889386,-633412.5415818673,-21831.025639394422,314.0600402381634,
6063,2xj7,63,0,6,0.49169921875,1,-655241.6405899322,-633412.5415818673,-21830.73246000017,37.66829648116638,
6064,2xj7,64,0,6,0.49169921875,1,-655235.219971114,-633412.5415818673,-21831.024944994115,192.47614803437202,
6065,2xj7,65,0,6,0.49169921875,1,-655244.5807345888,-633412.5415818673,-21831.025307203934,-23.379833051268417,
6066,2xj7,66,0,6,0.49169921875,1,-655239.3841696902,-633412.5415818673,-21831.02177180507,96.37427211305143,
6067,2xj7,67,0,6,0.49169921875,1,-655236.9134104347,-633412.5415818673,-21831.470948592567,163.7095968940629,
6068,2xj7,68,0,6,0.49169921875,1,-655216.8306176513,-633412.5415818673,-21831.406268875293,625.3382507339446,
6069,2xj7,69,0,6,0.49169921875,1,-655215.073276552,-633412.5415818673,-21831.216941078932,661.4974965059012,
6070,2xj7,70,0,6,0.49169921875,1,-655226.4547101487,-633412.5415818673,-21831.590504601827,407.64998215526305,
6071,2xj7,71,0,6,0.49169921875,1,-655247.9225437025,-633412.5415818673,-21831.6948462778,-85.00384412221995,
6072,2xj7,72,0,6,0.49169921875,1,-655246.518444989,-633412.5415818673,-21831.664885588303,-53.315468492912764,
6073,2xj7,73,0,6,0.49169921875,1,-655247.2159639255,-633412.5415818673,-21831.480823407855,-73.64521200627371,
6074,2xj7,74,0,6,0.49169921875,1,-655244.8866201333,-633412.5415818673,-21831.733369703874,-14.105412134261636,
6075,2xj7,75,0,6,0.49169921875,1,-655247.3550415516,-633412.5415818673,-21831.218630358362,-82.89873361540414,
6076,2xj7,76,0,6,0.49169921875,1,-655236.3692783428,-633412.5415818673,-21831.924324271873,186.71267256383615,
6077,2xj7,77,0,6,0.49169921875,1,-655247.6154457483,-633412.5415818673,-21831.580110534058,-80.56786616688254,
6078,2xj7,78,0,6,0.49169921875,1,-655245.6991767538,-633412.5415818673,-21831.366260619172,-41.30914955216093,
6079,2xj7,79,0,6,0.49169921875,1,-655245.2575688908,-633412.5415818673,-21831.729354636886,-22.752283343872445,
6080,2xj7,80,0,6,0.49169921875,1,-655246.6581412461,-633412.5415818673,-21831.339163752917,-64.04826467529908,
6081,2xj7,81,0,6,0.49169921875,1,-655246.4042966604,-633412.5415818673,-21832.161770688384,-39.224702885936416,
6082,2xj7,82,0,6,0.49169921875,1,-655244.8094641087,-633412.5415818673,-21831.27947288835,-22.79326116230303,
6083,2xj7,83,0,6,0.49169921875,1,-655245.1821076182,-633412.5415818673,-21831.48292807254,-26.69483663120355,
6084,2xj7,84,0,6,0.49169921875,1,-655237.4598939414,-633412.5415818673,-21832.16194024421,167.04203388282997,
6085,2xj7,85,0,6,0.49169921875,1,-655244.7189000873,-633412.5415818673,-21831.80000508077,-8.701047694920634,
6086,2xj7,86,0,6,0.49169921875,1,-655246.1236054659,-633412.5415818673,-21831.47130778024,-48.67426308618617,
6087,2xj7,87,0,6,0.49169921875,1,-655226.4012915023,-633412.5415818673,-21831.34515448491,403.22393730032866,
6088,2xj7,88,0,6,0.49169921875,1,-655138.5896885681,-633412.5415818673,-21831.162998108946,2424.0069810260256,
6089,2xj7,89,0,6,0.49169921875,1,-655241.6824683755,-633412.5415818673,-21832.257626288643,71.87372678071401,
6090,2xj7,90,0,6,0.49169921875,1,-655246.7014142955,-633412.5415818673,-21831.354545241746,-64.69145934207174,
6091,2xj7,91,0,6,0.49169921875,1,-655246.9583183369,-633412.5415818673,-21831.79976403904,-60.348817906467225,
6092,2xj7,92,0,6,0.49169921875,1,-655214.5651661922,-633412.5415818673,-21831.556640438353,681.0484530867365,
6093,2xj7,93,0,6,0.49169921875,1,-655246.629544664,-633412.5415818673,-21831.416708653174,-61.60058394670895,
6094,2xj7,94,0,6,0.49169921875,1,-655247.7440858516,-633412.5415818673,-21832.271843684284,-67.58263202446344,
6095,2xj7,95,0,6,0.49169921875,1,-655247.1132069174,-633412.5415818673,-21831.31761415058,-75.03927399107712,
6096,2xj7,96,0,6,0.49169921875,1,-655242.9851017486,-633412.5415818673,-21832.30892382031,43.01723675794489,
6097,2xj7,97,0,6,0.49169921875,1,-655247.3100215263,-633412.5415818673,-21831.674565376004,-71.34643588572237,
6098,2xj7,98,0,6,0.49169921875,1,-655238.5756220518,-633412.5415818673,-21831.905145802568,135.39091192233718,
6099,2xj7,99,0,6,0.49169921875,1,-655233.0313015308,-633412.5415818673,-21831.43173284636,252.3288183662533,
6100,2xj7,100,0,6,0.49169921875,1,-655221.207731008,-633412.5415818673,-21831.5184611607,526.9868343777908,
7001,2wca,1,0,7,0.49169921875,0,-670185.4624690738,-633412.5415818673,-36783.656220310644,247.56266252425223,
7002,2wca,2,0,7,0.49169921875,0,-670196.6398184925,-633412.5415818673,-36784.408430276264,7.153235527133347,
7003,2wca,3,0,7,0.49169921875,0,-670178.2663513832,-633412.5415818673,-36784.736670753,438.4248578288058,
7004,2wca,4,0,7,0.49169921875,0,-670192.4386711809,-633412.5415818673,-36784.34352051597,102.53713941781359,
7005,2wca,5,0,7,0.49169921875,0,-670187.9366569449,-633412.5415818673,-36784.28412430218,204.98634481091753,
7006,2wca,6,0,7,0.49169921875,0,-670198.1757158848,-633412.5415818673,-36784.497489146845,-26.21165340647946,
7007,2wca,7,0,7,0.49169921875,0,-670186.5247263433,-633412.5415818673,-36784.08347114598,232.91906627620858,
7008,2wca,8,0,7,0.49169921875,0,-670191.9124617683,-633412.5415818673,-36783.84099729503,103.08335597376798,
7009,2wca,9,0,7,0.49169921875,0,-670185.07408062,-633412.5415818673,-36777.02507799208,103.60133843266557,
7010,2wca,10,0,7,0.49169921875,0,-670182.3930913198,-633412.5415818673,-36776.04602762652,142.84898263818505,
7011,2wca,11,0,7,0.49169921875,0,-670198.7057761443,-633412.5415818673,-36784.307265197895,-42.82180184728562,
7012,2wca,12,0,7,0.49169921875,0,-670190.1678206087,-633412.5415818673,-36784.066881519226,148.5247508369134,
7013,2wca,13,0,7,0.49169921875,0,-670153.2711748127,-633412.5415818673,-36779.73259430231,899.4305783280989,
7014,2wca,14,0,7,0.49169921875,0,-670174.6683325446,-633412.5415818673,-36784.073297774776,506.09939905692545,
7015,2wca,15,0,7,0.49169921875,0,-670173.3250822875,-633412.5415818673,-36773.182805223085,285.93476147153166,
7016,2wca,16,0,7,0.49169921875,0,-670191.5111383897,-633412.5415818673,-36784.43023784552,125.9263028386187,
7017,2wca,17,0,7,0.49169921875,0,-670193.629197443,-633412.5415818673,-36784.3010443803,74.10342864742417,
7018,2wca,18,0,7,0.49169921875,0,-670172.9374982353,-633412.5415818673,-36783.89994224173,542.0157128733811,
7019,2wca,19,0,7,0.49169921875,0,-670187.9184631623,-633412.5415818673,-36783.953852517945,197.78965512856243,
7020,2wca,20,0,7,0.49169921875,0,-670165.2893574142,-633412.5415818673,-36783.91663794024,718.7710420458494,
7021,2wca,21,0,7,0.49169921875,0,-670142.3857308171,-633412.5415818673,-36784.625266791394,1263.2825882000177,
7022,2wca,22,0,7,0.49169921875,0,-670188.7756516277,-633412.5415818673,-36784.431567809166,189.03879584444388,
7023,2wca,23,0,7,0.49169921875,0,-670186.6800014643,-633412.5415818673,-36784.39470652583,236.51559528550308,
7024,2wca,24,0,7,0.49169921875,0,-670188.27422477,-633412.5415818673,-36784.08296634771,192.56303320347016,
7025,2wca,25,0,7,0.49169921875,0,-670182.9276799603,-633412.5415818673,-36784.46926662824,324.76558161353955,
7026,2wca,26,0,7,0.49169921875,0,-670192.510511816,-633412.5415818673,-36784.02733107111,93.5889531980628,
7027,2wca,27,0,7,0.49169921875,0,-670188.726869896,-633412.5415818673,-36779.2861594591,71.50779393525865,
7028,2wca,28,0,7,0.49169921875,0,-670182.4094313221,-633412.5415818673,-36783.96410515772,325.0673788683063,
7029,2wca,29,0,7,0.49169921875,0,-670192.7596461445,-633412.5415818673,-36784.12795912385,90.16431712383925,
7030,2wca,30,0,7,0.49169921875,0,-670182.8227958902,-633412.5415818673,-36784.31412205236,323.60654681623976,
7031,2wca,31,0,7,0.49169921875,0,-670172.2651855625,-633412.5415818673,-36783.69908087064,552.887638164253,
7032,2wca,32,0,7,0.49169921875,0,-670175.7975536465,-633412.5415818673,-36784.365425291355,486.79556239453734,
7033,2wca,33,0,7,0.49169921875,0,-670188.8070499813,-633412.5415818673,-36784.53615375362,190.7265417832506,
7034,2wca,34,0,7,0.49169921875,0,-670189.5633622607,-633412.5415818673,-36777.47643855236,10.484666220444584,
7035,2wca,35,0,7,0.49169921875,0,-670195.1855500226,-633412.5415818673,-36784.448160746106,41.60566953419979,
7036,2wca,36,0,7,0.49169921875,0,-670186.6111989204,-633412.5415818673,-36783.88945089564,226.45074801351308,
7037,2wca,37,0,7,0.49169921875,0,-670190.0328870696,-633412.5415818673,-36777.01422707685,-11.001682932353017,
7038,2wca,38,0,7,0.49169921875,0,-670198.3760530808,-633412.5415818673,-36783.876382726216,-45.15459321795203,
7039,2wca,39,0,7,0.49169921875,0,-670181.4622149193,-633412.5415818673,-36783.76464978313,342.31115782650295,
7040,2wca,40,0,7,0.49169921875,0,-670178.1845607706,-633412.5415818673,-36784.198412685,427.8984682391249,
7041,2wca,41,0,7,0.49169921875,0,-670196.2879401117,-633412.5415818673,-36784.04102447778,6.795164767873569,
7042,2wca,42,0,7,0.49169921875,0,-670178.1924276927,-633412.5415818673,-36783.940456610304,421.76844430777606,
7043,2wca,43,0,7,0.49169921875,0,-670148.0819246332,-633412.5415818673,-36779.79487371223,1020.5337276076341,
7044,2wca,44,0,7,0.49169921875,0,-670183.9367684376,-633412.5415818673,-36784.36635906769,299.1223437939177,
7045,2wca,45,0,7,0.49169921875,0,-670157.9362695572,-633412.5415818673,-36779.67332912274,790.484250329392,
7046,2wca,46,0,7,0.49169921875,0,-670174.9219445656,-633412.5415818673,-36783.986762545814,498.255417130085,
7047,2wca,47,0,7,0.49169921875,0,-670198.3212590908,-633412.5415818673,-36784.59160148134,-27.39767747916005,
7048,2wca,48,0,7,0.49169921875,0,-670196.001584554,-633412.5415818673,-36784.16149232975,16.176735466030514,
7049,2wca,49,0,7,0.49169921875,0,-670178.3651188868,-633412.5415818673,-36784.08840895966,421.1979529950683,
7050,2wca,50,0,7,0.49169921875,0,-670193.5097122545,-633412.5415818673,-36784.01280795465,70.21193267181847,
7051,2wca,51,0,7,0.49169921875,0,-670180.1142603385,-633412.5415818673,-36784.001368110185,378.85458321380776,
7052,2wca,52,0,7,0.49169921875,0,-670185.9464026317,-633412.5415818673,-36784.222397603466,249.4592481078092,
7053,2wca,53,0,7,0.49169921875,0,-670182.7200619169,-633412.5415818673,-36784.20148776288,323.3782401014026,
7054,2wca,54,0,7,0.49169921875,0,-670166.2799971721,-633412.5415818673,-36783.99608503153,697.7584399762983,
7055,2wca,55,0,7,0.49169921875,0,-670169.518157474,-633412.5415818673,-36784.336499834826,630.9348413039967,
7056,2wca,56,0,7,0.49169921875,0,-670187.6596827848,-633412.5415818673,-36784.32111270433,212.22649349487048,
7057,2wca,57,0,7,0.49169921875,0,-670191.256358402,-633412.5415818673,-36784.07591568819,123.63080587558832,
7058,2wca,58,0,7,0.49169921875,0,-670175.822683391,-633412.5415818673,-36783.925889851416,476.0801286824124,
7059,2wca,59,0,7,0.49169921875,0,-670184.5875497153,-633412.5415818673,-36784.6466231047,290.57801324338124,
7060,2wca,60,0,7,0.49169921875,0,-670171.4650566505,-633412.5415818673,-36783.94995865873,577.1244284440885,
7061,2wca,61,0,7,0.49169921875,0,-670163.6286612925,-633412.5415818673,-36784.05568255168,760.274049306364,
7062,2wca,62,0,7,0.49169921875,0,-670183.4802722981,-633412.5415818673,-36784.552121842484,313.93318620720135,
7063,2wca,63,0,7,0.49169921875,0,-670184.4770158395,-633412.5415818673,-36784.20508917565,282.9449706826091,
7064,2wca,64,0,7,0.49169921875,0,-670171.2371206377,-633412.5415818673,-36784.35923416032,591.818875049553,
7065,2wca,65,0,7,0.49169921875,0,-670168.1192894736,-633412.5415818673,-36777.906505454965,514.9143107877909,
7066,2wca,66,0,7,0.49169921875,0,-670175.7992073548,-633412.5415818673,-36782.87332018361,452.3486657700246,
7067,2wca,67,0,7,0.49169921875,0,-670167.7979495239,-633412.5415818673,-36782.75720455254,634.1843646200106,
7068,2wca,68,0,7,0.49169921875,0,-670190.758150995,-633412.5415818673,-36784.157475261876,137.00055006328705,
7069,2wca,69,0,7,0.49169921875,0,-670198.5819280986,-633412.5415818673,-36784.28960124315,-40.373138538670204,
7070,2wca,70,0,7,0.49169921875,0,-670158.7735773049,-633412.5415818673,-36779.93166294986,777.1327945413598,
7071,2wca,71,0,7,0.49169921875,0,-670180.8210569635,-633412.5415818673,-36784.23607403612,367.9679130665146,
7072,2wca,72,0,7,0.49169921875,0,-670186.4964542558,-633412.5415818673,-36782.67154246498,201.01118722220627,
7073,2wca,73,0,7,0.49169921875,0,-670197.8261735289,-633412.5415818673,-36783.65474410273,-37.58517758911599,
7074,2wca,74,0,7,0.49169921875,0,-670190.7869696675,-633412.5415818673,-36784.16590821514,136.53044420920816,
7075,2wca,75,0,7,0.49169921875,0,-670200.4317541573,-633412.5415818673,-36784.17659991771,-85.63701331448601,
7076,2wca,76,0,7,0.49169921875,0,-670182.0498008949,-633412.5415818673,-36779.89202252329,239.456197174677,
7077,2wca,77,0,7,0.49169921875,0,-670180.8061423637,-633412.5415818673,-36784.32034064219,370.2550860090722,
7078,2wca,78,0,7,0.49169921875,0,-670192.9201720485,-633412.5415818673,-36784.46592725526,94.25623209536505,
7079,2wca,79,0,7,0.49169921875,0,-670182.2345749742,-633412.5415818673,-36784.56660556269,342.99365145085574,
7080,2wca,80,0,7,0.49169921875,0,-670196.8251994839,-633412.5415818673,-36783.637488791916,-14.900084667094829,
7081,2wca,81,0,7,0.49169921875,0,-670181.9754174512,-633412.5415818673,-36782.855709676194,309.5157694802412,
7082,2wca,82,0,7,0.49169921875,0,-670199.0425244105,-633412.5415818673,-36783.34636670999,-72.74624688848945,
7083,2wca,83,0,7,0.49169921875,0,-670186.2234793139,-633412.5415818673,-36783.0117775553,215.15214649995312,
7084,2wca,84,0,7,0.49169921875,0,-670144.684495674,-633412.5415818673,-36783.50564224417,1184.4526558429673,
7085,2wca,85,0,7,0.49169921875,0,-670182.4249438787,-633412.5415818673,-36783.130595416704,305.4884595663363,
7086,2wca,86,0,7,0.49169921875,0,-670194.897671722,-633412.5415818673,-36783.128762380366,17.8182517348377,
7087,2wca,87,0,7,0.49169921875,0,-670197.34363559,-633412.5415818673,-36783.15755315561,-37.923083986879156,
7088,2wca,88,0,7,0.49169921875,0,-670196.3709706527,-633412.5415818673,-36783.50670075562,-7.441362745293665,
7089,2wca,89,0,7,0.49169921875,0,-670194.5160360305,-633412.5415818673,-36782.98687713658,23.347028401883616,
7090,2wca,90,0,7,0.49169921875,0,-670194.7392210506,-633412.5415818673,-36783.49117292274,29.829596667137913,
7091,2wca,91,0,7,0.49169921875,0,-670180.8546158408,-633412.5415818673,-36783.41590449574,348.2804680562875,
7092,2wca,92,0,7,0.49169921875,0,-670176.0714764429,-633412.5415818673,-36782.975941862154,448.43650356822394,
7093,2wca,93,0,7,0.49169921875,0,-670195.7843221902,-633412.5415818673,-36784.268151134675,23.646535069758144,
7094,2wca,94,0,7,0.49169921875,0,-670197.0647119441,-633412.5415818673,-36784.1261473245,-9.154639747756642,
7095,2wca,95,0,7,0.49169921875,0,-670187.8228187533,-633412.5415818673,-36783.99397946234,200.92061691653456,
7096,2wca,96,0,7,0.49169921875,0,-670199.0042427144,-633412.5415818673,-36784.69331346222,-40.802119998286564,
7097,2wca,97,0,7,0.49169921875,0,-670185.7999701235,-633412.5415818673,-36784.089066300185,249.76136907160847,
7098,2wca,98,0,7,0.49169921875,0,-670188.7449706907,-633412.5415818673,-36784.09054426417,181.8821252886619,
7099,2wca,99,0,7,0.49169921875,0,-670187.2262960931,-633412.5415818673,-36784.57431436577,228.05959705296758,
7100,2wca,100,0,7,0.49169921875,0,-670198.3824999274,-633412.5415818673,-36784.23737572413,-36.978564738440774,
8001,2w66,1,0,8,0.49169921875,1,-656246.9343428991,-633412.5415818673,-22839.5828289474,119.68580941040041,
8002,2w66,2,0,8,0.49169921875,1,-656254.4481636366,-633412.5415818673,-22839.77145640996,-49.23716047456566,
8003,2w66,3,0,8,0.49169921875,1,-656246.6581862139,-633412.5415818673,-22839.343778480295,120.54149912754646,
8004,2w66,4,0,8,0.49169921875,1,-656242.6389165402,-633412.5415818673,-22839.985142572543,228.01826700900048,
8005,2w66,5,0,8,0.49169921875,1,-656249.7027844891,-633412.5415818673,-22839.30681943551,49.479099156939505,
8006,2w66,6,0,8,0.49169921875,1,-656243.1688232949,-633412.5415818673,-22838.888595034034,190.51133998541493,
8007,2w66,7,0,8,0.49169921875,1,-656246.3143220487,-633412.5415818673,-22839.583968095627,134.01009927021838,
8008,2w66,8,0,8,0.49169921875,1,-656240.8772694417,-633412.5415818673,-22838.88968736338,243.3810169365859,
8009,2w66,9,0,8,0.49169921875,1,-656251.2391659997,-633412.5415818673,-22839.771629380793,24.768071822109757,
8010,2w66,10,0,8,0.49169921875,1,-656253.2913750503,-633412.5415818673,-22839.531564354933,-28.093024159628758,
8011,2w66,11,0,8,0.49169921875,1,-656249.6575357463,-633412.5415818673,-22839.58280037164,56.886831532471206,
8012,2w66,12,0,8,0.49169921875,1,-656251.4620201982,-633412.5415818673,-22839.77055034396,19.60404873696975,
8013,2w66,13,0,8,0.49169921875,1,-656246.1467933839,-633412.5415818673,-22839.771603295514,142.20037255976655,
8014,2w66,14,0,8,0.49169921875,1,-656236.5070876756,-633412.5415818673,-22838.88866214031,344.1361603767783,
8015,2w66,15,0,8,0.49169921875,1,-656254.1517170791,-633412.5415818673,-22840.19914801374,-32.53813777021749,
8016,2w66,16,0,8,0.49169921875,1,-656194.6949406507,-633412.5415818673,-22838.639492884835,1302.601197211596,
8017,2w66,17,0,8,0.49169921875,1,-656247.3499938028,-633412.5415818673,-22839.769811433496,114.41259042857126,
8018,2w66,18,0,8,0.49169921875,1,-656244.562899898,-633412.5415818673,-22839.342066724068,168.82047539759097,
8019,2w66,19,0,8,0.49169921875,1,-656254.9485116568,-633412.5415818673,-22839.582372927143,-65.13582862644816,
8020,2w66,20,0,8,0.49169921875,1,-656234.3187133316,-633412.5415818673,-22839.531322855695,409.4213797744868,
8021,2w66,21,0,8,0.49169921875,1,-656235.990049849,-633412.5415818673,-22839.341812920786,366.50924115472725,
8022,2w66,22,0,8,0.49169921875,1,-656249.0817707073,-633412.5415818673,-22840.19840080395,84.36037196903752,
8023,2w66,23,0,8,0.49169921875,1,-656230.9789048552,-633412.5415818673,-22839.303581523924,481.18735301506604,
8024,2w66,24,0,8,0.49169921875,1,-656227.8304819502,-633412.5415818673,-22839.305793350883,553.842715948471,
8025,2w66,25,0,8,0.49169921875,1,-656242.7022941108,-633412.5415818673,-22840.29066736829,233.60231467666318,
8026,2w66,26,0,8,0.49169921875,1,-656220.5368633607,-633412.5415818673,-22839.30175388003,721.9444038796674,
8027,2w66,27,0,8,0.49169921875,1,-656219.0332792623,-633412.5415818673,-22839.307405425603,756.7482046356367,
8028,2w66,28,0,8,0.49169921875,1,-656239.313365496,-633412.5415818673,-22839.30693219715,289.06739312584995,
8029,2w66,29,0,8,0.49169921875,1,-656253.1847812016,-633412.5415818673,-22838.888062902388,-40.474407639371115,
8030,2w66,30,0,8,0.49169921875,1,-656230.4792009022,-633412.5415818673,-22839.984302536635,508.40859939830113,
8031,2w66,31,0,8,0.49169921875,1,-656190.3996703372,-633412.5415818673,-22839.301635245843,1416.9218493084213,
8032,2w66,32,0,8,0.49169921875,1,-656225.1538412921,-633412.5415818673,-22839.772182513792,626.3227054679437,
8033,2w66,33,0,8,0.49169921875,1,-656243.681115439,-633412.5415818673,-22839.536217088185,193.63212184857795,
8034,2w66,34,0,8,0.49169921875,1,-656219.8019148802,-633412.5415818673,-22839.578043009737,745.2640971579875,
8035,2w66,35,0,8,0.49169921875,1,-656242.5511747975,-633412.5415818673,-22839.535189964678,219.66548602867454,
8036,2w66,36,0,8,0.49169921875,1,-656245.9015262331,-633412.5415818673,-22839.769893890374,147.81694760324282,
8037,2w66,37,0,8,0.49169921875,1,-656227.7403479357,-633412.5415818673,-22839.76800070453,566.5800104873007,
8038,2w66,38,0,8,0.49169921875,1,-656242.64570742,-633412.5415818673,-22838.887011921935,202.5381712087776,
8039,2w66,39,0,8,0.49169921875,1,-656228.9532687162,-633412.5415818673,-22839.58657526029,534.4256226786368,
8040,2w66,40,0,8,0.49169921875,1,-656252.773534328,-633412.5415818673,-22838.63812999835,-36.75441912686429,
8041,2w66,41,0,8,0.49169921875,1,-656206.3312038573,-633412.5415818673,-22840.19810604109,1070.2050662053691,
8042,2w66,42,0,8,0.49169921875,1,-656252.526585357,-633412.5415818673,-22839.773529426035,-4.8767077616612,
8043,2w66,43,0,8,0.49169921875,1,-656252.6442657299,-633412.5415818673,-22839.307845940868,-18.329397913333977,
8044,2w66,44,0,8,0.49169921875,1,-656231.4536019961,-633412.5415818673,-22839.34227112249,471.13278023144875,
8045,2w66,45,0,8,0.49169921875,1,-656251.2293255201,-633412.5415818673,-22839.532468886107,19.479826645382506,
8046,2w66,46,0,8,0.49169921875,1,-656233.2297262938,-633412.5415818673,-22839.984202967255,444.97768092010983,
8047,2w66,47,0,8,0.49169921875,1,-656219.3542781364,-633412.5415818673,-22839.304907266887,749.288185836318,
8048,2w66,48,0,8,0.49169921875,1,-656248.8615870011,-633412.5415818673,-22839.3077218012,68.89838311143751,
8049,2w66,49,0,8,0.49169921875,1,-656250.3825581045,-633412.5415818673,-22839.98833606076,49.51929392068701,
8050,2w66,50,0,8,0.49169921875,1,-656231.5110748017,-633412.5415818673,-22840.992963687164,507.87330069008704,
8051,2w66,51,0,8,0.49169921875,1,-656257.2249021742,-633412.5415818673,-22840.425712509033,-98.18276826763999,
8052,2w66,52,0,8,0.49169921875,1,-656256.1087861109,-633412.5415818673,-22841.027488691085,-58.56723197540492,
8053,2w66,53,0,8,0.49169921875,1,-656242.9629604559,-633412.5415818673,-22840.716144298363,237.40293705378824,
8054,2w66,54,0,8,0.49169921875,1,-656248.6872887189,-633412.5415818673,-22840.92028724936,110.10443963325086,
8055,2w66,55,0,8,0.49169921875,1,-656245.3195944502,-633412.5415818673,-22840.58180714266,179.9597777052669,
8056,2w66,56,0,8,0.49169921875,1,-656255.6077486277,-633412.5415818673,-22841.50206902097,-36.068950731858344,
8057,2w66,57,0,8,0.49169921875,1,-656238.9542980917,-633412.5415818673,-22840.638793359132,328.06113220663735,
8058,2w66,58,0,8,0.49169921875,1,-656254.6981543388,-633412.5415818673,-22841.051760638748,-25.47756611277355,
8059,2w66,59,0,8,0.49169921875,1,-656253.1574715055,-633412.5415818673,-22841.12313511164,11.697358502211529,
8060,2w66,60,0,8,0.49169921875,1,-656255.0855132776,-633412.5415818673,-22840.985128619894,-35.94684630663745,
8061,2w66,61,0,8,0.49169921875,1,-656247.407109642,-633412.5415818673,-22840.594349366354,132.10976432536907,
8062,2w66,62,0,8,0.49169921875,1,-656254.1667522711,-633412.5415818673,-22841.38207650391,-5.605878507119444,
8063,2w66,63,0,8,0.49169921875,1,-656254.5835517034,-633412.5415818673,-22840.845113885676,-27.600153891279646,
8064,2w66,64,0,8,0.49169921875,1,-656247.7086260718,-633412.5415818673,-22840.799690729862,129.89191461008193,
8065,2w66,65,0,8,0.49169921875,1,-656241.8410621623,-633412.5415818673,-22840.50746365215,258.46223629136796,
8066,2w66,66,0,8,0.49169921875,1,-656249.3522733684,-633412.5415818673,-22841.205367962837,101.3436467452827,
8067,2w66,67,0,8,0.49169921875,1,-656233.7891451679,-633412.5415818673,-22840.934804174234,453.99855981810595,
8068,2w66,68,0,8,0.49169921875,1,-656256.600919078,-633412.5415818673,-22840.533031590217,-81.31853942709678,
8069,2w66,69,0,8,0.49169921875,1,-656187.5037151997,-633412.5415818673,-22840.739805288973,1516.8691503415837,
8070,2w66,70,0,8,0.49169921875,1,-656253.2026846133,-633412.5415818673,-22841.397788649396,16.988380510681196,
8071,2w66,71,0,8,0.49169921875,1,-656250.2703660852,-633412.5415818673,-22840.69884866158,68.49131316203076,
8072,2w66,72,0,8,0.49169921875,1,-656238.0996856843,-633412.5415818673,-22840.9190520741,354.231882005366,
8073,2w66,73,0,8,0.49169921875,1,-656216.5679130492,-633412.5415818673,-22841.37128506531,861.1950952586283,
8074,2w66,74,0,8,0.49169921875,1,-656247.0747381106,-633412.5415818673,-22841.372918572953,157.72866635106308,
8075,2w66,75,0,8,0.49169921875,1,-656243.8832516327,-633412.5415818673,-22841.171555161098,226.68254233658922,
8076,2w66,76,0,8,0.49169921875,1,-656237.5076134154,-633412.5415818673,-22840.958068157815,368.7851251473193,
8077,2w66,77,0,8,0.49169921875,1,-656243.4346931821,-633412.5415818673,-22840.55868819884,222.89349804356863,
8078,2w66,78,0,8,0.49169921875,1,-656255.4573074755,-633412.5415818673,-22840.875683536065,-47.04448778185288,
8079,2w66,79,0,8,0.49169921875,1,-656255.3703289906,-633412.5415818673,-22841.307947017038,-35.0704835927325,
8080,2w66,80,0,8,0.49169921875,1,-656249.431963604,-633412.5415818673,-22840.694026152047,87.71412397121108,
8081,2w66,81,0,8,0.49169921875,1,-656255.4058895179,-633412.5415818673,-22841.320474367603,-35.6016412649952,
8082,2w66,82,0,8,0.49169921875,1,-656254.1145488522,-633412.5415818673,-22841.443816872277,-2.978272350362458,
8083,2w66,83,0,8,0.49169921875,1,-656252.134060359,-633412.5415818673,-22841.232634841766,37.82290396005048,
8084,2w66,84,0,8,0.49169921875,1,-656254.9011878815,-633412.5415818673,-22840.929303736524,-32.98355408694181,
8085,2w66,85,0,8,0.49169921875,1,-656255.5128896055,-633412.5415818673,-22841.12733174436,-42.523096604903365,
8086,2w66,86,0,8,0.49169921875,1,-656249.3635783597,-633412.5415818673,-22841.146093500356,99.71604587505162,
8087,2w66,87,0,8,0.49169921875,1,-656255.1393328289,-633412.5415818673,-22841.54313623544,-24.319993336982783,
8088,2w66,88,0,8,0.49169921875,1,-656248.4527875665,-633412.5415818673,-22840.565636249583,107.33371833136047,
8089,2w66,89,0,8,0.49169921875,1,-656256.1793140572,-633412.5415818673,-22841.073358015183,-59.13587331313731,
8090,2w66,90,0,8,0.49169921875,1,-656236.8864294384,-633412.5415818673,-22840.70360503722,377.24190899682185,
8091,2w66,91,0,8,0.49169921875,1,-656254.4184729947,-633412.5415818673,-22841.23471496467,-14.808934117195063,
8092,2w66,92,0,8,0.49169921875,1,-656255.4954191389,-633412.5415818673,-22840.607509887195,-54.107594875819366,
8093,2w66,93,0,8,0.49169921875,1,-656256.3227840125,-633412.5415818673,-22841.03906821914,-63.23511056150512,
8094,2w66,94,0,8,0.49169921875,1,-656239.9555780466,-633412.5415818673,-22840.38342704419,299.0821807944543,
8095,2w66,95,0,8,0.49169921875,1,-656246.3482086947,-633412.5415818673,-22841.069003077293,167.4743748733167,
8096,2w66,96,0,8,0.49169921875,1,-656250.1997809372,-633412.5415818673,-22840.728688591164,70.8071704683943,
8097,2w66,97,0,8,0.49169921875,1,-656256.543905039,-633412.5415818673,-22840.860676232285,-72.44809951343005,
8098,2w66,98,0,8,0.49169921875,1,-656256.1239389204,-633412.5415818673,-22840.721821637926,-65.96551376462722,
8099,2w66,99,0,8,0.49169921875,1,-656249.4544627375,-633412.5415818673,-22840.91654000472,92.32657296724041,
8100,2w66,100,0,8,0.49169921875,1,-656239.0852365542,-633412.5415818673,-22840.16786881717,314.18184160598133,
9001,2w4x,1,0,9,0.49169921875,0,-660721.7208151303,-633412.5415818673,-27325.221267899855,369.93810704331815,
9002,2w4x,2,0,9,0.49169921875,0,-660721.3702937423,-633412.5415818673,-27324.253083810152,355.6944667674646,
9003,2w4x,3,0,9,0.49169921875,0,-660705.1102392573,-633412.5415818673,-27324.653287986777,739.8891585029994,
9004,2w4x,4,0,9,0.49169921875,0,-660737.6076143273,-633412.5415818673,-27324.875558647924,-4.3924304556126765,
9005,2w4x,5,0,9,0.49169921875,0,-660732.0589364392,-633412.5415818673,-27325.09981374598,128.73456679497036,
9006,2w4x,6,0,9,0.49169921875,0,-660722.7951567359,-633412.5415818673,-27324.63054105782,331.5407164642361,
9007,2w4x,7,0,9,0.49169921875,0,-660737.2483104898,-633412.5415818673,-27324.935066839127,5.265604364931182,
9008,2w4x,8,0,9,0.49169921875,0,-660737.157321385,-633412.5415818673,-27323.786710106397,-19.11787239301514,
9009,2w4x,9,0,9,0.49169921875,0,-660739.4761752733,-633412.5415818673,-27324.7219180246,-51.02550646735174,
9010,2w4x,10,0,9,0.49169921875,0,-660738.5386734984,-633412.5415818673,-27324.39689512383,-36.90140809592717,
9011,2w4x,11,0,9,0.49169921875,0,-660736.4727458563,-633412.5415818673,-27322.838003071494,-25.208889624875574,
9012,2w4x,12,0,9,0.49169921875,0,-660713.8496443245,-633412.5415818673,-27316.48978530462,350.0988458730636,
9013,2w4x,13,0,9,0.49169921875,0,-660735.2467091436,-633412.5415818673,-27324.492639765263,41.22101724809954,
9014,2w4x,14,0,9,0.49169921875,0,-660706.5930228843,-633412.5415818673,-27311.5580123288,403.7111250841898,
9015,2w4x,15,0,9,0.49169921875,0,-660736.2176442889,-633412.5415818673,-27322.93694670243,-17.044413395216814,
9016,2w4x,16,0,9,0.49169921875,0,-660704.7976528917,-633412.5415818673,-27312.628073292344,469.78953270407015,
9017,2w4x,17,0,9,0.49169921875,0,-660732.164837851,-633412.5415818673,-27317.997645017873,-37.4874794312863,
9018,2w4x,18,0,9,0.49169921875,0,-660732.6158709727,-633412.5415818673,-27324.72253578798,107.19111495022415,
9019,2w4x,19,0,9,0.49169921875,0,-660721.9226956547,-633412.5415818673,-27323.78860167975,332.2445636602498,
9020,2w4x,20,0,9,0.49169921875,0,-660701.586115436,-633412.5415818673,-27317.438637896674,654.7836009608955,
9021,2w4x,21,0,9,0.49169921875,0,-660715.3622142477,-633412.5415818673,-27317.990855174874,349.8336483523449,
9022,2w4x,22,0,9,0.49169921875,0,-660694.3804885184,-633412.5415818673,-27311.765393696962,690.1211859228063,
9023,2w4x,23,0,9,0.49169921875,0,-660738.5998105323,-633412.5415818673,-27324.17748508718,-43.37097723415807,
9024,2w4x,24,0,9,0.49169921875,0,-660731.301692881,-633412.5415818673,-27324.396335091933,129.97441493841154,
9025,2w4x,25,0,9,0.49169921875,0,-660730.5793536655,-633412.5415818673,-27318.580130275193,12.507083599940477,
9026,2w4x,26,0,9,0.49169921875,0,-660719.2331929115,-633412.5415818673,-27317.235489026796,243.14760253728562,
9027,2w4x,27,0,9,0.49169921875,0,-660733.1730851813,-633412.5415818673,-27323.30733222371,61.70608055864115,
9028,2w4x,28,0,9,0.49169921875,0,-660713.665040299,-633412.5415818673,-27324.929773972966,548.9866782105408,
9029,2w4x,29,0,9,0.49169921875,0,-660737.8851202709,-633412.5415818673,-27324.364562685827,-22.57571636535288,
9030,2w4x,30,0,9,0.49169921875,0,-660716.2560093622,-633412.5415818673,-27324.39252067916,476.84815692142473,
9031,2w4x,31,0,9,0.49169921875,0,-660731.8459988747,-633412.5415818673,-27324.44772136346,118.60741610836185,
9032,2w4x,32,0,9,0.49169921875,0,-660728.7461150071,-633412.5415818673,-27323.186813171036,161.01520262650322,
9033,2w4x,33,0,9,0.49169921875,0,-660717.2039666552,-633412.5415818673,-27311.529714682256,158.36438949688778,
9034,2w4x,34,0,9,0.49169921875,0,-660736.9566534887,-633412.5415818673,-27322.889693959973,-35.176044521582746,
9035,2w4x,35,0,9,0.49169921875,0,-660725.5467491453,-633412.5415818673,-27324.714525141622,270.02420708000034,
9036,2w4x,36,0,9,0.49169921875,0,-660705.3129889074,-633412.5415818673,-27324.394442530986,729.2445224849613,
9037,2w4x,37,0,9,0.49169921875,0,-660714.9754656887,-633412.5415818673,-27317.01687967728,336.2918734465347,
9038,2w4x,38,0,9,0.49169921875,0,-660728.5667392988,-633412.5415818673,-27323.780402289078,178.84019497656936,
9039,2w4x,39,0,9,0.49169921875,0,-660727.1281269592,-633412.5415818673,-27320.838975427087,144.18446880132262,
9040,2w4x,40,0,9,0.49169921875,0,-660725.7166467048,-633412.5415818673,-27324.36292481746,257.998180188714,
9041,2w4x,41,0,9,0.49169921875,0,-660710.8739043733,-633412.5415818673,-27311.76040591502,309.6589597272581,
9042,2w4x,42,0,9,0.49169921875,0,-660736.8643105119,-633412.5415818673,-27324.846890553927,12.087460781227183,
9043,2w4x,43,0,9,0.49169921875,0,-660731.66848497,-633412.5415818673,-27324.718730651326,128.95060664489833,
9044,2w4x,44,0,9,0.49169921875,0,-660724.6142244737,-633412.5415818673,-27324.397342903725,284.21434070335044,
9045,2w4x,45,0,9,0.49169921875,0,-660708.4650923177,-633412.5415818673,-27320.83408417749,574.4514769216615,
9046,2w4x,46,0,9,0.49169921875,0,-660738.3423593906,-633412.5415818673,-27324.396356814952,-32.38671091946382,
9047,2w4x,47,0,9,0.49169921875,0,-660706.115687885,-633412.5415818673,-27323.30791681016,685.6779659659044,
9048,2w4x,48,0,9,0.49169921875,0,-660710.2716911401,-633412.5415818673,-27324.340867129627,613.658654364684,
9049,2w4x,49,0,9,0.49169921875,0,-660734.3705359063,-633412.5415818673,-27323.79016981838,45.22671028601022,
9050,2w4x,50,0,9,0.49169921875,0,-660708.488072624,-633412.5415818673,-27324.13750166502,650.1001554447756,
9051,2w4x,51,0,9,0.49169921875,0,-660712.1742745498,-633412.5415818673,-27324.340357844507,569.7722942500665,
9052,2w4x,52,0,9,0.49169921875,0,-660732.6741043903,-633412.5415818673,-27324.641361926584,103.97630672568658,
9053,2w4x,53,0,9,0.49169921875,0,-660707.0932900314,-633412.5415818673,-27322.94041413085,654.6591117942849,
9054,2w4x,54,0,9,0.49169921875,0,-660733.9916245767,-633412.5415818673,-27324.57707543185,72.111087662253,
9055,2w4x,55,0,9,0.49169921875,0,-660736.8607392985,-633412.5415818673,-27324.184993508083,-3.0938935673746375,
9056,2w4x,56,0,9,0.49169921875,0,-660723.1581977574,-633412.5415818673,-27311.576541948907,22.136420791225447,
9057,2w4x,57,0,9,0.49169921875,0,-660699.1254500187,-633412.5415818673,-27324.13757380359,866.0090254089748,
9058,2w4x,58,0,9,0.49169921875,0,-660731.1730124096,-633412.5415818673,-27317.98501877813,-14.906609406585885,
9059,2w4x,59,0,9,0.49169921875,0,-660697.1860894121,-633412.5415818673,-27311.533978982887,620.0859422377479,
9060,2w4x,60,0,9,0.49169921875,0,-660706.0017083279,-633412.5415818673,-27324.7220579913,720.9172673401988,
9061,2w4x,61,0,9,0.49169921875,0,-660715.5560435922,-633412.5415818673,-27324.394762285167,493.0414437029783,
9062,2w4x,62,0,9,0.49169921875,0,-660735.9655078833,-633412.5415818673,-27324.72037286519,29.896774573714453,
9063,2w4x,63,0,9,0.49169921875,0,-660736.4270294171,-633412.5415818673,-27323.655575058536,-5.300985581276367,
9064,2w4x,64,0,9,0.49169921875,0,-660737.6455006876,-633412.5415818673,-27324.706641875517,-9.161423989179132,
9065,2w4x,65,0,9,0.49169921875,0,-660737.6177056809,-633412.5415818673,-27324.387925433904,-15.87023165268171,
9066,2w4x,66,0,9,0.49169921875,0,-660704.6683176039,-633412.5415818673,-27324.793392119493,753.3109919837232,
9067,2w4x,67,0,9,0.49169921875,0,-660737.2383140192,-633412.5415818673,-27324.082694627097,-14.160041710604826,
9068,2w4x,68,0,9,0.49169921875,0,-660736.364897986,-633412.5415818673,-27323.209284042932,-14.15991605231348,
9069,2w4x,69,0,9,0.49169921875,0,-660737.734265136,-633412.5415818673,-27324.526856373835,-15.354332955652064,
9070,2w4x,70,0,9,0.49169921875,0,-660739.7781504255,-633412.5415818673,-27324.585594418902,-61.132915938449635,
9071,2w4x,71,0,9,0.49169921875,0,-660737.8419019436,-633412.5415818673,-27324.578420595844,-16.647397497727553,
9072,2w4x,72,0,9,0.49169921875,0,-660733.2212170924,-633412.5415818673,-27324.378104371066,85.28872464069327,
9073,2w4x,73,0,9,0.49169921875,0,-660738.0907558727,-633412.5415818673,-27324.183724746712,-31.48800794022484,
9074,2w4x,74,0,9,0.49169921875,0,-660738.1236915775,-633412.5415818673,-27324.418357891496,-26.83675447822458,
9075,2w4x,75,0,9,0.49169921875,0,-660738.1427308357,-633412.5415818673,-27324.05176231485,-35.72970503333662,
9076,2w4x,76,0,9,0.49169921875,0,-660737.6216677601,-633412.5415818673,-27324.612098246835,-10.792051494207556,
9077,2w4x,77,0,9,0.49169921875,0,-660738.1129109098,-633412.5415818673,-27324.50675438294,-24.549674857183053,
9078,2w4x,78,0,9,0.49169921875,0,-660736.7115472931,-633412.5415818673,-27323.254332514367,-21.114996550669513,
9079,2w4x,79,0,9,0.49169921875,0,-660721.4762829372,-633412.5415818673,-27324.71743367905,363.9584602298342,
9080,2w4x,80,0,9,0.49169921875,0,-660738.2854378095,-633412.5415818673,-27325.090831522382,-15.059100869462165,
9081,2w4x,81,0,9,0.49169921875,0,-660719.5314099882,-633412.5415818673,-27324.828963427954,411.38023300479904,
9082,2w4x,82,0,9,0.49169921875,0,-660739.4582885117,-633412.5415818673,-27324.346038769196,-59.28100949426623,
9083,2w4x,83,0,9,0.49169921875,0,-660727.7032273617,-633412.5415818673,-27324.16248818219,207.56436331766508,
9084,2w4x,84,0,9,0.49169921875,0,-660738.0316124108,-633412.5415818673,-27324.16766667777,-30.494435175800003,
9085,2w4x,85,0,9,0.49169921875,0,-660739.723605818,-633412.5415818673,-27324.160091901165,-69.68740857000681,
9086,2w4x,86,0,9,0.49169921875,0,-660738.5040856579,-633412.5415818673,-27324.593963562304,-31.559287393277337,
9087,2w4x,87,0,9,0.49169921875,0,-660736.8660332102,-633412.5415818673,-27323.83691372006,-11.24288467125559,
9088,2w4x,88,0,9,0.49169921875,0,-660736.1022743388,-633412.5415818673,-27323.261498296986,-6.899581573595993,
9089,2w4x,89,0,9,0.49169921875,0,-660737.5756043526,-633412.5415818673,-27324.321552178713,-16.429955584590914,
9090,2w4x,90,0,9,0.49169921875,0,-660719.1466768662,-633412.5415818673,-27324.09583444662,403.34603362568856,
9091,2w4x,91,0,9,0.49169921875,0,-660739.6334848786,-633412.5415818673,-27324.40903850988,-61.86832515842748,
9092,2w4x,92,0,9,0.49169921875,0,-660725.3289441003,-633412.5415818673,-27325.160757284728,285.337268416659,
9093,2w4x,93,0,9,0.49169921875,0,-660718.9361590059,-633412.5415818673,-27324.610851280395,420.077261142723,
9094,2w4x,94,0,9,0.49169921875,0,-660738.8028187676,-633412.5415818673,-27324.300621329665,-45.21286914517834,
9095,2w4x,95,0,9,0.49169921875,0,-660725.0709707263,-633412.5415818673,-27323.838141658634,260.7860348393904,
9096,2w4x,96,0,9,0.49169921875,0,-660716.7142961288,-633412.5415818673,-27324.495073272898,468.6447320117087,
9097,2w4x,97,0,9,0.49169921875,0,-660732.8255450409,-633412.5415818673,-27324.59123895664,99.32813921382207,
9098,2w4x,98,0,9,0.49169921875,0,-660731.7189422449,-633412.5415818673,-27324.475564009226,122.17947826292918,
9099,2w4x,99,0,9,0.49169921875,0,-660717.7530966715,-633412.5415818673,-27323.986754866124,432.96732147752306,
9100,2w4x,100,0,9,0.49169921875,0,-660739.4410409941,-633412.5415818673,-27324.39904279892,-57.660970327193795,
10001,2vvn,1,0,10,0.49169921875,0,-664990.1595968413,-633412.5415818673,-31584.771807610403,164.97037726085503,
10002,2vvn,2,0,10,0.49169921875,0,-664985.9687294645,-633412.5415818673,-31584.805803748583,262.3980444273337,
10003,2vvn,3,0,10,0.49169921875,0,-665002.8848573824,-633412.5415818673,-31585.056216587203,-121.92247529074818,
10004,2vvn,4,0,10,0.49169921875,0,-664944.1058921278,-633412.5415818673,-31585.00658670506,1232.4081721250693,
10005,2vvn,5,0,10,0.49169921875,0,-665001.2963177792,-633412.5415818673,-31585.04428487868,-85.56503352618954,
10006,2vvn,6,0,10,0.49169921875,0,-664992.9357699512,-633412.5415818673,-31584.887569379618,103.61983429016719,
10007,2vvn,7,0,10,0.49169921875,0,-664976.7277085484,-633412.5415818673,-31584.878272924467,477.1722281619124,
10008,2vvn,8,0,10,0.49169921875,0,-664998.4466172992,-633412.5415818673,-31584.810953185275,-25.230135980364075,
10009,2vvn,9,0,10,0.49169921875,0,-664996.4665161987,-633412.5415818673,-31584.8462788091,21.246708395421404,
10010,2vvn,10,0,10,0.49169921875,0,-664999.8063818364,-633412.5415818673,-31584.663229090358,-59.993649685228455,
10011,2vvn,11,0,10,0.49169921875,0,-664997.8496856528,-633412.5415818673,-31584.58718342085,-16.624818551137572,
10012,2vvn,12,0,10,0.49169921875,0,-664994.4908504161,-633412.5415818673,-31584.843168525087,66.73491881867828,
10013,2vvn,13,0,10,0.49169921875,0,-664995.138101589,-633412.5415818673,-31584.514472668186,44.22904565729107,
10014,2vvn,14,0,10,0.49169921875,0,-664993.7713072343,-633412.5415818673,-31584.792443885686,82.15824080626474,
10015,2vvn,15,0,10,0.49169921875,0,-664998.0539874389,-633412.5415818673,-31584.793920936285,-16.568649299269044,
10016,2vvn,16,0,10,0.49169921875,0,-664971.0483369018,-633412.5415818673,-31584.79255146346,606.1648658146379,
10017,2vvn,17,0,10,0.49169921875,0,-664995.1455777754,-633412.5415818673,-31584.669653885427,47.6352045862699,
10018,2vvn,18,0,10,0.49169921875,0,-664998.8678441206,-633412.5415818673,-31584.54686598541,-41.03385274617744,
10019,2vvn,19,0,10,0.49169921875,0,-664985.9886898077,-633412.5415818673,-31584.58877491316,256.93294413712294,
10020,2vvn,20,0,10,0.49169921875,0,-664998.5759368349,-633412.5415818673,-31584.66369847987,-31.608089495699883,
10021,2vvn,21,0,10,0.49169921875,0,-665000.6500641038,-633412.5415818673,-31584.879992977432,-74.45073097956211,
10022,2vvn,22,0,10,0.49169921875,0,-664992.8510539792,-633412.5415818673,-31584.791501956654,103.35806361123822,
10023,2vvn,23,0,10,0.49169921875,0,-664988.8713334705,-633412.5415818673,-31584.66435631105,192.20055051489396,
10024,2vvn,24,0,10,0.49169921875,0,-664983.5886521178,-633412.5415818673,-31584.594473710462,312.4105454692093,
10025,2vvn,25,0,10,0.49169921875,0,-664993.7620304854,-633412.5415818673,-31584.790712144677,82.33223282086635,
10026,2vvn,26,0,10,0.49169921875,0,-664991.1525252161,-633412.5415818673,-31584.84262436635,143.70597816929842,
10027,2vvn,27,0,10,0.49169921875,0,-664994.2722216162,-633412.5415818673,-31584.669230429114,67.7655109339773,
10028,2vvn,28,0,10,0.49169921875,0,-664983.2547951007,-633412.5415818673,-31584.64790871677,321.3417116995527,
10029,2vvn,29,0,10,0.49169921875,0,-664968.7671061464,-633412.5415818673,-31584.700144833972,656.6403492626903,
10030,2vvn,30,0,10,0.49169921875,0,-664981.0506255846,-633412.5415818673,-31584.696312654483,373.2872895732123,
10031,2vvn,31,0,10,0.49169921875,0,-664971.1703123087,-633412.5415818673,-31584.885167574867,605.4878243769391,
10032,2vvn,32,0,10,0.49169921875,0,-665000.9498221452,-633412.5415818673,-31584.883687225192,-81.27812425357229,
10033,2vvn,33,0,10,0.49169921875,0,-664983.1545951242,-633412.5415818673,-31584.814167605444,327.48639910406007,
10034,2vvn,34,0,10,0.49169921875,0,-664984.5708919106,-633412.5415818673,-31584.79190572233,294.31244809867763,
10035,2vvn,35,0,10,0.49169921875,0,-664994.5500648475,-633412.5415818673,-31584.844128964647,65.39154985521475,
10036,2vvn,36,0,10,0.49169921875,0,-664994.2532963471,-633412.5415818673,-31584.73523972363,69.72414850147453,
10037,2vvn,37,0,10,0.49169921875,0,-664987.0534411977,-633412.5415818673,-31584.813881948594,237.57028533747868,
10038,2vvn,38,0,10,0.49169921875,0,-664982.5259998749,-633412.5415818673,-31584.811733459614,341.9260171794157,
10039,2vvn,39,0,10,0.49169921875,0,-664999.8238933096,-633412.5415818673,-31584.667058879484,-60.30915681415237,
10040,2vvn,40,0,10,0.49169921875,0,-664991.1908754196,-633412.5415818673,-31584.84762575168,142.93693615192416,
10041,2vvn,41,0,10,0.49169921875,0,-664996.7259988368,-633412.5415818673,-31584.791981732073,14.01077626659097,
10042,2vvn,42,0,10,0.49169921875,0,-664991.0271658631,-633412.5415818673,-31584.741469496024,144.26414680038104,
10043,2vvn,43,0,10,0.49169921875,0,-664961.4641481658,-633412.5415818673,-31584.514736152865,820.7749353218327,
10044,2vvn,44,0,10,0.49169921875,0,-664996.5195115653,-633412.5415818673,-31584.74302734334,17.643570843792418,
10045,2vvn,45,0,10,0.49169921875,0,-664997.720045081,-633412.5415818673,-31584.81807973998,-8.310640333725498,
10046,2vvn,46,0,10,0.49169921875,0,-664982.1582689681,-633412.5415818673,-31585.082009411064,356.6388048507154,
10047,2vvn,47,0,10,0.49169921875,0,-664976.3078304161,-633412.5415818673,-31584.813219595922,485.35468252022764,
10048,2vvn,48,0,10,0.49169921875,0,-664988.8913826842,-633412.5415818673,-31584.84777738094,195.9679950168895,
10049,2vvn,49,0,10,0.49169921875,0,-664970.2661304263,-633412.5415818673,-31584.807828972444,624.5552833830407,
10050,2vvn,50,0,10,0.49169921875,0,-664998.2694763044,-633412.5415818673,-31584.88563577591,-19.42294614326919,
10051,2vvn,51,0,10,0.49169921875,0,-664995.3021503079,-633412.5415818673,-31584.88090239777,48.89606263484717,
10052,2vvn,52,0,10,0.49169921875,0,-664991.1210380788,-633412.5415818673,-31584.694248585012,141.0104620029133,
10053,2vvn,53,0,10,0.49169921875,0,-664995.4958447252,-633412.5415818673,-31584.88593247799,44.54535966690058,
10054,2vvn,54,0,10,0.49169921875,0,-664987.2905190188,-633412.5415818673,-31584.88578183175,233.76119160016384,
10055,2vvn,55,0,10,0.49169921875,0,-664980.0456866607,-633412.5415818673,-31584.66898954979,395.831645931337,
10056,2vvn,56,0,10,0.49169921875,0,-664999.3458070315,-633412.5415818673,-31584.842677231674,-45.234369920816185,
10057,2vvn,57,0,10,0.49169921875,0,-664992.3951050862,-633412.5415818673,-31584.88629962739,116.05858108905691,
10058,2vvn,58,0,10,0.49169921875,0,-664999.3050997575,-633412.5415818673,-31584.882023666363,-43.3882875427879,
10059,2vvn,59,0,10,0.49169921875,0,-665000.937147233,-633412.5415818673,-31585.419848267862,-68.62166646716591,
10060,2vvn,60,0,10,0.49169921875,0,-664975.622728776,-633412.5415818673,-31585.199815771688,510.06862126476216,
10061,2vvn,61,0,10,0.49169921875,0,-665001.9906474287,-633412.5415818673,-31585.245217107866,-96.94304833554577,
10062,2vvn,62,0,10,0.49169921875,0,-664986.8173867955,-633412.5415818673,-31585.172614206786,251.28639156831449,
10063,2vvn,63,0,10,0.49169921875,0,-664989.913296758,-633412.5415818673,-31585.24779619799,181.6267497045517,
10064,2vvn,64,0,10,0.49169921875,0,-664995.6378280998,-633412.5415818673,-31585.306597918207,50.971920770460244,
10065,2vvn,65,0,10,0.49169921875,0,-664984.9254053119,-633412.5415818673,-31585.3060087581,297.9926724980576,
10066,2vvn,66,0,10,0.49169921875,0,-664961.5852903307,-633412.5415818673,-31585.421196487223,838.884802530394,
10067,2vvn,67,0,10,0.49169921875,0,-664988.2295379076,-633412.5415818673,-31585.31403398729,221.98263091611756,
10068,2vvn,68,0,10,0.49169921875,0,-664994.165210705,-633412.5415818673,-31585.442029460854,88.05441020542995,
10069,2vvn,69,0,10,0.49169921875,0,-664993.9530520114,-633412.5415818673,-31585.40359496341,92.06058533981096,
10070,2vvn,70,0,10,0.49169921875,0,-665002.9010487517,-633412.5415818673,-31585.287287674073,-116.9672312852543,
10071,2vvn,71,0,10,0.49169921875,0,-665002.9999576263,-633412.5415818673,-31585.3886914484,-116.9096975324445,
10072,2vvn,72,0,10,0.49169921875,0,-664996.6970596222,-633412.5415818673,-31585.48880310195,30.747212939717972,
10073,2vvn,73,0,10,0.49169921875,0,-664923.9176746629,-633412.5415818673,-31585.311226674086,1704.9846911673194,
10074,2vvn,74,0,10,0.49169921875,0,-664995.3781231539,-633412.5415818673,-31585.400145520143,59.11811804479526,
10075,2vvn,75,0,10,0.49169921875,0,-664998.533446651,-633412.5415818673,-31584.863265586024,-26.026115779365977,
10076,2vvn,76,0,10,0.49169921875,0,-665000.7264481524,-633412.5415818673,-31585.586755754353,-59.91385216546403,
10077,2vvn,77,0,10,0.49169921875,0,-664998.9932211129,-633412.5415818673,-31585.207391238982,-28.693040670068747,
10078,2vvn,78,0,10,0.49169921875,0,-664999.756561069,-633412.5415818673,-31585.32479278037,-43.58873437986704,
10079,2vvn,79,0,10,0.49169921875,0,-664995.9594251756,-633412.5415818673,-31585.643741399093,51.33042938883013,
10080,2vvn,80,0,10,0.49169921875,0,-665000.2099299608,-633412.5415818673,-31585.228177126515,-56.27167929943524,
10081,2vvn,81,0,10,0.49169921875,0,-664994.4573086897,-633412.5415818673,-31585.10627621297,73.57581682598905,
10082,2vvn,82,0,10,0.49169921875,0,-664999.553610068,-633412.5415818673,-31585.220049212276,-41.324017175977716,
10083,2vvn,83,0,10,0.49169921875,0,-664985.3625672152,-633412.5415818673,-31585.218699470995,285.89807952451133,
10084,2vvn,84,0,10,0.49169921875,0,-665000.8091259926,-633412.5415818673,-31585.35645640345,-67.13127764939449,
10085,2vvn,85,0,10,0.49169921875,0,-664992.2945269096,-633412.5415818673,-31585.325473306882,128.50555458214964,
10086,2vvn,86,0,10,0.49169921875,0,-664994.3421356011,-633412.5415818673,-31585.15082212043,77.25902437457825,
10087,2vvn,87,0,10,0.49169921875,0,-665001.7279966342,-633412.5415818673,-31584.95207172661,-97.6462702127951,
10088,2vvn,88,0,10,0.49169921875,0,-664972.9942391395,-633412.5415818673,-31585.082055233805,567.9674097323715,
10089,2vvn,89,0,10,0.49169921875,0,-664992.7194907457,-633412.5415818673,-31585.27580311028,117.56023376911274,
10090,2vvn,90,0,10,0.49169921875,0,-665000.8256066346,-633412.5415818673,-31585.335916010707,-67.98500299232305,
10091,2vvn,91,0,10,0.49169921875,0,-665001.3073937006,-633412.5415818673,-31585.064926244526,-85.34444913604034,
10092,2vvn,92,0,10,0.49169921875,0,-664998.646482493,-633412.5415818673,-31585.237787426973,-19.99610539534913,
10093,2vvn,93,0,10,0.49169921875,0,-664990.441741023,-633412.5415818673,-31585.457793709244,174.28319310793538,
10094,2vvn,94,0,10,0.49169921875,0,-664999.140738647,-633412.5415818673,-31585.4258438061,-27.057239948038212,
10095,2vvn,95,0,10,0.49169921875,0,-664969.2999439863,-633412.5415818673,-31585.224435343665,656.4432431453139,
10096,2vvn,96,0,10,0.49169921875,0,-665000.8389457926,-633412.5415818673,-31585.402262181444,-66.76263224045636,
10097,2vvn,97,0,10,0.49169921875,0,-665000.8873868759,-633412.5415818673,-31584.969079473507,-77.86914071433416,
10098,2vvn,98,0,10,0.49169921875,0,-664999.8753254133,-633412.5415818673,-31585.052851316515,-52.598624355476524,
10099,2vvn,99,0,10,0.49169921875,0,-664996.0781082609,-633412.5415818673,-31584.458884251962,21.27007750946117,
10100,2vvn,100,0,10,0.49169921875,0,-664982.0011166366,-633412.5415818673,-31584.604703066758,349.2558779263988,
11001,3rlr,1,0,11,0.375,0,-683238.6785018113,-633412.5415818673,-49824.1832964884,-45.05162714272591,
11002,3rlr,2,0,11,0.375,0,-683214.3122562554,-633412.5415818673,-49824.13451564026,515.7224308704951,
11003,3rlr,3,0,11,0.375,0,-683226.9223755614,-633412.5415818673,-49824.180606203845,225.9890451103672,
11004,3rlr,4,0,11,0.375,0,-683240.1181250948,-633412.5415818673,-49824.17906331938,-78.34774792558048,
11005,3rlr,5,0,11,0.375,0,-683223.9776168237,-633412.5415818673,-49824.02579027249,290.3266546406446,
11006,3rlr,6,0,11,0.375,0,-683241.5499028388,-633412.5415818673,-49824.07083034231,-113.86123881789051,
11007,3rlr,7,0,11,0.375,0,-683235.1134682926,-633412.5415818673,-49822.6107996766,0.8973608911933322,
11008,3rlr,8,0,11,0.375,0,-683219.7785601014,-633412.5415818673,-49824.12587301949,389.46716600381825,
11009,3rlr,9,0,11,0.375,0,-683215.6728634846,-633412.5415818673,-49823.897821547806,478.8877873431809,
11010,3rlr,10,0,11,0.375,0,-683208.9327870823,-633412.5415818673,-49822.61633888701,604.7659494075349,
11011,3rlr,11,0,11,0.375,0,-683218.5600202588,-633412.5415818673,-49824.018581982404,415.0931722359555,
11012,3rlr,12,0,11,0.375,0,-683181.8699854701,-633412.5415818673,-49823.99309877129,1260.5978175786408,
11013,3rlr,13,0,11,0.375,0,-683237.8648113109,-633412.5415818673,-49824.10147886942,-28.174237553616088,
11014,3rlr,14,0,11,0.375,0,-683224.873537812,-633412.5415818673,-49823.9813490293,268.641386423527,
11015,3rlr,15,0,11,0.375,0,-683235.6335650692,-633412.5415818673,-49823.875621520696,18.07112893218562,
11016,3rlr,16,0,11,0.375,0,-683228.781819574,-633412.5415818673,-49823.99003678599,178.71461234584092,
11017,3rlr,17,0,11,0.375,0,-683212.4122479055,-633412.5415818673,-49824.06606809305,557.9592263659421,
11018,3rlr,18,0,11,0.375,0,-683224.9468428291,-633412.5415818673,-49823.90968633461,265.29835157234265,
11019,3rlr,19,0,11,0.375,0,-683238.4382401018,-633412.5415818673,-49824.10168497854,-41.393066624524224,
11020,3rlr,20,0,11,0.375,0,-683223.696132445,-633412.5415818673,-49823.989696451805,295.98549534168825,
11021,3rlr,21,0,11,0.375,0,-683211.4092032728,-633412.5415818673,-49824.01633608876,579.9431378315428,
11022,3rlr,22,0,11,0.375,0,-683228.9796491923,-633412.5415818673,-49824.10057628977,176.70165448365114,
11023,3rlr,23,0,11,0.375,0,-683233.0161583787,-633412.5415818673,-49824.134742060916,84.4054227221367,
11024,3rlr,24,0,11,0.375,0,-683221.9157859719,-633412.5415818673,-49822.61905947461,305.4336207685429,
11025,3rlr,25,0,11,0.375,0,-683235.4305334563,-633412.5415818673,-49822.45879947539,-9.919543390458143,
11026,3rlr,26,0,11,0.375,0,-683238.8493096068,-633412.5415818673,-49823.74227980569,-59.16063478614004,
11027,3rlr,27,0,11,0.375,0,-683233.7643392119,-633412.5415818673,-49822.542288203695,30.429104490133685,
11028,3rlr,28,0,11,0.375,0,-683231.781306585,-633412.5415818673,-49823.96346146002,108.93195708590943,
11029,3rlr,29,0,11,0.375,0,-683233.2057166185,-633412.5415818673,-49824.096521702246,79.15272345800506,
11030,3rlr,30,0,11,0.375,0,-683237.989621263,-633412.5415818673,-49824.096778215804,-31.160823071448007,
11031,3rlr,31,0,11,0.375,0,-683219.7693595755,-633412.5415818673,-49823.72595884918,380.4570953196551,
11032,3rlr,32,0,11,0.375,0,-683225.6021758614,-633412.5415818673,-49823.7495624509,246.4934683580459,
11033,3rlr,33,0,11,0.375,0,-683233.5127410914,-633412.5415818673,-49823.87846572036,67.04408051370905,
11034,3rlr,34,0,11,0.375,0,-683221.0782518022,-633412.5415818673,-49824.08091266538,358.45875297498657,
11035,3rlr,35,0,11,0.375,0,-683215.43386947,-633412.5415818673,-49824.15144944703,490.2479185486014,
11036,3rlr,36,0,11,0.375,0,-683206.8366441461,-633412.5415818673,-49823.91465820003,683.0441084637273,
11037,3rlr,37,0,11,0.375,0,-683225.8805442079,-633412.5415818673,-49822.575435413964,212.99812909429076,
11038,3rlr,38,0,11,0.375,0,-683237.9973254049,-633412.5415818673,-49823.97865476222,-34.062476355481806,
11039,3rlr,39,0,11,0.375,0,-683234.6514296826,-633412.5415818673,-49823.72893150122,37.3369567795181,
11040,3rlr,40,0,11,0.375,0,-683235.3166048562,-633412.5415818673,-49823.731581039916,22.058752688074694,
11041,3rlr,41,0,11,0.375,0,-683237.0787143277,-633412.5415818673,-49824.13847330667,-9.193298482422144,
11042,3rlr,42,0,11,0.375,0,-683236.5976752219,-633412.5415818673,-49824.010209240565,-1.0581128062085665,
11043,3rlr,43,0,11,0.375,0,-683219.8402986606,-633412.5415818673,-49823.94895230544,383.9635524188004,
11044,3rlr,44,0,11,0.375,0,-683236.5573462694,-633412.5415818673,-49824.123921678445,2.4941660441755107,
11045,3rlr,45,0,11,0.375,0,-683217.8836905422,-633412.5415818673,-49824.06559874195,431.7739382466989,
11046,3rlr,46,0,11,0.375,0,-683228.1430683138,-633412.5415818673,-49823.967156148574,192.91692629824897,
11047,3rlr,47,0,11,0.375,0,-683206.0835257471,-633412.5415818673,-49823.85777064025,699.0995730341671,
11048,3rlr,48,0,11,0.375,0,-683237.5930472738,-633412.5415818673,-49823.629575455925,-32.78956121622173,
11049,3rlr,49,0,11,0.375,0,-683228.3586928014,-633412.5415818673,-49823.980621759,188.25503184160397,
11050,3rlr,50,0,11,0.375,0,-683218.1979252044,-633412.5415818673,-49823.97653957026,422.47376150007415,
11051,3rlr,51,0,11,0.375,0,-683227.2420819906,-633412.5415818673,-49824.006808103586,214.60856030541535,
11052,3rlr,52,0,11,0.375,0,-683236.0745853515,-633412.5415818673,-49824.06148345357,12.187037610152846,
11053,3rlr,53,0,11,0.375,0,-683189.978003281,-633412.5415818673,-49823.86239992009,1070.608497927915,
11054,3rlr,54,0,11,0.375,0,-683230.2324376223,-633412.5415818673,-49824.00564499766,145.62249937056646,
11055,3rlr,55,0,11,0.375,0,-683219.6872553675,-633412.5415818673,-49824.10432995072,391.07590821896815,
11056,3rlr,56,0,11,0.375,0,-683233.1219029662,-633412.5415818673,-49823.86065857981,75.64637937888804,
11057,3rlr,57,0,11,0.375,0,-683232.5403545861,-633412.5415818673,-49824.04242599121,93.24885969823599,
11058,3rlr,58,0,11,0.375,0,-683230.0585539866,-633412.5415818673,-49823.7364261091,143.42401621121658,
11059,3rlr,59,0,11,0.375,0,-683238.0345226919,-633412.5415818673,-49823.91415350085,-36.407700593534045,
11060,3rlr,60,0,11,0.375,0,-683222.9769080791,-633412.5415818673,-49822.505801566476,278.3517742535994,
11061,3rlr,61,0,11,0.375,0,-683220.2543550519,-633412.5415818673,-49823.97747523744,375.0729396394081,
11062,3rlr,62,0,11,0.375,0,-683230.7937047242,-633412.5415818673,-49822.575467608614,99.69869843494897,
11063,3rlr,63,0,11,0.375,0,-683230.0843485172,-633412.5415818673,-49823.96018900662,147.98927520467817,
11064,3rlr,64,0,11,0.375,0,-683228.9258473212,-633412.5415818673,-49822.57899922293,142.85395437864332,
11065,3rlr,65,0,11,0.375,0,-683218.9144617051,-633412.5415818673,-49824.0604869343,407.8859094563765,
11066,3rlr,66,0,11,0.375,0,-683205.8142949053,-633412.5415818673,-49823.965959502755,707.8030781769417,
11067,3rlr,67,0,11,0.375,0,-683229.0233518543,-633412.5415818673,-49824.09945265073,175.6679354246093,
11068,3rlr,68,0,11,0.375,0,-683235.3994999843,-633412.5415818673,-49824.03680914308,27.18587289216515,
11069,3rlr,69,0,11,0.375,0,-683238.523384878,-633412.5415818673,-49823.944417374114,-46.98322892152766,
11070,3rlr,70,0,11,0.375,0,-683238.2058408785,-633412.5415818673,-49823.460626273016,-50.8169781617472,
11071,3rlr,71,0,11,0.375,0,-683225.9258167804,-633412.5415818673,-49823.50283902408,233.34055407891472,
11072,3rlr,72,0,11,0.375,0,-683222.4584875436,-633412.5415818673,-49823.51572504119,313.5962244024418,
11073,3rlr,73,0,11,0.375,0,-683234.8884969366,-633412.5415818673,-49823.500125112536,26.593655358821522,
11074,3rlr,74,0,11,0.375,0,-683221.804153326,-633412.5415818673,-49823.42731477888,326.6467408432771,
11075,3rlr,75,0,11,0.375,0,-683214.2665172238,-633412.5415818673,-49823.437219632564,500.69717005953356,
11076,3rlr,76,0,11,0.375,0,-683214.7533040049,-633412.5415818673,-49823.19834159161,483.9629417213159,
11077,3rlr,77,0,11,0.375,0,-683237.3604473114,-633412.5415818673,-49823.411332276,-32.45848594752984,
11078,3rlr,78,0,11,0.375,0,-683236.9101315576,-633412.5415818673,-49823.43346327824,-21.563604932176627,
11079,3rlr,79,0,11,0.375,0,-683236.4280308923,-633412.5415818673,-49823.35550858648,-12.243777378010098,
11080,3rlr,80,0,11,0.375,0,-683237.133467159,-633412.5415818673,-49823.50118084674,-25.152242022981422,
11081,3rlr,81,0,11,0.375,0,-683236.9392926428,-633412.5415818673,-49823.378842492035,-23.49566078373681,
11082,3rlr,82,0,11,0.375,0,-683237.1322182063,-633412.5415818673,-49823.3865152706,-27.767691492620017,
11083,3rlr,83,0,11,0.375,0,-683237.1442968969,-633412.5415818673,-49823.37354967696,-28.345226406649523,
11084,3rlr,84,0,11,0.375,0,-683238.5750692083,-633412.5415818673,-49823.43292438466,-59.97040644164741,
11085,3rlr,85,0,11,0.375,0,-683210.1778836441,-633412.5415818673,-49823.40709162437,594.2885319113992,
11086,3rlr,86,0,11,0.375,0,-683236.8941570179,-633412.5415818673,-49823.37316504533,-22.58573358001304,
11087,3rlr,87,0,11,0.375,0,-683243.1298301633,-633412.5415818673,-49823.38690928484,-166.06682271271382,
11088,3rlr,88,0,11,0.375,0,-683232.8241637818,-633412.5415818673,-49823.46233386988,73.32682205503926,
11089,3rlr,89,0,11,0.375,0,-683227.7361561607,-633412.5415818673,-49823.403472855614,189.30169792954527,
11090,3rlr,90,0,11,0.375,0,-683240.1257274919,-633412.5415818673,-49823.45511664357,-95.21767031234266,
11091,3rlr,91,0,11,0.375,0,-683219.528865647,-633412.5415818673,-49824.16695887427,396.17271923120074,
11092,3rlr,92,0,11,0.375,0,-683217.4784863952,-633412.5415818673,-49823.512634392406,428.36650702804457,
11093,3rlr,93,0,11,0.375,0,-683232.8400808362,-633412.5415818673,-49823.5683786443,75.40521665386701,
11094,3rlr,94,0,11,0.375,0,-683231.5715515118,-633412.5415818673,-49823.5614432856,104.49826464381987,
11095,3rlr,95,0,11,0.375,0,-683223.8608596254,-633412.5415818673,-49824.127602447494,295.3669841292158,
11096,3rlr,96,0,11,0.375,0,-683221.8894009725,-633412.5415818673,-49824.13419975423,340.9820381974681,
11097,3rlr,97,0,11,0.375,0,-683225.8640536312,-633412.5415818673,-49824.15738574124,249.85905201412587,
11098,3rlr,98,0,11,0.375,0,-683215.5148217902,-633412.5415818673,-49824.176877454665,488.9674974844752,
11099,3rlr,99,0,11,0.375,0,-683215.1497732622,-633412.5415818673,-49824.1846412624,497.5647541833842,
11100,3rlr,100,0,11,0.375,0,-683233.3053673444,-633412.5415818673,-49824.18625351675,78.92398792612987,
12001,2xdl,1,0,12,0.375,0,-653757.3259515472,-633412.5415818673,-20342.995210804267,-41.25898383001742,
12002,2xdl,2,0,12,0.375,0,-653747.0484971189,-633412.5415818673,-20342.942477094515,194.52867735650585,
12003,2xdl,3,0,12,0.375,0,-653748.4879574827,-633412.5415818673,-20342.708768667584,155.94448842866478,
12004,2xdl,4,0,12,0.375,0,-653749.5538204788,-633412.5415818673,-20342.684677506462,130.8095484516144,
12005,2xdl,5,0,12,0.375,0,-653754.4798882918,-633412.5415818673,-20343.051798574736,25.67773898874364,
12006,2xdl,6,0,12,0.375,0,-653755.2667085723,-633412.5415818673,-20342.602872927793,-2.819239077120108,
12007,2xdl,7,0,12,0.375,0,-653753.6677845293,-633412.5415818673,-20342.929805264106,41.59206407307204,
12008,2xdl,8,0,12,0.375,0,-653747.7178093715,-633412.5415818673,-20336.311737715638,26.185487541376606,
12009,2xdl,9,0,12,0.375,0,-653746.5318201415,-633412.5415818673,-20340.904107611394,159.43761454466105,
12010,2xdl,10,0,12,0.375,0,-653742.129929448,-633412.5415818673,-20340.89484794126,260.73409236048786,
12011,2xdl,11,0,12,0.375,0,-653752.460458478,-633412.5415818673,-20336.702852463925,-74.1632786610571,
12012,2xdl,12,0,12,0.375,0,-653754.1260177412,-633412.5415818673,-20341.78548265724,4.636248963460957,
12013,2xdl,13,0,12,0.375,0,-653756.9156353456,-633412.5415818673,-20342.38787662563,-45.80232631236091,
12014,2xdl,14,0,12,0.375,0,-653729.8976974693,-633412.5415818673,-20341.580284972606,558.6226164261866,
12015,2xdl,15,0,12,0.375,0,-653752.575907861,-633412.5415818673,-20341.5838923265,35.73384853341622,
12016,2xdl,16,0,12,0.375,0,-653739.9230790589,-633412.5415818673,-20341.582264300636,327.47746914906907,
12017,2xdl,17,0,12,0.375,0,-653753.9585119733,-633412.5415818673,-20340.072050229406,-31.013666720694683,
12018,2xdl,18,0,12,0.375,0,-653755.2516661258,-633412.5415818673,-20341.253823314175,-33.582175162285445,
12019,2xdl,19,0,12,0.375,0,-653730.7862637918,-633412.5415818673,-20336.757280163038,426.9106571469504,
12020,2xdl,20,0,12,0.375,0,-653750.1328163014,-633412.5415818673,-20342.413465673933,111.20329415502563,
12021,2xdl,21,0,12,0.375,0,-653756.508032451,-633412.5415818673,-20342.437957851318,-35.24787976550305,
12022,2xdl,22,0,12,0.375,0,-653752.7845911076,-633412.5415818673,-20340.896743539866,15.075471082130754,
12023,2xdl,23,0,12,0.375,0,-653728.0862132458,-633412.5415818673,-20342.749970289828,627.3700192130474,
12024,2xdl,24,0,12,0.375,0,-653751.9183345605,-633412.5415818673,-20340.297041372403,21.222361104605508,
12025,2xdl,25,0,12,0.375,0,-653728.6897811542,-633412.5415818673,-20340.890008398732,570.5596724395838,
12026,2xdl,26,0,12,0.375,0,-653754.2954955589,-633412.5415818673,-20342.4504493943,16.062494887432376,
12027,2xdl,27,0,12,0.375,0,-653757.1733394978,-633412.5415818673,-20342.51664591196,-48.77563495249425,
12028,2xdl,28,0,12,0.375,0,-653750.6946894652,-633412.5415818673,-20342.60723029735,102.71450955280588,
12029,2xdl,29,0,12,0.375,0,-653744.8159206291,-633412.5415818673,-20341.5569489431,214.06207607862396,
12030,2xdl,30,0,12,0.375,0,-653753.4205804515,-633412.5415818673,-20340.661084226726,-5.025224464220905,
12031,2xdl,31,0,12,0.375,0,-653721.3679298732,-633412.5415818673,-20342.803185087745,783.5244766587978,
12032,2xdl,32,0,12,0.375,0,-653718.7615774377,-633412.5415818673,-20342.57338628593,838.3291053987031,
12033,2xdl,33,0,12,0.375,0,-653752.4315166349,-633412.5415818673,-20341.010017878434,25.829730151205112,
12034,2xdl,34,0,12,0.375,0,-653754.0012787525,-633412.5415818673,-20341.37096695393,-2.046160823993718,
12035,2xdl,35,0,12,0.375,0,-653756.5015157758,-633412.5415818673,-20342.408560400203,-35.775522992156844,
12036,2xdl,36,0,12,0.375,0,-653751.761537732,-633412.5415818673,-20336.668772595953,-58.83168379388965,
12037,2xdl,37,0,12,0.375,0,-653727.9406449941,-633412.5415818673,-20342.573276991978,626.6522585954984,
12038,2xdl,38,0,12,0.375,0,-653733.4362659904,-633412.5415818673,-20342.527113174514,498.855664832415,
12039,2xdl,39,0,12,0.375,0,-653740.1966595043,-633412.5415818673,-20336.634729585512,207.0756932596642,
12040,2xdl,40,0,12,0.375,0,-653747.3530887441,-633412.5415818673,-20341.768956778727,160.4426062416479,
12041,2xdl,41,0,12,0.375,0,-653738.1572026015,-633412.5415818673,-20341.075990412428,356.5245944418322,
12042,2xdl,42,0,12,0.375,0,-653754.8429040494,-633412.5415818673,-20342.585146364127,6.545141123385475,
12043,2xdl,43,0,12,0.375,0,-653753.5110995454,-633412.5415818673,-20340.009011607886,-22.14979617465651,
12044,2xdl,44,0,12,0.375,0,-653733.6330020367,-633412.5415818673,-20336.01805558304,344.2163899052359,
12045,2xdl,45,0,12,0.375,0,-653747.7511653029,-633412.5415818673,-20342.40667036086,165.96876727936126,
12046,2xdl,46,0,12,0.375,0,-653750.425164124,-633412.5415818673,-20342.651773374062,109.95709932666716,
12047,2xdl,47,0,12,0.375,0,-653746.7480072032,-633412.5415818673,-20341.47931760458,167.7168800274955,
12048,2xdl,48,0,12,0.375,0,-653703.7479321953,-633412.5415818673,-20341.057293118476,1149.5900506200378,
12049,2xdl,49,0,12,0.375,0,-653751.3876985344,-633412.5415818673,-20342.475598057026,83.6978291916345,
12050,2xdl,50,0,12,0.375,0,-653729.5766610635,-633412.5415818673,-20341.722968196762,569.3162451341973,
12051,2xdl,51,0,12,0.375,0,-653757.8618565721,-633412.5415818673,-20342.757009046403,-59.1103103188356,
12052,2xdl,52,0,12,0.375,0,-653758.5347509197,-633412.5415818673,-20342.749997815663,-74.78930542789203,
12053,2xdl,53,0,12,0.375,0,-653749.0423403948,-633412.5415818673,-20340.227346255582,85.93715454739446,
12054,2xdl,54,0,12,0.375,0,-653734.4701046364,-633412.5415818673,-20341.601673802463,453.6736403831869,
12055,2xdl,55,0,12,0.375,0,-653736.829379121,-633412.5415818673,-20342.50965076111,420.20592437024095,
12056,2xdl,56,0,12,0.375,0,-653751.5423168455,-633412.5415818673,-20341.13952779337,49.321734013106415,
12057,2xdl,57,0,12,0.375,0,-653717.2981785976,-633412.5415818673,-20342.56636500033,871.9139696551013,
12058,2xdl,58,0,12,0.375,0,-653756.2282752949,-633412.5415818673,-20342.387029966434,-29.970951410353848,
12059,2xdl,59,0,12,0.375,0,-653751.7847728458,-633412.5415818673,-20342.492363448702,74.92769715816867,
12060,2xdl,60,0,12,0.375,0,-653739.7418164243,-633412.5415818673,-20342.57018539913,354.4394865483741,
12061,2xdl,61,0,12,0.375,0,-653754.1454272185,-633412.5415818673,-20342.44096414228,19.304417920220843,
12062,2xdl,62,0,12,0.375,0,-653688.2041551762,-633412.5415818673,-20342.49532425358,1541.1998498112816,
12063,2xdl,63,0,12,0.375,0,-653750.0349631147,-633412.5415818673,-20340.903909385328,78.64864725258994,
12064,2xdl,64,0,12,0.375,0,-653740.6143416459,-633412.5415818673,-20336.512525293427,194.6256163341456,
12065,2xdl,65,0,12,0.375,0,-653724.6147400176,-633412.5415818673,-20342.452162580015,700.5564846978981,
12066,2xdl,66,0,12,0.375,0,-653744.053475403,-633412.5415818673,-20336.789578764197,121.70631264599152,
12067,2xdl,67,0,12,0.375,0,-653756.1523481105,-633412.5415818673,-20341.783769278845,-42.131550882657194,
12068,2xdl,68,0,12,0.375,0,-653738.1830576694,-633412.5415818673,-20342.71888602366,393.8144352357516,
12069,2xdl,69,0,12,0.375,0,-653725.5533095512,-633412.5415818673,-20341.806291820947,664.0184235431716,
12070,2xdl,70,0,12,0.375,0,-653745.7804335087,-633412.5415818673,-20342.061305770512,203.4506254273464,
12071,2xdl,71,0,12,0.375,0,-653756.1161553869,-633412.5415818673,-20341.47817828824,-48.34402250561362,
12072,2xdl,72,0,12,0.375,0,-653756.1345752523,-633412.5415818673,-20342.58314383712,-23.287683801572175,
12073,2xdl,73,0,12,0.375,0,-653749.0914454686,-633412.5415818673,-20336.712795856805,3.7573070703948663,
12074,2xdl,74,0,12,0.375,0,-653744.3734170595,-633412.5415818673,-20342.38639152086,243.39385104621348,
12075,2xdl,75,0,12,0.375,0,-653752.1626399246,-633412.5415818673,-20342.352836571645,62.9963090928156,
12076,2xdl,76,0,12,0.375,0,-653747.1460256616,-633412.5415818673,-20336.743189914694,49.320657205763844,
12077,2xdl,77,0,12,0.375,0,-653746.1677638951,-633412.5415818673,-20341.726601251252,186.8001049491023,
12078,2xdl,78,0,12,0.375,0,-653744.5650962006,-633412.5415818673,-20342.555708538046,242.8781682199715,
12079,2xdl,79,0,12,0.375,0,-653757.3116249087,-633412.5415818673,-20342.366011838956,-55.43827653119375,
12080,2xdl,80,0,12,0.375,0,-653734.0017365468,-633412.5415818673,-20340.94463016064,449.3226787876499,
12081,2xdl,81,0,12,0.375,0,-653741.0401116458,-633412.5415818673,-20336.687162015627,188.83434537022038,
12082,2xdl,82,0,12,0.375,0,-653743.9310715927,-633412.5415818673,-20337.999617785914,152.433174304499,
12083,2xdl,83,0,12,0.375,0,-653743.486531896,-633412.5415818673,-20341.965137735773,254.13156571932413,
12084,2xdl,84,0,12,0.375,0,-653738.9735421684,-633412.5415818673,-20340.29462491905,319.68064048150006,
12085,2xdl,85,0,12,0.375,0,-653747.1656928988,-633412.5415818673,-20342.490841535862,181.41111506571264,
12086,2xdl,86,0,12,0.375,0,-653749.0625863527,-633412.5415818673,-20342.759614732815,143.86577000636308,
12087,2xdl,87,0,12,0.375,0,-653735.2015776403,-633412.5415818673,-20340.86621799529,419.84545837221395,
12088,2xdl,88,0,12,0.375,0,-653757.2920867574,-633412.5415818673,-20342.453299687604,-52.97481044907627,
12089,2xdl,89,0,12,0.375,0,-653757.5131688559,-633412.5415818673,-20342.46929577473,-57.70420622493359,
12090,2xdl,90,0,12,0.375,0,-653737.4115330862,-633412.5415818673,-20342.53914555071,407.4613010160555,
12091,2xdl,91,0,12,0.375,0,-653756.5011358082,-633412.5415818673,-20342.1222242066,-42.36983021891684,
12092,2xdl,92,0,12,0.375,0,-653748.2774421851,-633412.5415818673,-20342.299748396646,151.3668549963985,
12093,2xdl,93,0,12,0.375,0,-653727.8719111908,-633412.5415818673,-20342.51366912825,626.8627077625509,
12094,2xdl,94,0,12,0.375,0,-653755.7616287922,-633412.5415818673,-20342.450699016605,-17.741584237466306,
12095,2xdl,95,0,12,0.375,0,-653738.4738656284,-633412.5415818673,-20342.485434878476,381.72473308979335,
12096,2xdl,96,0,12,0.375,0,-653750.0810918863,-633412.5415818673,-20342.3967423488,112.01043846560127,
12097,2xdl,97,0,12,0.375,0,-653757.7182789494,-633412.5415818673,-20342.421110734987,-63.54533075942922,
12098,2xdl,98,0,12,0.375,0,-653734.3503377157,-633412.5415818673,-20342.38913646006,474.59485146660825,
12099,2xdl,99,0,12,0.375,0,-653739.5445074516,-633412.5415818673,-20342.965232415387,368.09954016470186,
12100,2xdl,100,0,12,0.375,0,-653738.4761583129,-633412.5415818673,-20342.88764208437,390.9469810382824,
13001,1yc1,1,0,13,0.375,-1,-668600.9397410018,-633412.5415818673,-35192.830954109326,102.22268053912364,
13002,1yc1,2,0,13,0.375,-1,-668596.6191867413,-633412.5415818673,-35193.22608209089,210.9688964366152,
13003,1yc1,3,0,13,0.375,-1,-668606.4098547231,-633412.5415818673,-35192.72029816566,-26.472925252128107,
13004,1yc1,4,0,13,0.375,-1,-668604.1468142236,-633412.5415818673,-35192.92278531059,30.38349292067732,
13005,1yc1,5,0,13,0.375,-1,-668606.0976282945,-633412.5415818673,-35192.964861464076,-13.633049119510474,
13006,1yc1,6,0,13,0.375,-1,-668596.4826014352,-633412.5415818673,-35193.09002053923,210.9809745019186,
13007,1yc1,7,0,13,0.375,-1,-668593.5991209047,-633412.5415818673,-35192.68892411064,268.22611181713654,
13008,1yc1,8,0,13,0.375,-1,-668600.4759107829,-633412.5415818673,-35192.802994437916,112.2740941470901,
13009,1yc1,9,0,13,0.375,-1,-668575.3018048654,-633412.5415818673,-35193.20218073745,702.0082225059436,
13010,1yc1,10,0,13,0.375,-1,-668608.9928410134,-633412.5415818673,-35193.104930962545,-77.16816113370808,
13011,1yc1,11,0,13,0.375,-1,-668608.953128336,-633412.5415818673,-35192.858407448446,-81.93733232620525,
13012,1yc1,12,0,13,0.375,-1,-668561.4941616,-633412.5415818673,-35193.426823655725,1025.600429216358,
13013,1yc1,13,0,13,0.375,-1,-668581.2316702564,-633412.5415818673,-35192.854508042,557.2447552050506,
13014,1yc1,14,0,13,0.375,-1,-668601.8268155587,-633412.5415818673,-35192.84468940395,82.08299870908768,
13015,1yc1,15,0,13,0.375,-1,-668601.2262340549,-633412.5415818673,-35192.8863881582,96.89433332099556,
13016,1yc1,16,0,13,0.375,-1,-668601.3841029775,-633412.5415818673,-35193.0168212545,96.26164813705529,
13017,1yc1,17,0,13,0.375,-1,-668596.6828592431,-633412.5415818673,-35193.05958922777,205.66115702927226,
13018,1yc1,18,0,13,0.375,-1,-668596.8721980425,-633412.5415818673,-35192.93080376789,198.3250373336593,
13019,1yc1,19,0,13,0.375,-1,-668587.9188410301,-633412.5415818673,-35192.41394383096,392.8752816643747,
13020,1yc1,20,0,13,0.375,-1,-668600.0506273361,-633412.5415818673,-35193.03747878408,127.48870089358611,
13021,1yc1,21,0,13,0.375,-1,-668590.6444500716,-633412.5415818673,-35192.92705272795,341.85381625633215,
13022,1yc1,22,0,13,0.375,-1,-668571.9830752723,-633412.5415818673,-35189.8989282635,702.3651333517553,
13023,1yc1,23,0,13,0.375,-1,-668604.1362084148,-633412.5415818673,-35192.90778748185,30.2822105349762,
13024,1yc1,24,0,13,0.375,-1,-668606.0662401556,-633412.5415818673,-35193.12973697404,-9.10710185771607,
13025,1yc1,25,0,13,0.375,-1,-668567.3330728799,-633412.5415818673,-35192.929133874706,879.4749373670265,
13026,1yc1,26,0,13,0.375,-1,-668577.0475428081,-633412.5415818673,-35192.724244557154,650.7290790317668,
13027,1yc1,27,0,13,0.375,-1,-668604.2704511174,-633412.5415818673,-35192.912169934985,27.287562040402925,
13028,1yc1,28,0,13,0.375,-1,-668610.1052866918,-633412.5415818673,-35193.038761297124,-104.34767664483405,
13029,1yc1,29,0,13,0.375,-1,-668609.1112313595,-633412.5415818673,-35192.73773018734,-88.3661584144554,
13030,1yc1,30,0,13,0.375,-1,-668611.1058718085,-633412.5415818673,-35192.92506754844,-130.0435577161085,
13031,1yc1,31,0,13,0.375,-1,-668608.6392703755,-633412.5415818673,-35192.85189205106,-74.84984444875904,
13032,1yc1,32,0,13,0.375,-1,-668593.8368466047,-633412.5415818673,-35193.00906794752,270.1267192042818,
13033,1yc1,33,0,13,0.375,-1,-668597.6005997421,-633412.5415818673,-35192.94795117669,181.92312373892307,
13034,1yc1,34,0,13,0.375,-1,-668609.2358216282,-633412.5415818673,-35193.017299205196,-84.79226355704891,
13035,1yc1,35,0,13,0.375,-1,-668607.1275890359,-633412.5415818673,-35192.836042789146,-40.35513727504431,
13036,1yc1,36,0,13,0.375,-1,-668605.9492600022,-633412.5415818673,-35193.01903813556,-8.96225129540868,
13037,1yc1,37,0,13,0.375,-1,-668587.7910939088,-633412.5415818673,-35193.18473366045,413.5960359948911,
13038,1yc1,38,0,13,0.375,-1,-668592.523132815,-633412.5415818673,-35192.94410261409,298.92354270825206,
13039,1yc1,39,0,13,0.375,-1,-668606.2426008316,-633412.5415818673,-35192.85176779676,-19.584197169001484,
13040,1yc1,40,0,13,0.375,-1,-668581.9855575612,-633412.5415818673,-35192.98248132573,542.8108349841955,
13041,1yc1,41,0,13,0.375,-1,-668589.0068319632,-633412.5415818673,-35191.80100191093,353.6508382481545,
13042,1yc1,42,0,13,0.375,-1,-668602.5229382681,-633412.5415818673,-35192.751286385144,63.87610288959282,
13043,1yc1,43,0,13,0.375,-1,-668557.7383814903,-633412.5415818673,-35192.77598320952,1097.2020388368228,
13044,1yc1,44,0,13,0.375,-1,-668560.7685921881,-633412.5415818673,-35192.96454365753,1031.6720273339158,
13045,1yc1,45,0,13,0.375,-1,-668587.8483152284,-633412.5415818673,-35192.84726771283,404.49433139277977,
13046,1yc1,46,0,13,0.375,-1,-668594.3260834832,-633412.5415818673,-35192.61502804417,249.75787272969094,
13047,1yc1,47,0,13,0.375,-1,-668599.2288788073,-633412.5415818673,-35192.98843712708,145.30774467131914,
13048,1yc1,48,0,13,0.375,-1,-668601.7492307884,-633412.5415818673,-35192.92610666892,85.7496727480223,
13049,1yc1,49,0,13,0.375,-1,-668601.6108354032,-633412.5415818673,-35192.94171902403,89.30117561043232,
13050,1yc1,50,0,13,0.375,-1,-668593.4156487877,-633412.5415818673,-35192.96278649462,278.7724959503481,
13051,1yc1,51,0,13,0.375,-1,-668582.9636091188,-633412.5415818673,-35193.03976336606,521.5773854886219,
13052,1yc1,52,0,13,0.375,-1,-668567.2696489255,-633412.5415818673,-35192.09456463067,861.6919045314274,
13053,1yc1,53,0,13,0.375,-1,-668585.552535924,-633412.5415818673,-35191.99343054572,437.7463070175132,
13054,1yc1,54,0,13,0.375,-1,-668594.9355406559,-633412.5415818673,-35192.822459655676,240.4869430468964,
13055,1yc1,55,0,13,0.375,-1,-668609.1974028962,-633412.5415818673,-35192.93335933055,-85.84200604432198,
13056,1yc1,56,0,13,0.375,-1,-668595.8641951033,-633412.5415818673,-35192.92346345459,221.40086567965994,
13057,1yc1,57,0,13,0.375,-1,-668598.0660737265,-633412.5415818673,-35193.06283350767,173.83828814689707,
13058,1yc1,58,0,13,0.375,-1,-668598.6620214772,-633412.5415818673,-35193.04962573924,159.7908281610296,
13059,1yc1,59,0,13,0.375,-1,-668599.9798206609,-633412.5415818673,-35192.70862475335,121.53798750987221,
13060,1yc1,60,0,13,0.375,-1,-668607.5323320727,-633412.5415818673,-35193.06244668459,-44.467735575184115,
13061,1yc1,61,0,13,0.375,-1,-668600.9262614824,-633412.5415818673,-35193.04840670605,107.54810164876866,
13062,1yc1,62,0,13,0.375,-1,-668595.6226344752,-633412.5415818673,-35193.057885979295,230.07124315748322,
13063,1yc1,63,0,13,0.375,-1,-668599.7132463746,-633412.5415818673,-35192.98313969413,134.01580151093748,
13064,1yc1,64,0,13,0.375,-1,-668592.9361926598,-633412.5415818673,-35192.97828902322,290.18651372437836,
13065,1yc1,65,0,13,0.375,-1,-668601.7480998269,-633412.5415818673,-35192.89664695438,85.09639618540463,
13066,1yc1,66,0,13,0.375,-1,-668584.2869462377,-633412.5415818673,-35192.85402171212,486.7772022687054,
13067,1yc1,67,0,13,0.375,-1,-668607.5774069619,-633412.5415818673,-35193.05737790805,-45.62407597745856,
13068,1yc1,68,0,13,0.375,-1,-668594.6420505501,-633412.5415818673,-35192.79765741523,246.68303241674832,
13069,1yc1,69,0,13,0.375,-1,-668593.4256234604,-633412.5415818673,-35192.4917773144,267.6807448043739,
13070,1yc1,70,0,13,0.375,-1,-668601.4601207139,-633412.5415818673,-35192.91119561897,92.07285246923725,
13071,1yc1,71,0,13,0.375,-1,-668593.7316773637,-633412.5415818673,-35192.98046515744,271.8923835071865,
13072,1yc1,72,0,13,0.375,-1,-668593.4469382592,-633412.5415818673,-35192.67597582926,271.4369325309285,
13073,1yc1,73,0,13,0.375,-1,-668586.9505961583,-633412.5415818673,-35192.42785869763,415.5244232912325,
13074,1yc1,74,0,13,0.375,-1,-668598.5548380374,-633412.5415818673,-35192.455378807026,148.5588771998155,
13075,1yc1,75,0,13,0.375,-1,-668604.0192704453,-633412.5415818673,-35192.86299795392,31.945993121864095,
13076,1yc1,76,0,13,0.375,-1,-668610.7174511554,-633412.5415818673,-35192.453372204574,-131.96391770650666,
13077,1yc1,77,0,13,0.375,-1,-668597.2059733152,-633412.5415818673,-35192.51121498428,180.9520494790298,
13078,1yc1,78,0,13,0.375,-1,-668592.3489098046,-633412.5415818673,-35192.528896917276,293.36634994245685,
13079,1yc1,79,0,13,0.375,-1,-668587.6435934891,-633412.5415818673,-35192.48456823079,400.8512780998243,
13080,1yc1,80,0,13,0.375,-1,-668609.0735495302,-633412.5415818673,-35192.538194129345,-92.09860559688813,
13081,1yc1,81,0,13,0.375,-1,-668607.3341683357,-633412.5415818673,-35192.67614726853,-48.806247398989434,
13082,1yc1,82,0,13,0.375,-1,-668548.8824204477,-633412.5415818673,-35192.12123841608,1286.326578421989,
13083,1yc1,83,0,13,0.375,-1,-668586.0692977066,-633412.5415818673,-35192.70402654354,442.21623020932407,
13084,1yc1,84,0,13,0.375,-1,-668590.0569872704,-633412.5415818673,-35192.30527608957,341.0625203740705,
13085,1yc1,85,0,13,0.375,-1,-668608.8383936314,-633412.5415818673,-35192.69442342686,-83.07304855605759,
13086,1yc1,86,0,13,0.375,-1,-668599.9011807998,-633412.5415818673,-35192.00642817515,107.15842800952348,
13087,1yc1,87,0,13,0.375,-1,-668589.9320840103,-633412.5415818673,-35192.55325265006,349.66133331022854,
13088,1yc1,88,0,13,0.375,-1,-668611.1608665893,-633412.5415818673,-35192.881706452325,-132.311698120294,
13089,1yc1,89,0,13,0.375,-1,-668601.506375087,-633412.5415818673,-35192.105721324326,72.43152278933215,
13090,1yc1,90,0,13,0.375,-1,-668605.3320651568,-633412.5415818673,-35192.50162346254,-6.661265856377325,
13091,1yc1,91,0,13,0.375,-1,-668556.550787015,-633412.5415818673,-35192.3603424281,1115.0037139186206,
13092,1yc1,92,0,13,0.375,-1,-668609.0180179334,-633412.5415818673,-35192.818883316795,-84.3451701181728,
13093,1yc1,93,0,13,0.375,-1,-668605.9494096665,-633412.5415818673,-35193.38562649504,-0.511974236741529,
13094,1yc1,94,0,13,0.375,-1,-668605.2717382528,-633412.5415818673,-35193.38607110407,15.12575273868875,
13095,1yc1,95,0,13,0.375,-1,-668595.1649034455,-633412.5415818673,-35192.88190731231,236.56860699462936,
13096,1yc1,96,0,13,0.375,-1,-668596.5833418267,-633412.5415818673,-35192.6098970082,197.58593423269096,
13097,1yc1,97,0,13,0.375,-1,-668613.1515971151,-633412.5415818673,-35192.84027326685,-179.17450658406588,
13098,1yc1,98,0,13,0.375,-1,-668580.8805583066,-633412.5415818673,-35192.68927870282,561.5313100374194,
13099,1yc1,99,0,13,0.375,-1,-668604.8118251135,-633412.5415818673,-35192.79549302921,12.11254774357242,
13100,1yc1,100,0,13,0.375,-1,-668610.0131923249,-633412.5415818673,-35193.11250815054,-100.52328725140683,
14001,2yki,1,0,14,0.375,0,-672638.3554342109,-633412.5415818673,-39255.237033592326,678.5146785154067,
14002,2yki,2,0,14,0.375,0,-672645.2401141919,-633412.5415818673,-39255.44696142464,524.5912373321645,
14003,2yki,3,0,14,0.375,0,-672673.0677236681,-633412.5415818673,-39255.86187406285,-107.56056926579888,
14004,2yki,4,0,14,0.375,0,-672658.2330381391,-633412.5415818673,-39255.851579612085,234.29801025359527,
14005,2yki,5,0,14,0.375,0,-672667.0423469719,-633412.5415818673,-39255.776020390585,29.40808551729496,
14006,2yki,6,0,14,0.375,0,-672654.186764854,-633412.5415818673,-39255.494379369666,319.3700556040072,
14007,2yki,7,0,14,0.375,0,-672638.5853299819,-633412.5415818673,-39255.40741142183,677.1421621784257,
14008,2yki,8,0,14,0.375,0,-672632.6635295117,-633412.5415818673,-39254.88075009979,801.5570265575942,
14009,2yki,9,0,14,0.375,0,-672640.1575133974,-633412.5415818673,-39255.542876455795,644.0106492212633,
14010,2yki,10,0,14,0.375,0,-672651.165601759,-633412.5415818673,-39254.73319784149,371.4864686225221,
14011,2yki,11,0,14,0.375,0,-672631.7146570007,-633412.5415818673,-39255.37444819702,834.823495066117,
14012,2yki,12,0,14,0.375,0,-672642.1232461066,-633412.5415818673,-39255.14691655494,589.5487238269637,
14013,2yki,13,0,14,0.375,0,-672630.8912471611,-633412.5415818673,-39255.10405564235,847.5763766174603,
14014,2yki,14,0,14,0.375,0,-672653.9968015974,-633412.5415818673,-39254.691797847234,305.2427427826731,
14015,2yki,15,0,14,0.375,0,-672656.3810726422,-633412.5415818673,-39255.12461356931,260.2411139747793,
14016,2yki,16,0,14,0.375,0,-672653.542743925,-633412.5415818673,-39254.881376548394,320.0853501609146,
14017,2yki,17,0,14,0.375,0,-672654.4349171692,-633412.5415818673,-39255.41959380752,311.9229312383095,
14018,2yki,18,0,14,0.375,0,-672626.2118815737,-633412.5415818673,-39254.93263840672,951.5321352018997,
14019,2yki,19,0,14,0.375,0,-672644.8017352457,-633412.5415818673,-39255.66045902378,539.6238675845502,
14020,2yki,20,0,14,0.375,0,-672656.2742461403,-633412.5415818673,-39254.8953605647,257.41789175324953,
14021,2yki,21,0,14,0.375,0,-672636.4730052868,-633412.5415818673,-39255.559484939324,729.3604254675536,
14022,2yki,22,0,14,0.375,0,-672649.7524263427,-633412.5415818673,-39255.395649068974,419.35155611996447,
14023,2yki,23,0,14,0.375,0,-672640.8645113684,-633412.5415818673,-39255.13453132797,618.290226342038,
14024,2yki,24,0,14,0.375,0,-672651.3151835669,-633412.5415818673,-39254.9351072711,372.6931722459118,
14025,2yki,25,0,14,0.375,0,-672669.096466747,-633412.5415818673,-39254.926063022824,-37.561524338825656,
14026,2yki,26,0,14,0.375,0,-672667.4457125892,-633412.5415818673,-39255.5340584735,14.52647904495608,
14027,2yki,27,0,14,0.375,0,-672648.1729210261,-633412.5415818673,-39255.131935619174,449.6944373986129,
14028,2yki,28,0,14,0.375,0,-672663.1315915966,-633412.5415818673,-39255.377569604774,110.40375349852768,
14029,2yki,29,0,14,0.375,0,-672662.983126834,-633412.5415818673,-39255.63602464014,119.78754696283491,
14030,2yki,30,0,14,0.375,0,-672667.2837070001,-633412.5415818673,-39255.864939241976,25.89270846908637,
14031,2yki,31,0,14,0.375,0,-672650.2713276236,-633412.5415818673,-39255.151544890236,401.7562322219638,
14032,2yki,32,0,14,0.375,0,-672668.0012147062,-633412.5415818673,-39255.64118257754,4.186636430235906,
14033,2yki,33,0,14,0.375,0,-672636.5320404439,-633412.5415818673,-39255.112757801464,717.6972698740235,
14034,2yki,34,0,14,0.375,0,-672668.9546325734,-633412.5415818673,-39254.95983156477,-33.51202951820725,
14035,2yki,35,0,14,0.375,0,-672657.9086769668,-633412.5415818673,-39255.126182798085,225.0499086557552,
14036,2yki,36,0,14,0.375,0,-672661.8861053032,-633412.5415818673,-39255.10599560253,132.86270447273313,
14037,2yki,37,0,14,0.375,0,-672666.4750062011,-633412.5415818673,-39255.65849339684,39.78103763916354,
14038,2yki,38,0,14,0.375,0,-672668.5716571065,-633412.5415818673,-39255.14490296935,-20.412557468451993,
14039,2yki,39,0,14,0.375,0,-672669.2472898412,-633412.5415818673,-39255.412305919934,-29.82655993010275,
14040,2yki,40,0,14,0.375,0,-672664.4789959078,-633412.5415818673,-39255.11724644723,73.32867730752092,
14041,2yki,41,0,14,0.375,0,-672657.1688873096,-633412.5415818673,-39255.41239019628,248.70996282528893,
14042,2yki,42,0,14,0.375,0,-672671.3474453808,-633412.5415818673,-39255.64853510365,-72.80972281211716,
14043,2yki,43,0,14,0.375,0,-672663.3653884027,-633412.5415818673,-39254.876770089206,93.4635598870816,
14044,2yki,44,0,14,0.375,0,-672667.8273128867,-633412.5415818673,-39255.653096841044,8.471657100159321,
14045,2yki,45,0,14,0.375,0,-672649.1029858936,-633412.5415818673,-39254.8714542197,422.23978826481334,
14046,2yki,46,0,14,0.375,0,-672666.0598412503,-633412.5415818673,-39255.38999873167,43.163334775521996,
14047,2yki,47,0,14,0.375,0,-672628.6288686582,-633412.5415818673,-39255.87087988297,917.4314513723912,
14048,2yki,48,0,14,0.375,0,-672644.3553474366,-633412.5415818673,-39255.40702154916,544.073408002263,
14049,2yki,49,0,14,0.375,0,-672625.3775394977,-633412.5415818673,-39255.648343278925,987.2770669902226,
14050,2yki,50,0,14,0.375,0,-672659.3087509915,-633412.5415818673,-39255.12121986517,192.6489866912375,
14051,2yki,51,0,14,0.375,0,-672652.6643825566,-633412.5415818673,-39255.36815933778,351.56632230797993,
14052,2yki,52,0,14,0.375,0,-672661.8616313651,-633412.5415818673,-39255.39130777189,140.0065418198229,
14053,2yki,53,0,14,0.375,0,-672649.4855433172,-633412.5415818673,-39255.11075785839,418.93627750714245,
14054,2yki,54,0,14,0.375,0,-672657.6299948734,-633412.5415818673,-39254.93775071115,227.1311232458183,
14055,2yki,55,0,14,0.375,0,-672634.1102417847,-633412.5415818673,-39255.54697369305,783.5585300260537,
14056,2yki,56,0,14,0.375,0,-672661.2369037998,-633412.5415818673,-39255.532858183455,157.67733175754486,
14057,2yki,57,0,14,0.375,0,-672639.6889504475,-633412.5415818673,-39254.95915859081,641.355113794424,
14058,2yki,58,0,14,0.375,0,-672663.3505721475,-633412.5415818673,-39255.117357028765,99.35329747573282,
14059,2yki,59,0,14,0.375,0,-672656.4338733185,-633412.5415818673,-39255.11245179198,258.7430442052947,
14060,2yki,60,0,14,0.375,0,-672671.7486809683,-633412.5415818673,-39255.11849769345,-94.28538832001239,
14061,2yki,61,0,14,0.375,0,-672644.6167667601,-633412.5415818673,-39255.1219263146,531.4704828958195,
14062,2yki,62,0,14,0.375,0,-672668.7958507489,-633412.5415818673,-39255.85511273187,-9.204759483438398,
14063,2yki,63,0,14,0.375,0,-672638.0436485858,-633412.5415818673,-39254.928009028685,678.5783501043397,
14064,2yki,64,0,14,0.375,0,-672657.5129147724,-633412.5415818673,-39255.80593150888,249.85177932773868,
14065,2yki,65,0,14,0.375,0,-672650.2991479473,-633412.5415818673,-39255.53489754392,409.9550025226458,
14066,2yki,66,0,14,0.375,0,-672643.7358374908,-633412.5415818673,-39255.0952326153,551.1696231178706,
14067,2yki,67,0,14,0.375,0,-672667.439600564,-633412.5415818673,-39255.866887017735,22.342634258929326,
14068,2yki,68,0,14,0.375,0,-672618.775516567,-633412.5415818673,-39255.14879135733,1128.0033915790416,
14069,2yki,69,0,14,0.375,0,-672672.153560522,-633412.5415818673,-39255.53367857152,-94.04783413695937,
14070,2yki,70,0,14,0.375,0,-672642.4790893582,-633412.5415818673,-39255.85305480513,597.6267183946466,
14071,2yki,71,0,14,0.375,0,-672666.1364621668,-633412.5415818673,-39258.17386163649,105.59381813654464,
14072,2yki,72,0,14,0.375,0,-672664.5559593029,-633412.5415818673,-39258.4207293641,147.73398506538052,
14073,2yki,73,0,14,0.375,0,-672671.2109096742,-633412.5415818673,-39255.78301405053,-66.5599764332242,
14074,2yki,74,0,14,0.375,0,-672668.1208377202,-633412.5415818673,-39258.20035027856,60.44387336999063,
14075,2yki,75,0,14,0.375,0,-672670.0257231612,-633412.5415818673,-39258.478913011015,22.939980762770396,
14076,2yki,76,0,14,0.375,0,-672664.1134260682,-633412.5415818673,-39258.39157375105,157.2666994818297,
14077,2yki,77,0,14,0.375,0,-672666.419520933,-633412.5415818673,-39258.208843109125,99.8730198435615,
14078,2yki,78,0,14,0.375,0,-672663.7484168194,-633412.5415818673,-39258.12754041136,159.59525926461416,
14079,2yki,79,0,14,0.375,0,-672664.382210194,-633412.5415818673,-39258.434312800986,152.05397619803347,
14080,2yki,80,0,14,0.375,0,-672674.0175303213,-633412.5415818673,-39258.328001355825,-72.59338462565724,
14081,2yki,81,0,14,0.375,0,-672672.666876805,-633412.5415818673,-39258.40072823121,-39.769453023340745,
14082,2yki,82,0,14,0.375,0,-672667.1466716008,-633412.5415818673,-39258.1248926612,81.16858376878507,
14083,2yki,83,0,14,0.375,0,-672671.1769331751,-633412.5415818673,-39255.762916089145,-66.23992975030612,
14084,2yki,84,0,14,0.375,0,-672667.3326265577,-633412.5415818673,-39258.29167276417,80.72640113210356,
14085,2yki,85,0,14,0.375,0,-672657.7661569772,-633412.5415818673,-39258.20978697078,299.4460992086201,
14086,2yki,86,0,14,0.375,0,-672669.0307934836,-633412.5415818673,-39258.400535134744,44.076167415964804,
14087,2yki,87,0,14,0.375,0,-672644.8665586946,-633412.5415818673,-39255.69418726532,538.9067950681825,
14088,2yki,88,0,14,0.375,0,-672659.5355523358,-633412.5415818673,-39255.538002946516,197.03006962509681,
14089,2yki,89,0,14,0.375,0,-672671.7421434325,-633412.5415818673,-39255.7593485056,-79.35625835699429,
14090,2yki,90,0,14,0.375,0,-672667.6148526933,-633412.5415818673,-39255.49456833957,9.71535146219638,
14091,2yki,91,0,14,0.375,0,-672656.5364175448,-633412.5415818673,-39255.70208866401,269.97566745924865,
14092,2yki,92,0,14,0.375,0,-672672.1094278721,-633412.5415818673,-39255.5807782337,-91.94396704055836,
14093,2yki,93,0,14,0.375,0,-672657.4058127309,-633412.5415818673,-39255.372147142145,242.3183059407522,
14094,2yki,94,0,14,0.375,0,-672668.1652628744,-633412.5415818673,-39255.31518587924,-7.114066653493376,
14095,2yki,95,0,14,0.375,0,-672666.0820172988,-633412.5415818673,-39255.74406326362,50.816865022925285,
14096,2yki,96,0,14,0.375,0,-672662.5580053446,-633412.5415818673,-39255.81396854112,133.6945652438566,
14097,2yki,97,0,14,0.375,0,-672644.1560378587,-633412.5415818673,-39255.68635598682,555.111201217729,
14098,2yki,98,0,14,0.375,0,-672665.5271432477,-633412.5415818673,-39255.705506689206,62.723428890493814,
14099,2yki,99,0,14,0.375,0,-672662.2375917117,-633412.5415818673,-39255.631393649135,136.87320212159634,
14100,2yki,100,0,14,0.375,0,-672652.8403601067,-633412.5415818673,-39255.76587011397,356.67961197407055,
15001,3b27,1,0,15,0.375,0,-673225.9656171432,-633412.5415818673,-39823.51230495568,232.64102547786558,
15002,3b27,2,0,15,0.375,0,-673239.7768423891,-633412.5415818673,-39823.39811145046,-88.48675969469261,
15003,3b27,3,0,15,0.375,0,-673228.975451907,-633412.5415818673,-39823.40527546564,160.76442826997987,
15004,3b27,4,0,15,0.375,0,-673229.9344379188,-633412.5415818673,-39823.44217843096,139.50068807290629,
15005,3b27,5,0,15,0.375,0,-673231.3985698975,-633412.5415818673,-39823.414803776715,105.1057280244455,
15006,3b27,6,0,15,0.375,0,-673228.4853280542,-633412.5415818673,-39823.380925819285,171.50543663730696,
15007,3b27,7,0,15,0.375,0,-673234.1007795135,-633412.5415818673,-39823.48672536558,44.44984516729468,
15008,3b27,8,0,15,0.375,0,-673234.2776988039,-633412.5415818673,-39823.510689413495,40.92261348088352,
15009,3b27,9,0,15,0.375,0,-673231.7039356804,-633412.5415818673,-39823.56097323737,101.43457362017551,
15010,3b27,10,0,15,0.375,0,-673232.6125635703,-633412.5415818673,-39823.51321291776,79.37973757197815,
15011,3b27,11,0,15,0.375,0,-673214.5928825645,-633412.5415818673,-39823.37872980021,491.8221989327605,
15012,3b27,12,0,15,0.375,0,-673233.5298946301,-633412.5415818673,-39823.065096524864,47.89177127864128,
15013,3b27,13,0,15,0.375,0,-673226.2882056333,-633412.5415818673,-39823.48759450209,224.63212157566156,
15014,3b27,14,0,15,0.375,0,-673240.5497998149,-633412.5415818673,-39823.44498341629,-105.23068817336178,
15015,3b27,15,0,15,0.375,0,-673233.51846597,-633412.5415818673,-39823.09296431295,48.797968902304206,
15016,3b27,16,0,15,0.375,0,-673236.591268302,-633412.5415818673,-39823.420843621265,-14.501459779357772,
15017,3b27,17,0,15,0.375,0,-673231.5524794908,-633412.5415818673,-39823.100867333094,94.31694211408019,
15018,3b27,18,0,15,0.375,0,-673223.8811862108,-633412.5415818673,-39823.44263697861,279.10256297699675,
15019,3b27,19,0,15,0.375,0,-673226.2888831446,-633412.5415818673,-39823.489381914085,224.65771649305827,
15020,3b27,20,0,15,0.375,0,-673227.0392675536,-633412.5415818673,-39823.38065617398,204.84616580821546,
15021,3b27,21,0,15,0.375,0,-673223.6416201603,-633412.5415818673,-39823.393636922985,283.49711921603495,
15022,3b27,22,0,15,0.375,0,-673223.2034553806,-633412.5415818673,-39822.99158603925,284.3299254409123,
15023,3b27,23,0,15,0.375,0,-673236.3665764196,-633412.5415818673,-39823.44527191522,-8.756612034768352,
15024,3b27,24,0,15,0.375,0,-673224.6802712927,-633412.5415818673,-39823.41804977409,260.1082288191614,
15025,3b27,25,0,15,0.375,0,-673219.9456088258,-633412.5415818673,-39823.509607917644,371.40352004802514,
15026,3b27,26,0,15,0.375,0,-673211.9214863123,-633412.5415818673,-39823.1597555135,548.3763929695264,
15027,3b27,27,0,15,0.375,0,-673209.9938229613,-633412.5415818673,-39823.51227657749,600.9586947326275,
15028,3b27,28,0,15,0.375,0,-673234.841509067,-633412.5415818673,-39823.4209906669,25.852337705911108,
15029,3b27,29,0,15,0.375,0,-673228.2458935919,-633412.5415818673,-39823.41368901294,177.78246370117068,
15030,3b27,30,0,15,0.375,0,-673232.5641978931,-633412.5415818673,-39823.00147166467,68.6940429389159,
15031,3b27,31,0,15,0.375,0,-673208.0881049114,-633412.5415818673,-39823.498991987435,644.5992470512421,
15032,3b27,32,0,15,0.375,0,-673236.9542681992,-633412.5415818673,-39823.275927383525,-26.214284100786635,
15033,3b27,33,0,15,0.375,0,-673230.4418572652,-633412.5415818673,-39823.443638571334,127.83299160279658,
15034,3b27,34,0,15,0.375,0,-673233.6209168932,-633412.5415818673,-39822.944905655364,43.021080730368574,
15035,3b27,35,0,15,0.375,0,-673228.3507116436,-633412.5415818673,-39823.51015959561,177.5899664927799,
15036,3b27,36,0,15,0.375,0,-673233.1141909587,-633412.5415818673,-39823.335100716795,63.70457025886202,
15037,3b27,37,0,15,0.375,0,-673229.761113478,-633412.5415818673,-39823.48737935012,144.54000258930697,
15038,3b27,38,0,15,0.375,0,-673221.2468548066,-633412.5415818673,-39823.07540715794,331.38316748168836,
15039,3b27,39,0,15,0.375,0,-673236.775834454,-633412.5415818673,-39823.09928569535,-26.172958284730687,
15040,3b27,40,0,15,0.375,0,-673209.040523135,-633412.5415818673,-39823.38161800349,619.9292526802408,
15041,3b27,41,0,15,0.375,0,-673241.1356619846,-633412.5415818673,-39823.44510228158,-118.73824965943824,
15042,3b27,42,0,15,0.375,0,-673235.9587813417,-633412.5415818673,-39823.48469474494,1.5564779144055667,
15043,3b27,43,0,15,0.375,0,-673232.7848996306,-633412.5415818673,-39823.49158747451,74.90687904169003,
15044,3b27,44,0,15,0.375,0,-673225.3244950444,-633412.5415818673,-39823.50853764157,247.33877597475208,
15045,3b27,45,0,15,0.375,0,-673229.6416294607,-633412.5415818673,-39822.9919421167,135.87031546588412,
15046,3b27,46,0,15,0.375,0,-673235.665767878,-633412.5415818673,-39823.41918018101,6.802727174565492,
15047,3b27,47,0,15,0.375,0,-673238.0481910885,-633412.5415818673,-39823.537804485175,-45.40171578475823,
15048,3b27,48,0,15,0.375,0,-673227.8262213839,-633412.5415818673,-39823.38652051269,186.83381422809936,
15049,3b27,49,0,15,0.375,0,-673226.3531578905,-633412.5415818673,-39823.319948003285,219.26826683733427,
15050,3b27,50,0,15,0.375,0,-673237.7126619606,-633412.5415818673,-39823.16042325203,-46.36684826050005,
15051,3b27,51,0,15,0.375,0,-673237.2040538304,-633412.5415818673,-39823.44384150527,-28.10228596042653,
15052,3b27,52,0,15,0.375,0,-673218.8315572882,-633412.5415818673,-39823.512018321475,397.14974404919303,
15053,3b27,53,0,15,0.375,0,-673226.4133334169,-633412.5415818673,-39823.034109160384,211.28898592348432,
15054,3b27,54,0,15,0.375,0,-673220.2068227383,-633412.5415818673,-39823.178352956405,357.7408632467493,
15055,3b27,55,0,15,0.375,0,-673231.7464343451,-633412.5415818673,-39823.3956233002,96.64147099533099,
15056,3b27,56,0,15,0.375,0,-673229.6860315911,-633412.5415818673,-39823.44200085133,145.22497899030557,
15057,3b27,57,0,15,0.375,0,-673227.1920157174,-633412.5415818673,-39823.48767520243,203.7916268955064,
15058,3b27,58,0,15,0.375,0,-673184.631754816,-633412.5415818673,-39823.216669036425,1179.0050084410539,
15059,3b27,59,0,15,0.375,0,-673233.9558289265,-633412.5415818673,-39823.510469961155,48.34004849270678,
15060,3b27,60,0,15,0.375,0,-673232.2938757174,-633412.5415818673,-39823.449919486084,85.26927283650662,
15061,3b27,61,0,15,0.375,0,-673234.4022837188,-633412.5415818673,-39823.44798927843,36.60371762856497,
15062,3b27,62,0,15,0.375,0,-673226.8126186638,-633412.5415818673,-39823.31677950544,208.59978240286853,
15063,3b27,63,0,15,0.375,0,-673239.4289976616,-633412.5415818673,-39823.359032986875,-81.36644049551077,
15064,3b27,64,0,15,0.375,0,-673229.4680107073,-633412.5415818673,-39823.53131670298,152.31233247947324,
15065,3b27,65,0,15,0.375,0,-673237.6121775052,-633412.5415818673,-39823.40019151504,-38.520434171643906,
15066,3b27,66,0,15,0.375,0,-673237.666803047,-633412.5415818673,-39823.09555883209,-46.805125646724385,
15067,3b27,67,0,15,0.375,0,-673235.8219135802,-633412.5415818673,-39823.38134498046,2.3294212877197364,
15068,3b27,68,0,15,0.375,0,-673236.3590526988,-633412.5415818673,-39823.37975749021,-10.093909444322492,
15069,3b27,69,0,15,0.375,0,-673238.0780113885,-633412.5415818673,-39823.37563017137,-49.82921676086793,
15070,3b27,70,0,15,0.375,0,-673236.0318367305,-633412.5415818673,-39823.44545508352,-1.0331074639582731,
15071,3b27,71,0,15,0.375,0,-673223.007632196,-633412.5415818673,-39823.376316967064,297.7178213203359,
15072,3b27,72,0,15,0.375,0,-673204.4407559877,-633412.5415818673,-39823.484004926206,728.3635015194382,
15073,3b27,73,0,15,0.375,0,-673211.0845598133,-633412.5415818673,-39823.51378456883,575.8404804950026,
15074,3b27,74,0,15,0.375,0,-673223.496213066,-633412.5415818673,-39823.38393849802,286.62663547551267,
15075,3b27,75,0,15,0.375,0,-673236.4496324376,-633412.5415818673,-39823.41311445051,-11.413498063278329,
15076,3b27,76,0,15,0.375,0,-673232.608887383,-633412.5415818673,-39823.36247778585,75.9884777446868,
15077,3b27,77,0,15,0.375,0,-673229.8692168955,-633412.5415818673,-39823.04564446314,131.86043006848945,
15078,3b27,78,0,15,0.375,0,-673233.6911772009,-633412.5415818673,-39823.31841024545,50.014060010118946,
15079,3b27,79,0,15,0.375,0,-673237.5624720495,-633412.5415818673,-39822.66336816641,-54.365749207638224,
15080,3b27,80,0,15,0.375,0,-673236.6438556233,-633412.5415818673,-39822.966955553406,-26.1810597151948,
15081,3b27,81,0,15,0.375,0,-673235.6608742567,-633412.5415818673,-39822.88259820009,-5.458297675713902,
15082,3b27,82,0,15,0.375,0,-673220.0807133227,-633412.5415818673,-39822.65331343982,348.54131657071264,
15083,3b27,83,0,15,0.375,0,-673237.6647809349,-633412.5415818673,-39822.596520567175,-58.266590413054416,
15084,3b27,84,0,15,0.375,0,-673225.600393014,-633412.5415818673,-39822.61435668467,220.35611492456613,
15085,3b27,85,0,15,0.375,0,-673237.6184821805,-633412.5415818673,-39822.60336090093,-57.04117392889324,
15086,3b27,86,0,15,0.375,0,-673231.5321306642,-633412.5415818673,-39822.80144872239,87.8814400083121,
15087,3b27,87,0,15,0.375,0,-673216.9332482411,-633412.5415818673,-39822.93786473844,427.68549446338506,
15088,3b27,88,0,15,0.375,0,-673237.6349317251,-633412.5415818673,-39822.9519823871,-49.38110698184933,
15089,3b27,89,0,15,0.375,0,-673227.9490829718,-633412.5415818673,-39822.70717423699,168.33446141914968,
15090,3b27,90,0,15,0.375,0,-673214.7268831707,-633412.5415818673,-39822.98328115209,479.61280908101645,
15091,3b27,91,0,15,0.375,0,-673238.9776940622,-633412.5415818673,-39823.515678829106,-67.34679331812248,
15092,3b27,92,0,15,0.375,0,-673226.4012955676,-633412.5415818673,-39823.223726513366,215.93926536069574,
15093,3b27,93,0,15,0.375,0,-673232.0543057148,-633412.5415818673,-39823.28885863667,87.0797369198923,
15094,3b27,94,0,15,0.375,0,-673219.5815613662,-633412.5415818673,-39823.32746568806,375.598354304529,
15095,3b27,95,0,15,0.375,0,-673217.68735772,-633412.5415818673,-39823.38690761415,420.65049146894586,
15096,3b27,96,0,15,0.375,0,-673238.779871478,-633412.5415818673,-39823.60277575845,-60.77639324837221,
15097,3b27,97,0,15,0.375,0,-673224.129793464,-633412.5415818673,-39823.516460609055,275.07195688469653,
15098,3b27,98,0,15,0.375,0,-673213.2881550223,-633412.5415818673,-39823.47023533278,524.0200985364579,
15099,3b27,99,0,15,0.375,0,-673238.0547440968,-633412.5415818673,-39823.54951217058,-45.282846107631904,
15100,3b27,100,0,15,0.375,0,-673232.7944263535,-633412.5415818673,-39823.29007460555,70.04019043834019,
16001,1nc3,1,0,16,0.365966796875,0,-659597.2004994147,-633412.5415818673,-26205.035842282206,469.903047487087,
16002,1nc3,2,0,16,0.365966796875,0,-659608.6816294632,-633412.5415818673,-26204.90611449717,202.15030506195384,
16003,1nc3,3,0,16,0.365966796875,0,-659580.58336714,-633412.5415818673,-26204.93499580203,850.777646035069,
16004,1nc3,4,0,16,0.365966796875,0,-659617.9757699192,-633412.5415818673,-26205.168556851757,-6.125600997684733,
16005,1nc3,5,0,16,0.365966796875,0,-659605.957678412,-633412.5415818673,-26205.276603970728,273.50979879313377,
16006,1nc3,6,0,16,0.365966796875,0,-659615.46490298,-633412.5415818673,-26204.39509534539,33.93992008748316,
16007,1nc3,7,0,16,0.365966796875,0,-659597.2729510065,-633412.5415818673,-26204.197288481068,448.89476404832305,
16008,1nc3,8,0,16,0.365966796875,0,-659617.1216063545,-633412.5415818673,-26204.857189197475,6.391570057741844,
16009,1nc3,9,0,16,0.365966796875,0,-659607.0419460157,-633412.5415818673,-26204.023939217615,219.61885840196553,
16010,1nc3,10,0,16,0.365966796875,0,-659615.0771820667,-633412.5415818673,-26204.02357870508,34.313599499322706,
16011,1nc3,11,0,16,0.365966796875,0,-659610.7641044292,-633412.5415818673,-26204.823559654924,152.22353161527423,
16012,1nc3,12,0,16,0.365966796875,0,-659615.2011926858,-633412.5415818673,-26203.313332336224,15.075176327611693,
16013,1nc3,13,0,16,0.365966796875,0,-659619.8202399825,-633412.5415818673,-26204.81575038641,-56.79600148191166,
16014,1nc3,14,0,16,0.365966796875,0,-659611.1969673007,-633412.5415818673,-26204.856006565697,142.98972019941087,
16015,1nc3,15,0,16,0.365966796875,0,-659611.4238753426,-633412.5415818673,-26204.85261170768,137.67880916121027,
16016,1nc3,16,0,16,0.365966796875,0,-659607.5422520667,-633412.5415818673,-26204.02374440447,208.07703428523806,
16017,1nc3,17,0,16,0.365966796875,0,-659611.9549674297,-633412.5415818673,-26204.942724938228,127.50959514610692,
16018,1nc3,18,0,16,0.365966796875,0,-659618.7892980757,-633412.5415818673,-26204.82106618516,-32.899331099753226,
16019,1nc3,19,0,16,0.365966796875,0,-659596.009930323,-633412.5415818673,-26203.310381241285,457.56814610795243,
16020,1nc3,20,0,16,0.365966796875,0,-659610.5101350879,-633412.5415818673,-26204.201909801937,143.74461758876237,
16021,1nc3,21,0,16,0.365966796875,0,-659579.5479934716,-633412.5415818673,-26204.16883417019,856.9858230811801,
16022,1nc3,22,0,16,0.365966796875,0,-659594.1110021228,-633412.5415818673,-26204.94455645382,539.0434463488326,
16023,1nc3,23,0,16,0.365966796875,0,-659620.3694337881,-633412.5415818673,-26204.91867950994,-67.08710952937679,
16024,1nc3,24,0,16,0.365966796875,0,-659615.9670834144,-633412.5415818673,-26204.815344707215,32.05054466922567,
16025,1nc3,25,0,16,0.365966796875,0,-659616.3434217642,-633412.5415818673,-26204.83605457642,23.849557083174304,
16026,1nc3,26,0,16,0.365966796875,0,-659609.8885524124,-633412.5415818673,-26204.16595844071,157.2495965224764,
16027,1nc3,27,0,16,0.365966796875,0,-659612.107130885,-633412.5415818673,-26204.94357469534,124.02021837244303,
16028,1nc3,28,0,16,0.365966796875,0,-659619.5604393036,-633412.5415818673,-26204.534039652008,-57.30125936668165,
16029,1nc3,29,0,16,0.365966796875,0,-659615.2677368975,-633412.5415818673,-26204.529711086718,41.59099070671693,
16030,1nc3,30,0,16,0.365966796875,0,-659599.7833630019,-633412.5415818673,-26204.024495529568,387.0185880322119,
16031,1nc3,31,0,16,0.365966796875,0,-659600.0952604562,-633412.5415818673,-26204.813292450162,398.016150984695,
16032,1nc3,32,0,16,0.365966796875,0,-659591.6490245928,-633412.5415818673,-26204.8317255331,593.2160540914684,
16033,1nc3,33,0,16,0.365966796875,0,-659603.7954035979,-633412.5415818673,-26203.3067595141,277.9473482555634,
16034,1nc3,34,0,16,0.365966796875,0,-659609.1795954403,-633412.5415818673,-26204.941483993138,191.48257678339104,
16035,1nc3,35,0,16,0.365966796875,0,-659616.0340484019,-633412.5415818673,-26204.163431008932,15.472808352881788,
16036,1nc3,36,0,16,0.365966796875,0,-659598.3073223842,-633412.5415818673,-26204.854962799156,440.2079234882509,
16037,1nc3,37,0,16,0.365966796875,0,-659610.8704144733,-633412.5415818673,-26204.855451722986,150.50741231749055,
16038,1nc3,38,0,16,0.365966796875,0,-659587.4470787396,-633412.5415818673,-26204.81396730668,689.7057129908386,
16039,1nc3,39,0,16,0.365966796875,0,-659615.1832969056,-633412.5415818673,-26204.924792548387,52.6490181215636,
16040,1nc3,40,0,16,0.365966796875,0,-659615.9668445189,-633412.5415818673,-26203.305877840397,-2.753079149886713,
16041,1nc3,41,0,16,0.365966796875,0,-659610.7823582701,-633412.5415818673,-26204.83842836874,152.1454687286125,
16042,1nc3,42,0,16,0.365966796875,0,-659616.5260647329,-633412.5415818673,-26204.85177914771,20.00032739542995,
16043,1nc3,43,0,16,0.365966796875,0,-659609.7094827591,-633412.5415818673,-26203.312428046498,141.69616234611172,
16044,1nc3,44,0,16,0.365966796875,0,-659618.4095642859,-633412.5415818673,-26204.53295464633,-30.78647179825044,
16045,1nc3,45,0,16,0.365966796875,0,-659596.4315092954,-633412.5415818673,-26204.164921151285,467.5524625190219,
16046,1nc3,46,0,16,0.365966796875,0,-659620.665219793,-633412.5415818673,-26204.85171368161,-75.45236552935268,
16047,1nc3,47,0,16,0.365966796875,0,-659613.0164730386,-633412.5415818673,-26204.835186964377,100.55080969133401,
16048,1nc3,48,0,16,0.365966796875,0,-659618.3722324291,-633412.5415818673,-26205.04902726148,-18.024661503426195,
16049,1nc3,49,0,16,0.365966796875,0,-659613.017844795,-633412.5415818673,-26203.30799478361,65.30128790542577,
16050,1nc3,50,0,16,0.365966796875,0,-659609.5159179086,-633412.5415818673,-26204.836678136307,181.309915940985,
16051,1nc3,51,0,16,0.365966796875,0,-659596.7028777504,-633412.5415818673,-26204.833581775816,476.7142375966412,
16052,1nc3,52,0,16,0.365966796875,0,-659619.2055899581,-633412.5415818673,-26204.921147693494,-40.19131555541989,
16053,1nc3,53,0,16,0.365966796875,0,-659615.2874612786,-633412.5415818673,-26204.022273125385,29.434338293254267,
16054,1nc3,54,0,16,0.365966796875,0,-659607.6562509428,-633412.5415818673,-26204.534680651974,217.23062752229833,
16055,1nc3,55,0,16,0.365966796875,0,-659594.1266040518,-633412.5415818673,-26204.944839140546,538.6901762286581,
16056,1nc3,56,0,16,0.365966796875,0,-659596.7822890313,-633412.5415818673,-26195.88952589597,268.6281415377164,
16057,1nc3,57,0,16,0.365966796875,0,-659600.1257447887,-633412.5415818673,-26204.834705569145,397.8069638321752,
16058,1nc3,58,0,16,0.365966796875,0,-659618.1831870904,-633412.5415818673,-26204.826138244975,-18.805115255191872,
16059,1nc3,59,0,16,0.365966796875,0,-659572.8284992464,-633412.5415818673,-26204.02553543862,1008.6364938061585,
16060,1nc3,60,0,16,0.365966796875,0,-659602.2852898153,-633412.5415818673,-26203.318505998628,313.04227973715524,
16061,1nc3,61,0,16,0.365966796875,0,-659618.116405918,-633412.5415818673,-26204.839895631885,-16.947851955713965,
16062,1nc3,62,0,16,0.365966796875,0,-659601.8656060081,-633412.5415818673,-26204.85823515709,358.2274161513105,
16063,1nc3,63,0,16,0.365966796875,0,-659600.1551170554,-633412.5415818673,-26201.743889005145,325.8537000606559,
16064,1nc3,64,0,16,0.365966796875,0,-659585.6638433666,-633412.5415818673,-26204.854675280203,731.7668457757959,
16065,1nc3,65,0,16,0.365966796875,0,-659578.2526779884,-633412.5415818673,-26204.94495041886,904.754173612685,
16066,1nc3,66,0,16,0.365966796875,0,-659612.1820760727,-633412.5415818673,-26203.308718537253,84.59126265798506,
16067,1nc3,67,0,16,0.365966796875,0,-659596.4364533918,-633412.5415818673,-26204.0249901281,464.2115628935085,
16068,1nc3,68,0,16,0.365966796875,0,-659556.6888773837,-633412.5415818673,-26204.812998320773,1398.9843411972029,
16069,1nc3,69,0,16,0.365966796875,0,-659598.1014547251,-633412.5415818673,-26204.855537222094,444.9685909946053,
16070,1nc3,70,0,16,0.365966796875,0,-659605.5616785532,-633412.5415818673,-26204.02104531036,253.68790193494473,
16071,1nc3,71,0,16,0.365966796875,0,-659609.568429127,-633412.5415818673,-26204.529820041473,173.02266270535813,
16072,1nc3,72,0,16,0.365966796875,0,-659602.9829414905,-633412.5415818673,-26204.334723878044,320.3885909266141,
16073,1nc3,73,0,16,0.365966796875,0,-659619.2982539717,-633412.5415818673,-26204.850395156354,-43.95979074045874,
16074,1nc3,74,0,16,0.365966796875,0,-659599.0110512627,-633412.5415818673,-26204.853799966826,423.952734474756,
16075,1nc3,75,0,16,0.365966796875,0,-659617.3147546342,-633412.5415818673,-26204.85557330482,1.9002015459301673,
16076,1nc3,76,0,16,0.365966796875,0,-659620.6455537238,-633412.5415818673,-26204.022223769123,-94.12734700217742,
16077,1nc3,77,0,16,0.365966796875,0,-659599.4908619383,-633412.5415818673,-26203.82986153767,389.2754563191324,
16078,1nc3,78,0,16,0.365966796875,0,-659611.2269028523,-633412.5415818673,-26195.876728920135,-64.76767164938728,
16079,1nc3,79,0,16,0.365966796875,0,-659619.0662866064,-633412.5415818673,-26204.854662629936,-38.512085937579336,
16080,1nc3,80,0,16,0.365966796875,0,-659595.5107548907,-633412.5415818673,-26204.531165401415,497.23135655487494,
16081,1nc3,81,0,16,0.365966796875,0,-659620.9761300173,-633412.5415818673,-26205.565888995552,-66.1528516420312,
16082,1nc3,82,0,16,0.365966796875,0,-659620.291632737,-633412.5415818673,-26205.933862870108,-41.88229023561012,
16083,1nc3,83,0,16,0.365966796875,0,-659611.5917789631,-633412.5415818673,-26205.637992837677,151.91817880291737,
16084,1nc3,84,0,16,0.365966796875,0,-659619.6136929381,-633412.5415818673,-26205.907314166496,-26.860854725923264,
16085,1nc3,85,0,16,0.365966796875,0,-659619.5755171778,-633412.5415818673,-26205.824646856592,-27.88685423355397,
16086,1nc3,86,0,16,0.365966796875,0,-659619.2185319687,-633412.5415818673,-26205.839005321162,-19.323465683888582,
16087,1nc3,87,0,16,0.365966796875,0,-659619.8708764954,-633412.5415818673,-26205.71075583627,-37.32439122505189,
16088,1nc3,88,0,16,0.365966796875,0,-659596.4316343927,-633412.5415818673,-26205.590171665714,500.41663536433975,
16089,1nc3,89,0,16,0.365966796875,0,-659612.076093059,-633412.5415818673,-26205.743614201245,143.18531693522357,
16090,1nc3,90,0,16,0.365966796875,0,-659620.1851463525,-633412.5415818673,-26205.5515431659,-48.24315769744858,
16091,1nc3,91,0,16,0.365966796875,0,-659615.2582905021,-633412.5415818673,-26204.844430160992,49.0664240235327,
16092,1nc3,92,0,16,0.365966796875,0,-659617.5714482906,-633412.5415818673,-26205.695581566335,15.35175589657074,
16093,1nc3,93,0,16,0.365966796875,0,-659619.4025439355,-633412.5415818673,-26205.83892966357,-23.56862715135917,
16094,1nc3,94,0,16,0.365966796875,0,-659610.8444205496,-633412.5415818673,-26205.162542584167,158.1885299325697,
16095,1nc3,95,0,16,0.365966796875,0,-659603.8257252575,-633412.5415818673,-26204.906179298858,314.13161062084953,
16096,1nc3,96,0,16,0.365966796875,0,-659618.710489364,-633412.5415818673,-26204.90854427906,-29.064666265003826,
16097,1nc3,97,0,16,0.365966796875,0,-659605.2347380643,-633412.5415818673,-26204.57385285196,273.97537347085176,
16098,1nc3,98,0,16,0.365966796875,0,-659608.8414679278,-633412.5415818673,-26204.93871051373,199.21602450331773,
16099,1nc3,99,0,16,0.365966796875,0,-659610.0610833635,-633412.5415818673,-26204.63175235772,164.01240117491645,
16100,1nc3,100,0,16,0.365966796875,0,-659621.5506288381,-633412.5415818673,-26204.737829944763,-98.49660452542187,
17001,1y6r,1,0,17,0.339111328125,1,-668486.2330446267,-633412.5415818673,-35097.0456359935,538.5600289096094,
17002,1y6r,2,0,17,0.339111328125,1,-668507.5318582854,-633412.5415818673,-35096.79919961961,41.714760008868964,
17003,1y6r,3,0,17,0.339111328125,1,-668498.736563662,-633412.5415818673,-35096.65310847753,241.1701305882831,
17004,1y6r,4,0,17,0.339111328125,1,-668508.9766337196,-633412.5415818673,-35095.730796850374,-16.240506158523132,
17005,1y6r,5,0,17,0.339111328125,1,-668500.5733047231,-633412.5415818673,-35093.56280190394,127.54971294301211,
17006,1y6r,6,0,17,0.339111328125,1,-668501.7018146828,-633412.5415818673,-35096.15997761189,161.41794967828486,
17007,1y6r,7,0,17,0.339111328125,1,-668503.0187452349,-633412.5415818673,-35093.56896718221,71.29868974807063,
17008,1y6r,8,0,17,0.339111328125,1,-668500.9025708789,-633412.5415818673,-35096.16032235164,179.85689953520637,
17009,1y6r,9,0,17,0.339111328125,1,-668493.6964622992,-633412.5415818673,-35081.151933746085,-0.06795219024836256,
17010,1y6r,10,0,17,0.339111328125,1,-668496.5622619566,-633412.5415818673,-35093.27191123552,213.33845833800044,
17011,1y6r,11,0,17,0.339111328125,1,-668508.7465595687,-633412.5415818673,-35096.297608250126,2.13611119906325,
17012,1y6r,12,0,17,0.339111328125,1,-668486.5587126922,-633412.5415818673,-35095.72766084638,500.65671598681035,
17013,1y6r,13,0,17,0.339111328125,1,-668484.6819353825,-633412.5415818673,-35091.61001312303,448.98101663035106,
17014,1y6r,14,0,17,0.339111328125,1,-668477.2536923623,-633412.5415818673,-35093.74059467765,669.412747942535,
17015,1y6r,15,0,17,0.339111328125,1,-668499.5301224344,-633412.5415818673,-35093.56561546132,151.67095018346166,
17016,1y6r,16,0,17,0.339111328125,1,-668497.921490574,-633412.5415818673,-35093.7370250803,192.7196818580594,
17017,1y6r,17,0,17,0.339111328125,1,-668506.8006103846,-633412.5415818673,-35093.74150082012,-11.93447221428927,
17018,1y6r,18,0,17,0.339111328125,1,-668504.3082610002,-633412.5415818673,-35096.198369343394,102.19720406867636,
17019,1y6r,19,0,17,0.339111328125,1,-668497.0104249977,-633412.5415818673,-35085.481635560755,23.355548282798622,
17020,1y6r,20,0,17,0.339111328125,1,-668504.3581675008,-633412.5415818673,-35093.13171150521,30.32752306654856,
17021,1y6r,21,0,17,0.339111328125,1,-668505.5850082815,-633412.5415818673,-35093.53519766035,11.340514342310586,
17022,1y6r,22,0,17,0.339111328125,1,-668492.6676916499,-633412.5415818673,-35093.36065659621,305.1958998116937,
17023,1y6r,23,0,17,0.339111328125,1,-668511.3575059299,-633412.5415818673,-35095.58663219928,-74.46923947373277,
17024,1y6r,24,0,17,0.339111328125,1,-668496.7461970806,-633412.5415818673,-35085.54034932511,30.802760373709752,
17025,1y6r,25,0,17,0.339111328125,1,-668476.6485429966,-633412.5415818673,-35095.72740891894,729.1848486773865,
17026,1y6r,26,0,17,0.339111328125,1,-668499.7405200783,-633412.5415818673,-35096.29922724484,209.85765053553166,
17027,1y6r,27,0,17,0.339111328125,1,-668493.9229908314,-633412.5415818673,-35093.35700969343,276.1639134174936,
17028,1y6r,28,0,17,0.339111328125,1,-668495.1597849077,-633412.5415818673,-35095.72920071193,302.34678891045996,
17029,1y6r,29,0,17,0.339111328125,1,-668499.9794192365,-633412.5415818673,-35093.82064228379,147.1909780247033,
17030,1y6r,30,0,17,0.339111328125,1,-668499.7653883488,-633412.5415818673,-35095.72333884534,196.003872612454,
17031,1y6r,31,0,17,0.339111328125,1,-668506.6286960783,-633412.5415818673,-35095.733085722066,37.95700475749225,
17032,1y6r,32,0,17,0.339111328125,1,-668475.3065214875,-633412.5415818673,-35097.01669580414,789.8642617606334,
17033,1y6r,33,0,17,0.339111328125,1,-668464.8081313747,-633412.5415818673,-35066.86431175078,336.63239443376693,
17034,1y6r,34,0,17,0.339111328125,1,-668506.5784094828,-633412.5415818673,-35096.00242733377,45.32780631718989,
17035,1y6r,35,0,17,0.339111328125,1,-668496.6574607274,-633412.5415818673,-35093.12301210253,207.7094269534058,
17036,1y6r,36,0,17,0.339111328125,1,-668462.2815821654,-633412.5415818673,-35075.972046971205,604.9253669994614,
17037,1y6r,37,0,17,0.339111328125,1,-668472.9977676162,-633412.5415818673,-35093.81182171483,769.1992386126376,
17038,1y6r,38,0,17,0.339111328125,1,-668490.0287455786,-633412.5415818673,-35091.867460647845,331.6175253228018,
17039,1y6r,39,0,17,0.339111328125,1,-668495.3023950154,-633412.5415818673,-35096.749598724586,322.5890588785863,
17040,1y6r,40,0,17,0.339111328125,1,-668507.9021018326,-633412.5415818673,-35093.73685398421,-37.44262701785847,
17041,1y6r,41,0,17,0.339111328125,1,-668490.8821294396,-633412.5415818673,-35096.98557533066,429.96455442364004,
17042,1y6r,42,0,17,0.339111328125,1,-668483.1030170253,-633412.5415818673,-35093.265892139374,523.5772161868565,
17043,1y6r,43,0,17,0.339111328125,1,-668496.9078517673,-633412.5415818673,-35095.58880355449,258.7977741201979,
17044,1y6r,44,0,17,0.339111328125,1,-668483.891811651,-633412.5415818673,-35093.70996468048,515.6277360675249,
17045,1y6r,45,0,17,0.339111328125,1,-668492.5887440053,-633412.5415818673,-35093.85607728637,318.44114826700263,
17046,1y6r,46,0,17,0.339111328125,1,-668487.4867020855,-633412.5415818673,-35093.71525651423,432.849625841642,
17047,1y6r,47,0,17,0.339111328125,1,-668505.7423919424,-633412.5415818673,-35091.8739631091,-30.597817924606673,
17048,1y6r,48,0,17,0.339111328125,1,-668487.3118102815,-633412.5415818673,-35093.13186035249,423.4292915608848,
17049,1y6r,49,0,17,0.339111328125,1,-668477.7897726411,-633412.5415818673,-35093.546331067184,652.5706177512136,
17050,1y6r,50,0,17,0.339111328125,1,-668482.0444650112,-633412.5415818673,-35096.3025380177,618.0147230600284,
17051,1y6r,51,0,17,0.339111328125,1,-668466.4485454757,-633412.5415818673,-35093.80903406917,920.1636043999347,
17052,1y6r,52,0,17,0.339111328125,1,-668487.0892041178,-633412.5415818673,-35091.617576475386,393.64249586924626,
17053,1y6r,53,0,17,0.339111328125,1,-668503.674423374,-633412.5415818673,-35096.30516545644,119.27662383752485,
17054,1y6r,54,0,17,0.339111328125,1,-668471.9893450309,-633412.5415818673,-35091.87397529366,747.7662157911275,
17055,1y6r,55,0,17,0.339111328125,1,-668494.4688897716,-633412.5415818673,-35093.73292854349,272.2440794190568,
17056,1y6r,56,0,17,0.339111328125,1,-668479.4309670381,-633412.5415818673,-35097.31103912151,701.5400060148879,
17057,1y6r,57,0,17,0.339111328125,1,-668492.8494137526,-633412.5415818673,-35096.299060032965,368.76648156972624,
17058,1y6r,58,0,17,0.339111328125,1,-668508.0727122739,-633412.5415818673,-35096.15655358909,14.422601212921256,
17059,1y6r,59,0,17,0.339111328125,1,-668491.5108065557,-633412.5415818673,-35093.808836520606,342.2095784425435,
17060,1y6r,60,0,17,0.339111328125,1,-668471.2948202802,-633412.5415818673,-35095.53951432668,848.3116752200439,
17061,1y6r,61,0,17,0.339111328125,1,-668510.5615673441,-633412.5415818673,-35096.987277607856,-23.81480920818829,
17062,1y6r,62,0,17,0.339111328125,1,-668483.9908053126,-633412.5415818673,-35096.16928122252,570.0580747454867,
17063,1y6r,63,0,17,0.339111328125,1,-668508.7324819028,-633412.5415818673,-35095.045115105575,-26.422428181332407,
17064,1y6r,64,0,17,0.339111328125,1,-668485.58108695,-633412.5415818673,-35096.299917049,536.3978427072775,
17065,1y6r,65,0,17,0.339111328125,1,-668498.5042057574,-633412.5415818673,-35096.19479362424,235.95943956429622,
17066,1y6r,66,0,17,0.339111328125,1,-668498.481646916,-633412.5415818673,-35093.86032058613,182.64543165042278,
17067,1y6r,67,0,17,0.339111328125,1,-668474.2368665962,-633412.5415818673,-35085.521653223754,549.4491103057079,
17068,1y6r,68,0,17,0.339111328125,1,-668498.4198617819,-633412.5415818673,-35096.20437539021,238.1254186185421,
17069,1y6r,69,0,17,0.339111328125,1,-668510.9765840467,-633412.5415818673,-35096.30330998174,-49.15798988583636,
17070,1y6r,70,0,17,0.339111328125,1,-668511.7487815836,-633412.5415818673,-35096.1734998175,-69.9587816213328,
17071,1y6r,71,0,17,0.339111328125,1,-668494.2630475212,-633412.5415818673,-35093.74307387518,277.22487138609296,
17072,1y6r,72,0,17,0.339111328125,1,-668500.1728408294,-633412.5415818673,-35096.30214977578,199.95549234308388,
17073,1y6r,73,0,17,0.339111328125,1,-668476.2892930468,-633412.5415818673,-35096.17482639937,747.7870415358162,
17074,1y6r,74,0,17,0.339111328125,1,-668502.108606839,-633412.5415818673,-35093.53478641773,91.49875260650771,
17075,1y6r,75,0,17,0.339111328125,1,-668487.220878756,-633412.5415818673,-35096.86609769111,511.6397811110562,
17076,1y6r,76,0,17,0.339111328125,1,-668500.8769118572,-633412.5415818673,-35093.56191167526,120.52783694574725,
17077,1y6r,77,0,17,0.339111328125,1,-668511.4780785294,-633412.5415818673,-35097.07441299955,-42.94066936465036,
17078,1y6r,78,0,17,0.339111328125,1,-668495.8999847267,-633412.5415818673,-35097.31092709309,321.75285244836346,
17079,1y6r,79,0,17,0.339111328125,1,-668510.3610620453,-633412.5415818673,-35096.65506543095,-26.8520419705489,
17080,1y6r,80,0,17,0.339111328125,1,-668490.5094379673,-633412.5415818673,-35097.3311150122,446.5273583000811,
17081,1y6r,81,0,17,0.339111328125,1,-668511.3031769173,-633412.5415818673,-35097.1511075918,-37.13872306013289,
17082,1y6r,82,0,17,0.339111328125,1,-668503.7037051731,-633412.5415818673,-35097.45611658904,145.142933152861,
17083,1y6r,83,0,17,0.339111328125,1,-668512.6057863862,-633412.5415818673,-35097.36883814312,-62.15662523008254,
17084,1y6r,84,0,17,0.339111328125,1,-668513.5554258638,-633412.5415818673,-35097.065376169485,-91.05383118408272,
17085,1y6r,85,0,17,0.339111328125,1,-668507.5428114419,-633412.5415818673,-35097.243628568205,51.710949245726226,
17086,1y6r,86,0,17,0.339111328125,1,-668513.4524809981,-633412.5415818673,-35097.61312068582,-76.04857756665997,
17087,1y6r,87,0,17,0.339111328125,1,-668505.3459692408,-633412.5415818673,-35097.080103989785,98.60036754000404,
17088,1y6r,88,0,17,0.339111328125,1,-668493.7916884507,-633412.5415818673,-35097.43787434943,373.29879283798755,
17089,1y6r,89,0,17,0.339111328125,1,-668504.809606479,-633412.5415818673,-35096.83670814011,105.35634502861252,
17090,1y6r,90,0,17,0.339111328125,1,-668504.4506225466,-633412.5415818673,-35096.692854433655,110.31736589415195,
17091,1y6r,91,0,17,0.339111328125,1,-668489.1298542396,-633412.5415818673,-35096.64166310379,462.4421761277561,
17092,1y6r,92,0,17,0.339111328125,1,-668494.7644214917,-633412.5415818673,-35096.727894874086,334.49452037142646,
17093,1y6r,93,0,17,0.339111328125,1,-668495.9795392625,-633412.5415818673,-35095.300431484844,273.5551511333135,
17094,1y6r,94,0,17,0.339111328125,1,-668507.8137784145,-633412.5415818673,-35096.63639871045,31.45924923520037,
17095,1y6r,95,0,17,0.339111328125,1,-668502.8280016873,-633412.5415818673,-35097.25930191659,160.7984811046781,
17096,1y6r,96,0,17,0.339111328125,1,-668489.4362568539,-633412.5415818673,-35096.4798709681,451.64534870336405,
17097,1y6r,97,0,17,0.339111328125,1,-668505.6979169362,-633412.5415818673,-35095.456616634496,53.045753065396894,
17098,1y6r,98,0,17,0.339111328125,1,-668497.5813453993,-633412.5415818673,-35096.25107846592,258.5390642778004,
17099,1y6r,99,0,17,0.339111328125,1,-668494.3060777668,-633412.5415818673,-35096.64659458847,343.1893486358004,
17100,1y6r,100,0,17,0.339111328125,1,-668499.2801491462,-633412.5415818673,-35096.808760583015,232.22417435189706,
18001,1nc1,1,0,18,0.339111328125,0,-669017.0308976175,-633412.5415818673,-35626.07180748728,497.70408300697966,
18002,1nc1,2,0,18,0.339111328125,0,-669021.2252536127,-633412.5415818673,-35625.98655952614,399.01407127401694,
18003,1nc1,3,0,18,0.339111328125,0,-669032.6356345391,-633412.5415818673,-35626.13277427227,139.25622830337053,
18004,1nc1,4,0,18,0.339111328125,0,-669040.4395501001,-633412.5415818673,-35625.7628258239,-49.237553647148204,
18005,1nc1,5,0,18,0.339111328125,0,-669030.3058299613,-633412.5415818673,-35626.49945643618,201.43868978390438,
18006,1nc1,6,0,18,0.339111328125,0,-669017.5330830421,-633412.5415818673,-35624.59703483257,452.1143466583089,
18007,1nc1,7,0,18,0.339111328125,0,-669038.2837307637,-633412.5415818673,-35624.939393354645,-18.511982568000157,
18008,1nc1,8,0,18,0.339111328125,0,-669028.5536156655,-633412.5415818673,-35625.43877520229,217.3858210343333,
18009,1nc1,9,0,18,0.339111328125,0,-669027.4957101976,-633412.5415818673,-35625.89239982367,252.24253295625195,
18010,1nc1,10,0,18,0.339111328125,0,-669036.1343019628,-633412.5415818673,-35620.15816222408,-79.20278607175139,
18011,1nc1,11,0,18,0.339111328125,0,-669025.5304439159,-633412.5415818673,-35626.17234977621,304.018449316816,
18012,1nc1,12,0,18,0.339111328125,0,-669020.8464411773,-633412.5415818673,-35623.68438420314,354.6602694094884,
18013,1nc1,13,0,18,0.339111328125,0,-669029.2801915603,-633412.5415818673,-35623.685121391296,160.19036527420604,
18014,1nc1,14,0,18,0.339111328125,0,-669037.2974764362,-633412.5415818673,-35626.218214967506,33.7219094938699,
18015,1nc1,15,0,18,0.339111328125,0,-669036.9793753293,-633412.5415818673,-35623.681349846265,-17.444004183468653,
18016,1nc1,16,0,18,0.339111328125,0,-669020.0464034345,-633412.5415818673,-35621.43423683296,321.2199469882849,
18017,1nc1,17,0,18,0.339111328125,0,-669009.3804241568,-633412.5415818673,-35626.4772312414,683.4774860472389,
18018,1nc1,18,0,18,0.339111328125,0,-668976.4568448554,-633412.5415818673,-35625.441052077644,1418.8184021140055,
18019,1nc1,19,0,18,0.339111328125,0,-669003.1492261987,-633412.5415818673,-35609.56388931082,437.14139403662153,
18020,1nc1,20,0,18,0.339111328125,0,-669020.7917793657,-633412.5415818673,-35605.27974642906,-68.50022896472763,
18021,1nc1,21,0,18,0.339111328125,0,-669028.0798437211,-633412.5415818673,-35618.615663711505,70.96657273233924,
18022,1nc1,22,0,18,0.339111328125,0,-669010.7632469843,-633412.5415818673,-35602.18394710478,91.37239329584928,
18023,1nc1,23,0,18,0.339111328125,0,-669029.760370033,-633412.5415818673,-35626.52780416435,214.67100869243612,
18024,1nc1,24,0,18,0.339111328125,0,-669012.9010638698,-633412.5415818673,-35626.640775773405,606.0610320530986,
18025,1nc1,25,0,18,0.339111328125,0,-669035.1362065248,-633412.5415818673,-35625.888661619734,75.9622969226645,
18026,1nc1,26,0,18,0.339111328125,0,-669009.3736882339,-633412.5415818673,-35609.57347044519,293.82283576079254,
18027,1nc1,27,0,18,0.339111328125,0,-669037.1055854404,-633412.5415818673,-35624.26318674154,-6.937000933557188,
18028,1nc1,28,0,18,0.339111328125,0,-669012.5764951924,-633412.5415818673,-35626.631334207246,613.328035876003,
18029,1nc1,29,0,18,0.339111328125,0,-669007.8797134568,-633412.5415818673,-35623.682008876545,653.6253378812082,
18030,1nc1,30,0,18,0.339111328125,0,-669037.1284951922,-633412.5415818673,-35626.16715383741,36.44121192271415,
18031,1nc1,31,0,18,0.339111328125,0,-669030.5752861298,-633412.5415818673,-35626.07615405194,185.46329804293075,
18032,1nc1,32,0,18,0.339111328125,0,-669022.8054769168,-633412.5415818673,-35624.07232980592,318.4300701646005,
18033,1nc1,33,0,18,0.339111328125,0,-668999.2077892395,-633412.5415818673,-35623.91595861614,858.9996702392957,
18034,1nc1,34,0,18,0.339111328125,0,-669008.0686575389,-633412.5415818673,-35626.176234228835,706.7863868775495,
18035,1nc1,35,0,18,0.339111328125,0,-669036.902281938,-633412.5415818673,-35626.2884204978,44.454289112324844,
18036,1nc1,36,0,18,0.339111328125,0,-669008.1093157723,-633412.5415818673,-35614.49262350522,436.41832181398803,
18037,1nc1,37,0,18,0.339111328125,0,-669030.1799859799,-633412.5415818673,-35623.67945852712,139.31002427206244,
18038,1nc1,38,0,18,0.339111328125,0,-669037.0013854823,-633412.5415818673,-35624.26456042386,-4.5024149479176545,
18039,1nc1,39,0,18,0.339111328125,0,-669030.8884172855,-633412.5415818673,-35625.44146299294,163.6059985264016,
18040,1nc1,40,0,18,0.339111328125,0,-669028.3353951189,-633412.5415818673,-35626.490769142154,246.67766295481874,
18041,1nc1,41,0,18,0.339111328125,0,-669008.5905772381,-633412.5415818673,-35624.2594746972,650.5491078298089,
18042,1nc1,42,0,18,0.339111328125,0,-669011.5459659626,-633412.5415818673,-35602.20766341134,73.8693758820304,
18043,1nc1,43,0,18,0.339111328125,0,-669016.6957942938,-633412.5415818673,-35624.94375093734,479.41814720543783,
18044,1nc1,44,0,18,0.339111328125,0,-669023.4327766106,-633412.5415818673,-35625.509907648644,337.11552817491685,
18045,1nc1,45,0,18,0.339111328125,0,-669016.3915948271,-633412.5415818673,-35609.58692849112,132.2964150102454,
18046,1nc1,46,0,18,0.339111328125,0,-669023.401523877,-633412.5415818673,-35624.0677941894,304.5803069277303,
18047,1nc1,47,0,18,0.339111328125,0,-669036.1417612106,-633412.5415818673,-35625.13688132112,35.43718945942602,
18048,1nc1,48,0,18,0.339111328125,0,-669011.0826689397,-633412.5415818673,-35618.62454353041,463.13550825268857,
18049,1nc1,49,0,18,0.339111328125,0,-669013.6727889532,-633412.5415818673,-35614.490237705475,308.06656457311243,
18050,1nc1,50,0,18,0.339111328125,0,-669016.2461795299,-633412.5415818673,-35626.60627685904,528.1252685094552,
18051,1nc1,51,0,18,0.339111328125,0,-669024.1958978465,-633412.5415818673,-35626.274257003446,337.14384926999577,
18052,1nc1,52,0,18,0.339111328125,0,-669011.2725604059,-633412.5415818673,-35608.49123366551,225.07683019244215,
18053,1nc1,53,0,18,0.339111328125,0,-668996.3665072722,-633412.5415818673,-35626.12676175007,975.5035203591358,
18054,1nc1,54,0,18,0.339111328125,0,-669033.3694695854,-633412.5415818673,-35625.43821037117,106.31656605567426,
18055,1nc1,55,0,18,0.339111328125,0,-669034.8384463447,-633412.5415818673,-35624.60121007148,53.13947178935508,
18056,1nc1,56,0,18,0.339111328125,0,-669023.462882643,-633412.5415818673,-35626.52454334429,359.8193215652553,
18057,1nc1,57,0,18,0.339111328125,0,-669032.49602858,-633412.5415818673,-35626.46982519663,150.24819716236019,
18058,1nc1,58,0,18,0.339111328125,0,-668974.6126686414,-633412.5415818673,-35626.64278571315,1489.058751887943,
18059,1nc1,59,0,18,0.339111328125,0,-669005.5961515255,-633412.5415818673,-35625.50394205405,748.3003042070887,
18060,1nc1,60,0,18,0.339111328125,0,-669039.178157957,-633412.5415818673,-35626.27513019823,-8.335140270204736,
18061,1nc1,61,0,18,0.339111328125,0,-669015.152223391,-633412.5415818673,-35622.89865422175,467.8526872109771,
18062,1nc1,62,0,18,0.339111328125,0,-669035.5727056348,-633412.5415818673,-35625.79102128444,63.64474869730267,
18063,1nc1,63,0,18,0.339111328125,0,-669026.5449197959,-633412.5415818673,-35623.536549953096,219.8410918685744,
18064,1nc1,64,0,18,0.339111328125,0,-669039.3240998819,-633412.5415818673,-35626.12577643145,-15.144820691982934,
18065,1nc1,65,0,18,0.339111328125,0,-669029.5093658967,-633412.5415818673,-35624.25896223639,168.13856378309484,
18066,1nc1,66,0,18,0.339111328125,0,-669038.4453066936,-633412.5415818673,-35625.50473301944,-9.200969645828051,
18067,1nc1,67,0,18,0.339111328125,0,-669017.2375348827,-633412.5415818673,-35622.89869894428,419.76529313986873,
18068,1nc1,68,0,18,0.339111328125,0,-669002.6312012145,-633412.5415818673,-35623.677016248424,774.5437727456667,
18069,1nc1,69,0,18,0.339111328125,0,-669000.553347505,-633412.5415818673,-35626.49124591791,887.3578954972098,
18070,1nc1,70,0,18,0.339111328125,0,-669027.9993191535,-633412.5415818673,-35626.28387291403,249.6566184656897,
18071,1nc1,71,0,18,0.339111328125,0,-669023.2216311886,-633412.5415818673,-35626.160762424224,356.99372496019794,
18072,1nc1,72,0,18,0.339111328125,0,-669024.6902934308,-633412.5415818673,-35624.59543818728,287.0283346410755,
18073,1nc1,73,0,18,0.339111328125,0,-669014.528948285,-633412.5415818673,-35626.17412826915,557.7599785415125,
18074,1nc1,74,0,18,0.339111328125,0,-669012.0298003987,-633412.5415818673,-35624.59519347752,578.9805966253987,
18075,1nc1,75,0,18,0.339111328125,0,-669042.6040375979,-633412.5415818673,-35626.828298014494,-74.58144870469869,
18076,1nc1,76,0,18,0.339111328125,0,-669041.5770630479,-633412.5415818673,-35626.71765730848,-53.450288267049054,
18077,1nc1,77,0,18,0.339111328125,0,-669037.5335910189,-633412.5415818673,-35626.770272154776,41.00771903991113,
18078,1nc1,78,0,18,0.339111328125,0,-669040.1946303908,-633412.5415818673,-35626.591929057606,-24.46999619922283,
18079,1nc1,79,0,18,0.339111328125,0,-669013.6208942848,-633412.5415818673,-35626.529546393635,586.8963379061778,
18080,1nc1,80,0,18,0.339111328125,0,-669042.5232566555,-633412.5415818673,-35626.99725934316,-68.82225511880138,
18081,1nc1,81,0,18,0.339111328125,0,-669019.9068795523,-633412.5415818673,-35626.91989112496,450.93963732991233,
18082,1nc1,82,0,18,0.339111328125,0,-669041.7568434443,-633412.5415818673,-35626.46338308857,-63.45982550751026,
18083,1nc1,83,0,18,0.339111328125,0,-669039.8966225104,-633412.5415818673,-35626.91516316118,-10.14381571210234,
18084,1nc1,84,0,18,0.339111328125,0,-669032.5237626568,-633412.5415818673,-35626.372062273455,147.35416759090452,
18085,1nc1,85,0,18,0.339111328125,0,-669029.8921128631,-633412.5415818673,-35626.621537977146,213.7944999296878,
18086,1nc1,86,0,18,0.339111328125,0,-669041.814292505,-633412.5415818673,-35627.02524824103,-51.82771409760441,
18087,1nc1,87,0,18,0.339111328125,0,-669015.4887318078,-633412.5415818673,-35626.49409101784,543.0053609780184,
18088,1nc1,88,0,18,0.339111328125,0,-669033.566086507,-633412.5415818673,-35627.03543088766,138.61525224539167,
18089,1nc1,89,0,18,0.339111328125,0,-669021.2840156533,-633412.5415818673,-35626.49147073842,409.30251558778923,
18090,1nc1,90,0,18,0.339111328125,0,-669033.5361104794,-633412.5415818673,-35626.07248996598,117.10057068276049,
18091,1nc1,91,0,18,0.339111328125,0,-669025.6563854958,-633412.5415818673,-35626.30148176463,304.0920218845643,
18092,1nc1,92,0,18,0.339111328125,0,-669041.9599057229,-633412.5415818673,-35626.16261795325,-75.0783616839739,
18093,1nc1,93,0,18,0.339111328125,0,-669032.2007630175,-633412.5415818673,-35624.718184078716,116.66337900693878,
18094,1nc1,94,0,18,0.339111328125,0,-669021.5737369576,-633412.5415818673,-35626.57139130828,404.4643957158484,
18095,1nc1,95,0,18,0.339111328125,0,-669039.1773763984,-633412.5415818673,-35626.363804532586,-6.272238369911112,
18096,1nc1,96,0,18,0.339111328125,0,-669043.0854578423,-633412.5415818673,-35626.446109103126,-94.49674894915465,
18097,1nc1,97,0,18,0.339111328125,0,-669036.0626568194,-633412.5415818673,-35626.44091846237,67.3331909267522,
18098,1nc1,98,0,18,0.339111328125,0,-669014.4564173114,-633412.5415818673,-35626.58770122935,568.9698015572081,
18099,1nc1,99,0,18,0.339111328125,0,-669022.3366699441,-633412.5415818673,-35626.5490910181,386.3564861811596,
18100,1nc1,100,0,18,0.339111328125,0,-669021.6059302634,-633412.5415818673,-35626.35464334477,398.72367366823863,
19001,1nvq,1,0,19,0.33349609375,1,-676996.3111120522,-633412.5415818673,-43595.137081198314,262.1419538614671,
19002,1nvq,2,0,19,0.33349609375,1,-677007.4727898648,-633412.5415818673,-43596.18344098207,28.87717863602039,
19003,1nvq,3,0,19,0.33349609375,1,-676994.3745865627,-633412.5415818673,-43596.49654291283,338.14922442726566,
19004,1nvq,4,0,19,0.33349609375,1,-677007.0626314832,-633412.5415818673,-43596.42921822688,44.00341352168354,
19005,1nvq,5,0,19,0.33349609375,1,-677010.9015031862,-633412.5415818673,-43596.252878980056,-48.58955063707245,
19006,1nvq,6,0,19,0.33349609375,1,-677008.9130374147,-633412.5415818673,-43596.31527372146,-1.2955836842438901,
19007,1nvq,7,0,19,0.33349609375,1,-677004.323503588,-633412.5415818673,-43596.48554308996,108.46808556266836,
19008,1nvq,8,0,19,0.33349609375,1,-677008.1845033517,-633412.5415818673,-43596.33346784682,15.924377419359583,
19009,1nvq,9,0,19,0.33349609375,1,-677009.8125248185,-633412.5415818673,-43595.01436905871,-52.03783018124896,
19010,1nvq,10,0,19,0.33349609375,1,-676998.3685423238,-633412.5415818673,-43596.590116660394,248.20427844700316,
19011,1nvq,11,0,19,0.33349609375,1,-676941.0016172788,-633412.5415818673,-43590.488031464185,1430.399569809823,
19012,1nvq,12,0,19,0.33349609375,1,-676955.6849673095,-633412.5415818673,-43590.565681460525,1093.5841255681921,
19013,1nvq,13,0,19,0.33349609375,1,-676972.2610790158,-633412.5415818673,-43589.48738683841,686.4638440100603,
19014,1nvq,14,0,19,0.33349609375,1,-676987.4691166916,-633412.5415818673,-43596.63466207572,500.5782462454127,
19015,1nvq,15,0,19,0.33349609375,1,-676993.4405342976,-633412.5415818673,-43593.865408877464,299.013589092375,
19016,1nvq,16,0,19,0.33349609375,1,-676986.3338611672,-633412.5415818673,-43593.872731307085,463.06622397142957,
19017,1nvq,17,0,19,0.33349609375,1,-676988.1753586376,-633412.5415818673,-43594.26494423078,429.64492836217624,
19018,1nvq,18,0,19,0.33349609375,1,-676999.7119810708,-633412.5415818673,-43596.59366500113,217.30567164574873,
19019,1nvq,19,0,19,0.33349609375,1,-676963.3041471771,-633412.5415818673,-43596.63398850035,1057.8201485423272,
19020,1nvq,20,0,19,0.33349609375,1,-677010.0169784339,-633412.5415818673,-43596.37044053639,-25.480891387127212,
19021,1nvq,21,0,19,0.33349609375,1,-676942.5305188403,-633412.5415818673,-43596.63341382834,1536.8581461683343,
19022,1nvq,22,0,19,0.33349609375,1,-677003.232550455,-633412.5415818673,-43590.48904880349,-4.656380843213854,
19023,1nvq,23,0,19,0.33349609375,1,-676996.3266535389,-633412.5415818673,-43590.49702192488,154.78124985267854,
19024,1nvq,24,0,19,0.33349609375,1,-677004.4626610129,-633412.5415818673,-43590.48851900527,-33.035621637046994,
19025,1nvq,25,0,19,0.33349609375,1,-676993.510191835,-633412.5415818673,-43593.930668705456,298.9121755045135,
19026,1nvq,26,0,19,0.33349609375,1,-677000.1598460223,-633412.5415818673,-43590.48502601686,66.10909903450406,
19027,1nvq,27,0,19,0.33349609375,1,-676994.7613371938,-633412.5415818673,-43596.588405267714,331.3489392304564,
19028,1nvq,28,0,19,0.33349609375,1,-676997.563410106,-633412.5415818673,-43596.633611168334,267.7740756467627,
19029,1nvq,29,0,19,0.33349609375,1,-677008.2662625563,-633412.5415818673,-43596.58784295473,19.90499471336964,
19030,1nvq,30,0,19,0.33349609375,1,-676997.1934008709,-633412.5415818673,-43590.48854437139,134.59808451734818,
19031,1nvq,31,0,19,0.33349609375,1,-677003.8053652559,-633412.5415818673,-43594.26887077515,69.29896141149464,
19032,1nvq,32,0,19,0.33349609375,1,-677005.2081542138,-633412.5415818673,-43593.936072989505,29.27538029706562,
19033,1nvq,33,0,19,0.33349609375,1,-677003.4583821985,-633412.5415818673,-43596.58696051376,130.75700009708703,
19034,1nvq,34,0,19,0.33349609375,1,-677007.3733519915,-633412.5415818673,-43595.20013141595,8.494613185887363,
19035,1nvq,35,0,19,0.33349609375,1,-677005.9566752304,-633412.5415818673,-43594.26861272092,19.682623974381688,
19036,1nvq,36,0,19,0.33349609375,1,-677006.554055492,-633412.5415818673,-43593.76335585108,-5.744792335932861,
19037,1nvq,37,0,19,0.33349609375,1,-676984.8526234977,-633412.5415818673,-43593.93871746376,498.74605301903506,
19038,1nvq,38,0,19,0.33349609375,1,-677005.7409058646,-633412.5415818673,-43593.94603993765,17.219678656722035,
19039,1nvq,39,0,19,0.33349609375,1,-676992.2045705806,-633412.5415818673,-43589.47442852054,226.2571769606565,
19040,1nvq,40,0,19,0.33349609375,1,-676979.5394906506,-633412.5415818673,-43589.482571303306,518.5086354961248,
19041,1nvq,41,0,19,0.33349609375,1,-676998.6012399684,-633412.5415818673,-43593.86218882274,179.93063290452008,
19042,1nvq,42,0,19,0.33349609375,1,-677003.1149488204,-633412.5415818673,-43590.49041897377,-1.9128258465154557,
19043,1nvq,43,0,19,0.33349609375,1,-676995.0882386329,-633412.5415818673,-43590.57363610118,185.10654090294815,
19044,1nvq,44,0,19,0.33349609375,1,-676997.9773905346,-633412.5415818673,-43596.59344857493,257.30128876603874,
19045,1nvq,45,0,19,0.33349609375,1,-676992.6158081476,-633412.5415818673,-43590.56854993342,242.00485255222162,
19046,1nvq,46,0,19,0.33349609375,1,-676996.8588510776,-633412.5415818673,-43596.63628102988,284.083161290165,
19047,1nvq,47,0,19,0.33349609375,1,-676977.0692978894,-633412.5415818673,-43596.63217069766,740.3463126216536,
19048,1nvq,48,0,19,0.33349609375,1,-676998.544975825,-633412.5415818673,-43596.63165853043,245.0936035349833,
19049,1nvq,49,0,19,0.33349609375,1,-676992.9129466524,-633412.5415818673,-43596.63282706442,374.9982286875379,
19050,1nvq,50,0,19,0.33349609375,1,-676981.5700129161,-633412.5415818673,-43596.58862691675,635.5532150330175,
19051,1nvq,51,0,19,0.33349609375,1,-677002.5281380306,-633412.5415818673,-43596.62860077792,153.1691875287669,
19052,1nvq,52,0,19,0.33349609375,1,-676998.94220391,-633412.5415818673,-43596.51167366279,233.16638950268484,
19053,1nvq,53,0,19,0.33349609375,1,-677001.6023142869,-633412.5415818673,-43596.594911786975,173.74230366575443,
19054,1nvq,54,0,19,0.33349609375,1,-677001.1042991693,-633412.5415818673,-43594.264200776845,131.47933237704646,
19055,1nvq,55,0,19,0.33349609375,1,-676992.7006543283,-633412.5415818673,-43593.86856995018,316.14852258132356,
19056,1nvq,56,0,19,0.33349609375,1,-677007.4187731238,-633412.5415818673,-43596.589995065704,39.49819416663994,
19057,1nvq,57,0,19,0.33349609375,1,-676993.5814119669,-633412.5415818673,-43596.59867652204,358.7955221121334,
19058,1nvq,58,0,19,0.33349609375,1,-676964.1940512318,-633412.5415818673,-43596.63519252989,1037.3262391051417,
19059,1nvq,59,0,19,0.33349609375,1,-676996.4607056871,-633412.5415818673,-43593.87491635387,229.58602992365223,
19060,1nvq,60,0,19,0.33349609375,1,-676982.7785106214,-633412.5415818673,-43596.62874650556,608.6097755936145,
19061,1nvq,61,0,19,0.33349609375,1,-676994.2397234215,-633412.5415818673,-43596.40915256564,339.2439730648363,
19062,1nvq,62,0,19,0.33349609375,1,-676980.2190241562,-633412.5415818673,-43596.58978594392,666.7344837505791,
19063,1nvq,63,0,19,0.33349609375,1,-676972.2463598633,-633412.5415818673,-43596.587652164315,850.5392838878421,
19064,1nvq,64,0,19,0.33349609375,1,-676975.236898294,-633412.5415818673,-43593.85763015662,718.6200262818536,
19065,1nvq,65,0,19,0.33349609375,1,-676995.2819460437,-633412.5415818673,-43596.59626293642,319.5246160904592,
19066,1nvq,66,0,19,0.33349609375,1,-676974.3130650275,-633412.5415818673,-43593.939840009996,741.819931767006,
19067,1nvq,67,0,19,0.33349609375,1,-676964.8451961859,-633412.5415818673,-43596.63245778794,1022.2474151007057,
19068,1nvq,68,0,19,0.33349609375,1,-676997.1413527464,-633412.5415818673,-43596.63220766068,277.4745839196264,
19069,1nvq,69,0,19,0.33349609375,1,-676969.092075853,-633412.5415818673,-43596.625224622185,924.1452426403594,
19070,1nvq,70,0,19,0.33349609375,1,-676975.8970087803,-633412.5415818673,-43589.48300175693,602.5161893863421,
19071,1nvq,71,0,19,0.33349609375,1,-676987.249504164,-633412.5415818673,-43596.6259126857,505.4408657161602,
19072,1nvq,72,0,19,0.33349609375,1,-676974.1269351728,-633412.5415818673,-43590.566156401095,668.3131959542642,
19073,1nvq,73,0,19,0.33349609375,1,-676970.3614571122,-633412.5415818673,-43596.63090269268,895.0035548131602,
19074,1nvq,74,0,19,0.33349609375,1,-677011.1170368125,-633412.5415818673,-43596.06375744637,-57.92112030807789,
19075,1nvq,75,0,19,0.33349609375,1,-677010.3770008909,-633412.5415818673,-43596.425452256386,-32.51460607589634,
19076,1nvq,76,0,19,0.33349609375,1,-676998.7090045145,-633412.5415818673,-43596.571465636465,239.92293098487588,
19077,1nvq,77,0,19,0.33349609375,1,-676987.4161721983,-633412.5415818673,-43595.7505790959,481.4117374245947,
19078,1nvq,78,0,19,0.33349609375,1,-677010.329327683,-633412.5415818673,-43596.27262843646,-34.93943679296866,
19079,1nvq,79,0,19,0.33349609375,1,-677011.277440316,-633412.5415818673,-43595.7793013555,-68.17982626360283,
19080,1nvq,80,0,19,0.33349609375,1,-677009.9884613605,-633412.5415818673,-43595.77176497471,-38.62905847523202,
19081,1nvq,81,0,19,0.33349609375,1,-677008.5439240815,-633412.5415818673,-43595.81316643323,-4.362497145996166,
19082,1nvq,82,0,19,0.33349609375,1,-676996.5679726262,-633412.5415818673,-43596.44089078169,286.2851715682027,
19083,1nvq,83,0,19,0.33349609375,1,-676995.9780758147,-633412.5415818673,-43596.54517810284,302.29343796289055,
19084,1nvq,84,0,19,0.33349609375,1,-676962.2022219065,-633412.5415818673,-43595.940140729,1067.2306392331545,
19085,1nvq,85,0,19,0.33349609375,1,-677007.887720495,-633412.5415818673,-43595.84698434525,11.549776624482709,
19086,1nvq,86,0,19,0.33349609375,1,-677003.9327826152,-633412.5415818673,-43596.66304452372,121.57160554724787,
19087,1nvq,87,0,19,0.33349609375,1,-677009.4745904951,-633412.5415818673,-43596.472697748206,-10.615021056976865,
19088,1nvq,88,0,19,0.33349609375,1,-676972.4650743308,-633412.5415818673,-43596.611408024946,846.0434316095572,
19089,1nvq,89,0,19,0.33349609375,1,-676993.7112854006,-633412.5415818673,-43596.864017306085,361.91947342625804,
19090,1nvq,90,0,19,0.33349609375,1,-677011.5784607605,-633412.5415818673,-43596.04504875463,-68.99324201308274,
19091,1nvq,91,0,19,0.33349609375,1,-677012.0937646579,-633412.5415818673,-43596.53301348966,-69.62369807289839,
19092,1nvq,92,0,19,0.33349609375,1,-676976.7523083497,-633412.5415818673,-43595.86329638396,729.925602175974,
19093,1nvq,93,0,19,0.33349609375,1,-677009.8391181766,-633412.5415818673,-43596.24645072957,-24.238609286343348,
19094,1nvq,94,0,19,0.33349609375,1,-676999.7461123778,-633412.5415818673,-43595.06419807458,181.24823979222168,
19095,1nvq,95,0,19,0.33349609375,1,-677004.619773093,-633412.5415818673,-43595.11316173383,69.98808256577821,
19096,1nvq,96,0,19,0.33349609375,1,-677010.4000171042,-633412.5415818673,-43596.708218785534,-26.524621493797124,
19097,1nvq,97,0,19,0.33349609375,1,-676992.3917286386,-633412.5415818673,-43596.50330318932,384.0309101086661,
19098,1nvq,98,0,19,0.33349609375,1,-677011.4196273644,-633412.5415818673,-43596.84662104125,-46.845760828677996,
19099,1nvq,99,0,19,0.33349609375,1,-676995.137638184,-633412.5415818673,-43595.64706815647,300.9634827678718,
19100,1nvq,100,0,19,0.33349609375,1,-676989.9547631603,-633412.5415818673,-43596.35920676957,436.90572670128824,
20001,2brb,1,0,20,0.33349609375,0,-662969.0184660198,-633412.5415818673,-29565.8865008564,216.9909160678818,
20002,2brb,2,0,20,0.33349609375,0,-662966.8452524558,-633412.5415818673,-29566.20372627285,274.4218032952967,
20003,2brb,3,0,20,0.33349609375,0,-662948.9676083055,-633412.5415818673,-29566.243828644157,687.6148539733472,
20004,2brb,4,0,20,0.33349609375,0,-662951.8632485828,-633412.5415818673,-29566.04190349322,616.1832982569222,
20005,2brb,5,0,20,0.33349609375,0,-662969.8146180236,-633412.5415818673,-29560.20977608483,67.72283158760246,
20006,2brb,6,0,20,0.33349609375,0,-662975.4110833987,-633412.5415818673,-29566.02066616064,72.6675826530276,
20007,2brb,7,0,20,0.33349609375,0,-662963.9813311399,-633412.5415818673,-29565.96070340676,334.86115735570223,
20008,2brb,8,0,20,0.33349609375,0,-662976.8742367043,-633412.5415818673,-29566.126440883807,41.3656889290599,
20009,2brb,9,0,20,0.33349609375,0,-662969.6406227067,-633412.5415818673,-29565.222887297972,187.34034982485184,
20010,2brb,10,0,20,0.33349609375,0,-662973.9415195035,-633412.5415818673,-29564.978254352187,82.5179437816826,
20011,2brb,11,0,20,0.33349609375,0,-662963.1651492019,-633412.5415818673,-29560.20486506407,220.94997456967528,
20012,2brb,12,0,20,0.33349609375,0,-662956.5601782798,-633412.5415818673,-29565.91296020676,504.8960234985322,
20013,2brb,13,0,20,0.33349609375,0,-662975.3738677183,-633412.5415818673,-29565.633892005906,64.60657273759952,
20014,2brb,14,0,20,0.33349609375,0,-662948.8189368476,-633412.5415818673,-29565.793112588577,680.6495400814015,
20015,2brb,15,0,20,0.33349609375,0,-662979.2492658254,-633412.5415818673,-29566.079601888923,-14.483916598109829,
20016,2brb,16,0,20,0.33349609375,0,-662973.6795743387,-633412.5415818673,-29565.668497331757,104.47592402780981,
20017,2brb,17,0,20,0.33349609375,0,-662961.2993088783,-633412.5415818673,-29565.463243593684,385.2383641903962,
20018,2brb,18,0,20,0.33349609375,0,-662957.0621712583,-633412.5415818673,-29565.966314230292,494.5501634187422,
20019,2brb,19,0,20,0.33349609375,0,-662974.6520394862,-633412.5415818673,-29565.184143069862,70.8808703569571,
20020,2brb,20,0,20,0.33349609375,0,-662953.5190210015,-633412.5415818673,-29563.934234206066,529.3962707909861,
20021,2brb,21,0,20,0.33349609375,0,-662972.5471684369,-633412.5415818673,-29565.203420222242,119.86489156089893,
20022,2brb,22,0,20,0.33349609375,0,-662916.1261833408,-633412.5415818673,-29565.915347982755,1437.381161194188,
20023,2brb,23,0,20,0.33349609375,0,-662974.9176908177,-633412.5415818673,-29560.609263291994,-40.74442881660931,
20024,2brb,24,0,20,0.33349609375,0,-662938.6106703068,-633412.5415818673,-29565.72209017383,914.4199431204211,
20025,2brb,25,0,20,0.33349609375,0,-662978.9503920615,-633412.5415818673,-29565.481710746,-21.379421169698762,
20026,2brb,26,0,20,0.33349609375,0,-662970.502733642,-633412.5415818673,-29565.491976101614,173.66493459386007,
20027,2brb,27,0,20,0.33349609375,0,-662975.2910317266,-633412.5415818673,-29565.898313674246,72.61452461498513,
20028,2brb,28,0,20,0.33349609375,0,-662927.4369407881,-633412.5415818673,-29564.043610770867,1133.3856125798634,
20029,2brb,29,0,20,0.33349609375,0,-662976.3691411793,-633412.5415818673,-29565.77549588264,44.920484458490876,
20030,2brb,30,0,20,0.33349609375,0,-662964.9294136025,-633412.5415818673,-29565.882364081644,311.1913086272058,
20031,2brb,31,0,20,0.33349609375,0,-662958.9534550513,-633412.5415818673,-29565.65626615909,443.7862446726573,
20032,2brb,32,0,20,0.33349609375,0,-662946.0817201554,-633412.5415818673,-29565.494511296714,736.8853471610181,
20033,2brb,33,0,20,0.33349609375,0,-662962.5670817699,-633412.5415818673,-29564.931371552957,343.737566148612,
20034,2brb,34,0,20,0.33349609375,0,-662979.8222001467,-633412.5415818673,-29564.889589905564,-55.13842418091062,
20035,2brb,35,0,20,0.33349609375,0,-662966.8122600134,-633412.5415818673,-29565.89666372157,268.1015964398426,
20036,2brb,36,0,20,0.33349609375,0,-662955.4115497331,-633412.5415818673,-29554.441824774254,266.8533597247792,
20037,2brb,37,0,20,0.33349609375,0,-662975.0312076426,-633412.5415818673,-29565.039927495556,58.81135480082474,
20038,2brb,38,0,20,0.33349609375,0,-662973.5088191923,-633412.5415818673,-29564.657468898196,85.09876169892621,
20039,2brb,39,0,20,0.33349609375,0,-662978.4018092195,-633412.5415818673,-29565.911926810004,1.1922178185579453,
20040,2brb,40,0,20,0.33349609375,0,-662977.379017267,-633412.5415818673,-29565.7961295798,22.108012993682248,
20041,2brb,41,0,20,0.33349609375,0,-662982.4200587921,-633412.5415818673,-29565.89519445834,-91.85667584173578,
20042,2brb,42,0,20,0.33349609375,0,-662963.5108372909,-633412.5415818673,-29561.45162670693,241.72922435664577,
20043,2brb,43,0,20,0.33349609375,0,-662939.8048556325,-633412.5415818673,-29549.103073139046,503.6377380713068,
20044,2brb,44,0,20,0.33349609375,0,-662968.3002024608,-633412.5415818673,-29564.163204160235,193.81430133527664,
20045,2brb,45,0,20,0.33349609375,0,-662981.0184984524,-633412.5415818673,-29565.9082250265,-59.23543454964812,
20046,2brb,46,0,20,0.33349609375,0,-662955.1071971873,-633412.5415818673,-29562.957861447343,470.2563671934378,
20047,2brb,47,0,20,0.33349609375,0,-662913.9927912873,-633412.5415818673,-29565.11228657889,1468.0593147715472,
20048,2brb,48,0,20,0.33349609375,0,-662971.6506248444,-633412.5415818673,-29565.88362443738,156.22555979726255,
20049,2brb,49,0,20,0.33349609375,0,-662981.1170250411,-633412.5415818673,-29566.00445126555,-59.288481874034865,
20050,2brb,50,0,20,0.33349609375,0,-662952.4729502745,-633412.5415818673,-29561.921433721043,507.1029529680591,
20051,2brb,51,0,20,0.33349609375,0,-662958.377199776,-633412.5415818673,-29561.847614163034,369.2454054857969,
20052,2brb,52,0,20,0.33349609375,0,-662981.8092208765,-633412.5415818673,-29565.061901753463,-96.98660515083631,
20053,2brb,53,0,20,0.33349609375,0,-662948.1034678059,-633412.5415818673,-29565.734615819852,695.799680606268,
20054,2brb,54,0,20,0.33349609375,0,-662979.9979087968,-633412.5415818673,-29565.22471721248,-51.462142618668395,
20055,2brb,55,0,20,0.33349609375,0,-662976.546952498,-633412.5415818673,-29565.414282990023,32.49029084978816,
20056,2brb,56,0,20,0.33349609375,0,-662978.3735575802,-633412.5415818673,-29566.111874183884,6.454612077683601,
20057,2brb,57,0,20,0.33349609375,0,-662974.2690877289,-633412.5415818673,-29565.05178696463,76.65974337730441,
20058,2brb,58,0,20,0.33349609375,0,-662978.2771958027,-633412.5415818673,-29565.067419446306,-15.408930975767761,
20059,2brb,59,0,20,0.33349609375,0,-662976.7573759097,-633412.5415818673,-29566.142806080916,44.43795328318817,
20060,2brb,60,0,20,0.33349609375,0,-662965.5279741964,-633412.5415818673,-29565.884922737463,297.44717742680234,
20061,2brb,61,0,20,0.33349609375,0,-662977.4477200393,-633412.5415818673,-29563.13911056266,-40.74862470374304,
20062,2brb,62,0,20,0.33349609375,0,-662960.6788452484,-633412.5415818673,-29565.147472952303,392.2647514243151,
20063,2brb,63,0,20,0.33349609375,0,-662942.2271196257,-633412.5415818673,-29565.910854577316,835.3756511819469,
20064,2brb,64,0,20,0.33349609375,0,-662961.0749414114,-633412.5415818673,-29549.113127335975,13.3697628947542,
20065,2brb,65,0,20,0.33349609375,0,-662970.2534741816,-633412.5415818673,-29565.317305563407,175.38499600100283,
20066,2brb,66,0,20,0.33349609375,0,-662966.432286209,-633412.5415818673,-29565.018181174008,256.60571172557076,
20067,2brb,67,0,20,0.33349609375,0,-662941.5813940311,-633412.5415818673,-29565.353562271233,837.414971261635,
20068,2brb,68,0,20,0.33349609375,0,-662924.4438764119,-633412.5415818673,-29565.419023749622,1234.1250935702512,
20069,2brb,69,0,20,0.33349609375,0,-662946.5721179479,-633412.5415818673,-29565.901488807773,734.9616297724973,
20070,2brb,70,0,20,0.33349609375,0,-662967.3274681094,-633412.5415818673,-29565.220872357015,240.63649641320342,
20071,2brb,71,0,20,0.33349609375,0,-662957.4546328691,-633412.5415818673,-29565.45411002221,473.6880740306864,
20072,2brb,72,0,20,0.33349609375,0,-662985.4186821294,-633412.5415818673,-29565.207247482616,-176.87100687491375,
20073,2brb,73,0,20,0.33349609375,0,-662953.0906575453,-633412.5415818673,-29565.43233718205,573.8216420961575,
20074,2brb,74,0,20,0.33349609375,0,-662966.078688498,-633412.5415818673,-29559.153929454846,129.52701139136323,
20075,2brb,75,0,20,0.33349609375,0,-662976.10258316,-633412.5415818673,-29564.87132515981,30.2167862092491,
20076,2brb,76,0,20,0.33349609375,0,-662976.1327035637,-633412.5415818673,-29566.090123556398,57.62835192125507,
20077,2brb,77,0,20,0.33349609375,0,-662964.3579319372,-633412.5415818673,-29564.878717269094,301.22534357708116,
20078,2brb,78,0,20,0.33349609375,0,-662961.1730951513,-633412.5415818673,-29566.06094195829,401.9321736026044,
20079,2brb,79,0,20,0.33349609375,0,-662950.567905264,-633412.5415818673,-29565.89809895534,642.7384133939682,
20080,2brb,80,0,20,0.33349609375,0,-662977.9985149433,-633412.5415818673,-29564.864072376615,-13.671692515707607,
20081,2brb,81,0,20,0.33349609375,0,-662956.4784232785,-633412.5415818673,-29565.899971457115,506.4818109319991,
20082,2brb,82,0,20,0.33349609375,0,-662964.3988155168,-633412.5415818673,-29566.212135077312,331.03189097791653,
20083,2brb,83,0,20,0.33349609375,0,-662972.1121244596,-633412.5415818673,-29564.32336028661,109.60257976931612,
20084,2brb,84,0,20,0.33349609375,0,-662970.8586712808,-633412.5415818673,-29565.16703657732,157.96353420791104,
20085,2brb,85,0,20,0.33349609375,0,-662975.5791179381,-633412.5415818673,-29564.933958874128,43.7325487632493,
20086,2brb,86,0,20,0.33349609375,0,-662972.9197338297,-633412.5415818673,-29564.781668787873,101.54751037636089,
20087,2brb,87,0,20,0.33349609375,0,-662978.5862121787,-633412.5415818673,-29565.472613556893,-13.191019727913389,
20088,2brb,88,0,20,0.33349609375,0,-662956.5623686784,-633412.5415818673,-29565.28332932849,490.32587872208956,
20089,2brb,89,0,20,0.33349609375,0,-662972.6456253531,-633412.5415818673,-29564.30165423993,96.7992035692745,
20090,2brb,90,0,20,0.33349609375,0,-662965.4619492365,-633412.5415818673,-29564.807720128607,274.12886688784835,
20091,2brb,91,0,20,0.33349609375,0,-662976.8262051757,-633412.5415818673,-29565.38583740779,25.394600409430975,
20092,2brb,92,0,20,0.33349609375,0,-662971.2044003173,-633412.5415818673,-29566.158613858308,172.85714854147284,
20093,2brb,93,0,20,0.33349609375,0,-662977.8875954857,-633412.5415818673,-29566.257644414105,21.022705568213393,
20094,2brb,94,0,20,0.33349609375,0,-662970.0509507842,-633412.5415818673,-29565.456707954592,183.269992003154,
20095,2brb,95,0,20,0.33349609375,0,-662971.0316652724,-633412.5415818673,-29565.923536090086,171.4194911872353,
20096,2brb,96,0,20,0.33349609375,0,-662980.0012848445,-633412.5415818673,-29565.72963788124,-39.8962488957758,
20097,2brb,97,0,20,0.33349609375,0,-662943.1726798703,-633412.5415818673,-29556.836789067896,604.317592236233,
20098,2brb,98,0,20,0.33349609375,0,-662947.0668060505,-633412.5415818673,-29565.24819076691,708.488440401679,
20099,2brb,99,0,20,0.33349609375,0,-662970.4370686519,-633412.5415818673,-29566.10792227611,189.3832614570937,
20100,2brb,100,0,20,0.33349609375,0,-662964.2144418597,-633412.5415818673,-29565.710234345297,323.70954267938015,
